date,C4,C1,C2,C3,Principal,MASI,EqualWeight,dd_C4,dd_MASI,dd_EqualWeight,dd_C1,dd_C2,dd_C3,dd_Principal
2018-08-02,99.6376308248945,99.7347674010368,99.68487682551051,99.90211705624932,99.68487682551051,100.12259388222473,99.85140108404521,0.0,0.0,0.0,0.0,0.0,0.0,0.0
2018-08-03,98.93686672509018,99.21910020108017,99.26830281055317,99.18778746572752,99.26830281055317,99.88421688900996,99.40375611006982,-0.0070331268819092685,-0.0023808511542876554,-0.004483111594985045,-0.005170385547530465,-0.0041789088598316315,-0.007150294824278869,-0.0041789088598316315
2018-08-06,98.47200604217852,99.09248782361,99.4320625447831,99.03291539786674,99.4320625447831,100.04171597381257,99.51409530434562,-0.011698640092762558,-0.0008077887844905041,-0.003378077583665373,-0.006439876425882396,-0.002536134755625419,-0.008700532921571469,-0.002536134755625419
2018-08-07,98.69155111313898,99.11207165312258,99.54713530451676,99.29611712372042,99.54713530451676,100.23241756838439,99.91549309782445,-0.00949520481291033,0.0,0.0,-0.006243517322403136,-0.001381769485805373,-0.00606593684283685,-0.001381769485805373
2018-08-08,99.50362745985362,99.3926479736989,99.91962599184215,99.9477457511,99.91962599184215,100.33287644409634,99.74311873267254,-0.001344907179461008,0.0,-0.0017252015659187103,-0.0034302925274015683,0.0,0.0,0.0
2018-08-09,98.70084382783972,98.94679985716591,99.4793719061896,98.98637483437427,99.4793719061896,100.2434850716408,99.23175114533922,-0.009401939701889517,-0.0008909479686386446,-0.0068432025032975075,-0.0079006304862822,-0.004406082201393491,-0.00961873536517599,-0.004406082201393491
2018-08-10,99.32873203536845,98.79708785021684,99.4356343835909,99.70350934090123,99.4356343835909,99.63051566051712,99.23739639805305,-0.0031002221446726486,-0.00700030546787489,-0.006786702229528041,-0.009401731966241278,-0.004843809246151243,-0.0024436410082423476,-0.004843809246151243
2018-08-13,99.32528581479464,98.65030278440898,99.14285612775925,99.73614033765664,99.14285612775925,98.91197929525545,99.17371036083911,-0.0031348096849952434,-0.014161830091979799,-0.0074241012478323265,-0.010873486196314675,-0.007773946873523396,-0.0021171604407199673,-0.007773946873523396
2018-08-15,98.76573818484825,98.19236849660848,98.57491238306218,99.04111686322528,98.57491238306218,98.84812831493007,98.55937043894106,-0.008750636007981205,-0.014798221498150244,-0.013572696454149047,-0.015465007285035193,-0.013457952783868077,-0.009071028876754261,-0.013457952783868077
2018-08-16,98.42045275689304,98.09552815421073,98.78253280648342,98.91743755529274,98.78253280648342,98.78768272022205,98.73788830904245,-0.012216047871918545,-0.015400672029324713,-0.011786007877967908,-0.01643598606125629,-0.0113800784787923,-0.010308468570897511,-0.0113800784787923
2018-08-17,98.96891096834418,99.01216314477226,99.91252748774843,99.61262889169096,99.91252748774843,99.78035262768068,99.67639856572063,-0.006711519041691649,-0.0055069069680615534,-0.0023929675437794895,-0.007245259352327227,-7.104214035291712e-05,-0.0033529206375857434,-7.104214035291712e-05
2018-08-24,99.55377805554328,99.38783416832032,100.13920259519942,100.4568757334606,100.13920259519942,99.63136700692145,99.94051327347937,-0.000841577310269348,-0.006991820249126035,0.0,-0.0034785585985421807,0.0,0.0,0.0
2018-08-27,99.04821578384238,99.08567814390054,99.59761554541498,99.8539971838215,99.59761554541498,99.34872000068108,99.55526289053942,-0.005915586673151396,-0.009808912873773834,-0.0038547969219022704,-0.006508154318205395,-0.005408341945498996,-0.006001366708225153,-0.005408341945498996
2018-08-28,98.48628842545452,98.61540113915837,99.06483156996066,99.25119164742615,99.06483156996066,99.57773218344815,99.19253729790027,-0.011555296828197115,-0.007526389030309,-0.007484211868437396,-0.01122343081603061,-0.010728775518432876,-0.01200200660463957,-0.010728775518432876
2018-08-29,98.17583460812796,98.27348968411177,98.9807618127856,98.82242050014229,98.9807618127856,99.09331607937956,98.85156317615117,-0.01467112580522456,-0.012354478498455501,-0.010895982636674795,-0.014651638089746455,-0.011568304444131372,-0.016270217656927488,-0.011568304444131372
2018-08-30,98.57808965262922,98.58115520005984,99.4469041356133,99.32162957800593,99.4469041356133,98.8464256221214,98.99572509157308,-0.010633945864563454,-0.014815191935647953,-0.00945350539996681,-0.011566800936510413,-0.006913361017908848,-0.011300830800937911,-0.006913361017908848
2018-08-31,98.84859357116945,98.8067361431985,100.08902818501517,99.76065912964708,100.08902818501517,98.30071257694046,100.052369216361,-0.007919068801542695,-0.020254217153718,0.0,-0.009304992451695915,-0.0005010466319277374,-0.006930502255124593,-0.0005010466319277374
2018-09-04,98.7264909405118,98.33924277674352,99.33847406621618,99.40666806598992,99.33847406621618,97.6400677671738,99.63027318341074,-0.00914453582285557,-0.026838746902895005,-0.004218751002662335,-0.013992358539142491,-0.007996154435342295,-0.010454313453438169,-0.007996154435342295
2018-09-05,98.04577837531276,98.32064755814643,99.30133529638248,99.1556707249342,99.30133529638248,96.98367968942885,99.53483076410043,-0.015976418110335233,-0.03338085055832718,-0.005172675632911794,-0.01417880524255044,-0.00836702587101601,-0.012952871558327805,-0.00836702587101601
2018-09-06,98.414792637489,97.89770814677424,98.8705764914571,99.01874143305218,98.8705764914571,96.20129234384181,99.54254046702066,-0.012272854917180331,-0.04117876658860242,-0.00509561895768651,-0.018419446920407312,-0.012668625981281156,-0.014315936962086884,-0.012668625981281156
2018-09-07,96.14698297652365,95.97662789554346,96.88305995104072,97.08605750463332,96.88305995104072,94.52413992729504,96.72646586557795,-0.03503342883077376,-0.057894647524012965,-0.03324162512924467,-0.03768133824769193,-0.03251616309869432,-0.033554878192419424,-0.03251616309869432
2018-09-10,97.0486928944245,96.83282504360125,97.93759708876225,98.11818620553572,97.93759708876225,94.97961025361612,97.6172521202056,-0.02598353562841993,-0.05335505549333042,-0.024338425119044493,-0.029096597235412913,-0.021985450746366486,-0.023280532177111124,-0.021985450746366486
2018-09-12,97.1633194607085,97.12426666096582,98.09936617788352,98.3888891270448,98.09936617788352,94.93363754778184,98.27713075280651,-0.02483310114563464,-0.05381325730577313,-0.017743092716930864,-0.02617443052305002,-0.020370008592555777,-0.020585814473294328,-0.020370008592555777
2018-09-13,97.59176194734152,97.33106695337462,98.40610706791604,98.5981022977532,98.40610706791604,95.44359404398057,98.25696691549263,-0.020533094380259187,-0.04873061127515854,-0.017944625548904858,-0.024100927994315513,-0.017306863669458328,-0.018503197736700838,-0.017306863669458328
2018-09-14,96.70060014017602,96.8175990273389,97.87104400068192,97.84011289186174,97.87104400068192,95.03069103787641,97.75511483546047,-0.029477122854116078,-0.05284594236839424,-0.02296051956483669,-0.029249262315596214,-0.02265005647874252,-0.02604861859870944,-0.02265005647874252
2018-09-17,96.7842237605072,96.631632253663,97.51112742572762,97.41195553920758,97.51112742572762,94.82381386162216,98.10762988132115,-0.028637845367900594,-0.054907850524386514,-0.01943721423362199,-0.03111387561466905,-0.026244219060695628,-0.030310719619949356,-0.026244219060695628
2018-09-18,96.14552659256132,96.1147257297975,96.71934088219274,96.88410911398222,96.71934088219274,95.2145818612135,97.61916646125482,-0.03504804563719788,-0.05101313511862349,-0.024319291728558956,-0.036296687359614555,-0.034151077943281205,-0.035565177529091274,-0.034151077943281205
2018-09-19,95.84380457279453,95.58247604969294,96.04188863419544,96.88294238138768,96.04188863419544,94.89277292037356,97.04538487236384,-0.03807623907444502,-0.05422054780572261,-0.03005410434104383,-0.04163333869970698,-0.040916183221139435,-0.035576791792286566,-0.040916183221139435
2018-09-20,96.0081613195064,95.58893430258895,96.29405135085496,96.67077740664251,96.29405135085496,95.34228382186426,97.22519640701958,-0.03642669416504507,-0.04974035230628271,-0.028256930160521443,-0.0415685844212913,-0.03839806134554535,-0.03768879232182809,-0.03839806134554535
2018-09-21,95.8217733563371,95.72309150591302,96.08851623549532,96.78567745793453,96.08851623549532,95.32014881535146,97.1269060314718,-0.03829735248586419,-0.049960967993755157,-0.029239319446428547,-0.04022344463884597,-0.040450555374187624,-0.036545017438794014,-0.040450555374187624
2018-09-24,96.0585586793195,95.8507759180583,96.53272816584372,97.18521560927628,96.53272816584372,94.84680021453926,97.24319719496386,-0.03592088768012702,-0.054678749618165545,-0.02807701650045258,-0.038943204904272166,-0.03601461102036563,-0.03256780683549154,-0.03601461102036563
2018-09-25,96.83109134427228,96.44021914129505,97.0061874052059,97.85117272682598,97.0061874052059,95.6819710371953,97.64914808203741,-0.028167465016851856,-0.04635475002545597,-0.02401963244994909,-0.03303309713947866,-0.031286600140589815,-0.02593852324800805,-0.031286600140589815
2018-09-26,96.85658056421302,96.07246329612845,96.6287401564524,97.76091609766098,96.6287401564524,96.45584491873896,97.50095140207499,-0.02791164580748573,-0.038641686182670054,-0.02550082356139538,-0.036720435614815417,-0.035055825768232296,-0.02683698468736717,-0.035055825768232296
2018-09-27,97.4803627137631,96.5334046907686,97.29169788858806,98.39829520408676,97.29169788858806,96.8593831143954,98.15529988251647,-0.02165113816207287,-0.03461969249567276,-0.01896076373506117,-0.03209876348731444,-0.02843546416204301,-0.020492181489257244,-0.02843546416204301
2018-09-28,97.86588798965084,96.65394165135122,97.28248083476991,98.415865914009,97.28248083476991,96.5052230101906,98.43751602755904,-0.017781864347591325,-0.038149543495231475,-0.016140079454889045,-0.03089018834623125,-0.0285275065747973,-0.020317273502183708,-0.0285275065747973
2018-10-01,96.9559512585836,95.91628809968888,96.44380631105058,97.69942315084704,96.44380631105058,95.92119937681441,97.92310112555792,-0.026914324880162543,-0.04397040355700388,-0.021281535934432383,-0.03828634087041771,-0.03690259347367719,-0.027449117469369066,-0.03690259347367719
2018-10-02,96.68019633724408,95.7231961447711,96.19763772779338,97.37357605429396,96.19763772779338,96.22853542878059,97.77585689098888,-0.029681902943355598,-0.04090723958863696,-0.022753207577216106,-0.04022239546752082,-0.03936085733915162,-0.03069276897827755,-0.03936085733915162
2018-10-03,96.72326389622437,95.79126449527824,96.20539234114486,97.3885978486682,96.20539234114486,96.30089987314938,97.64180264385752,-0.029249661042140884,-0.04018599599497685,-0.024093048384398408,-0.03953990176666888,-0.03928341900181209,-0.030543234222547233,-0.03928341900181209
2018-10-04,96.66933625247252,95.6798761301694,96.11822415856686,97.3525718560768,96.11822415856686,96.44818280109992,97.60411245976425,-0.02979089875830676,-0.038718053151410525,-0.024469752948103052,-0.04065674765713889,-0.04015388911061013,-0.030901855693983182,-0.04015388911061013
2018-10-05,96.81741381194756,95.80223839477269,96.14920994088509,97.54330950773428,96.14920994088509,95.44614808319356,97.16362070427084,-0.028304737774257793,-0.04870515561891198,-0.02887236488966405,-0.03942987093408745,-0.039844462017971094,-0.029003153885223454,-0.039844462017971094
2018-10-08,97.24101762780494,96.12242599969268,96.80963153244272,97.9297754752299,96.80963153244272,95.2699193774955,97.70616736189484,-0.024053293692836042,-0.05046159589994248,-0.023449738100579598,-0.036219479881261285,-0.03324942656290253,-0.025156070600242275,-0.03324942656290253
2018-10-09,97.02403717799837,95.84385015008895,96.5920756460047,97.66976889063776,96.5920756460047,95.55937715497058,97.61151264712169,-0.026230989489195333,-0.047576621525303064,-0.024395789808445367,-0.039012646766421466,-0.035421961202682484,-0.02774431140201694,-0.035421961202682484
2018-10-10,97.22690187639792,95.92371753235489,96.5115810203884,97.6244029189965,96.5115810203884,95.21543320761782,97.35497684066921,-0.0241949645785261,-0.05100464989987474,-0.026959805118245028,-0.03821184896694607,-0.03622578851037228,-0.02819590788369164,-0.03622578851037228
2018-10-11,97.46360778003093,96.0483188035068,96.66494602466015,97.77168704609876,96.66494602466015,95.01621814900263,97.34446523943281,-0.021819296854661774,-0.05299019108712644,-0.02706486611099046,-0.036962522634726436,-0.034694270380637326,-0.02672976506343261,-0.034694270380637326
2018-10-12,97.78145661900724,96.19866669304383,96.9694684958626,98.1156632409194,96.9694684958626,94.93789427980349,97.19491634500395,-0.018629248713765034,-0.05377083121202886,-0.028559572289366564,-0.03545504541835642,-0.031653278807802,-0.02330564707938032,-0.031653278807802
2018-10-15,97.83270724874932,96.17516380466064,96.85187433320375,98.21910956340352,96.85187433320375,94.8519082929653,96.9826669351866,-0.01811487849723359,-0.05462783830567175,-0.030680955435810175,-0.035690699333191245,-0.032827585768625434,-0.022275888571275937,-0.032827585768625434
2018-10-16,97.4966280093541,95.96671498501551,96.62625887555168,97.83782943885664,96.62625887555168,95.08432586134971,96.94526649282994,-0.021487893658401536,-0.052311373587211274,-0.03105476409870933,-0.03778073097488488,-0.03508060408517921,-0.026071349277803524,-0.03508060408517921
2018-10-17,96.9961715694282,95.6305376315056,95.94173298036698,97.29228122852544,95.94173298036698,94.95066447586856,96.90297842276588,-0.02651065901103633,-0.05364355293079481,-0.03147742345595661,-0.041151444741711396,-0.04191634750478501,-0.03150201996458357,-0.04191634750478501
2018-10-18,96.90788767496942,95.66509041005386,96.03243346814652,97.1794869667419,96.03243346814652,94.99238044968115,96.70451956666781,-0.027396708726669772,-0.053227777212096816,-0.03346097324745545,-0.040804998066708675,-0.04101060344622487,-0.03262483272339167,-0.04101060344622487
2018-10-19,96.5335044882114,95.072661152234,95.44788876396385,96.92163253445392,95.44788876396385,94.66205804479783,96.51202116915039,-0.03115415642648467,-0.05652004208668515,-0.03538494965126404,-0.04674504558732584,-0.046847924785257566,-0.035191649881553655,-0.046847924785257566
2018-10-22,97.01172152211696,95.2762990093468,95.6660572559741,97.15259047078924,95.6660572559741,95.2103251291918,96.6308328690335,-0.026354593952483407,-0.051055561212368206,-0.03419745453431999,-0.044703251512708264,-0.044669272605529664,-0.03289257443600513,-0.044669272605529664
2018-10-23,97.31714741221748,95.60185039805783,96.12230369944716,97.41231141478104,96.12230369944716,95.2273520572786,97.24516626467715,-0.023289227106926047,-0.05088585683738922,-0.028057336109786002,-0.04143907997860341,-0.04011315041113406,-0.030307177049360146,-0.04011315041113406
2018-10-24,97.3426381324794,95.60408155766044,96.0938627097758,97.3487606815432,96.0938627097758,94.83828675049591,97.23927207694189,-0.02303339283978345,-0.05476360180565454,-0.028116247135896,-0.04141670904757555,-0.040397164952235665,-0.030939794107912366,-0.040397164952235665
2018-10-25,97.31473590615084,95.71268420881177,96.12318162027852,97.27146002747644,96.12318162027852,94.49859953516486,97.4505258859724,-0.023313429870948754,-0.0581492040864815,-0.02600481478616634,-0.04032779437938738,-0.04010438340671818,-0.0317092850312799,-0.04010438340671818
2018-10-26,97.7586677357276,96.08894261775752,96.42563779827424,97.6438106806387,96.42563779827424,94.25256042431104,97.717854346997,-0.018857966348768684,-0.060601432304924874,-0.023332929421348014,-0.036555204150818366,-0.037084026042596085,-0.028002712928139828,-0.037084026042596085
2018-10-29,96.98889966400372,95.73673937738172,96.0476011353384,96.91513454865932,96.0476011353384,93.88733281684985,97.3981703601142,-0.026583642535075058,-0.06424159114821981,-0.02652809600647399,-0.04008660297545863,-0.040859137618668995,-0.035256334212488194,-0.040859137618668995
2018-10-30,96.41596745705016,95.27118054903949,95.6884416314156,96.4177568390574,95.6884416314156,92.93297349758645,96.67317581291512,-0.03233380140788544,-0.07375352136578073,-0.03377424672611651,-0.04475457223506718,-0.0444457400142827,-0.04020749067609952,-0.0444457400142827
2018-10-31,96.64283287440776,95.43521790667629,95.77510407948778,96.67675580956808,95.77510407948778,92.96447331454698,96.42703876621987,-0.030056896432532287,-0.07343956827206988,-0.03623432886732991,-0.04310983628278686,-0.0435803202203735,-0.03762928018906553,-0.0435803202203735
2018-11-02,96.0102549481206,95.45436194608536,95.78792678897288,96.09161464506666,95.78792678897288,92.67331284426321,96.02906522839832,-0.03640568173633851,-0.07634151308420734,-0.04021198118019942,-0.04291788677603059,-0.043452271372841356,-0.043454079738416085,-0.043452271372841356
2018-11-05,96.7707929604071,95.01450884403816,95.6366313844996,96.89469029567232,95.6366313844996,92.77462306637948,96.08947203623622,-0.028772641829728385,-0.07533177205308361,-0.039608229281958396,-0.047328115159865236,-0.044963122273910305,-0.03545984694208226,-0.044963122273910305
2018-11-07,97.70728744356065,95.95472771482936,97.48242883895244,97.79536295438308,97.48242883895244,92.89891964141289,96.97653827025175,-0.019373637905203522,-0.07409293011573848,-0.03074221000662003,-0.03790092246375609,-0.026530805992001638,-0.026494082755860737,-0.026530805992001638
2018-11-08,97.60662483853118,96.17903137290276,97.84921398160152,97.65565679341006,97.84921398160152,93.82263049012013,97.3043645350947,-0.020383924924235353,-0.06488646777313911,-0.027465663260045292,-0.03565192079745183,-0.02286805321243568,-0.027884790559114525,-0.02286805321243568
2018-11-09,97.49844231800552,95.63661492758388,96.9866904007618,97.29150799580049,96.9866904007618,94.297681783741,96.88993763163029,-0.021469684587828497,-0.0601517157112309,-0.031607763109457454,-0.04109051016256071,-0.03148129915894449,-0.031509717125373315,-0.03148129915894449
2018-11-12,98.42305408603468,95.61975644218744,97.53688279574294,98.596365391365,97.53688279574294,93.56296983679691,97.7410879834072,-0.012189939973526132,-0.06747445949156561,-0.023100714666293487,-0.04125954334763493,-0.025987023383599706,-0.01852048780644988,-0.025987023383599706
2018-11-13,98.23763256582134,95.86196687162976,97.64917486854551,98.50179477748232,97.64917486854551,94.11634499961691,97.59964217799217,-0.014050898716505444,-0.06195906730475498,-0.024514432367562122,-0.03883099775862897,-0.024865663617470002,-0.019461892893878674,-0.024865663617470002
2018-11-14,97.79579991642568,95.48063829797806,97.28430771744888,98.11796624746962,97.28430771744888,94.58799090762041,97.52156895928353,-0.018485294092406734,-0.05725825611784274,-0.025294755905326705,-0.042654424469179886,-0.028509263143337682,-0.023282721754126046,-0.028509263143337682
2018-11-15,97.8281883019012,96.10200931339942,98.17174433411772,98.15826926043556,98.17174433411772,94.9532185150816,98.14117118590578,-0.01816023231396635,-0.053618097274547805,-0.019101976749019367,-0.03642418970137007,-0.019647233152384036,-0.022881524596921277,-0.019647233152384036
2018-11-16,98.17017795438248,96.05385324426751,97.76488747903288,98.27848861938747,97.76488747903288,94.87063791386078,97.61293611688492,-0.014727898067859124,-0.05444116349319483,-0.024381562561510695,-0.03690703104533455,-0.02371014602307575,-0.02168479855826877,-0.02371014602307575
2018-11-19,98.1567536271143,95.4338134837106,97.09640412430495,98.26926498764158,97.09640412430495,95.43933731195887,97.11380335504903,-0.014862629565959184,-0.04877303736890337,-0.029370277628882446,-0.04312391786138059,-0.030385687044010234,-0.02177661538691844,-0.030385687044010234
2018-11-22,98.29144375270543,96.76247380390592,98.10394364888106,98.4327030208643,98.10394364888106,95.10305548224518,97.50402336938096,-0.013510829804402769,-0.05212469877473436,-0.025470119967567206,-0.029801980538834538,-0.020324297513588663,-0.02014966818166819,-0.020324297513588663
2018-11-23,97.92402835244924,96.7822806475297,97.9715127043071,98.10090502938536,97.9715127043071,94.79061135185297,97.01189132548946,-0.01719834622981742,-0.055238774055594964,-0.03038886449851652,-0.02960338536345164,-0.021646766048806554,-0.02345255799440027,-0.021646766048806554
2018-11-26,97.35818712739656,96.4247077228888,97.576448134001,97.68452994761468,97.576448134001,94.99833987451156,96.85339668686846,-0.022877337393779285,-0.05316838068085383,-0.031972981295173786,-0.033188623831027275,-0.025591919995189616,-0.02759737216197844,-0.025591919995189616
2018-11-27,97.45095261034908,96.27707897309212,96.93033854504696,97.55378531248871,96.93033854504696,95.18904146908336,96.32878989873387,-0.02194630880363202,-0.051267691681091465,-0.03721630328987979,-0.03466883733774817,-0.03204403437406922,-0.02889887227505039,-0.03204403437406922
2018-11-28,98.14349103213104,96.57372867967403,97.3314976157989,98.25163706456166,97.3314976157989,95.59768774316584,96.7264125406936,-0.01499573785921604,-0.04719478668160049,-0.03324215809897613,-0.03169445123035308,-0.028038020142324593,-0.02195209290352651,-0.028038020142324593
2018-11-29,98.22307962287248,96.11225847114224,97.33453510763285,98.3902627351605,97.33453510763285,95.37208094601614,96.66868880776619,-0.01419695741770488,-0.04944336965006946,-0.033819093291810765,-0.03632142555993878,-0.028007687447882956,-0.0205721408635422,-0.028007687447882956
2018-11-30,97.564636758959,96.31819794936402,96.93727562581526,97.82889139115328,96.93727562581526,95.60024178237884,96.37365340430848,-0.020805332772099283,-0.0471693310253537,-0.036767903057821405,-0.03425655406539074,-0.0319747599981155,-0.026160323254329376,-0.0319747599981155
2018-12-04,97.54631862303007,95.9661914379005,96.75854699802244,97.93804863368048,96.75854699802244,96.2123598470982,96.03861095053506,-0.020989180338297553,-0.04106845874486631,-0.04011657392286516,-0.03778598036913983,-0.033759561785636216,-0.025073715277222575,-0.033759561785636216
2018-12-05,97.93539561282331,95.67499362169178,96.28701256116346,98.52786555333026,96.28701256116346,96.37241297111385,96.27237810197065,-0.017084260213520497,-0.039473237620065604,-0.037780125987983415,-0.040705702586346204,-0.03846835139688465,-0.01920237082873788,-0.03846835139688465
2018-12-06,97.70146114579931,95.97057165764534,96.54002758899284,98.34969354780466,96.54002758899284,96.04634729825221,96.38887075895852,-0.01943211277773005,-0.04272307640090933,-0.036615809161702595,-0.03774206168502414,-0.03594171825749215,-0.020975987659091366,-0.03594171825749215
2018-12-07,97.6342387843143,95.53795171226186,95.96113181307216,98.05091634532236,95.96113181307216,95.38485114208123,95.66748947893798,-0.020106781182914757,-0.04931609136883519,-0.043825846122052536,-0.04207976614513387,-0.04172262883914313,-0.023950171360314965,-0.04172262883914313
2018-12-10,97.81373313426953,95.957022661835,96.26701030696329,98.1783244560246,96.26701030696329,95.68452507640839,96.04724001527228,-0.018305309706031947,-0.04632929436920841,-0.04003032844157561,-0.0378779119623488,-0.03866809588936915,-0.022681884747059233,-0.03866809588936915
2018-12-11,98.692595214697,96.39481229514584,96.8353832916161,99.12228723333048,96.8353832916161,96.0395365270175,96.61608541375655,-0.009484725824707052,-0.04279095815090095,-0.03434485189624614,-0.0334883731413429,-0.03299226694403201,-0.013285188200269582,-0.03299226694403201
2018-12-12,98.9713613922188,96.46356430712711,96.78113338838412,99.1836998772954,96.78113338838412,95.47339116813242,96.38283970399755,-0.006686925684198819,-0.04843362861894562,-0.03667608814368184,-0.032799024644596386,-0.033534011853378676,-0.01267385479460148,-0.033534011853378676
2018-12-13,98.52988197594976,96.32537556373488,96.6140652216383,98.90748151763329,96.6140652216383,95.67005218753462,96.49610160994287,-0.011117775882201753,-0.046473543087940494,-0.035544061917492265,-0.03418458704167471,-0.035202371121438425,-0.015423476038994965,-0.035202371121438425
2018-12-14,98.43866201573496,96.26515504052588,96.59905873065232,98.954981891409,96.59905873065232,94.87148926026514,96.23604650758206,-0.012033293036309067,-0.054432678274445645,-0.03814325176574507,-0.03478839376603238,-0.03535222742743127,-0.014950632608130565,-0.03535222742743127
2018-12-17,98.12109229118128,96.0850878058296,96.50053639311774,98.801805126189,96.50053639311774,95.39932403095499,96.4297161378102,-0.015220539881948936,-0.049171842650103215,-0.03620756916527279,-0.03659385478417687,-0.036336081252719254,-0.01647543381363925,-0.036336081252719254
2018-12-18,98.4935338361528,96.47313174137292,96.76180164130204,99.31590484900484,96.76180164130204,95.30397323366905,96.57271372769222,-0.011482579214999178,-0.05012218714998473,-0.034778341741654395,-0.03270309586775022,-0.033727060595340586,-0.011357817731491804,-0.033727060595340586
2018-12-19,98.40756555163668,96.41155704199222,96.71275262534743,99.14497150829813,96.71275262534743,95.38570248848555,96.58084870107074,-0.012345388615467634,-0.04930760615008645,-0.0346970345877885,-0.03332048036650892,-0.0342168689289748,-0.01305937712659233,-0.0342168689289748
2018-12-20,98.40656512433372,96.48469876067222,96.75575563751902,99.25162083127609,96.75575563751902,95.39676999174195,96.24756502254905,-0.012355429272744134,-0.049197298306350334,-0.03802812690606194,-0.03258711806381376,-0.03378743658822192,-0.011997734285330464,-0.03378743658822192
2018-12-21,97.49957648995895,95.70320358078244,95.97788539709096,98.2659380089359,95.97788539709096,95.14647414886645,95.6382740478213,-0.021458301619927234,-0.05169195261853843,-0.04411784751437842,-0.04042285278556179,-0.04155532588900357,-0.02180973386369145,-0.04155532588900357
2018-12-24,98.06255148555437,95.98764025210713,96.14849139659631,98.79120197373152,96.14849139659631,95.21287916840483,96.54359137386544,-0.01580807699159581,-0.05103010555612131,-0.03506941284826459,-0.037570921821698855,-0.03985163747244003,-0.01658098310909617,-0.03985163747244003
2018-12-25,97.98387278327124,96.2380108756214,96.52908800014634,98.49673370056504,96.52908800014634,95.57555273665301,96.85608982314776,-0.01659772545705762,-0.047415402369073156,-0.03194606402874245,-0.03506055728144264,-0.036050962075727,-0.019512273486349985,-0.036050962075727
2018-12-26,98.80477647829773,96.90431519546968,96.9957865403544,99.20066040796146,96.9957865403544,95.82074050110249,97.24255850181447,-0.00835883330124998,-0.044971659369378636,-0.028083400088911192,-0.028379794522263135,-0.03139046420762803,-0.012505020849266968,-0.03139046420762803
2018-12-27,99.51015866727136,97.21883492504206,97.28909315988284,99.64494751840893,97.28909315988284,95.80882165144175,97.6211729701562,-0.0012793575737179985,-0.045090452431863826,-0.024299237141975127,-0.025226232953229788,-0.02846147524099829,-0.008082355828046506,-0.02846147524099829
2018-12-28,97.8558951436826,96.525985896069,96.27664864078764,97.83582520471842,96.27664864078764,95.25118975660006,96.30313188828652,-0.017882156234155788,-0.05064827071241906,-0.037472749095694535,-0.03217314872821819,-0.03857184653272794,-0.026091300467043665,-0.03857184653272794
2018-12-31,99.75852274673323,98.23919021237305,98.4494235172977,99.86553660008803,98.4494235172977,96.74955942823574,98.06129338712331,0.0,-0.03571428571428592,-0.019900336642024286,-0.01499554496026445,-0.01687430131366674,-0.005886497355756415,-0.01687430131366674
2019-01-03,99.6105267393444,97.4381139853476,97.85413710916292,100.08527608044048,97.85413710916292,95.24523033176969,97.67034670485502,-0.0014835424915480289,-0.0507076672436616,-0.023807757179191924,-0.023027610887728756,-0.022818890372770406,-0.0036990962570454533,-0.022818890372770406
2019-01-04,98.9078847812684,97.01988292653304,97.620728334451,99.2993939470734,97.620728334451,94.67738228007593,97.41578488519768,-0.008526970348432639,-0.05636730814920421,-0.02635204295324345,-0.027221043827045044,-0.02514973352573069,-0.011522175838499349,-0.02514973352573069
2019-01-07,99.14159626021411,97.26541881852845,97.71757793532312,99.33576095769318,97.71757793532312,94.3419517967666,97.37072692968172,-0.006184198297376264,-0.05971048433628612,-0.026802386666929245,-0.02475915517583782,-0.024182583814506886,-0.011160159696206873,-0.024182583814506886
2019-01-08,98.95463653168396,97.73636121192854,98.32482215022875,99.04876406782778,98.32482215022875,94.36238411047071,97.76836616105558,-0.008058321163096793,-0.0595068390863116,-0.02282807566871614,-0.020037207096223586,-0.018118582912079684,-0.014017076037372789,-0.018118582912079684
2019-01-09,99.03006744810112,97.68984988621828,98.33858657717592,99.2874301622632,98.33858657717592,94.34961391440565,97.52705349696227,-0.007302186104755304,-0.059634117367545536,-0.02523993923559964,-0.020503557266001726,-0.01798112998065582,-0.011641269576213586,-0.01798112998065582
2019-01-10,99.08123237393316,97.88725814739698,98.43274693509215,99.37727453318384,98.43274693509215,94.41005950911368,97.52321004781413,-0.00678929833914621,-0.059031666836370955,-0.025278353609774262,-0.018524224819324364,-0.017040835316069036,-0.010746911969880979,-0.017040835316069036
2019-01-14,98.53756294704463,97.60727644037549,97.9910377163214,99.04343588445748,97.9910377163214,94.1248584636603,97.50582382071373,-0.012239152766810424,-0.06187421511726554,-0.02545212487812687,-0.02133148766574655,-0.021451787344080597,-0.014070115546429784,-0.021451787344080597
2019-01-15,98.60182363841766,97.8825693159612,97.95692624829424,99.1392002057049,97.95692624829424,95.22564936446992,97.27781354570148,-0.01159499034736311,-0.05090282727488715,-0.027731034181305736,-0.01857123782750547,-0.02179242784393609,-0.013116827674910625,-0.02179242784393609
2019-01-16,98.45229161045113,97.38945551873049,97.43915345611676,98.6133063698406,97.43915345611676,94.70973344344083,96.92178635064855,-0.013093930225875239,-0.05604486983674417,-0.03128944262122013,-0.023515489567201175,-0.026962958253195723,-0.018351848493790457,-0.026962958253195723
2019-01-17,98.90537339844614,97.1513600941853,97.32801832914096,98.74817113454851,97.32801832914096,95.30567592647775,96.91702910388199,-0.008552144967634123,-0.05010521671248669,-0.03133699018859726,-0.025902775673637746,-0.028072764643656378,-0.017009334467515735,-0.028072764643656378
2019-01-18,97.77443325585412,96.37205747383992,96.64138882969212,97.77706154593314,96.64138882969212,95.37378363882483,95.89485821382571,-0.019888922131659048,-0.049426399212571415,-0.04155334886218198,-0.033716526491462284,-0.03492951486389195,-0.026676264496197755,-0.03492951486389195
2019-01-21,98.54008301089225,97.26954006977722,97.42666205409544,98.46596269913783,97.42666205409544,95.28524361277361,96.60528753076618,-0.012213891127220933,-0.050308861962461315,-0.034452774208080794,-0.02471783306363795,-0.027087698631564794,-0.01981858404202419,-0.027087698631564794
2019-01-22,98.4789829306634,96.8213595735003,97.37859434190374,98.7468639436683,97.37859434190374,95.73986259269034,96.4310623262937,-0.012826370928911257,-0.04577775515052773,-0.03619411432663133,-0.029211556846787334,-0.0275677075685844,-0.01702234692555471,-0.0275677075685844
2019-01-23,99.24702264689418,97.42495926046254,97.804278075112,99.4639640073425,97.804278075112,96.07273903678667,97.14501275623691,-0.005127382460721197,-0.04246003461969261,-0.029058346972643867,-0.02315950797064026,-0.023316787627379765,-0.009883959847134527,-0.023316787627379765
2019-01-24,99.67726639657826,98.36148113094232,98.33381142555376,99.68008015397616,98.33381142555376,96.41157490571338,97.3524429629903,-0.0008145304072040283,-0.03908291755761473,-0.026985130632260934,-0.013769383594914864,-0.018028815117928754,-0.007732627297164729,-0.018028815117928754
2019-01-25,99.34655985071844,97.6248687673265,97.77865190621324,99.05215169175592,97.77865190621324,96.21831927192855,97.12144030976307,-0.004129601007231143,-0.04100906221362399,-0.029293948054941676,-0.021155096549494434,-0.023572693089323082,-0.013983353866506842,-0.023572693089323082
2019-01-28,100.74776157759406,98.87856146307344,98.9662745750354,100.30739916721704,98.9662745750354,96.50777704940361,98.1606920193617,0.0,-0.03812408783898469,-0.018906870590026603,-0.008584829145091732,-0.011712975435858475,-0.0014879675000063486,-0.011712975435858475
2019-01-29,100.88220017041598,98.89433280607118,99.04682985061626,100.30095696604218,99.04682985061626,96.92493678752948,98.24558478583656,0.0,-0.03396633065200427,-0.018058387269344056,-0.00842669629524695,-0.010908542471612659,-0.0015520965218162042,-0.010908542471612659
2019-01-30,101.41030135293722,99.30681371565746,99.90955178271894,100.99444708631124,99.90955178271894,97.29271843420368,98.48789698914509,0.0,-0.030300716152462548,-0.01563653354207717,-0.004290917766505031,-0.0022933157697372364,0.0,-0.0022933157697372364
2019-01-31,100.63555200866068,98.91805427996704,99.5860583761129,100.72796715783836,99.5860583761129,96.63377631724572,98.30551839524769,-0.007639749945917096,-0.03686827546414151,-0.017459364878564587,-0.008188850712267048,-0.005523752983359942,-0.0026385601997022112,-0.005523752983359942
2019-02-04,101.21670689401309,98.85749997768391,99.90699033533224,101.2396123941923,99.90699033533224,96.90450447382536,98.67927873557004,-0.0019090216313466524,-0.03416997590197879,-0.013723717804439817,-0.008796004103818422,-0.002318894637156954,0.0,-0.002318894637156954
2019-02-05,100.81057512432494,98.84873555463948,99.66567845164482,100.80619848162542,99.66567845164482,96.89513966337763,98.74648004943477,-0.005913859051903003,-0.03426331330821708,-0.013052056409601609,-0.008883881413535244,-0.004728659019472725,-0.004281070445818491,-0.004728659019472725
2019-02-06,100.984955033485,99.0062021798616,99.70120058057636,100.9425027435542,99.70120058057636,97.08413856514079,98.58958369502227,-0.004194310772945076,-0.03237959474595242,-0.014620198729882072,-0.007305027526114505,-0.004373931520042507,-0.002934717385930541,-0.004373931520042507
2019-02-07,100.87156686744758,98.80507427926923,99.65787508934446,101.2181771604471,99.65787508934446,96.60312784668956,98.59063937108465,-0.005312423671976818,-0.03717374333910317,-0.01460964749485738,-0.009321655286257835,-0.004806584168646433,-0.00021172773421673785,-0.004806584168646433
2019-02-08,101.13494978254944,99.41557407055822,100.4570788342178,101.46696808090212,100.4570788342178,96.84150483990433,99.71306261784659,-0.0027152228788817068,-0.034797882089400045,-0.0033912899931501927,-0.003200421866881187,0.0,0.0,0.0
2019-02-11,100.29325130727496,98.78200044635038,99.9302354659007,100.66655418497534,99.9302354659007,96.92578813393384,99.29564584517178,-0.011015153596424243,-0.033957845433255085,-0.007563272885151018,-0.009553007236236088,-0.005244462355774249,-0.007888418379551787,-0.005244462355774249
2019-02-12,100.49921102714843,98.78017092717003,100.1618808015684,100.8802706627343,100.1618808015684,97.91760669498814,99.28391778044028,-0.008984198978148505,-0.02407256559074078,-0.007680492145657913,-0.009571351081898105,-0.002938548841705413,-0.00578215185950981,-0.002938548841705413
2019-02-13,100.55641761265773,98.95822181585608,100.37557986771546,100.963930941887,100.37557986771546,97.77628319186795,99.74012070759079,-0.008420088776856516,-0.02548111190306479,-0.0031208507226349047,-0.007786107146149024,-0.0008112814691420001,-0.004957644330261579,-0.0008112814691420001
2019-02-14,100.07059614800436,98.44772574352146,99.66870964065473,100.52151143493082,99.66870964065473,97.50640638169268,99.48310636809344,-0.01321074079318929,-0.028170926246478323,-0.005689648858154817,-0.012904643897549861,-0.007847821205951067,-0.009317876190185093,-0.007847821205951067
2019-02-15,100.07721944081118,97.93126723191092,99.08527147811466,100.48438165189184,99.08527147811466,96.9223827483165,99.08097875457399,-0.013145428958804994,-0.03399178630825073,-0.009708820184821443,-0.018082963605599578,-0.01365565644574429,-0.009683805947831692,-0.01365565644574429
2019-02-18,100.2569357655969,98.12428894266372,99.25330413513517,100.65756030447,99.25330413513517,97.24163764994343,99.32458314503391,-0.011373258652750518,-0.030809829277398393,-0.0072740513495813675,-0.016147613318205245,-0.01198297534680648,-0.007977056886008138,-0.01198297534680648
2019-02-19,100.70275899012977,98.60640159170576,100.00135698901305,101.081026999053,100.00135698901305,97.76776972782459,99.79404427556035,-0.006977026528547703,-0.025565964090554005,-0.0025818972886292313,-0.011313665622679436,-0.004536483147761228,-0.003803613029428554,-0.004536483147761228
2019-02-20,100.1942712384972,98.04478708364591,99.70470432968874,100.68403083291685,99.70470432968874,97.19396225130046,99.67232745988171,-0.011991189240310951,-0.03128500152733915,-0.003798428357627892,-0.016944746164548885,-0.007489512070828597,-0.007716178602685919,-0.007489512070828597
2019-02-21,99.9296655290813,98.2708177906094,99.66214282786228,100.39738283772076,99.66214282786228,96.9070585130384,99.75134760811379,-0.014600447923952764,-0.03414452024573178,-0.0030086404810291123,-0.01467842808055908,-0.007913190544465043,-0.010541216155473987,-0.007913190544465043
2019-02-22,98.98474373510015,97.40457387534472,98.85536733035048,99.63818847034884,98.85536733035048,96.17404925890298,98.60709311016406,-0.023918256680802386,-0.04145029358856844,-0.014445196225904122,-0.023363903946577613,-0.01594423730467609,-0.018023398600962914,-0.01594423730467609
2019-02-25,99.42546453295742,97.463625338313,99.1892855275898,100.02670239511956,99.1892855275898,95.7739164488639,99.04390839347577,-0.019572339234768643,-0.045438346400569984,-0.010079329762840983,-0.022771818914375852,-0.012620248581189597,-0.014194429113464802,-0.012620248581189597
2019-02-26,99.53137765772976,97.57804020661908,99.25002134104795,100.09515122174734,99.25002134104795,96.32814295808824,99.18562629414444,-0.01852793720302892,-0.0399144689950105,-0.008662892533231714,-0.0216246275057268,-0.01201565392083348,-0.013519836899639981,-0.01201565392083348
2019-02-27,99.2700944882048,97.5931208702122,99.15436719815771,99.8009819397264,99.15436719815771,95.78328125931162,99.06430672946951,-0.02110443254954819,-0.04534500899433169,-0.009875453171476978,-0.02147341981771478,-0.012967843094561005,-0.016418999923673572,-0.012967843094561005
2019-02-28,98.91111154469638,97.02252171508768,98.75064686731028,99.51468502723752,98.75064686731028,94.81104366555712,98.44789634881407,-0.024644338641130137,-0.055035128805620226,-0.01603633057481424,-0.027194585766096013,-0.01698667716312563,-0.01924057740749674,-0.01698667716312563
2019-03-04,98.55887148323048,96.92646475687248,98.66751334963098,99.20568343401098,98.66751334963098,95.29120303760402,98.22746720656842,-0.02811775363710778,-0.05024946543121833,-0.01823946823134459,-0.028157709867332903,-0.01781422977210101,-0.02228591914846778,-0.01781422977210101
2019-03-05,98.49056331835928,96.94305327973848,98.87711952441876,99.18312711529566,98.87711952441876,95.20947378278754,98.6604327951569,-0.028791335748194036,-0.051064046431116394,-0.013912078565516794,-0.02799138348689134,-0.015727705086929777,-0.02250822123496876,-0.015727705086929777
2019-03-06,97.98289207349264,96.34347921155133,98.2103328951118,98.47928908564802,98.2103328951118,95.10816356067127,98.40252611199435,-0.03379744694295117,-0.05207378746224012,-0.01648979546700091,-0.034003069118805906,-0.02236523264640966,-0.029444843496968853,-0.02236523264640966
2019-03-07,97.96316794202428,96.47475256888984,98.53260218421536,98.49732631024445,98.53260218421536,94.89617830599099,98.34995822281427,-0.033991945245443245,-0.05418660693072608,-0.017015199208979315,-0.03268684448862591,-0.019157202979974697,-0.029267078999442475,-0.019157202979974697
2019-03-08,97.61361165484412,96.15677588948073,98.34507747543952,97.9372181776766,98.34507747543952,94.5581937834686,97.7444377095475,-0.03743889572795489,-0.05755523877405522,-0.023067234937961922,-0.0358750674894428,-0.021023917709807827,-0.03478718217352439,-0.021023917709807827
2019-03-11,97.44646075398794,96.18921534654812,98.2184343464611,97.92710500721198,98.2184343464611,94.52669396650809,97.7768591542343,-0.03908715925371309,-0.057869191867765846,-0.02274319019078863,-0.035549810230487644,-0.022284586748247848,-0.03488685175719175,-0.022284586748247848
2019-03-12,97.5357201381265,95.9595160697819,98.34796390029474,97.9627580021386,98.34796390029474,94.6509905415415,98.12537596171408,-0.03820697861182809,-0.05663034993042071,-0.01925984631588118,-0.03785291157369919,-0.020995184793335286,-0.034535476372660745,-0.020995184793335286
2019-03-13,97.6719528426872,96.34971738460229,98.38813862586488,98.2273713085076,98.38813862586488,94.62459880300702,98.2949008368444,-0.03686359729116162,-0.056893391711637764,-0.017565484888379945,-0.033940521491598985,-0.020595265484150138,-0.0319276000226153,-0.020595265484150138
2019-03-14,97.23480441430225,95.47208254291036,97.93160012108916,97.78756381498238,97.93160012108916,93.65406390206118,98.05088287684953,-0.04117428784777044,-0.06656654108542848,-0.020004387254271894,-0.04274020954985591,-0.025139878069681654,-0.036262089382488094,-0.025139878069681654
2019-03-15,96.94669214970072,95.00621082697796,97.20760716238397,97.4353141442941,97.20760716238397,93.46761903951105,97.53339063009356,-0.044015343053777634,-0.06842480399144635,-0.02517660107398556,-0.04741131600623438,-0.032346866040136035,-0.03973365926725514,-0.032346866040136035
2019-03-18,96.69501811369922,94.85347840693862,97.02033178911,97.154823447359,97.02033178911,93.53828079107114,97.14402908511029,-0.04649708339616754,-0.06772053083528429,-0.02906817853519783,-0.04894270194134365,-0.03421109875969408,-0.042498014034527354,-0.03421109875969408
2019-03-19,97.01922251854172,95.7681419090087,97.70983614013126,97.47609200964234,97.70983614013126,94.60501783570724,97.91494370635667,-0.04330012608002487,-0.0570885517428632,-0.02136306742904004,-0.03977174254669058,-0.027347427637431698,-0.039331776111391714,-0.027347427637431698
2019-03-20,97.621142121107,96.42269852880028,98.04013784776572,98.04730949547336,98.04013784776572,94.96598871114674,97.86223285373859,-0.03736463831857528,-0.053490818993313094,-0.021889900057102007,-0.033208769204008726,-0.024059439260031623,-0.03370218554970705,-0.024059439260031623
2019-03-21,97.22461622673988,96.01327572663472,97.8224545015765,97.34049431838872,97.8224545015765,94.88936753475626,97.38638347844422,-0.041274752863912134,-0.054254488680717805,-0.02664590312850712,-0.03731388533186075,-0.02622636814862156,-0.040668148862231246,-0.02622636814862156
2019-03-22,95.82184554590624,94.70977190914162,96.59739155135148,96.27887118956929,96.59739155135148,93.35183592852103,96.56833630008711,-0.05510737797318577,-0.06957879374130194,-0.03482209310545903,-0.05038358862050096,-0.038421257393278174,-0.05113089500413803,-0.038421257393278174
2019-03-25,97.43216184494308,95.97419325178652,97.90039770589406,97.74890692173372,97.90039770589406,93.88818416325425,97.99778154927549,-0.03922815981138905,-0.06423310592947029,-0.020535122588076993,-0.037705749431679036,-0.025450482514457473,-0.036643069458859756,-0.025450482514457473
2019-03-26,98.17171002513622,96.42996941895557,98.3512321949131,98.29467666582184,98.3512321949131,94.29342505171935,98.60205844841255,-0.0319355261210571,-0.060194141804975176,-0.014495516491090599,-0.03313586694189141,-0.020962650554272377,-0.03126427718379177,-0.020962650554272377
2019-03-27,98.73635235673876,96.87963331184709,98.6572027845188,98.6575633882436,98.6572027845188,94.3691948817055,98.9132079587409,-0.026367626962199298,-0.05943895733631943,-0.011385650000518166,-0.02862726974344998,-0.01791686629340772,-0.027687874643287924,-0.01791686629340772
2019-03-28,98.41786409414716,96.50010168389365,98.21180671048064,98.3994210541218,98.21180671048064,94.43900528686123,98.60077867331282,-0.029508217793136393,-0.05874316939890656,-0.014508307543514065,-0.03243267920941206,-0.022350561551192194,-0.03023197681766232,-0.022350561551192194
2019-03-29,98.02063591917212,96.14192792221402,97.94126264659177,98.06883742290668,97.94126264659177,92.90062233422165,98.00023275192845,-0.03342525747919911,-0.07407595967823977,-0.020510623391584604,-0.03602394202591219,-0.025043692458724842,-0.03349001869540469,-0.025043692458724842
2019-04-01,97.73623199448448,96.36157700918132,97.8870842744738,97.86713707728448,97.8870842744738,93.56978060803166,98.51666051328814,-0.03622974500061793,-0.06740657774157355,-0.015349048854124803,-0.03382160985338023,-0.02558301106868932,-0.0354778611375024,-0.02558301106868932
2019-04-02,97.29033523887192,96.2805898914139,97.47013326080578,97.42855403010157,97.47013326080578,94.066115561761,98.72209489765952,-0.04062670220973541,-0.06245969521094186,-0.013295780291067372,-0.0346336347858871,-0.029733549970543227,-0.03980028305941519,-0.029733549970543227
2019-04-03,97.14062109127866,96.17526426381392,97.18562704438207,97.16727848209683,97.18562704438207,93.65321255565685,98.95226047345132,-0.04210302311200953,-0.06657502630417733,-0.010995329261326403,-0.035689692070068335,-0.03256566712669928,-0.04237526438532235,-0.03256566712669928
2019-04-04,97.63320074534738,96.48285020995962,97.35117920480106,97.31014938497113,97.35117920480106,93.69748256868245,99.31827558344811,-0.03724572905512269,-0.06613379492923255,-0.007337093950523288,-0.03260565273091898,-0.03091767813139723,-0.04096721104957679,-0.03091767813139723
2019-04-05,97.76822614175737,96.33157766369362,97.36741038914904,97.36645863955896,97.36741038914904,93.03513506610712,98.47708224541773,-0.03591425291701267,-0.07273529511590748,-0.01574462437302948,-0.03412240110471054,-0.03075610480539226,-0.04041225946628979,-0.03075610480539226
2019-04-08,97.64788214336964,96.29496868044464,97.36344833956468,97.23289425897744,97.36344833956468,93.78346855552063,98.00193959319894,-0.03710095679997316,-0.06527678783558977,-0.020493563912795,-0.03448946450900736,-0.0307955450283246,-0.04172859307818033,-0.0307955450283246
2019-04-09,97.84654774558555,96.67651280502764,97.2171560086171,97.28151398618708,97.2171560086171,93.41909229446378,98.70284559489265,-0.03514192897375168,-0.06890846146013563,-0.01348817256441015,-0.03066387655682612,-0.032251812049477135,-0.041249425048138555,-0.032251812049477135
2019-04-10,97.78459075703894,96.58427276042796,96.97125630202972,97.2995565476919,96.97125630202972,93.63618562757009,99.29022197434519,-0.035752882572350875,-0.0667447306791561,-0.007617483203897879,-0.031588730015688515,-0.03469962070010679,-0.04107160795311671,-0.03469962070010679
2019-04-11,98.14866610328956,96.77098530259256,97.4854015099771,97.82583177045558,97.4854015099771,93.84136011101566,99.59913355265775,-0.03216276064791712,-0.06469979296066164,-0.004529984319743052,-0.029716639198914208,-0.02958156218283825,-0.03588494245283225,-0.02958156218283825
2019-04-12,98.18791791792778,96.9054668722949,97.77741310460388,97.75462546965517,97.77741310460388,93.7758064378816,98.99832831213097,-0.031775701206079865,-0.06535315480433002,-0.010534892001914486,-0.02836824712655317,-0.026674732738706353,-0.03658671074400299,-0.026674732738706353
2019-04-15,97.73952977632769,96.95717550603734,97.78233666539596,97.5843691649212,97.78233666539596,93.96565668604906,98.8502041212622,-0.03619722580089957,-0.06346095102331673,-0.012015358601845327,-0.027849785660307158,-0.02662572115237305,-0.038264658828528586,-0.02662572115237305
2019-04-16,98.10378808102682,97.04365736092583,98.04891373807251,97.73649115895311,98.04891373807251,94.19381752241178,98.65328938737214,-0.03260529973580084,-0.06118691239860086,-0.013983475253478317,-0.026982667230675217,-0.023972079659208778,-0.03676543206627214,-0.023972079659208778
2019-04-17,97.9466493838273,96.68880437957152,97.717059121296,97.30073084471825,97.717059121296,94.46028894696971,98.73330357499582,-0.03415483361059546,-0.058531038930182855,-0.013183752185945141,-0.030540633931769867,-0.02727552647079845,-0.04106003475793252,-0.02727552647079845
2019-04-18,98.48267601133207,97.3329609508306,98.25800708775004,98.1340022703284,98.25800708775004,94.42793778360486,99.27396068755348,-0.02886911193978381,-0.05885347724264245,-0.007780010957304073,-0.024081937651174945,-0.021890659891642184,-0.03284779148930783,-0.021890659891642184
2019-04-19,98.83081457818044,97.98973470392455,98.61141599926584,98.03883887387796,98.61141599926584,94.61778803177233,98.88265792969997,-0.025436141499860287,-0.05696127346162905,-0.011690990386559963,-0.017496734013480175,-0.018372650851193995,-0.03378566711770503,-0.018372650851193995
2019-04-22,98.4715903366426,97.5915705854084,98.90965725237352,97.70232163139907,98.90965725237352,94.91320523407778,98.43947953529451,-0.028978427014697994,-0.05401690255574709,-0.016120454654888317,-0.02148896389370958,-0.015403808271171715,-0.037102187250745544,-0.015403808271171715
2019-04-23,98.11137233546138,97.2375459192061,98.67749479872688,97.38771331367364,98.67749479872688,94.96088063272073,98.44563952024758,-0.03253051192496326,-0.053541730305806445,-0.016058887047830983,-0.0250386254152406,-0.017714869436206926,-0.04020278563932245,-0.017714869436206926
2019-04-24,97.7915304282176,97.0949872077326,98.43812824726666,96.99382968537596,98.43812824726666,94.55053166582958,98.28489179707226,-0.03568445095262318,-0.057631605742795355,-0.0176655228969802,-0.026468003707168286,-0.020097643793554498,-0.04408467583223363,-0.020097643793554498
2019-04-25,97.21965850815111,97.04050574637914,98.42901322403016,96.5519664807905,98.42901322403016,94.72676037152765,98.2557025514918,-0.04132364058559945,-0.05587516546176485,-0.017957262571003718,-0.02701426718953437,-0.020188379293155756,-0.048439425096379884,-0.020188379293155756
2019-04-26,96.757831459263,96.79066932838955,98.32860428119102,96.30619589017724,98.32860428119102,94.82721924723958,98.1764748571593,-0.04587768531997827,-0.054873909649390096,-0.018749124822272978,-0.02951927546799138,-0.02118790012338856,-0.05086159849193561,-0.02118790012338856
2019-04-29,97.25338350590675,97.17518990888604,98.39251168653448,96.74103260711752,98.39251168653448,94.87489464588253,98.77154609836178,-0.040991080704544935,-0.05439873739944945,-0.012801527120556933,-0.025663843801415953,-0.02055173385133402,-0.046576098243287345,-0.02055173385133402
2019-04-30,97.04991179768786,97.1030414712116,98.51713823451108,96.74402272805884,98.51713823451108,95.283540919965,98.68821721510037,-0.042997501211183176,-0.05032583239995847,-0.013634379794752127,-0.026387246878943893,-0.0193111388686521,-0.04654662933337639,-0.0193111388686521
2019-05-03,96.4284975227863,96.3702504634328,97.84459603969276,96.22861311539634,97.84459603969276,95.02132622742874,98.4742107048251,-0.0491252245944207,-0.052939279774631975,-0.015773324748794004,-0.03373464465079845,-0.02600596020551582,-0.05162620963828457,-0.02600596020551582
2019-05-06,96.6803290187946,96.636975724611,98.06039667932856,96.16034666935454,98.06039667932856,95.02388026664178,98.3696298511609,-0.046641931549744164,-0.05291382411838497,-0.01681858589036722,-0.03106029880201633,-0.023857772719475867,-0.05229900441409152,-0.023857772719475867
2019-05-07,96.98374104429996,96.8386109590088,98.28925430574004,96.30166990614994,98.28925430574004,95.32014881535156,98.39401687967988,-0.043650006454783674,-0.04996096799375416,-0.01657484325128744,-0.02903858421188732,-0.02157960945744064,-0.05090620398387935,-0.02157960945744064
2019-05-08,97.10616454782358,96.98453599317116,98.44680486069302,96.42762938435962,98.44680486069302,95.49297213543228,98.53244109108311,-0.042442796714842634,-0.048238468587719296,-0.015191325674568268,-0.0275754531697745,-0.02001127244444656,-0.04966481990990912,-0.02001127244444656
2019-05-09,96.843109049091,96.81306395339708,98.1989417712673,96.30900989255528,98.1989417712673,95.72283566460365,98.82368562321288,-0.04503676887766139,-0.04594745952550583,-0.012280404779732135,-0.029294733659842587,-0.022478625589711365,-0.05083386530515299,-0.022478625589711365
2019-05-10,97.37045132853817,97.1898315941127,98.41937766134728,96.61684445938944,98.41937766134728,95.67005218753467,98.8656675354913,-0.039836682965167514,-0.04647354308794005,-0.011860805397856056,-0.02551703757116941,-0.020284296502721233,-0.04780002510418524,-0.020284296502721233
2019-05-13,97.37162731365956,97.20252543025131,98.61546372414088,96.70806796221602,98.61546372414088,95.54235022688388,98.89245840138355,-0.0398250866568467,-0.04774632590028105,-0.011593036967162407,-0.025389761632503394,-0.018332357773573116,-0.04690097879825983,-0.018332357773573116
2019-05-14,97.37752650838296,97.24775580926764,98.72747174968713,96.8456181160529,98.72747174968713,95.7551868279685,98.78024642594119,-0.03976691510381225,-0.045625021213046235,-0.012714569383848184,-0.02493625499489871,-0.017217373873522734,-0.045545363700672525,-0.017217373873522734
2019-05-15,97.68779170742926,97.68085092672422,99.08847203654204,97.27877746353356,99.08847203654204,96.56481725849439,98.865975590796,-0.03670741133637456,-0.03755557818280486,-0.011857726457226159,-0.02059378617742913,-0.013623796486600392,-0.04127639463937871,-0.013623796486600392
2019-05-16,97.83779841650974,98.13101195065973,99.53510035293274,97.49269418137236,99.53510035293274,97.22546206826102,99.63924908298164,-0.03522820550541639,-0.030971048433627968,-0.004129038988432199,-0.016080204447946667,-0.009177834872210133,-0.039168154668433375,-0.009177834872210133
2019-05-17,97.84942771521489,98.20386053362073,99.60061754416274,97.83925294322576,99.60061754416274,96.6405870884805,99.52228556026948,-0.03511352979150972,-0.03680039371414934,-0.005298062007359605,-0.015349781298032772,-0.008525643986407871,-0.035752671103603806,-0.008525643986407871
2019-05-20,98.19757796451135,98.51431137442763,99.69652095947076,98.02585268877536,99.69652095947076,96.97772026459853,100.3102369368956,-0.03168044415176974,-0.033440247089569275,0.0,-0.012237016823849145,-0.007570973430375827,-0.03391365147900227,-0.007570973430375827
2019-05-21,97.33360846651196,98.18181178773426,99.14892699311466,97.34392498747278,99.14892699311466,96.4081695200961,100.00920704464653,-0.04019998789114321,-0.03911685843260981,-0.00300098874692567,-0.015570855116732285,-0.01302199761613565,-0.040634338163548334,-0.01302199761613565
2019-05-22,97.52038292458944,98.20828744908368,99.32970990928102,97.45764690242812,99.32970990928102,96.41838567694815,99.69691349082026,-0.038358217818619256,-0.03901503580762267,-0.006114265749976977,-0.015305394414919515,-0.011222394061420449,-0.03951356046508914,-0.011222394061420449
2019-05-23,97.348540764582,97.85499205590725,99.14155548647852,97.34407525952196,99.14155548647852,95.84032146840234,99.47712566152764,-0.04005274152789595,-0.04477649933815242,-0.008305346501096156,-0.01884774381205423,-0.013095377279586762,-0.04063285716877707,-0.013095377279586762
2019-05-24,96.073911497207,96.47869121113077,97.89243760894168,96.49407491414112,97.89243760894168,94.39132988821827,98.97559768643791,-0.05262177298101145,-0.059218341648847206,-0.013305115122969058,-0.03264735332277113,-0.025529721300262875,-0.04900997103605176,-0.025529721300262875
2019-05-27,96.17550058244598,96.49089749770631,97.73877438091333,96.5642194142564,97.73877438091333,94.08995326108246,98.48167762471948,-0.051620010005419714,-0.0622221090859717,-0.018229039906729083,-0.032524965845528886,-0.027059361917047497,-0.048318667240915714,-0.027059361917047497
2019-05-28,96.3486575774968,96.73990603742976,98.0010563455955,96.45582410608353,98.0010563455955,94.79231404466168,98.24609023281477,-0.049912520798300775,-0.05522180361809681,-0.020577627639134954,-0.03002825836615841,-0.02444847607678713,-0.04938694897065499,-0.02444847607678713
2019-05-29,96.21423665839583,96.56684344121558,97.9084559634926,96.14104827536052,97.9084559634926,94.27043869880221,97.84997499578556,-0.05123803622728207,-0.06042324271119659,-0.024526529058622182,-0.031763486719559864,-0.025370266588491397,-0.05248919827086107,-0.025370266588491397
2019-05-30,95.8078731680808,96.40342626805648,97.69557891921733,95.43854988114398,97.69557891921733,94.03802113041779,98.28114194229751,-0.05524515862898727,-0.06273970742965729,-0.020228194614619333,-0.0334020043340042,-0.027489351144260432,-0.05941261785758223,-0.027489351144260432
2019-05-31,95.40999953247294,96.05182081023064,97.44053504566736,95.34719760871268,97.44053504566736,93.64725313082644,97.84111647800366,-0.0591685631579133,-0.06663442283542031,-0.02461484026246752,-0.036927409435838165,-0.03002818540571517,-0.060312933242570144,-0.03002818540571517
2019-06-04,95.60314445500492,96.45911160997596,97.80053824974073,95.446092179896,97.80053824974073,93.94096764032322,98.3293318976858,-0.05726397437398112,-0.06370702236703618,-0.019747785467359336,-0.03284367003022448,-0.026444533479428656,-0.05933828530488394,-0.026444533479428656
2019-06-10,96.11343673114408,96.8757413136681,98.04610624503988,96.29251024698644,98.04610624503988,93.71110411115184,98.50789512716992,-0.05223201737029182,-0.06599803142924976,-0.017967675730439447,-0.028666293228242767,-0.0240000268488465,-0.050996476309314365,-0.0240000268488465
2019-06-11,96.1409474293945,96.75346105230096,98.13302676536524,96.37721516520638,98.13302676536524,93.88563012404123,98.5654318022375,-0.0519607362688318,-0.06425856158571719,-0.01739408845934387,-0.02989234773815541,-0.02313477652170126,-0.05016167341905353,-0.02313477652170126
2019-06-12,95.89258090904778,96.2476048757922,97.77187688105552,96.22283026906854,97.77187688105552,93.33140361481689,99.11595321317627,-0.05440986142705739,-0.06978243899127667,-0.011905900735441954,-0.034964362138857785,-0.026729843076500504,-0.05168320204120325,-0.026729843076500504
2019-06-13,96.31976763387972,96.54515877212177,98.29794345584514,96.70369936218655,98.29794345584514,93.37907901345984,99.32498017970902,-0.050197402543366576,-0.06930726674133603,-0.009822095802708652,-0.031980910088149295,-0.02149311331196313,-0.046944033204162516,-0.02149311331196313
2019-06-14,97.0922151158208,97.1241265404122,99.10797258179312,97.52285403520534,99.10797258179312,94.26703331318485,100.40689397403091,-0.042580351103466585,-0.06045718358619234,0.0,-0.026175835454923413,-0.013429678307200987,-0.03887091651888164,-0.013429678307200987
2019-06-17,97.12224322544706,97.3550201806802,99.16506438979712,97.77283515350948,99.16506438979712,96.12807655306871,100.51330232168239,-0.04228424598174174,-0.04190849540101116,0.0,-0.02386075871403559,-0.012861357899455306,-0.036407246587354614,-0.012861357899455306
2019-06-18,97.36788907536722,98.05709020798734,99.63417087402284,98.14114213723944,99.63417087402284,97.6885945122211,100.25505996211915,-0.03986194916728669,-0.026355089434205392,-0.0025692356493945967,-0.016821387734364146,-0.008191637361394721,-0.03277742507306336,-0.008191637361394721
2019-06-19,96.83921804569788,97.43635955470884,99.12943940433424,97.69888594031374,99.12943940433424,97.63155430313041,100.06208642183441,-0.04507513779424299,-0.026923599090384442,-0.0044891162604916435,-0.023045201851085606,-0.013215986820346748,-0.037136047443380726,-0.013215986820346748
2019-06-20,97.18275448329248,97.82955948725856,99.56604915137392,97.92428615082274,99.56604915137392,97.96272805441808,100.46022967131441,-0.041687548634054994,-0.02362284899704703,-0.0005280161843467246,-0.01910274584706595,-0.008869755055433415,-0.034914632782313104,-0.008869755055433415
2019-06-21,97.54972406158848,97.847969002773,99.86585094780472,98.25860555228148,99.86585094780472,97.37529903542455,100.68425938706471,-0.038068886886676534,-0.029477649933815075,0.0,-0.018918161113034238,-0.005885378046765366,-0.03161977330457466,-0.005885378046765366
2019-06-24,96.62517657344615,96.73528849148106,98.95549544533776,97.29954012304546,98.95549544533776,96.60057380747654,99.70827958048346,-0.04718578601632839,-0.03719919899535007,-0.009693469590209225,-0.030074556623717275,-0.014947511975318961,-0.041071769824972626,-0.014947511975318961
2019-06-25,96.9702424173758,97.02946135314464,99.31466689490934,97.46070204669827,99.31466689490934,96.23449485361101,99.96630745512812,-0.04378311548556324,-0.04084784305739386,-0.007130726652877728,-0.02712500483421232,-0.011372139749292853,-0.039483450722697766,-0.011372139749292853
2019-06-26,97.4654554060312,97.5190200469534,99.5738573479782,97.87116630470676,99.5738573479782,96.1323332850904,100.13399437157624,-0.03889985429761045,-0.04186606930726655,-0.005465253643800128,-0.022216398672428972,-0.008792028361656379,-0.0354381513925629,-0.008792028361656379
2019-06-27,97.51843782423798,97.53863165625484,99.57286781259248,98.09758722796995,99.57286781259248,96.453290879526,100.09153418782513,-0.03837739831927367,-0.0386671418389164,-0.00588696984859316,-0.022019761032291085,-0.008801878691739762,-0.033206677174444366,-0.008801878691739762
2019-06-28,96.89218680146978,97.4273237691877,98.91386813322116,97.5174372312096,98.91386813322116,96.09146865768216,98.73404202862977,-0.04455281654023591,-0.04227335980721558,-0.019369635038359312,-0.02313580000212767,-0.015361891057407373,-0.03892430141938863,-0.015361891057407373
2019-07-01,96.505997533657,96.64996610866694,98.18747122529732,96.72645394208494,98.18747122529732,95.94588842254028,98.6266863192116,-0.048361002322750535,-0.0437243322132842,-0.020435896140856502,-0.030930049497842282,-0.02259280914056805,-0.04671977716962472,-0.02259280914056805
2019-07-02,95.67264798528949,96.06622825134104,97.6038028464935,95.91476102939264,97.6038028464935,95.73730855347736,98.30002291567793,-0.05657860484684929,-0.0458032108067743,-0.023680329834090186,-0.03678295187619418,-0.028402936068179008,-0.054719355042545215,-0.028402936068179008
2019-07-03,94.78446587161272,95.68336820452492,97.71622432390434,95.09945836395164,97.71622432390434,96.07869846161708,98.22238916279126,-0.065336907522488,-0.04240063808844963,-0.02445139130247942,-0.040621734046073166,-0.02728383646150645,-0.0627545085596084,-0.02728383646150645
2019-07-04,94.7404321919795,96.16139517542857,97.94013057812204,95.02114604340385,97.94013057812204,95.94163169051856,98.72095823299549,-0.06577112060583135,-0.04376675830702914,-0.01949958380804717,-0.035828751785619506,-0.02505496163440535,-0.06352630968887196,-0.02505496163440535
2019-07-05,95.36444349499882,96.46604706140796,98.45300908004418,95.63897634714098,98.45300908004418,95.69984931168646,99.05986476012475,-0.05961778810711804,-0.04617656043172769,-0.016133550932675877,-0.03277413107592875,-0.019949512542375314,-0.05743733003941087,-0.019949512542375314
2019-07-08,95.55672603263446,96.66958304018353,98.29396632158245,95.79924506387668,98.29396632158245,94.93789427980353,99.09552221436591,-0.05772170324127757,-0.053770831212028525,-0.015779399703295782,-0.03073335849401515,-0.021532703695327338,-0.05585781387009048,-0.021532703695327338
2019-07-09,95.25607124711507,96.3361057475561,98.27290743345866,95.60478361902511,98.27290743345866,95.47168847532375,98.87911496927816,-0.0606864393825598,-0.048450599056443555,-0.017928764920909446,-0.03407699984715029,-0.02174233439898876,-0.057774313875259775,-0.02174233439898876
2019-07-10,95.4411997094969,96.5383041856226,98.41799502315092,95.78567879504448,98.41799502315092,96.14850886677283,99.10360677448192,-0.05886090036027136,-0.04170485015103664,-0.015699103536196524,-0.03204963824261131,-0.02029805997476719,-0.05599151520254175,-0.02029805997476719
2019-07-11,95.06559030287232,95.9863781450346,98.08261316283308,95.65589748702985,98.08261316283308,95.9620640042227,99.0348733776661,-0.06256475885998469,-0.043563113057054514,-0.016381766320173297,-0.03758357645664123,-0.023636618732496117,-0.057270565029980625,-0.023636618732496117
2019-07-12,95.34485075144852,96.18098151527838,98.208946003722,95.75981217549862,98.208946003722,96.29579179472337,99.349041523309,-0.059810990802395714,-0.040236907307470315,-0.013261436016752892,-0.03563236751200849,-0.02237903845687006,-0.056246441707542116,-0.02237903845687006
2019-07-15,95.5129290441007,96.28429569949292,98.36188532487397,95.95878102689292,98.36188532487397,96.11615770340795,99.11909357079807,-0.05815358232998402,-0.04202728846349657,-0.015545288069802599,-0.034596478153595456,-0.020856603971149523,-0.054285519299417606,-0.020856603971149523
2019-07-16,95.41498636184885,96.3281562729129,98.3244710108271,95.80682404101135,98.3244710108271,96.80404559811345,99.73488660453697,-0.05911938837675812,-0.035171231714353324,-0.009429207587235977,-0.034156706000283754,-0.021229044763586002,-0.05578311983637663,-0.021229044763586002
2019-07-17,95.50237538689532,96.43924441232114,98.5677233057676,95.83259126007006,98.5677233057676,97.99507921778296,100.12900601159467,-0.05825765121711457,-0.023300410684587103,-0.005514798230133122,-0.03304287035096054,-0.018807589772425692,-0.05552917296533022,-0.018807589772425692
2019-07-18,96.4482966372579,96.79791149892316,99.1539140083534,96.74238505113075,99.1539140083534,97.228016107474,100.45247597922662,-0.04892998688969585,-0.030945592777381514,-0.0023020818671073418,-0.029446661165854593,-0.012972354372507544,-0.04656276933399983,-0.012972354372507544
2019-07-19,96.1317421582782,96.52922139536864,99.10368396882048,96.66391188686843,99.10368396882048,97.7524454925465,100.26695472132172,-0.05205150881356824,-0.025718698028034837,-0.004144686252681495,-0.032140707691015735,-0.013472369305410514,-0.0473361556462798,-0.013472369305410514
2019-07-22,95.90630754097664,96.62804110081316,99.05383070993103,96.52561203897616,99.05383070993103,97.26888073488225,100.38913421878462,-0.05427450405462353,-0.030538302277432483,-0.002931194707859297,-0.031149882645551186,-0.013968633575365152,-0.048699159296709205,-0.013968633575365152
2019-07-23,96.08698512386424,96.65785094369129,99.26577304819058,96.85898859668949,99.26577304819058,97.66475681289963,100.69727234275862,-0.052492854848604664,-0.02659267555917566,0.0,-0.030850991459910215,-0.011858853550710924,-0.04541359194391792,-0.011858853550710924
2019-07-24,96.39371254036142,97.05224620618618,99.37689751373932,97.12976322131128,99.37689751373932,97.70477009390352,101.02056853311335,-0.049468236911323404,-0.026193870277975706,0.0,-0.02689655036807892,-0.010752665048732624,-0.04274499318963276,-0.010752665048732624
2019-07-25,96.64751707354228,97.53890106300074,99.84930766652806,97.25659915096809,99.84930766652806,98.05552481249097,101.15631091187079,-0.046965487882923096,-0.022697960153412633,0.0,-0.022017059800284233,-0.00605005814167392,-0.041494971314970264,-0.00605005814167392
2019-07-26,97.17157076881377,98.02278967995753,100.25726874948732,97.7422414127794,100.25726874948732,98.44969819769969,101.71978573373819,-0.04179783047258134,-0.01876930387265363,0.0,-0.017165305195883773,-0.001989009505842909,-0.0367087608762775,-0.001989009505842909
2019-07-29,96.90869717516618,97.75660784969983,99.95330870676834,97.71442424338034,99.95330870676834,98.53653553094222,101.58042390424151,-0.04439000888188027,-0.017903811560261773,-0.0013700562628147228,-0.019834202283570024,-0.005014779777548717,-0.03698291087725991,-0.005014779777548717
2019-07-31,97.0614711151126,97.95964300477644,100.19066472953304,97.77848497132844,100.19066472953304,98.89665505997738,101.73286706604885,-0.04288351557786463,-0.01431456402946052,0.0,-0.017798451257448944,-0.002652019228275737,-0.036351565236804606,-0.002652019228275737
2019-08-02,96.83068055614596,97.69092617662838,99.9245575871335,97.40391436926564,99.9245575871335,98.85408773976046,101.44063188799272,-0.0451593253909468,-0.014738824966907371,-0.0028725738936110634,-0.02049276573925396,-0.005300982800456433,-0.0400431173660073,-0.005300982800456433
2019-08-05,96.66506028277044,97.64628329421988,99.9445712602757,97.3562911071934,99.9445712602757,98.67700768765808,101.65705068442388,-0.046792495504494824,-0.016503750466686617,-0.0007452496308371082,-0.02094038178701574,-0.005101756689420367,-0.04051246480954451,-0.005101756689420367
2019-08-06,96.69829444738896,97.51345026375289,99.76839791983951,97.39940130822276,99.76839791983951,98.66934557001902,101.56082671919332,-0.04646477569521379,-0.0165801174354272,-0.0016910989714252755,-0.02227224462610844,-0.006855474222128177,-0.04008759549645935,-0.006855474222128177
2019-08-07,96.56992764559487,97.43900230350268,99.5159389747672,97.49962182931723,99.5159389747672,98.31433411940989,101.02915951709312,-0.047730591890230656,-0.02011845365373477,-0.00691720944519203,-0.02301870408242679,-0.0093685768128271,-0.0390998797600971,-0.0093685768128271
2019-08-08,96.4257896959457,97.40428894278529,99.37206215020574,97.29019104493923,99.37206215020574,98.35179336120078,101.20303997589866,-0.0491519262884742,-0.01974510402878149,-0.005208022789785383,-0.02336676084961009,-0.010800798675448697,-0.04116390895441602,-0.010800798675448697
2019-08-09,96.57127512489096,97.48999085561832,99.61449690654818,97.27641210566377,99.61449690654818,98.45991435455176,101.63008014656289,-0.04771730448965983,-0.018667481247666262,-0.0010103609821516812,-0.022507462582152193,-0.008387481872333846,-0.041299706244273704,-0.008387481872333846
2019-08-15,96.5793353682524,97.63791358474904,99.6565557548274,97.4417468853096,99.6565557548274,98.8370608116737,101.71158704994143,-0.04763782298478403,-0.014908529341886134,-0.00020917542895559915,-0.021024301464064643,-0.007968807063477246,-0.0396702618765854,-0.007968807063477246
2019-08-16,97.08919176925048,97.79857962696552,99.71741210300334,97.98232693708482,99.71741210300334,98.90942525604245,101.75440751409101,-0.04261016411585283,-0.014187285748226364,0.0,-0.019413368322059754,-0.0073630125402621704,-0.034342616220077726,-0.0073630125402621704
2019-08-19,97.01141674197714,97.52214435247647,99.43462620890324,97.75722250129054,99.43462620890324,98.35009066839208,101.56871660027463,-0.04337709830533576,-0.019762074466279533,-0.0018248930768985927,-0.022185072530056638,-0.010178004747698144,-0.036561115895901275,-0.010178004747698144
2019-08-22,97.00216953052434,97.60204941032356,99.5019784472233,97.83331653219382,99.5019784472233,98.43607665523028,101.77162303059468,-0.04346828442084305,-0.01890506737263653,0.0,-0.02138389697283316,-0.009507546885478169,-0.03581117695180469,-0.009507546885478169
2019-08-23,97.0424139994749,98.0120411154694,99.65849865218829,98.04554738290706,99.65849865218829,98.84216889009973,102.05138877934148,-0.04307143648317158,-0.01485761802939245,0.0,-0.017273076685888955,-0.007949466491529056,-0.03371955191631504,-0.007949466491529056
2019-08-26,97.2171204175022,98.13786366505914,99.65094897416392,98.285799360034,99.65094897416392,99.01839759579777,101.78351556152481,-0.04134866852275232,-0.01310117774836228,-0.0026248855701108686,-0.016011505090862244,-0.008024619762079799,-0.031351766796970715,-0.008024619762079799
2019-08-27,97.71183079736876,99.0627095899351,100.44018402834487,99.35052786783292,100.44018402834487,100.42567320216924,102.7155486936421,-0.036470363525463845,0.0,0.0,-0.006738450678882568,-0.00016817934653268196,-0.02085841582830883,-0.00016817934653268196
2019-08-28,97.32180079682551,98.74386973722224,100.12090297535175,98.84666230007736,100.12090297535175,100.11408041818135,102.23138348270923,-0.04031642250901657,-0.0031027203906377476,-0.004713650631190558,-0.009935328367791096,-0.0033464626163460798,-0.02582422467512313,-0.0033464626163460798
2019-08-29,97.93561957217062,99.25197259627696,100.70005821620506,99.27239753594756,100.70005821620506,100.2834983526447,103.0841764999626,-0.034263597823989356,-0.001415722145455045,0.0,-0.004840787393813328,0.0,-0.02162842338212745,0.0
2019-08-30,98.10384947260712,99.42757020186372,100.83033135712142,99.73366605155238,100.83033135712142,99.70032606567285,102.54097957177302,-0.03260469435765401,-0.007222726155254877,-0.005269450139030463,-0.0030801415311657587,0.0,-0.01708242654858616,0.0
2019-09-03,97.4509185593774,98.84628436455348,100.189138397167,99.28174948102746,100.189138397167,99.67138028792534,102.03525147238237,-0.03904320114166737,-0.007510957011215735,-0.010175422292679426,-0.008908458500842542,-0.006359127767650019,-0.021536255997442688,-0.006359127767650019
2019-09-04,98.07023113475812,99.0103278172265,100.33970992729758,99.7669930476133,100.33970992729758,99.31296345169885,102.36622349060521,-0.03293620247271223,-0.011079933198260616,-0.006964725661437021,-0.007263661436110014,-0.0048658119359556995,-0.016753974869273658,-0.0048658119359556995
2019-09-05,97.99655508958656,98.93261890229428,100.21111233634758,99.718393185412,100.21111233634758,99.28997709878172,102.50385255348964,-0.033662716881885935,-0.011308822407405938,-0.005629612285578789,-0.008042817160409665,-0.006141197915741081,-0.01723294712123402,-0.006141197915741081
2019-09-06,97.7965497595968,98.7758211738233,100.22272666622776,99.573621129927,100.22272666622776,98.6940346157448,102.18711707374727,-0.03563495567145114,-0.01724298708895322,-0.008702202963377648,-0.00961496429181563,-0.006026011049608204,-0.01865973712218838,-0.006026011049608204
2019-09-09,98.35753068766203,99.21290470344208,100.63358594315436,99.94448247456032,100.63358594315436,99.00477605332833,102.42580473801759,-0.0301031613608036,-0.014148744076432185,-0.0063867393066407985,-0.005232505285707401,-0.0019512522801321541,-0.015004741297955038,-0.0019512522801321541
2019-09-10,97.86621008993264,98.66689634294984,99.73358232972652,99.29408475253152,99.73358232972652,98.82599330841725,101.68814392158608,-0.03494803994980866,-0.01592899348089638,-0.013542646658064261,-0.010707109325206687,-0.01087717369003216,-0.021414686665695126,-0.01087717369003216
2019-09-11,97.6897742073153,98.63084129473148,99.90172751176468,99.05298377142395,99.90172751176468,98.60975132171527,101.82963036953396,-0.03668786204148444,-0.01808224752248655,-0.012170113522991466,-0.011068618647962603,-0.009209568518304456,-0.023790839079309456,-0.009209568518304456
2019-09-12,98.0212282227445,98.90625330489004,100.2734815493515,99.43887928653834,100.2734815493515,98.51184648521635,102.06366329349802,-0.033419416814449376,-0.019057146005883485,-0.009899804617102825,-0.008307174295752673,-0.005522641850671528,-0.019987675129375493,-0.005522641850671528
2019-09-13,97.98833695921913,99.00818228196982,100.50583636922306,99.4500706424921,100.50583636922306,98.77065579213526,102.28311897720968,-0.03374375529965812,-0.016480023058468518,-0.0077709067477801375,-0.0072851738466021,-0.003218227923392103,-0.019877379570481524,-0.003218227923392103
2019-09-16,97.8625464746167,98.8727567631053,100.2641892644622,99.3892409360596,100.2641892644622,99.0107354781587,102.25127871953904,-0.03498416660821568,-0.01408940242961676,-0.008079783034633414,-0.008643030513775907,-0.005614799485821886,-0.020476882123706575,-0.005614799485821886
2019-09-17,97.48915367968551,98.49644601630298,99.96440442654752,98.91247507933112,99.96440442654752,98.77576387056128,101.9257028858829,-0.038666167252624395,-0.016429158789769693,-0.011238132305205095,-0.012416145512772814,-0.008587960774491199,-0.025175611826050104,-0.008587960774491199
2019-09-18,97.61016074922966,98.4630534303073,99.92774747254867,99.04392876463938,99.92774747254867,98.36030682524411,101.59260414028182,-0.0374729248706398,-0.0205661193106198,-0.014469459914454585,-0.01275095940832649,-0.008951511637663612,-0.023880080011169702,-0.008951511637663612
2019-09-19,97.75276830522928,98.70180621227772,99.80839677133004,99.09155084479632,99.80839677133004,98.21387524369788,101.55248463830458,-0.036066681578813875,-0.022024228346657182,-0.014858651576448056,-0.01035708224600873,-0.010135190195615706,-0.023410744215909052,-0.010135190195615706
2019-09-20,97.870334623702,98.67374251544553,99.82208291366815,99.36053806175364,99.82208291366815,97.41105558440672,100.7690708943481,-0.0349073682062645,-0.03001839591051303,-0.022458399380193228,-0.010638465534539843,-0.009999455817339853,-0.020759761122151277,-0.009999455817339853
2019-09-23,98.26951690425192,99.14485199390668,100.39853322376332,99.91263153189269,100.39853322376332,97.69881066907313,101.40967125447547,-0.030971059219659258,-0.027153042107137315,-0.016244057064255024,-0.005914842160889111,-0.0042824230322991985,-0.015318645845119994,-0.0042824230322991985
2019-09-24,98.81556210761843,99.22483188351698,100.0808650290851,100.38451832739804,100.0808650290851,97.62048679987399,101.671572100678,-0.025586545062008526,-0.027932960893854886,-0.013703406742402446,-0.00511291629597288,-0.007432945205563701,-0.010668001360216173,-0.007432945205563701
2019-09-25,98.54316909634989,99.10860648431226,99.58503624255574,99.77139372895786,99.58503624255574,97.58132486527441,101.20161179260391,-0.028272593793098877,-0.028322920287213837,-0.018262402351920226,-0.006278261162496412,-0.012350401886066287,-0.016710604288405873,-0.012350401886066287
2019-09-26,99.14170179195972,99.7046387533809,100.19252709229886,100.42444304220555,100.19252709229886,97.66390546649525,101.7030422119194,-0.022370504087963594,-0.0275006146099136,-0.013398121175694722,-0.00030208771164774717,-0.006325519873217389,-0.01027452636473114,-0.006325519873217389
2019-09-27,99.54987812468332,100.3507496201424,100.70235428964511,100.93348680012492,100.70235428964511,98.16194311303325,102.8019785863425,-0.01834550537207358,-0.022541348411763473,-0.002737548314412752,0.0,-0.0012692318447614648,-0.005257684257913731,-0.0012692318447614648
2019-09-30,100.70658372524576,100.4408844975619,100.96390335761949,101.9280137784269,100.96390335761949,98.43011723039986,103.47511409747771,-0.006939311078884569,-0.019870974305067124,0.0,0.0,0.0,0.0,0.0
2019-10-02,100.86892498753454,100.49354568313066,100.777429501769,102.13600849706756,100.777429501769,97.8733366819625,103.622251433487,-0.005338475067917736,-0.025415179593255677,0.0,0.0,-0.001846935881529621,0.0,-0.001846935881529621
2019-10-03,100.52810436160256,100.13179330567394,100.3805168919154,101.79804415192318,100.3805168919154,97.66475681289957,103.34396558984469,-0.00869928379627194,-0.02749213723179733,-0.0026855799772014244,-0.0035997573276733696,-0.005778168694980934,-0.003308963705528911,-0.005778168694980934
2019-10-04,100.81084138118676,99.71031726172758,100.68552095834424,102.56628246484703,100.68552095834424,97.44936617260194,103.09403775118268,-0.005911233511319169,-0.02963691389527079,-0.005097492816428129,-0.007793818160946375,-0.0027572467982859283,0.0,-0.0027572467982859283
2019-10-07,100.62440422872837,99.611671033744,100.3440040427174,102.183742431348,100.3440040427174,97.34465056486833,102.99001367273885,-0.007749677436355351,-0.03067963140359964,-0.00610137062264049,-0.00877543570974526,-0.006139811301731912,-0.0037296860557478606,-0.006139811301731912
2019-10-08,100.19711461050404,99.51406405471428,100.01056109547248,101.66663978993192,100.01056109547248,96.98538238223749,102.9495998088844,-0.011963150944704681,-0.03425708496876112,-0.006491382066084128,-0.009746711808784392,-0.009442406943897752,-0.008771329654298943,-0.009442406943897752
2019-10-09,99.8136452134415,99.34853832961356,99.76373112929964,101.3340450187363,99.76373112929964,96.7665863563225,102.93592746527149,-0.015744516269002085,-0.036435771144700646,-0.006623326155541398,-0.011393839731035693,-0.011887141724986283,-0.012014059752366135,-0.011887141724986283
2019-10-10,99.62650901694272,99.02105869616766,99.59164525562528,101.20488438007322,99.59164525562528,96.33495372932292,102.38991221236091,-0.0175898534191945,-0.04073380184976405,-0.011892611906016093,-0.014652552827680632,-0.013591571406798675,-0.013273349214352304,-0.013591571406798675
2019-10-11,99.97548803090996,99.214535220648,99.91073272336784,101.51705267927336,99.91073272336784,96.73849192497936,102.44944742775215,-0.014148595388092766,-0.03671552462254479,-0.011318071065920088,-0.012727289636247363,-0.010431160040645926,-0.010229772985418273,-0.010431160040645926
2019-10-14,99.763892959298,99.45446809225504,99.98960168558231,101.45362120103528,99.98960168558231,96.85086965035204,103.02483577821081,-0.016235119821893074,-0.035596510711167206,-0.0057653220906868086,-0.01033974454590314,-0.009650000045918872,-0.010848216753815865,-0.009650000045918872
2019-10-15,100.2441966994621,99.81126056573208,100.38629251574712,101.90266101817056,100.38629251574712,96.83128868305225,103.30654279353868,-0.01149887770687863,-0.03579149040784668,-0.0030467263119732246,-0.006789342666343123,-0.005720963856027272,-0.0064701715878600075,-0.005720963856027272
2019-10-16,100.03953705147816,99.47637567549,100.20822038492275,101.61002027196648,100.20822038492275,96.83554541507394,103.08677455865019,-0.013517012405755535,-0.035749103517264236,-0.005167585797733021,-0.010121744642665242,-0.007484684600793101,-0.009323358221628997,-0.007484684600793101
2019-10-17,101.20381032575877,100.16378474233916,101.17060769693852,102.59255059106702,101.17060769693852,97.45702829024103,103.83235816721448,-0.0020361938030319937,-0.02956061749222194,0.0,-0.003281414130130167,0.0,0.0,0.0
2019-10-18,101.69371439076468,100.08476372317368,101.77420240488796,103.15200098539476,101.77420240488796,97.97039017205714,103.39445062870966,0.0,-0.024448758487974565,-0.004217447684272013,-0.004067743427482617,0.0,0.0,0.0
2019-10-21,101.13300981459726,99.7447943241916,101.33623807506882,102.58454814933856,101.33623807506882,97.65198661683453,103.4614342345892,-0.005513660106984397,-0.027619297903544338,-0.0035723346668861122,-0.007450740779910148,-0.004303294149894499,-0.00550113260659435,-0.004303294149894499
2019-10-22,101.26268268613336,99.99938370730172,101.48910627115168,102.75906411897132,101.48910627115168,98.05722750529964,103.49457361499105,-0.004238528479499237,-0.023584065920092212,-0.0032531723076100194,-0.004917350387726449,-0.0028012612921501923,-0.0038092995062604107,-0.0028012612921501923
2019-10-23,101.56478054839164,100.48780846122207,101.7351318545916,102.89217241985776,101.7351318545916,98.22664543976299,104.20925591937151,-0.001267864421567011,-0.02189706767490951,0.0,-5.709045162638482e-05,-0.00038389443860165073,-0.0025188902110953038,-0.00038389443860165073
2019-10-24,101.98339202837668,100.73059243737042,101.90360677370556,103.21573524799749,101.90360677370556,98.42586049837821,104.42441874745718,0.0,-0.019913361195649126,0.0,0.0,0.0,0.0,0.0
2019-10-25,102.38168569515574,100.90587338170371,102.2934450999704,103.55237778514244,102.2934450999704,98.53994091655956,104.34389270118433,0.0,-0.018777392528038783,-0.0007711419152602872,0.0,0.0,0.0,0.0
2019-10-28,102.22079957848752,100.52884748730013,102.03241566698075,103.39050923159714,102.03241566698075,98.05211942687362,104.04529815533697,-0.0015714345351498515,-0.023634930188791148,-0.003630574119230623,-0.0037364117842515476,-0.002551770866007552,-0.0015631563176767838,-0.002551770866007552
2019-10-29,101.29648181297088,100.226974680623,101.2140068045722,102.44934997303412,101.2140068045722,97.79416146635907,103.88392265878788,-0.010599589905328166,-0.026203575758089293,-0.005175954964867446,-0.0067280394919391195,-0.010552370138118605,-0.010651882995839634,-0.010552370138118605
2019-10-30,101.83994749329702,100.53343725583184,101.77224128219513,102.8899045117737,101.77224128219513,98.19599696920682,103.85921084114047,-0.005291358490343345,-0.022202253287103235,-0.005412602848033354,-0.0036909261412666483,-0.005095182953960609,-0.006397470415824613,-0.005095182953960609
2019-10-31,101.56893355987047,100.4726600687005,101.46561470939236,102.54763864958043,101.46561470939236,97.77117511344193,103.79819119096219,-0.007938452368378202,-0.026432464967234837,-0.005996945580415303,-0.004293241795395364,-0.008092702223187587,-0.00970271428867342,-0.008092702223187587
2019-11-04,101.73659201815784,100.51218816716666,101.55069153317572,102.70290056558127,101.55069153317572,98.35605009322244,104.27499320331779,-0.006300869853996027,-0.020608506201202137,-0.0014309444661670945,-0.0039015094101394476,-0.007261008425992421,-0.008203357930840705,-0.007261008425992421
2019-11-05,101.59894994973276,100.52062218769288,101.41061876123092,102.46886114164631,101.41061876123092,98.03509249878682,103.70017525702843,-0.0076452711254784145,-0.023804477751121267,-0.006935575980367981,-0.003817926361466717,-0.008630331473113428,-0.010463464641481068,-0.008630331473113428
2019-11-07,101.61631143104424,100.5394388496986,101.3499617563044,102.4032322419864,101.3499617563044,98.54760303419859,103.58571791509237,-0.007475695080762956,-0.01870109612499049,-0.008031654304853197,-0.003631448990278119,-0.009223302067341121,-0.011097239558712668,-0.009223302067341121
2019-11-08,101.88499021332908,100.8242885980479,101.75744820117971,102.7248484552745,101.75744820117971,98.57484611913743,104.03271657735831,-0.004851409492373393,-0.0184298200252625,-0.0037510591372902358,-0.0008085236361534687,-0.005239797117663425,-0.007991408286007307,-0.005239797117663425
2019-11-12,101.62154055504432,100.76570908920635,101.50889268910018,102.25054004501756,101.50889268910018,98.43352261601724,103.84017717700608,-0.007424620281939576,-0.019837064792600834,-0.005594875005855093,-0.0013890598019715705,-0.007669625459417073,-0.01257178027168071,-0.007669625459417073
2019-11-13,101.5424321179995,100.65472447406955,101.50396530123972,102.14575147914636,101.50396530123972,98.55952188385932,104.12610660115118,-0.008197301807035484,-0.01858241283135964,-0.002856727860055863,-0.0024889424095674295,-0.007717794605110129,-0.013583718076610962,-0.007717794605110129
2019-11-14,101.59909037726054,100.5915886683966,101.38307572507914,102.10831561178742,101.38307572507914,98.47608993623417,103.76600555976658,-0.007643899517589481,-0.019413195886776036,-0.006305164975664579,-0.0031146325062590963,-0.008899586615755961,-0.013945234327223832,-0.008899586615755961
2019-11-15,102.40543287827845,101.58889712248153,102.31195104893918,102.8808549088578,102.31195104893918,98.98264104681557,104.75267665719237,0.0,-0.014369155907460684,0.0,0.0,0.0,-0.006484861966935873,0.0
2019-11-19,102.30811404421992,101.43416107860894,102.15411564499944,102.71546086136614,102.15411564499944,99.1426941708312,104.86688754383418,-0.0009503288187278081,-0.012775408821559364,0.0,-0.0015231590090600822,-0.001542687851434299,-0.008082063798793615,-0.001542687851434299
2019-11-20,102.45805567396364,101.5012497901383,101.9039419802527,102.74293885112785,101.9039419802527,98.92560083772489,104.56228117256923,0.0,-0.014937140241266023,-0.0029046954515326018,-0.0008627648771257768,-0.003987892562925643,-0.007816710261294713,-0.003987892562925643
2019-11-21,103.36563542660193,102.21113877393609,102.57972107408034,103.57672885112534,102.57972107408034,99.98467576472194,105.36915867598404,0.0,-0.004391281864344676,0.0,0.0,0.0,0.0,0.0
2019-11-22,103.4423454846898,102.36783846742988,102.99472552066352,103.84682507758843,102.99472552066352,100.53634823473328,105.84994766840813,0.0,0.0,0.0,0.0,0.0,0.0,0.0
2019-11-25,103.62354035535344,102.703068919706,102.99983892225784,103.85325170936672,102.99983892225784,100.30052528073152,105.57292214026153,0.0,-0.002345648694650815,-0.0026171531894794153,0.0,0.0,0.0,0.0
2019-11-26,104.08063057198864,103.05527453592154,103.16242462289502,104.21809134760652,103.16242462289502,100.52613207788121,105.61203581837889,0.0,-0.00010161654994877978,-0.00224763313794496,0.0,0.0,0.0,0.0
2019-11-27,104.09945053983698,103.15240586995142,103.4670316197486,104.41932763591792,103.4670316197486,100.79260350243915,106.36123723282256,0.0,0.0,0.0,0.0,0.0,0.0,0.0
2019-11-28,104.16024844202668,103.266842386247,103.55099423503316,104.39702891232989,103.55099423503316,100.75088752862655,106.29813229185126,0.0,-0.000413879316170207,-0.0005933076994315556,0.0,0.0,-0.0002135497717987711,0.0
2019-11-29,104.35711663083696,103.40964747943995,103.9757618175798,104.55126977048394,103.9757618175798,100.64872596010595,106.200347376767,0.0,-0.0014274613149537485,-0.0015126737920825306,0.0,0.0,0.0,0.0
2019-12-03,104.36388410806794,103.3839793185685,103.90456251988446,104.4650677669971,103.90456251988446,99.76843377801997,105.99768766199324,0.0,-0.010161159537806719,-0.0034180645156798306,-0.0002482182416930767,-0.0006847682233889207,-0.0008244950412948926,-0.0006847682233889207
2019-12-04,104.27222871283162,104.08010276728304,104.7691048777565,104.6815957851284,104.7691048777565,99.87144669294491,106.59043656056217,-0.0008782290542330706,-0.00913913102236652,0.0,0.0,0.0,0.0,0.0
2019-12-05,104.36136104995732,104.17036244495915,104.84105645223426,104.78466589206931,104.84105645223426,99.56240794817006,106.56108705910891,-2.4175586527563908e-05,-0.012205216568687227,-0.0002753483558215475,0.0,0.0,0.0,0.0
2019-12-06,104.75875719060718,104.58271443283208,105.01087009285466,105.10279744349174,105.01087009285466,100.15324235278096,107.12397691993118,0.0,-0.006343334009054624,0.0,0.0,0.0,0.0,0.0
2019-12-09,104.6493814652991,104.50321895709314,104.90066557408714,104.92424439425912,104.90066557408714,100.06555367313408,107.12379166239894,-0.001044072383457939,-0.007213325224677658,-1.7293750433911015e-06,-0.0007601206009048012,-0.0010494582005660114,-0.0016988420249101077,-0.0010494582005660114
2019-12-10,104.72755318775846,104.57168452587185,105.09923144860676,105.03643539982625,105.09923144860676,100.56784805169376,107.14174713385916,-0.00029786534019249356,-0.002229880397324524,0.0,-0.00010546586995807683,0.0,-0.0006314013069078639,0.0
2019-12-11,105.05726428705157,105.02755303294906,105.50090665433858,105.30592829486108,105.50090665433858,101.17400669158276,107.55582278618378,0.0,0.0,0.0,0.0,0.0,0.0,0.0
2019-12-12,104.92024038197174,105.00257725398224,105.26079258554068,105.1985693480098,105.26079258554068,101.31533019470295,107.76076602335733,-0.0013042782525293228,0.0,0.0,-0.0002378021599626079,-0.0022759431782383155,-0.0010194957547942085,-0.0022759431782383155
2019-12-13,105.39611582815228,105.70545938808532,106.01405081554384,105.6399044403714,106.01405081554384,101.93681306987004,108.44475114532256,0.0,0.0,0.0,0.0,0.0,0.0,0.0
2019-12-16,105.11816902269906,105.40409154907287,105.76420228954406,105.39453501572936,105.76420228954406,101.83890823337111,108.97216132463276,-0.002637163649430896,-0.0009604463152268483,0.0,-0.002851014893242243,-0.002356749167471195,-0.002322696389606582,-0.002356749167471195
2019-12-17,105.47328620482196,105.82162188461535,106.2819212941278,105.71830135541816,106.2819212941278,102.4254859059603,109.92791049422212,0.0,0.0,0.0,0.0,0.0,0.0,0.0
2019-12-18,104.7618422980552,105.25827089956906,105.8415456894866,104.99582862115324,105.8415456894866,102.37099973608264,109.1918719333766,-0.006745252114219613,-0.0005319591056437423,-0.006695647697990248,-0.005323590538619416,-0.004143466727727807,-0.006833941947629429,-0.004143466727727807
2019-12-19,105.7775135431866,106.43788102933146,106.65458480883451,105.96438306350515,106.65458480883451,102.85201045453387,109.51694699507854,0.0,0.0,-0.003738481858664766,0.0,0.0,0.0,0.0
2019-12-20,106.6232568916589,107.05417951075644,107.10117974822997,106.8161988456946,107.10117974822997,103.57224951260422,110.17432426357065,0.0,0.0,0.0,0.0,0.0,0.0,0.0
2019-12-23,106.45520914003596,106.84267075210664,106.99048892117428,106.688717297873,106.99048892117428,103.868518061314,110.66677802836492,-0.0015760890871462374,0.0,0.0,-0.0019757169651517525,-0.0010335164123859153,-0.0011934664329870115,-0.0010335164123859153
2019-12-24,106.67438377121005,107.0685421262249,107.08934654485122,106.85191606350932,107.08934654485122,104.69006734150061,110.96256942896562,0.0,0.0,0.0,0.0,-0.0001104862094568615,0.0,-0.0001104862094568615
2019-12-25,105.91824959681266,106.51016547012232,106.33113740287936,106.22779647192984,106.33113740287936,104.50532517175917,110.25500995629467,-0.007088245065648646,-0.0017646580466780248,-0.006376559918467861,-0.005215132708581205,-0.007189858665990423,-0.005840977069690778,-0.007189858665990423
2019-12-26,105.38531206553266,106.20664483625278,105.96061246710909,105.75793662337225,105.96061246710909,103.80296438817993,109.52749761456823,-0.012084172976730034,-0.008473611449947183,-0.012932936050260357,-0.00804995821233856,-0.010649437137873585,-0.010238276302755756,-0.010649437137873585
2019-12-27,104.54450335430452,105.49878898189756,105.72279753098792,104.94007908124902,105.72279753098792,103.77316726402807,109.21002204228868,-0.019966184397873676,-0.00875823371554052,-0.015794041141043103,-0.014661198454320346,-0.012869906946704979,-0.017892397747214628,-0.012869906946704979
2019-12-30,105.06222814570414,105.8816341392634,106.26775551731497,105.42311451511848,106.26775551731497,103.813180545032,109.74373113739777,-0.015112865605707015,-0.008376026673172277,-0.010984229167008475,-0.011085496854549848,-0.007781653132805655,-0.013371791550669143,-0.007781653132805655
2019-12-31,104.56914553410569,105.50333757319945,105.59936811299906,104.83421982014217,105.59936811299906,103.62503298967319,108.5507911621747,-0.019735180674861685,-0.010173212978775381,-0.021735061464441485,-0.014618715469014276,-0.014022363140735905,-0.01888310774107127,-0.014022363140735905
2020-01-03,104.61139444453924,105.49007623382847,105.64650569650782,104.92854305837132,105.64650569650782,103.48030410093565,108.52000842743278,-0.01933912579326824,-0.011555663983085274,-0.022012476946980608,-0.014742573878848031,-0.013582241158703878,-0.018000360461433496,-0.013582241158703878
2020-01-06,104.31777337442034,105.0208050960429,105.28501473486132,104.47653189111898,105.28501473486132,103.3440886762415,108.74706002569874,-0.022091624188277925,-0.012856794340083022,-0.01996627704881304,-0.019125477843603078,-0.01695746972757939,-0.02223061841004792,-0.01695746972757939
2020-01-07,104.76653901017008,105.41801951233458,105.52204976706209,104.7835789268339,105.52204976706209,103.34323732983715,108.84036695625868,-0.017884750711396835,-0.012864926404814292,-0.01912539051346951,-0.015415570074209906,-0.014744281854598196,-0.01935704302622021,-0.014744281854598196
2020-01-08,105.14394377360252,105.67515913957446,105.7641928746415,105.10151057697428,105.7641928746415,103.9885579043257,108.95832728531532,-0.014346837014685199,-0.006700821338537999,-0.018062326367932147,-0.013013934429103924,-0.012483400059004168,-0.01638160129477373,-0.012483400059004168
2020-01-09,106.18135606942012,106.86743975777206,106.72611168041708,106.21388341703546,106.72611168041708,105.50225181123949,109.9335931681336,-0.004621800326940262,0.0,-0.009273183435885901,-0.0018782582116020352,-0.003501997538165158,-0.005971185824076741,-0.003501997538165158
2020-01-10,105.81855310953902,106.53529835256148,106.50408209245836,105.856484812477,106.50408209245836,104.811809877321,109.97456442407938,-0.008022832018477533,-0.006544333623833998,-0.008903948511382764,-0.004980396324391623,-0.005575080098792928,-0.009315988778719309,-0.005575080098792928
2020-01-13,105.58175985358136,106.38400909122716,106.43750761126462,105.68770652289852,106.43750761126462,104.41337976009059,109.5485394670142,-0.010242608197035263,-0.010320841806268355,-0.012743305866368182,-0.006393409505760617,-0.006196683720249285,-0.01089554201273124,-0.006196683720249285
2020-01-14,105.59859527467974,106.18023700080644,106.38435515838836,105.7298496705425,106.38435515838836,104.94291722358912,109.14418019055351,-0.010084787542223861,-0.005301636486879091,-0.01638741106816366,-0.008296602417274146,-0.006692966328911587,-0.010501134975435478,-0.006692966328911587
2020-01-15,105.68853743526095,106.29631611143266,106.49530030245104,105.81886652789558,106.49530030245104,105.03486263525768,109.40137486542297,-0.009241640786634253,-0.004430134598624846,-0.014069560317293117,-0.0072124454060638055,-0.0056570753674535235,-0.009668048769473914,-0.0056570753674535235
2020-01-16,105.9768096655943,106.64132747063468,106.81642576136304,106.0800936482737,106.81642576136304,105.49288700079175,109.7058998606619,-0.006539284136966472,-8.876408121116786e-05,-0.011325166448206692,-0.003990104349105406,-0.0026587380973424057,-0.007223290359874013,-0.0026587380973424057
2020-01-17,106.38961524691356,107.2970817785183,108.09258791892424,106.79001758227378,108.09258791892424,106.30592281693501,110.75662961139687,-0.002669511781827949,0.0,-0.0018559395175197224,0.0,0.0,-0.0005792921972381793,0.0
2020-01-20,106.32967139270411,107.12340902694346,108.0932947272592,106.70454791886644,108.0932947272592,106.3101795489567,110.3171221411892,-0.0032314447603958296,0.0,-0.005816801927875481,-0.0016186157973366866,0.0,-0.0013791811141251609,0.0
2020-01-21,106.42890150939525,107.2621906723391,108.08835452702472,106.82151216582812,108.08835452702472,106.59878598002746,110.37583899349528,-0.0023012297154797468,0.0,-0.00528764283748806,-0.0003251822472788435,-4.570311458218512e-05,-0.0002845423722970253,-4.570311458218512e-05
2020-01-22,107.69708052462524,108.38415049209276,108.98979451836436,107.89476798304602,108.98979451836436,107.55569933850389,111.08039793691992,0.0,0.0,0.0,0.0,0.0,0.0,0.0
2020-01-23,107.77243727427856,108.42398728899587,108.92909521155704,107.7987443087413,108.92909521155704,107.08064804488302,111.33536774218871,0.0,-0.004416793313069989,0.0,0.0,-0.0005569265184466321,-0.0008899752610784795,-0.0005569265184466321
2020-01-24,107.4676987437585,108.25582788203432,108.72567723201044,107.61088057744055,108.72567723201044,107.27390367866786,111.07576255128657,-0.0028276110128649945,-0.002619997467071866,-0.0023317405436095173,-0.0015509428417656013,-0.0024233212616013855,-0.002631150804736637,-0.0024233212616013855
2020-01-27,107.4305592855751,108.17025094940024,108.57256521710814,107.53643780720712,108.57256521710814,107.24495790092037,111.34889471302351,-0.0031722209996363215,-0.0028891210739613316,0.0,-0.0023402232839797588,-0.003828150177729972,-0.0033211079882502492,-0.003828150177729972
2020-01-28,106.96626404049978,107.65046827824438,108.14409489336998,107.0252353460354,108.14409489336998,107.07809400567004,111.0894471508571,-0.007480328497416089,-0.0044405395136775105,-0.0023300416482362474,-0.00713420553968136,-0.007759438658744178,-0.0080590806511327,-0.007759438658744178
2020-01-29,106.68517156299986,107.5159023405834,108.15654373161274,107.01578694119418,108.15654373161274,106.70094754854811,110.74234388742379,-0.01008853227019113,-0.0079470618034444,-0.005447299923029947,-0.008375314089787644,-0.007645218439339518,-0.00814665120731306,-0.007645218439339518
2020-01-30,106.67818177878068,107.50133223108496,108.07869784038928,106.99712802272192,108.07869784038928,106.14757238572811,110.62320822476255,-0.010153389151931536,-0.013092071935156602,-0.006517231178012617,-0.008509694957552605,-0.008359467801561604,-0.008319587474947321,-0.008359467801561604
2020-01-31,106.7717118162679,107.32813097930028,107.91331768335657,106.8444001013422,107.91331768335657,106.68988004529172,110.79792901895725,-0.0092855416776354,-0.008049962006078548,-0.004948102048846104,-0.010107138992911824,-0.00987685901936819,-0.009735114142595536,-0.00987685901936819
2020-02-04,106.12762479916138,107.0321221920425,107.64094898430648,106.2860206588182,107.64094898430648,104.84416104068595,110.38636814064427,-0.015261902919864068,-0.02521054964538949,-0.008644240024653471,-0.012837243231458295,-0.012375888403300062,-0.014910336750347475,-0.012375888403300062
2020-02-05,106.14618640709983,107.09033080118652,107.63957582004436,106.29303278888597,107.63957582004436,104.82628276619484,110.06313596732515,-0.015089673281118765,-0.025376773049644807,-0.01154711727504898,-0.012300382241566044,-0.012388487420191385,-0.014845346295306427,-0.012388487420191385
2020-02-06,106.11809305618615,106.8369838190346,107.38228890524944,106.16309369884684,107.38228890524944,103.70250551246806,109.892132415759,-0.015350346154667904,-0.03582510131712202,-0.01308286266351355,-0.01463701446185739,-0.014749138854868282,-0.016049659465149357,-0.014749138854868282
2020-02-07,106.6637292699728,106.95145854215195,107.66700048277474,106.5862185265416,107.66700048277474,103.5679927805826,110.0056208902503,-0.010287491239379887,-0.03707573454913815,-0.0120636475668231,-0.013581208214737628,-0.01213686145051629,-0.012128015852539198,-0.01213686145051629
2020-02-10,106.32573999494832,106.2530798767449,107.24820842737334,106.36510876051037,107.24820842737334,103.74847821830235,109.68235207633474,-0.013423629602515419,-0.035397669706179746,-0.014966853878378483,-0.020022390492470787,-0.015979350164730954,-0.014177325287691556,-0.015979350164730954
2020-02-11,105.87582790046892,105.9997366698211,106.7108388900884,105.9445897892351,106.7108388900884,102.45358033730356,109.41464609367053,-0.017598278574537662,-0.04743699341438634,-0.017371062589692232,-0.022358987893639437,-0.020909807549843284,-0.018074817067286975,-0.020909807549843284
2020-02-12,105.5053122962672,105.61982875004384,106.59503400189888,105.5879730741183,106.59503400189888,102.39398608899988,109.03198588373107,-0.021036222575551156,-0.04799107142857062,-0.02080765000194884,-0.025862898137824164,-0.02197233719953451,-0.021380044204647675,-0.02197233719953451
2020-02-13,106.04516998743944,106.12654669721024,107.08859556904852,105.87863505639066,107.08859556904852,103.90172057108329,109.38457921174778,-0.016026985475361077,-0.03397289766970546,-0.017641086661329797,-0.02118941250206907,-0.017443825430788373,-0.01868610465868148,-0.017443825430788373
2020-02-14,107.1700620945806,107.04098918008329,108.03154935735952,107.003143645449,108.03154935735952,105.05784898817492,110.25061606760991,-0.005589325016051472,-0.023223784194528085,-0.009863399616531154,-0.012755462545629426,-0.008792063194902,-0.008263832938934845,-0.008792063194902
2020-02-17,107.45021759621883,106.9507463047221,108.32454486055624,107.3048494718027,108.32454486055624,105.04337609930117,110.60200702962719,-0.0029898152645437825,-0.023358345997972818,-0.006707634461224354,-0.013587777217111241,-0.006103779356112393,-0.005467535843221127,-0.006103779356112393
2020-02-18,106.62461074434084,106.6019006493063,107.88067234659336,106.71612093257129,107.88067234659336,104.40231225683432,109.95889581022635,-0.010650464617558253,-0.029318642350556368,-0.012483275261775728,-0.01680519860271268,-0.01017638556593592,-0.010924042680734436,-0.01017638556593592
2020-02-19,106.803522541218,107.07942034226652,108.31166657436592,107.24867797959578,108.31166657436592,104.50191978614191,110.20445288482672,-0.008990375995623912,-0.028392540526848253,-0.010277981035611838,-0.012401009964202125,-0.0062219398338638765,-0.005988149523170283,-0.0062219398338638765
2020-02-20,106.78510301014508,107.02637546058352,108.08362624362238,106.77901842556368,108.08362624362238,104.53852768152846,110.19504748521764,-0.009161287330087364,-0.028052178318135,-0.010362448866507834,-0.01289024563067509,-0.008314248859229711,-0.010341090474912273,-0.008314248859229711
2020-02-21,107.03878959448288,107.53198072085492,108.35486338355224,107.02355106518814,108.35486338355224,106.47789479061147,110.75824032665457,-0.006807377640802192,-0.010020896656534162,-0.005304537489044803,-0.008227022363265224,-0.005825601723702056,-0.008074691054479888,-0.005825601723702056
2020-02-24,106.42653122268968,106.9544986278693,107.31140355275876,106.05658408904984,107.31140355275876,105.62654838627302,110.31643565259475,-0.012488406921368767,-0.01793629685916842,-0.009272288360739345,-0.013553169348123784,-0.015399524084090288,-0.01703682141737428,-0.015399524084090288
2020-02-25,106.26958854041852,107.0051026183844,107.19924954272577,105.9000311545668,107.19924954272577,105.92622232060016,110.0096149940188,-0.013944648296626339,-0.015150075987841127,-0.012027777396950379,-0.013086446146179376,-0.016428556302460873,-0.018487799415747963,-0.016428556302460873
2020-02-26,106.31143196735218,107.26356009933514,107.52547602048868,106.50522240156984,107.52547602048868,105.65464281761618,110.41656289491209,-0.01355639107620954,-0.017675088652481574,-0.008373067559532488,-0.010702679533152626,-0.013435372590127725,-0.012878711428292111,-0.013435372590127725
2020-02-27,106.72107035311696,107.40265847285262,107.7229612214834,106.6608079339754,107.7229612214834,105.39923889631464,110.53285196007498,-0.009755434207040281,-0.02004970871327183,-0.007328700972305979,-0.00941976809449907,-0.01162341210458473,-0.011436699592926702,-0.01162341210458473
2020-02-28,106.16709637641657,106.39434590916107,106.7319728867822,105.8985106330623,106.7319728867822,104.38273128953452,109.60808106080373,-0.014895653642651108,-0.029500696555217143,-0.015633865578157158,-0.018719486624532156,-0.02071589951664443,-0.018501892050014956,-0.02071589951664443
2020-03-03,104.0912984294843,105.13216375056244,104.97660482827872,103.74386540458578,104.97660482827872,101.83550284775387,107.58511592291673,-0.034156588993397685,-0.05318357396149842,-0.03380167176160187,-0.03036065745912231,-0.03682170158977072,-0.038471768891634284,-0.03682170158977072
2020-03-04,103.89983901143935,105.023042670105,105.11179688049036,103.71998068142577,105.11179688049036,101.15527707068743,107.34483306437181,-0.03593310461174337,-0.0595079787234033,-0.03595959941022553,-0.03136708678519562,-0.03558129139532029,-0.03869313943263919,-0.03558129139532029
2020-03-05,103.72983407102257,105.1236421379028,105.16866349182476,103.69104506987412,105.16866349182476,100.76110368547873,107.42081847973695,-0.037510548202298266,-0.06317280901722289,-0.03527719106157523,-0.03043925273008319,-0.03505953051315969,-0.03896132307205524,-0.03505953051315969
2020-03-06,100.9655670732799,102.24994930900796,102.88042799623676,100.79151041969394,102.88042799623676,97.68348643379518,105.22179468570991,-0.06315965726631312,-0.09178698074974578,-0.05502614141886919,-0.05694346919313609,-0.05605448243228128,-0.06583505109782761,-0.05605448243228128
2020-03-09,95.58090862282664,97.14352600350836,97.4014591204769,95.36135174493988,97.4014591204769,91.9998978384316,100.07744418856794,-0.11312288150656491,-0.14463019250253217,-0.10122642486488242,-0.10404027344447597,-0.1063249586724826,-0.11616333648426369,-0.1063249586724826
2020-03-10,99.95098683376624,101.36009265669225,101.61237906616442,99.38648204447138,101.61237906616442,97.01262546717646,104.15770046444186,-0.07257375483312956,-0.09802431610942164,-0.0645825382202071,-0.06515066277239334,-0.06768904817924837,-0.07885726154869332,-0.06768904817924837
2020-03-11,100.40622739388544,101.74862533759313,101.98589292347162,100.14613309719522,101.98589292347162,96.53842551995993,104.43875499286473,-0.06834966403929665,-0.10243319402228901,-0.06205844914732295,-0.06156720591367004,-0.06426199467430516,-0.07181659528725604,-0.06426199467430516
2020-03-12,94.79178578629066,96.49253395446172,96.23438702755485,94.96859978336003,96.23438702755485,90.07074688620064,99.06204233502028,-0.1204450026025895,-0.16256648936170137,-0.11034552619197346,-0.11004440652723624,-0.11703304467337339,-0.1198034755653502,-0.11703304467337339
2020-03-13,93.21844049615684,95.14111445778208,95.1898091553144,93.03528253664162,95.1898091553144,89.59654693898412,97.17897175011235,-0.1350437750710054,-0.16697536727456863,-0.1272569700797742,-0.12250861791136036,-0.12661722525520236,-0.13772202048517623,-0.12661722525520236
2020-03-16,86.33129303582831,88.82024072351906,88.67119048476613,86.31552746683097,88.67119048476613,81.69520096031884,90.73165013657321,-0.19894830979727218,-0.24043819655521725,-0.18515895132669768,-0.18080636080302526,-0.18642666612399772,-0.20000265925411598,-0.18642666612399772
2020-03-17,84.23038950517807,86.76692131544806,86.59978181829621,84.31791867921196,86.59978181829621,79.16244540741192,88.9203316013949,-0.21844219509656704,-0.263986512158054,-0.20142600579406855,-0.19974423109733608,-0.2054321948124741,-0.21851707682006227,-0.2054321948124741
2020-03-18,81.53823923112542,84.36466411928376,84.36224850235192,81.81738258970454,84.36224850235192,76.51816347553665,86.74879385873326,-0.24342214676269835,-0.2885717451874361,-0.2209281099528776,-0.22190037252166184,-0.22596194556420413,-0.24169277047279203,-0.22596194556420413
2020-03-19,83.5357627328663,86.2075973425371,86.07844866626267,83.8223050777288,86.07844866626267,79.10370250551256,88.01665280989326,-0.22488750513946754,-0.2645326747720359,-0.20954174680641247,-0.20490290480871798,-0.2102155156209714,-0.22311056741045898,-0.2102155156209714
2020-03-20,85.38733929324927,88.17487429579018,88.19637075775213,85.78563938195164,88.19637075775213,81.80843003209586,89.70811453341246,-0.207707077497558,-0.23938544832826691,-0.19435110007499623,-0.18675860849161752,-0.1907832183049819,-0.2049138156964987,-0.1907832183049819
2020-03-23,87.78416601935955,90.54087598848578,90.64247899680302,88.27117107766175,90.64247899680302,84.73791300942452,91.83212581472637,-0.18546737700706617,-0.21214855623100226,-0.17527582064103275,-0.1649368534367217,-0.16833975697118952,-0.18187718711687495,-0.16833975697118952
2020-03-24,89.74357142518984,92.19538843335752,92.56850652831967,90.5918578429295,92.56850652831967,86.56405104673051,93.24775450131345,-0.16728642596442023,-0.19517002279635187,-0.16256236991271122,-0.1496772002341351,-0.15066812505346783,-0.16036838915892015,-0.15066812505346783
2020-03-25,88.59663297882524,90.88905661247418,90.97141770506433,89.56717457246133,90.97141770506433,84.21348362435201,91.87678090462242,-0.17792865022298143,-0.2170244427558251,-0.17487478307338422,-0.1617255656701102,-0.1653216880802909,-0.16986545087584404,-0.1653216880802909
2020-03-26,88.80474759571429,91.02781749600813,91.05388921669623,89.92391505632818,91.05388921669623,83.42769089314763,91.68668869001591,-0.17599759417421268,-0.22433035714285643,-0.17658195955768097,-0.16044576691889756,-0.1645649978599235,-0.16655907661381386,-0.1645649978599235
2020-03-27,87.60048295736419,90.23391252455404,89.96790041181147,88.69835919091092,89.96790041181147,82.95349094593108,91.02530314582545,-0.18717173729287728,-0.2287392350557239,-0.18252171806085282,-0.16776799322051839,-0.17452913082928856,-0.17791788379536178,-0.17452913082928856
2020-03-30,87.5588680461815,89.83916314692301,90.17778750866611,88.92838476384492,90.17778750866611,82.8010999395545,90.78627040433159,-0.1875578741589926,-0.23015609169199536,-0.18466841868244332,-0.17140878699227713,-0.17260338082872972,-0.1757859400761803,-0.17260338082872972
2020-03-31,87.41601958101401,90.03618324205924,90.15523261571283,88.74879205974777,90.15523261571283,82.62231719464343,90.51758803492154,-0.18888333796755374,-0.23181832573454852,-0.18708139610895935,-0.16959166054210262,-0.172810325828057,-0.17745045734105236,-0.172810325828057
2020-04-02,87.28389583794376,89.76999091834519,89.70068727511861,88.66593670531469,89.70068727511861,81.38786490835265,90.09837356892895,-0.19010928911435765,-0.24329565602836822,-0.19084626927696913,-0.17204676600695268,-0.17698085704708444,-0.17821838479464402,-0.17698085704708444
2020-04-03,86.67935698302604,89.10231523306655,88.83632504253075,87.81116496563735,88.83632504253075,79.99080545883324,89.20698764219928,-0.19571869046230328,-0.256284827760891,-0.19885161076712943,-0.17820477312302563,-0.18491152832146895,-0.18614065716851536,-0.18491152832146895
2020-04-06,86.23121166861701,88.57261198767351,88.43111170078127,87.5904515739636,88.43111170078127,78.66440776087391,88.41556516558778,-0.1998769458172277,-0.26861702127659515,-0.20595920243789745,-0.1830902533441242,-0.18862943001621157,-0.18818629289117084,-0.18862943001621157
2020-04-07,85.56427277591477,87.73369425436476,87.58611728005104,86.98553104757289,87.58611728005104,77.09793037689114,87.3858537806214,-0.20606534527788845,-0.2831813576494422,-0.21520681452798796,-0.1908276346587653,-0.19638239830525495,-0.19379287176148052,-0.19638239830525495
2020-04-08,85.91631486931581,87.92595038829185,88.13646077693599,86.95657470176393,88.13646077693599,78.1859510816357,87.29501137107914,-0.20279881347899165,-0.2730654761904757,-0.2160226502825896,-0.18905444646734926,-0.1913329026224989,-0.1940612475720065,-0.1913329026224989
2020-04-09,85.75186079333228,87.92720747976239,87.96763949342298,86.54153515072697,87.96763949342298,78.64482679357415,87.46400899863478,-0.20432475165152275,-0.2687990754812555,-0.21450491965768137,-0.18904285224819195,-0.192881866764133,-0.19790795449575815,-0.192881866764133
2020-04-10,85.59058732302289,88.02750108356506,87.65954353178444,86.65797921003644,87.65954353178444,79.17776964269001,87.60906649357858,-0.20582117758739493,-0.26384403495440667,-0.21320219011269892,-0.1881178391924062,-0.195708699891033,-0.19682871718438288,-0.195708699891033
2020-04-13,85.2624434941507,87.97628729635984,87.60481723286858,86.60357410282504,87.60481723286858,79.40252509343537,87.53979147673772,-0.2088659619234592,-0.2617543693009111,-0.2138243338440705,-0.1885901865805234,-0.1962108230407985,-0.1973329594959281,-0.1962108230407985
2020-04-14,85.38934116334703,87.8556396719031,87.87591456507519,86.80145827043935,87.87591456507519,79.1156213551733,87.35315593360093,-0.20768850252469495,-0.264421859169199,-0.2155004667200887,-0.18970292581354165,-0.19372345866503637,-0.19549891164251032,-0.19372345866503637
2020-04-15,85.6024843465812,88.07754640697839,88.12512320745098,86.80598085691001,88.12512320745098,78.29066668936933,87.32884204491809,-0.20571078736277715,-0.27209188196555156,-0.21571882442130796,-0.18765626860581697,-0.1914369267610443,-0.19545699499951452,-0.1914369267610443
2020-04-16,85.24905381838317,87.64339820361283,87.90116345405725,86.70600494249983,87.90116345405725,77.88031772247818,86.88022658615134,-0.20899020218475572,-0.27590710486322134,-0.2197477414565686,-0.19166043976960523,-0.1934917957915202,-0.19638360076807126,-0.1934917957915202
2020-04-17,85.18824162269829,87.66759845982105,87.53752480731427,86.69771025200149,87.53752480731427,77.34396948774496,86.56599975519646,-0.20955446701185731,-0.28089380699088096,-0.22256974370243487,-0.1914372395644356,-0.19682824255105347,-0.19646047836513558,-0.19682824255105347
2020-04-20,84.85489937461675,87.49909850003594,87.3251928722186,86.30580697529182,87.3251928722186,77.37632065110984,86.27784445888169,-0.212647486493575,-0.2805930217831807,-0.22515760321426415,-0.1929913233423729,-0.19877642436049703,-0.20009275158871997,-0.19877642436049703
2020-04-21,84.77419117661563,87.2575497467749,87.35558104702103,86.23356684397167,87.35558104702103,76.65267620742213,86.24067158997926,-0.2133963625517059,-0.2873211119554199,-0.22549144459632942,-0.195219139892019,-0.19849760766085345,-0.20076229407600255,-0.19849760766085345
2020-04-22,84.28046041282737,86.88405398841432,86.81508450043731,85.87480973260514,86.81508450043731,76.63990601135706,85.79266906530422,-0.21797759664342198,-0.28743984295845937,-0.2295148570049541,-0.19866391044233134,-0.20345675589094447,-0.20408735902653752,-0.20345675589094447
2020-04-23,83.74493322631862,86.4616483313842,86.17526574541527,85.4793408749191,86.17526574541527,76.70460833808677,85.39958196127046,-0.22294665181237805,-0.28683827254305927,-0.2330450860660226,-0.20255977949854154,-0.20932720236576763,-0.20775267908865747,-0.20932720236576763
2020-04-24,83.99479806338607,86.76455145893532,86.60537934272547,85.77330764265132,86.60537934272547,76.99406611556185,85.523390962653,-0.22062820339099232,-0.2841470364741636,-0.2319331845810404,-0.19976608840559407,-0.20538083656875972,-0.20502810983263564,-0.20538083656875972
2020-04-27,83.76769504647,86.79730715812526,86.36669775889266,85.46896985982859,86.36669775889266,77.33715871651026,85.4856954930082,-0.2227354492013297,-0.2809571301925019,-0.23227171932574486,-0.19946398091066642,-0.20757078091068248,-0.20784880066419253,-0.20757078091068248
2020-04-28,83.49114161815832,86.4749028861352,86.44462543615164,85.39198626888899,86.44462543615164,78.11443798367125,85.64466469100286,-0.22530153599778813,-0.273730369807497,-0.23084405182707446,-0.20243753205973758,-0.2068557811476005,-0.20856230691086897,-0.2068557811476005
2020-04-29,84.33097048012299,87.18355541968423,87.32381355466336,85.86069503066085,87.32381355466336,79.17862098909434,86.42298466709738,-0.21750892331123162,-0.26383611955420416,-0.2238541308395292,-0.19590159336878932,-0.1987890798349048,-0.20421817817753207,-0.1987890798349048
2020-04-30,84.93631959196904,87.99748756017567,88.21173979991977,86.29238888084177,88.21173979991977,80.03252143264584,87.33879476855982,-0.21189200374296158,-0.2558969731509618,-0.2156294411933254,-0.18839465545917367,-0.19064220471526416,-0.20021711437943612,-0.19064220471526416
2020-05-05,85.08418752829363,88.50633816432799,88.55489818451665,86.6889900453211,88.55489818451665,81.36317586262685,87.83223234664888,-0.21051996521377558,-0.2435252026342445,-0.2111979865357756,-0.18370150021857168,-0.18749366786267785,-0.19654129976957802,-0.18749366786267785
2020-05-06,85.49782976130444,89.03773967718188,89.06206183999579,87.18402188699864,89.06206183999579,81.86802428039955,88.63037051874319,-0.20668185740557865,-0.23883137031408241,-0.20403008267690625,-0.17880035678951223,-0.18284035460779613,-0.1919532010977748,-0.18284035460779613
2020-05-07,86.09591083058913,89.62490686233886,89.58103983624561,87.88693064967991,89.58103983624561,82.42821021445427,89.29013764520671,-0.20113237662541794,-0.23362303698074904,-0.19810485882835416,-0.17338488370243654,-0.1780786427563037,-0.1854384388361633,-0.1780786427563037
2020-05-08,86.52369518137839,89.66143765545857,90.2460080089209,88.54484224012647,90.2460080089209,81.0234886472958,89.35776001181196,-0.19716304678925078,-0.2466834473150955,-0.19749755718625417,-0.17304795832242503,-0.171977446074414,-0.17934072341635776,-0.171977446074414
2020-05-11,86.7600395423122,89.69629414137448,90.65866878078928,88.87128824378048,90.65866878078928,80.92643515720121,89.56310237675505,-0.19497005230094455,-0.24758580293819588,-0.1956534224467732,-0.17272647516369377,-0.16819121293495376,-0.17631512718257836,-0.16819121293495376
2020-05-12,86.39611051703598,89.33708607746247,90.36520215676308,88.39055901522276,90.36520215676308,79.39997105422233,88.85408472740741,-0.19834688068564588,-0.2617781155015193,-0.20202095443867107,-0.17603946957474204,-0.1708838193879071,-0.18077066508811657,-0.1708838193879071
2020-05-13,86.12899960086676,89.12089823878269,90.03316305244027,87.91953371601137,90.03316305244027,78.75124509411644,88.84491114736373,-0.2008253522032698,-0.2678096504559264,-0.20210334034889788,-0.17803338110746914,-0.17393033494278187,-0.18513626416225715,-0.17393033494278187
2020-05-14,86.2873907208867,89.30464421303844,90.4369028805449,88.18019626935218,90.4369028805449,79.3701739300705,89.20454476402519,-0.19935567104892382,-0.2620551545086114,-0.19887354972018678,-0.176338682555515,-0.17022595298767507,-0.1827203680236995,-0.17022595298767507
2020-05-15,86.27830101056688,89.64294997107812,90.79517680928936,88.3321684293596,90.79517680928936,80.14319646520983,89.61354079585851,-0.19944001274657608,-0.25486797112461945,-0.19520044606803633,-0.1732184711844098,-0.1669387284330487,-0.18131184597162653,-0.1669387284330487
2020-05-18,86.28954706200727,89.78355726039803,90.76052083135116,88.38749501266145,90.76052083135116,81.33337873847499,89.92561257889568,-0.1993356627687447,-0.2438022416413368,-0.1923977978348279,-0.17192164293786028,-0.16725670295618034,-0.18079906315243977,-0.16725670295618034
2020-05-19,86.43461007080349,89.66764782173567,90.79420452050636,88.52172970729796,90.79420452050636,80.78000357565499,89.78310619687974,-0.19798965062997287,-0.2489472517730491,-0.1936776163941698,-0.17299068164009324,-0.16694764934887663,-0.17955493707342907,-0.16694764934887663
2020-05-20,85.85307097263272,89.16829605094722,90.27705354798724,87.66171895367336,90.27705354798724,80.92643515720121,89.3646475508746,-0.2033856415983385,-0.24758580293819588,-0.19743570170865476,-0.17759622865302005,-0.1716925979452517,-0.18752576614791894,-0.1716925979452517
2020-05-21,85.95420244718855,89.28066292283539,90.1953043625962,87.71887991637672,90.1953043625962,81.66540383616699,89.48280408485918,-0.2024472618315485,-0.24071523556230945,-0.19637456379355367,-0.17655986322597983,-0.17244266069885428,-0.18699598176845444,-0.17244266069885428
2020-05-22,85.83698627160165,89.59037943799608,90.16383944477984,87.62790012265785,90.16383944477984,82.51164216207943,90.17182328241468,-0.20353488848778334,-0.232847327760891,-0.19018663351071352,-0.1737033319093888,-0.17273135669975437,-0.1878392088814983,-0.17273135669975437
2020-05-26,86.47601225009986,90.61217327387726,90.97617272350944,88.28874499439962,90.97617272350944,83.8388912064431,91.04862885435308,-0.1976054876626735,-0.22050721884498414,-0.18231223498885873,-0.1642792749139781,-0.16527805997303446,-0.18171430695997404,-0.16527805997303446
2020-05-27,86.91344934947594,91.39755578264422,92.06030469642783,88.58793545370202,92.06030469642783,84.58381931023924,91.61598538503695,-0.19354659180358835,-0.21358124366767928,-0.1772169304315382,-0.15703565172316525,-0.15533096375444555,-0.1789413230155681,-0.15533096375444555
2020-05-28,86.61979005366915,91.17388250870022,92.12946439524126,88.31117683511533,92.12946439524126,83.81420216071727,91.73276874062701,-0.1962714006993863,-0.22073676545086063,-0.17616812473040355,-0.15909860180954993,-0.15469641169276827,-0.18150640215481018,-0.15469641169276827
2020-05-29,87.23777250442139,91.29154917808708,92.27014159105376,88.80102795667531,92.27014159105376,83.88145852666,91.76056674320824,-0.19053725877607175,-0.22011144883485256,-0.17591847696647311,-0.15801335607814893,-0.15340567436791896,-0.17696631989950606,-0.15340567436791896
2020-06-02,87.05852245504879,91.46747366297106,92.56265391393356,88.44872900585544,92.56265391393356,85.29299086505317,92.71944697105631,-0.1922004859787415,-0.20698771529888504,-0.16730698396225996,-0.15639079552413548,-0.1507218237911523,-0.18023152874517723,-0.1507218237911523
2020-06-03,87.46887342178343,92.224988706591,93.38051874791265,88.70826045772169,93.38051874791265,86.19712074646061,93.88043727111481,-0.18839291720593632,-0.19858156028368745,-0.15688038473062238,-0.14940419539476701,-0.14321777409922187,-0.17782611598311415,-0.14321777409922187
2020-06-04,87.88305235369249,92.39574954545664,93.59498189716663,89.12807294308962,93.59498189716663,86.6594018440164,94.68520222856723,-0.1845498294704796,-0.19428349797365707,-0.1496529671659801,-0.1478292594130226,-0.14125003803547642,-0.17393517211979448,-0.14125003803547642
2020-06-05,87.79868134954808,92.11444624221365,93.24586123907402,89.05879623717037,93.24586123907402,86.19286401443892,94.25568630544296,-0.18533269201194458,-0.19862113728470054,-0.1535103554609537,-0.15042373421769106,-0.14445327976682765,-0.17457724872104485,-0.14445327976682765
2020-06-08,88.47174545965854,92.6866303603368,94.03721030414565,89.82452783940104,94.03721030414565,86.45337601416648,95.04411399789619,-0.17908745782096558,-0.1961990248226947,-0.1464296592898312,-0.14514645072692578,-0.13719251678834266,-0.16748022616337088,-0.13719251678834266
2020-06-09,88.26788737264941,92.03416342528251,93.3935814535434,89.70382440458371,93.3935814535434,86.22010709937774,94.86062290168252,-0.18097901833648322,-0.19836784447821643,-0.14807755257774013,-0.1511641867590382,-0.14309792154157197,-0.16859894060220537,-0.14309792154157197
2020-06-10,88.32547560168965,91.5261590422428,93.39298381221307,89.6016558353002,93.39298381221307,85.5041247733291,94.50466361669534,-0.18044466808425985,-0.20502469604863183,-0.15127434483961744,-0.1558495372588835,-0.1431034050029637,-0.16954586853201536,-0.1431034050029637
2020-06-11,87.6594611589828,91.28153510274385,92.8243556634948,89.0724198029172,92.8243556634948,85.10314061688568,94.240595104162,-0.18662448974879053,-0.20875284954407258,-0.15364588622953346,-0.15810571640904636,-0.148320665492637,-0.17445098156276184,-0.148320665492637
2020-06-12,87.60356194392897,91.39202373058237,92.64318132526928,89.10331220502475,92.64318132526928,84.51400890508347,93.85945294597342,-0.1871431679606561,-0.21423030648429542,-0.15706884035198698,-0.15708667412328337,-0.1499829710234084,-0.1741646618209889,-0.1499829710234084
2020-06-15,88.11598060415102,91.99664062335856,93.1036484391448,89.660691999735,93.1036484391448,85.30746375392691,94.37433803721652,-0.18238853242320463,-0.2068531534954403,-0.1524447702831273,-0.15151026148716962,-0.14575810652200838,-0.1689987042390807,-0.14575810652200838
2020-06-16,88.265421769639,92.32573445024768,93.38433405062068,89.8983890356487,93.38433405062068,85.85487949191653,94.6868066344644,-0.18100189619906815,-0.20176355116514655,-0.14963855834853013,-0.14847501222990012,-0.14318276804452756,-0.16679565917621852,-0.14318276804452756
2020-06-17,89.70412627879884,93.5427530214401,95.23496329695156,91.32456997082016,95.23496329695156,88.86779441687035,96.56604427861002,-0.16765242999465857,-0.17375094984802397,-0.13276153726099327,-0.13725038748013363,-0.12620292828513557,-0.1535774006653372,-0.12620292828513557
2020-06-18,89.02987858898273,93.2694876635808,94.19035127695165,90.81303731772718,94.19035127695165,88.42509428661435,96.07548276131543,-0.17390864639718984,-0.1778669579533938,-0.13716716264738715,-0.1397707279019531,-0.13578742217849638,-0.15831843364270426,-0.13578742217849638
2020-06-19,88.54912623297085,93.30680722109652,94.22552037461132,90.28941497351204,94.22552037461132,88.16798767250413,95.77543750919793,-0.17836945630527767,-0.1802574088145894,-0.13986180324432163,-0.13942652770743125,-0.13546473969418593,-0.1631715173834971,-0.13546473969418593
2020-06-22,88.81100621004285,93.3238548430144,94.36707498689718,90.35111138711916,94.36707498689718,88.4438239075098,96.2416241356912,-0.17593952167917737,-0.17769281914893587,-0.13567508340579293,-0.13926929661545484,-0.13416595192317127,-0.1625996971297401,-0.13416595192317127
2020-06-23,88.75745269470168,93.45402997470164,94.45561912119184,90.30302880990936,94.45561912119184,88.04454244387505,96.01123730767355,-0.17643643458841096,-0.18140514184397138,-0.13774413697485988,-0.13806868469421762,-0.13335354435156377,-0.1630453403996469,-0.13335354435156377
2020-06-24,88.32268132006243,93.12785858701618,94.10613417814236,89.88672138428925,94.10613417814236,87.62142328091885,95.40176823163162,-0.18047059569337676,-0.18533909574468044,-0.14321764506501822,-0.1410769801447076,-0.13656012845968035,-0.16690379835272884,-0.13656012845968035
2020-06-25,87.60120402735961,92.73550580957604,93.38934760177396,89.13994184040457,93.38934760177396,87.13275044482856,94.75472214854055,-0.18716504662118372,-0.18988253546099265,-0.1490286240132933,-0.14469566994989203,-0.14313676785546914,-0.17382516773740575,-0.14313676785546914
2020-06-26,87.1936710974781,92.37349590362184,92.9864504372839,88.68891580480643,92.9864504372839,86.10517533479204,94.1127773048908,-0.19094646736463738,-0.1994364235055721,-0.15479378984905856,-0.14803450589390954,-0.1468334182278319,-0.1780054078364346,-0.1468334182278319
2020-06-29,86.99112627498931,92.28683681936208,92.87549131245414,88.44911494899026,92.87549131245414,85.89574411932477,94.08954463501055,-0.19282584234780964,-0.2013836119554202,-0.15500243736136776,-0.1488337670761125,-0.14785148717015906,-0.18022795171227712,-0.14785148717015906
2020-06-30,87.3437942319638,92.48727309661388,93.01153095297347,88.88599096662914,93.01153095297347,86.57511854998687,94.00489391846186,-0.18955350327954723,-0.19506712259371806,-0.15576266687928852,-0.1469851330029387,-0.14660330020806323,-0.17617885808331146,-0.14660330020806323
2020-07-02,87.05366612501649,92.05548570493836,92.799196289083,88.6639504982979,92.799196289083,86.86968440588797,93.7837015220852,-0.19224554694381868,-0.1923283941236067,-0.15774914727450695,-0.15096753027933307,-0.1485515070546657,-0.17823679353729138,-0.1485515070546657
2020-07-03,87.4608041477816,92.36897419703944,93.14277601203922,88.93492267681225,93.14277601203922,87.05612926843811,94.00857276472011,-0.18846779046858042,-0.19059492147922963,-0.1557296279679663,-0.14807620982581116,-0.1453991043505911,-0.17572534480275281,-0.1453991043505911
2020-07-06,87.18679022501681,92.12176783543536,92.85680180435264,88.75902246982645,92.85680180435264,86.77177956938905,93.86860847783774,-0.191010313674838,-0.19323866514690957,-0.1569866165285002,-0.1503562067876012,-0.14802296660255998,-0.17735563893354367,-0.14802296660255998
2020-07-07,86.94108133180913,91.96479640309164,92.56782724233612,88.44714086830292,92.56782724233612,86.71729339951139,93.65125244427195,-0.19329019988157148,-0.19374525075987814,-0.15893864339078734,-0.15180396236520532,-0.15067435761851267,-0.18024624806458633,-0.15067435761851267
2020-07-08,86.98587570261235,91.91467411108088,92.54955535025644,88.5037844598448,92.54955535025644,86.62790202705585,93.63330448589765,-0.19287456141281145,-0.19457636778115472,-0.15909983006821726,-0.15226624283711943,-0.15084200535250858,-0.17972125883108825,-0.15084200535250858
2020-07-09,86.46192804892931,91.80529332055409,91.81466725946515,87.77370231380425,91.81466725946515,87.00079175215609,93.5183759250118,-0.19773617229342655,-0.19110942249240104,-0.16013197826494663,-0.15327506748249287,-0.15758472923816058,-0.1864878718901688,-0.15758472923816058
2020-07-10,85.88195212316954,91.03315555714208,91.3101072820308,87.13178795806441,91.3101072820308,86.40229522990614,93.22467687713073,-0.20311765888153943,-0.196673948834853,-0.1627696249936188,-0.16039653370706486,-0.16221415330179934,-0.19243732029938831,-0.16221415330179934
2020-07-13,85.9814674846287,90.99429365120938,91.37390579311004,87.19340663458314,91.37390579311004,86.64152356952526,93.4547395675501,-0.20219427472158125,-0.1944497213779126,-0.16070348243322508,-0.16075495906020298,-0.16162879105424965,-0.19186622053551083,-0.16162879105424965
2020-07-14,85.83426192684361,90.8756097276719,90.80302262630494,86.83333810402047,90.80302262630494,86.49509198797904,93.16059281267475,-0.20356016716595882,-0.19581117021276584,-0.16334514992021232,-0.1618495869788492,-0.16686674172043714,-0.19520344009947754,-0.16686674172043714
2020-07-15,86.40854844504226,91.40558141717136,91.47643923906202,87.3171028360229,91.47643923906202,87.36005993478693,93.47931987336545,-0.19823147151127019,-0.18776912360688924,-0.1604827320981751,-0.1569616308839782,-0.1606880291562658,-0.19071976826769377,-0.1606880291562658
2020-07-16,86.43129228064112,91.39745273864244,91.2098879560064,87.30248996787223,91.2098879560064,87.52692383003728,93.36019425904179,-0.1980204357754728,-0.18621770516717284,-0.16155257311124205,-0.15703660210328274,-0.16313368275377493,-0.1908552045675611,-0.16313368275377493
2020-07-17,86.06126705625147,91.27566500021612,91.0897808467238,86.94646550582485,91.0897808467238,87.52351844441992,93.52979758768663,-0.20145382963523994,-0.18624936676798343,-0.16002940281770694,-0.15815985666596277,-0.16423568601759753,-0.1941549425317164,-0.16423568601759753
2020-07-20,85.94318851440586,91.23708565955492,90.98197473075776,86.68882528505372,90.98197473075776,87.44093784319908,93.48200725228986,-0.20254945802439006,-0.18701716058763906,-0.16045859733750834,-0.15851567590509819,-0.16522482556449225,-0.19654282681551793,-0.16522482556449225
2020-07-21,85.99109417384237,91.19837896430612,91.00665913509393,86.68895572447587,91.00665913509393,87.15403410493703,93.21032603496329,-0.20210495049864308,-0.18968465045592675,-0.16289850675939144,-0.158872669742132,-0.1649983419341189,-0.19654161786512492,-0.1649983419341189
2020-07-22,86.2245418237356,91.48712573513583,91.2594576838024,87.02757332966449,91.2594576838024,86.99142694170837,93.36493851072997,-0.19993883404254853,-0.19119649189462995,-0.16150996602744105,-0.15620954345384963,-0.16267887202571496,-0.19340321169846242,-0.16267887202571496
2020-07-23,86.39200984514956,91.66748513586984,91.15184737242488,86.92622412129118,91.15184737242488,87.07656158214222,93.37769180615268,-0.19838493004214308,-0.19040495187436646,-0.16139543147857482,-0.1545460794433141,-0.16366621503203083,-0.19434254555373542,-0.16366621503203083
2020-07-24,86.38924661291543,91.52203419991788,91.17986243879255,86.8961845046391,91.17986243879255,87.02803483709492,93.45778806042316,-0.19841056954983183,-0.1908561296859167,-0.1606761045873928,-0.1558875808913679,-0.16340917200803518,-0.19462096143259267,-0.16340917200803518
2020-07-27,86.30372952711751,91.26548532482272,91.03023724762954,86.89951356340315,91.03023724762954,86.89352210520946,93.18328308667738,-0.1992040663655369,-0.19210676291793283,-0.1631413735463102,-0.15825374433462291,-0.16478200872017157,-0.19459010675051414,-0.16478200872017157
2020-07-28,85.82222597487221,90.83636018777916,90.43618792338894,86.35853663435307,90.43618792338894,87.15573679774569,92.80597323318919,-0.20367184648096548,-0.18966881965552163,-0.16652991058083233,-0.1622115874998974,-0.17023251284182583,-0.19960403781652358,-0.17023251284182583
2020-07-29,85.96085908715229,90.68153589744902,90.384578468268,86.44667618029975,90.384578468268,87.07826427495088,92.9783284065081,-0.20238549613215362,-0.19038912107396133,-0.16498202657387284,-0.1636395398765007,-0.17070603841684873,-0.19878713494352673,-0.17070603841684873
2020-08-04,85.25368244406593,89.8974106442861,89.51415796937783,85.87773750172659,89.51415796937783,86.49338929517037,92.45846837888674,-0.20894725404514025,-0.19582700101317096,-0.1696507754551364,-0.1708715673343446,-0.17869229532041153,-0.20406022361324383,-0.17869229532041153
2020-08-05,85.48227922616165,89.70668409167915,89.38663804111023,86.01139196071874,89.38663804111023,86.66706396165542,92.36992402258605,-0.20682614787108256,-0.19421225937183362,-0.17044597289763364,-0.17263064811873385,-0.17986231246588025,-0.202821475326458,-0.17986231246588025
2020-08-06,85.967854970195,89.81185004934629,89.5152748366145,86.44729069052613,89.5152748366145,87.0850750461856,92.58812949343724,-0.2023205826605865,-0.19032579787234027,-0.1684863174254032,-0.1716606970931659,-0.17868204787255093,-0.19878143948453575,-0.17868204787255093
2020-08-07,86.13038439093985,89.6326605347526,89.45959082396072,86.31092839795039,89.45959082396072,87.32089800018734,92.69013501671854,-0.20081250299888964,-0.18813323201621068,-0.16757022819484368,-0.17331337118378076,-0.17919295820961356,-0.20004528475826733,-0.17919295820961356
2020-08-10,86.03277508133172,89.39295255833379,89.25396734157951,86.20044774672976,89.25396734157951,87.43072168634703,92.51007842178066,-0.20171820126531848,-0.1871121453900706,-0.16918727698012292,-0.17552421015412678,-0.18107958881837727,-0.20106925147403976,-0.18107958881837727
2020-08-11,86.03531428272737,89.9303405734205,89.66199086260853,86.54738261574842,89.66199086260853,87.29280356884418,92.28364019845195,-0.20169464049727925,-0.18839444022289753,-0.17122086899657085,-0.17056785290769627,-0.17733590324825477,-0.19785375849412845,-0.17733590324825477
2020-08-12,85.40096240046364,89.52003953677317,89.34014206921618,85.9634785832713,89.34014206921618,87.45881611769019,92.33663948219139,-0.20758067127015034,-0.18685093718338375,-0.17074489405424176,-0.17435208042880468,-0.18028892095798277,-0.20326555040389804,-0.18028892095798277
2020-08-13,85.29956544117793,89.53826139959344,89.38786461514748,85.89607353162987,89.38786461514748,87.76615216965637,92.3979166483214,-0.20852151441938394,-0.1839934777102329,-0.17019457726584497,-0.17418401925271365,-0.17985105843936644,-0.20389027997050713,-0.17985105843936644
2020-08-17,85.71273101777928,89.58241612650278,89.30586656885671,86.20089826552638,89.30586656885671,87.64866636585764,92.44082294737082,-0.20468782941558428,-0.18508580293819654,-0.1698092452052079,-0.17377677794003576,-0.18060340453427481,-0.20106507593517875,-0.18060340453427481
2020-08-18,86.1748450988377,89.67458140151865,89.3531971238517,86.4743528798376,89.3531971238517,87.63078809136655,92.63039600972711,-0.20039996052492948,-0.18525202634245164,-0.1681067311133989,-0.17292673287786509,-0.18016913859952244,-0.1985306192657489,-0.18016913859952244
2020-08-19,85.94573155783804,89.50264788751612,89.22811071478182,86.25067175044296,89.22811071478182,87.3975191765778,92.45701350962148,-0.20252586160682262,-0.1874208459979736,-0.16966384131689471,-0.1745124845025886,-0.18131682779026415,-0.20060376084226894,-0.18131682779026415
2020-08-24,85.70206593532306,89.60161213851046,89.32991491254987,86.18924323950135,89.32991491254987,87.3089791505266,92.4700074024532,-0.20478678869242672,-0.18824404761904756,-0.16954714601547105,-0.17359973213598767,-0.18038275686905603,-0.20117309809642814,-0.18038275686905603
2020-08-25,85.45626361423692,89.50691538507735,89.22223342293871,86.00097965639792,89.22223342293871,87.19064200032356,92.35375360735387,-0.20706754179872033,-0.1893442882472136,-0.17059119584999305,-0.1744731251535374,-0.18137075294783578,-0.20291797958255375,-0.18137075294783578
2020-08-26,85.03470276116734,89.35392140502557,89.00492774168897,85.65912575705143,89.00492774168897,86.94290019666107,91.92858763287943,-0.2109791249802041,-0.1916476697061802,-0.17440951821026618,-0.1758841964844965,-0.183364569728664,-0.20608638066202223,-0.183364569728664
2020-08-27,84.7580422956481,89.14392418768256,88.84747054715794,85.4088236395191,88.84747054715794,86.40740330833218,91.77839211086174,-0.21354620495460563,-0.19662645643363708,-0.1757583912494174,-0.17782101159887964,-0.18480926641083373,-0.20840625327689888,-0.18480926641083373
2020-08-28,84.82512018594586,89.07200751251119,88.81321376835193,85.41450424138631,88.81321376835193,85.7595286946306,91.67533319944637,-0.21292380193585358,-0.2026500759878418,-0.1766839407277574,-0.17848430278535554,-0.18512357821367176,-0.20835360381137424,-0.18512357821367176
2020-08-31,85.15129620451425,89.18831564707969,89.00923107204405,85.73008422417982,89.00923107204405,86.28225538689442,91.91659657630036,-0.20989727653828583,-0.1977900202634244,-0.17451720725926811,-0.17741158689031578,-0.18332508593686425,-0.20542871701016163,-0.18332508593686425
2020-09-02,85.06515641135225,89.18310800822478,88.8616879245555,85.43661997338002,88.8616879245555,87.57374788227588,92.15976767168341,-0.21069655133748866,-0.18578235815602806,-0.17233334098911102,-0.17745961721077463,-0.18467881954229537,-0.20814862879351992,-0.18467881954229537
2020-09-03,85.2223311096931,89.23383619342069,88.83804848131652,85.31432946959004,88.83804848131652,87.5167076731852,92.07854633214333,-0.20923815712913607,-0.1863126899696047,-0.17306277202432163,-0.1769917485549144,-0.18489571547593253,-0.2092820526478555,-0.18489571547593253
2020-09-04,83.86715506631447,88.44664868809599,88.24081749789833,84.37212872494922,88.24081749789833,86.7573066805153,91.39425506236395,-0.22181257854571534,-0.1933732269503543,-0.17920824182483452,-0.18425201932162683,-0.19037541186454765,-0.21801464239482882,-0.19037541186454765
2020-09-07,84.37949695156529,89.05627263783688,88.58361568274601,84.82359871369945,88.58361568274601,87.10635870629407,91.84545329423074,-0.21705865538865687,-0.19012791286727426,-0.17515612947087145,-0.1786294263421232,-0.1872301799062479,-0.2138302876092365,-0.1872301799062479
2020-09-08,84.12386538783036,89.00717270771293,88.53080240304978,84.71798421103507,88.53080240304978,86.73432032759817,92.02060983071023,-0.2194306121727867,-0.19358694275582533,-0.17358308703582148,-0.17908227751787908,-0.18771475077758148,-0.21480915344896812,-0.18771475077758148
2020-09-09,84.35706476755924,89.12771749266537,88.6678416673383,84.85649635004357,88.6678416673383,86.91906249733961,92.11112474235561,-0.21726679936844795,-0.19186930091185384,-0.17277019246799785,-0.1779704867788875,-0.1864573920964857,-0.2135253827750253,-0.1864573920964857
2020-09-10,84.35717941949076,89.22824373297037,88.61293851196712,84.76555735883515,88.61293851196712,87.23150662773182,92.14190444319253,-0.2172657355349259,-0.18896434903748704,-0.17249376672604289,-0.17704332810469992,-0.186961137934468,-0.21436823171856922,-0.186961137934468
2020-09-11,84.31060106067606,89.116726193046,88.50219608113395,84.65508965395415,88.50219608113395,87.11231813112444,92.1796160698905,-0.2176979272900048,-0.19007250506585582,-0.17215508687838776,-0.1780718600994431,-0.18797721867232564,-0.2153920784439114,-0.18797721867232564
2020-09-14,84.36231559369496,89.22436154302706,88.62464992753722,84.74252665964035,88.62464992753722,86.5334025761743,92.35408215272102,-0.21721807794886683,-0.19545497720364702,-0.17058824525611416,-0.17707913374181372,-0.186853683694171,-0.2145816869177909,-0.186853683694171
2020-09-15,84.47255650890159,89.1785563201463,88.57342453094805,84.76909400727608,88.57342453094805,86.23117460263414,92.25427569370297,-0.2161951734104265,-0.19826494427558217,-0.17148458517287124,-0.17750159766355345,-0.1873236854664978,-0.21433545303516277,-0.1873236854664978
2020-09-16,84.32361950107281,89.15026256134672,88.44411369252504,84.70627803769183,88.44411369252504,85.99535164863241,92.11110114660843,-0.21757713165128667,-0.20045751013171165,-0.1727704043762277,-0.17776255245323624,-0.1885101345188559,-0.21491764965839588,-0.1885101345188559
2020-09-17,84.17397442985532,89.05485113779687,88.3865355630306,84.53411097872228,88.3865355630306,85.68205617183582,91.90742685206142,-0.21896565987800432,-0.2033703774062814,-0.17459955854135834,-0.17864253690995557,-0.18903842370179147,-0.21651334389072974,-0.18903842370179147
2020-09-18,84.68069168501977,89.14399474392215,88.45782342578599,84.73357272648396,88.45782342578599,85.8514741062992,91.79072631942674,-0.21426392659647098,-0.20179521276595702,-0.17564762042769722,-0.17782036085506037,-0.18838434537206894,-0.21466467456699556,-0.18838434537206894
2020-09-21,84.63926909639679,89.13715768428933,88.5289365180912,84.71375390934452,88.5289365180912,86.17839112556517,91.74486072897139,-0.21464827893804006,-0.1987556990881454,-0.17605952923535584,-0.17788341940698937,-0.18773187059110918,-0.214848361111857,-0.18773187059110918
2020-09-22,84.77705440293198,89.48371608031655,88.78076707392385,84.87430974727694,88.78076707392385,86.15199938703067,92.01644965083183,-0.213369795217898,-0.1990010764944271,-0.17362044869880988,-0.1746870935321302,-0.18542128218285026,-0.2133602830434409,-0.18542128218285026
2020-09-23,84.2131024903001,89.21782136422958,88.5006382935121,84.49818987470731,88.5006382935121,86.00897319110182,91.85379722155473,-0.21860259802810666,-0.20033086372846964,-0.17508119448974302,-0.17713945414656007,-0.18799151164010974,-0.21684627110014387,-0.18799151164010974
2020-09-24,83.82903785955142,88.86690066433948,88.23750946937636,84.08379606256156,88.23750946937636,85.0946271528423,91.57550207263525,-0.22216626087606883,-0.20883200354609877,-0.1775805021805532,-0.1803760137738568,-0.19040576359185002,-0.2206869931285823,-0.19040576359185002
2020-09-25,83.67667550545409,88.81532938620028,88.18735191483165,84.06777399696648,88.18735191483165,84.73110223818979,91.35300683232772,-0.22358000225513386,-0.21221187943262354,-0.17957868313134717,-0.1808516583192077,-0.1908659677308372,-0.2208354902790428,-0.1908659677308372
2020-09-28,84.02364094063721,88.98060360030486,88.31096755606384,84.19900109901197,88.31096755606384,85.05972195026445,91.45590773060876,-0.22036057580475021,-0.20915653495440667,-0.17865455273430786,-0.17932732575925436,-0.18973177308648115,-0.2196192394403914,-0.18973177308648115
2020-09-29,84.35878792149737,89.18419531840712,88.38457288796062,84.35978104322162,88.38457288796062,85.02481674768656,91.34918844413626,-0.21725081054995488,-0.2094810663627148,-0.17961297523816422,-0.17744958889315288,-0.18905643158114083,-0.21812908429000522,-0.18905643158114083
2020-09-30,84.31962068654266,89.11121543671163,88.3345131340637,84.35340422716007,88.3345131340637,85.03077617251692,91.35329221740399,-0.21761423589269835,-0.20942565856129636,-0.179576120150574,-0.17812268608797355,-0.18951573838246227,-0.21818818647059057,-0.18951573838246227
2020-10-02,84.11078597145654,89.0872671075483,88.21704199514907,84.17027672910217,88.21704199514907,85.86764968798164,91.57765067391253,-0.2195519735960283,-0.20164482016210683,-0.17756120606375914,-0.1783435627570772,-0.19059355616745532,-0.21988546523100905,-0.19059355616745532
2020-10-05,84.33331076265648,89.43783026625721,88.5818834346188,84.23590183707189,88.5818834346188,86.04047300806235,91.65359048609517,-0.21748720827357737,-0.200037993920972,-0.17687920726728823,-0.17511030075044665,-0.18724607357899836,-0.21927723269854704,-0.18724607357899836
2020-10-06,84.30548014688749,89.64462737858824,88.64659384580067,84.35071005560813,88.64659384580067,86.60917240616045,91.72527076686538,-0.2177454432775624,-0.19475050658561222,-0.17623546238814103,-0.1732030003688454,-0.18665234449208856,-0.21821315683386489,-0.18665234449208856
2020-10-07,84.62265346951887,89.88694138709108,89.05609216411615,84.52021307760053,89.05609216411615,86.89692749082684,91.89425176078359,-0.2148024521876961,-0.19207510131712202,-0.17471788114628206,-0.17096812583082477,-0.18289512740469893,-0.216642153668827,-0.18289512740469893
2020-10-08,84.33265178111964,89.78136048485548,88.74083329921928,84.0060567783037,88.74083329921928,86.64322626233398,91.81596157943325,-0.21749332283824263,-0.19443389057750693,-0.1754209880927149,-0.17194190391144615,-0.18578768139372182,-0.2214075033600893,-0.18578768139372182
2020-10-09,84.52543679586832,89.96086878642173,88.96082181344786,84.37452428379581,88.96082181344786,86.88671133397476,91.96500450562347,-0.21570450725956136,-0.19217008611955377,-0.17408246626387824,-0.17028628963222048,-0.18376924916159643,-0.2179924396607077,-0.18376924916159643
2020-10-12,84.66205345427218,90.02274379391216,89.20525762376663,84.57419941249799,89.20525762376663,86.87138709869667,92.01466727211357,-0.21443686720372612,-0.19231256332320112,-0.1736364558511292,-0.16971561326218898,-0.18152650880779586,-0.21614179266053468,-0.18152650880779586
2020-10-13,84.34388667079806,89.85291440196993,89.0230497003089,84.23425327581629,89.0230497003089,87.11316947752879,91.96025913984883,-0.2173890764282832,-0.1900645896656531,-0.17412508335304533,-0.17128195846114913,-0.18319829765979734,-0.21929251204235978,-0.18319829765979734
2020-10-14,84.69855758554078,90.39186970313968,89.35655390305021,84.81269904395936,89.35655390305021,88.41828351537964,92.43329812404095,-0.21409815229486961,-0.17793028115501486,-0.16987682399302861,-0.1663111460547283,-0.18013833957642722,-0.21393130890937784,-0.18013833957642722
2020-10-15,84.75636225617801,90.31275913052936,89.31964937423561,84.84466007256378,89.31964937423561,88.31697329326336,92.40529777660436,-0.2135617937221289,-0.17887221377912843,-0.17012828897172239,-0.16704078692653512,-0.18047694493831168,-0.21363508482732174,-0.18047694493831168
2020-10-16,84.55075774812013,90.27870480213323,89.15380686018707,84.64215708336256,89.15380686018707,87.89215143749847,92.2932618824291,-0.21546955894724495,-0.18282199848024283,-0.1711344587632052,-0.16735487174528796,-0.18199857836079325,-0.21551194125870166,-0.18199857836079325
2020-10-19,84.68566056593846,90.2612382861694,89.2175330502093,84.7795007710277,89.2175330502093,87.5873694247453,92.12486722643332,-0.21421782129307088,-0.18565571175278583,-0.17264677423279107,-0.16751596631855137,-0.1814138796713074,-0.2142390001306692,-0.1814138796713074
2020-10-20,84.80559995402984,90.32633238166518,89.1225435139509,85.11332963440907,89.1225435139509,87.75167928078261,92.34759387560732,-0.21310492646462664,-0.18412803951367762,-0.17064651504972483,-0.1669156001346157,-0.18228542490797983,-0.21114497741184912,-0.18228542490797983
2020-10-21,84.89996770285173,90.48536739814598,89.10424182593306,85.11206630558806,89.10424182593306,87.96025914984554,92.4471843971664,-0.21222930602577805,-0.18218876646403215,-0.16975211441992288,-0.16544881201459483,-0.1824533460248029,-0.2111566863097376,-0.1824533460248029
2020-10-22,84.63455139378246,90.34136573174196,89.23390675724664,85.14533884422245,89.23390675724664,88.32548675730673,92.56571485185175,-0.21469205360560484,-0.17879305977710214,-0.16868761840502455,-0.16677694677521926,-0.18126364810963036,-0.21084830677237554,-0.18126364810963036
2020-10-23,84.86762445397959,90.73938054770323,89.49615313647912,85.50007049544243,89.49615313647912,88.99890176313848,93.12596936855488,-0.21252941289623717,-0.17253197821681832,-0.1636560954774997,-0.16310603569813076,-0.17885749274075968,-0.20756055095389403,-0.17885749274075968
2020-10-26,84.7425007268382,90.78201866811692,89.84005640141491,85.51250710128852,89.84005640141491,88.919726547535,93.10576720589268,-0.2136904122232075,-0.17326811043566315,-0.16383752666919915,-0.1627127821250074,-0.17570212148370268,-0.20744528488419867,-0.17570212148370268
2020-10-27,84.70503633870366,90.81045120951596,89.99036105031676,85.45104908335465,89.99036105031676,88.95803713573025,93.28377037915432,-0.214038037173353,-0.17291191742654455,-0.1622389192135939,-0.16245054733628617,-0.17432305063063747,-0.20801489561771946,-0.17432305063063747
2020-10-28,84.46492694813765,90.596289418518,89.69706096060965,85.17590100096234,89.69706096060965,89.05679331863352,93.07266662429967,-0.2162659666573541,-0.17199373100303883,-0.1641347957321594,-0.16442577252725,-0.17701412910273873,-0.21056504784044394,-0.17701412910273873
2020-11-03,84.1487076180874,90.40901555553484,89.3866605445336,84.75341518730521,89.3866605445336,88.20289287508204,93.11440105945861,-0.21920010583104166,-0.17993287740628106,-0.16375998792408464,-0.166153008978018,-0.17986210599312313,-0.21448076888563417,-0.17986210599312313
2020-11-04,84.19495703381308,90.3675280414869,89.42121613511874,84.78680570746701,89.42121613511874,88.13223112352195,93.25691769894182,-0.21877096627648207,-0.1805898556230997,-0.16248007724467906,-0.1665356504495712,-0.1795450525411202,-0.2141712958612606,-0.1795450525411202
2020-11-05,84.32483764545725,90.37216838656713,89.40945452612041,84.81225651048202,89.40945452612041,88.20800095350806,93.34701941647853,-0.21756582872063723,-0.17988538500506535,-0.16167089348251484,-0.1664928523087147,-0.17965296731470337,-0.21393541043798403,-0.17965296731470337
2020-11-09,84.89359739188322,91.10415895777496,90.44650723595896,85.24773223566866,90.44650723595896,89.86727509556373,94.1541894449626,-0.21228841493274553,-0.16445827001013114,-0.15442187650246875,-0.15974166569853432,-0.17013783138457916,-0.2098992951255615,-0.17013783138457916
2020-11-10,84.77991858259244,91.21701568970988,90.57673815026202,85.26877298870413,90.57673815026202,90.2205838533642,94.3682161906256,-0.2133432190381911,-0.16117337892603778,-0.1524997492445861,-0.15870078226713913,-0.16894294047870528,-0.20970428332444457,-0.16894294047870528
2020-11-11,84.4377962677882,91.12485714291766,90.26789997269478,84.98186991699204,90.26789997269478,90.02477418036635,94.35770209595687,-0.2165177070933656,-0.16299392097264376,-0.1525941740226303,-0.1595507652745577,-0.17177658356365666,-0.21236338419722434,-0.17177658356365666
2020-11-12,84.50706321196225,91.22151998564418,90.21153330602134,85.19213521019977,90.21153330602134,90.2605971343681,94.85600071399331,-0.21587499225898021,-0.16080135511651417,-0.14811906343154002,-0.1586592389145386,-0.1722937573680714,-0.21041458448118278,-0.1722937573680714
2020-11-13,84.73777167811987,91.2512267503654,90.46763250156047,85.36183872082267,90.46763250156047,90.7322430423716,94.89076733642243,-0.21373429216911888,-0.15641622340425476,-0.1478068320212622,-0.158385251898713,-0.16994400346064487,-0.208841723129374,-0.16994400346064487
2020-11-16,84.68146137136674,91.5790581720221,90.69460543497006,85.53471171997694,90.69460543497006,91.16642970858423,94.80028674388907,-0.21425678482287436,-0.15237936930091123,-0.14861941837666837,-0.15536164586969947,-0.1678614879883239,-0.20723948603868003,-0.1678614879883239
2020-11-17,84.45066886008723,91.66632998346311,90.68645777335988,85.47613510267936,90.68645777335988,91.28136147316992,95.04292324864356,-0.2163982647514774,-0.15131079027355554,-0.14644035314768855,-0.1545567334732535,-0.16793624417670083,-0.20778239111547459,-0.16793624417670083
2020-11-19,84.77777317399024,91.8185739947634,90.79570826655218,85.47786462509734,90.79570826655218,91.60998118524458,95.66288577964706,-0.2133631258776062,-0.14825544579533867,-0.140872605640169,-0.15315257914258418,-0.16693385222179258,-0.20776636140012972,-0.16693385222179258
2020-11-20,84.97947294967577,92.45290925403629,91.17260864885571,85.66403535883735,91.17260864885571,92.80016345850973,96.65956245196516,-0.21149159192340783,-0.13718971631205612,-0.13192167105849384,-0.1473020724868741,-0.16347572677097322,-0.2060408770488471,-0.16347572677097322
2020-11-23,85.2312044656334,92.82605765253705,91.50300051055407,85.81694224156576,91.50300051055407,92.99767582431627,96.60221490753061,-0.20915582294272705,-0.1353533434650448,-0.13243669677637238,-0.14386050565437825,-0.16044432494882654,-0.20462369171551908,-0.16044432494882654
2020-11-24,85.01288102903096,92.88531155776424,91.75472811377853,85.49567576778271,91.75472811377853,93.80900894765082,96.76377753728603,-0.21118160469290503,-0.12780996707193448,-0.1309857382359053,-0.14331400384505766,-0.15813468114835094,-0.20760128256434984,-0.15813468114835094
2020-11-25,85.34441241692906,93.22043999296726,92.11508388314256,85.80816062194522,92.11508388314256,94.54627493380792,97.06443022674061,-0.2081053878392919,-0.12095523049645329,-0.12828564237748263,-0.14022309708556213,-0.15482835535008266,-0.20470508231290108,-0.15482835535008266
2020-11-26,85.24264266439666,93.083597667971,92.17810974844964,85.90739519857836,92.17810974844964,93.92394071223652,97.06839645026018,-0.2090496900663391,-0.1267413880445788,-0.1282500225940102,-0.14148520087290495,-0.15425008225960102,-0.20378534747785582,-0.15425008225960102
2020-11-27,85.11865228340902,92.8916184483088,91.83624573180896,85.90331680863707,91.83624573180896,92.70310996841515,96.8300834819286,-0.21020017328935536,-0.1380920719351565,-0.13039025909070634,-0.1432558350698423,-0.15738674306487566,-0.20382314717859684,-0.15738674306487566
2020-11-30,85.20793498250497,93.19133193058322,92.0282364451169,85.88911559648024,92.0282364451169,93.57063195443604,96.63902439973307,-0.20937173606223092,-0.13002627912867215,-0.13210611880074596,-0.1404915622390014,-0.15562519544331743,-0.20395476813132984,-0.15562519544331743
2020-12-02,84.84162069142943,92.97432633430316,91.71197242403768,85.48900145154722,91.71197242403768,93.31522803313449,96.59298988986079,-0.2127706968757762,-0.13240089918946252,-0.13251954463663707,-0.14249301599205,-0.1585269719121769,-0.20766314206282477,-0.1585269719121769
2020-12-03,84.69047167437809,93.18107202043808,91.64876834174476,85.04928114794994,91.64876834174476,93.4190922944638,96.56273194088656,-0.21417317993057317,-0.1314352203647411,-0.13279128463955503,-0.1405861899168951,-0.15910688017397545,-0.2117385973589182,-0.15910688017397545
2020-12-04,84.76936289528597,93.15160206555665,91.8156551511378,85.32346646997631,91.8156551511378,93.45825422906336,96.69909603741095,-0.2134411632581924,-0.13107111195541998,-0.1315666285989554,-0.14085799282341327,-0.15757566516315236,-0.20919736827847335,-0.15757566516315236
2020-12-07,84.85392896108468,93.11726025348192,91.85991000148906,85.54698784089497,91.85991000148906,93.74345527451673,97.07504023143554,-0.21265649077664228,-0.12841945288753753,-0.12819035625253028,-0.14117472911888995,-0.15716961934439644,-0.20712570738983982,-0.15716961934439644
2020-12-08,84.90362713278344,92.9055309268693,91.85807158707512,85.65481070414414,91.85807158707512,93.95884591481436,97.43616699179553,-0.21219535086967067,-0.1264168566362711,-0.12494715602777084,-0.14312751956597303,-0.15718648711098004,-0.20612637382376642,-0.15718648711098004
2020-12-09,84.82291853698268,92.68072635413078,91.5888043838783,85.73582741029666,91.5888043838783,94.38792450260092,97.37725868990313,-0.212944230618909,-0.12242749493414362,-0.12547619856603964,-0.14520090367920735,-0.1596570597401582,-0.20537548749566137,-0.1596570597401582
2020-12-10,85.15856846484371,92.95717331770064,91.85424326845244,85.99726035146237,91.85424326845244,94.45603221494801,97.73224024583786,-0.2098297986143065,-0.12179426291793283,-0.1222881870743261,-0.14265121914461254,-0.15722161258891676,-0.20295245117932414,-0.15722161258891676
2020-12-11,86.04979577244804,93.77681768744904,92.94076132418392,86.81894661398594,92.94076132418392,96.77169443474864,98.88116486957198,-0.20156026950143902,-0.1002643743667675,-0.11196994703525598,-0.1350915970513602,-0.14725262365254055,-0.19533682460276314,-0.14725262365254055
2020-12-14,86.66403755970146,93.70449111221508,92.65890461669174,87.16639122916466,92.65890461669174,96.55374975523799,98.96101741953646,-0.19586083648509012,-0.10229071681864199,-0.11125280879899158,-0.13575866876715292,-0.1498387071362074,-0.1921166071476098,-0.1498387071362074
2020-12-15,87.14264336611437,93.69414438282324,92.70234702706496,87.78362076349639,92.70234702706496,96.72912711453172,99.19609219737731,-0.19141994400350992,-0.10066014437689919,-0.10914165378082363,-0.13585409718341535,-0.1494401155931625,-0.1863959448219935,-0.1494401155931625
2020-12-16,86.99334688312481,93.63463805442404,92.66303397455542,87.4155323928511,92.66303397455542,97.2510024603912,99.39466789558048,-0.19280523774619107,-0.0958080040526843,-0.1073582889911241,-0.13640292710460777,-0.14980081957176228,-0.18980749458966273,-0.14980081957176228
2020-12-17,87.2879673477425,94.2519820771778,93.27214241260688,87.68739883944745,93.27214241260688,98.34072585794443,100.13598883219488,-0.19007151034733982,-0.08567629179331249,-0.10070064826173042,-0.13070913149544738,-0.14421214550605577,-0.18728775751919535,-0.14421214550605577
2020-12-18,87.04024436033254,94.88012178246848,93.49879959900082,87.15385248192345,93.49879959900082,98.07680847259951,99.99856264214912,-0.1923700849520832,-0.08813006585612915,-0.10193484273128428,-0.12491576675212335,-0.1421325270665904,-0.19223281989337693,-0.1421325270665904
2020-12-21,85.419048154138,93.17700257660334,91.6862954394356,85.69945256676445,91.6862954394356,95.04942065877194,98.05933464309695,-0.2074128569928475,-0.11627722897669657,-0.11935062403787111,-0.1406237226062611,-0.15876256263620347,-0.2057126200945093,-0.15876256263620347
2020-12-22,86.06674776560503,93.9486660912228,92.51144235458356,86.45656426621578,92.51144235458356,96.53246609512952,99.28436389284539,-0.20140297517289152,-0.10248860182370789,-0.10834890504545835,-0.1335066304026452,-0.1511916986044437,-0.19869548929563408,-0.1511916986044437
2020-12-23,86.25486249561922,94.20678447216298,92.83709774078504,86.34622573158425,92.83709774078504,97.00411200313303,99.69514724246685,-0.19965749428026358,-0.09810347011144849,-0.10465974988428539,-0.13112599132642133,-0.14820375475483305,-0.19971813883364375,-0.14820375475483305
2020-12-24,86.13471764769041,93.7925098336359,92.7635240748093,86.2707480120622,92.7635240748093,96.58780361141152,99.84794032759359,-0.20077229553156173,-0.1019741008105367,-0.10328754870060475,-0.13494686758162544,-0.14887880571993373,-0.20041768822730777,-0.14887880571993373
2020-12-25,85.85169964365738,93.47044095929787,92.4971215025377,85.74686855418571,92.4971215025377,95.75348413515982,99.15196154087072,-0.20339836589974636,-0.10973119300911827,-0.10953798152723138,-0.13791732534093648,-0.1513230948705726,-0.20527315497207899,-0.1513230948705726
2020-12-28,85.31681494003132,93.1935604631472,92.32803390238456,85.49284514210552,92.32803390238456,95.7441193247121,99.08850581533119,-0.2083614595919192,-0.10981826241134718,-0.11010786347983692,-0.14047100836877668,-0.15287450251291512,-0.20762751762402987,-0.15287450251291512
2020-12-29,85.12559091105837,93.15745704392172,92.28898203182722,85.07941414603434,92.28898203182722,95.44870212240666,98.78754879415953,-0.21013579107972147,-0.11256490628166127,-0.11281069247465814,-0.14080399205742522,-0.15323281010244605,-0.21145931599386503,-0.15323281010244605
2020-12-30,85.16976813101874,93.22802873315284,92.15606888209116,85.16280270217625,92.15606888209116,95.4452967367893,98.78845787477694,-0.20972587903655282,-0.11259656788247185,-0.1128025282210322,-0.14015310574531226,-0.15445231097703171,-0.21068644667220326,-0.15445231097703171
2020-12-31,86.06633219006343,93.9897208322682,92.58426862908216,86.0385848976818,92.58426862908216,96.09487404329955,99.10830119824921,-0.2014068312195033,-0.10655711752786179,-0.10993008548779626,-0.13312798041870788,-0.15052350508393642,-0.2025694433005183,-0.15052350508393642
2021-01-05,85.87727780519847,93.66089618196072,92.37588724158633,85.70596357157227,92.37588724158633,95.80797030503749,99.29557702022298,-0.20316103099122984,-0.1092246073961497,-0.10824820240798283,-0.13616074704654846,-0.15243543994367892,-0.2056522742137077,-0.15243543994367892
2021-01-06,86.1289382077781,93.82134514237296,92.64017257880674,85.9387385532225,92.64017257880674,95.48445867138888,99.52557042965371,-0.20082592185809256,-0.11223245947315064,-0.10618268204495185,-0.13468091804907234,-0.15001057678664376,-0.203494848177194,-0.15001057678664376
2021-01-07,86.27531773806697,93.91940531308052,92.71610914034954,86.09442429275971,92.71610914034954,95.95695592579673,99.6050161687822,-0.19946769396614716,-0.1078394123606885,-0.1054691972875752,-0.13377650406136143,-0.14931384585070273,-0.20205190759307157,-0.14931384585070273
2021-01-08,86.54756888483601,94.50041488186352,92.9560225034742,86.73281677252065,92.9560225034742,95.76880837043794,99.76008895529304,-0.19694152722393865,-0.10958871580547058,-0.1040765226057967,-0.1284178229861639,-0.14711259972316515,-0.19613510095179632,-0.14711259972316515
2021-01-12,86.87191454722377,94.51355326064932,93.09009019666895,86.85997980242439,93.09009019666895,96.17660329811606,100.02720877523635,-0.1939319853541347,-0.10579723910840877,-0.10167757809330968,-0.12829664704425003,-0.14588250571493988,-0.1949565171123675,-0.14588250571493988
2021-01-13,87.1995839512338,94.8120271076164,93.2548180881529,87.408935631165,93.2548180881529,95.87948340300194,100.15868580755343,-0.19089160311636344,-0.1085597137791281,-0.10049681170442071,-0.12554380743347715,-0.14437109914506885,-0.18986863529008247,-0.14437109914506885
2021-01-14,87.61919743124467,95.15716226144036,93.55744293424728,88.2238181083505,93.55744293424728,96.43030452660892,100.42157872123438,-0.18699808924005612,-0.10343844984802386,-0.09813582810994037,-0.12236060819451144,-0.1415944644387488,-0.182316068169186,-0.1415944644387488
2021-01-15,88.00722822217317,95.29250551545525,93.95883695000876,88.47106094988878,93.95883695000876,97.19140821208751,100.79290623464425,-0.1833976251442041,-0.0963620820668688,-0.09480101715948708,-0.12111233041577474,-0.1379116057129821,-0.18002454981143645,-0.1379116057129821
2021-01-18,88.19891269472474,95.48420752613202,94.10751464436488,88.8639523717189,94.10751464436488,97.60941929661769,101.19769406271479,-0.1816190212877864,-0.09247562056737546,-0.09116570646229705,-0.11934425293153861,-0.13654746244605376,-0.1763831181723059,-0.13654746244605376
2021-01-19,88.31273987570285,95.35280018819412,94.391404723758,88.78153175203762,94.391404723758,97.75414818535523,101.5048482251065,-0.1805628404696017,-0.09113000253292758,-0.08840722230146791,-0.12055622955427292,-0.13394272242752592,-0.17714701637814123,-0.13394272242752592
2021-01-20,88.32634930042053,95.26974464991608,94.45816382340143,88.84752837581273,94.45816382340143,98.04105192361729,101.869290422585,-0.18043656119948503,-0.08846251266463989,-0.08513424686315962,-0.12132225504692207,-0.13333019627369247,-0.1765353405294524,-0.13333019627369247
2021-01-21,87.98828984096596,95.4428866026833,94.51027539946526,88.92409117740574,94.51027539946526,98.03253845957391,102.11648344046529,-0.18357335079063275,-0.08854166666666607,-0.08291426058922868,-0.1197253579294445,-0.13285206365316493,-0.17582573428047255,-0.13285206365316493
2021-01-22,88.43270486663644,95.8939779531005,94.92168352369238,89.39465149550456,94.92168352369238,98.44714415848676,102.33294534677866,-0.1794497080772416,-0.0846868667679831,-0.08097026368767657,-0.11556491925073353,-0.12907732376999348,-0.17146444478613143,-0.12907732376999348
2021-01-25,88.57672619670775,96.05329904554652,94.95486008122325,89.71602640950888,94.95486008122325,99.07458645848419,102.85671458684963,-0.1781133614777416,-0.07885321681864177,-0.07626640702685505,-0.1140954926374016,-0.12877292318205336,-0.16848584888188134,-0.12877292318205336
2021-01-26,89.57260065007293,96.50185154934282,95.5558630696172,90.6889927935236,95.5558630696172,99.74970415712461,103.83406595628352,-0.16887283135192943,-0.0725763044579526,-0.06748902875154483,-0.10995846987139035,-0.12325861800284055,-0.15946811426691276,-0.12325861800284055
2021-01-27,89.63235344702053,96.7758695373234,95.6756048819105,90.9481055585193,95.6756048819105,99.57347545142655,104.07146630071398,-0.1683183964847329,-0.07421479229989791,-0.06535698832992864,-0.10743118790333084,-0.12215996640135396,-0.1570665820161884,-0.12215996640135396
2021-01-28,89.40584682942135,96.3875802350239,95.3992703457104,90.54570353168516,95.3992703457104,99.24655843216058,103.92663338562767,-0.1704201084189516,-0.07725430597770944,-0.0666577009724707,-0.11101240006872137,-0.1246953830192239,-0.16079616070064673,-0.1246953830192239
2021-01-29,89.57186669859777,96.2894661544012,95.64436666900278,90.58586194914554,95.64436666900278,99.01158682456315,103.63867319953413,-0.16887964154842972,-0.07943895643363663,-0.06924380824219878,-0.11191731127034676,-0.12244658234595474,-0.16042396084136634,-0.12244658234595474
2021-02-02,89.64950859052281,96.21132709865978,95.5630547069138,90.70292897728692,95.5630547069138,99.68670452320356,103.91656627038508,-0.16815921716267102,-0.07316204407294769,-0.06674811152632965,-0.11263799179220535,-0.12319263350100362,-0.15933894967419115,-0.12319263350100362
2021-02-03,89.6540013317421,96.47910512961062,95.81720832875232,90.70725233791836,95.81720832875232,100.04256732021706,104.23849214801659,-0.16811752986921347,-0.06985340678824625,-0.06385696583097988,-0.11016826126811852,-0.12086073056493851,-0.1592988795140503,-0.12086073056493851
2021-02-04,89.20640812456668,96.03951583591396,95.4394228985465,90.38228402760366,95.4394228985465,99.96679749023095,104.07821860826101,-0.1722706623258573,-0.07055787740628072,-0.06529634733690903,-0.1142226158873133,-0.12432697648158864,-0.16231078005741828,-0.12432697648158864
2021-02-05,88.79342403897539,95.77677054730202,95.0507525475772,89.8337338663166,95.0507525475772,99.7224610721858,104.03906713741056,-0.17610266330900526,-0.07282959726443683,-0.0656479581090803,-0.11664592917048566,-0.12789309340736932,-0.16739490203609708,-0.12789309340736932
2021-02-08,88.75720825895422,95.78833614131302,94.85741397082025,89.85941670770171,94.85741397082025,99.64839393500834,103.8769467797317,-0.17643870266133987,-0.07351823708206606,-0.06710392548169486,-0.11653925910327834,-0.12966700790653263,-0.16715686601391355,-0.12966700790653263
2021-02-09,88.68262106942537,95.46545822776277,94.74902652620436,89.7296984893735,94.74902652620436,99.19207226228293,103.57457937362699,-0.17713078304307084,-0.0777608915906779,-0.06981942083424408,-0.11951717867277045,-0.13066148124318633,-0.1683591320806851,-0.13066148124318633
2021-02-10,88.60322997420272,95.15937326689053,94.4998948024337,89.59647561085644,94.4998948024337,98.45225223691281,103.24577770350936,-0.1778674379543873,-0.08463937436676705,-0.07277231651376603,-0.12234021597775713,-0.13294730740582472,-0.169593880354466,-0.13294730740582472
2021-02-11,88.66194192567582,95.50451522040598,94.56223314680727,89.69157223410674,94.56223314680727,98.69148057653192,103.41028512358858,-0.17732266089489035,-0.08241514690982688,-0.07129491145731526,-0.1191569540248878,-0.13237534243746185,-0.16871249727141202,-0.13237534243746185
2021-02-12,88.71172987942238,95.62373894546327,94.72461665268878,89.76467074753889,94.72461665268878,98.38669856377876,103.47778856515954,-0.17686068791732978,-0.08524886018236977,-0.07068867785486288,-0.11805734748911711,-0.130885446006341,-0.1680349990497778,-0.130885446006341
2021-02-15,88.5484094945799,95.6312118203888,94.60232884410404,89.30950800875324,94.60232884410404,98.14491618494665,103.4141887888635,-0.17837610678483518,-0.0874968338399178,-0.07125985349571651,-0.11798842478010796,-0.13200745755912124,-0.17225357931362495,-0.13200745755912124
2021-02-16,88.72006196296631,95.72744976028828,94.75777902758227,89.49730847601795,94.75777902758227,98.59017035441566,103.21865803266392,-0.176783376094802,-0.08335707953394011,-0.0730158723291634,-0.11710081732067223,-0.1305811755465237,-0.1705129901193999,-0.1305811755465237
2021-02-17,88.29019118563791,95.41671625436707,94.35443140477298,89.07091874565303,94.35443140477298,98.08361924383428,103.09884023047627,-0.18077206548701086,-0.08806674265450753,-0.07409192972961143,-0.11996672839524813,-0.13428195895098582,-0.17446489379680452,-0.13428195895098582
2021-02-18,88.14594166207311,95.4626052495669,94.53701901443875,89.30195714047456,94.53701901443875,98.48375205387336,103.21872007808754,-0.18211052945064643,-0.0843465045592694,-0.07301531511282311,-0.11954349183710977,-0.13260668641310602,-0.1723235629506431,-0.13260668641310602
2021-02-19,87.20108668973859,94.66998063743824,94.2061890411697,88.44237875011751,94.2061890411697,97.62389218549153,103.13351151522126,-0.19087765949086144,-0.09234105876392984,-0.07378055452616339,-0.12685390931895335,-0.13564210798382315,-0.18029038475698056,-0.13564210798382315
2021-02-22,87.32559399825833,94.89556181086728,94.37619957281294,88.47059360203194,94.37619957281294,97.50981176731017,102.91922533996684,-0.1897223797953409,-0.09340172239108291,-0.07570501166430277,-0.12477336257768878,-0.13408223228725413,-0.1800288813269082,-0.13408223228725413
2021-02-23,86.76856990094126,94.42863254505023,94.07510413549896,87.88039464074284,94.07510413549896,96.89939639539948,102.75062991711299,-0.1948909007215166,-0.09907706433637176,-0.07721913017700444,-0.12907987516306785,-0.13684483440651252,-0.18549901646248623,-0.13684483440651252
2021-02-24,85.99974230141365,93.50155813594324,93.37524768477532,86.7837753194424,93.37524768477532,96.08550923285192,101.88043115642529,-0.20202470616354218,-0.10664418693009003,-0.08503419437616366,-0.1376303300235402,-0.14326613700476387,-0.19566280236054534,-0.14326613700476387
2021-02-25,85.95554010963964,93.4996152927058,93.44118655208874,86.88678980835881,93.44118655208874,96.65761401656736,101.76723734632544,-0.20243484991543226,-0.10132503799391979,-0.08605076315658644,-0.13764824896644223,-0.14266113662280322,-0.19470803420225424,-0.14266113662280322
2021-02-26,86.7379560604758,93.97907118116557,93.67610024087772,87.56744403182675,93.67610024087772,96.69762729757127,102.11758301244906,-0.19517496073945562,-0.10095301418439595,-0.08290438557442403,-0.13322620269745744,-0.14050576336214993,-0.18839953346406368,-0.14050576336214993
2021-03-02,87.06797251196858,94.15722620727584,93.45564304226625,87.86271224575239,93.45564304226625,96.79978886609189,102.34726889704675,-0.19211280069334946,-0.10000316616007987,-0.08084162702446585,-0.13158306974722367,-0.14252849585362481,-0.18566290202729163,-0.14252849585362481
2021-03-03,86.92427053904387,94.01386706490878,93.5201261986371,87.67223063779034,93.5201261986371,96.53416878793827,102.14619437363326,-0.19344618403847125,-0.10247277102330188,-0.08264743321528356,-0.13290527847567546,-0.1419368518684626,-0.18742834081105164,-0.1419368518684626
2021-03-04,86.84900750875258,94.02341307898034,93.24067601244462,87.54108806585491,93.24067601244462,96.63122227803285,102.25576373347391,-0.19414453541842336,-0.10157041540020162,-0.08166341482764672,-0.13281723509791155,-0.1445008551077328,-0.1886438082001286,-0.1445008551077328
2021-03-05,86.96547192462046,94.02462314918814,93.24883934587088,87.81842393692169,93.24883934587088,96.62866823881984,102.66795552656373,-0.19306388419800524,-0.10159416160080947,-0.07796161074461427,-0.13280607455827387,-0.1444259551277638,-0.1860733789174932,-0.1444259551277638
2021-03-08,87.31419573278001,94.11153378067335,93.26179589413492,88.44170123349362,93.26179589413492,96.47457453963457,102.8848545193113,-0.18982814213835364,-0.10302684903748638,-0.0760136884656677,-0.13200449334309916,-0.1443070765821045,-0.18029666417753598,-0.1443070765821045
2021-03-09,87.24923706481309,94.17284448808036,93.17908691137114,88.38848291351496,93.17908691137114,96.75722154587496,102.95786783551219,-0.19043088129513452,-0.10039893617021167,-0.07535797188770743,-0.13143902154170162,-0.14506594564071018,-0.18078990700083042,-0.14506594564071018
2021-03-10,87.51927329090486,94.24180473809048,93.2812456612766,88.66204588418707,93.2812456612766,96.6610194021847,102.78543399238436,-0.1879252663816986,-0.10129337639310942,-0.07690656241096538,-0.1308029976162366,-0.14412862164301932,-0.1782544460532236,-0.14412862164301932
2021-03-11,87.23025002681555,93.76478156098594,93.1359258312263,88.22020087443178,93.1359258312263,96.63633035645888,102.43605555791603,-0.19060705841868986,-0.1015229229989858,-0.08004425349778543,-0.13520260686352492,-0.14546195593080735,-0.18234959374217097,-0.14546195593080735
2021-03-12,87.39909918068626,94.2996435817151,93.5932519720494,88.36262085435541,93.5932519720494,97.18204340163985,103.14797833387897,-0.18904033915223228,-0.09644915146909716,-0.07365063120097015,-0.13026954699270943,-0.1412659103942131,-0.1810296040653221,-0.1412659103942131
2021-03-15,87.57977384714677,94.35850848015878,93.49964456184064,88.5244080411722,93.49964456184064,97.2058811009613,103.20310099078667,-0.1873638931978674,-0.09622752026342363,-0.07315558670996047,-0.1297266330129203,-0.1421247743880616,-0.1795301134983448,-0.1421247743880616
2021-03-16,87.63949194017961,94.20933079327575,93.26027236980276,88.38464406375822,93.26027236980276,97.79671550557218,103.36858732803,-0.18680978034171236,-0.09073423252279555,-0.07166939021317575,-0.13110250647609956,-0.14432105517834737,-0.1808254865736726,-0.14432105517834737
2021-03-17,87.94331396903418,94.56809881570628,93.45885736902213,88.70383439025801,93.45885736902213,98.42245511276096,103.77544858024561,-0.18399067337393216,-0.08491641337385936,-0.06801545854852664,-0.12779357059022167,-0.14249900385604752,-0.17786713805996202,-0.14249900385604752
2021-03-18,88.2280342019337,94.80150964140378,93.73418406674656,89.09724290465532,93.73418406674656,97.88014745319737,103.70176041689523,-0.1813488083470245,-0.0899585233029373,-0.06867723578071461,-0.12564081056420118,-0.13997283432851404,-0.17422091385695782,-0.13997283432851404
2021-03-19,87.69592064754332,94.10611594021776,93.2343576003698,88.6567949614822,93.2343576003698,97.6085679502134,103.51827275326625,-0.18628618907115313,-0.09248353596757763,-0.07032509824133337,-0.13205446236371032,-0.14455882761885408,-0.17830311312766123,-0.14455882761885408
2021-03-22,87.79438969403557,94.10284783782362,93.14619784270694,88.799698073074,93.14619784270694,97.41786635564156,103.60075761579068,-0.18537251346927675,-0.0942565856129679,-0.06958431978334312,-0.13208460423983814,-0.14536770846914326,-0.17697864564639976,-0.14536770846914326
2021-03-23,87.70065256242891,93.69432068159448,92.7008474792848,88.56788908179946,92.7008474792848,96.90450447382548,103.48141703600315,-0.18624228253061936,-0.09902957193515616,-0.07065609135409023,-0.13585247117079913,-0.1494538742004412,-0.1791271186039668,-0.1494538742004412
2021-03-24,87.32253996821731,93.9305023069037,93.10187035734538,88.07298786964061,93.10187035734538,97.34294787205978,103.68458950703663,-0.1897507175607126,-0.09495314083079964,-0.06883144395586394,-0.1336741559177389,-0.14577442072653812,-0.18371400656350723,-0.14577442072653812
2021-03-25,87.3413325156727,94.13642748771154,93.29241033919472,88.1921667034008,93.29241033919472,97.84268821140647,103.45935416264231,-0.18957634507800103,-0.09030680091185328,-0.07085423318044326,-0.13177489740533088,-0.14402618381416155,-0.1826094225694167,-0.14402618381416155
2021-03-26,87.56572283390248,94.38901522125188,93.4581113255831,88.38248306494384,93.4581113255831,97.89972842049713,103.71993910151211,-0.18749426988414875,-0.08977646909827697,-0.06851397700150774,-0.12944526777395526,-0.14250584893216056,-0.1808455153373909,-0.14250584893216056
2021-03-29,87.4621314867898,94.27786052444056,93.20610734998183,88.35709774047076,93.20610734998183,97.76010761018561,103.80188282422922,-0.18845547434173227,-0.09107459473150903,-0.0677780584014327,-0.13047045324804274,-0.1448180284964482,-0.18108079388655152,-0.1448180284964482
2021-03-30,87.31315610396577,94.55010580240732,93.38847941813128,88.28826614613308,93.38847941813128,98.05722750529972,104.03937138112252,-0.18983778865689338,-0.08831212006078981,-0.06564522576303633,-0.1279595210754313,-0.1431447335888345,-0.18171874506457808,-0.1431447335888345
2021-03-31,87.38199632939927,94.53016582614524,93.29502182691502,88.21689833911371,93.29502182691502,97.76521568861165,103.97594377336101,-0.18919903326474885,-0.09102710233029321,-0.06621485519604486,-0.12814342849998417,-0.1440022229678104,-0.18238020259726018,-0.1440022229678104
2021-04-02,86.93434777925633,94.03975007072984,92.75570825837517,87.79707018086985,92.75570825837517,98.52631937409025,104.18242041175563,-0.19335267923828925,-0.08395073454913804,-0.0643605337954889,-0.13266655818445372,-0.14895051717208085,-0.18627129172133916,-0.14895051717208085
2021-04-05,86.68067690176356,93.86257381513146,92.53441347601444,87.45425037212597,92.53441347601444,98.1866321587592,103.98036062274205,-0.19570644318673902,-0.08710897922998917,-0.06617518844055148,-0.1343006638840175,-0.15098093463766704,-0.1894486451292241,-0.15098093463766704
2021-04-06,86.53576646462693,93.64735119151578,92.32987239307673,87.33371693469255,92.32987239307673,98.22919947897611,104.01437770952722,-0.19705103964202597,-0.08671320921985748,-0.0658696884454878,-0.13628567318866536,-0.15285763404646568,-0.19056578398300394,-0.15285763404646568
2021-04-07,86.2876104909471,93.36385951343598,92.0759094605316,87.15972066152162,92.0759094605316,98.12959194966851,103.62510582435927,-0.19935363184422594,-0.0876393110435657,-0.06936565386275773,-0.1389003314867795,-0.15518778737565964,-0.19217843190304273,-0.15518778737565964
2021-04-08,86.58624972502751,93.68657158935936,92.2522855495358,87.35580791696715,92.2522855495358,98.38499587097004,103.5673237536835,-0.1965826150459291,-0.08526469098277545,-0.06988458196549907,-0.13592394144623232,-0.15356950660190816,-0.1903610383527239,-0.15356950660190816
2021-04-09,86.39012543190944,93.55402352303798,92.0559489658459,87.14936937174977,92.0559489658459,98.58421092958523,103.82023723583886,-0.19840241515510681,-0.08341248733535922,-0.06761322145664805,-0.13714643906539925,-0.15537092832728638,-0.19227437065860387,-0.15537092832728638
2021-04-12,86.6536085674663,93.75100839782785,92.29115639586897,87.52607026623072,92.29115639586897,98.90261448480781,103.97175067059167,-0.19595760512555993,-0.08045212765957399,-0.06625251253229547,-0.13532963745428694,-0.15321285994058587,-0.18878299752232586,-0.15321285994058587
2021-04-13,86.8882101613004,94.02786042323346,92.65987966654164,87.79127099347959,92.65987966654164,98.81833119077828,104.34545780740801,-0.19378078144255229,-0.08123575227963498,-0.06289633070597844,-0.13277621701358977,-0.14982976088711863,-0.18632504027188224,-0.14982976088711863
2021-04-14,87.0135361579019,94.23451146704004,92.83270236578257,87.96719030967682,92.83270236578257,98.92049275929891,104.48549457575015,-0.19261790529563416,-0.08028590425531879,-0.06163869120535248,-0.13087026382948708,-0.14824408307201087,-0.18469456903137793,-0.14824408307201087
2021-04-15,87.18024643875064,94.39222773086976,93.03187961076728,88.16000804894341,93.03187961076728,99.05074875916269,104.67580290343987,-0.1910710322261826,-0.07907484802431575,-0.05992957385685793,-0.12941563863285643,-0.14641659779355065,-0.18290747830519105,-0.14641659779355065
2021-04-16,87.17882049862075,94.31328481843458,92.9634428490363,88.1003318479293,92.9634428490363,99.34616596146813,104.8198315873689,-0.1910842632541333,-0.07632820415400177,-0.05863608383793839,-0.13014373316626227,-0.1470445167838874,-0.18346057464275856,-0.1470445167838874
2021-04-19,87.21176495169115,94.34407776546774,92.9352126892297,88.12910873500115,92.9352126892297,99.2967878700165,104.78885109987476,-0.19077857792397268,-0.07678729736575451,-0.058914312800821045,-0.12985972823522163,-0.14730353332696233,-0.1831938621078525,-0.14730353332696233
2021-04-20,87.22854433881054,94.40157837224436,93.01409008775484,88.08952708303687,93.01409008775484,99.61944815726078,104.75958081864513,-0.19062288517410297,-0.0737873606889562,-0.05917718277636108,-0.1293293971875048,-0.14657981970887812,-0.18356071633724846,-0.14657981970887812
2021-04-21,87.35797686267807,94.51947224397894,93.22687819248094,88.2257185002863,93.22687819248094,99.4602463796495,104.93954869313977,-0.18942190533973102,-0.07526754052684859,-0.057560930769922525,-0.12824205595718885,-0.14462745246507858,-0.18229845478559625,-0.14462745246507858
2021-04-22,87.78116977603439,94.8378804342172,93.44564754170264,88.57503184180256,93.44564754170264,99.72927184342043,105.18354703685216,-0.18549517858046416,-0.07276627406281633,-0.05536963516396942,-0.12530536087522726,-0.14262020628034666,-0.1790609174328014,-0.14262020628034666
2021-04-23,87.98573211928303,95.03654355650453,93.5599264550226,88.92685127832752,93.5599264550226,99.94295979090938,105.32167864467526,-0.18359708340490422,-0.07077950861195526,-0.054129105492084384,-0.12347308070130403,-0.14157167771099788,-0.17580015286467843,-0.14157167771099788
2021-04-26,88.10079735087609,95.12984693871644,93.7705114270136,88.99411589799394,93.7705114270136,99.85612245766687,105.52489770425491,-0.18252941494993347,-0.07158687943262376,-0.05230403969234387,-0.1226125388180469,-0.1396395245867389,-0.17517672486234026,-0.1396395245867389
2021-04-27,88.40493893116717,95.4169908745364,94.20573088555638,89.29701828522025,94.20573088555638,100.00170269280875,105.9251760075085,-0.1797073429249959,-0.07023334599797337,-0.0487092280484096,-0.11996419555933058,-0.1356463116399116,-0.17236933769344698,-0.1356463116399116
2021-04-28,88.86345576303066,95.92305191906132,94.80724048907356,89.78018139363542,94.80724048907356,100.30989009117928,106.72960663968792,-0.1754528522271882,-0.06736797112461967,-0.041484812985712716,-0.11529676857035576,-0.13012735818032117,-0.16789124188354554,-0.13012735818032117
2021-04-29,89.15267551238574,96.14432424034584,95.16427304100073,89.86482776939016,95.16427304100073,100.45461897991683,107.182420378673,-0.1727692370406908,-0.06602235309017179,-0.03741819211666764,-0.11325596259358672,-0.12685152347024642,-0.16710671472493444,-0.12685152347024642
2021-04-30,88.88504737593578,95.88184190897192,95.1307755477956,89.69871677899877,95.1307755477956,100.55422650922445,107.11209725532136,-0.17525250774717815,-0.06509625126646335,-0.038049748662719374,-0.11567685060865562,-0.12715886869787218,-0.16864627955737832,-0.12715886869787218
2021-05-04,89.00894203604042,95.79206767106932,95.03494416128974,89.80927417969028,95.03494416128974,101.40046483513687,107.4717524569965,-0.17410291270007594,-0.05722834346504502,-0.034819764183735,-0.1165048430128025,-0.12803813805450637,-0.16762160150525185,-0.12803813805450637
2021-05-05,89.38413557649957,96.14083563367522,95.59883834044771,90.12171196197676,95.59883834044771,101.77250321383278,107.86288282487635,-0.1706215630159792,-0.05376931357649384,-0.031307108140871676,-0.11328813819197447,-0.12286431254497254,-0.16472583752960124,-0.12286431254497254
2021-05-06,89.89955258936713,96.54974435779866,96.17838493101124,90.76416938966612,96.17838493101124,102.2467031610493,108.39353572943911,-0.16583910633314636,-0.04936043566362658,-0.026541430799121746,-0.10951675204073918,-0.11754687348451187,-0.15877135577205848,-0.11754687348451187
2021-05-07,89.86469562342243,96.65597054327608,96.3081738658663,90.77927756436488,96.3081738658663,102.26713547475342,108.79382423491222,-0.16616253750744547,-0.04917046605876341,-0.02294652753129167,-0.10853702247965702,-0.11635603781564396,-0.15863132882746067,-0.11635603781564396
2021-05-10,89.99148168394852,96.90150959613,96.60211387161236,91.01130258052982,96.60211387161236,102.64257923906668,109.14571270810607,-0.16498611370435912,-0.045679774569401754,-0.01978629433723289,-0.10627240319205,-0.11365908800447111,-0.15648085368856046,-0.11365908800447111
2021-05-11,89.74492359073105,96.78419036533336,96.64260825606664,91.11383797816303,96.64260825606664,102.40420224585189,109.02093545582787,-0.1672738794768821,-0.04789608662613942,-0.020906891471131672,-0.10735444447949993,-0.11328754510329198,-0.15553052588722238,-0.11328754510329198
2021-05-12,89.748064857704,96.67593188071444,96.70434676447468,90.92400160295534,96.70434676447468,102.5191340104376,109.06631598924257,-0.16724473225656877,-0.046827507598783735,-0.020499338854361948,-0.10835291803987879,-0.11272108373247403,-0.1572899844666923,-0.11272108373247403
2021-05-17,90.3732295704946,97.11685062648436,97.09576004055845,91.35354160816142,97.09576004055845,103.6641949242728,109.70477646689017,-0.16144394748634427,-0.03618129432624084,-0.014765465345396467,-0.10428630181597365,-0.10912979999977723,-0.15330888312845525,-0.10912979999977723
2021-05-18,90.33266741877377,97.29603361390843,97.2952995475286,91.28377070370058,97.2952995475286,103.58501970866934,109.73280272825066,-0.16182031599713154,-0.036917426545085785,-0.014513767639436015,-0.1026336879257791,-0.10729899090566031,-0.1539555401051106,-0.10729899090566031
2021-05-19,90.56682943356584,97.24074469913188,97.48521690981714,91.61989683286306,97.48521690981714,103.89235576063551,109.96046731443354,-0.15964757108466254,-0.03405996707193493,-0.012469161927186834,-0.10314362042465675,-0.10555646663421081,-0.1508402256608059,-0.10555646663421081
2021-05-20,90.37328859101616,96.8501791428002,97.1681568939272,91.55174670989328,97.1681568939272,102.5838363371673,109.32612359193014,-0.16144339984612144,-0.04622593718338375,-0.01816606376117702,-0.10674582659782261,-0.10846554649155948,-0.15147186076456265,-0.10846554649155948
2021-05-21,90.96336991085056,97.45487585223472,97.8682781923799,92.19769581724644,97.8682781923799,103.37729118601074,110.11037254138239,-0.1559681472234805,-0.03884878419452864,-0.011122895964375101,-0.1011686778085722,-0.10204181387010991,-0.14548501710728112,-0.10204181387010991
2021-05-24,90.87968140051292,97.30520010961276,97.63006308068812,92.15569254055816,97.63006308068812,102.93544240215908,109.88307589494713,-0.1567446770343881,-0.04295687689969574,-0.01316419729045537,-0.10254914486539624,-0.10422747825038037,-0.14587431565690945,-0.10422747825038037
2021-05-25,90.87075492650234,97.29501908676092,97.6381609268718,92.399763731247,97.6381609268718,102.95502336945887,109.58347913801857,-0.15682750409329427,-0.042774822695035186,-0.015854810050471513,-0.10264304496173471,-0.10415317912705901,-0.14361219307903617,-0.10415317912705901
2021-05-26,91.31962837656424,97.97183341824828,98.21383432522865,92.78485807432806,98.21383432522865,103.15508977447843,109.93806892700047,-0.15266249250578112,-0.040914703647416006,-0.012670316931830516,-0.09640075164260631,-0.0988712772673409,-0.14004302702696625,-0.0988712772673409
2021-05-27,91.1587926802174,98.19555266954436,98.29312158730544,92.89674358178956,98.29312158730544,102.9865231864194,109.92874694800622,-0.15415485642010474,-0.042481952887537644,-0.012754035580482381,-0.09433737750474358,-0.09814380308109105,-0.139006039696134,-0.09814380308109105
2021-05-28,91.22032119220236,98.0031186781078,98.17121338994396,93.19644197891756,98.17121338994396,103.54500642766544,109.86780088129353,-0.15358394502994688,-0.03728945035460951,-0.013301378837636046,-0.09611220608509852,-0.09926233163599107,-0.1362283480366543,-0.09926233163599107
2021-05-31,91.20010525277011,97.79239717159427,98.21205366792054,93.38055977612947,98.21205366792054,103.13636015358298,109.6102715488396,-0.1537715248967806,-0.04108884245187383,-0.015614193285571565,-0.09805570135567798,-0.09888761510260313,-0.13452189089648192,-0.09888761510260313
2021-06-02,91.9458276353557,98.66809015474188,98.65520804759107,94.02849939473236,98.65520804759107,104.45935246592495,110.03035160353029,-0.14685210837947815,-0.028788310536980277,-0.01184154645532376,-0.08997914002415719,-0.09482159789769995,-0.12851659860367393,-0.09482159789769995
2021-06-03,92.48031065691646,99.2116297829773,99.26354126075267,94.60619723175148,99.26354126075267,105.45372506619228,110.99618975075603,-0.14189274181898626,-0.019543123100303483,-0.00316756590333922,-0.08496604613390335,-0.08924003665290747,-0.12316232751325473,-0.08924003665290747
2021-06-04,92.19996321630936,99.06211255747014,99.6885369967089,94.19835268547104,99.6885369967089,105.36177965452372,111.49002817676714,-0.14449403253577342,-0.020397986322188033,0.0,-0.08634505117924107,-0.08534062810888443,-0.12694234904631485,-0.08534062810888443
2021-06-07,92.31721346906969,98.95376690115909,99.98162489824652,94.35538164923226,99.98162489824652,105.3924281250799,111.49431541368018,-0.1434060896839111,-0.02011303191489322,0.0,-0.08734432872861098,-0.08265149649951853,-0.12548695907053875,-0.08265149649951853
2021-06-08,92.1922852584822,99.22323189882847,100.2798210248659,94.14135310240567,100.2798210248659,105.28260443892023,111.84234763274739,-0.14456527484986914,-0.021134118541033087,0.0,-0.08485903922388949,-0.07991549605161308,-0.127470637712493,-0.07991549605161308
2021-06-09,91.80433579232408,98.79844803566398,100.80630660689334,93.82139548296708,100.80630660689334,105.23748307949027,112.1383589714948,-0.1481649843486048,-0.021553634751772854,0.0,-0.08877684259734664,-0.07508490081694885,-0.13043609771968145,-0.07508490081694885
2021-06-10,92.66518392871428,99.64064300009532,101.03374227099124,94.67041647658814,101.03374227099124,105.34305003362824,112.42590334358755,-0.1401773378022122,-0.02057212512664619,0.0,-0.08100923521184678,-0.07299813971144387,-0.12256712492802135,-0.07299813971144387
2021-06-11,93.38157365117208,100.6310516159465,101.84450057548813,95.63264603289056,101.84450057548813,106.10159967989381,113.32750243205186,-0.13353009347354783,-0.013519503546099099,0.0,-0.07187464571172697,-0.06555929364260138,-0.11364890234605496,-0.06555929364260138
2021-06-14,93.72201722484348,101.27157751444231,102.25390604628709,95.94054386616617,102.25390604628709,106.9776351299581,114.21139496881642,-0.13037118213887156,-0.005374556737588354,0.0,-0.06596704247270813,-0.06180292844705115,-0.11079521593445829,-0.06180292844705115
2021-06-15,94.16552298341338,101.19291204061392,102.43025963838772,96.08025876796331,102.43025963838772,106.43192208477714,114.56333485503427,-0.12625597634240993,-0.010448328267476992,0.0,-0.06669257817560315,-0.060184854086236306,-0.10950029770617953,-0.060184854086236306
2021-06-16,93.95913124187447,101.18195883737526,102.18326089494632,95.978043319925,102.18326089494632,106.01391100024695,113.78213699929685,-0.12817104615765085,-0.014334789766970446,-0.00681891686136693,-0.06679360013128399,-0.062451109789652626,-0.11044766012188412,-0.062451109789652626
2021-06-17,94.40845935322204,101.11601374570188,102.46048053435256,96.36049370833712,102.46048053435256,105.92451962779141,113.98562096115599,-0.12400181585432157,-0.01516590678824703,-0.005042746831779188,-0.067401815096646,-0.05990757219852949,-0.10690299900845368,-0.05990757219852949
2021-06-18,94.81973455374832,101.32645801626988,102.8687612048437,96.80965436088488,102.8687612048437,106.3135849345741,114.43408085897477,-0.12018567129149993,-0.011548568895643152,-0.0011282317874480308,-0.06546087678742218,-0.056161527238124065,-0.1027400478205115,-0.056161527238124065
2021-06-21,95.2432042658094,101.8739108577994,103.33707004767383,97.1369439533444,103.33707004767383,106.80906854189907,115.09102061537287,-0.11625637616956297,-0.006941805977710103,0.0,-0.06041169113009781,-0.05186471353277089,-0.09970663296103521,-0.05186471353277089
2021-06-22,95.62616996840724,101.6226080952523,103.80925182485608,97.42062107605636,103.80925182485608,106.56898885587563,115.07721954756478,-0.11270291006743527,-0.009173948834852896,-0.00011991437502500979,-0.06272946940804724,-0.04753236499253499,-0.09707743111913925,-0.04753236499253499
2021-06-23,95.65005513547764,101.71703241349913,104.16735235559402,97.8108950703048,104.16735235559402,106.54174577093679,115.19817381286292,-0.11248128413343483,-0.009427241641337347,0.0,-0.06185858907420427,-0.04424673139426627,-0.09346025855791029,-0.04424673139426627
2021-06-24,94.79121295682734,101.2214653067916,103.93096025671989,96.80720404845188,103.93096025671989,106.21823413728816,115.17178809288751,-0.12045031777850845,-0.012435093718338397,-0.00022904633903542138,-0.06642922993605194,-0.046415669320232444,-0.1027627580267505,-0.046415669320232444
2021-06-25,94.7693486934186,100.94329944285607,103.87167333623724,96.85164476056649,103.87167333623724,105.71679110513284,114.28795103617495,-0.12065319213081693,-0.017097264437689663,-0.007901364635923946,-0.0689947679769477,-0.04695963695265748,-0.10235086861871556,-0.04695963695265748
2021-06-28,95.19526799234418,101.42682217001769,104.08256975257504,97.15368452003898,104.08256975257504,106.15523450336714,114.7232527263681,-0.11670116775707451,-0.013020833333333148,-0.004122644229294092,-0.06453521304587129,-0.0450246262732652,-0.09955147653401353,-0.0450246262732652
2021-06-29,94.325819686251,100.9605770464166,103.4642003221105,96.3197819102292,103.4642003221105,105.66911570648989,114.35910622643813,-0.12476861364660619,-0.017540526849037175,-0.007283688262175403,-0.06883541575247665,-0.0506982715278248,-0.10728032776006025,-0.0506982715278248
2021-06-30,94.23919796493344,100.8540085644236,103.1683173783027,96.2618533932364,103.1683173783027,105.64527800716843,114.10416343288192,-0.12557236016573803,-0.01776215805471082,-0.009496768427581181,-0.06981830233189157,-0.05341304812792136,-0.107817226055276,-0.05341304812792136
2021-07-02,94.28871103998058,100.894446561865,102.8915457847042,96.48940686433994,102.8915457847042,105.78830420309731,113.98713719780451,-0.12511293773548227,-0.016432370820668063,-0.010512637266504865,-0.06944534060587038,-0.05595247482215071,-0.10570819449278812,-0.05595247482215071
2021-07-05,93.82792463208555,100.45658886309394,102.29576068783524,95.8431464631434,102.29576068783524,104.55555460961521,112.7381166137219,-0.12938848739872622,-0.027893870314082414,-0.021355001713285193,-0.07348372463618624,-0.06141890495445612,-0.11169792331168782,-0.06141890495445612
2021-07-06,93.35571916469428,99.56337620562772,101.93222978298724,95.02637184696653,101.93222978298724,103.71272166932013,112.22813536631035,-0.13376999234873055,-0.03573011651469038,-0.02578199244180146,-0.08172187082320514,-0.06475436316368088,-0.11926802732549147,-0.06475436316368088
2021-07-07,93.916770609943,100.04666501248651,102.2527971355106,95.89049964076553,102.2527971355106,104.22608355113621,113.10239853172313,-0.12856410242512362,-0.030957130192502014,-0.0181927821576785,-0.07726447335108833,-0.061813102893029104,-0.11125904032869116,-0.061813102893029104
2021-07-08,94.09014912201224,100.25213532865676,102.45768888146895,96.07066347816288,102.45768888146895,104.42700130256009,113.62257341883519,-0.12695535610320463,-0.029089095744680438,-0.013677303570690857,-0.07536941007858033,-0.05993318609105891,-0.10958922963475959,-0.05993318609105891
2021-07-09,92.99775693362294,99.65185200183136,102.18662080434795,95.21322688082434,102.18662080434795,104.16138122440648,113.36062567754522,-0.13709145598196293,-0.031558700607902335,-0.015951191538007947,-0.08090585401349482,-0.06242028204640848,-0.11753620068226467,-0.06242028204640848
2021-07-12,92.64816714970245,99.76948298520018,102.39480440552111,95.12745324850948,102.39480440552111,104.13158410025463,113.44572761480534,-0.1403352332664164,-0.03183573961499464,-0.01521244773293362,-0.07982093741606988,-0.060510161909994364,-0.11833117558158823,-0.060510161909994364
2021-07-13,92.676187512086,99.73076818162556,102.4358288747082,95.1055608978495,102.4358288747082,103.95450404815223,113.33837330470998,-0.14007523763959162,-0.03348214285714246,-0.016144357558776523,-0.08017800603660885,-0.060133755390756716,-0.11853408023645917,-0.060133755390756716
2021-07-14,92.66970777739375,99.4706356494152,102.24385247732629,95.04919534717152,102.24385247732629,103.60460067596912,113.24212938420271,-0.14013536186853304,-0.03673537234042512,-0.016979821501665104,-0.08257722173338078,-0.06189517166124592,-0.11905649250659667,-0.06189517166124592
2021-07-15,92.32994766401946,99.30402307424193,101.93918116951754,94.70807687205286,101.93918116951754,103.3560075259023,113.24742353712158,-0.14328793150477148,-0.03904666919959432,-0.01693386458460966,-0.08411389806616665,-0.06469058300370334,-0.12221807746104285,-0.06469058300370334
2021-07-16,92.273399536811,99.55589621261926,102.24487634732236,94.63817595248835,102.24487634732236,103.57565489822164,113.43153815437906,-0.1438126308494151,-0.037004495947314475,-0.015335622085066447,-0.08179085918265849,-0.06188577747896851,-0.12286593945538427,-0.06188577747896851
2021-07-19,92.3394958509061,99.63639832164968,102.2765525388757,94.84714491843516,102.2765525388757,103.48456083295743,113.37855130079684,-0.14319933569003318,-0.037851443768996296,-0.01579558470277498,-0.0810483840990236,-0.06159514300540769,-0.12092915447634212,-0.06159514300540769
2021-07-20,92.59873830551186,100.19785345964422,102.9744143697499,95.28978567076656,102.9744143697499,103.41560177420601,113.52292023273777,-0.1407938741345337,-0.03849259118540971,-0.014542362302084388,-0.07587005454268636,-0.05519214138531936,-0.11682663161442763,-0.05519214138531936
2021-07-23,92.6767162481114,100.4586654877449,103.21563729677356,95.5079644499249,103.21563729677356,104.01069291083861,113.81745164743336,-0.14007033159831828,-0.03295972644376821,-0.011985625463755367,-0.07346457182044064,-0.05297887978509652,-0.11480448741562255,-0.05297887978509652
2021-07-26,92.62619079381597,100.11157373678355,102.97452821794424,95.14346682238735,102.97452821794424,103.72293782617221,113.35667453504573,-0.14053914770356102,-0.03563513171225863,-0.015985490193695884,-0.07666581685523344,-0.05519109680867018,-0.11818275713482551,-0.05519109680867018
2021-07-27,92.54751056800224,99.94313778007444,102.84659584807858,95.10627541069366,102.84659584807858,103.9281123096178,113.49098804964797,-0.14126920659249087,-0.033727520263423516,-0.014819555785565153,-0.07821931032951568,-0.05636489817632129,-0.11852745792420516,-0.05636489817632129
2021-07-28,92.71082529617132,100.34274154408418,103.18388898370468,95.2753398074716,103.18388898370468,104.1784081524933,113.55578969614797,-0.13975384021218484,-0.03140039260384919,-0.014257032575733075,-0.07453374430301807,-0.0532701759858939,-0.11696052006485957,-0.0532701759858939
2021-07-29,93.27091096361468,100.76522498822452,103.55721912187408,95.7664075225208,103.55721912187408,104.75051293620876,113.77815742396604,-0.1345569115576165,-0.026081243667678833,-0.012326726560819234,-0.07063715781229762,-0.04984480813545267,-0.11240916206827578,-0.04984480813545267
2021-08-03,93.7794335070363,101.10979940299649,103.97660655893516,96.4449272575781,103.97660655893516,105.95942483036937,114.28649487044349,-0.12983842734882534,-0.014841375379938238,-0.007914005163835558,-0.06745913029839035,-0.04599685669271081,-0.10612044438769341,-0.04599685669271081
2021-08-04,94.08673299856548,101.61929073227329,104.4556955964995,96.87799467019843,104.4556955964995,105.78830420309735,114.50956339560214,-0.12698705366459562,-0.01643237082066762,-0.00597761574223743,-0.06276006561707781,-0.04160113285745193,-0.1021066500145652,-0.04160113285745193
2021-08-05,94.28493396309696,101.79681379544508,104.75390467257336,97.15296704895243,104.75390467257336,106.14416700011083,114.72988747285902,-0.12514798451533748,-0.01312373353596652,-0.004065050030781059,-0.06112276129346339,-0.038865013596087405,-0.09955812626411598,-0.038865013596087405
2021-08-06,94.3265324177226,102.2694730149077,104.98603493141528,97.00309795511072,104.98603493141528,106.66178561394864,114.65910298260818,-0.12476200034649321,-0.008311170212764729,-0.004679508471466365,-0.05676340105150146,-0.036735178781114874,-0.10094715648905939,-0.036735178781114874
2021-08-09,95.07755555687966,103.04604166845468,105.48540669751368,97.7156423902364,105.48540669751368,106.39531418939067,114.77350593087105,-0.11779339911456854,-0.010788690476189466,-0.0036864115804624564,-0.04960106849978407,-0.03215335744357428,-0.09434308802081226,-0.03215335744357428
2021-08-11,95.96851195034684,104.10692571642824,106.64068785589362,98.3834090097316,106.64068785589362,106.98785128681025,115.309987366478,-0.10952638376258472,-0.005279571935155936,0.0,-0.03981648047180597,-0.021553455283145118,-0.08815403333374783,-0.021553455283145118
2021-08-12,95.7747317356746,103.92764732685713,106.4428338965927,98.18279029937112,106.4428338965927,106.63965060743583,114.75696047667437,-0.11132443361255762,-0.008516970618033248,-0.00479600165114924,-0.04146997426089949,-0.02336879918919843,-0.09001342572237603,-0.02336879918919843
2021-08-13,96.65305174884308,104.75738414516104,107.12009511246924,99.20350995695996,107.12009511246924,107.4663079660485,115.08361385341807,-0.10317466883612247,-0.0008311170212751406,-0.0019631735136738104,-0.0338172689965901,-0.01715481173404798,-0.08055309991909665,-0.01715481173404798
2021-08-16,96.84593495509614,104.94308662613705,107.4875662293103,99.6399819950292,107.4875662293103,107.2492146329422,115.57676509979467,-0.10138494215710003,-0.002849544072946797,0.0,-0.03210452548273057,-0.01378320140608158,-0.07650775048993974,-0.01378320140608158
2021-08-17,96.52108677669436,105.0788072584904,107.31069385915266,99.4540376512772,107.31069385915266,107.47822681570925,115.92906605713553,-0.10439914677766593,-0.0007203014184381518,0.0,-0.030852767124207925,-0.01540603564427101,-0.0782311365931585,-0.01540603564427101
2021-08-18,96.38777327502746,105.23321669910212,107.3289843731318,99.40591430452923,107.3289843731318,107.4152271817882,116.39400904904653,-0.10563613746877942,-0.0013060410334332362,0.0,-0.029428640927851135,-0.015238217051163683,-0.0786771577269686,-0.015238217051163683
2021-08-19,95.87940093225372,104.95434445399724,107.07364123523104,99.02563683030648,107.07364123523104,107.33179523416302,116.31314828699895,-0.11035322799425351,-0.002081750253291381,-0.0006947158424065458,-0.032000693958529336,-0.01758103400048583,-0.0822016796415298,-0.01758103400048583
2021-08-23,96.5863017282675,105.23946546757644,107.09187828233613,99.63875488967436,107.09187828233613,108.23507376916615,116.65617155042041,-0.10379402961392237,0.0,0.0,-0.029371008215473005,-0.01741370597508962,-0.07651912365823865,-0.01741370597508962
2021-08-24,96.53628541814908,105.22254187683411,107.0710692264596,99.72640823060942,107.0710692264596,108.17547952086244,117.26062767548049,-0.10425812146693603,-0.0005506001541681904,0.0,-0.029527095361550848,-0.017604632620730976,-0.07570672707429271,-0.017604632620730976
2021-08-25,96.93310809988952,105.0276410244185,107.35168911630512,99.77729049430044,107.35168911630512,107.7387388154368,116.94101511201407,-0.10057607908414634,-0.004585712712571133,-0.0027256596677185385,-0.03132467592733579,-0.015029897150445781,-0.07523513549814675,-0.015029897150445781
2021-08-26,96.95132906262076,104.89038325769302,107.4861494825802,99.62142381834283,107.4861494825802,107.99329139033401,117.46969789377737,-0.10040701022765508,-0.002233863482624776,0.0,-0.03259061135507135,-0.013796200299568406,-0.07667975305348651,-0.013796200299568406
2021-08-27,96.43201425002415,104.4973289167428,107.0356985755375,99.3880449675904,107.0356985755375,108.84208375545946,117.78135005550313,-0.10522563385472361,0.0,0.0,-0.03621577171651935,-0.01792916439068626,-0.07884277592396616,-0.01792916439068626
2021-08-30,96.84210099247976,104.90776234668542,107.62143278389088,99.94930804363491,107.62143278389088,108.7637598862603,118.0546972679246,-0.10142051676887787,-0.0007196101590183357,0.0,-0.03243032312525296,-0.0125549528790323,-0.07364082696446983,-0.0125549528790323
2021-08-31,96.95970574712848,104.854503412274,107.31078120781494,99.5243767830296,107.31078120781494,108.07161525953315,117.94097205774654,-0.10032928456124557,-0.0070787738468638395,-0.000963326430967526,-0.03292153301102729,-0.015405234205359664,-0.07757921312117477,-0.015405234205359664
2021-09-02,96.70209142716008,105.0183015267186,106.9007981640584,99.58150123423016,106.9007981640584,108.24273588680518,117.5347149756254,-0.1027196389643178,-0.005506582086400091,-0.004404587909950686,-0.031410814594003744,-0.019166898731550308,-0.07704976714090683,-0.019166898731550308
2021-09-03,97.31222031300074,105.74634803398722,107.60771188066246,100.2663506301743,107.60771188066246,108.69565217391323,118.26258925561687,-0.09705836877992091,-0.001345358123381879,0.0,-0.02469600428797747,-0.012680844512180656,-0.07070238432757381,-0.012680844512180656
2021-09-06,97.29067015485568,105.59287563077366,107.47115424197038,100.250104430797,107.47115424197038,108.04777756021167,118.08517794050258,-0.09725832860907668,-0.007297785634391096,-0.00150014739429416,-0.026111488140314387,-0.013933784196079935,-0.07085295881492848,-0.013933784196079935
2021-09-07,97.66826207601471,106.17870691299362,107.69700781572716,100.6899738033769,107.69700781572716,108.24614127242253,118.43723700995258,-0.09375472480546143,-0.005475294688181975,0.0,-0.020708336154596774,-0.011861539039963676,-0.06677612190427284,-0.011861539039963676
2021-09-08,97.55386788976854,106.06538625052846,107.38895248680818,100.40421387689425,107.38895248680818,108.47004537676355,118.58743584458347,-0.09481616675796223,-0.003418148255336373,0.0,-0.021753498441085206,-0.01468799935471432,-0.06942462777554514,-0.01468799935471432
2021-09-09,98.7848644709679,107.52909313925134,108.53459155471216,101.57733558281788,108.53459155471216,110.42899345314635,120.02009506062772,-0.0833939830129059,0.0,0.0,-0.0082536546766101,-0.004176565023026102,-0.05855179559050383,-0.004176565023026102
2021-09-10,99.65415557199483,108.89256119705576,108.28057475021512,102.5132649040902,108.28057475021512,109.68747073496755,120.2812502868074,-0.07532799579936078,-0.006714927801034554,0.0,0.0,-0.006507212636589932,-0.049877331214071785,-0.006507212636589932
2021-09-13,99.40640281464366,109.3891606396642,108.47824980944442,102.84308932472786,108.47824980944442,109.71897055192808,120.3658966330978,-0.07762684663374109,-0.006429678284802232,0.0,0.0,-0.004693510169282433,-0.04682042283192045,-0.004693510169282433
2021-09-14,98.83621330870346,108.81937857817633,108.34562905117056,102.11946508612822,108.34562905117056,109.83645635572678,120.34084533890943,-0.08291752688892606,-0.005365774683719904,-0.0002081261793340783,-0.005208761619122204,-0.005910328302208723,-0.05352718213199459,-0.005910328302208723
2021-09-15,99.18089106281172,109.39200477862008,108.88673406480112,102.41730610924836,108.88673406480112,109.7836728786578,120.4906863603818,-0.07971932739724097,-0.005843760359568573,0.0,0.0,-0.0009455972829262027,-0.050766705153472924,-0.0009455972829262027
2021-09-16,98.66313489981088,110.00736472692014,108.75646960390884,102.39206669149988,108.75646960390884,109.84411847336581,120.37986854009257,-0.08452348861040127,-0.005296389666258228,-0.0009197210476316053,0.0,-0.0021407959844920166,-0.05100063139679589,-0.0021407959844920166
2021-09-17,98.99992969642544,110.14940180916172,108.97276663532304,102.72933458838288,108.97276663532304,110.83849107363315,120.78068673269273,-0.08139843358582743,0.0,0.0,0.0,-0.00015623373836581855,-0.04787473471813575,-0.00015623373836581855
2021-09-20,98.18664714676682,109.08818455823476,108.63900357792546,102.08876010386837,108.63900357792546,110.24595397621357,120.30214876584158,-0.08894472807658704,-0.005345950596042814,-0.003962040453621807,-0.009634344204297762,-0.003218566857466576,-0.053811764812265794,-0.003218566857466576
2021-09-21,98.16912269508526,108.5871670028612,108.45975516259185,101.8931993984436,108.45975516259185,110.17103549263179,120.17952730524529,-0.08910733413918315,-0.006021875384048303,-0.00497728108449913,-0.014182871451332568,-0.00486320171640664,-0.0556242781442885,-0.00486320171640664
2021-09-22,97.96010583617654,108.05343005756252,108.54885020495166,101.62697111825749,108.54885020495166,110.44857442044614,120.24390406045697,-0.09104676192048855,-0.0035178812830281014,-0.004444275709607037,-0.01902844425093242,-0.0040457394691060244,-0.058091759053353065,-0.0040457394691060244
2021-09-23,98.31855943825086,108.46665840328826,108.75750314530175,102.17724941681992,108.75750314530175,111.33908275938418,120.60186313407779,-0.08772073894893717,0.0,-0.0014805645128571632,-0.01527691824226951,-0.0021313130654950774,-0.05299162019723258,-0.0021313130654950774
2021-09-24,98.55062171559524,108.82062701438004,109.18219180733696,102.59861243403373,109.18219180733696,111.79795847132262,121.20895009683564,-0.08556747710190493,0.0,0.0,-0.012063386391183872,0.0,-0.04908630555509885,0.0
2021-09-27,99.17083190137966,109.62058449614352,109.40580043557044,103.03443323745051,109.40580043557044,111.7136751772931,121.22296839568378,-0.07981266444784951,-0.0007538893838668903,0.0,-0.0048009095313508166,0.0,-0.04504699195756401,0.0
2021-09-28,99.61941684368946,110.3267080696132,109.36528083021496,103.6309212789738,109.36528083021496,112.11721337294954,121.41876112606373,-0.0756503298690353,0.0,0.0,0.0,-0.00037036066821105607,-0.03951856780249274,-0.00037036066821105607
2021-09-29,99.96245699858012,110.83375304177142,109.21775638265458,104.44289510502796,109.21775638265458,112.35473901975995,121.65941633901689,-0.07246732534982203,0.0,0.0,0.0,-0.0017187758982357693,-0.03199295890381337,-0.0017187758982357693
2021-09-30,99.22502841202076,110.00730208162884,109.03827610821509,103.74906644710748,109.03827610821509,112.26534764730441,121.04970439551603,-0.07930978530721011,-0.0007956172853538224,-0.005011629694177011,-0.007456672155016775,-0.003359276435912495,-0.03842356412119974,-0.003359276435912495
2021-10-04,98.09673014293917,109.10144319715572,108.22558190445709,102.63385654612452,108.22558190445709,111.37058257634469,121.07112276651296,-0.08977905089698324,-0.008759367446371624,-0.004835577797485002,-0.015629804072075593,-0.010787531615459311,-0.04875965290317108,-0.010787531615459311
2021-10-05,97.93270551288296,109.62827331078756,108.923455303748,103.14484022626638,108.923455303748,111.17477290334685,121.31264810554059,-0.09130100432222465,-0.010502148166670389,-0.002850319719683636,-0.01087646766350614,-0.004408771106304332,-0.0440237079663216,-0.004408771106304332
2021-10-06,98.2155974583468,109.9581923313322,109.11758404646277,103.44747355066607,109.11758404646277,111.33738006657548,121.44067607697109,-0.08867610362758893,-0.009054882438074507,-0.0017979723117876878,-0.007899765968488293,-0.0026343794201058035,-0.04121881454973586,-0.0026343794201058035
2021-10-07,98.7304606921106,110.51235891641916,109.49343175108986,103.99887489957167,109.49343175108986,111.50424396182584,122.02424579150654,-0.0838987853560027,-0.007569730172080513,0.0,-0.002899785638686536,0.0,-0.03610826693734148,0.0
2021-10-08,99.21661533549664,110.71263300679053,109.9219680591488,104.19906504665865,109.9219680591488,112.31472573875607,122.51782011003777,-0.07938784864823589,-0.0003561334515390646,0.0,-0.0010928082073990986,0.0,-0.034252846597418896,0.0
2021-10-11,100.0208368011272,111.30309939504228,110.45206384646858,104.79786592652988,110.45206384646858,111.914592928717,122.71858592004683,-0.07192563023719778,-0.003917467966932264,0.0,0.0,0.0,-0.02870298638579738,0.0
2021-10-12,100.49097096566425,111.84624427728988,110.87795528610371,105.28731396808256,110.87795528610371,112.04229488936777,123.01808607892941,-0.06756334451343193,-0.0027808718449983116,0.0,0.0,0.0,-0.024166639992897365,0.0
2021-10-13,100.49089691098764,111.92963269279645,111.127740258705,105.81857610022868,111.127740258705,112.2730097649435,122.82181133568224,-0.06756403165272717,-0.0007274215180373966,-0.001595495016247006,0.0,0.0,-0.01924274848196139,0.0
2021-10-14,101.07011627042,112.90312499782792,111.8149272652745,106.40119691671651,111.8149272652745,113.08604558108672,123.47501436951282,-0.06218956510003848,0.0,0.0,0.0,0.0,-0.01384284979012329,0.0
2021-10-15,101.80615951448874,113.71250842808124,111.95650203003828,106.9860975033581,111.95650203003828,113.23673389465463,124.12801143103833,-0.05535995947280814,0.0,0.0,0.0,0.0,-0.008421821527348827,0.0
2021-10-18,101.6937561390979,113.5679597055124,112.2020116715571,106.8093422548796,112.2020116715571,113.14904521500777,124.27918771915536,-0.056402929069058194,-0.0007743836883218336,0.0,-0.0012711769757525193,0.0,-0.010060040430662776,0.0
2021-10-21,102.0189089342984,113.70801938345684,112.69439968789248,107.36727493404894,112.69439968789248,113.19076118882036,124.63680069208061,-0.05338589796700577,-0.0004059875647511868,0.0,-3.947714008289971e-05,0.0,-0.004888958555246847,0.0
2021-10-22,102.69089228289825,114.27724720873722,113.22852595086708,108.03317752715228,113.22852595086708,113.23503120184597,125.21185162978092,-0.047150691957052904,-1.5036576472171603e-05,0.0,0.0,0.0,0.0,0.0
2021-10-25,103.14748684226218,114.13221616040832,113.28096351961187,107.87450976760194,113.28096351961187,113.51682686168199,125.51798727130867,-0.04291403766109492,0.0,0.0,-0.0012691156977555629,0.0,-0.001468694739728993,0.0
2021-10-26,104.55552885581568,115.64639148614188,114.69240731749704,109.6165875019002,114.69240731749704,115.36765394471382,127.08302760249839,-0.02984908293644617,0.0,0.0,0.0,0.0,0.0,0.0
2021-10-27,105.010411876359,116.61993501320956,115.59764310118024,110.6854463273184,115.59764310118024,115.2586816049585,127.80194585607558,-0.025628309684509243,-0.0009445657949112007,0.0,0.0,0.0,0.0,0.0
2021-10-28,105.7184236891402,116.92556842319271,116.14883605287798,111.43066924549558,116.14883605287798,115.6043282451199,128.07444054583078,-0.01905880239036395,0.0,0.0,0.0,0.0,0.0,0.0
2021-10-29,105.85740235150509,116.79482248662428,116.20309119926053,110.9067042135675,116.20309119926053,115.40426184010038,128.19537926456047,-0.0177692457478692,-0.0017306134472345747,0.0,-0.001118197998364323,0.0,-0.004702161760993473,0.0
2021-11-02,105.53542892478248,116.31362302010926,115.5499799924484,111.18465583456968,115.5499799924484,115.46470743480842,128.32718640865522,-0.020756776092972107,-0.0012077472567934011,0.0,-0.005233632056152349,-0.005620428854962167,-0.002207771097415767,-0.005620428854962167
2021-11-03,106.83336335379774,116.84502271959347,117.26969872260888,111.6252558037846,117.26969872260888,115.52174764389909,128.8394358644714,-0.008713488756785792,-0.000714338316518015,0.0,-0.0006888630492495329,0.0,0.0,0.0
2021-11-04,108.1307633725652,118.14691666608384,118.81013147954508,112.37868971723336,118.81013147954508,114.99135883399623,128.8945513287735,0.0,-0.005302305029825316,0.0,0.0,0.0,0.0,0.0
2021-11-05,107.5422686820316,116.85402746022264,118.5796324564147,111.48110531823777,118.5796324564147,114.19790398515278,128.40717813385908,-0.005442435364170439,-0.012165844318432706,-0.003781177636215771,-0.01094306345306717,-0.001940062015418742,-0.0079871406336387,-0.001940062015418742
2021-11-08,106.93990967850117,116.19956784994952,118.04636652204354,110.5503039227952,118.04636652204354,114.32134921378186,128.01555075914231,-0.011013088754038836,-0.01109801899992624,-0.006819532405129447,-0.01648243450684439,-0.006428449728910768,-0.016269862186850004,-0.006428449728910768
2021-11-09,107.0412038804836,115.91594990011085,117.8284020375579,110.746856762671,117.8284020375579,113.9127029396994,127.74068143874277,-0.010076313697402806,-0.014632889019809747,-0.008952045514224571,-0.018882987630378323,-0.008263011157059519,-0.014520839837769639,-0.008263011157059519
2021-11-10,106.79550656523082,115.5272220509741,117.29435609076393,110.23135954800831,117.29435609076393,113.60621823413754,127.07035222313353,-0.012348537693512296,-0.017284041534722627,-0.014152647158737985,-0.022173194942646912,-0.01275796407179397,-0.019107983681142193,-0.01275796407179397
2021-11-11,106.20118252321302,114.5866633242711,116.92063644288402,109.3602156294656,116.92063644288402,113.50575935842562,126.48446251191608,-0.01784488326142486,-0.018153030414610583,-0.01869814349801313,-0.03013411980843317,-0.0159034840979565,-0.026859844116022602,-0.0159034840979565
2021-11-12,106.07110748367607,114.39623903770256,117.02117356517512,109.5134694170433,117.02117356517512,113.19246388162907,126.35083181397115,-0.019047825287171638,-0.020863097429854705,-0.019734887848859017,-0.03174587821857211,-0.015057284190262421,-0.025496117701670262,-0.015057284190262421
2021-11-15,105.583835404341,113.92857977718838,116.94506447485084,109.32767850391316,116.94506447485084,113.19927465286376,126.51152664415368,-0.023554147670711845,-0.02080418292952335,-0.018488172386289636,-0.035704164001314265,-0.015697878467673787,-0.027149375215150928,-0.015697878467673787
2021-11-16,106.04289904867186,114.41724683021457,116.76255737702392,109.73409497724109,116.76255737702392,112.91492495381472,126.06955716811778,-0.019308698642028332,-0.023263863318359057,-0.021917095265337916,-0.03156806746307528,-0.01723400249644258,-0.023532884630053874,-0.01723400249644258
2021-11-17,105.57806188738556,113.7164690259847,116.51352912597272,109.552299797572,116.51352912597272,113.13968040456007,125.89982430736922,-0.023607541513272157,-0.021319684807423078,-0.023233930298307115,-0.037499477473634135,-0.01933002114359028,-0.025150586172281386,-0.01933002114359028
2021-11-19,106.26085659129836,114.70095333130564,117.03854953233082,110.1266665268049,117.03854953233082,113.57301572436836,126.5325798604296,-0.017293013782063715,-0.017571249723838056,-0.01832483564273535,-0.02916676483837033,-0.014911034312921845,-0.02003959288095447,-0.014911034312921845
2021-11-22,106.9006566733379,115.53491687976351,117.41444855250268,110.66825852435214,117.41444855250268,113.66751517524993,126.96397443968121,-0.011376102978103986,-0.016753811031739896,-0.014977955772295881,-0.022108065618864692,-0.011747170966498688,-0.015220245023188972,-0.011747170966498688
2021-11-23,106.69715124608474,115.08020482023402,117.37295612003092,110.05849844706584,117.37295612003092,113.28696333251062,126.67946287745377,-0.013258133779569636,-0.020045658737756655,-0.017185276091847057,-0.025956765799629022,-0.012096404082858725,-0.02064618546457131,-0.012096404082858725
2021-11-24,106.71638343032694,115.25690657839267,117.23529954637807,110.14550508439469,117.23529954637807,113.57642110998572,126.56309874672694,-0.013080273347974125,-0.01754179247367227,-0.01808806158221299,-0.024461155392308198,-0.013255030640532017,-0.019871958273030232,-0.013255030640532017
2021-11-25,107.31118706245266,115.60967927729186,117.87335857561447,110.3332825940441,117.87335857561447,113.43765164607855,126.84076797595677,-0.007579492501025631,-0.018742175417924445,-0.015933825996865547,-0.02147527384030612,-0.007884621389312119,-0.018201023061720112,-0.007884621389312119
2021-11-26,107.07254698000432,115.30991055628644,117.3710755121404,109.80571567854808,117.3710755121404,112.55735946399257,125.76925944205671,-0.009786450770857713,-0.026356874585757195,-0.024246889061625754,-0.02401252770578488,-0.012112232765708497,-0.02289556894780831,-0.012112232765708497
2021-11-29,105.86331381570922,113.69702674118604,116.17597321004848,108.64527798626598,116.17597321004848,111.52212223631699,123.81361812577758,-0.020969514004478662,-0.03531187863612917,-0.03941930167424923,-0.03766403771225313,-0.022171158609904484,-0.03322170547068459,-0.022171158609904484
2021-11-30,105.70949520910192,113.69493104062572,115.95547387805556,108.3922486158315,115.95547387805556,111.40208239330526,124.61700408990659,-0.02239203800976408,-0.03635024670446996,-0.03318640853914845,-0.03768177580156984,-0.02402705531877125,-0.03547328333719246,-0.02402705531877125
2021-12-02,104.81807452848724,112.7717691530659,115.21839588112395,107.7481846972316,115.21839588112395,112.6450481436394,123.93732177134231,-0.030635951701035058,-0.02559835039399072,-0.038459574173827615,-0.04549545315862624,-0.03023088648832528,-0.0412044759700706,-0.03023088648832528
2021-12-03,104.83860216911438,112.55664080897354,115.29269352866773,107.68482616712778,115.29269352866773,112.59907543780511,124.09866140696668,-0.030446110808518556,-0.02599602327122774,-0.037207856130193284,-0.04731630765202255,-0.029605538745514526,-0.04176827085202939,-0.029605538745514526
2021-12-06,104.22314113440105,111.691092528186,114.49321768284366,107.17037843720765,114.49321768284366,112.19468589574436,124.01135027945453,-0.036137932594634714,-0.029494071728404125,-0.037885240291215316,-0.05464234124825951,-0.036334559544230705,-0.046346075871954384,-0.036334559544230705
2021-12-07,104.65952134320382,111.94948162381758,114.70399758404744,107.65692068768831,114.70399758404744,112.61950775150925,124.10779089001154,-0.03210226138329564,-0.02581927977023346,-0.037137027045870186,-0.05245532610708703,-0.034560469249245496,-0.04201658732118996,-0.034560469249245496
2021-12-08,104.36217779404156,111.64469266244052,114.35951114710548,107.1993921679232,114.35951114710548,112.6450481436394,123.66234018628764,-0.03485211295086266,-0.02559835039399072,-0.04059295826353415,-0.055035071478169995,-0.03745993945984172,-0.04608789764627341,-0.03745993945984172
2021-12-09,104.25395792221764,112.15768730454523,114.63664805459337,107.46195355891936,114.63664805459337,113.03922152884813,124.01564256707181,-0.0358529370313424,-0.022188673687311145,-0.03785193952269539,-0.05069306529992512,-0.035127336136903775,-0.043751499244967684,-0.035127336136903775
2021-12-10,104.64362455815277,112.1314928292517,114.80368653749916,107.6932565688742,114.80368653749916,113.56790764594231,124.46703586805779,-0.032249275836493174,-0.017615435599086737,-0.03434990397245241,-0.05091477633591923,-0.033721408201081604,-0.04169325305490401,-0.033721408201081604
2021-12-13,103.2613555213386,110.8673322477182,113.21844203089957,106.30764176111016,113.21844203089957,113.09285635232145,124.08998081337418,-0.0450325855413507,-0.021724721997201435,-0.03727520260452455,-0.061614679619103274,-0.04706407929199374,-0.05402312459238612,-0.04706407929199374
2021-12-14,102.31136750748982,109.87061997774596,112.33754566089004,105.3669298341036,112.33754566089004,113.07497807783034,123.44040162259024,-0.053818133559499715,-0.021879372560571375,-0.04231481974960494,-0.07005089021264099,-0.05447839959481393,-0.062394034854585945,-0.05447839959481393
2021-12-15,101.69369698422976,109.29613670267582,112.06945621608476,104.74882992920152,112.06945621608476,112.98218131975743,123.65982945158895,-0.059530388832607084,-0.022682082627586753,-0.040612437245948874,-0.07491333852090942,-0.056734852318725215,-0.06789418712061912,-0.056734852318725215
2021-12-16,102.26421629104314,109.86450120018472,112.47733613344258,105.32177273331868,112.47733613344258,112.96941112369237,123.70366600349637,-0.054254190930927204,-0.02279254731570801,-0.04027234100871069,-0.07010267977883455,-0.053301812456901354,-0.0627958646045016,-0.053301812456901354
2021-12-17,101.71572425697232,109.03870805839392,111.73291271643996,104.7448899389516,111.73291271643996,113.26057159397611,123.60183715516814,-0.05932667924936241,-0.020273952426541064,-0.041062357710568764,-0.07709222436529817,-0.059567468489196695,-0.06792924706178616,-0.059567468489196695
2021-12-20,101.2230855703929,108.90148775719854,111.3746626595636,104.29262977206118,111.3746626595636,112.83745243101988,123.30444882478217,-0.06388263234924052,-0.023934015759628946,-0.04336957960102261,-0.07825366221799479,-0.06258278420693109,-0.07195367703181343,-0.06258278420693109
2021-12-21,100.44117964052828,108.18963712424276,110.7624951981024,103.58586103323924,110.7624951981024,112.74380432654266,123.00862964154133,-0.07111374683948557,-0.02474409013918555,-0.045664627608802855,-0.08427879307238395,-0.0677352695534067,-0.07824284751956612,-0.0677352695534067
2021-12-22,100.55892293004092,108.1965296141216,110.56520125966898,103.59849348401256,110.56520125966898,112.46711674513266,123.13209852476483,-0.0700248496021012,-0.027137491715148454,-0.044706721460322174,-0.08422045477568241,-0.06939585132346715,-0.07813043785537521,-0.06939585132346715
2021-12-23,99.8833379564259,107.327905739904,109.9940438822349,103.05888915924182,109.9940438822349,112.80339857484634,123.19571402564125,-0.07627270130076436,-0.024228588261285933,-0.04421317460189711,-0.09157252031178598,-0.07420316337944621,-0.08293209843825344,-0.07420316337944621
2021-12-24,99.92173426424412,107.37819460954982,110.3680710501778,103.12102137928552,110.3680710501778,112.73869624811661,123.79394066317779,-0.07591760986683149,-0.02478827601443423,-0.039571964935782966,-0.09114687340482552,-0.0710550550213026,-0.08237921585704489,-0.0710550550213026
2021-12-27,100.49011901152922,107.95574279275507,110.757743639444,103.41669441335262,110.757743639444,112.6876154638563,123.63182404786264,-0.07066115250393723,-0.02523013476691971,-0.04082971100529409,-0.08625848359743371,-0.06777526242774523,-0.07974817402152368,-0.06777526242774523
2021-12-28,100.49947788699868,107.65010739248096,110.77951140763945,103.47643515578032,110.77951140763945,113.07412673142596,123.8774190101894,-0.0705746010436723,-0.021886736873113155,-0.0389243165584775,-0.08884539325956164,-0.06759204768061566,-0.07921657196620502,-0.06759204768061566
2021-12-29,101.36943964810388,108.3522630412203,112.0327349430284,104.2959874647846,112.0327349430284,113.98847276968547,124.45410817920602,-0.06252914076972838,-0.013977465203623418,-0.034450200600343206,-0.08290232112062612,-0.05704392758527921,-0.07192379865601217,-0.05704392758527921
2021-12-30,101.09432422107125,108.28393115840412,111.25044780127452,103.97746350873868,111.25044780127452,114.1195801159536,124.51875423197023,-0.06507342528647331,-0.012843361072244153,-0.033948658431975476,-0.08348068477787929,-0.0636282746608362,-0.07475817906076143,-0.0636282746608362
2021-12-31,100.78266763648212,107.67490892544606,111.23194256579312,103.78056631967988,111.23194256579312,113.7254067307449,124.31906517466437,-0.06795564469257631,-0.016253037778923507,-0.035497902020996674,-0.08863547214045875,-0.06378402935322613,-0.07651026559562168,-0.06378402935322613
2022-01-04,100.79246296562512,107.51668615275574,111.21857808431132,103.97590786550133,111.21857808431132,113.04603230008279,124.23753170327745,-0.06786505688169353,-0.022129759186980236,-0.03613046150893773,-0.08997467571136109,-0.06389651539558105,-0.0747720219276009,-0.06389651539558105
2022-01-05,101.29375775553947,108.03825866286034,111.88268535550688,104.47683550496902,111.88268535550688,113.14904521500775,124.4556750674929,-0.06322905160179793,-0.02123867736946783,-0.03443804424252417,-0.0855600661318432,-0.05830686354581516,-0.07031452521956738,-0.05830686354581516
2022-01-06,102.10840257931255,109.02531371293564,112.81566056163004,105.24168454458272,112.81566056163004,113.81479810320043,125.20206218545556,-0.055695165792019496,-0.015479784962074028,-0.028647364106954787,-0.07720559461512144,-0.05045420658378008,-0.06350852809023422,-0.05045420658378008
2022-01-07,103.05738721796229,110.02851517078152,113.54554022704524,105.83543346296813,113.54554022704524,114.73850895190768,125.80702922675219,-0.0469188970498855,-0.0074895058546285975,-0.023953860502186175,-0.06871445928840603,-0.04431096226340103,-0.05822506269408667,-0.04431096226340103
2022-01-10,104.04055678340964,111.02935251691352,114.65127965663682,106.3861145436498,114.65127965663682,114.81513012829814,125.91095046516318,-0.037826483986455606,-0.0068267177259003775,-0.023147610452516343,-0.060243333893228446,-0.03500418500609326,-0.05332483577324176,-0.03500418500609326
2022-01-12,104.2293528345486,111.5089654596985,115.10334484806025,106.55160659816572,115.10334484806025,115.19823601025045,126.95516711265469,-0.036080486406761536,-0.0035127770822593885,-0.01504628548007425,-0.05618387168872163,-0.03119924694404541,-0.05185220733334506,-0.03119924694404541
2022-01-13,104.1445602943922,111.4191562462402,114.83219796737104,106.55298374578324,114.83219796737104,115.68265211431905,127.59542191997961,-0.0368646530723038,0.0,-0.010079009511272385,-0.05694402029007806,-0.033481433465620714,-0.05183995280696663,-0.033481433465620714
2022-01-14,104.4056059405558,111.57517782167812,115.22050733707364,106.73295139662412,115.22050733707364,117.35214241322676,128.60762760084506,-0.0344504867608707,0.0,-0.002226034576097602,-0.05562344773650996,-0.030213114805696883,-0.050238513501225324,-0.030213114805696883
2022-01-17,105.21239373253384,112.28026506207996,116.1190998667968,107.53842377197792,116.1190998667968,117.23721064864105,129.07843806766442,-0.026989263267994335,-0.0009793750861488704,0.0,-0.04965556249415015,-0.022649849631818486,-0.04307103025880166,-0.022649849631818486
2022-01-18,105.64961553395568,112.93172235135644,116.55441869283403,107.980784795103,116.55441869283403,117.21337294931958,129.9760922547184,-0.022945808955964764,-0.001182504733646339,0.0,-0.04414160319957394,-0.018985862220844307,-0.03913468766361605,-0.018985862220844307
2022-01-19,106.80659734448842,114.193136719186,118.62966716601623,109.43074698573352,118.62966716601623,116.95541498880502,131.07678181846424,-0.012245969479697028,-0.0033806577047802433,0.0,-0.033464943973716466,-0.0015189303410535482,-0.026232221953445434,-0.0015189303410535482
2022-01-20,107.9585220419679,115.24455207766218,120.07026224632364,110.75727327338927,120.07026224632364,117.29510220413606,131.9786968106179,-0.0015928984983102357,-0.0004860602279407322,0.0,-0.024565724356773178,0.0,-0.014428148681248087,0.0
2022-01-21,108.80556505478222,115.92206370477732,120.91824769188932,111.34460956154648,120.91824769188932,117.34788568120503,132.43736941320154,0.0,-3.6273151339139e-05,0.0,-0.01883124015495541,0.0,-0.00920174597415957,0.0
2022-01-24,108.41606639956592,115.56270935053776,120.03327511241164,110.881273190129,120.03327511241164,117.08992772069047,131.77477168502256,-0.0035797677721740584,-0.0022344261224730433,-0.0050031024560122095,-0.021872829088293244,-0.007318767815199134,-0.013324737375672857,-0.007318767815199134
2022-01-25,107.40069699284167,114.36077652734907,118.81370872682308,109.71697897040782,118.81370872682308,116.69064625705575,130.83291114703692,-0.012911729847946751,-0.0056368477180562815,-0.012114845479592296,-0.03204603425610719,-0.017404643263015163,-0.023685191147208795,-0.017404643263015163
2022-01-26,107.71844436409948,114.71994815563048,119.29902551644784,109.94554859212424,119.29902551644784,116.82430764253687,130.79395531658255,-0.00999140705841095,-0.0044978707660168205,-0.012408990784855911,-0.029005991922234742,-0.013391048963655172,-0.02165126796932204,-0.013391048963655172
2022-01-27,107.85694909040797,114.75327352538147,119.44082222236638,110.2386495984038,119.44082222236638,116.92306382544011,131.0323228936331,-0.008718450787849275,-0.003656333654955768,-0.010609139442997573,-0.028723924724110672,-0.012218383062311267,-0.01904311328254782,-0.012218383062311267
2022-01-28,107.73699246407736,114.62334584317144,119.09526683209882,109.96295455911134,119.09526683209882,117.42791224321283,131.01833471786802,-0.009820936917765644,0.0,-0.010714760506199461,-0.029823637572117034,-0.0150761435481237,-0.021496381246306373,-0.0150761435481237
2022-01-31,108.29707179456128,115.53561292106411,119.69265625604686,110.61643427870432,119.69265625604686,118.19667804633045,131.4415935391191,-0.004673412246560371,0.0,-0.007518843650356932,-0.022102174298801236,-0.010135702916944211,-0.01568140225663084,-0.010135702916944211
2022-02-02,107.70016164428657,114.98304023234056,119.06161196864376,110.25015067785677,119.06161196864376,118.38397425528493,131.34253466083322,-0.010159438167883228,0.0,-0.008266811378233041,-0.026779170570191746,-0.01535447096435305,-0.018940771108227117,-0.01535447096435305
2022-02-03,107.94384024368092,115.32664358214072,119.26370204581508,110.53776576025518,119.26370204581508,118.45123062122767,131.44788839334242,-0.007919859711839505,0.0,-0.007471312849562484,-0.023870898738000967,-0.013683175845304762,-0.016381432828682208,-0.013683175845304762
2022-02-04,108.43657381161437,115.79544610422788,119.9249690572349,111.07085953187644,119.9249690572349,118.75686398038516,131.82261056850842,-0.00339129016959816,0.0,-0.004641883536474323,-0.019902936345786104,-0.008214464347725103,-0.011637706300435369,-0.008214464347725103
2022-02-07,108.4462614122464,115.48064899861124,119.56571933941458,110.86013297439898,119.56571933941458,118.77389090847193,131.93625434701377,-0.0033022542767451313,0.0,-0.003783789034832785,-0.022567391030679285,-0.011185477612288053,-0.013512853252296897,-0.011185477612288053
2022-02-08,108.12697790778498,115.30981521998076,119.5757382481688,110.79741550883936,119.5757382481688,119.06590272516002,132.00456131481405,-0.006236695215502852,0.0,-0.003268020954396378,-0.02401333463590516,-0.011102620732160728,-0.014070943631508626,-0.011102620732160728
2022-02-09,108.79646882629802,115.56058344080752,120.00674655280967,111.28388238593016,120.00674655280967,118.76793148364155,131.99111623896476,-8.360076508606706e-05,-0.0025025740761926984,-0.003369541211925453,-0.021890822869174098,-0.0075381603395563435,-0.0097421257896666,-0.0075381603395563435
2022-02-10,109.27618810479646,116.15503217846576,120.54418253589252,111.91958422301656,120.54418253589252,119.11613216301598,132.53184122370985,0.0,0.0,0.0,-0.016859386125561815,-0.0030935376846508156,-0.004085343007397602,-0.0030935376846508156
2022-02-11,108.3978376043186,115.6543050783678,119.914496170534,111.14453327082865,119.914496170534,118.76367475161986,132.1009487170158,-0.008037894766566356,-0.0029589393560375266,-0.003251237609886659,-0.021097559361289653,-0.008301075648341927,-0.010982121695048086,-0.008301075648341927
2022-02-14,108.52444220044435,115.41891818942952,119.82093200140962,111.01495345709844,119.82093200140962,118.05194915759292,131.5328861416687,-0.006879320347733753,-0.008933995640210024,-0.007537472299618431,-0.023089882949416274,-0.009074856040552026,-0.012135185626085732,-0.009074856040552026
2022-02-15,107.90547861779498,114.30880423418684,118.94690455915698,110.106432864923,118.94690455915698,117.21081891010652,131.2959872905946,-0.012543533140879304,-0.015995425794231966,-0.009324958603941447,-0.03248592972379105,-0.016303107019508767,-0.020219641802443178,-0.016303107019508767
2022-02-16,107.55399030503582,113.99694483492424,118.55850803795404,109.81527772042932,118.55850803795404,117.14781927618547,130.48746159310096,-0.01576004644405271,-0.016524318336132438,-0.015425573294179484,-0.035125519550278095,-0.01951516581639612,-0.0228104812687715,-0.01951516581639612
2022-02-17,107.27407836104268,114.05142055869084,118.43139817405668,109.5507833963129,118.43139817405668,117.2014540996588,130.65867223257135,-0.01832155548685266,-0.01607404495586584,-0.014133727969391496,-0.03466443495066418,-0.020566370794334987,-0.02516407984499569,-0.020566370794334987
2022-02-18,107.00331396093524,114.10675007490498,118.66540508258878,109.38188456105802,118.66540508258878,116.77663224389391,130.968670221925,-0.02079935421687218,-0.019640496015437714,-0.011794682601188988,-0.03419612381927406,-0.018631121872035306,-0.026667023469626572,-0.018631121872035306
2022-02-21,106.24778048755644,112.98662745086752,117.60494721702892,108.55655841035843,117.60494721702892,116.20708149939148,130.18331433815837,-0.027713335080244206,-0.02442197048207817,-0.017720472785005992,-0.043676884347314315,-0.02740116184368624,-0.034011175219182066,-0.02740116184368624
2022-02-22,105.468686589091,112.59715254336056,117.00710527208044,107.84967222979456,117.00710527208044,115.1139527162209,129.1278104231206,-0.03484292032637559,-0.033598970803702,-0.02568462619366585,-0.04697341479006567,-0.03234534484633644,-0.04030139076042516,-0.03234534484633644
2022-02-23,105.54304215258496,112.99666281627604,117.5540132893057,108.20138852088849,117.5540132893057,115.01434518691332,129.35581153580492,-0.03416248330909377,-0.03443519279562546,-0.023964276498233295,-0.04359194463249394,-0.027822387991893405,-0.03717164888517366,-0.027822387991893405
2022-02-24,103.00255241824982,109.84961044324449,114.85219032218832,104.80751062391826,114.85219032218832,110.28937264283485,125.10928564710863,-0.057410821107066745,-0.07410213343815841,-0.0560058285470596,-0.07022871571240286,-0.050166600041689824,-0.06737201788315605,-0.050166600041689824
2022-02-25,104.06989861046333,110.55355099345871,115.62646577349898,105.97339629982253,115.62646577349898,112.16744281080551,126.58836044314046,-0.04764340323932492,-0.05833541793231545,-0.044845681805151805,-0.06427053609944045,-0.043763303053103164,-0.05699740256384722,-0.043763303053103164
2022-02-28,102.4929256347092,109.65806224559384,114.31516581009858,104.036093139822,114.31516581009858,111.27948851108049,125.91077393626409,-0.06207447924137033,-0.06578994389450687,-0.049958313612119776,-0.07184998694872313,-0.054607819810753466,-0.07423646421223595,-0.054607819810753466
2022-03-02,100.97396314598863,108.31478627555838,112.44266637113743,102.45921960919648,112.44266637113743,110.44346634202012,124.0591842304442,-0.07597469405545099,-0.07280849086945596,-0.06392921817907926,-0.08321952589176584,-0.07009348450325248,-0.08826824848195147,-0.07009348450325248
2022-03-03,100.1940878918206,107.04771434381836,111.53581621067195,101.23736296313652,111.53581621067195,109.52230953252591,122.980905016875,-0.08311142958487971,-0.08054175749562176,-0.07206521933633403,-0.09394407095392021,-0.07759318101536383,-0.09914092059740676,-0.07759318101536383
2022-03-04,100.2777114345636,107.13604926047458,110.92511763231629,101.96701150638091,110.92511763231629,108.84974587309853,121.87949595110157,-0.08234618013581585,-0.0861880427402345,-0.08037574347607102,-0.09319640085681669,-0.08264368902397956,-0.09264815453045638,-0.08264368902397956
2022-03-07,98.43618293014134,105.18921835854331,108.82877927770085,100.20520741550538,108.82877927770085,105.69891283064186,119.08521972942006,-0.09919823671246197,-0.11263981703176884,-0.10145955394667971,-0.10967445171813162,-0.0999805128254384,-0.10832554047710308,-0.0999805128254384
2022-03-08,97.96441727029128,104.91551675112458,108.91658787786008,99.74784537967732,108.91658787786008,107.87835962574832,120.19721771414764,-0.10351542299093686,-0.09434299396061852,-0.09306913263765593,-0.11199107254195118,-0.09925433127852268,-0.1123953693474955,-0.09925433127852268
2022-03-09,99.07152193811086,105.99868896898556,110.18413905445745,100.71560830387148,110.18413905445745,109.53507972859097,121.83989889330628,-0.09338417036380575,-0.08043454954793938,-0.0806745173965846,-0.10282306165832966,-0.08877161919169851,-0.10378374621299169,-0.08877161919169851
2022-03-10,98.81103898829544,105.7881932711197,108.91989994532038,100.2015874642194,108.91989994532038,106.99295936523632,120.93641399189954,-0.09576788226237254,-0.1017760783332734,-0.08749163314073005,-0.10460470525772037,-0.09922694031377144,-0.10835775255659164,-0.09922694031377144
2022-03-11,98.90733884858577,105.23898404340308,107.84303291873675,100.21293684279904,107.84303291873675,107.4731187372832,120.9258459726356,-0.09488663025349042,-0.09774505950041068,-0.08757137261440195,-0.10925323306711576,-0.1081326848737455,-0.10825676029010234,-0.1081326848737455
2022-03-14,99.0683628025285,105.842368928679,108.54781065919336,100.5759800740354,108.54781065919336,107.77364401801468,121.44429874965977,-0.09341308000676785,-0.09522209913161528,-0.0836594615427898,-0.10414616042990721,-0.1023041374550594,-0.1050262258164415,-0.1023041374550594
2022-03-15,99.70076072530938,106.71279229424798,109.87125494633597,101.08776816735234,109.87125494633597,108.16100663198867,122.22413244611505,-0.08762592789477786,-0.0919701247185789,-0.07777533823132876,-0.09677886393050683,-0.09135918652825747,-0.1004720875309294,-0.09135918652825747
2022-03-16,99.50284703469806,106.72698469487116,110.25260214453937,100.72766267565466,110.25260214453937,108.6488281216746,122.45547215008332,-0.08943706071377333,-0.08787478111710667,-0.07602979767418994,-0.09665873891138943,-0.0882054259877052,-0.10367648057558732,-0.0882054259877052
2022-03-17,100.61599228157684,108.17350645071106,111.6130329462596,101.8094340715728,111.6130329462596,110.12591413320183,123.15920463662412,-0.079250529995743,-0.07547439516849497,-0.0707198851275671,-0.08441532370718074,-0.07695459472204935,-0.09405035485157254,-0.07695459472204935
2022-03-18,100.74120361846016,108.39321136985964,112.29984104956785,102.08327295918173,112.29984104956785,109.63468725789853,123.14264787512275,-0.07810470546567017,-0.07959832755601604,-0.0708448117968754,-0.08255573290829832,-0.07127465710784986,-0.09161360382432737,-0.07127465710784986
2022-03-21,100.25784306595196,107.89760437519573,112.54565714816007,101.59567056595591,112.54565714816007,109.55040396386902,123.33756597470502,-0.08252799805018696,-0.0803059000107208,-0.06937408523197963,-0.08675056937673231,-0.06924174558883256,-0.0959525260386076,-0.06924174558883256
2022-03-22,100.06010042510498,107.52603780238974,112.1261415429613,101.31059440998976,112.1261415429613,109.14346038259524,122.75979764789552,-0.08433756557149674,-0.0837222599435371,-0.07373355327735465,-0.08989552299288239,-0.0727111607780746,-0.09848927172129407,-0.0727111607780746
2022-03-23,99.19347980284763,106.551284623885,111.00559941627944,100.4163384348744,111.00559941627944,107.08149939128748,121.44149104309369,-0.09226811876233687,-0.10103276989600818,-0.08368064668999786,-0.09814587100035232,-0.08197810061611388,-0.10644679442747151,-0.08197810061611388
2022-03-24,99.38012599177344,106.63453991377514,110.9018213887122,100.73400406978202,110.9018213887122,106.9180408816545,121.23522364227614,-0.09056009625383932,-0.1024050316263444,-0.0852370077796275,-0.09744119505755611,-0.08283635013219748,-0.10362005177984934,-0.08283635013219748
2022-03-25,99.30140088427684,106.69233270087926,110.85622713572305,100.72189393128184,110.85622713572305,107.2943359923721,121.72633758667372,-0.09128051951220828,-0.09924597076796615,-0.08153137794861498,-0.09695203470758729,-0.0832134169013532,-0.1037278136565063,-0.0832134169013532
2022-03-28,99.30541573576788,106.6686708905957,111.36134682035386,100.35952974118194,111.36134682035386,107.61188820119037,121.84861077061689,-0.09124377910644688,-0.09658006646892725,-0.08060878317581044,-0.0971523091705293,-0.07903605166266814,-0.10695230569331216,-0.07903605166266814
2022-03-29,99.5591296199778,106.93040461005718,111.91819225338824,100.7201208119051,111.91819225338824,108.30318148151319,121.89991020265924,-0.08892201176984649,-0.09077654290104686,-0.08022171066879102,-0.09493698500594516,-0.0744309118788592,-0.10374359173134584,-0.0744309118788592
2022-03-30,100.29043987188668,107.81683653275596,112.30230973027192,101.24790004838589,112.30230973027192,108.55858540281473,122.44760759389628,-0.08222970062144186,-0.08863238394739648,-0.07608913855495059,-0.08743419146962228,-0.07125424099406075,-0.0990471565103197,-0.07125424099406075
2022-03-31,101.0264281802587,108.55701975144474,112.41076970928702,101.76122738810965,112.41076970928702,109.1264334545085,122.71440499930395,-0.0754945799960206,-0.08386520387378016,-0.07407605699700759,-0.08116925253109075,-0.07035727150363713,-0.09447932126490632,-0.07035727150363713
2022-04-04,100.13102263098956,107.62590617923117,110.87529021262053,101.0280542771096,110.87529021262053,109.17921693157749,121.64375874942668,-0.08368854763708111,-0.08342207769002574,-0.08215446472145815,-0.0890502332497427,-0.08305576429505623,-0.10100345064250316,-0.08305576429505623
2022-04-05,99.65174281383766,107.52057701501668,110.73544790812548,100.88171689157944,110.73544790812548,109.6397953363246,121.57763673336616,-0.08807449690438418,-0.07955544437694273,-0.08265337891030511,-0.08994174330507632,-0.08421226719816965,-0.10230563156219863,-0.08421226719816965
2022-04-06,100.11573542974956,108.23236753665584,111.573564797334,101.46234754546668,111.573564797334,109.7709026825927,122.31380297851354,-0.0838284427185726,-0.07845477611406904,-0.07709874208982403,-0.08391712123515904,-0.07728099830198021,-0.09713889883601878,-0.07728099830198021
2022-04-07,100.3407469259725,108.45976297534035,111.69295462579878,101.50328454899228,111.69295462579878,110.04844161040705,122.73779137143619,-0.08176933450730206,-0.07612479005110206,-0.07389959848019911,-0.08199243758618002,-0.07629363840598669,-0.09677462155508054,-0.07629363840598669
2022-04-08,100.27021009348611,108.28987681154612,111.36182254783076,101.48120330977414,111.36182254783076,110.21956223767909,122.02716100405135,-0.08241482584177962,-0.07468820355215633,-0.07926155799742418,-0.08343036054336028,-0.07903211737246807,-0.09697111111438839,-0.07903211737246807
2022-04-11,100.92021612673902,108.61088893523171,111.87879583015705,102.44354100592278,111.87879583015705,110.19061645993158,122.32983524307161,-0.07646653971901007,-0.07493120823357002,-0.07697777293697705,-0.08071330170895274,-0.07475672228368391,-0.08840776428617692,-0.07475672228368391
2022-04-12,101.2482582128533,109.28654036983974,112.30599782044112,102.74602100844244,112.30599782044112,110.44516903482877,123.0565424776488,-0.07346458575444026,-0.07279419647643182,-0.07149450772412513,-0.07499456224732459,-0.07122374030256373,-0.08571615074911965,-0.07122374030256373
2022-04-13,101.43698842251166,109.27043492546906,112.3556268267851,102.66850573691542,112.3556268267851,110.43580422438104,122.91994027506512,-0.071737492112801,-0.07287281563806569,-0.07252522005198825,-0.07513087934154217,-0.07081330591990187,-0.08640591917160312,-0.07081330591990187
2022-04-14,100.83334522715934,108.63363803392858,112.12746734696684,101.94574398226116,112.12746734696684,110.43580422438104,122.58071922786522,-0.07726150613471605,-0.07287281563806569,-0.0750847638119464,-0.08052075247162349,-0.07270019631215785,-0.09283740325878076,-0.07270019631215785
2022-04-15,100.92198969570534,108.80330669060268,112.2309475550108,102.43726225463554,112.2309475550108,110.66907313916975,122.93934908949772,-0.0764503095686263,-0.07091448379373189,-0.07237877362633394,-0.07908467050298751,-0.07184440977853523,-0.08846363565558901,-0.07184440977853523
2022-04-18,101.41486703483352,109.07961291656991,112.36419653010014,102.79404023154702,112.36419653010014,111.0062063152878,122.79514577667013,-0.0719399276851046,-0.06808419397491317,-0.07346683904137774,-0.07674600408862686,-0.07074243404176406,-0.08528885244883333,-0.07074243404176406
2022-04-19,101.62961607748892,108.90155713145072,112.05656998685944,102.66008579237192,112.05656998685944,111.11858404066047,122.68237740241463,-0.0699747324638963,-0.06714076403530711,-0.07431771663588083,-0.07825307503168355,-0.07328652105189482,-0.08648084391547306,-0.07328652105189482
2022-04-20,101.74701601947108,109.10050322997328,112.5127973053632,103.20432549125628,112.5127973053632,111.21734022356371,122.94826784753212,-0.06890039098092315,-0.06631168923989572,-0.07231147841672958,-0.07656918768077747,-0.06951349814416741,-0.08163793552907195,-0.06951349814416741
2022-04-21,102.82992021555188,110.04006899664338,113.53878920913364,103.995334571733,113.53878920913364,111.49998722980405,123.6043961311615,-0.05899059988313804,-0.06393881999785622,-0.06736075655569507,-0.06861666726650739,-0.06102849341283223,-0.07459915368825276,-0.06102849341283223
2022-04-22,103.83210433032627,111.2242416788068,114.9601211598887,104.86352740724524,114.9601211598887,112.11976741216245,124.65385292244176,-0.049819488297389025,-0.05873566093699789,-0.05944223085205824,-0.05859378460838249,-0.049274006576595974,-0.06687355341922674,-0.049274006576595974
2022-04-25,103.5864058103528,111.0736276699988,114.7855379073623,104.7231706681351,114.7855379073623,112.10018644486266,123.89830752542585,-0.05206790603811262,-0.05890004645677771,-0.06514309028357079,-0.0598685873121525,-0.050717818870099074,-0.06812251565097471,-0.050717818870099074
2022-04-26,103.712456259654,111.01665498496914,114.82311189435372,104.91548473258268,114.82311189435372,111.5851218702379,124.01162169482818,-0.050914402685851456,-0.06322410034663939,-0.06428809447006611,-0.060350806286945335,-0.05040708010478756,-0.06641121197826338,-0.05040708010478756
2022-04-27,104.47670157465537,111.96877340679032,115.7969561640274,105.927463834849,115.7969561640274,111.38760950443138,124.83028008546377,-0.04392069867534509,-0.06488224993746228,-0.058111024996974625,-0.05229203972165164,-0.04235333893451243,-0.05740613187977994,-0.04235333893451243
2022-04-28,104.29090704682828,112.322304260606,116.04502487126102,105.44359279441171,116.04502487126102,111.82094482423966,125.16582339994184,-0.045620927527113886,-0.06124432691276871,-0.05557923104180207,-0.04929974111757662,-0.04030179822854951,-0.06171185071005625,-0.04030179822854951
2022-04-29,104.58335722149978,112.45002427527318,116.41974978565082,105.3706554209146,116.41974978565082,111.83882309873077,125.0978238793607,-0.04294467957462267,-0.06109423578601314,-0.05609231167173434,-0.048218714051689315,-0.03720280430875145,-0.06236088277904228,-0.03720280430875145
2022-05-05,104.13360595521983,112.05222760902883,115.78069706694892,104.99860891697838,115.78069706694892,111.71112113807997,124.53978673403938,-0.047060409397195135,-0.06216631526283867,-0.0603029009170718,-0.051585680177167026,-0.04248780248644812,-0.06567153273298254,-0.04248780248644812
2022-05-06,104.30630269606844,112.181644020181,115.66770054033408,105.13519154143516,115.66770054033408,111.10921923021269,124.02078939367271,-0.04548004002447337,-0.06721938319694143,-0.06421892091328252,-0.05049029474685629,-0.04342228945406246,-0.06445615440101893,-0.04342228945406246
2022-05-09,104.69490464108682,112.57648362402522,115.97692713558368,105.50597295453676,115.97692713558368,110.5405198321146,124.12341909564574,-0.04192389525260676,-0.0719937104670697,-0.06344454321638027,-0.0471483573100957,-0.040864969933211204,-0.061156761837940055,-0.040864969933211204
2022-05-10,103.82625747430517,111.60503268079162,115.09469753210102,104.63870884837996,115.09469753210102,107.8383463447443,122.29303532486024,-0.04987299360465225,-0.09467891219669144,-0.07725544144193097,-0.05537075507252898,-0.04816105319874653,-0.06887409782342802,-0.04816105319874653
2022-05-11,103.25237878457668,111.02635529340432,114.3294884110916,104.1008698718482,114.3294884110916,107.6944688024111,122.27772337344345,-0.05512462893053072,-0.09588678840724785,-0.07737097557527894,-0.06026870250710148,-0.05448937117900088,-0.07366004948281346,-0.05448937117900088
2022-05-12,102.59959324279266,110.34183320836644,113.57983608186686,103.41133242342198,113.57983608186686,107.03467533904877,121.48878166344628,-0.061098350681860425,-0.10142586570417822,-0.0833238220966327,-0.066062523491635,-0.0606890337074798,-0.079795887604447,-0.0606890337074798
2022-05-13,103.2056091168438,110.90748033405602,114.34007692598568,103.91840804718451,114.34007692598568,107.96945369101243,122.22248304328531,-0.05555262398182248,-0.09357824393381742,-0.07778778356382032,-0.06127486468807719,-0.054401803627401324,-0.0752836831550231,-0.054401803627401324
2022-05-16,103.60396589733251,111.44755722546738,114.75704180515204,104.44036763864833,114.75704180515204,107.97456176943845,122.46194902883059,-0.051907211496289185,-0.09353536075474456,-0.07598092731452799,-0.05670363332079775,-0.05095348307094716,-0.07063903395349591,-0.05095348307094716
2022-05-17,103.46022398813646,111.34384195254114,114.74480532811636,104.18095127127572,114.74480532811636,108.26231685410485,122.42165995731283,-0.05322261160027342,-0.09111960833363164,-0.0762849227253346,-0.05758148333883384,-0.051054679352478316,-0.07294744641163498,-0.051054679352478316
2022-05-18,103.7390640920502,111.81505789965075,115.0908938489622,104.55223184105084,115.0908938489622,107.95072407011699,122.52888394094654,-0.05067091109946231,-0.09373548225708506,-0.07547587953508172,-0.053593093625360466,-0.048192509849925624,-0.06964361211076053,-0.048192509849925624
2022-05-19,103.70620328934328,111.75857628296946,114.89700613011912,104.3910567286647,114.89700613011912,107.95157541652132,122.13815134156916,-0.050971624395531934,-0.09372833506057299,-0.07842409632411618,-0.05407115617895997,-0.04979597105238298,-0.07107782630912585,-0.04979597105238298
2022-05-20,103.32856311172904,111.38266973644808,114.61688931161676,104.05552740963212,114.61688931161676,107.49610509020025,122.05176882991576,-0.0544274566693671,-0.09755208519458292,-0.0790758831766627,-0.05725284349784099,-0.05211255125304981,-0.07406352866850408,-0.05211255125304981
2022-05-23,103.38891608898484,111.5033459804606,114.42848057487647,104.13196311571598,114.42848057487647,106.9682703195104,121.74785675168724,-0.053875159061786526,-0.10198334703212719,-0.08136900817532267,-0.05623143517490037,-0.05367070099749838,-0.07338336674210877,-0.05367070099749838
2022-05-24,102.76370470290934,110.851175452262,113.61704819524668,103.30294369406911,113.61704819524668,105.7508449613064,120.77735447526206,-0.05959654628180855,-0.11220383804452749,-0.08869179391091808,-0.06175143135086325,-0.06038128765516648,-0.08076038300500377,-0.06038128765516648
2022-05-25,101.88759591412126,110.1269124560758,112.95829006302138,102.56161215577578,112.95829006302138,105.51927873932634,120.27193341991871,-0.06761392686565437,-0.11414787549583716,-0.09250537599562036,-0.0678816209201194,-0.06582925059541578,-0.08735711001933955,-0.06582925059541578
2022-05-26,101.94418008292384,110.1821975092138,112.91354199786736,102.55803122938092,112.91354199786736,105.66485897446822,120.27424287882285,-0.06709611809336902,-0.1129257048922565,-0.09248795030468593,-0.06741368612589838,-0.06619931934854595,-0.08738897483644925,-0.06619931934854595
2022-05-27,101.41225288772576,109.52000243886728,112.4546563345408,102.10613246788252,112.4546563345408,105.01272762874495,119.93998676810433,-0.07196385007069561,-0.11840045742057725,-0.09501003184850376,-0.07301853040819195,-0.06999432690187934,-0.09141018884628915,-0.06999432690187934
2022-05-30,101.07397568493954,109.0872360838477,112.0468307055856,101.86875744843648,112.0468307055856,104.8960931713506,119.87870156584748,-0.07505946686199338,-0.1193796233427441,-0.09547245055249964,-0.07668148131060692,-0.07336706539867244,-0.09352246671714992,-0.07336706539867244
2022-05-31,101.86100913392464,109.69849174880966,113.08483176900484,102.175019836185,113.08483176900484,105.05274090974888,119.93580735641709,-0.06785722580074471,-0.11806453918450521,-0.09504156699997113,-0.07150779009452946,-0.06478274431204745,-0.09079719568472255,-0.06478274431204745
2022-06-02,101.95421506812184,109.80219749570117,112.65250113717178,102.40319222411536,112.65250113717178,106.71627178382623,119.57085669311797,-0.0670042866946714,-0.10409891719972875,-0.09779524988801835,-0.07063002070521385,-0.06835814041714705,-0.08876680728542297,-0.06835814041714705
2022-06-03,102.83877481020944,110.85155711093812,113.39515665379658,103.1557719543886,113.39515665379658,107.35393024067572,120.7342407162222,-0.05890957038521061,-0.09874566701211496,-0.08901710259630091,-0.061748200977300494,-0.062216341881353276,-0.08206998841196145,-0.062216341881353276
2022-06-06,102.89352012320434,111.06800531364404,113.54343681018182,103.19674068156672,113.54343681018182,107.8247248022749,120.84906559713413,-0.058408589211321194,-0.09479326734088589,-0.08815070792576962,-0.05991617515035774,-0.06099005751802811,-0.08170542883860099,-0.06099005751802811
2022-06-07,103.04680477342718,111.15755591503029,114.17604716164864,103.73708782546956,114.17604716164864,108.26487089331789,121.27895669274974,-0.05700586229632443,-0.09109816674409499,-0.08490702631955116,-0.05915821545142341,-0.05575833804191754,-0.07689715829137844,-0.05575833804191754
2022-06-08,102.7651746255261,110.89609843592848,114.12740904348628,103.1062211236124,114.12740904348628,107.88517039698293,121.67656572340513,-0.05958309483696722,-0.09428581638852207,-0.08190692440453862,-0.06137120150708797,-0.05616057772939875,-0.08251091569898428,-0.05616057772939875
2022-06-09,103.2354146563776,111.33440657321626,113.95417323738056,103.54765874642855,113.95417323738056,107.37010582235817,121.46904349563927,-0.05527986977936794,-0.09860987027838364,-0.0834727536109372,-0.057661344748603405,-0.05759324657312148,-0.07858278996690027,-0.05759324657312148
2022-06-10,102.80272964310372,110.64874104260466,113.0543073416027,103.07460374122176,113.0543073416027,106.9699730123191,120.77883589735556,-0.05923942419628203,-0.10196905263910261,-0.08868061605297972,-0.06346484389999885,-0.06503518286441479,-0.08279226247807736,-0.06503518286441479
2022-06-13,101.95949080540356,110.17686698502344,112.5597450284244,101.87342238925048,112.5597450284244,106.3391253267043,120.42385103920381,-0.06695600776608479,-0.10726512525461906,-0.09135910338760111,-0.06745880388555536,-0.06912523810933102,-0.09348095581480953,-0.06912523810933102
2022-06-14,100.67468145764084,108.45349795230894,110.01509632377568,100.69804769617215,110.01509632377568,104.41423110649504,118.01108748475238,-0.07871345803997776,-0.12342493656863118,-0.1095642647448537,-0.08204546497959997,-0.09016961109042743,-0.10394000900394884,-0.09016961109042743
2022-06-15,100.65801386078496,109.09016654818826,110.76439558995324,100.54635295454118,110.76439558995324,105.21790211219053,118.34575958419448,-0.07886598529358124,-0.11667798306114463,-0.10703904441778389,-0.07665667774887841,-0.08397286841113527,-0.10528986227250592,-0.08397286841113527
2022-06-16,100.28063138450987,108.73687687443226,110.51240950696462,100.17317803016054,110.51240950696462,104.35889359021301,118.35781441360984,-0.08231945931038331,-0.12388950434192236,-0.10694808643135545,-0.0796469349957476,-0.08605680601194066,-0.10861055345799331,-0.08605680601194066
2022-06-17,99.44200960630282,107.62278863491905,110.2403188462112,98.93607410869409,110.2403188462112,102.8732941146424,118.1385116568899,-0.0899937915940352,-0.13636136225565565,-0.10860280392939259,-0.08907662026347174,-0.08830700948368397,-0.11961890321344293,-0.08830700948368397
2022-06-20,99.75965641699958,108.29977330831078,111.15190011356772,99.33639842715952,111.15190011356772,103.30407539523767,118.87425572352008,-0.0870869660888105,-0.1327448808204985,-0.10305135259636333,-0.08334659621802776,-0.08076818647924122,-0.11605662357241198,-0.08076818647924122
2022-06-21,100.54604432500074,109.19155977535348,112.36011248528608,100.15273493089629,112.36011248528608,103.53564161721773,119.94468791689552,-0.0798906324534625,-0.13080084336918874,-0.09497456000454707,-0.0757984816145536,-0.07077620929812134,-0.10879246605472936,-0.07077620929812134
2022-06-22,99.94085693125034,108.67651311979203,111.634070857701,99.70479903416796,111.634070857701,102.37866185372178,119.02784423625414,-0.08542877762713952,-0.1405138834292251,-0.10189247250146749,-0.08015785611280746,-0.07678061013458648,-0.112778416574845,-0.07678061013458648
2022-06-23,99.899317332073,108.84398841265322,111.09588155769448,99.14002276156236,111.09588155769448,101.71035492631609,118.36433899504091,-0.08580891167004279,-0.14612443269127706,-0.10689885613793448,-0.0787403388589758,-0.08123146275840121,-0.11780406933896503,-0.08123146275840121
2022-06-24,98.0985352494346,107.70807118673352,109.32598208760209,98.00612226951012,109.32598208760209,102.28841913486188,116.94681622486785,-0.10228809266884775,-0.14127148625951502,-0.1175945708966265,-0.088354785498579,-0.0958686205396011,-0.12789406500367118,-0.0958686205396011
2022-06-27,99.03702161432165,108.04118029982752,109.74196969435484,98.74920844784936,109.74196969435484,101.98023173649138,116.4698454343829,-0.09369988712138644,-0.14385877139691983,-0.12119348558822751,-0.08553533728533902,-0.09242838207524029,-0.12128172435253004,-0.09242838207524029
2022-06-28,99.60466606630602,108.34092259151022,110.42052503893574,99.64897520761124,110.42052503893574,102.3573781936133,117.25911914376145,-0.08850530208113949,-0.1406925633420294,-0.11523813401315752,-0.08299830711865375,-0.08681669519147128,-0.11327516401599402,-0.08681669519147128
2022-06-29,98.9150820902725,107.75768572926984,109.38494105145678,99.2627524278608,109.38494105145678,102.65534943513177,116.35053003173692,-0.09481577088493975,-0.13819104456277054,-0.12209376284646456,-0.08793484612194213,-0.09538102693830341,-0.11671196133692963,-0.09538102693830341
2022-06-30,98.96946360968232,107.29858325634918,109.19315718430056,98.69741836014556,109.19315718430056,102.24159508262328,116.65324677382631,-0.09431811883143226,-0.14166458206768429,-0.11980965708520519,-0.09182070692877309,-0.09696708918132324,-0.1217425776320451,-0.09696708918132324
2022-07-04,98.31454450548296,106.72099239850868,108.67886460282033,97.9296186336342,108.67886460282033,99.72501511139878,116.15546283027231,-0.10031136507800975,-0.16279169495765322,-0.12356561443822911,-0.09670945793590202,-0.10122031473906279,-0.1285748314022509,-0.10122031473906279
2022-07-05,97.6670861873621,105.705018729193,107.00051450003544,97.2351531328359,107.00051450003544,98.29900988413185,114.61585387046362,-0.10623633674246735,-0.17476324911553476,-0.13518251303099726,-0.10530869774668028,-0.11510035464057944,-0.13475452172027935,-0.11510035464057944
2022-07-06,97.29073132583824,105.05813801393444,106.62356840306188,96.94008272926632,106.62356840306188,99.02605971343691,114.31627935238315,-0.10968040692876391,-0.16865954329414312,-0.13744290959166083,-0.11078392074455856,-0.11821771785224333,-0.13738020105781246,-0.11821771785224333
2022-07-07,97.9680594831199,106.1206802529492,107.82512867111458,97.62287260027428,107.82512867111458,99.82462264070638,115.54958584565344,-0.10348209264796093,-0.16195547296572954,-0.128137172329711,-0.10179052278718492,-0.10828075390355629,-0.13130440614753192,-0.10828075390355629
2022-07-08,98.50553674150343,106.5269264837307,108.81311376244815,98.20003202216878,108.81311376244815,99.70458279769467,116.09195523159208,-0.0985635713515548,-0.1629632276739451,-0.12404480191569756,-0.09835203922582647,-0.10011006742577144,-0.12616856212455252,-0.10011006742577144
2022-07-12,97.94381659671522,105.64560123537706,107.9267044998067,97.73916641250608,107.9267044998067,99.95658133337886,116.26023262551858,-0.10370394231919433,-0.16084765750634322,-0.12277508897446965,-0.10581160967610348,-0.10744071668311184,-0.13026956749151608,-0.10744071668311184
2022-07-13,98.17444263915588,105.92354409151676,108.7403028181904,98.13806256165164,108.7403028181904,100.40013281003921,116.89515961388595,-0.10159345469658898,-0.1571239681235036,-0.117984338446107,-0.1034590907616636,-0.10071221760283389,-0.12671999639267828,-0.10071221760283389
2022-07-14,97.54669612797674,105.76142641122163,108.22675200573974,97.76229479404212,108.22675200573974,99.96339210461358,116.48508945998614,-0.10733804116200563,-0.1607904799342459,-0.12107846397936373,-0.10483126097879525,-0.10495930869333026,-0.1300637599527894,-0.10495930869333026
2022-07-15,98.39879556014662,106.6419587240976,109.50811003846496,98.811241270233,109.50811003846496,100.72619848290083,117.11586346530012,-0.09954037318924736,-0.15438659185934334,-0.11631904918900215,-0.09737840196458492,-0.09436241321077055,-0.12072972625983358,-0.09436241321077055
2022-07-18,98.75541002336372,107.0759415926827,109.4185712710759,99.10133009293703,109.4185712710759,101.04034530610173,117.12948933940154,-0.09627694984513235,-0.15174927634635327,-0.116216237110217,-0.09370515444504413,-0.09510290332783877,-0.1181483754411512,-0.09510290332783877
2022-07-19,99.21752519542424,107.82070354607332,110.07732712465948,99.85499078202469,110.07732712465948,101.79548956674995,117.85501948503696,-0.0920480763817082,-0.14540971304006012,-0.11074185345315501,-0.08740146092170376,-0.08965495923207134,-0.11144193767270938,-0.08965495923207134
2022-07-20,99.04205818810772,107.11616029405045,109.5233161729998,99.17665331850404,109.5233161729998,101.68651722699464,117.0441091314804,-0.09365379680771946,-0.14632455419361756,-0.11686046122370408,-0.09336474182571675,-0.09423665771211676,-0.11747811290510868,-0.09423665771211676
2022-07-21,99.33196571504516,106.79379918458164,109.66625308092988,99.41749260604333,109.66625308092988,101.67630107014259,117.46887721226038,-0.09100081694115048,-0.1464103205517635,-0.11365543459117589,-0.09609321852714336,-0.0930545622826966,-0.1153350082991973,-0.0930545622826966
2022-07-22,98.57305359270636,106.76847771537668,109.23171230473244,99.0766212733418,109.23171230473244,101.51454525331826,117.23224055829955,-0.0979457162417281,-0.1477682878890756,-0.11544094252478554,-0.09630754040637224,-0.09664823639303166,-0.118368246483049,-0.09664823639303166
2022-07-25,98.3332412473034,106.52786771754204,109.09839079534645,99.01582012073366,109.09839079534645,100.76195503188305,116.67512534369604,-0.10014026886624838,-0.1540864096058322,-0.11964457547411678,-0.09834407258701872,-0.09775081199209024,-0.11890928458165217,-0.09775081199209024
2022-07-26,98.3450871315154,106.49817993937955,108.83803805102532,99.00455367905374,108.83803805102532,100.5440103523724,115.98562223413973,-0.10003186570525391,-0.1559160919129473,-0.12484712229750583,-0.09859535107147033,-0.09990394230360888,-0.11900953883544596,-0.09990394230360888
2022-07-27,98.81073234461608,106.8410124505436,109.35074276897716,99.42160833621236,109.35074276897716,100.24263372523659,117.12521742076439,-0.09577068839685321,-0.15844619947825478,-0.1162484702596075,-0.0956936036468381,-0.09566384845724207,-0.11529838453912866,-0.09566384845724207
2022-07-28,98.97961687398076,106.89450941770856,110.0955815033823,99.68513216793518,110.0955815033823,100.754292914244,116.99962002925754,-0.09422520504596332,-0.1541507343744417,-0.11719614736382011,-0.09524080328035744,-0.08950399460041925,-0.11295342187417945,-0.08950399460041925
2022-07-29,98.76877490425836,107.37471789009632,109.70390602415684,99.6993748480026,109.70390602415684,100.61637479674117,116.44330674678716,-0.0961546461564109,-0.15530858020941296,-0.1213937294492553,-0.09117630049062353,-0.09274317054533943,-0.11282668360998316,-0.09274317054533943
2022-08-02,98.82372182933416,107.68591890617738,110.32696797378804,99.79882094088909,110.32696797378804,100.69895539796201,116.51242585009291,-0.09565182000527261,-0.15461530214773267,-0.12087220116844699,-0.0885422832444469,-0.08759041683343627,-0.11194176411913737,-0.08759041683343627
2022-08-03,98.61064461479997,107.38583880053598,109.96794200447954,99.43385050284252,109.96794200447954,100.74152271817893,116.61219218459942,-0.09760171611923518,-0.1542579423221243,-0.12011942860009417,-0.09108217268133767,-0.09055957968653461,-0.11518944781223717,-0.09055957968653461
2022-08-04,99.09626839436872,107.46778708849354,110.106646556703,99.86155033140231,110.106646556703,100.98841317543707,116.4032686040581,-0.09315771246216187,-0.15218525533359561,-0.12169583151287544,-0.09038855925265066,-0.08941248605202468,-0.11138356762591384,-0.08941248605202468
2022-08-05,100.25643586774976,108.24608349472678,110.82654171505192,100.49292959857355,110.82654171505192,101.7129089655291,117.31798839153392,-0.08254087549610267,-0.14610299110174063,-0.11479394454722314,-0.08380102884393992,-0.08345891682578788,-0.1057652491639357,-0.08345891682578788
2022-08-08,100.73677481551478,108.46885782485148,111.5807461187637,101.0833157457006,111.5807461187637,101.70013876946402,117.99356784465435,-0.07814523399271889,-0.14621019904942312,-0.10969645667651529,-0.0819154584337165,-0.0772216084119779,-0.10051170733485248,-0.0772216084119779
2022-08-09,100.99683504088486,108.68421839644655,111.73402126632432,101.13086963861272,111.73402126632432,102.03727194558205,118.36712513691454,-0.07576539049817199,-0.14337990923060462,-0.10687783370402049,-0.08009263835789737,-0.0759540152199959,-0.10008854976795278,-0.0759540152199959
2022-08-10,100.6023922183464,108.22115152405924,111.45327947505932,100.77719474834724,111.45327947505932,102.06621772332956,118.52596998326452,-0.07937498586729475,-0.1431369045491908,-0.10567929269769849,-0.08401205399272149,-0.07827576397689451,-0.10323572020707605,-0.07827576397689451
2022-08-11,101.09911215977014,108.83206698717903,111.66817950643122,101.53661980447166,111.66817950643122,102.87159142183376,119.18729262556414,-0.07482943985184087,-0.13637565664867968,-0.10068937754830176,-0.07884124225798606,-0.07649852989127104,-0.09647798830937127,-0.07649852989127104
2022-08-12,102.20622188054188,109.73905119627338,112.94764844238333,102.4011385877526,112.94764844238333,103.54756046687848,120.07973798835332,-0.06469814098451576,-0.13070078261801832,-0.09395555905948483,-0.07116449338727504,-0.06591725733419329,-0.08878508153624343,-0.06591725733419329
2022-08-15,101.9849506968206,109.42525098910684,112.77569793186623,102.2432781071622,112.77569793186623,103.65823549944248,120.12839056767248,-0.06672302113049111,-0.1297716470714365,-0.09358845800007187,-0.0738205102857391,-0.0673392967186478,-0.09018980053579395,-0.0673392967186478
2022-08-16,102.08555010013971,109.55990237679694,113.24761302000992,102.26507305681038,113.24761302000992,103.75018091111106,120.21016220915818,-0.06580242346814735,-0.12899974984812212,-0.0929714618070765,-0.07268081581473851,-0.06343653516568382,-0.08999585851971403,-0.06343653516568382
2022-08-17,101.9741751909968,109.7254890085077,113.36007019261764,102.23955903691537,113.36007019261764,103.64376261056876,120.48377485859292,-0.06682162912561507,-0.12989314941214314,-0.09090695680278182,-0.07127928426077723,-0.06250650868287966,-0.09022289462379407,-0.06250650868287966
2022-08-18,101.73325619332763,109.48528810887206,113.28746719892165,101.99659901005155,113.28746719892165,103.64120857135572,120.58751875599849,-0.06902630886277905,-0.1299145910016798,-0.09012417210404322,-0.07331235381869472,-0.06310693909832032,-0.09238487059517386,-0.06310693909832032
2022-08-19,101.88786384297096,109.71002897936413,113.41341746191004,102.30458243651728,113.41341746191004,103.73911340785465,120.771355024256,-0.0676114750153991,-0.12909266340278047,-0.08873706190803232,-0.07141013853594436,-0.062065324078316664,-0.0896442849268353,-0.062065324078316664
2022-08-22,101.47003015709608,109.71405965805263,112.94443920973218,102.22003324694242,112.94443920973218,103.33642655860255,120.67944383002154,-0.07143512308659816,-0.13247328735303598,-0.08943056464206067,-0.0713760227180944,-0.06594379784989213,-0.09039664455825291,-0.06594379784989213
2022-08-23,101.73402398902076,109.15038679360909,112.80501190250448,101.9957516562004,112.80501190250448,103.49818237542685,120.31511498986309,-0.0690192826688164,-0.13111532001572412,-0.09217955565278291,-0.07614697129931425,-0.067096868704698,-0.09239241076006899,-0.067096868704698
2022-08-24,102.03709979584625,109.40869568902104,112.92824832150684,102.06359888185963,112.92824832150684,103.75528898953705,120.55299328603849,-0.06624579823381005,-0.12895686666904949,-0.09038467908592185,-0.07396063497585337,-0.06607769731117608,-0.09178867329142648,-0.06607769731117608
2022-08-25,101.4469074848236,109.25981738032466,112.9983517771212,102.09803463093228,112.9983517771212,103.87788287176178,120.5583379968473,-0.07164672153886387,-0.12792767037129726,-0.09034435133706187,-0.07522074664780798,-0.06549793820159167,-0.09148224732081511,-0.06549793820159167
2022-08-26,101.8409703847955,109.49864731713949,113.00214016617554,102.22414248033368,113.00214016617554,103.6701543491032,120.6800480502844,-0.06804060288844038,-0.12967158632026632,-0.08942600558472569,-0.07319928097139239,-0.06546660803326187,-0.09036007860965889,-0.06546660803326187
2022-08-29,101.87040577643064,109.751597296651,113.42871806627704,102.47111882119653,113.42871806627704,103.60119529035178,120.88849759483821,-0.06777123595548218,-0.13025050923775194,-0.08785317944250104,-0.07105830271610347,-0.06193878730939173,-0.08816236353143292,-0.06193878730939173
2022-08-30,101.75679360068516,109.51572794686255,113.34889524482026,102.30771649620318,113.34889524482026,103.16019785290445,120.57162406499027,-0.06881091511812398,-0.13395275703105514,-0.09024410321540077,-0.0730547098712312,-0.06259892606413275,-0.08961639654609521,-0.06259892606413275
2022-08-31,102.1948693967458,109.77647226302524,114.1594605581452,102.81225565944844,114.1594605581452,103.25725134299904,120.7164746548367,-0.06480202897688592,-0.1331379766286679,-0.08915115386444494,-0.07084776005383031,-0.05589551008848659,-0.08512676275062403,-0.05589551008848659
2022-09-02,102.23648873252895,109.83875268372864,114.12935859946236,102.86575275963403,114.12935859946236,103.32195366972871,121.09689454343994,-0.06442116525437724,-0.1325947896937435,-0.08628075015548942,-0.0703206162022525,-0.056144454803262356,-0.08465071964743243,-0.056144454803262356
2022-09-05,101.90263659485905,109.35781893383935,113.87138742726354,102.58389798731436,113.87138742726354,103.35941291151963,121.04981928278085,-0.06747628772396541,-0.132280313047208,-0.08663594978317468,-0.07439125776836752,-0.05827788939335121,-0.0871587998984914,-0.05827788939335121
2022-09-06,101.77951070322902,109.5391113732161,113.78515322849871,102.56837384262968,113.78515322849871,103.0954955261747,121.30029429300254,-0.0686030280849299,-0.13449594396598008,-0.08474602651712049,-0.07285679166046966,-0.05899105056142051,-0.08729694125539578,-0.05899105056142051
2022-09-07,101.85576190690551,109.6889846331056,113.83170478823618,102.64809144239535,113.83170478823618,103.48030410093567,121.49039488535792,-0.06790524382836927,-0.13126541114248025,-0.08331164976206962,-0.07158825868374297,-0.05860606681722924,-0.0865875754497768,-0.05860606681722924
2022-09-08,101.7315493198923,109.47225168840453,113.68072478633404,102.52504154186248,113.68072478633404,103.50158776104412,121.54523032053251,-0.06904192867405679,-0.13108673122967618,-0.08289789685055582,-0.07342269457777162,-0.05985467903899122,-0.0876825330511023,-0.05985467903899122
2022-09-09,101.47742155774002,109.39270470187124,113.30965514681152,102.23457025745545,113.30965514681152,103.25469730378597,121.23528993585415,-0.07136748345922705,-0.13315941821820476,-0.08523650757094248,-0.0740959832997965,-0.06292344365149238,-0.09026728719922339,-0.06292344365149238
2022-09-12,101.51721212046309,109.48606223270312,113.40750078020857,102.2646077854412,113.40750078020857,103.29300789198122,121.35869191026869,-0.07100335506663602,-0.13283779437515708,-0.08430539567152928,-0.07330580160512112,-0.0621142553340569,-0.08999999872966269,-0.0621142553340569
2022-09-13,101.51161994758628,109.75461156780956,113.50597547964252,102.41374758382132,113.50597547964252,103.41985850622764,121.38100898032333,-0.07105452973674298,-0.13177286209484418,-0.0841370054201861,-0.07103278981027727,-0.06129986460880532,-0.08867288058337186,-0.06129986460880532
2022-09-14,101.74692232202533,109.96457565243033,113.70932843953942,102.59457492049944,113.70932843953942,103.40538561735389,121.71737546717189,-0.06890124841791267,-0.13189436443555103,-0.08159900033595291,-0.06925564580562937,-0.05961812538599531,-0.08706379137675169,-0.05961812538599531
2022-09-15,101.71215434076456,110.13598234541676,113.6570217617477,102.53719691558464,113.6570217617477,103.33642655860247,121.74433966610079,-0.06921941454233338,-0.13247328735303665,-0.08139554584018849,-0.06780485303148631,-0.06005070424642511,-0.08757436864953505,-0.06005070424642511
2022-09-16,102.1058855770554,110.69373704153136,114.09341813766294,103.2881606150346,114.09341813766294,103.85319382603593,121.72068100582524,-0.0656163309875405,-0.1281349390701505,-0.0815740588681303,-0.06308399605228154,-0.056441684232942824,-0.08089193000089512,-0.056441684232942824
2022-09-19,101.59429426198068,109.86550061111195,113.68651959651292,102.72762434366604,113.68651959651292,103.64887068899469,121.48989268978643,-0.07029796679445666,-0.12985026623307094,-0.08331543900672844,-0.07009422072670313,-0.05980675566688243,-0.08587985318080571,-0.05980675566688243
2022-09-20,101.98987306918296,110.40971910579164,114.2376256381812,102.41942960707816,114.2376256381812,103.96642289781293,121.72809393767348,-0.0666779758882684,-0.12718436193403226,-0.08151812565404537,-0.06548793467170777,-0.05524908093880876,-0.08862231918893726,-0.05524908093880876
2022-09-21,102.79662830970072,111.24700565029129,114.86448598456968,103.18272619586382,114.86448598456968,104.12903006104158,122.05265739207465,-0.05929525825774418,-0.12581924740020822,-0.07906917865833196,-0.058401109487212666,-0.05006491429436832,-0.08183013651883975,-0.05006491429436832
2022-09-22,103.34133380519744,111.28465588137392,114.8485929557479,103.76240768198736,114.8485929557479,104.2958939562919,122.11686882360627,-0.05431059046374742,-0.12441839688382328,-0.0785846805110284,-0.05808243649814904,-0.050196350443379334,-0.07667184994705178,-0.050196350443379334
2022-09-23,103.4296355700554,111.64506455611584,114.5945631043886,103.97558973120242,114.5945631043886,104.366555707852,122.28251033180888,-0.053502530021766415,-0.1238251795733133,-0.0773348562674867,-0.05503192375594568,-0.052297190111570635,-0.07477485284064778,-0.052297190111570635
2022-09-26,102.513353987601,110.7584269189929,113.4013231261204,103.03716648039054,113.4013231261204,103.79445092413656,121.44975218066033,-0.0618875368411449,-0.1286280956294903,-0.08361831346131587,-0.06253645846698541,-0.06216534484458225,-0.08312539735378577,-0.06216534484458225
2022-09-27,101.58158515578492,109.84576185999526,112.50900729055348,102.3078015853407,112.50900729055348,102.540417670546,120.10544564360734,-0.07041426940727813,-0.1391559160919138,-0.09376158563380343,-0.07026129026752304,-0.06954484175757614,-0.08961563938174555,-0.06954484175757614
2022-09-28,100.40281037337702,108.8497314478086,111.5796600698758,101.45054353230348,111.5796600698758,100.54315900596798,118.3552205069895,-0.08120138417447198,-0.15592323910946015,-0.10696765838173661,-0.07869172959080839,-0.07723059009099342,-0.09724393666118736,-0.07723059009099342
2022-09-29,99.19362418370066,107.91180053421732,110.54171329345266,100.36563256476808,110.54171329345266,99.47131388290586,117.05492425331074,-0.09226679751517841,-0.1649215595182797,-0.11677885727305726,-0.08663041254638759,-0.08581446222142597,-0.10689799981377668,-0.08581446222142597
2022-09-30,98.08180900134774,107.01277559788718,109.81230895888714,99.57470203136586,109.81230895888714,98.86770928222988,116.03327392362719,-0.1024411566471668,-0.16998892184540704,-0.12448757330876858,-0.09423979382944747,-0.09184667281402492,-0.11393608270469091,-0.09184667281402492
2022-10-04,98.08113521153052,107.05391301993645,110.14534518131704,99.72684997044698,110.14534518131704,98.90857390963814,116.09956491044484,-0.10244732258165723,-0.16964585641282282,-0.12398738417530775,-0.09389160512330019,-0.08909244647691728,-0.11258219666576352,-0.08909244647691728
2022-10-05,97.5855161258051,106.91288836262872,109.49033735529603,99.25416239611862,109.49033735529603,99.29167979159045,116.10619582146794,-0.1069827945295817,-0.16642961798234712,-0.1239373515872001,-0.09508524319094691,-0.09450939419592519,-0.11678839959905751,-0.09450939419592519
2022-10-06,97.92897175962952,107.16382173161246,109.96606619268748,99.55992436836196,109.96606619268748,99.937000366079,116.10641773346173,-0.10383978927124449,-0.1610120430261237,-0.12393567718207799,-0.09296133360392866,-0.09057509274455411,-0.11406758150611918,-0.09057509274455411
2022-10-07,97.622969156521,106.63682671784773,109.8842397766356,99.66805045452432,109.8842397766356,99.8152578302586,116.03538211279056,-0.10664005718336333,-0.16203409212736386,-0.12447166626979667,-0.09742183946083705,-0.09125180132753308,-0.11310542323185546,-0.09125180132753308
2022-10-11,98.51326448303936,107.3005722392644,110.57484443613308,100.21931096644528,110.57484443613308,100.3064847055619,116.5958457504825,-0.0984928538268135,-0.1579101597398428,-0.12024276827428859,-0.09180387210166674,-0.08554046600238674,-0.10820004025125618,-0.08554046600238674
2022-10-12,97.72317413864609,106.81806586250732,110.2963372275504,99.62976342675724,110.2963372275504,99.27805824912102,115.90217704454797,-0.1057230689184635,-0.166543973126542,-0.1254767460077122,-0.09588782444145372,-0.08784373464792938,-0.11344611974525509,-0.08784373464792938
2022-10-13,97.88702249403929,107.2214855375848,110.32375568290908,99.6696795940653,110.32375568290908,98.38499587096997,115.46751198434832,-0.1042236722224873,-0.1740413822678063,-0.12875644887900894,-0.09247326495516894,-0.08761698264083329,-0.11309092635931595,-0.08761698264083329
2022-10-14,97.01871558320622,106.18827748213288,109.10617572497128,98.44852130300858,109.10617572497128,97.41275827721546,114.80688561761312,-0.11216965684999247,-0.18220348068470216,-0.13374111038099534,-0.10121837726624228,-0.09768643023190571,-0.123957384173777,-0.09768643023190571
2022-10-17,96.91878948005262,105.8796284121834,109.06148372543312,98.10736891474832,109.06148372543312,96.71039749363624,113.99636584504269,-0.11308409305870937,-0.18809991780724078,-0.1398567710787313,-0.10383079474321977,-0.09805603531956819,-0.12699312332609014,-0.09805603531956819
2022-10-18,96.67658753778956,105.8344190798434,108.9952047132957,98.01451905231204,108.9952047132957,96.40561548088306,113.38398523676044,-0.11530051318155254,-0.19065861415859708,-0.1444774011298039,-0.10421344825306778,-0.09860416608893152,-0.1278193463641938,-0.09860416608893152
2022-10-19,96.43497360478942,105.80900318528036,108.74005905526607,97.73775198473616,108.74005905526607,96.29408910191472,113.26400633581044,-0.11751155235843558,-0.19159489690169107,-0.1453826847193338,-0.10442856935212175,-0.10071423353449827,-0.1302821537547434,-0.10071423353449827
2022-10-20,95.50275784752309,105.09995124352272,107.7716616217882,96.90231089319096,107.7716616217882,94.21254714330718,111.61591617542632,-0.12604237479499725,-0.20906979237394208,-0.15781811265247614,-0.11043001197767588,-0.10872292909503467,-0.1377163131460598,-0.10872292909503467
2022-10-21,94.98648052380958,104.44911578975598,107.3366002909363,96.34178060654152,107.3366002909363,93.26074186325678,110.68726319512517,-0.13076689285027931,-0.21706035807454604,-0.16482513052626857,-0.11593870803282724,-0.11232090821858653,-0.1427041830710415,-0.11232090821858653
2022-10-24,94.60990589077264,103.79900877456858,106.80260958656204,96.04755126588898,106.80260958656204,92.31489600803674,110.51563498558212,-0.13421297419304912,-0.22500089339956486,-0.16612012656615116,-0.12144123855611444,-0.1167370382450067,-0.14532237822345762,-0.1167370382450067
2022-10-25,95.3011319150972,104.83763552676244,107.44286452933444,97.11818006364996,107.44286452933444,92.83081192906585,111.55738139473522,-0.1278874788009361,-0.220669692313191,-0.15825977844501804,-0.11265026218955121,-0.11144209761368173,-0.1357954047336004,-0.11144209761368173
2022-10-26,95.09684942501582,104.56650680751494,107.04700038593568,97.09201372751936,107.04700038593568,91.44567132920717,111.55447042926723,-0.1297568932966675,-0.23229818103848843,-0.15828174271746087,-0.11494510598995089,-0.1147159140223305,-0.13602824546342596,-0.1147159140223305
2022-10-27,95.09627968531753,104.88016428912424,107.4901203212576,97.75152671955266,107.4901203212576,92.32340947208013,111.99966782418713,-0.12976210705556757,-0.22492942143444317,-0.15492256962509876,-0.11229029712603633,-0.11105128983383716,-0.13015957949399026,-0.11105128983383716
2022-10-28,95.74803442249838,105.36133308382172,107.85495939895527,98.11090675184,107.85495939895527,92.37619294914913,112.26749549602293,-0.12379781832547554,-0.22448629525068864,-0.152901714339585,-0.10821766613171757,-0.1080340522815092,-0.12696164193846604,-0.1080340522815092
2022-10-31,95.9410695349982,105.48006629819535,108.11517814224982,98.33442565532552,108.11517814224982,92.13781595593436,112.08796969122167,-0.12203132998206168,-0.22648751027409564,-0.15425630055180117,-0.1072127036856031,-0.10588203016523101,-0.12497266249718642,-0.10588203016523101
2022-11-02,95.64099246554451,105.03519310133032,107.6731033888148,98.05124184927406,107.6731033888148,92.46813836081766,111.68309572997299,-0.12477737259809718,-0.22371439802737458,-0.15731121895865607,-0.11097812735825263,-0.10953801064686575,-0.12749256913396956,-0.10953801064686575
2022-11-03,94.92481182994206,104.76106946574431,107.13350105173842,97.5439936070794,107.13350105173842,92.03905977303108,110.79564725229186,-0.1313312307443535,-0.22731658506950725,-0.16400733416755253,-0.11329832024454489,-0.11400054915843383,-0.1320063096257924,-0.11400054915843383
2022-11-04,95.20227133357524,104.53800159193088,107.19119639438011,98.15179909636748,107.19119639438011,91.44226594358982,110.87093352000224,-0.12879216428856632,-0.23232676982453715,-0.16343927243223488,-0.11518637521972375,-0.11352340576822595,-0.1265977620549189,-0.11352340576822595
2022-11-07,94.98739723186934,104.358007752402,106.59286640563454,98.07807826510265,106.59286640563454,91.67468351197424,110.79096165430258,-0.13075850394071298,-0.23037558517671508,-0.1640426886751638,-0.11670984992907718,-0.11847162491766461,-0.12725376571050817,-0.11847162491766461
2022-11-08,94.33746583357288,104.0051436184742,106.14626674901533,97.12598894317128,106.14626674901533,90.97828215322538,110.29476297161078,-0.13670610706970554,-0.23622199192366855,-0.16778668466971292,-0.11969650539064214,-0.12216502657658701,-0.13572591754220342,-0.12216502657658701
2022-11-09,94.32728182544926,104.14461629434024,106.26792978319436,96.91948779437637,106.26792978319436,90.72117553911518,109.99519777102856,-0.13679930219574565,-0.2383804452703432,-0.17004701092652974,-0.11851600335299495,-0.12115886715481772,-0.13756346476147163,-0.12115886715481772
2022-11-10,92.9169872688688,102.97609083936244,104.9062771428779,96.1190908141492,104.9062771428779,88.7188087961111,108.54425057999877,-0.14970508323587484,-0.2551906514669626,-0.18099492485900592,-0.12840644728459893,-0.1324198030872179,-0.14468578468032034,-0.1324198030872179
2022-11-11,92.75984512202636,102.80351459168202,104.9026059779624,96.2919220710314,104.9026059779624,88.15947420846074,108.71907551761304,-0.15114311058261687,-0.25988635957545714,-0.17967580836594255,-0.1298671392141918,-0.13245016380601404,-0.14314784846379147,-0.13245016380601404
2022-11-14,92.86129006015211,102.88113826959908,104.84478111028388,96.53603231716484,104.84478111028388,89.10787410289379,108.80533255085805,-0.1502147753260058,-0.2519243826609018,-0.17902496829273007,-0.1292101294495066,-0.13292837837480165,-0.1409756372843617,-0.13292837837480165
2022-11-15,92.74516315508762,103.13158893943448,104.921652024773,95.91254389535196,104.921652024773,90.08181438945698,108.84562871594552,-0.15127746708967826,-0.24374798985098156,-0.1787209193584106,-0.12709030544645417,-0.13229265203939367,-0.14652373918323325,-0.13229265203939367
2022-11-16,91.91140794096316,102.75437514639248,104.3733907999961,95.90483617202456,104.3733907999961,90.42405564400102,108.72773826240379,-0.1589072648396226,-0.2408748168530902,-0.17961044486755018,-0.13028305734964696,-0.13682679998846015,-0.14659232623783225,-0.13682679998846015
2022-11-17,92.25233472858154,103.1517423008997,104.64771698872302,96.92907231060634,104.64771698872302,92.13185653110398,109.38218019088761,-0.1557874013677064,-0.2265375406496809,-0.17467244715740649,-0.12691972662786188,-0.13455810858775508,-0.1374781770947967,-0.13455810858775508
2022-11-21,92.48309892652075,103.53194041541389,104.8407044976091,97.13119872301353,104.8407044976091,91.80808949353406,109.58021371543963,-0.15367564946693646,-0.22925561948325845,-0.17317821360022112,-0.12370171531412844,-0.13296209216699262,-0.13567955839835366,-0.13296209216699262
2022-11-22,92.71746856008248,103.58803078758989,104.94467775196688,97.01738713640148,104.94467775196688,92.03625032989677,109.59347469079947,-0.15153090377598166,-0.2273401708179974,-0.17307815481255628,-0.12322696426891466,-0.13210222811551608,-0.1366923090087978,-0.13210222811551608
2022-11-23,92.76009870665682,103.71300283569975,105.1981404964236,97.01860208256502,105.1981404964236,92.38930368377592,109.87191621440293,-0.15114078999809755,-0.2243762284244014,-0.17097721423078727,-0.12216919609657151,-0.1300060784499787,-0.13668149782950223,-0.1300060784499787
2022-11-24,92.05296032342515,102.32172071262856,104.38891689552474,96.43018960384052,104.38891689552474,91.99623704889287,109.4145554672043,-0.15761190136733294,-0.22767608905406922,-0.1744281641532789,-0.13394506094629366,-0.13669839839626863,-0.14191747700139923,-0.13669839839626863
2022-11-25,92.05077006697722,101.90912013929764,104.2463528336096,96.6997115752187,104.2463528336096,92.2453410068023,109.36015194575491,-0.15763194467673025,-0.22558481935460883,-0.17483865812172494,-0.1374373279048724,-0.13787741037036205,-0.13951913998522336,-0.13787741037036205
2022-11-28,91.76877956727624,102.01218443417544,104.2644863875788,96.38001276744777,104.2644863875788,92.54280144047817,109.4728480826342,-0.16021247484155032,-0.2230875888932572,-0.17398832558398358,-0.13656498778981818,-0.13772744496550937,-0.14236397478953855,-0.13772744496550937
2022-11-29,92.48671092381636,102.641140996367,104.59730730255758,96.84033924115631,104.59730730255758,92.95536390802059,110.01719692555989,-0.15364259563006444,-0.2196240574634606,-0.16988101946117162,-0.13124147550579324,-0.13497499923186929,-0.13826776691536935,-0.13497499923186929
2022-11-30,92.99365515562384,103.1334727158494,105.3956267918288,97.38264284000992,105.3956267918288,92.88963996560567,109.91761343955537,-0.14900348586059375,-0.22017582103419986,-0.17063241237237725,-0.1270743610911712,-0.12837285683806443,-0.13344208688459003,-0.12837285683806443
2022-12-02,92.63186471823384,103.12430211912088,105.25538290223052,97.39605691366882,105.25538290223052,93.88775849005208,110.18217839792317,-0.15231427518866802,-0.21179644784333407,-0.16863617542339204,-0.12715198137096595,-0.1295326808702124,-0.13332272196146577,-0.1295326808702124
2022-12-05,94.19297633761758,104.3603366819092,106.66904898572308,98.69105921410328,106.66904898572308,95.3019300022987,111.28971796770479,-0.1380283484331829,-0.1999242397169716,-0.16027939444490913,-0.11669013778107606,-0.1178415911424262,-0.12179916439291849,-0.1178415911424262
2022-12-06,94.4372227641352,104.66472193447596,107.17770074465624,98.70842136276347,107.17770074465624,95.76438136913535,111.23243230130966,-0.13579321898042973,-0.19604188257156185,-0.1607116352246809,-0.11411380941673088,-0.11363501547132282,-0.12164466758659442,-0.11363501547132282
2022-12-07,94.6001765882848,105.22196014994414,107.54613899934137,98.95746971132664,107.54613899934137,96.12594818705787,111.56414424756834,-0.13430200825121474,-0.19300646821284428,-0.15820875030890613,-0.10939732394937762,-0.11058801254399009,-0.1194285147804901,-0.11058801254399009
2022-12-08,94.83416243608026,105.25602341532937,107.41427626679004,99.27167136555364,107.41427626679004,95.99730974536233,111.59212654665515,-0.1321607746315805,-0.1940864096058329,-0.1579976138844179,-0.10910901117451699,-0.111678523985136,-0.11663259631038159,-0.111678523985136
2022-12-09,95.19419122224711,104.88223857775924,107.11788451947076,99.08998461650876,107.11788451947076,95.8392998527171,111.53747711679382,-0.12886610639313878,-0.1954129292784914,-0.15840996331951773,-0.11227274026807055,-0.11412969866701295,-0.11824933298440798,-0.11412969866701295
2022-12-12,94.72492166048588,104.56953413387096,106.70754953908848,98.7660073906535,106.70754953908848,96.0802308851449,111.93116306273527,-0.13316045056728953,-0.19339027266554776,-0.15543946247755847,-0.1149194825844364,-0.11752318962652353,-0.12113223922464311,-0.11752318962652353
2022-12-13,94.92761486279409,104.75019741158182,107.00519902876792,99.28370433095222,107.00519902876792,96.34729825218587,111.8999734009334,-0.13130557984180424,-0.19114819711968067,-0.15567479959740738,-0.11339034172482798,-0.11506161335196585,-0.11652552115735348,-0.11506161335196585
2022-12-14,94.36904241978344,104.37048752304254,106.78316711706246,99.00421022350396,106.78316711706246,95.96257481206533,111.52885856453236,-0.13641714579865272,-0.19437801522352927,-0.15847499336951842,-0.11660422067532517,-0.11689782844723595,-0.11901259506924478,-0.11689782844723595
2022-12-15,93.86914641411892,103.95375812874964,106.0238920065805,98.38448949119822,106.0238920065805,95.59317560722286,111.43371345454528,-0.14099175637332906,-0.19747918379015916,-0.15919289715104423,-0.12013143413169236,-0.12317707186148608,-0.12452717024239435,-0.12317707186148608
2022-12-16,93.88803591525152,104.1161050027529,105.83886700739444,98.49437060190118,105.83886700739444,94.07071283234438,110.91026413555001,-0.14081889619710763,-0.21026051531286938,-0.16314250891348636,-0.11875732401029071,-0.12470723792589611,-0.12354939490990524,-0.12470723792589611
2022-12-19,94.51970663787476,104.77147678137057,106.16145969165342,98.75102556853376,106.16145969165342,94.20284179429771,110.76397995879633,-0.1350383987842818,-0.2091512704141809,-0.16424627518884316,-0.11321023232892313,-0.12203938017558391,-0.12126555473274736,-0.12203938017558391
2022-12-20,92.67184395682028,103.58052861631,105.21848454437814,97.32678358621088,105.21848454437814,92.78926622453413,109.91030923253098,-0.15194842019976507,-0.2210184755029848,-0.1706875252188973,-0.12329046293220258,-0.12983783214850753,-0.1339391495744967,-0.12983783214850753
2022-12-21,93.83548140208866,104.05551460462225,105.81385171932624,98.00988656102932,105.81385171932624,93.22770962276844,110.23404073089293,-0.14129982908902416,-0.21733766929921816,-0.16824485562815716,-0.119270163446481,-0.1249141156184338,-0.12786056851489136,-0.1249141156184338
2022-12-22,94.40549002093212,104.94589397936345,106.37243695266407,98.75259305976074,106.37243695266407,93.37601416640419,110.75473346236242,-0.13608360926355945,-0.2160926276667986,-0.16431604330153615,-0.1117339585258087,-0.12029458759846812,-0.12125160643675881,-0.12029458759846812
2022-12-23,93.44055340938073,104.22063808054354,105.69009814784182,97.58391101147652,105.69009814784182,93.26559453776147,110.35802017503897,-0.1449138643107616,-0.21701961905442702,-0.16730938651370664,-0.11787255206075209,-0.1259375638890352,-0.1316511052316358,-0.1259375638890352
2022-12-26,93.63324714359446,104.97396698209388,106.27242887875026,98.15408123198864,106.27242887875026,93.659342249768,110.61421328421861,-0.14315049996253837,-0.2137140406675493,-0.16537631815206533,-0.11149634756208149,-0.12112165940791608,-0.1265774545070475,-0.12112165940791608
2022-12-27,93.07684831626068,104.86394583682944,106.83175958673264,98.14118616881578,106.83175958673264,93.33063740305292,110.16164130812581,-0.14824217489175706,-0.21647357324089744,-0.1687911350889919,-0.11242757072362519,-0.11649596627508474,-0.1266922010235384,-0.11649596627508474
2022-12-28,92.74547497626531,105.30826719950066,107.2155961668318,99.16678966624042,107.2155961668318,93.29351869982378,110.51480986090276,-0.15127461357526584,-0.21678519100882787,-0.16612635242607843,-0.10866681779659793,-0.1133216184208451,-0.11756588445938143,-0.1133216184208451
2022-12-29,91.76136755952676,104.6571948464746,105.34856238913136,97.60375091153529,105.34856238913136,92.36129438707317,109.5072097546851,-0.16028030304710927,-0.2246113711896518,-0.17372905451573584,-0.11417751897609785,-0.12876208181937054,-0.13147456019352677,-0.12876208181937054
2022-12-30,91.00046852605776,103.71993898367116,103.90365131512542,97.02161515812588,103.90365131512542,91.26646291109391,109.01560302454514,-0.16724338481876933,-0.2338026659043,-0.17743840259089128,-0.1221104882761126,-0.1407115691927544,-0.1366546860240928,-0.1407115691927544
2023-01-02,90.6851200957002,103.19792563774148,103.24771050295917,96.4793441792084,103.24771050295917,91.1718783255719,108.37236876104097,-0.1701291775594087,-0.23459671943680194,-0.18229183447235442,-0.12652882910683472,-0.1461362327541852,-0.1414800757868846,-0.1461362327541852
2023-01-03,89.56033610475787,101.45584791283171,101.5198429621516,95.19823080695416,101.5198429621516,90.51157405436699,106.80843812001648,-0.18042221587315055,-0.24014008505163953,-0.19409224882247744,-0.1412738412837784,-0.16042578436272592,-0.15288004294683077,-0.16042578436272592
2023-01-04,88.66558854379387,100.05057075817648,100.14493471439688,94.26713120875375,100.14493471439688,88.87715922731803,104.96040709872194,-0.18861016218132454,-0.2538612729156996,-0.20803630184574384,-0.15316816061355787,-0.17179634483642803,-0.16116541805258455,-0.17179634483642803
2023-01-05,85.76368597101998,96.77362076373268,96.97306914355484,91.14695625815882,96.97306914355484,85.48292624786102,102.21430661460371,-0.21516583385236554,-0.28235643069006267,-0.2287566091980192,-0.18090439010573645,-0.19802783289871162,-0.18893024569424777,-0.19802783289871162
2023-01-06,84.40904951968456,95.68718235736569,95.68707865039944,90.09751654555362,95.68707865039944,82.73375843897125,100.81051244425032,-0.22756228064310025,-0.3054361576671559,-0.2393487367757523,-0.19010004613320242,-0.2086630390624018,-0.19826866844366586,-0.2086630390624018
2023-01-09,85.03060276080132,96.12789745126923,95.55237891691046,90.65481403984496,95.55237891691046,83.48575271792342,100.6428544375179,-0.22187436956296003,-0.2991230389879578,-0.2406137762197409,-0.18636981680229958,-0.20977701264422388,-0.19330956547055222,-0.20977701264422388
2023-01-10,87.03755888735452,98.15231556114568,97.80353670013238,92.56466598426242,97.80353670013238,84.98599535164867,101.91028065432815,-0.20350846422383417,-0.28652824929421505,-0.23105059347733203,-0.16923506485952977,-0.19115982436873646,-0.1763147780315545,-0.19115982436873646
2023-01-12,87.80673355089499,99.09258494798574,98.74426198811184,93.28129500390338,98.74426198811184,86.51952562978353,103.43736766273123,-0.19646965113124326,-0.2736540042168467,-0.21952817747297415,-0.16127658897735742,-0.18337997884553214,-0.16993786599027572,-0.18337997884553214
2023-01-13,88.4495398886471,99.7400061429004,98.90537492958944,93.77815028520298,98.90537492958944,87.89828113160968,104.55623260518594,-0.19058725031821655,-0.2620791194653904,-0.2110859425192917,-0.15579679133909607,-0.18204756670300648,-0.1655166070972437,-0.18204756670300648
2023-01-16,88.83230615443983,100.25104777162876,99.24725368102936,94.3031491921574,99.24725368102936,88.39299852717075,105.35521274432647,-0.18708450857336667,-0.2579258835721696,-0.20505735247056622,-0.15147131554041138,-0.17922021220551942,-0.16084491259470568,-0.17922021220551942
2023-01-17,89.39130894884165,100.7889853536452,99.81200782806316,94.97737418380096,99.81200782806316,88.67726309157938,105.56244150482217,-0.18196900441736763,-0.25553943465675655,-0.20349373757936495,-0.14691819136928475,-0.17454966695851215,-0.1548453321285156,-0.17454966695851215
2023-01-18,89.22549127183606,100.74217251410272,99.8590887011802,95.10780942812366,99.8590887011802,88.32931781612623,105.45922458500436,-0.18348642262055914,-0.2584604938712798,-0.20427254604429512,-0.14731441702513304,-0.17416030576600627,-0.15368465616182736,-0.17416030576600627
2023-01-19,88.80138339037693,100.53750801368074,99.7593069840346,94.6860284498235,99.7593069840346,87.33486008121848,104.94324960142126,-0.18736748663655878,-0.26680913411714335,-0.20816576128086728,-0.14904670514739038,-0.17498550559357784,-0.15743786755236278,-0.17498550559357784
2023-01-20,88.40482967381497,100.29360189965912,99.23907816280052,94.11469086783964,99.23907816280052,86.94664612084013,104.1814978699158,-0.1909963990596537,-0.270068255726692,-0.21391344971914716,-0.15111113578091218,-0.17928782415313604,-0.16252190602461636,-0.17928782415313604
2023-01-23,89.10448071710205,100.80508298654026,100.10939316472697,95.006858411793,100.10939316472697,87.61623006785233,105.01206660172066,-0.18459380527027203,-0.2644469856698719,-0.20764651247496524,-0.14678194039169423,-0.17209027524270126,-0.154582967190232,-0.17209027524270126
2023-01-24,89.1909449470286,100.76465847025406,100.0022989283244,94.80609461126484,100.0022989283244,87.12193834549342,104.9961986503027,-0.18380256033918396,-0.2685966479648366,-0.20776624182657955,-0.14712409503632573,-0.1729759499729161,-0.15636946070633662,-0.1729759499729161
2023-01-25,89.18733026077302,100.9090869484358,100.24333166482984,94.7942391110386,100.24333166482984,87.59332884957563,104.85598297639997,-0.1838356387830633,-0.2646392452560491,-0.20882421908403004,-0.1459016468992328,-0.1709825970993315,-0.15647495668832456,-0.1709825970993315
2023-01-26,88.79596095463766,100.62248309761262,100.13893314451244,94.47223577887284,100.13893314451244,86.04907160674608,104.48777962139964,-0.1874171080209912,-0.27760354500947093,-0.21160244469080192,-0.1483274728023598,-0.17184597812171798,-0.15934029826666096,-0.17184597812171798
2023-01-27,88.48934152459594,100.57069352551066,99.44906635571184,94.19232831139976,99.44906635571184,85.73160453256827,104.31861184650508,-0.1902230205931581,-0.28026873458885837,-0.2128788758739243,-0.14876582171203412,-0.17755121121902884,-0.16183105045622104,-0.17755121121902884
2023-01-30,88.36789860703139,100.52789833245082,99.35331142367444,94.14010942796745,99.35331142367444,86.15472369552447,104.56960710502317,-0.19133435984895364,-0.2767165779223111,-0.2109850271489645,-0.14912804185511908,-0.17834310933089514,-0.16229571936777099,-0.17834310933089514
2023-01-31,88.45864477344796,100.70360071969586,99.82464512872868,94.14805177597692,99.82464512872868,87.47967410459644,104.9185795497854,-0.1905039303840318,-0.26559339599042364,-0.2083519056172627,-0.14764089016125292,-0.17444515584536968,-0.16222504450913477,-0.17444515584536968
2023-02-02,88.99760935968656,100.7058026143268,100.14170092344948,94.23438351247074,100.14170092344948,88.06131396804047,105.29695288222858,-0.18557179836528181,-0.2607104313333105,-0.20549694390429218,-0.1476222532412801,-0.17182308845047423,-0.16145682291204155,-0.17182308845047423
2023-02-03,89.34667465375846,101.19016417028948,100.7540613505442,94.14834583387103,100.7540613505442,87.98929006223342,105.91910914567724,-0.1823774584077319,-0.26131508415824,-0.20080255304920347,-0.14352259859407823,-0.16675883686906623,-0.16222242783959673,-0.16675883686906623
2023-02-06,89.3698618625468,101.73884902389538,101.03573296349468,94.55977904808644,101.03573296349468,87.90424055644,106.16591932291115,-0.18216526937377597,-0.2620290890898056,-0.19894028225484162,-0.13887850910711652,-0.16442939843998639,-0.15856129586474765,-0.16442939843998639
2023-02-07,89.68297122173269,101.9523039668292,101.81107700359718,94.95683364261184,101.81107700359718,89.07926886370795,106.66255065923977,-0.1792999666521472,-0.2521645284637112,-0.19519302173432784,-0.13707181834482507,-0.15801726416825812,-0.15502811181068488,-0.15801726416825812
2023-02-08,90.38603470856808,102.44924074833118,102.4473239429792,95.73587941478226,102.4473239429792,90.64319220847771,107.40803921046674,-0.17286614516707544,-0.23903512847085828,-0.18956804479034495,-0.13286572650997464,-0.15275546992688582,-0.1480957852803556,-0.15275546992688582
2023-02-09,91.07253861841068,103.30109738536896,103.35662912193922,96.04882482867868,103.35662912193922,91.2576940431292,107.88458211872435,-0.16658386243239365,-0.23387628202837552,-0.18597235862272254,-0.12565557950761685,-0.1452354702881462,-0.1453110454450377,-0.1452354702881462
2023-02-10,91.08281957865756,103.2056522586202,103.41048258970264,95.70532573118514,103.41048258970264,91.33508143128357,107.88494665071731,-0.16648978008540483,-0.23322660186541944,-0.18596960809885155,-0.12646343069359833,-0.1447900993967267,-0.14836766675249236,-0.1447900993967267
2023-02-13,90.60675027429264,102.82489779546228,102.80700410647354,95.09418578954497,102.80700410647354,90.78758055865352,107.71735208756232,-0.170846349550551,-0.23782296394239466,-0.1872341688384258,-0.12968615096343028,-0.1497808968549137,-0.15380588589508892,-0.1497808968549137
2023-02-14,90.642922702046,102.79653236837645,102.58866192808004,95.08940135363297,102.58866192808004,89.58037135730159,107.58741302419553,-0.1705153311614518,-0.2479576885966489,-0.18821460540496726,-0.12992623701803296,-0.15158659766981342,-0.15384846012267628,-0.15158659766981342
2023-02-15,90.48539248227088,103.00363125802365,102.56210917079105,94.93754845840787,102.56210917079105,89.86020892040763,107.7739679042149,-0.17195690981190803,-0.24560840510309934,-0.18680698231381532,-0.12817334413270676,-0.15180619031026132,-0.15519972071849908,-0.15180619031026132
2023-02-16,90.00075998474641,102.50828894454833,102.23614053215177,94.5058131797919,102.23614053215177,90.01600531240157,107.6416974911137,-0.17639184212359982,-0.24430046814137252,-0.18780500974541137,-0.13236594032948523,-0.15450196737337163,-0.1590415102935716,-0.15450196737337163
2023-02-17,90.6260900328112,103.38735114003642,103.16693110350566,95.48033743991932,103.16693110350566,90.96295791794724,108.53904812770803,-0.17066936901294283,-0.23635064146088802,-0.1810341792166208,-0.12492552444480698,-0.14680428245714927,-0.15036972151778571,-0.14680428245714927
2023-02-20,90.51049306206114,103.3488523244271,103.1928702340685,95.32664650333676,103.1928702340685,91.02033866559964,108.62834916596837,-0.17172721128173796,-0.23586892041596796,-0.1803603710401418,-0.1252513798856063,-0.14658976454063988,-0.1517373378956709,-0.14658976454063988
2023-02-21,90.35881151214726,103.4558765039991,102.90737974083636,95.4900808287914,102.90737974083636,89.94789760005449,108.47098357787641,-0.1731152680262541,-0.24487224386234607,-0.18154775051543592,-0.12434552315576486,-0.14895078530203554,-0.15028302012540795,-0.14895078530203554
2023-02-22,90.43107144503666,103.3608591486928,103.09970257632418,95.32179274046172,103.09970257632418,90.45853517337669,108.56849538425206,-0.17245400838549774,-0.24058535539434767,-0.18081198916574592,-0.12514975366797398,-0.1473602657637615,-0.15178052902814676,-0.1473602657637615
2023-02-23,90.85106064869332,103.52087070350132,103.13796780649184,95.41088112433138,103.13796780649184,90.78094005669965,109.00547062655109,-0.16861063490275985,-0.23787871207518974,-0.1775148551467488,-0.1237954097771321,-0.14704381038255898,-0.15098777744780867,-0.14704381038255898
2023-02-24,91.81445501632626,104.37941683312332,104.45642925767451,96.62456028773732,104.45642925767451,92.32460135704615,109.95100099285224,-0.15979449312163319,-0.22491941535932658,-0.17038049137747824,-0.11652864265490159,-0.13614006776016974,-0.14018787253291964,-0.13614006776016974
2023-02-27,91.88490883560222,104.51520691770916,104.53892521454148,97.03076125805003,104.53892521454148,92.24202075582532,110.10143447446438,-0.15914976145137782,-0.22561269342100687,-0.1692454171174126,-0.11537931021003023,-0.13545782204092005,-0.13657329959800824,-0.13545782204092005
2023-02-28,91.80037745345363,104.26481935028632,104.63507689435754,97.3537350658089,104.63507689435754,92.86069418785809,110.4135891883084,-0.1599233186518496,-0.22041882571561422,-0.16689009849388936,-0.11749860011186075,-0.1346626428049369,-0.13369932225789571,-0.1346626428049369
2023-03-02,91.0378375795212,103.37123785949306,103.82554480296082,96.7642615579882,103.82554480296082,91.67085245315467,109.86714631661896,-0.16690141595884167,-0.23040774756102023,-0.17101320481040894,-0.12506190786468818,-0.1413575139831852,-0.1389447429804893,-0.1413575139831852
2023-03-03,90.46713840472636,102.95868899105788,103.41479928956544,96.27375923405634,103.41479928956544,91.20380381573457,109.31874557222142,-0.17212395514777767,-0.23432869956759572,-0.17515108397464585,-0.12855373719106122,-0.14475440007139584,-0.14330947018247098,-0.14475440007139584
2023-03-06,90.56285233257272,102.88867193988112,103.44902096173831,96.21339176621797,103.44902096173831,90.6165450660219,108.90197569983219,-0.17124806507962698,-0.23925883572168938,-0.17829576127287883,-0.1291463641774654,-0.14447138511851565,-0.14384664914398293,-0.14447138511851565
2023-03-07,90.68523743307917,102.6282940956163,103.40224937226144,96.6161604773016,103.40224937226144,90.27226058010743,108.6987375649558,-0.17012810379044763,-0.24214916199121006,-0.17982926547081213,-0.13135021216277276,-0.14485818851973642,-0.14026261811374863,-0.14485818851973642
2023-03-08,90.51326462159744,102.74024422849097,103.1072228625725,96.4628581233352,103.1072228625725,90.1793786873941,108.65902391602458,-0.1717018483954187,-0.24292892113068765,-0.1801289191130202,-0.13040266197666783,-0.14729807261763284,-0.14162677669534585,-0.14729807261763284
2023-03-09,89.98626233071396,101.97761043050672,102.31254399331098,95.92849755974812,102.31254399331098,89.88064123411174,108.01206482784886,-0.1765245119603125,-0.24543687238680745,-0.1850104561248216,-0.13685762347295183,-0.15387010690055125,-0.146381775751943,-0.15387010690055125
2023-03-10,89.5404885272848,102.47430260588833,102.26363359428132,95.51087339850362,102.26363359428132,89.88268446548214,107.79466517093732,-0.18060384352522463,-0.24541971911517824,-0.18665081405620032,-0.1326536019936152,-0.15427459836452195,-0.15009799777139643,-0.15427459836452195
2023-03-13,89.22121195151689,102.2337557340324,101.89515076537867,95.26383477347407,101.89515076537867,89.95892764406908,107.3073303588427,-0.18352558321348778,-0.24477964478433456,-0.19032792898643058,-0.13468959987357498,-0.15732196992287906,-0.15229626708429855,-0.15732196992287906
2023-03-14,89.0732593342245,101.83730988216249,101.64987606544273,95.58348561081054,101.64987606544273,89.89945003022277,107.02399753695066,-0.18487951603140873,-0.2452789693742643,-0.19246577615791738,-0.13804513265476792,-0.15935040404773448,-0.1494518591441386,-0.15935040404773448
2023-03-15,88.83493290070376,101.6519860354468,101.2746068767981,95.2253865527784,101.2746068767981,89.37047530669753,106.72272964024437,-0.18706047089132927,-0.24971980130793814,-0.19473894986413465,-0.13961372074784073,-0.1624538991430392,-0.15263839797043377,-0.1624538991430392
2023-03-16,88.69438081060905,101.66903608429654,101.24431626267688,95.19150000636044,101.24431626267688,89.50975132171526,106.84493269386893,-0.1883466805636499,-0.24855055569453022,-0.19381688424959087,-0.1394694084853555,-0.1627044040477944,-0.15293993686987473,-0.1627044040477944
2023-03-17,89.13335192956971,101.47928557857269,100.82583654995088,95.33681912610004,100.82583654995088,88.67199155464364,106.42131739342635,-0.1843296012111043,-0.25558369009756055,-0.19701321274341688,-0.14107546398877702,-0.16616525235410073,-0.15164681697227456,-0.16616525235410073
2023-03-20,89.43515852673859,101.9150089812823,101.23815341212638,96.03019160955589,101.23815341212638,88.93652531478531,106.81729399629232,-0.18156773147165617,-0.25336288460851353,-0.1940254280781637,-0.13738748452215166,-0.16275537113231753,-0.1454768528518483,-0.16275537113231753
2023-03-21,89.17231703007508,101.68238967686992,101.62639412980684,95.83999217502452,101.62639412980684,87.8290888039434,106.91207377222823,-0.18397302672602067,-0.26266000071472095,-0.19331028087232416,-0.13935638316950139,-0.15954460083841004,-0.1471693395235646,-0.15954460083841004
2023-03-22,89.69672071907728,102.04713330866898,102.13751810681362,96.26529004044887,102.13751810681362,89.00222712219373,107.36209906831,-0.17917414329041537,-0.2528113068648835,-0.1899146795441713,-0.13626917918575354,-0.15531757979929306,-0.1433848331683607,-0.15531757979929306
2023-03-23,89.60191026658454,102.13192273989998,102.26624813974306,96.1134316181578,102.26624813974306,89.17522581963372,107.58385393447311,-0.18004176554314089,-0.2513589536504319,-0.18824146000601671,-0.1355515182122501,-0.1542529759418384,-0.144736142946693,-0.1542529759418384
2023-03-24,89.23404559096625,102.26390298978738,102.56379939836712,95.88181985038482,102.56379939836712,88.57847455751269,107.35328424632426,-0.18340814098136082,-0.256368781045636,-0.18998119051922713,-0.1344344323532901,-0.15179221204305737,-0.14679713661333726,-0.15179221204305737
2023-03-27,88.98496714389653,102.21008497778784,102.2736057565392,95.70253022163222,102.2736057565392,89.32595670052187,107.3420784398995,-0.1856874888556741,-0.25009354250795235,-0.1900657423244485,-0.13488995005547144,-0.15419212808027427,-0.14839254255020773,-0.15419212808027427
2023-03-28,89.29824135348075,102.63642740708757,102.62811390234492,96.0408556701008,102.62811390234492,89.54307727671312,107.7329418978653,-0.18282067756752962,-0.24827077868706104,-0.18711653816070306,-0.13128137150488017,-0.15126032785514165,-0.14538195887709426,-0.15126032785514165
2023-03-29,89.1024342518946,102.64310311852876,102.825288869111,96.19474087872103,102.825288869111,89.63533683520488,107.89841349584968,-0.1846125327281284,-0.2474962441482339,-0.1858679959503442,-0.1312248680291267,-0.14962968094675688,-0.14401261377254249,-0.14962968094675688
2023-03-30,88.53550774264825,102.11673348723096,102.5670131682445,95.56937621925918,102.5670131682445,89.17297996781912,107.31568349558363,-0.18980054778501043,-0.25137780795483067,-0.1902649015911737,-0.13568008062502934,-0.151765634004269,-0.14957741134257463,-0.151765634004269
2023-03-31,87.64891620378567,101.73177207772358,101.50167043640056,94.53225274702464,101.50167043640056,88.4667395986753,106.59745430835004,-0.19791385731967626,-0.25730681485187545,-0.1956841969137313,-0.13893840864890317,-0.16057607206617786,-0.1588062382210882,-0.16057607206617786
2023-04-04,87.69992912325424,101.4974545871258,101.37494967144367,94.55037961422904,101.37494967144367,89.15335217646708,107.04345017306713,-0.19744703174355305,-0.25154258657041884,-0.19231899908203243,-0.14092168080876855,-0.1616240591762771,-0.15864493657884615,-0.1616240591762771
2023-04-05,87.88217459906915,101.93765380663832,101.82698175039432,94.80651775773576,101.82698175039432,89.2498224942747,107.02719944034665,-0.19577928070853223,-0.2507327019976424,-0.19244161665506565,-0.13719581785834845,-0.15788573111100046,-0.15636569534413147,-0.15788573111100046
2023-04-06,87.72833923152994,101.74501302951592,101.47002918669205,94.30947148542366,101.47002918669205,88.96974995956104,106.70727235521593,-0.19718704730624403,-0.25308395811742956,-0.19485558059140518,-0.13882633672890743,-0.16083774679528196,-0.16078865376767937,-0.16083774679528196
2023-04-07,87.8604435206753,101.75468767003146,101.4411332018124,94.35606584181652,101.4411332018124,89.06284043214343,106.92282146699871,-0.19597814451198958,-0.2523024479148065,-0.19322918568288705,-0.1387444502033125,-0.16107671804595092,-0.16037403462137945,-0.16107671804595092
2023-04-10,88.24394961931395,102.121394024155,101.65145552943032,94.72824286342755,101.65145552943032,89.29234043640017,107.32452856733245,-0.19246863246467272,-0.2503757567094318,-0.19019816237086906,-0.13564063366309798,-0.15933734180098713,-0.15706222325796604,-0.15933734180098713
2023-04-11,88.10594272673352,102.192382279932,101.47893131621124,94.74087761113717,101.47893131621124,89.33007806846528,107.4031096637028,-0.19373155071771508,-0.2500589429296368,-0.1896052399784478,-0.13503978636398783,-0.160764125735689,-0.15694979315452384,-0.160764125735689
2023-04-12,87.70933313349285,102.17839850565976,101.49291100507828,94.49841592842373,101.49291100507828,89.33808498139807,107.38056855376827,-0.19736097447525236,-0.24999172354644006,-0.18977532069057257,-0.13515814556172945,-0.16064851300449345,-0.1591073346183327,-0.16064851300449345
2023-04-13,88.02220961136452,102.38957825983476,101.52794557776986,94.863969943957,101.52794557776986,89.07067962983457,107.3895610341883,-0.194497802879519,-0.2522366365293225,-0.18970746921928072,-0.13337071208369922,-0.1603587753233715,-0.1558544579701614,-0.1603587753233715
2023-04-14,87.83029908996085,102.69943826883092,101.4167997643866,94.92927424605764,101.4167997643866,89.14009841564435,107.18025186157105,-0.1962539999498234,-0.25165385412572017,-0.1912867815617687,-0.13074804517253558,-0.161277956799326,-0.15527334866674314,-0.161277956799326
2023-04-17,87.53264507938042,102.56944667351998,101.3181372448702,95.02387277595216,101.3181372448702,89.1984505495441,107.12495827787383,-0.19897786885248847,-0.2511639781295797,-0.19170399136725147,-0.13184829898346095,-0.1620939008061214,-0.1544315651388114,-0.1620939008061214
2023-04-18,87.37929999453236,102.80966120428874,101.6414901157144,95.31524408007871,101.6414901157144,89.20179123283472,107.5550783734905,-0.20038114881226332,-0.25113593253046607,-0.1884585818743686,-0.12981511405111368,-0.15941975627445282,-0.15183880217939538,-0.15941975627445282
2023-04-19,87.20765611533588,102.33768974782518,101.26362550130304,94.92899083764613,101.26362550130304,89.108361073037,107.15133165561338,-0.2019518833169468,-0.2519202944644974,-0.19150499482803474,-0.13380989842451785,-0.16254471567160023,-0.15527587057202807,-0.16254471567160023
2023-04-20,87.36731953264143,102.49411819604296,101.24616993248618,94.92757071690347,101.24616993248618,89.23971360706958,107.19584352726636,-0.20049078351035,-0.250817567809028,-0.19116913688444925,-0.13248588208425327,-0.1626890741050877,-0.15528850749408352,-0.1626890741050877
2023-04-21,87.46007276565322,102.96009804847426,101.42458568351742,95.09402483235574,101.42458568351742,89.34620427205626,107.54090669331364,-0.19964198712917647,-0.24992356073330346,-0.18856551225461538,-0.12854181087545236,-0.16121356685587707,-0.1538073181701014,-0.16121356685587707
2023-04-25,87.07492506577654,102.60654185644836,100.99163970389992,95.06256776061952,100.99163970389992,89.38509377580644,107.635417683027,-0.20316652167376836,-0.24959707679662757,-0.18785239313666835,-0.13153432394310316,-0.16479405191815388,-0.15408723842736172,-0.16479405191815388
2023-04-26,86.68719473571214,101.94327196250828,100.3871430275255,94.6176258794071,100.3871430275255,89.00702105379658,107.5404328658936,-0.20671469018869282,-0.2527710610013233,-0.18856908745145617,-0.13714826557320647,-0.16979326988494692,-0.1580465467475778,-0.16979326988494692
2023-04-27,87.09245384454223,102.412019692613,100.96607816672272,95.15651808727684,100.96607816672272,89.13397212691872,107.8929330011313,-0.2030061136373087,-0.2517052853518218,-0.1859093482372195,-0.13318076694241665,-0.16500544711834175,-0.15325122292572424,-0.16500544711834175
2023-04-28,87.13419288260133,102.24443986803182,101.38641695084527,95.0829701840833,101.38641695084527,89.60605137024203,107.90110135254321,-0.20262415450437232,-0.24774210056105606,-0.18584771511316045,-0.13459916895670543,-0.16152922419793025,-0.15390568778359548,-0.16152922419793025
2023-05-03,86.67646905432733,101.84901173087256,101.15903802563442,94.6110771424768,101.15903802563442,88.63083491541873,107.87656910312155,-0.2068128422341735,-0.25592920701854804,-0.18603281968271246,-0.13794608776184747,-0.16340965936426044,-0.1581048205799812,-0.16340965936426044
2023-05-04,86.76518605651529,102.2020307180918,101.27692291064822,94.67255482506044,101.27692291064822,88.6116566349682,108.06994267019061,-0.2060009819036971,-0.25609021191437764,-0.18457374716637542,-0.1349581216161293,-0.1624347454264221,-0.15755776239004915,-0.1624347454264221
2023-05-05,86.2613577124886,101.67443771857891,100.7495729810112,94.0125963151371,100.7495729810112,88.46051795915241,108.00572232542835,-0.2106115777962213,-0.2573590465639862,-0.18505831256718241,-0.13942368884717282,-0.1667959559112181,-0.16343039279341054,-0.1667959559112181
2023-05-08,86.31674127531063,101.90799002913988,101.03811999399946,94.29308122646654,101.03811999399946,88.71660806565583,108.3311962424105,-0.2101047559187148,-0.25520912696994713,-0.18260249580664445,-0.13744689320026604,-0.16440965757745873,-0.16093450222879202,-0.16440965757745873
2023-05-09,85.46728189301612,101.4323711045902,100.49074648512632,93.50890661093511,100.49074648512632,88.61808430032096,108.08573897208743,-0.21787826446643133,-0.2560362505807108,-0.18445455843594682,-0.14147254988239433,-0.16893646407128005,-0.1679124676909678,-0.16893646407128005
2023-05-10,86.04223911353486,101.90468655772472,100.99844684996756,94.0014998964969,100.99844684996756,89.24231787572047,108.44840675556655,-0.2126167593710362,-0.2507957045348971,-0.1817181006901667,-0.1374748539080728,-0.16473775647724587,-0.16352913409986403,-0.16473775647724587
2023-05-11,86.2950870817606,102.35174749969606,101.27191065496416,94.10700457151351,101.27191065496416,90.06368071104453,108.88823377907715,-0.2103029161393959,-0.24390022513669107,-0.17839944896504512,-0.13369091307756542,-0.1624761970334354,-0.16259030241138206,-0.1624761970334354
2023-05-12,87.47824901832057,103.29749103682596,102.33347560492558,95.05524613987316,102.33347560492558,91.38033985748463,109.7248600340242,-0.19947565397844547,-0.23284664975163583,-0.17208680554877476,-0.12568610377896272,-0.15369700141801113,-0.15415238975422607,-0.15369700141801113
2023-05-15,87.43707962981492,103.266634206663,102.0237372825702,95.15595752653148,102.0237372825702,91.46719506900163,109.69522731991074,-0.19985240017740846,-0.232117485616268,-0.17231039494314104,-0.12594727716404708,-0.156258552947807,-0.15325621106668552,-0.156258552947807
2023-05-16,87.9946401362412,103.66541304348767,102.59435354626603,95.68710346149705,102.59435354626603,91.98458552200306,109.99252738896286,-0.1947500945782089,-0.22777390558553512,-0.17006715991141552,-0.12257199790939055,-0.15153952770068446,-0.14852981733223258,-0.15153952770068446
2023-05-17,88.32028322367087,104.016378454992,103.189027145578,96.0368505199113,103.189027145578,91.75492461327592,110.45860216030401,-0.1917700941492282,-0.22970194761105045,-0.1665504595695374,-0.11960141330669416,-0.14662154707606245,-0.14541759864295722,-0.14662154707606245
2023-05-18,88.66463752182254,104.0018829211516,103.3063528001039,96.37330287049254,103.3063528001039,91.48886013229924,110.3289590576571,-0.18861886510176695,-0.23193560375942635,-0.16752866300691416,-0.11972410405690104,-0.14565125800253187,-0.14242368270188488,-0.14565125800253187
2023-05-19,88.97909996985874,104.22517023496135,103.33095246643462,96.590065417001,103.33095246643462,91.64717650965002,110.2961006880877,-0.18574118009563712,-0.2306065110960236,-0.16777659112189403,-0.11783419173324028,-0.14544781752270108,-0.1404948245967239,-0.14544781752270108
2023-05-22,89.04700901432847,104.33513919126968,103.2571607277988,96.64066593357536,103.2571607277988,91.61134674487704,110.23055821288406,-0.18511973597640596,-0.23090730800843462,-0.16827113246832415,-0.1169034103010077,-0.1460580789186804,-0.1400445566971632,-0.1460580789186804
2023-05-23,88.94775391874829,104.27123015673428,103.47619489737536,96.65423587572944,103.47619489737536,91.73983109287342,110.3092892038992,-0.1860280317112919,-0.22982866025801452,-0.16767707906735885,-0.11744433880205374,-0.14424665530183578,-0.13992380478069022,-0.14424665530183578
2023-05-24,89.10453617482462,104.71489421251496,104.12459709434587,96.81637904852174,104.12459709434587,92.90501953840003,110.62653189834244,-0.18459329776974942,-0.2200467069292077,-0.1652833698159516,-0.11368914934556884,-0.13888433646785214,-0.1384809763120518,-0.13888433646785214
2023-05-25,88.6442455268192,104.1274237502366,103.27142556968974,96.2261610853633,103.27142556968974,92.05631656464703,109.9963568878334,-0.18880547478642928,-0.2271717113962055,-0.17003826497692143,-0.1186615217007333,-0.14594010795761192,-0.14373302155874002,-0.14594010795761192
2023-05-26,89.22636192858523,104.86718218299198,103.58088006860542,96.87335856853826,103.58088006860542,93.1684167510919,110.51316699538299,-0.18347845513226846,-0.21783544294750457,-0.16613874843223508,-0.11240017816651193,-0.14338090366196077,-0.1379739449508579,-0.14338090366196077
2023-05-29,90.2297963468865,105.61313825152232,104.66552496094434,97.9878076625812,104.66552496094434,93.69774052664293,111.63335110227679,-0.17429590186330768,-0.21339168066326053,-0.15768655991247427,-0.10608637760717432,-0.13441083576035928,-0.12805703724489415,-0.13441083576035928
2023-05-30,90.06600621640749,105.5966283689275,104.6661915513766,97.83081263607248,104.6661915513766,93.90103438588132,111.58069471366545,-0.1757947657358464,-0.21168499446092337,-0.1580838711406678,-0.10622611788191616,-0.13440532302390318,-0.12945405501493357,-0.13440532302390318
2023-05-31,90.43477290454466,106.09099175558086,104.68083320059068,97.92234262156492,104.68083320059068,94.06594273844091,111.86012447983727,-0.17242013586878402,-0.21030056105492678,-0.15597547391633482,-0.10204180735902224,-0.13428423584728955,-0.1286395768810209,-0.13428423584728955
2023-06-02,90.96798392883498,106.74346610023323,105.2349334324276,98.66026423043496,105.2349334324276,94.93175351818908,112.63500308020129,-0.16754065541162366,-0.20303193367401695,-0.15012873857176168,-0.09651923966902953,-0.12970179901568069,-0.12207319306993725,-0.12970179901568069
2023-06-05,90.58443820991832,106.14322586416984,104.40218037748996,97.84095276856397,104.40218037748996,94.09003158495166,112.1122393122578,-0.17105053002903658,-0.21009833112961507,-0.15407317760706551,-0.10159969587560025,-0.13658870873223206,-0.12936382320570894,-0.13658870873223206
2023-06-06,90.68502536221372,106.01837540321696,104.15371233009547,97.55064240570714,104.15371233009547,93.79647627723251,112.12618471118896,-0.17013004447733582,-0.21256277740056517,-0.15396795459950452,-0.10265643492961829,-0.13864355200144318,-0.13194714539595065,-0.13864355200144318
2023-06-07,90.0334161057745,105.5606859750904,103.695477558856,96.98213346905808,103.695477558856,93.86288810754215,111.80230229167154,-0.17609300189505173,-0.21200523889504397,-0.1564117629441778,-0.1065303356715237,-0.1424331766444259,-0.1370060132122558,-0.1424331766444259
2023-06-08,90.18815731406708,105.84139601591428,103.8782857395876,97.21299467414288,103.8782857395876,93.67864823217926,111.4918913290899,-0.17467694583584714,-0.21355196369224227,-0.15875392434264257,-0.10415439520058223,-0.14092134378031262,-0.13495169841586796,-0.14092134378031262
2023-06-09,90.24244703980264,105.7838608988247,103.69932467009863,97.2048041673899,103.69932467009863,94.16246498837918,111.8955073705741,-0.17418013379767927,-0.20949024050316323,-0.15570849738895753,-0.10464137462173972,-0.1424013608406406,-0.13502458151117358,-0.1424013608406406
2023-06-12,90.76841712821512,106.11759715793164,104.06465358976692,97.26932342120456,104.06465358976692,93.9994185304059,111.9311111747773,-0.16936691604608578,-0.2108590429903876,-0.15543985399070337,-0.10181661822077348,-0.1393800722705384,-0.13445045794756016,-0.1393800722705384
2023-06-13,91.08248216583604,106.0169063919778,104.36694855466232,97.37752236578626,104.36694855466232,94.130957509301,111.60664548548279,-0.16649286779213557,-0.2097547510988822,-0.1578880633138262,-0.10266886869666547,-0.13688007768191623,-0.1334876513437997,-0.13688007768191623
2023-06-14,91.58712075530462,106.07355861860596,104.5593778593495,97.3151027032619,104.5593778593495,95.31412979627284,112.20885917525183,-0.16187485724271355,-0.19982182039095253,-0.15334414628823745,-0.10218936209398133,-0.1352886776379998,-0.13404309172739393,-0.1352886776379998
2023-06-15,92.99647333606536,106.9447512118784,105.76266143685731,98.37504850789988,105.76266143685731,96.92884617021825,113.27737026666773,-0.14897769634056746,-0.18626600435979057,-0.14528184909572894,-0.09481555482201776,-0.12533746183330263,-0.12461118068353849,-0.12533746183330263
2023-06-16,93.07280931864192,107.53705241792098,106.0041654754683,98.88836023390678,106.0041654754683,97.50362247895052,113.67121180549104,-0.14827913626173905,-0.1814406604009584,-0.14231017424999493,-0.0898022948677476,-0.123340211267562,-0.12004348437653856,-0.123340211267562
2023-06-19,92.84205799795916,107.33445622111864,106.07129115749474,98.81942253115122,106.07129115749474,97.09170448063618,113.70128655456998,-0.15039077032113235,-0.18489878140299532,-0.14208324954419405,-0.09151707678943688,-0.1227850784955632,-0.12065692543844297,-0.1227850784955632
2023-06-20,94.32752371177668,109.30347372103232,108.0619014689945,100.58195041160889,108.0619014689945,99.64904010692916,115.39387286592265,-0.13679708866385354,-0.163429517921596,-0.12931208228563595,-0.07485123771825175,-0.10632263093701089,-0.10497309886160233,-0.10632263093701089
2023-06-21,92.87351650672213,108.29883996713272,106.75551990994128,99.0789093552131,106.75551990994128,97.83557265815894,113.93054717935651,-0.15010288959150075,-0.17865388271450588,-0.14035339638083577,-0.08335449605328704,-0.11712647224293182,-0.1183478860225643,-0.11712647224293182
2023-06-22,93.12968545182898,108.91375156754768,107.5525083567971,99.15896031396866,107.5525083567971,97.68682881977854,114.07786586590716,-0.14775865568702762,-0.17990261230032578,-0.13924182436017718,-0.07814986086036979,-0.11053533763695722,-0.11763555382722568,-0.11053533763695722
2023-06-23,93.34530278900957,109.35981090342716,107.7441031542214,99.50069298961527,107.7441031542214,98.22181404891845,114.05470913610134,-0.14578551459453448,-0.1754113211592757,-0.13941655014374743,-0.07437439766195075,-0.10895083901014535,-0.11459465099674704,-0.10895083901014535
2023-06-26,93.24020093238556,108.6500384915624,107.20005811766062,99.2026930127535,107.20005811766062,97.93941989256017,114.02092209389716,-0.14674731476753466,-0.17778206768395144,-0.13967148542490104,-0.08038193837391683,-0.11345011887026257,-0.11724639909606727,-0.11345011887026257
2023-06-27,93.21029040210034,108.97433492550394,107.383874015911,99.22911420464732,107.383874015911,98.26980870246302,113.9530923458252,-0.1470210297534248,-0.17500839795590228,-0.1401832850607143,-0.07763708101248357,-0.11192995213150236,-0.11701129053624781,-0.11192995213150236
2023-06-28,92.78739037743776,108.84423872597534,106.9278088822053,99.042518836528,106.9278088822053,98.58389763410841,114.09545366315588,-0.1508910405215257,-0.1723715684522752,-0.13910911815851024,-0.078738220197489,-0.11570163376277942,-0.1186717064797761,-0.11570163376277942
2023-07-03,92.97139354564024,109.31491217988405,107.4524935745894,99.40953831164144,107.4524935745894,98.28457956257829,114.4333189200577,-0.1492072046246693,-0.1748843940964162,-0.13655980431979642,-0.07475442216711847,-0.11136246492433377,-0.11540578946261804,-0.11136246492433377
2023-07-04,93.61868923783932,110.3139384288496,108.28160456557012,100.1504089865508,108.28160456557012,98.77240871438188,114.7669198077238,-0.14328372117026555,-0.17078898617017513,-0.13404266666754738,-0.06629862596729819,-0.10450567526018495,-0.10881316343384395,-0.10450567526018495
2023-07-05,94.0528033582073,110.62876728877328,108.73843122935972,100.52321950589538,108.73843122935972,99.41976485812322,114.84814167201687,-0.13931108881643872,-0.16535432226709113,-0.13342981873950888,-0.06363390251274148,-0.10072769573675,-0.10549571490082899,-0.10072769573675
2023-07-06,93.76092219660586,110.33134457330212,108.8340130374746,100.24841253910272,108.8340130374746,98.94109023420549,115.02595816414001,-0.1419821296594952,-0.1693728763892367,-0.13208812990095287,-0.06615129969807598,-0.0999372293684444,-0.10794108036543915,-0.0999372293684444
2023-07-07,93.81526836410843,110.27768423264794,108.88457693358193,100.40626933570049,108.88457693358193,98.55026689709786,115.10753241050256,-0.1414848011156915,-0.17265390415609516,-0.13147262312454844,-0.06660548286398826,-0.099519063400342,-0.106536394147839,-0.099519063400342
2023-07-10,93.79371061053249,109.90851477769216,108.34438986134867,100.02466715514642,108.34438986134867,98.30144814023386,115.15097004838577,-0.141682078802165,-0.17474277954472406,-0.13114487065780422,-0.06973014718340642,-0.10398643770111504,-0.10993207513962,-0.10398643770111504
2023-07-11,93.26035660896824,109.60260727168752,108.17195858131647,99.64983922813494,108.17195858131647,98.18570163713922,115.04090896159573,-0.14656286766215665,-0.17571449094092884,-0.13197532080302077,-0.07231935995879546,-0.10541245307367952,-0.113267475542976,-0.10541245307367952
2023-07-12,93.03360420256918,109.36544098744685,108.16252751502368,99.49202149309076,108.16252751502368,98.24991699372565,114.82056428264417,-0.1486379071591567,-0.17517539220240919,-0.1336378999758221,-0.07432674441649545,-0.10549044846703681,-0.11467181417195693,-0.10549044846703681
2023-07-13,93.37928780213504,109.3525058239547,108.10842407024008,99.5728137478138,108.10842407024008,97.80531665829515,114.46881613761492,-0.14547451350898333,-0.17890788693135184,-0.13629196515579278,-0.07443622813267825,-0.10593788668100645,-0.11395288556613037,-0.10593788668100645
2023-07-14,93.35474649923091,109.44061765097057,108.07789045514797,99.57192550806424,108.07789045514797,98.30463047309327,114.75226026369715,-0.14569909402674985,-0.17471606332416167,-0.1341532781545024,-0.0736904462747826,-0.10619040121603274,-0.11396078955354816,-0.10619040121603274
2023-07-17,93.42026683125026,109.45067064863171,108.04585199216274,99.5336315563466,108.04585199216274,98.22122491720664,114.60342580439567,-0.14509950931249804,-0.17541626701926216,-0.13527628722105767,-0.07360535731990492,-0.10645536091894592,-0.11430154767961276,-0.10645536091894592
2023-07-18,93.89457396992964,110.36830025147614,108.93512076348516,100.25616498072988,108.93512076348516,99.47783093963109,115.27307331593907,-0.14075906564489393,-0.16486684772897897,-0.1302235579647496,-0.06583850543126946,-0.0991010633807583,-0.10787209538575426,-0.0991010633807583
2023-07-20,93.7839797605648,110.38947394505348,109.0042876009642,100.16684326350487,109.0042876009642,99.91007142796339,115.80233834008735,-0.1417711270215113,-0.16123811599900006,-0.12623006463317443,-0.06565929048284058,-0.09852905015033764,-0.10866692327927885,-0.09852905015033764
2023-07-21,93.919446729531,110.96507355532204,109.54249230993862,100.55567921461292,109.54249230993862,100.40352202007483,116.3259564220872,-0.14053145192563143,-0.15709551513418907,-0.1222791794936855,-0.06078739347095863,-0.09407807009358216,-0.10520687269418627,-0.09407807009358216
2023-07-24,93.92625739259582,111.03870639985354,109.80776252285978,100.7833139984112,109.80776252285978,100.08286750495915,116.24110489952766,-0.1404691267001369,-0.15978746381731834,-0.12291941448760157,-0.06016416227196253,-0.0918842720690104,-0.10318126815678641,-0.0918842720690104
2023-07-25,93.63917670738874,110.49595999827687,109.10860608295287,100.5773225226066,109.10860608295287,100.23799303598648,116.05981661814486,-0.14309623778614733,-0.1584851588464431,-0.1242872992140861,-0.06475798847489778,-0.09766633104896194,-0.10501428005898006,-0.09766633104896194
2023-07-26,92.95075127519952,110.39408323297668,109.05057963814497,100.6353182096022,109.05057963814497,100.738918449528,116.13047252105895,-0.14939610461101327,-0.15427980559625543,-0.12375417523224375,-0.06562027729440312,-0.09814621267076451,-0.10449820635193163,-0.09814621267076451
2023-07-27,93.68652492830992,111.7076933975451,109.79861378131083,101.93007556276676,109.79861378131083,102.10692229761375,116.7496245312734,-0.1426629483226114,-0.1427951827895514,-0.11908245253905836,-0.05450183085808136,-0.09195993262251301,-0.09297682844280653,-0.09195993262251301
2023-07-28,94.5198359176122,112.35292519894789,110.50482037713016,102.6277046441368,110.50482037713016,102.66097087543957,117.45512614017872,-0.13503721572931182,-0.13814385162420106,-0.11375919133336476,-0.04904056432984527,-0.08611956849799474,-0.08676898705290059,-0.08611956849799474
2023-07-31,94.98719527129832,112.31117096244634,110.96401093231046,102.72967777978177,110.96401093231046,102.87106528975582,118.10273273617082,-0.1307603521070384,-0.1363800736161247,-0.10887276864420159,-0.04939397377699617,-0.08232203947367123,-0.08586158071188033,-0.08232203947367123
2023-08-02,94.92473625926958,112.5203069713366,110.80390606607716,102.5092956146757,110.80390606607716,103.8972356782252,118.46020598643253,-0.13133192230098434,-0.1277652003001828,-0.10617550550380428,-0.0476238386368526,-0.08364611478314188,-0.08782264793610761,-0.08364611478314188
2023-08-03,94.48999894976431,111.99267704455038,110.22580993670526,101.7470869328664,110.22580993670526,103.37044040149506,118.32146243522574,-0.13531025753618087,-0.13218773541078555,-0.10722237507058707,-0.05208971842174315,-0.08842699889622418,-0.09460514988311519,-0.08842699889622418
2023-08-04,94.80766411078024,112.24555761258996,110.19749269453943,101.94912204533146,110.19749269453943,103.06444266607649,118.4138570376513,-0.1324032641049011,-0.13475663795876114,-0.10652522484938398,-0.04994932766779492,-0.08866118391549427,-0.09280734361776877,-0.08866118391549427
2023-08-07,94.66497419550704,112.23128549395793,110.35300659150852,101.77407513810556,110.35300659150852,102.87272200985869,118.75773390624926,-0.1337090372815456,-0.13636616517171174,-0.10393055125681305,-0.05007012742317374,-0.08737507615312123,-0.09436499576397506,-0.08737507615312123
2023-08-08,94.30850719188945,111.73240363121248,110.16064117448356,101.80953662742697,110.16064117448356,102.79206289747245,118.85644213613122,-0.1369711112045099,-0.13704331201086417,-0.10318576246514943,-0.054292682499709755,-0.08896594784285261,-0.09404944225991985,-0.08896594784285261
2023-08-09,93.86783067442774,111.4400892398479,109.7841158177999,100.911761502246,109.7841158177999,102.45138301223395,118.54236549964743,-0.14100379687102582,-0.13990337705035238,-0.1055555826803054,-0.0567668426353547,-0.09207983151112309,-0.10203828006751448,-0.09207983151112309
2023-08-10,94.42815749903252,111.92082571467796,110.4329347363712,101.4940929841244,110.4329347363712,102.63533342981937,118.80130408849409,-0.13587617634982463,-0.13835908229996807,-0.10360179869559805,-0.05269787081285038,-0.08671406636850754,-0.09685641255025057,-0.08671406636850754
2023-08-11,93.9872906323592,111.64487543295132,110.17357776644678,101.3683833673305,110.17357776644678,102.3051795915241,118.68208731284145,-0.13991060392567056,-0.14113077940177998,-0.10450133177800214,-0.055033524501609254,-0.08885896157560047,-0.09797503759482273,-0.08885896157560047
2023-08-15,93.85077326647718,111.37821864309652,110.20801832610194,101.38178356573437,110.20801832610194,102.34844246175336,118.8665659938732,-0.14115989133448015,-0.14076758031662118,-0.10310937434853917,-0.05729051772140237,-0.08857413641221479,-0.09785579614043682,-0.08857413641221479
2023-08-16,93.8638662378641,111.4537453371896,110.1912334824056,101.32626209187646,110.1912334824056,102.26022424464301,118.84760672018815,-0.14104007592351098,-0.14150818711360502,-0.10325242882895669,-0.0566512569076264,-0.08871294791516604,-0.09834985310085886,-0.08871294791516604
2023-08-17,94.2061229336672,111.49415693895791,110.46935490234829,101.62882808095988,110.46935490234829,102.06465039459917,118.77399938168747,-0.1379080422962502,-0.1431500625379697,-0.10380782244471753,-0.05630921157196578,-0.08641286976111129,-0.09565747441371864,-0.08641286976111129
2023-08-18,93.8838515883285,111.28049814141272,110.26749965232432,101.34043245022708,110.26749965232432,101.92309702794982,118.64666103738888,-0.1408571874936434,-0.1443384269020479,-0.10476863565852967,-0.058117627767447666,-0.08808222284782097,-0.09822375839032005,-0.08808222284782097
2023-08-22,93.6076178793541,111.19666694514385,109.50626917968644,100.87834349303157,109.50626917968644,101.23872774793345,118.29889236037555,-0.14338503654992174,-0.15008382232069506,-0.10739267433332866,-0.058827178203755714,-0.09437763720560721,-0.10233564969603137,-0.09437763720560721
2023-08-23,93.53505736946686,110.63489789314951,109.15894643491038,100.54618955964207,109.15894643491038,101.00045547032641,117.81514986820814,-0.14404904680820108,-0.15208415823893118,-0.11104268392876526,-0.0635820128439355,-0.0972500138022403,-0.10529131623944143,-0.0972500138022403
2023-08-24,93.23833015191178,110.34650179650794,108.7651097222897,100.29177781429468,108.7651097222897,101.11227811784347,117.63893752136806,-0.1467644345125242,-0.15114538827145085,-0.1123722689191573,-0.06602300838389252,-0.10050706325621694,-0.10755519514733358,-0.10050706325621694
2023-08-25,93.5646423205812,110.51956005621946,109.00209584299256,100.6136093097886,109.00209584299256,101.29848204936116,117.51981673581002,-0.1437783112378317,-0.14958217489189907,-0.11327107772206957,-0.06455823668612037,-0.09854717609917896,-0.10469138265491429,-0.09854717609917896
2023-08-28,92.993866233549,110.0509834404972,108.9918223264354,100.17671250413731,108.9918223264354,101.00084538697959,117.38361490389441,-0.14900155426022577,-0.1520808848229287,-0.11429876911047876,-0.0685242869982634,-0.09863213859866327,-0.10857910199699417,-0.09863213859866327
2023-08-29,93.134539002423,109.92710778345796,109.42085845017762,100.6291237574342,109.42085845017762,101.30949847183331,117.47852559522683,-0.1477142402413738,-0.14948969016903146,-0.11358263410129088,-0.06957277527485006,-0.0950839882414447,-0.10455332758695934,-0.0950839882414447
2023-08-30,93.89065927073491,111.22709106959223,110.67651132054576,101.52937691326942,110.67651132054576,101.33966933705665,117.92683478596197,-0.1407948895445249,-0.14923640067183686,-0.11019998139990417,-0.05856966725631074,-0.08469967574654602,-0.0965424390626276,-0.08469967574654602
2023-08-31,94.2660270346746,111.34580733608212,111.07312224078647,102.0235995797309,111.07312224078647,101.77238402533617,117.8115060751986,-0.13735985241109472,-0.14560368795340062,-0.11107017764631943,-0.05756484825772945,-0.08141968345579331,-0.09214460645125766,-0.08141968345579331
2023-09-04,93.851359688997,111.46072287845716,111.1379034145703,102.12682450629543,111.1379034145703,101.06636756029673,117.69619753625457,-0.1411545249090037,-0.15153081513776245,-0.11194022168916484,-0.056592198732733134,-0.08088393988507192,-0.09122606106846065,-0.08088393988507192
2023-09-05,93.6579943834821,111.23220117732724,111.15011440500209,102.17536037376946,111.15011440500209,100.90359864125126,117.60277065526085,-0.14292403488980077,-0.15289728763892374,-0.11264516082025267,-0.05852641510992207,-0.08078295437903904,-0.09079416541639218,-0.08078295437903904
2023-09-06,92.9751999206388,110.61224210747316,110.2802675573498,101.2783580614872,110.2802675573498,99.99132563148632,116.95543250528635,-0.14917237201324152,-0.16055597326948523,-0.11752955798849107,-0.0637737722763072,-0.08797663163004199,-0.09877612636058275,-0.08797663163004199
2023-09-07,93.05491761844507,110.5070637681414,110.23470256701226,101.14421763040448,110.23470256701226,100.0534458245717,117.11385037564861,-0.1484428654373915,-0.1600344637815817,-0.11633423866824666,-0.06466400574409226,-0.08835345639559467,-0.09996977287328224,-0.08835345639559467
2023-09-08,92.89424242988444,110.77142790615136,110.27584755215472,100.73954353610652,110.27584755215472,99.71281191203902,116.7850077150327,-0.14991322408868846,-0.1628941428724584,-0.118815473800722,-0.062426417616785246,-0.08801318529567514,-0.10357075892603118,-0.08801318529567514
2023-09-11,91.95963735358085,109.29888542240684,108.40063187260922,99.70215924239088,108.40063187260922,99.82745081346162,115.92002833152254,-0.1584659114811815,-0.1619317299789158,-0.125342051682109,-0.07489007325247432,-0.10352131343464488,-0.11280190672038526,-0.10352131343464488
2023-09-12,92.10728494988822,109.13735150523976,108.28302053207726,100.11930836057314,108.28302053207726,99.9215024561345,116.16462181057376,-0.15711476994826323,-0.16114215059143056,-0.1234965066659619,-0.07625730247626883,-0.10449396514583775,-0.1090899118641373,-0.10449396514583775
2023-09-13,92.29256873803008,109.56774649886184,109.4228071359514,100.6837736272174,109.4228071359514,99.90360800606172,116.64073098610628,-0.15541921493893063,-0.16129237751491987,-0.11990409316641004,-0.07261442286698971,-0.09506787251192517,-0.10406702658166456,-0.09506787251192517
2023-09-14,93.26387822552672,110.95343139575436,110.77705308076334,101.87899312406958,110.77705308076334,100.25053677390807,117.48339921322153,-0.1465306409106606,-0.1583798520530323,-0.11354586091569485,-0.06088593315270574,-0.08386819032448001,-0.09343138471878476,-0.08386819032448001
2023-09-15,93.1136237232378,111.0402132212364,110.33228866817863,101.370769396588,110.33228866817863,100.19760260852553,117.18477877768896,-0.1479056385647226,-0.1588242432905692,-0.1157990585833294,-0.06015140847841982,-0.08754641442278155,-0.09795380555106514,-0.08754641442278155
2023-09-18,93.72137849662953,111.76421458733134,111.68022385057934,102.73824930690463,111.68022385057934,100.52288078596312,117.59821644517898,-0.14234399898036143,-0.15609347818318275,-0.11267952395925251,-0.05402343335621529,-0.0763989225583992,-0.08578530711281596,-0.0763989225583992
2023-09-19,93.7011326091646,112.33300300626463,112.5355052503081,103.15003072562108,112.5355052503081,100.45270430185352,118.02443247325311,-0.14252927161675233,-0.15668262159168067,-0.10946357204808355,-0.049209186527067406,-0.06932570229549806,-0.08212107664570012,-0.06932570229549806
2023-09-20,94.32462993671176,113.09244038891204,113.86552958031096,104.09914326292922,113.86552958031096,100.22257344991117,117.95857198596286,-0.13682356995968858,-0.15861460886967094,-0.10996051290910336,-0.04278127961186806,-0.05832633408275423,-0.07367541368507757,-0.05832633408275423
2023-09-21,93.90648365074976,112.8422424438602,113.400132798546,103.04530559377812,113.400132798546,100.19936574692889,117.35708951625709,-0.140650078673197,-0.1588094414465927,-0.11449891261857759,-0.044898964542732234,-0.06217518891358864,-0.08305297158153246,-0.06217518891358864
2023-09-22,94.8865957165494,114.03775462575813,114.61312616660788,104.29606822987782,114.61312616660788,100.27272796928355,117.64587525546877,-0.13168095115513523,-0.15819355322874606,-0.11231992124152268,-0.034780103927209094,-0.05214367265185205,-0.07192307996910252,-0.05214367265185205
2023-09-25,95.00816950678418,114.9409433140577,115.71150533715408,105.06286222150575,115.71150533715408,100.59861656209308,118.06998098102628,-0.13056841426724342,-0.15545766358146018,-0.10911989231532959,-0.027135480488983954,-0.04306002157757438,-0.06509977571491221,-0.04306002157757438
2023-09-26,95.04828377405131,114.95283936486236,115.44114153984712,105.02630399031705,115.44114153984712,100.9172806293154,118.22462117246369,-0.1302013236140751,-0.1527824250437766,-0.1079530769296112,-0.027034791862142638,-0.04529594380162005,-0.06542508855919515,-0.04529594380162005
2023-09-27,95.5410632900893,115.51014843213774,115.80714868064685,105.42340949335916,115.80714868064685,101.01493687266428,118.64092677590328,-0.12569183692182884,-0.15196258442625865,-0.10481190270615126,-0.02231770670239619,-0.04226904630859374,-0.06189145149649844,-0.04226904630859374
2023-10-02,94.9629244492359,114.27371210937288,115.38973520749578,104.69704538499624,115.38973520749578,100.3660023326893,117.90180688522118,-0.13098245742095305,-0.15741049923167627,-0.11038882583539755,-0.032782950804020716,-0.04572107675990056,-0.06835499107139997,-0.04572107675990056
2023-10-03,94.51628171820052,113.49612120600798,115.05948152551856,104.59409792501728,115.05948152551856,99.73905977303119,117.46549145716709,-0.13506974065055333,-0.16267378765679164,-0.1136809813206413,-0.03936450980959838,-0.04845229134728635,-0.0692710674221565,-0.04845229134728635
2023-10-04,93.97653043833962,112.92525461910864,114.5818393506429,104.07987250496242,114.5818393506429,99.26878793812429,116.85103105053258,-0.1400090718005681,-0.16662179894936202,-0.11831730419189246,-0.0441963463315177,-0.05240241619604158,-0.07384689422124757,-0.05240241619604158
2023-10-05,97.31399866281814,117.43158175354856,118.64090046710656,107.45390048767848,118.64090046710656,104.30950357991178,121.13102217589599,-0.10946748463175271,-0.12430414180037874,-0.08602324499943836,-0.006054621929381554,-0.018833776276560354,-0.043823159372534115,-0.018833776276560354
2023-10-06,98.22426969797024,117.74004327384422,119.66678738080972,107.72194819020822,119.66678738080972,104.66761818816472,121.5882320492587,-0.10113748107892795,-0.12129770932351791,-0.08257343347383705,-0.0034437918798131406,-0.010349639818370782,-0.04143794111447996,-0.010349639818370782
2023-10-09,98.2669580511294,117.6024618854222,119.57530201628056,107.80544087720676,119.57530201628056,104.11488068380157,121.64399555813412,-0.10074683464534062,-0.12593803380623958,-0.08215267791531966,-0.0046082859885410166,-0.011106228391852935,-0.04069498275459327,-0.011106228391852935
2023-10-10,98.71563951723952,118.3803855116821,120.5955336545131,108.98138227856688,120.5955336545131,104.08012616953725,121.94068284825406,-0.09664089469729042,-0.12622980380945592,-0.07991406651914101,0.0,-0.002668861346705298,-0.030230886720736483,-0.002668861346705298
2023-10-11,99.79942548399556,119.42328156830212,121.33835707947104,109.5103331773282,121.33835707947104,104.53305692953421,122.33458304960101,-0.08672303440629381,-0.12242737376264157,-0.0769419490437484,0.0,0.0,-0.025524025481365675,0.0
2023-10-12,99.49539429602235,119.32658014824308,121.73823278153164,109.11674757578628,121.73823278153164,104.45361694519899,121.93307419223025,-0.08950526165310846,-0.12309428581638848,-0.0799714765419216,-0.0008097367514032783,0.0,-0.029026340756016622,0.0
2023-10-13,99.03338305041652,118.98100761823072,121.53405043263488,109.03409216917244,121.53405043263488,104.18020704744568,121.38220655521495,-0.09373318407260911,-0.1253896079762713,-0.08412796929059974,-0.0037034148137894407,-0.001677224518801479,-0.029761848589590967,-0.001677224518801479
2023-10-16,98.79557229828328,119.03641338097488,121.569060031829,109.06246100145852,121.569060031829,103.8045887571195,121.2635044033842,-0.09590941986796075,-0.1285429868134227,-0.08502361935276381,-0.003239470413530454,-0.001389643547777042,-0.029509408982424712,-0.001389643547777042
2023-10-17,97.92725982750332,117.79596473006475,119.95250925896144,107.6174714086123,119.95250925896144,103.32353802538728,120.01552228089936,-0.10385545537523189,-0.1325814887610336,-0.09444008947014704,-0.013626462251471794,-0.014668551380853434,-0.04236762610955158,-0.014668551380853434
2023-10-18,99.62115665366755,119.51634097115,121.48007614256797,109.43030029266644,121.48007614256797,104.28948502056015,121.55471382830079,-0.08835439466345296,-0.124472200979166,-0.08282634040283188,0.0,-0.0021205880278133415,-0.026236196844665383,-0.0021205880278133415
2023-10-19,99.60766062303225,120.50931528632604,121.81264718536242,110.00932799793904,121.81264718536242,104.39800444402833,121.89584038458881,-0.08847789851977672,-0.12356116213415325,-0.08025241889734092,0.0,0.0,-0.021083727931479612,0.0
2023-10-20,98.91642389496134,119.57048397456585,120.6569233591341,108.432782252093,120.6569233591341,104.17265901022479,121.27908074282945,-0.09480349186320491,-0.12545297502054842,-0.08490609031746621,-0.007790528968898092,-0.009487716201337149,-0.03511259541349898,-0.009487716201337149
2023-10-23,99.1815116780092,118.73705537628226,119.84851828593573,107.55698721651788,119.84851828593573,104.23483794621204,120.83691700528279,-0.0923776405625204,-0.12493097237608586,-0.08824237338321117,-0.014706414237214416,-0.016124178768054165,-0.04290584374001705,-0.016124178768054165
2023-10-24,99.03992872360838,119.34221220555185,120.27993819524768,108.01949522173685,120.27993819524768,103.96528720170961,120.96270449590018,-0.09367328380242779,-0.12719389629417888,-0.08729326191342424,-0.009684754062382672,-0.012582511139277774,-0.038790223542070956,-0.012582511139277774
2023-10-25,98.93522648620136,119.0511526526851,119.96980201307764,108.04211431323948,119.96980201307764,103.36733724385125,120.81455656219178,-0.09463142701022897,-0.1322137869420723,-0.08841109089957966,-0.012099999325167476,-0.01512852084628391,-0.03858894791268297,-0.01512852084628391
2023-10-26,98.20915744764874,118.00924893086844,118.89902314674208,107.10124677611566,118.89902314674208,102.46157192600107,119.96865483579913,-0.10127577516278641,-0.1398178394024947,-0.09479372105533812,-0.020745834871914504,-0.023918895992685152,-0.04696124286905967,-0.023918895992685152
2023-10-27,98.3703421586501,118.24802319065007,118.52796321139994,107.23353191876328,118.52796321139994,102.05741054477666,119.82778578881137,-0.0998007538082093,-0.14321084229710934,-0.09585662824569385,-0.01876445891592049,-0.026965048784829193,-0.04578410561127111,-0.026965048784829193
2023-10-30,98.1433945444244,117.72454039486117,118.27879873025142,106.78574761125284,118.27879873025142,101.52216991171548,119.75001679548922,-0.10187757967633038,-0.1477042775971129,-0.09644342303103814,-0.02310837867469706,-0.02901052178706487,-0.04976870721711957,-0.02901052178706487
2023-10-31,98.72989741990868,118.67361819677672,119.359239842027,107.48441716529756,119.359239842027,102.34577945020058,120.32106567843215,-0.09651041885514733,-0.14078993674731133,-0.09213465558564349,-0.015232823165477027,-0.020140826096670228,-0.043551607197509945,-0.020140826096670228
2023-11-02,97.9970491831204,117.90907571062652,118.62157090527968,106.41143166233088,118.62157090527968,102.22314981142684,119.95268136505344,-0.10321680429463109,-0.14181943322731727,-0.09491424658790604,-0.02157708364304811,-0.026196592503460514,-0.05309955179151182,-0.026196592503460514
2023-11-03,97.83075808877686,117.68172387139435,118.29323881833749,106.43079035272042,118.29323881833749,101.96855211517021,119.66337119365488,-0.10473855479881278,-0.1439568237858706,-0.09709719499281211,-0.023463675054608224,-0.028891978364688597,-0.052927288790063365,-0.028891978364688597
2023-11-07,97.87008179273582,117.7520003584234,118.2840172260822,106.45155734249954,118.2840172260822,102.0661972910158,119.60652686661639,-0.1043786986888866,-0.14313707608190762,-0.09752610570976605,-0.022880512774895112,-0.028967681442064963,-0.052742494058683476,-0.028967681442064963
2023-11-08,97.53018755955144,117.61410744063456,118.17881172093443,106.05623673235664,118.17881172093443,101.83074892943196,119.27852604719742,-0.10748911312664522,-0.14511370474931273,-0.10000098885022823,-0.024024763884954226,-0.029831347962567256,-0.056260248280036396,-0.029831347962567256
2023-11-09,97.33360892853072,117.30330800876614,117.99623916989152,106.1163570356079,117.99623916989152,101.70965341687885,119.35059463661007,-0.10928802864913933,-0.14613032198120357,-0.09945720564502092,-0.02660381290809377,-0.03133014595490624,-0.055725268708708864,-0.03133014595490624
2023-11-10,97.62402031570949,117.36608804241908,117.95753284591106,106.15022215224796,117.95753284591106,101.724007117256,119.17399100152618,-0.10663043789478166,-0.14600982024800846,-0.10078974304473753,-0.026082857050832686,-0.031647898871986824,-0.05542392050180889,-0.031647898871986824
2023-11-13,98.05684685801774,118.01367854252028,118.46882672653342,107.17266477922416,118.46882672653342,101.92074646052738,119.58038014407228,-0.10266958832805662,-0.14435816031161852,-0.09772339205471292,-0.02070907745078643,-0.027450519597860046,-0.046325730893540085,-0.027450519597860046
2023-11-14,98.07087016015976,118.06300698763047,118.3036075161223,107.65238405877034,118.3036075161223,101.9380381573459,119.3668505411024,-0.10254125934454028,-0.1442129936032598,-0.09933454904912498,-0.020299744404681297,-0.028806858321537177,-0.04205695644214502,-0.028806858321537177
2023-11-15,97.97065921435475,117.94371196490042,117.92475634866857,107.30998127852898,117.92475634866857,101.2718672580687,118.87463808702454,-0.10345830218381746,-0.14980561054926278,-0.10304846752737973,-0.021289668066985845,-0.031916971895189605,-0.045103822187802955,-0.031916971895189605
2023-11-16,97.11344541901634,117.70093171607068,117.84720775520954,106.62685020032634,117.84720775520954,101.90536688773302,118.60892273513545,-0.11130277233056463,-0.1444872744166107,-0.10505338460568825,-0.023304286175576894,-0.03255359375056244,-0.05118265332492988,-0.03255359375056244
2023-11-17,96.6947960871842,117.10913489947144,117.8928882354002,105.81566759750945,117.8928882354002,101.71513097964437,118.68667622602334,-0.11513388447944972,-0.14608433691884426,-0.1044667067917383,-0.028215083446253786,-0.0321785876962144,-0.058400948936473185,-0.0321785876962144
2023-11-20,96.95654591081204,117.62768070871476,117.91349180562624,106.49012367236904,117.91349180562624,101.98677177956945,118.78772212981308,-0.11273857926092568,-0.1438038666333138,-0.10370427941687688,-0.023912131363161504,-0.03200944622607893,-0.05239931217992577,-0.03200944622607893
2023-11-21,97.48696743001707,117.94486336717446,118.40617569960224,107.00383398995028,118.40617569960224,101.95928265551977,118.98829913478717,-0.10788462591203729,-0.1440346424614951,-0.10219085439295739,-0.021280113600002815,-0.02796484244018227,-0.04782806901208103,-0.02796484244018227
2023-11-22,97.42362870375786,117.96277167832471,118.69941916609883,106.74704763649292,118.69941916609883,102.15906726487948,118.74555961123754,-0.10846424648041286,-0.14235741700318105,-0.10402241065376483,-0.021131508397926102,-0.025557510580376697,-0.0501130783328293,-0.025557510580376697
2023-11-23,97.0790449480039,117.21065671577875,118.26608079437678,106.42000978289876,118.26608079437678,101.95872161823931,118.42883926153512,-0.11161757532295546,-0.14403935246399668,-0.10641217862784591,-0.02737264387163585,-0.029114927496722398,-0.05302321952078104,-0.029114927496722398
2023-11-24,97.26309470675032,117.31496738757257,118.52173574916296,106.43980959251908,118.52173574916296,101.80122593882233,118.49454004247674,-0.10993331307023191,-0.14536155522996153,-0.10591644280817436,-0.026507062057101738,-0.027016172066203326,-0.052847031226806895,-0.027016172066203326
2023-11-27,96.67740445272352,116.81943284550402,117.88839266517311,106.05412457773592,117.88839266517311,100.83164795123496,118.11857739120155,-0.1152930374913026,-0.15350132580495357,-0.10875321507213598,-0.030619064028826193,-0.03221549330766749,-0.05627904325465327,-0.03221549330766749
2023-11-28,96.38443554857795,116.6490278477,117.50257329281044,105.90854749891604,117.50257329281044,100.24745915665633,117.63267585673454,-0.11797403240178217,-0.15840568916842412,-0.11241951541159045,-0.03203310407543292,-0.03538281116240205,-0.05757445859706545,-0.03538281116240205
2023-11-29,96.3291986659702,116.78199205238278,117.78557900544835,105.72607914976057,117.78557900544835,100.32546206826105,117.85098360437787,-0.11847951199038931,-0.15775084158238972,-0.11077230561183493,-0.03092975198711634,-0.033059524384081995,-0.05919815032736242,-0.033059524384081995
2023-11-30,95.83705115536932,116.14410472029724,117.44992597428173,105.92847192875584,117.44992597428173,100.30185423246874,117.58412989754517,-0.12298321512220878,-0.1579490333416721,-0.11278581198410564,-0.03622301359573088,-0.035815010279203086,-0.05739716137203166,-0.035815010279203086
2023-12-04,95.44500648347574,115.8670665248606,117.01702181357918,105.78521526128766,117.01702181357918,99.84644009501037,117.60654740792438,-0.12657086471625956,-0.16177231176071216,-0.11261666387469871,-0.03852190804035038,-0.03936886261478034,-0.05867192857058723,-0.03936886261478034
2023-12-05,96.1154019730987,116.2864249158535,118.0055367716162,106.4640347334645,118.0055367716162,100.114151079933,117.82670672551806,-0.12043599214017697,-0.159524832934282,-0.11095548331943828,-0.035042024431381935,-0.031253818890849105,-0.05263146419175446,-0.031253818890849105
2023-12-06,95.76762495746046,116.18572124774865,117.45770824699868,106.4034111405737,117.45770824699868,100.0979235661199,118.0348338870837,-0.12361854290141616,-0.15966106564700044,-0.10938508967181415,-0.03587767491919347,-0.035751123048305744,-0.05317092227801046,-0.035751123048305744
2023-12-07,96.09846337432144,116.79504138866858,117.70559172289236,106.57593104164246,117.70559172289236,100.68894015886134,118.19692482666188,-0.12059099936609707,-0.15469938176750198,-0.10816205573459925,-0.030821467110923928,-0.03371616623863649,-0.05163575665628206,-0.03371616623863649
2023-12-08,95.86007152120366,116.24680067929312,116.90450088713632,106.2090264707054,116.90450088713632,101.18528277470831,118.27548865709949,-0.12277255288889344,-0.1505325018761393,-0.10756926361979724,-0.035370830851584656,-0.040292583829636075,-0.05490065120043697,-0.040292583829636075
2023-12-11,95.7389781877304,115.9805581671771,116.86815311870484,105.89828374214709,116.86815311870484,101.75605605264737,118.08568246653535,-0.12388069305715355,-0.14574076403530745,-0.10900141900835592,-0.037580141488554486,-0.0405909745901305,-0.05766579047497555,-0.0405909745901305
2023-12-12,95.5789606228436,115.79629748676793,117.21368782060422,105.77314289203896,117.21368782060422,102.12144286188618,118.21911915928014,-0.1253450337123505,-0.14267328020583958,-0.10799459158097902,-0.03910915756479194,-0.03775436681677202,-0.058779354358154845,-0.03775436681677202
2023-12-13,96.30946600491174,116.94983714339288,118.29697864451644,106.7098686081394,118.29697864451644,103.1407743846895,119.23464763437678,-0.1186600880280484,-0.13411582031948,-0.10033206712104592,-0.029536954338143517,-0.028861276904163957,-0.05044391533090309,-0.028861276904163957
2023-12-14,96.68248531431142,117.38746241180807,118.77667930258708,107.12486339459062,118.77667930258708,103.303983449826,119.46657221668222,-0.11524654189444827,-0.13274565271772176,-0.09858211344829837,-0.025905490103404483,-0.024923256762949264,-0.04675109076162376,-0.024923256762949264
2023-12-15,97.18831378601897,117.36814899899024,118.46675979440973,107.50373369014169,118.46675979440973,103.23717914882396,119.71342109068632,-0.11061764258454143,-0.13330648608083528,-0.09671955067300697,-0.02606575499887709,-0.027467487722036443,-0.043379719405503,-0.027467487722036443
2023-12-18,97.36398971769232,117.71457081243086,118.82182628143548,107.65431644431756,118.82182628143548,103.6224355317936,119.83749664537035,-0.10901001026573398,-0.1300721938319701,-0.09578335637027646,-0.02319110740323238,-0.02455263039621669,-0.04203976113979657,-0.02455263039621669
2023-12-19,97.85618014839584,118.35776817856087,119.32138997190168,108.29252108305,119.32138997190168,103.96185712704649,120.31457594492024,-0.10450591436671253,-0.1272226923489268,-0.09218362293908844,-0.017853782528372775,-0.020451548102963346,-0.03636070721651008,-0.020451548102963346
2023-12-20,97.76291898243986,118.33460283724573,119.56037596740138,108.11994230917156,119.56037596740138,104.25595218838599,120.26151466138369,-0.10535935890548553,-0.12475371475538799,-0.09258398924386946,-0.01804601116447535,-0.018489633630026536,-0.03789639671700773,-0.018489633630026536
2023-12-21,97.19646027482266,117.80269185274724,119.2542539417986,107.17675329038256,119.2542539417986,103.71798043605969,119.64290314207355,-0.11054309305142751,-0.12927007826180248,-0.09725163374045454,-0.022459868991438148,-0.021002689808314545,-0.046289349341408714,-0.021002689808314545
2023-12-22,97.10428309213206,117.28369624692697,118.83831778589466,106.90466196347812,118.83831778589466,103.71188649849744,119.49983559197834,-0.11138661792440518,-0.1293212378944366,-0.09833112942069422,-0.026766553537667326,-0.02441724622355279,-0.048710549727256636,-0.02441724622355279
2023-12-25,96.66508988961364,117.01412004936287,117.67728308929402,106.2143894563664,117.67728308929402,103.41465507700434,119.04917638330146,-0.11540572959123274,-0.1318165457599264,-0.10173151384541657,-0.02900352747552093,-0.033948561102818964,-0.054852928757022634,-0.033948561102818964
2023-12-26,95.9266340732094,116.58405825552278,117.4253995424442,105.28514443034722,117.4253995424442,102.88781978699319,118.74666404831244,-0.12216343068981106,-0.13623941678876528,-0.10401407728221657,-0.03257222913827851,-0.036016355807801714,-0.06312180098143949,-0.036016355807801714
2023-12-27,95.42797729833576,115.96227999612086,116.86947332624258,104.72000001614865,116.86947332624258,103.0466359046833,118.8183685959172,-0.12672670090926108,-0.13490612872101004,-0.10347304090225917,-0.03773181583018359,-0.0405801365731574,-0.06815072964772473,-0.0405801365731574
2023-12-28,95.81431616163717,115.57376097500688,116.81202266102557,104.83527351824029,116.81202266102557,102.55835979601746,118.6179892842264,-0.12319126587989404,-0.13900528892541975,-0.1049849742598632,-0.04095579084150014,-0.04105176793939469,-0.06712497020541686,-0.04105176793939469
2023-12-29,95.71085499614522,115.90082960836004,117.49713837935208,105.23869041712402,117.49713837935208,102.95229225019374,118.90074768809032,-0.12413805188411231,-0.1356981595968989,-0.10285146127722355,-0.038241738134652925,-0.03542742815073563,-0.06353517128625508,-0.03542742815073563
2024-01-02,96.01871545862096,116.54433294724564,118.22261477786562,105.68715800985726,118.22261477786562,103.36795702403356,119.55403393877684,-0.1213207824696585,-0.13220858378301192,-0.09792218356814986,-0.03290187426307867,-0.02947175429193205,-0.05954448947761626,-0.02947175429193205
2024-01-03,96.27502787002446,116.93852645126464,118.88539043413104,105.91325768594696,118.88539043413104,104.12376618622356,120.12205808106975,-0.1189752356872461,-0.12586343851624282,-0.09363623886951622,-0.02963081174743487,-0.02403081140480412,-0.05753254507197658,-0.02403081140480412
2024-01-04,96.67908297114408,117.47928136606572,120.02932488302888,106.45989569103423,120.02932488302888,104.54559215399159,120.32915786114123,-0.1152776771602948,-0.12232213844119721,-0.09207359718160746,-0.025143565981277538,-0.014639878071279866,-0.05266829539561246,-0.014639878071279866
2024-01-05,96.89524375430324,117.40852401698136,120.44949481058757,106.9091592150278,120.44949481058757,105.30251743131768,120.51088596029935,-0.11329956292600385,-0.1159676231998007,-0.09070239387317858,-0.025730718508999106,-0.011190565234991956,-0.04867053100519292,-0.011190565234991956
2024-01-08,96.9283538333927,117.20696621458544,121.10155754609164,107.05431806908716,121.10155754609164,105.4138820544692,120.95428218928845,-0.1129965684707277,-0.11503269842404396,-0.08735681122002081,-0.02740326807014326,-0.0058375682304048215,-0.047378837229223425,-0.0058375682304048215
2024-01-09,97.45002554960112,117.54690830011504,121.66117878314544,107.74588677882024,121.66117878314544,105.88525297758409,121.31765302557528,-0.10822268565823312,-0.1110754601007764,-0.08461504869011327,-0.02458238999344098,-0.0012434538261572037,-0.04122492396085198,-0.0012434538261572037
2024-01-10,98.15121325354876,118.21749260479804,122.37477586802028,108.3116883258806,122.37477586802028,106.24980376465385,121.80734336531252,-0.10180602969586372,-0.10801499481828336,-0.0809201604638895,-0.01901780518860896,0.0,-0.036190147808148776,0.0
2024-01-12,97.90466034098296,117.98851347243438,121.93418599716044,107.94545400285342,121.93418599716044,106.43251206783533,121.58323723349673,-0.10406226608955416,-0.10648112782761043,-0.08261112113980362,-0.020917900063595285,-0.003600332402937445,-0.03944907816183674,-0.003600332402937445
2024-01-15,97.48605921773915,117.59906558654532,121.09820971541728,107.1929828757097,121.09820971541728,106.01802896280472,121.58143915536999,-0.1078929370756464,-0.10996078333273862,-0.08262468828042535,-0.024149582900426125,-0.010431611772509064,-0.046144930632061154,-0.010431611772509064
2024-01-16,98.20940654565368,118.47617757409697,122.50586423905794,108.11061409995936,122.50586423905794,106.83005933884442,122.52968237711212,-0.10127349563593557,-0.103143651502699,-0.07546985504950754,-0.01687120790121832,0.0,-0.037979403639722964,0.0
2024-01-17,98.6728360383842,119.33547316983348,123.1801633195914,108.93838720693032,123.1801633195914,107.2265288053056,122.87624084308521,-0.09703259466045411,-0.09981522352857208,-0.07285494784854207,-0.0097406753469933,0.0,-0.030613477688336777,0.0
2024-01-18,98.7540187893232,119.52419063038724,123.82929261557284,109.09976764253868,123.82929261557284,107.66700947548549,123.25140322831297,-0.09628968120101744,-0.09611731408355195,-0.07002421387726576,-0.008174676402385783,0.0,-0.029177436424513203,0.0
2024-01-19,98.91359133606456,119.21971487037872,123.58180910149945,109.17951371064112,123.58180910149945,107.99351103770614,123.48284422554228,-0.0948294129622651,-0.09337627845477725,-0.06827790902635333,-0.010701250877438562,-0.0019985861894705748,-0.028467817293848063,-0.0019985861894705748
2024-01-22,99.30320449645076,119.83320105510172,123.9652435107872,109.74753676163232,123.9652435107872,108.29716161108796,123.97876092047288,-0.09126401443269194,-0.09082708072758572,-0.06453604073001307,-0.005610472764017382,0.0,-0.023413273123414458,0.0
2024-01-23,99.29810923689908,119.99421102883704,124.06909593736626,110.04354734392446,124.06909593736626,108.52367338946544,124.18931315307023,-0.09131064178710502,-0.08892547618196889,-0.06294734905672728,-0.004274393695334888,0.0,-0.020779227620330576,0.0
2024-01-24,99.11095602527573,119.47750959407868,123.79789455551386,109.58293683255911,123.79789455551386,108.1797498744264,124.23816333907946,-0.09302330412342186,-0.09181277204016847,-0.06257875698437554,-0.008562040949247951,-0.002185889885014558,-0.024877962999114045,-0.002185889885014558
2024-01-25,99.00843599119511,119.5578470283362,123.87446861301405,109.63408994392871,123.87446861301405,107.991247307617,123.8758626427126,-0.09396147771694341,-0.09339528285030319,-0.06531244492699839,-0.007895391785516237,-0.0015687010764587894,-0.024422777843473575,-0.0015687010764587894
2024-01-26,98.70430661665334,119.47301996808446,123.77347824673612,109.4419992090408,123.77347824673612,107.53168200509104,123.65495770473409,-0.09674460348126923,-0.09725341099953677,-0.06697925145393435,-0.008599296376212817,-0.0023826859412223733,-0.026132094221616553,-0.0023826859412223733
2024-01-29,98.81072932904968,119.60122460782834,123.84914354437976,109.45535369053978,123.84914354437976,106.0619116132163,123.62806978233674,-0.09577071599267672,-0.10959238108851932,-0.06718213041606969,-0.007535439698915458,-0.0017728217597196005,-0.026013259578388515,-0.0017728217597196005
2024-01-30,99.15445455126846,119.93184391347056,124.2085965580995,109.78363408380778,124.2085965580995,105.95407837494999,123.41962890505597,-0.09262524369738456,-0.11049765929314348,-0.0687548911606285,-0.004791923109706775,0.0,-0.02309206167072453,0.0
2024-01-31,100.38318969179882,121.38894022263132,125.4102263403064,110.84871918743892,125.4102263403064,106.12270370591091,124.09383550212635,-0.08138093547396807,-0.10908202122717481,-0.063667761978349,0.0,0.0,-0.013614418655744642,0.0
2024-02-02,99.64887996714144,120.6693706585108,124.62777773740665,109.78042227570845,124.62777773740665,106.36215084155593,123.85071872135278,-0.08810069517086727,-0.10707182217775191,-0.06550216477943283,-0.005927801682762857,-0.006239113234486449,-0.023120641894496696,-0.006239113234486449
2024-02-05,99.83383715685072,120.53136508698584,124.68796493683452,109.59165439596536,124.68796493683452,105.92940295076664,124.00051210457792,-0.08640812890444605,-0.11070481363685214,-0.06437192028994221,-0.007064689205397601,-0.005759190654133661,-0.024800389898482655,-0.005759190654133661
2024-02-06,100.3971472929492,121.40270856926772,125.36562760318633,110.43217453360296,125.36562760318633,106.66721720400814,124.4698091399274,-0.08125320772840472,-0.10451073866276084,-0.0608309068171321,0.0,-0.00035562281020884434,-0.017321034695529924,-0.00035562281020884434
2024-02-07,100.91137092729056,121.9832274646472,126.27542804221956,110.13112128339556,126.27542804221956,106.84256987425613,124.92415854664314,-0.07654748324020955,-0.10303862344995307,-0.05740267853236236,0.0,0.0,-0.019999952299614043,0.0
2024-02-08,102.782365183175,123.67933899399796,128.27077319335308,112.14661384937357,128.27077319335308,107.4900741522718,125.22067368421104,-0.0594257819040489,-0.09760271593467607,-0.0551653660885747,0.0,0.0,-0.0020651234539550423,0.0
2024-02-09,102.51516341188332,123.408829901776,128.0192258591117,112.30143837636012,128.0192258591117,107.77881254203521,125.17893355393245,-0.061870978574300906,-0.09517870850159171,-0.05548031025514766,-0.002187180934360322,-0.001961065081148239,-0.0006874198397188724,-0.001961065081148239
2024-02-12,102.78691511523624,124.17376286966883,128.8018436790215,113.00929482611642,128.8018436790215,108.0206843122398,125.55434246031314,-0.05938414490938293,-0.09314815423650213,-0.05264771619386843,0.0,0.0,0.0,0.0
2024-02-13,103.50557257756005,124.98277470370094,129.65340009971632,113.97681089038684,129.65340009971632,108.1063808413005,125.28183048187257,-0.05280762101348524,-0.09242871743558723,-0.05470391624303672,0.0,0.0,0.0,0.0
2024-02-14,103.91785360701007,125.5801106385239,130.0488008285208,114.32001949541966,130.0488008285208,108.5799116302432,126.00174609942931,-0.04903478599242239,-0.08845334667476834,-0.04927189620234673,0.0,0.0,0.0,0.0
2024-02-15,103.70572417207129,125.11713271582738,129.6674889621416,114.16412135897612,129.6674889621416,108.35631826733977,125.83368561279495,-0.050976008857328226,-0.09033045063074152,-0.05053997250071107,-0.0036867137665548277,-0.0029320675311876876,-0.001363699351448977,-0.0029320675311876876
2024-02-16,104.5471716051654,124.99198694975549,129.4815235264522,115.18563993252562,129.4815235264522,109.57919990464917,126.2722712768393,-0.0432758186540686,-0.08006415323589477,-0.047230687275404026,-0.0046832550614747115,-0.00436203408608582,0.0,-0.00436203408608582
2024-02-19,105.0191664227026,124.95519234765442,129.57358145115137,115.72893208590207,129.57358145115137,109.99490554311642,126.33886143697165,-0.03895653532507337,-0.07657423435657507,-0.04672824077260518,-0.004976252112631752,-0.0036541619326120323,0.0,-0.0036541619326120323
2024-02-20,104.2948634817066,125.13858839701496,129.53856835374717,114.96563818186732,129.53856835374717,109.70386936940768,126.34929510992308,-0.04558472169904704,-0.07901753207304596,-0.046649514989766216,-0.0035158612240743237,-0.00392339238442041,-0.0065955322517637915,-0.00392339238442041
2024-02-21,104.3460461659144,125.26095132079185,129.7158642982604,115.34482293085112,129.7158642982604,110.34673551221255,126.31147227277188,-0.045116342584662905,-0.07362056248436699,-0.04693490178287174,-0.002541479825979298,-0.0025600891983570406,-0.0033190417307733533,-0.0025600891983570406
2024-02-22,104.49056694679138,125.38169792547892,129.84162325825045,115.66540008709482,129.84162325825045,110.56240369143796,126.61370255546697,-0.04379381492897294,-0.07180999178072567,-0.044654466531203085,-0.0015799692486027084,-0.0015930755912431094,-0.0005489724795878503,-0.0015930755912431094
2024-02-23,105.79609087486604,126.16882801419952,130.86138129724324,116.81236467669407,130.86138129724324,111.38309651714182,127.89796758958354,-0.03184680295210329,-0.06492013722617462,-0.03496422890786266,0.0,0.0,0.0,0.0
2024-02-26,106.11836808187856,126.40443901340686,131.14763628739158,117.12198426712392,131.14763628739158,111.6717540289968,128.4948619024504,-0.028897604113803266,-0.062496808776759116,-0.03046044847777485,0.0,0.0,0.0,0.0
2024-02-27,106.20360312454544,127.03289274855842,131.49396308352348,117.51536817812544,131.49396308352348,111.51615004129025,128.49838529932347,-0.028117607628337038,-0.06380313047207409,-0.03043386319200092,0.0,0.0,0.0,0.0
2024-02-28,106.30633376259844,127.4117914293286,131.70762126243582,117.92427556237335,131.70762126243582,111.81614578455823,128.34196772229924,-0.02717750677164832,-0.06128461565950927,-0.03161408958574885,0.0,0.0,0.0,0.0
2024-02-29,106.40245168989452,126.54458073090534,130.9563386762398,118.06506879619708,130.9563386762398,110.94032572513424,127.73053642712644,-0.02629791965424355,-0.06863727262981278,-0.036227556730906274,-0.006806361394771532,-0.005704169424630701,0.0,-0.005704169424630701
2024-03-04,106.17454420551084,126.46726960121876,130.45435394458335,117.4507491534846,130.45435394458335,110.68948757459916,127.55518236661487,-0.0283835294136644,-0.07074310116856852,-0.037550665644903614,-0.007413142987113042,-0.009515526177147016,-0.005203229447762636,-0.009515526177147016
2024-03-05,106.46020842975234,126.8776370306168,130.60548533595284,117.73841577675556,130.60548533595284,110.69579860549452,127.69745474236728,-0.02576938053827038,-0.07069011900082389,-0.03647716983862215,-0.004192346663676627,-0.008368049744721384,-0.0027667202735923713,-0.008368049744721384
2024-03-06,106.2011547336345,127.02456194540348,130.94680336931037,117.48656813330749,130.94680336931037,110.13001847421688,127.55550281113813,-0.028140013158337807,-0.07543993853411202,-0.03754824777671206,-0.003039196604812777,-0.005776566958182849,-0.004899846066140023,-0.005776566958182849
2024-03-07,106.17331551614492,126.69751204508182,130.6021629626865,117.5579098212963,130.6021629626865,109.61498539940908,127.48110555846728,-0.028394773302998666,-0.07976372797770281,-0.038109601576553076,-0.005606069707001726,-0.008393275113113163,-0.004295588695892971,-0.008393275113113163
2024-03-08,106.81137863408524,126.64257838113171,130.63519022349038,118.06522097030228,130.63519022349038,109.8872204391244,127.6201203580305,-0.022555778284903627,-0.07747826894900667,-0.037060685344199706,-0.006037220256992826,-0.008142513156535913,0.0,-0.008142513156535913
2024-03-11,106.3330479007398,125.78588118911216,129.83857298697566,117.63015451257132,129.83857298697566,109.41586398889838,127.31493921623178,-0.026933042368152305,-0.08143538576993359,-0.03936338588001731,-0.012761065690833573,-0.014190889316389343,-0.0036849671237255688,-0.014190889316389343
2024-03-12,106.32514435874911,125.63983626314554,129.78828841690884,117.6879926798627,129.78828841690884,109.36836652165394,127.17085889417457,-0.02700536866473857,-0.08183413501054382,-0.04045052328584264,-0.013907309098357024,-0.014572678688825391,-0.0031950839319097035,-0.014572678688825391
2024-03-13,106.90654463451024,125.71230613169595,130.42020038980752,118.34636745349852,130.42020038980752,109.71081124798863,127.23073437097764,-0.021684902368791614,-0.07895925383268598,-0.03999874146307292,-0.013338524469105328,-0.00977483960524228,0.0,-0.00977483960524228
2024-03-14,107.48461005042869,126.33081311013363,130.87827837913682,118.937557998422,130.87827837913682,110.40912898749366,127.72967290526694,-0.016394953790387023,-0.07309675874638355,-0.03623407231124931,-0.008484130919661048,-0.006296848089348495,0.0,-0.006296848089348495
2024-03-15,108.15668835174009,127.0731625758962,131.6052038063697,119.60865678049242,131.6052038063697,111.21720485948524,128.02013064871153,-0.01024468159506775,-0.06631282564414276,-0.03404246506605668,-0.0026577512931384994,-0.0007776122223182025,0.0,-0.0007776122223182025
2024-03-18,109.13031487586986,127.78189990992604,132.23266694321126,120.29407076829122,132.23266694321126,111.4040524088846,128.50290612460745,-0.0013349040761443387,-0.06474420898402777,-0.030399751953205545,0.0,0.0,0.0,0.0
2024-03-19,109.1283415860364,127.83517943537936,131.90118611021848,120.297812953373,131.90118611021848,110.96940856965286,127.9440132252448,-0.0013529618970445911,-0.0683931172497605,-0.034616798167927954,0.0,-0.0025067998752164034,0.0,-0.0025067998752164034
2024-03-20,109.0500820170924,127.89411732917092,131.39403798265036,120.36141260358195,131.39403798265036,110.35041162598644,127.82960253532029,-0.0020691249541686663,-0.07358970088982775,-0.03548006761976785,0.0,-0.006342070987050863,0.0,-0.006342070987050863
2024-03-21,109.32340497137578,128.37357866600908,131.86977315672596,120.68122940681496,131.86977315672596,110.48395041758536,128.14304175496042,0.0,-0.07246862023371503,-0.03311505694198624,0.0,-0.0027443580688056857,0.0,-0.0027443580688056857
2024-03-22,109.43213579174534,128.61947647564656,132.31969917299148,120.85976826246784,132.31969917299148,110.4971803407088,128.43039976709244,0.0,-0.07235755279991585,-0.03094683827484368,0.0,0.0,0.0,0.0
2024-03-25,109.28346831665216,128.40573909465053,132.40236183325518,120.74017263744317,132.40236183325518,110.36202228824882,128.3367783500446,-0.001358535808677841,-0.07349222742379469,-0.031653245249827267,-0.0016617808348527996,0.0,-0.0009895404131915475,0.0
2024-03-26,108.69524349146538,128.0190549143261,132.13118233070563,120.24531999786294,132.13118233070563,110.1514783630311,128.42304991051012,-0.0067337834078492476,-0.07525977915162929,-0.031002295563556048,-0.0046682009426011195,-0.0020481470178838057,-0.005083976855478678,-0.0020481470178838057
2024-03-27,109.8045855503264,129.05859731355335,133.46459146856594,121.1620337426835,133.46459146856594,110.52165484714071,129.388051012043,0.0,-0.07215208519458405,-0.023721018154121976,0.0,0.0,0.0,0.0
2024-03-28,110.3195957718731,129.58580878700286,133.97713935867154,121.19986055748764,133.97713935867154,110.56381522377636,129.57359813621906,0.0,-0.07179814172890853,-0.022320998940151715,0.0,0.0,0.0,0.0
2024-03-29,111.3049052330465,130.4613503552724,134.52100412529074,122.10936098778792,134.52100412529074,110.75361949923801,130.18193361925302,0.0,-0.07020470285530656,-0.01773089080148116,0.0,0.0,0.0,0.0
2024-04-01,112.88112723168058,132.11702968206538,135.84465278872452,123.48052320961892,135.84465278872452,110.73562714432872,130.7989278630166,0.0,-0.07035575170639474,-0.013075449225580127,0.0,0.0,0.0,0.0
2024-04-02,114.72086928957428,133.28644120865215,137.33970682793603,125.60544634256132,137.33970682793603,111.1276508798665,131.5563848953603,0.0,-0.06706464639245402,-0.007360165823871667,0.0,0.0,0.0,0.0
2024-04-03,115.40135288542514,134.6472304491729,138.0110468832358,126.30042911474852,138.0110468832358,111.48743327572552,132.49880127385748,0.0,-0.06404421255762593,-0.00024929820296237803,0.0,0.0,0.0,0.0
2024-04-04,115.42891484162128,135.109415049934,137.30310684565353,126.3234891989817,137.30310684565353,111.58114012310465,133.06177770116207,0.0,-0.06325752778472815,0.0,0.0,-0.005129589649306987,0.0,-0.005129589649306987
2024-04-05,115.63241159886392,135.6822677732137,137.64821481772614,126.55022143257446,137.64821481772614,111.68597321664207,133.24305519089523,0.0,-0.062377436300612876,0.0,0.0,-0.002629007414287843,0.0,-0.002629007414287843
2024-04-08,118.73014516640478,139.1762467327142,140.9277159164686,130.0586260339722,140.9277159164686,112.54756898034238,135.21996945874372,0.0,-0.05514419468963461,0.0,0.0,0.0,0.0,0.0
2024-04-09,120.42086607803218,140.8101113135656,142.45895996407188,131.9087760448304,142.45895996407188,113.5805612075497,136.45013121330973,0.0,-0.04647205088804074,0.0,0.0,0.0,0.0,0.0
2024-04-15,121.2237873215608,141.60644953218423,143.40805968605002,133.11830237983983,143.40805968605002,113.84813001762286,138.17538774152553,0.0,-0.04422576564342773,0.0,0.0,0.0,0.0,0.0
2024-04-16,121.01993103007965,141.67286613863814,143.69714000212898,132.8700559614556,143.69714000212898,113.75974067988524,139.17536566015562,-0.0016816525533920323,-0.044967809026910555,0.0,0.0,0.0,-0.0018648556505468372,0.0
2024-04-17,119.51421969138518,140.52577573240404,142.01764387311326,131.21263465517595,142.01764387311326,113.95122976988108,139.39819520749109,-0.014102575640874804,-0.04336022585141097,0.0,-0.008096754427990294,-0.011687749171562012,-0.014315595155550032,-0.011687749171562012
2024-04-18,121.08008677228466,142.35079935874592,143.79222463602378,133.21738634033215,143.79222463602378,114.55422054979951,140.92297610286076,-0.0011854154407415773,-0.03829801665296917,0.0,0.0,0.0,0.0,0.0
2024-04-19,120.67297370640571,141.74829710216116,143.37632727348523,132.96579240057358,143.37632727348523,114.5346344744213,141.1396415785775,-0.004543775007573303,-0.03846244505592822,0.0,-0.00423251755029741,-0.002892349454856058,-0.0018885968766556571,-0.002892349454856058
2024-04-22,117.94364517740917,138.5781914801142,140.98041174826048,129.50925067634887,140.98041174826048,113.24845608329572,139.58755031103198,-0.027058568426431506,-0.049260129364258276,-0.010996848583333163,-0.026502189630310036,-0.01955469355092554,-0.027835223057972813,-0.01955469355092554
2024-04-23,118.41506772591248,139.30803605339983,140.96719408249,130.21439792230657,140.96719408249,112.774925294353,139.14809770856994,-0.023169706686344105,-0.053235500125077495,-0.014110450102700622,-0.021375105156085983,-0.0196466155293491,-0.022542015727240017,-0.0196466155293491
2024-04-24,118.49133623013893,139.56720806325416,141.07520324058177,129.97720270595033,141.07520324058177,113.06935238079019,139.4274420109613,-0.022540552079714504,-0.050763735124898846,-0.012131244974594613,-0.01955444794150174,-0.01889546811254572,-0.02432252818790548,-0.01889546811254572
2024-04-25,118.57852523785496,139.96223238244764,141.6086220639403,130.37948525493917,141.6086220639403,113.62762448812794,139.81385488819143,-0.02182131198960946,-0.04607694671765161,-0.009393439543687432,-0.01677944196350256,-0.015185818131757567,-0.021302783092763566,-0.015185818131757567
2024-04-26,119.49423118091266,140.4976942463683,142.5146356447401,131.3283540794633,142.5146356447401,113.69701943623838,140.10247391874444,-0.014267464982431921,-0.04549436443555177,-0.007348521281709819,-0.013017876406211881,-0.008884965751921436,-0.014180072982687975,-0.008884965751921436
2024-04-29,120.43916169577054,141.00768531400237,143.68230095486018,132.17156014979753,143.68230095486018,113.85821081039663,140.45554119944802,-0.006472538460697952,-0.04414113568952727,-0.004846975459751546,-0.009435240622419627,-0.0007644619272136888,-0.00785052326325364,-0.0007644619272136888
2024-04-30,119.95968634614094,140.8055486925528,143.36480627227823,132.29817162293415,143.36480627227823,113.39389754897368,139.89595199547767,-0.010427829416570611,-0.04803912375370911,-0.008811766624810535,-0.010855229989252368,-0.002972472015280725,-0.006900110733667142,-0.002972472015280725
2024-05-03,120.07039173774504,141.03776444474195,143.48592773594456,132.27044930095923,143.48592773594456,114.10999395544053,140.40279798671065,-0.009514597830178717,-0.04202737376264298,-0.005220670703323549,-0.009223937764444301,-0.0021301353453188066,-0.007108209111337582,-0.0021301353453188066
2024-05-06,118.98699171917752,139.67621211820858,142.14265067926837,130.9325930854292,142.14265067926837,113.76098364563556,140.05825794507624,-0.018451787819909526,-0.04495737412000289,-0.007661799487419185,-0.01878870545571687,-0.011471927365550583,-0.017150863844948572,-0.011471927365550583
2024-05-07,119.25182402106068,139.6632491416525,142.36734474328517,131.4047535601766,142.36734474328517,113.8715488545134,139.99167553513095,-0.016267131592492268,-0.044029160561771086,-0.008133547957236642,-0.018879769057849716,-0.00990929722622591,-0.01360657816484101,-0.00990929722622591
2024-05-08,119.47701393170544,139.9393477798291,142.6676463247367,131.4565735140357,142.6676463247367,114.23939179812872,140.37935091129543,-0.014409493618788183,-0.04094105707036566,-0.005386797492034079,-0.016940203987471758,-0.00782085619812678,-0.013217590246051514,-0.00782085619812678
2024-05-09,120.1361207718972,140.62011189697432,143.5483423287566,131.91176289633094,143.5483423287566,114.74644775712788,140.6936653172269,-0.008972385483869139,-0.036684236858093855,-0.0031598228276803475,-0.012157904764623084,-0.001696074373176315,-0.00980069854144805,-0.001696074373176315
2024-05-10,121.46635281212312,142.154517430194,144.6621977659271,134.01240363759064,144.6621977659271,115.16175241143868,141.68711400643477,0.0,-0.03319768430833148,0.0,-0.001378860740059884,0.0,0.0,0.0
2024-05-13,123.33165652293732,143.74318743150664,146.59685817957293,135.86783837169426,146.59685817957293,115.28363201403018,142.26310521678712,0.0,-0.03217448450845306,0.0,0.0,0.0,0.0,0.0
2024-05-14,122.5789630233182,143.62380793087627,145.97094370316984,135.1506986327092,145.97094370316984,114.94416870280347,142.3762494606251,-0.006103003242149296,-0.03502433620412537,0.0,-0.0008305054504740284,-0.004269630905980204,-0.0052782155628557925,-0.004269630905980204
2024-05-15,122.17136695179684,143.26039312615683,145.30358591069623,134.47981608045126,145.30358591069623,114.26262674419594,141.93606568337904,-0.009407881186811795,-0.04074599578315541,-0.0030916938668749117,-0.0033587282568077192,-0.008821964433183949,-0.010215973904330378,-0.008821964433183949
2024-05-16,122.09186459688274,143.28619686425668,145.13742063345566,134.0755938544575,145.13742063345566,114.17734737487335,141.83154341974728,-0.01005250363943666,-0.04146193045777935,-0.0038258209704313817,-0.003179215484335307,-0.009955449006482375,-0.013191087300098991,-0.009955449006482375
2024-05-17,121.61716229260364,143.1476686571312,145.0930569430167,133.60542964849597,145.0930569430167,114.30285796987938,142.76590355313564,-0.013901493571642942,-0.04040824786477626,0.0,-0.00414293564110102,-0.010258072752924563,-0.016651539836889162,-0.010258072752924563
2024-05-20,122.1874451178756,143.9676743191305,145.37378361167288,134.40828570538235,145.37378361167288,114.45787197452772,143.5238690088563,-0.009277515905650069,-0.03910687917664424,0.0,0.0,-0.008343115828593373,-0.01074244415605552,-0.008343115828593373
2024-05-21,121.43834432943244,143.36558766206016,144.1501757177496,133.80939162626132,144.1501757177496,114.30903874477487,143.21054864977052,-0.015351388661132281,-0.04035635921809799,-0.002183054019164299,-0.004182096153999892,-0.016689869702570914,-0.015150360601172141,-0.016689869702570914
2024-05-22,120.41943850552728,140.91737386767238,142.65448661683166,132.6798257792885,142.65448661683166,114.01263227794757,141.81950171208712,-0.02361289955485535,-0.04284474145016748,-0.011875148771693267,-0.021187398253698086,-0.02689260610150379,-0.023464070898694178,-0.02689260610150379
2024-05-23,120.0468689983506,141.12499718623067,142.4254799038583,132.64919140849787,142.4254799038583,113.87210137832983,142.01788094559043,-0.02663377446791859,-0.044024522031234525,-0.010492944996995157,-0.019745245912624276,-0.02845475904132222,-0.023689542733366542,-0.02845475904132222
2024-05-24,120.51500491589064,141.59415564509516,142.61329588791156,133.35366801351566,142.61329588791156,113.83100859008523,142.51501094061595,-0.02283802623313369,-0.04436950291248376,-0.00702920061455492,-0.016486469516580615,-0.02717358571751738,-0.018504529021066585,-0.02717358571751738
2024-05-27,120.68016196216652,142.0076730690763,142.8403204845663,132.7455017612182,142.8403204845663,113.45548479920997,142.1775732347716,-0.021498896840631332,-0.04752208841082206,-0.009380291817534858,-0.0136141759552878,-0.025624953642629178,-0.022980689528115272,-0.025624953642629178
2024-05-28,120.75480234695242,142.21635623521556,142.8680418263622,133.2788838321508,142.8680418263622,113.86117179319098,142.2745578388507,-0.020893696303395215,-0.04411627774005744,-0.00870455331669262,-0.012164661908984131,-0.02543585448907193,-0.01905494759150328,-0.02543585448907193
2024-05-29,120.7289971699748,142.16292611789532,142.69055244442865,133.2709356648528,142.69055244442865,113.63451954265673,141.82336241521475,-0.021102930312773993,-0.046019061573099096,-0.011848249391441912,-0.012535787702138146,-0.02664658563391098,-0.01911344684631766,-0.02664658563391098
2024-05-30,121.0659915749355,142.1915895312194,142.94602439217877,133.45124057651154,142.94602439217877,113.34517839963907,141.63079211937992,-0.018370506096141326,-0.04844812922131392,-0.013189979496438853,-0.012336691526836141,-0.024903901984871246,-0.017786385830115492,-0.024903901984871246
2024-05-31,121.08733801425566,142.31486742029648,143.43978862817428,133.16774005334108,143.43978862817428,113.31764415422995,141.7353003071426,-0.018197424505234427,-0.04867928385091047,-0.012461820560337178,-0.011480402851895,-0.021535724507352083,-0.019872976200346337,-0.021535724507352083
2024-06-04,120.4737079263465,140.66659274707686,142.24394843163563,132.28824575645305,142.24394843163563,112.7073496735087,140.84002069411898,-0.023172871241369353,-0.05380280884823019,-0.018699665311919134,-0.022929324847855814,-0.02969306301643404,-0.026346136496618877,-0.02969306301643404
2024-06-05,118.55058493360144,138.27153343720204,140.6345231502687,129.37095295526143,140.6345231502687,111.12860864457144,139.4398807807237,-0.0387659723717948,-0.06705660579637718,-0.02845511521070121,-0.039565415700901996,-0.04067164264871692,-0.04781768440783807,-0.04067164264871692
2024-06-06,119.5513972323054,139.0233069304708,140.87044009819988,130.71819325580412,140.87044009819988,112.75146729552792,140.05395792696078,-0.030651167731042817,-0.0534324339777732,-0.024176543635967773,-0.03434359422726818,-0.03906235203457442,-0.03790186976996157,-0.03906235203457442
2024-06-07,118.72274254971693,138.97674579062286,140.9157617829701,130.28358810218,140.9157617829701,112.35252892449412,140.01160125180104,-0.03737008083048998,-0.056781588821785633,-0.024471663015428802,-0.034667008077412964,-0.03875319339820926,-0.041100604355222004,-0.03875319339820926
2024-06-10,118.91202124512002,138.43979063540266,140.55652666677133,130.17858802255142,140.55652666677133,112.02928631630928,139.79689223717688,-0.035835367840010623,-0.059495264982311724,-0.025967644249121014,-0.038396700577897014,-0.04120369009138336,-0.04187341476338746,-0.04120369009138336
2024-06-11,119.12402595472176,138.70995394235152,140.69527990338506,130.4754718230764,140.69527990338506,112.25990754378053,139.89389363913972,-0.03411638736428568,-0.05755916091913049,-0.02529178870932336,-0.03652014524541325,-0.0402571947958037,-0.0396883222199057,-0.0402571947958037
2024-06-12,119.86412498629078,139.23311237320164,141.33248771131977,131.53647794296458,141.33248771131977,112.06179242471974,139.87988017816747,-0.02811550281903208,-0.05922237072508396,-0.025389427248954544,-0.03288628484359524,-0.035910527235205825,-0.031879217927059056,-0.035910527235205825
2024-06-13,120.14536067100724,139.57036049178535,141.75410224799603,131.92695101660888,141.75410224799603,112.28229710286823,140.12947915281978,-0.025835182480805297,-0.05737119679805691,-0.023650350840438095,-0.030543758160583412,-0.03303451377958455,-0.029005299578729438,-0.03303451377958455
2024-06-14,120.51189853750716,140.01505531091237,142.17911384560557,132.26738777397114,142.17911384560557,112.05613778190214,140.5391819912318,-0.022863213427330664,-0.05926984240431776,-0.02079575361391861,-0.027454906296926374,-0.030135327515381505,-0.026499653198819195,-0.030135327515381505
2024-06-19,120.8088801210276,140.46453463098746,142.4531384827313,132.3803778266605,142.4531384827313,112.28374098636999,141.03796728050062,-0.020455221903555088,-0.057359075152772276,-0.017320475998332308,-0.024332821271931593,-0.028266088020561853,-0.02566803584151467,-0.028266088020561853
2024-06-20,120.3734138405014,139.8584719023375,141.84792854689508,132.0261881446372,141.84792854689508,111.85098202807747,140.3908276788437,-0.023986077588163623,-0.060992159525426914,-0.021829409642094344,-0.028542535233876287,-0.032394484381518485,-0.028274905033429998,-0.032394484381518485
2024-06-21,120.75337751914516,140.14299667131138,142.2594439497301,132.04268063130507,142.2594439497301,111.8746545661965,140.8509685183891,-0.020905249118361224,-0.060793424579209665,-0.018623386541386178,-0.02656622513287976,-0.029587361446244298,-0.028153518788785692,-0.029587361446244298
2024-06-24,119.93068524200928,138.70433993093005,140.70274554386464,131.27080269979123,140.70274554386464,111.74322370829472,139.862747731641,-0.02757581773253437,-0.06189680877675818,-0.02550879726486044,-0.036559140189577066,-0.04020626846237274,-0.03383461256906806,-0.04020626846237274
2024-06-25,121.08736109522418,140.0829522050607,142.37514999218067,132.58384764256044,142.37514999218067,114.16487429870345,141.65324686927002,-0.018197237359702134,-0.04156664403387855,-0.013033526426679987,-0.026983294218246634,-0.028798080939912873,-0.024170478963165598,-0.028798080939912873
2024-06-26,120.57186027205096,140.02352924797114,142.20081052395773,132.0057073699174,142.20081052395773,113.70644469228091,141.75125486459436,-0.022377030591274827,-0.04541523782296475,-0.012350657465571624,-0.027396046298674315,-0.029987325173301382,-0.028425645451215842,-0.029987325173301382
2024-06-27,120.52959307364934,139.4716534758647,141.69229622093243,131.9963926257965,141.69229622093243,113.38396233643513,141.35827553980496,-0.022719742264767695,-0.04812253153700541,-0.015088733908906193,-0.03122937745941179,-0.03345611917980318,-0.0284942028392815,-0.03345611917980318
2024-06-28,120.58323784399354,138.84105336603565,141.44202916984278,131.62562833917244,141.44202916984278,113.24073692544765,140.9030322735906,-0.0222847787537227,-0.0493249329950336,-0.018260633254695624,-0.035609528162070414,-0.03516329799794049,-0.03122306267150876,-0.03516329799794049
2024-07-01,120.84928955196187,139.03195823149142,141.15751914011062,131.42888493352626,141.15751914011062,113.25782600182195,141.018772048249,-0.020127573414322697,-0.049181467319444616,-0.01745421843702344,-0.03428350225827903,-0.037104062849692365,-0.032671112541176495,-0.037104062849692365
2024-07-02,121.21164825633171,138.8399321444171,141.57735445969192,132.01572938045862,141.57735445969192,112.76093937562261,140.69154582680653,-0.017189489919900103,-0.053352914269378604,-0.019734161304382103,-0.03561731617159303,-0.03424018619643543,-0.028351882516136073,-0.03424018619643543
2024-07-03,121.30281563364936,139.37547926850073,141.76780681874362,132.49648473898918,141.76780681874362,112.45113867581588,140.44726363292898,-0.016450284918622105,-0.05595374334417391,-0.02143619313758527,-0.03189740386060791,-0.03294102902883489,-0.02481347810570189,-0.03294102902883489
2024-07-04,122.11734010748518,138.97384851038416,141.81648582086586,133.06914068734417,141.81648582086586,113.19175896680609,140.73819038716064,-0.009845942637009109,-0.04973611121037835,-0.019409166161231117,-0.03468713259670109,-0.03260896869188956,-0.020598676757435985,-0.03260896869188956
2024-07-05,122.15772681328583,139.95805625064128,141.96763378373956,133.3041001945907,141.96763378373956,113.8056767778242,141.38304159087426,-0.009518478408121922,-0.044582167744702805,-0.014916176889364308,-0.02785082198105937,-0.03157792365620027,-0.018869352805113038,-0.03157792365620027
2024-07-08,122.47431726254794,139.8499690768512,142.12292872230162,133.48326881686995,142.12292872230162,113.7211040260172,141.47923404194051,-0.006951493919405305,-0.045292170246221786,-0.014245957700524503,-0.028601595891252996,-0.03051859032197679,-0.017550654985036496,-0.03051859032197679
2024-07-09,122.21127859204432,138.90758363173887,141.38358836031037,133.02952758619955,141.38358836031037,113.6432764917718,140.62618819227703,-0.009084268893158276,-0.04594554550977459,-0.02018953945841917,-0.03514740868964117,-0.035561947807071004,-0.020890232887417648,-0.035561947807071004
2024-07-10,123.024841836562,139.1339818811117,142.1219092036087,133.77000359752017,142.1219092036087,113.74049429172241,141.01289063792782,-0.002487720468736687,-0.0451293856984607,-0.017495197058640777,-0.033574845609466775,-0.030525544895939505,-0.015440260177210119,-0.030525544895939505
2024-07-11,123.6522294375608,140.43640411437,143.474744589682,134.81787775114717,143.474744589682,114.36965460876381,141.34015726968164,0.0,-0.03984747882643125,-0.015214972633157742,-0.0245282159447322,-0.021297274912034814,-0.007727808384458967,-0.021297274912034814
2024-07-12,123.98959625916616,141.12467911095118,143.9082534274029,135.49818297153672,143.9082534274029,115.07552975030015,141.47678736370207,0.0,-0.033921538076690405,-0.01426300488755583,-0.0197474552646959,-0.018340125331176127,-0.002720698324104265,-0.018340125331176127
2024-07-15,124.65093581123048,141.1393060922572,144.14827753368098,135.76597707245313,144.14827753368098,114.36937621848959,141.42535286719144,0.0,-0.039849815959690726,-0.01462137382552986,-0.019645856198272194,-0.0167028180296509,-0.0007497086909006301,-0.0167028180296509
2024-07-16,124.50333134248652,140.98570073855765,143.70220001298355,135.52646635689015,143.70220001298355,114.56010165076074,141.42456749840144,-0.001184142483835804,-0.03824864381946258,-0.01462684586858043,-0.020712799555008266,-0.019745703983939267,-0.002512529962169663,-0.019745703983939267
2024-07-17,126.00204663692722,142.24827097635392,144.75802802679755,137.08859893796756,144.75802802679755,115.65874630728503,142.39825639827427,0.0,-0.02902533681163655,-0.00784268580797931,-0.011942981998620206,-0.012543448581434968,0.0,-0.012543448581434968
2024-07-18,125.99196721467452,142.78414571690448,145.35031057307907,136.9688940257473,145.35031057307907,115.74875150049809,142.69838293684683,-7.999411534753698e-05,-0.028269728049173604,-0.005751559498152536,-0.008220794062440251,-0.00850323548521692,-0.0008731937823249769,-0.00850323548521692
2024-07-19,126.05167354255973,142.91162530235715,146.0146197571213,137.15646482487534,146.0146197571213,115.97897770323773,142.90442476293214,0.0,-0.02633694028517397,-0.004315966746171962,-0.007335320388884181,-0.0039716978227352095,0.0,-0.0039716978227352095
2024-07-22,127.05556862887268,143.356301625602,146.7284849302176,137.61380157065622,146.7284849302176,115.86263866304567,143.4770169889683,0.0,-0.027313626130151314,-0.00032644061375686206,-0.004246596997693364,0.0,0.0,0.0
2024-07-23,127.57999636041974,143.54126092179368,147.89353386754925,137.97913008226223,147.89353386754925,115.80792944041008,144.09386947004487,0.0,-0.027772919272416208,0.0,-0.002961869040070786,0.0,0.0,0.0
2024-07-24,128.52045029866636,144.37192520385167,148.93267660980283,138.8898556064338,148.93267660980283,116.13368522318052,144.87323511043422,0.0,-0.025038144587786304,0.0,0.0,0.0,0.0,0.0
2024-07-25,128.2283324468841,144.32091240178914,148.94811756374108,138.91506403468662,148.94811756374108,116.29945513830128,145.17659675527335,-0.002272928947131825,-0.02364647821891952,0.0,-0.0003533429507883712,0.0,0.0,0.0
2024-07-26,129.27272301220913,145.68985376104544,150.48051103512455,140.18943421666955,150.48051103512455,117.25733136956103,146.22465140714195,0.0,-0.015604945859987174,0.0,0.0,0.0,0.0,0.0
2024-07-29,130.3749905696581,146.77230564138026,152.07682349007626,141.25952934093752,152.07682349007626,118.38034837094872,147.51125011136844,0.0,-0.00617702891041072,0.0,0.0,0.0,0.0,0.0
2024-07-31,130.96817200578846,147.7613928243212,153.00435162203965,142.01905462706256,153.00435162203965,119.05506508543269,148.47872046878737,0.0,-0.0005126684058185393,0.0,0.0,0.0,0.0,0.0
2024-08-02,130.67353805790867,147.08571138788298,152.5096541062856,141.3373551605186,152.5096541062856,119.19778053992398,148.64196211043398,-0.002249660687535293,0.0,0.0,-0.004572787407611689,-0.0032332251371259835,-0.004800056360986793,-0.0032332251371259835
2024-08-05,126.334186275468,143.06132512624114,148.5472170380804,136.90729495958328,148.5472170380804,115.8037314512903,145.10653282997683,-0.035382533476268185,-0.028474096356994494,-0.023784866872454846,-0.03180849617239423,-0.02913077005136122,-0.03599347764215577,-0.02913077005136122
2024-08-06,128.39959146912773,144.82659530227244,150.22937724647974,138.69377936186794,150.22937724647974,117.53058887630799,146.8477473523731,-0.019612250040011325,-0.013986767673560774,-0.01207071497568013,-0.0198617342862899,-0.018136571582060723,-0.023414289539714805,-0.018136571582060723
2024-08-07,128.91385496111306,145.03213554912904,150.66891622293724,139.56774000321505,150.66891622293724,117.32438766909878,146.8317310631176,-0.01568562050774136,-0.015716675783218337,-0.012178465768444835,-0.018470706204272713,-0.015263849520251171,-0.017260462902563223,-0.015263849520251171
2024-08-08,129.08668043987208,144.83452859446757,150.58139184637403,139.24842001726853,150.58139184637403,117.46964779799262,146.66357804347842,-0.01436602143178134,-0.014498027850044948,-0.013309727878092148,-0.01980804440124284,-0.01583588799912672,-0.019508893486649526,-0.01583588799912672
2024-08-09,128.58523371673414,144.2065802000337,150.11211881148014,139.33489747014008,150.11211881148014,117.42590987646973,146.23012909167534,-0.018194789257263255,-0.01486496355408884,-0.01622578836093913,-0.024057790444043436,-0.018902944784891296,-0.01889997904838181,-0.018902944784891296
2024-08-12,129.08566527410608,144.84008458462296,150.5146861367681,139.63782322922472,150.5146861367681,117.33680711044528,146.63784980282682,-0.014373772672028884,-0.015612483899021812,-0.013482816555651977,-0.019770443306334373,-0.016271860629308632,-0.016766985275960877,-0.016271860629308632
2024-08-13,130.15022644488724,145.76804561900093,151.30040676094524,140.57740085174373,151.30040676094524,117.65665284647679,147.36897393429513,-0.006245376631393129,-0.012929164339020693,-0.008564123872322638,-0.013490311421808565,-0.011136577770700318,-0.010151129220684951,-0.011136577770700318
2024-08-15,130.71777578823225,146.46727753832772,151.81827420755585,141.45956877646282,151.81827420755585,118.10861732830482,148.16898673923794,-0.0019118860233091617,-0.00913744540112782,-0.003181977447557105,-0.008758142172712868,-0.007751919484053071,-0.003939512568006731,-0.007751919484053071
2024-08-16,131.3526541416525,146.60106377611615,152.22682006192358,142.19543741263374,152.22682006192358,118.29815938907393,148.9055309780265,0.0,-0.007547297833693567,0.0,-0.007852721377529348,-0.0050817610863563845,0.0,-0.0050817610863563845
2024-08-19,131.81075557739686,146.72694932914905,152.49874941653977,142.35709740438224,152.49874941653977,118.45917198048726,149.92866880854706,0.0,-0.006196495908657784,0.0,-0.007000769791078221,-0.003304495592052481,0.0,-0.003304495592052481
2024-08-22,132.8213091430001,147.3900709116863,153.30177756350602,142.57082714770988,153.30177756350602,118.57656158214228,151.37617304960278,0.0,-0.005211665477056759,0.0,-0.0025129833005592683,0.0,0.0,0.0
2024-08-23,132.48193896198742,147.60614414553686,153.64778308651432,142.12164736003777,153.64778308651432,118.79744510944067,151.00186405726967,-0.0025550883604624763,-0.003358581247653536,-0.002472707459782675,-0.0010506714630723613,0.0,-0.0031505729233564095,0.0
2024-08-26,132.48729083616598,147.74623530018445,153.60817049889738,142.23910096683326,153.60817049889738,118.59930359864134,150.94376878477627,-0.0025147945686523343,-0.005020873195555775,-0.002856488284221803,-0.00010258108594562998,-0.0002578142477632772,-0.002326746554769832,-0.0002578142477632772
2024-08-27,133.03553710884265,148.28555485107023,154.22623534712963,143.737455633995,154.22623534712963,118.15322787989216,150.90072445204171,0.0,-0.008763188838754932,-0.003140841705684294,0.0,0.0,0.0,0.0
2024-08-28,135.20046697066604,149.68832269521047,155.91044516911495,146.1839279514563,155.91044516911495,118.40982538885257,151.82693186431806,0.0,-0.0066104850904291634,0.0,0.0,0.0,0.0,0.0
2024-08-29,138.17331416577397,151.25090609229647,158.44929637784816,149.90607951092812,158.44929637784816,118.6357897514921,153.17906378028545,0.0,-0.004714775609799604,0.0,0.0,0.0,0.0,0.0
2024-08-30,137.10259290938322,149.91301924543706,157.7241848532558,150.0394250670055,157.7241848532558,118.62200645320587,152.43028868260507,-0.0077491175691577485,-0.004830409459891438,-0.004888233934856712,-0.008845479881244511,-0.004576300060450955,0.0,-0.004576300060450955
2024-09-03,136.04011856384778,148.2573150967776,157.18569874633988,148.84998772164946,157.18569874633988,118.30033883586904,151.40908739150504,-0.015438549873435625,-0.007529013543623453,-0.01155494977642113,-0.019792218591352606,-0.007974775908723641,-0.007927498687927304,-0.007974775908723641
2024-09-04,137.13255893294752,148.94729369726113,158.5343788791481,150.01131569364023,158.5343788791481,117.89256348915819,151.29331267609604,-0.0075322448412709075,-0.010950011358043854,-0.012310762695966537,-0.015230403933115144,0.0,-0.0001873465814250519,0.0
2024-09-05,138.96549225851825,149.88792822639226,160.96772786308088,151.67374903409774,160.96772786308088,118.39181856105441,151.89390072649672,0.0,-0.00676155189483274,-0.008389939343356412,-0.009011369922455215,0.0,0.0,0.0
2024-09-06,139.66644774995046,150.4487967528535,161.56082070327682,152.36231834084143,161.56082070327682,118.43374566877527,152.18169750412395,0.0,-0.006409807864608763,-0.006511113539589775,-0.005303170474585506,0.0,0.0,0.0
2024-09-09,139.52151458920784,150.96638187847313,161.5553929494071,152.02344150773155,161.5553929494071,119.03256059458043,152.6185143460114,-0.0010377092213450512,-0.0013860991756320384,-0.0036594389627427892,-0.0018811405575959173,-3.359573098293822e-05,-0.00222415119958852,-3.359573098293822e-05
2024-09-10,138.96360704559007,150.50267118810217,161.71727464746274,151.89578852774855,161.71727464746274,118.76331122670514,152.3582619814566,-0.005032280233966513,-0.003644944656275073,-0.005358446373625703,-0.004946977995210933,0.0,-0.003061976334917893,0.0
2024-09-11,139.68243053022383,151.1288747447358,162.30510194866233,152.7191806779418,162.30510194866233,118.56015188019862,152.65120204722575,0.0,-0.005349333325143535,-0.003446043604345528,-0.0008068139934724883,0.0,0.0,0.0
2024-09-12,139.99892323630442,151.45281805104293,162.6074498392428,153.19585547833756,162.6074498392428,118.20629655800658,152.8765849273149,0.0,-0.008317973517848465,-0.001974674903382434,0.0,0.0,0.0,0.0
2024-09-13,140.21771680526803,151.97658509897883,162.5578386488546,153.4323201034941,162.5578386488546,119.17927737717208,152.9756243207749,0.0,-0.00015523076577506068,-0.001328115308253608,0.0,-0.00030509789334520754,0.0,-0.00030509789334520754
2024-09-18,140.8503232412442,153.47222472153203,163.6182225801807,154.1144019386871,163.6182225801807,119.9380339006139,153.99232833303412,0.0,0.0,0.0,0.0,0.0,0.0,0.0
2024-09-19,141.1084677871257,153.2021379677305,163.36002332767734,153.96734859060922,163.36002332767734,120.7578166370115,154.41851230778784,0.0,0.0,0.0,-0.0017598412630793758,-0.0015780592676762906,-0.0009541830369389492,-0.0015780592676762906
2024-09-20,140.8230538641702,153.57548829007587,163.33664782505312,153.47905118780474,163.33664782505312,121.29013289517381,153.94119182240104,-0.002022656240489251,0.0,-0.0030910833050599162,0.0,-0.0017209253999175278,-0.00412259167793505,-0.0017209253999175278
2024-09-23,141.0188681818761,154.3996646113991,163.80207035753617,153.40752795751516,163.80207035753617,121.48328892142935,154.64085805996643,-0.0006349697268684951,0.0,0.0,0.0,0.0,-0.00458668347850566,0.0
2024-09-24,140.37961477659073,153.85663997139253,163.05262209168686,153.04407086383324,163.05262209168686,120.83415090966373,153.88234302805432,-0.005165196830246299,-0.005343434619929144,-0.00490501049611336,-0.0035170066034357905,-0.004575328408325197,-0.006945042522889522,-0.004575328408325197
2024-09-25,141.06709482512488,154.9317820734522,164.26195224315444,153.3024987220408,164.26195224315444,121.59531674342985,154.81464296811734,-0.00029319971118413335,0.0,0.0,0.0,0.0,-0.005268185234040046,0.0
2024-09-26,142.20401682722093,155.2244750935113,164.9333490780342,154.61349106538682,164.9333490780342,122.34390478541826,154.96112726728114,0.0,0.0,0.0,0.0,0.0,0.0,0.0
2024-09-27,143.01469980452862,155.67323343550328,165.2533408713228,154.839043749742,165.2533408713228,123.01143102817119,155.68973173194536,0.0,0.0,0.0,0.0,0.0,0.0,0.0
2024-09-30,142.50068266115795,154.31723986989294,164.06511521640624,155.3124912209583,164.06511521640624,122.3626344063137,155.01973188894678,-0.003594156013844829,-0.0052742791172708525,-0.004303429876493903,-0.008710511985171365,-0.007190327582192624,0.0,-0.007190327582192624
2024-10-02,141.38357536219902,152.892664907213,162.5662205671014,154.13102314090125,162.5662205671014,119.39779756685209,153.92119818123413,-0.011405292215128982,-0.029376403730247858,-0.011359346124098613,-0.017861571105878604,-0.016260611071783226,-0.007607038369993102,-0.016260611071783226
2024-10-03,142.40841991367964,154.23344560187377,163.5331852269905,155.63655251302458,163.5331852269905,120.50779152229265,155.00951361016993,-0.004239283735711363,-0.02035290123000988,-0.004369062199596874,-0.009248782220650842,-0.010409203440381432,0.0,-0.010409203440381432
2024-10-04,142.6862486346721,154.6927233432717,163.31434496834552,155.84254945961763,163.31434496834552,120.61049114174081,154.6839436779518,-0.002296625244156303,-0.019518022563939863,-0.006460208022743941,-0.006298514334115213,-0.011733474753088946,0.0,-0.011733474753088946
2024-10-07,142.37723709947306,153.88946415440097,163.0237269470353,155.01512302150297,163.0237269470353,120.52401392802732,154.474642506765,-0.004457322959995236,-0.020221024008526656,-0.007804555969512461,-0.01145841993345209,-0.013492095908812063,-0.00530937437165746,-0.013492095908812063
2024-10-08,140.83516432105415,152.4138748295305,161.61876998280357,153.2959149845378,161.61876998280357,119.35557333923614,153.65303323008428,-0.015239940275044717,-0.029719658233207658,-0.013081777964443542,-0.020937180618935125,-0.021993932887259038,-0.01634107298623033,-0.021993932887259038
2024-10-09,142.2992464599435,153.41022879247575,162.68387400411157,155.04898780225406,162.68387400411157,120.45695422310399,154.20085744608429,-0.005002655989649996,-0.020766174197926257,-0.009563085948561478,-0.014536889824191324,-0.015548653078136465,-0.005092073121976237,-0.015548653078136465
2024-10-10,142.57835081709698,153.63409535196507,162.51450939457973,155.25237168271087,162.51450939457973,120.0630983901041,154.05389999294735,-0.0030510778823997775,-0.023967956582765737,-0.010506998250947364,-0.013098835545052423,-0.016573531659342944,-0.003787013103630499,-0.016573531659342944
2024-10-11,142.25436150704087,153.86224131355272,162.29219806973109,154.84280032761936,162.29219806973109,120.05357608057156,153.97666541136653,-0.005316504516857168,-0.024045366539327873,-0.011003078375960373,-0.0116332916197881,-0.017918807486606014,-0.006415123055063532,-0.017918807486606014
2024-10-14,141.64864223879212,152.66905901143832,161.37987789251648,154.1218738333868,161.37987789251648,119.60277794331748,153.50089015447568,-0.009551868217767878,-0.027710051467274455,-0.014058997681608565,-0.0192979509564154,-0.023439544147082936,-0.011041115742762564,-0.023439544147082936
2024-10-15,139.13149598594538,150.74596708976344,159.4685129378286,151.55628548417033,159.4685129378286,118.67528115715015,152.2846381769271,-0.02715248029671613,-0.03524997502084182,-0.021871022045826916,-0.031651339392145705,-0.03500581533173752,-0.02750381067500418,-0.03500581533173752
2024-10-16,139.3383373969796,150.60205978702152,159.1726558439922,151.62465404608292,159.1726558439922,117.7815487693789,151.3750771575692,-0.025706185535989245,-0.0425154167793933,-0.027713160825562966,-0.032575758443295855,-0.03679613976497709,-0.02706510788074379,-0.03679613976497709
2024-10-17,140.14546615464465,152.11293571700554,161.22873662238308,153.20665201204017,161.22873662238308,120.25485054613883,153.4041393108572,-0.020062508635864784,-0.022409140833432595,-0.014680431366040914,-0.02287032677311729,-0.02435414756348875,-0.01691384963039566,-0.02435414756348875
2024-10-18,140.75875908602785,152.88768311964876,161.38837821232613,153.56536055793353,161.38837821232613,119.87440767573929,153.3058660304559,-0.015774187699475473,-0.025501884875345215,-0.015311643709386202,-0.01789357267387004,-0.02338810603536412,-0.014612112735451488,-0.02338810603536412
2024-10-21,140.8756213834785,153.37894533854953,161.95032232934747,154.01974732066114,161.95032232934747,119.87067622444907,153.2850571723351,-0.014957052834245754,-0.02553221905859171,-0.015445299653739863,-0.014737845719022036,-0.019987605240291417,-0.011696434287535973,-0.019987605240291417
2024-10-22,140.97657510529643,153.50054233754736,162.20901632845212,154.85155349911903,162.20901632845212,119.9144073352007,153.52185497191812,-0.014251155314928265,-0.025176714611678808,-0.013924340005670555,-0.01395674163121996,-0.01842216639505756,-0.006358956292327522,-0.01842216639505756
2024-10-23,141.6003335974154,153.9579340063381,162.78606625003803,155.7732080013811,162.78606625003803,120.19615446829171,154.13102089581642,-0.009889656161543914,-0.022886300373456736,-0.010011648287843511,-0.011018589331709627,-0.014930255620102417,-0.00044494561002095256,-0.014930255620102417
2024-10-24,141.51775702755566,154.21510726571535,162.85817525970904,155.62552824923856,162.85817525970904,120.36651314053184,153.82150041726516,-0.01046705533780068,-0.021501399223895157,-0.01199970796980232,-0.009366582408606883,-0.014493901297153111,-0.001392567120671373,-0.014493901297153111
2024-10-25,142.53573688265334,155.12502265367277,163.4421453201411,156.2678823426343,163.4421453201411,120.73394488383389,154.7764484218592,-0.0033490467940003876,-0.01851442687318816,-0.005866047169113209,-0.0035215481154480255,-0.010960114583051128,0.0,-0.010960114583051128
2024-10-28,143.7361470520299,156.26721051761714,165.3357673554499,157.92577690338078,165.3357673554499,120.9906011356962,155.18735224880157,0.0,-0.016427984583092914,-0.003226799080165099,0.0,0.0,0.0,0.0
2024-10-29,144.0252102866508,156.74403520222253,165.67330619178492,158.2414720307769,165.67330619178492,121.29757621678694,155.48359646702136,0.0,-0.013932484136305656,-0.0013240132321565845,0.0,0.0,0.0,0.0
2024-10-30,142.4911664582742,155.10153906697877,163.89564006989286,156.40890052704407,163.89564006989286,120.74063476387916,154.52760194230441,-0.010651217417585679,-0.018460042658734577,-0.007464395864216766,-0.010478842994725124,-0.010729948974605552,-0.011580854754538628,-0.010729948974605552
2024-10-31,143.26884180524516,155.49152173207966,164.10539349015278,156.95491411519708,164.10539349015278,120.61961161577044,154.31405575046892,-0.0052516394865889104,-0.019443879259099073,-0.008836009710935677,-0.007990820630124462,-0.009463882490623465,-0.00813034597737805,-0.009463882490623465
2024-11-04,143.2021930339669,156.5366768640406,164.5882832667166,157.40976771977267,164.5882832667166,121.74354636858197,154.90167550478878,-0.005714397160371254,-0.010307047475115128,-0.005061709711937756,-0.0013229105523180351,-0.0065491716801516775,-0.005255918693946815,-0.0065491716801516775
2024-11-05,144.58793539763067,157.9524770373402,166.56172388063575,158.98899263347184,166.56172388063575,121.71637309404831,155.83155951970224,0.0,-0.010527947876862731,0.0,0.0,0.0,0.0,0.0
2024-11-07,146.4449019171465,159.9897144221491,168.78194909484336,161.48392318941885,168.78194909484336,123.34023122568347,157.19322325034676,0.0,0.0,0.0,0.0,0.0,0.0,0.0
2024-11-08,149.06988277112836,162.01728107902338,171.58562780798235,164.266104089868,171.58562780798235,124.83477835196366,158.60021413101163,0.0,0.0,0.0,0.0,0.0,0.0,0.0
2024-11-11,148.4499084865724,161.21516319814248,169.91825750572943,163.94753948179016,169.91825750572943,125.07353504567476,158.13311958271663,-0.004158950641343306,0.0,-0.002945106668703179,-0.004950816823605764,-0.009717424026439048,-0.001939320408448797,-0.009717424026439048
2024-11-12,148.38002943648746,161.4774454755147,170.0582824250824,164.03352263081,170.0582824250824,124.72245255872163,158.19023054128405,-0.004627717697343714,-0.002807008587587423,-0.002585012838563383,-0.003331963108585634,-0.008901359644230555,-0.001415882237827626,-0.008901359644230555
2024-11-13,146.97084407153974,160.37802763840858,168.88194652055,162.16444487147038,168.88194652055,124.96150637232786,157.79366081720974,-0.01408090393960626,-0.0008957024626031762,-0.005085449084801574,-0.010117769102761631,-0.015757038173721538,-0.01279423548785108,-0.015757038173721538
2024-11-14,146.69538046448824,159.58114612331207,167.99118817877792,161.65606008223278,167.99118817877792,125.58234818365248,157.69747993926097,-0.015928786301427356,0.0,-0.005691885075293501,-0.01503626612844522,-0.02094837239647418,-0.01588912102162776,-0.02094837239647418
2024-11-15,148.54948337775872,161.425934883764,169.99038885237763,163.12648603419444,169.99038885237763,126.53094644179772,158.80383265256125,-0.003490976069046914,0.0,0.0,-0.00364989580939179,-0.009297042974892422,-0.006937633676696309,-0.009297042974892422
2024-11-19,148.2171714841402,160.57518208931938,168.91290014467603,162.55143188477828,168.91290014467603,127.50437932590395,158.21701846248368,-0.0057202116962642435,0.0,-0.0036952142796291554,-0.008900896127250868,-0.015576640639723638,-0.010438381153495047,-0.015576640639723638
2024-11-20,147.26975922249983,159.062998722112,167.80006769331126,160.9116569653187,167.80006769331126,127.58757800461433,157.86495618980192,-0.012075702450187853,0.0,-0.005912177603505708,-0.018234365724668744,-0.02206222142863512,-0.02042081136053553,-0.02206222142863512
2024-11-21,145.8912605184185,157.7621674717997,166.99040549840515,159.1044707393329,166.99040549840515,126.57937953874054,156.8422579683309,-0.02132303449644546,-0.007902011164733658,-0.012352187295894712,-0.02626333178093676,-0.026780927798449428,-0.031422388563566606,-0.026780927798449428
2024-11-22,145.48708580324785,158.09920681605823,166.4537547471866,158.76127167936053,166.4537547471866,126.7369705689548,157.10065824424154,-0.024034344840676458,-0.006666851498887794,-0.010725020800008034,-0.024183063910658498,-0.029908525127400054,-0.0335116757106253,-0.029908525127400054
2024-11-25,144.77410995095116,157.7384042316367,165.6073768038282,158.1030810426784,165.6073768038282,125.30693932454177,156.67356409674466,-0.02881717447093346,-0.0178750840461136,-0.013414465634952966,-0.026410002802723653,-0.034841210656898824,-0.0375185317831479,-0.034841210656898824
2024-11-26,147.1346903413511,158.619336687029,167.45627643363338,160.31619032223574,167.45627643363338,126.0992278288113,157.11684372727166,-0.012981780047069735,-0.011665321962214925,-0.01062309956322327,-0.020972728151986697,-0.024065834808554176,-0.024045823631826835,-0.024065834808554176
2024-11-27,146.75723672262976,158.7792835836432,167.39391935130607,159.97208247880346,167.39391935130607,126.85985305761062,157.64212478704886,-0.015513838244907485,-0.005703728829913102,-0.007315364157828852,-0.01998550693984824,-0.024429251506816962,-0.026140643164674682,-0.024429251506816962
2024-11-28,146.3155252988381,158.3008205852698,166.89394692992943,159.55223768494167,166.89394692992943,126.75105864925382,157.8256617563068,-0.018476954708008364,-0.006556432596676931,-0.006159617686271712,-0.022938667215016917,-0.027343087751517725,-0.02869652525725841,-0.027343087751517725
2024-11-29,146.62219367108588,158.0161599940182,167.28589318957796,159.78557330504114,167.28589318957796,126.31616621687203,157.73084627352122,-0.016419742570003226,-0.0099650123282089,-0.006756678104788305,-0.02469564393599244,-0.025058827323324095,-0.027276051925938516,-0.025058827323324095
2024-12-03,146.4904628840381,158.02757101374735,167.44897610510716,159.88512330887482,167.44897610510716,125.38732089800023,157.7393438763533,-0.017303427353267176,-0.017245073078623108,-0.006703168043411756,-0.02462521305569909,-0.024108381079005148,-0.026670023041372004,-0.024108381079005148
2024-12-04,146.91295733956775,158.99921068929638,168.20657407006772,160.4444707716726,168.20657407006772,125.57013391678944,158.79491302290808,-0.014469223370036532,-0.015812229680791656,-5.6167596865885905e-05,-0.018628077015160782,-0.01969310472609076,-0.023264892896617595,-0.01969310472609076
2024-12-05,147.2192422484295,159.62494803980084,168.57837283899505,160.9206159117734,168.57837283899505,126.69327521475215,158.95308598473144,-0.012414583605329543,-0.007009324918996751,0.0,-0.01476591276738981,-0.017526263751837412,-0.020366272132833485,-0.017526263751837412
2024-12-06,147.50366791373298,159.86984507099334,168.9072733647135,161.22350774490363,168.9072733647135,125.67945530857052,159.1303815728158,-0.010506581398470938,-0.014955395547792238,0.0,-0.013254363940243152,-0.015609433479278012,-0.018522362612921173,-0.015609433479278012
2024-12-09,147.40906566265988,160.23066484906664,169.6740803991617,161.14469508069874,169.6740803991617,125.98579613659007,159.38278151047643,-0.01114119819238324,-0.0125543716173242,0.0,-0.011027318925845409,-0.011140486725145782,-0.019002149143694247,-0.011140486725145782
2024-12-10,147.05439517497348,160.5200300067028,169.3620220160356,161.03168926075597,169.3620220160356,125.10486714739366,159.37298528237997,-0.013520421152066864,-0.01945887598188345,-6.146352826585932e-05,-0.009241304769151748,-0.01295916109264772,-0.019690092773750445,-0.01295916109264772
2024-12-11,147.1311747798865,160.12193865048505,169.1281593765,160.7145103131284,169.1281593765,125.13624351912553,159.72499507696062,-0.01300536335846203,-0.019212955711097046,0.0,-0.011698396713705428,-0.014322111139940197,-0.021620977720373746,-0.014322111139940197
2024-12-12,147.10510663460522,159.8775683378209,169.13107809518067,160.64624416996438,169.13107809518067,124.95995266513995,159.36188300597308,-0.013180235336601953,-0.02059467998819875,-0.002273357847421331,-0.013206694538706931,-0.014305100865140696,-0.022036560372328817,-0.014305100865140696
2024-12-13,147.7943551053877,160.19726785918303,169.24400215999333,160.9354855619695,169.24400215999333,125.18886438903127,159.31448537140574,-0.008556575225185048,-0.01880052629807194,-0.0025701031035066935,-0.011233451195571176,-0.013646980099111139,-0.02027575041334373,-0.013646980099111139
2024-12-16,147.55181536155823,160.20232293321004,169.26420450502076,160.66694372213394,169.26420450502076,125.17780965597095,158.9757673375868,-0.010183595648900257,-0.018887170572014722,-0.00469073571742995,-0.011202250363207211,-0.01352924095460628,-0.02191054805661563,-0.01352924095460628
2024-12-17,147.90977393527413,160.84049386438514,169.4949627439589,161.5247636186815,169.4949627439589,125.78982130238975,159.48907806805187,-0.0077823153429011915,-0.014090374081398127,-0.0014770199792154548,-0.007263343803827094,-0.012184383335200222,-0.016688412295252086,-0.012184383335200222
2024-12-18,148.27178825906185,161.8138209150073,170.47394163213124,162.07136617040015,170.47394163213124,125.74340845046446,160.22878627271885,-0.005353827998186955,-0.014454146579090721,0.0,-0.0012557929787553324,-0.0064789003021580305,-0.013360869131389008,-0.0064789003021580305
2024-12-19,147.4333458794844,160.69612292382223,169.3523671109935,161.28855251516794,169.3523671109935,125.3522522369127,159.39886970112948,-0.010978320108808282,-0.01751993260363316,-0.0051795722285307155,-0.008154427394425623,-0.013015429820777524,-0.01812639065860533,-0.013015429820777524
2024-12-20,148.01270006227222,160.630772322256,169.56051270583595,161.70052922139303,169.56051270583595,125.33051906590276,159.22621710975233,-0.007091859798932454,-0.017690271843156524,-0.0062571101378755545,-0.008557783142226105,-0.011802358554252934,-0.015618406990838385,-0.011802358554252934
2024-12-23,148.14813508968027,161.11636359571952,169.64425414166882,161.9375624469249,169.64425414166882,125.32193494010781,159.22182614452365,-0.0061833259965951015,-0.017757552106088093,-0.006284514484690029,-0.005560625862277235,-0.011314313973231349,-0.014175423809096976,-0.011314313973231349
2024-12-24,147.12758698353127,159.99025124567424,168.546470810038,160.46725701995953,168.546470810038,124.59098339023168,158.63280486233074,-0.013029431240508593,-0.023486570254310113,-0.009960640952941247,-0.012511195224665261,-0.017712188583448363,-0.023126177436034956,-0.017712188583448363
2024-12-25,146.54851636547917,159.93837455916935,168.68529707889863,160.11523142900006,168.68529707889863,124.39216505904092,158.92050853325338,-0.016913989323519618,-0.025044859347183812,-0.008165060535618718,-0.012831387528593585,-0.016903109929051974,-0.02526919770738001,-0.016903109929051974
2024-12-26,147.50774596302307,160.56768810761514,169.25266282574532,161.15233913390315,169.25266282574532,124.76380160223397,159.6829210032652,-0.010479224770731821,-0.022132063689446646,-0.0034067865216463877,-0.008947150339482679,-0.013596505791544478,-0.018955614569523993,-0.013596505791544478
2024-12-27,147.03153180537544,159.80040482893935,168.80112157787187,160.92669274740433,168.80112157787187,124.70975813248657,159.38846343451272,-0.013673794651616333,-0.022555643089515187,-0.005244518527250497,-0.013682961689764128,-0.016228085450295193,-0.02032927828273523,-0.016228085450295193
2024-12-30,148.27153085173146,161.59672310270264,170.2200552952957,162.5801425855771,170.2200552952957,125.3115510680141,160.63397115116766,-0.005355554754293612,-0.01783893833706851,0.0,-0.002595759992513491,-0.007958548336081006,-0.010263599502965848,-0.007958548336081006
2024-12-31,148.71665573191103,162.15960292721005,170.71664970928066,163.15082779947093,170.71664970928066,125.77104570878849,161.42558717810783,-0.002369539927522757,-0.014237532557912047,0.0,0.0,-0.005064399098006822,-0.006789448721489899,-0.005064399098006822
2025-01-03,149.91210041498067,162.99650871611968,171.82004392904904,164.36802094405246,171.82004392904904,132.0974604336759,163.2789846622778,0.0,0.0,0.0,0.0,0.0,0.0,0.0
2025-01-06,151.55786256896232,165.3067567589153,174.08049556670764,166.0023951846796,174.08049556670764,132.4616068312036,164.635810839434,0.0,0.0,0.0,0.0,0.0,0.0,0.0
2025-01-07,151.69910481733598,164.61310328763966,173.4122608524368,165.5355201455643,173.4122608524368,132.20695464877707,164.14438294826337,0.0,-0.0019224603152446784,-0.002984939234453088,-0.0041961592186293695,-0.0038386535613622597,-0.0028124596551507564,-0.0038386535613622597
2025-01-08,153.9275311284057,166.7157364961266,175.34521013822564,167.6880323060119,175.34521013822564,133.86304816066612,166.60653951305275,0.0,0.0,0.0,0.0,0.0,0.0,0.0
2025-01-09,153.43784307650355,166.72336636641637,175.89491072744542,168.165320286262,175.89491072744542,134.90122764151508,167.90292347523902,-0.0031812895868097435,0.0,0.0,0.0,0.0,0.0,0.0
2025-01-10,153.48930500242136,166.80900883926697,175.9817898905746,167.8301190466416,175.9817898905746,135.1577502319919,168.38535055667532,-0.0028469639106909472,0.0,0.0,0.0,0.0,-0.0019932839841756422,0.0
2025-01-13,153.44225439928013,166.50282817858076,175.88912509364482,167.6871042352857,175.88912509364482,135.47180766382036,168.57288501684528,-0.0031526311477102498,0.0,0.0,-0.0018355163358187987,-0.000526559009244032,-0.0028437257465585564,-0.000526559009244032
2025-01-15,154.9922979368082,167.59975906255465,176.85683462490485,168.57753489622425,176.85683462490485,136.89383625203263,169.74649668211808,0.0,0.0,0.0,0.0,0.0,0.0,0.0
2025-01-16,156.44295684892484,168.45790398574195,177.6168992793977,169.49984523469604,177.6168992793977,136.90444998765548,169.8063850853838,0.0,0.0,0.0,0.0,0.0,0.0,0.0
2025-01-17,157.00788734963126,168.8934325613323,177.9594789575219,170.33531183721038,177.9594789575219,136.40071598232606,170.58750450439334,0.0,-0.003679456769848155,0.0,0.0,0.0,0.0,0.0
2025-01-20,156.9276278587703,168.31029068459233,177.8214324052199,170.7295303095223,177.8214324052199,135.9517039698283,170.73743213301614,-0.0005111812674877259,-0.006959204159639132,0.0,-0.0034527208541883514,-0.000775719018231924,0.0,-0.000775719018231924
2025-01-21,153.83373613193982,165.76298551948946,174.91626362529226,167.67997567697557,174.91626362529226,134.24813172031568,168.22792296595918,-0.020216508044739956,-0.019402716767638384,-0.014698060851131234,-0.018535043040859733,-0.017100608239901782,-0.01786190489142714,-0.017100608239901782
2025-01-22,154.9936852231359,166.39973284489798,175.45839741746892,169.0727291674636,175.45839741746892,134.30527579366768,169.10789419554914,-0.01282866842230701,-0.01898531562868977,-0.009544116466490449,-0.0147649300426691,-0.014054219279041491,-0.009704244714168753,-0.014054219279041491
2025-01-23,156.58531170999984,167.559328935924,176.59023187435093,170.53724737901445,176.59023187435093,134.75138301223387,170.25876020705587,-0.002691429371891374,-0.015726785912479446,-0.0028035558458402443,-0.007899085270375195,-0.007694150888685192,-0.001126242953748191,-0.007694150888685192
2025-01-24,156.74679095607738,168.98171652920007,177.32820678527736,170.79426318721423,177.32820678527736,135.21118924579224,170.93277388099077,-0.001662950810697006,-0.012368193597913857,0.0,0.0,-0.003547280403058628,0.0,-0.003547280403058628
2025-01-27,156.07236566808996,168.55422414686646,176.7692690801947,170.45352876726156,176.7692690801947,135.24718587446048,170.74557718984792,-0.005958437485742651,-0.012105261102501985,-0.0010951480333033503,-0.002529814414920728,-0.006688094864625294,-0.001994999208955739,-0.006688094864625294
2025-01-28,156.22380696130037,168.34897781041497,176.49113429347295,170.28656887047572,176.49113429347295,135.4724878895974,170.7602559940383,-0.0049938917182221765,-0.010459573068568595,-0.0010092733127503584,-0.0037444211822511564,-0.00825100563707215,-0.002972549002901892,-0.00825100563707215
2025-01-29,157.70763041787936,169.95928226809167,178.1139564835495,171.49603269845667,178.1139564835495,137.12300763657726,172.02680778485623,0.0,0.0,0.0,0.0,0.0,0.0,0.0
2025-01-30,158.5302343368055,171.59946422985243,180.0454290165575,173.0198752391455,180.0454290165575,139.1486220958446,173.47399488364044,0.0,0.0,0.0,0.0,0.0,0.0,0.0
2025-01-31,157.5814164473142,170.70248429661706,179.3347990117947,171.6737696649766,179.3347990117947,138.3284358212513,172.10226516554056,-0.005985091067710724,-0.005894318335601945,-0.007907408364118185,-0.005227172108380751,-0.00394694832656628,-0.007780063257520897,-0.00394694832656628
2025-02-04,157.2770224476884,170.39327348294944,179.59478003864703,170.80424107098906,179.59478003864703,138.31256417023522,172.87490062381247,-0.007905191677535672,-0.006008380916869616,-0.0034535104828238294,-0.00702910555295988,-0.002502973723754076,-0.012805662731486867,-0.002502973723754076
2025-02-05,157.03973936038986,170.120779097897,179.5792745753548,170.5374897072673,179.5792745753548,138.06838099454288,173.05769739831015,-0.009401960343091487,-0.0077632180975363285,-0.002399768827653581,-0.0086170731277736,-0.0025890934512969865,-0.014347401004925486,-0.0025890934512969865
2025-02-06,158.3692918083605,170.74374757919466,180.54596715830183,171.68460151282008,180.54596715830183,138.99180749355108,174.0442596204909,-0.0010152166185731781,-0.0011269576366016443,0.0,-0.004986709337924,0.0,-0.007717458612658379,0.0
2025-02-07,158.46661657148687,171.63427380956728,181.2549672320298,172.50952755305374,181.2549672320298,138.98888567269137,174.40841702501757,-0.000401297365040687,-0.0011479554791652413,0.0,0.0,0.0,-0.0029496477522387154,0.0
2025-02-10,158.30280242760594,171.62777140329322,181.6982550124954,172.6919411371466,181.6982550124954,139.18426967248703,174.63302963586088,-0.001434627975862135,0.0,0.0,-3.7885243603930085e-05,0.0,-0.0018953550945844944,0.0
2025-02-11,157.4868549632544,170.7879306897115,180.4562727972714,172.1555980653119,180.4562727972714,138.53910489439048,173.24669989400013,-0.006581579708854868,-0.004635328256667903,-0.007938531128684367,-0.0049310845734391595,-0.00683541080313943,-0.0049952479311352604,-0.00683541080313943
2025-02-12,156.3835815547193,170.7832788879928,180.4989626993348,171.4949155521048,180.4989626993348,139.5622955704446,173.6074881812634,-0.01354096769658164,0.0,-0.005872551468275589,-0.004958187561761029,-0.006600461369747901,-0.008813783300519296,-0.006600461369747901
2025-02-13,157.61139981954167,170.88127373324147,181.30033854619796,172.24769836637176,181.30033854619796,139.59983058206552,174.14070156171576,-0.005795957604602497,0.0,-0.0028192151002116583,-0.004387236066621947,-0.002189985073164702,-0.004462937403615919,-0.002189985073164702
2025-02-14,158.51962604082618,170.8757314628066,181.833493415959,173.1230040404401,181.833493415959,140.0654881194609,174.97519050288338,-6.691654764601207e-05,0.0,0.0,-0.004419527230338005,0.0,0.0,0.0
2025-02-17,160.60089339706312,172.12812455712216,183.3316940670064,175.35912399131047,183.3316940670064,141.70334664271542,176.79762901530503,0.0,0.0,0.0,0.0,0.0,0.0,0.0
2025-02-18,160.35810123656896,172.69290967497025,183.2652911350146,175.60595641170528,183.2652911350146,142.23184716629345,176.72685277536831,-0.0015117734114584724,0.0,-0.00040032346774621086,0.0,-0.0003622010494679362,0.0,-0.0003622010494679362
2025-02-19,162.31766714636646,174.07025976786363,185.4630193747593,178.0278896701344,185.4630193747593,143.61879687726133,178.78851150068976,0.0,0.0,0.0,0.0,0.0,0.0,0.0
2025-02-20,163.18101017952574,175.20856291394756,187.02832560429223,179.2390214736945,187.02832560429223,144.32581282297946,179.8355418640642,0.0,0.0,0.0,0.0,0.0,0.0,0.0
2025-02-21,162.57111243439118,172.97538806570407,186.5772698722041,177.93255777456366,186.5772698722041,143.39252858395548,178.60615600119561,-0.0037375534350693185,-0.006466509495211881,-0.006836167367837986,-0.012745808829790484,-0.002411697429417492,-0.007288946839751453,-0.002411697429417492
2025-02-24,162.98734810774218,173.33323334333818,187.82911663041872,178.7208214498658,187.82911663041872,143.9898442887426,179.60594292465674,-0.0011867929458857507,-0.0023278478580192052,-0.0012767161431359586,-0.010703412775153187,0.0,-0.0028911116539694914,0.0
2025-02-25,163.27290285899065,174.38626408600388,187.85945890681376,179.19459496196345,187.85945890681376,144.19821046985803,179.6426145440274,0.0,-0.0008841270360828712,-0.0010727986138726608,-0.004693257077552526,0.0,-0.00024786182922542643,0.0
2025-02-26,163.88840673798086,175.91981399504954,188.52827885209663,180.7131285715749,188.52827885209663,145.46657869420483,179.8860540748178,0.0,0.0,0.0,0.0,0.0,0.0,0.0
2025-02-27,161.5105877363234,172.70212513922803,186.1853440091153,177.9540839030351,186.1853440091153,144.10980921327072,177.48075818804475,-0.014508768795702731,-0.009327018570954748,-0.01337121934851404,-0.01829065630953919,-0.01242749818354516,-0.01526753861409158,-0.01242749818354516
2025-02-28,160.24909940075136,172.45198799030825,184.5793644703046,177.21682799635064,184.5793644703046,142.3773618477622,175.62173491078684,-0.02220600840331488,-0.02123660894600876,-0.023705668490884513,-0.01971253792275418,-0.020946005585135707,-0.01934724169107327,-0.020946005585135707
2025-03-04,159.1098615416024,171.01279351039014,183.48011659617015,175.8816690924768,183.48011659617015,142.23702420377825,174.31207304969053,-0.029157310706047768,-0.02220135043676008,-0.030986176520437447,-0.02789350655405698,-0.026776684573070586,-0.026735520088041143,-0.026776684573070586
2025-03-05,159.72780528165572,171.91275680816543,184.06283219291117,176.3284323660425,184.06283219291117,141.5274005840236,174.59049782173193,-0.0253867954368302,-0.027079609251428383,-0.029438392433041805,-0.02277774797440879,-0.0236858188404121,-0.024263296420081404,-0.0236858188404121
2025-03-06,160.13806432487422,172.33123584616027,184.4502308273391,176.71601206510618,184.4502308273391,141.07560211474444,174.9202166872457,-0.022883512554384366,-0.03018546678471734,-0.02760546065181191,-0.020398942378317075,-0.02163096194156,-0.022118572889880506,-0.02163096194156
2025-03-07,161.0031514139796,174.00308828531777,186.2268942093355,177.44966968580442,186.2268942093355,141.4067571364112,176.21744718109878,-0.01760499953248129,-0.027908964342442277,-0.020394059520551733,-0.010895450979647503,-0.012207105781550154,-0.018058781404351243,-0.012207105781550154
2025-03-10,160.90368498710671,173.84433559166845,186.0947402829031,177.48631486155384,186.0947402829031,141.18094686747088,176.30740937880816,-0.018211915109077936,-0.029461281520500093,-0.019893952949355476,-0.011797866063225193,-0.012908082458561454,-0.017856000477259326,-0.012908082458561454
2025-03-11,159.8314919461191,172.2682380491953,184.23377299360345,176.22640876274053,184.23377299360345,140.27154630047417,174.44992721780807,-0.024754129182229634,-0.03571289323200133,-0.030219834911430876,-0.020757047560071795,-0.022779107116669195,-0.02482785752368477,-0.022779107116669195
2025-03-12,158.89193141803446,171.5673029769298,183.8645421698673,175.1750133272365,183.8645421698673,138.7195341432475,173.3230229614103,-0.030487057744936097,-0.04638209416570349,-0.03648437977675478,-0.024741448500179897,-0.02473759751388871,-0.030645893234840016,-0.02473759751388871
2025-03-13,160.72262195619066,173.52007540719953,186.02360772980012,176.7787597212549,186.02360772980012,140.3870161159874,175.02755535815967,-0.01931670973439592,-0.034919103919365035,-0.027008756969216674,-0.013641093253529357,-0.013285386879606897,-0.0217713504349063,-0.013285386879606897
2025-03-14,161.95702197864114,174.60717810341615,187.49387786713183,178.34089227780728,187.49387786713183,141.44014353700373,176.00605408555688,-0.01178475523547895,-0.027679451825599943,-0.021569209515525545,-0.007461557978172495,-0.0054867152623628845,-0.013127083308881238,-0.0054867152623628845
2025-03-17,164.33839447601756,175.28803430843328,188.99261583465267,180.4052466432188,188.99261583465267,141.97305573764905,177.32194773649627,0.0,-0.024015983519484196,-0.014254058501139144,-0.003591293511906679,0.0,-0.0017037053743119701,0.0
2025-03-18,166.97589390019493,178.25820757368848,192.1283291941063,182.9521889928927,192.1283291941063,143.3592911689837,179.1949411022335,0.0,-0.014486403297151784,-0.003841948594285327,0.0,0.0,0.0,0.0
2025-03-19,169.81180147156908,180.64303969651624,194.80901440791345,186.1370533268421,194.80901440791345,146.37208520274808,181.9917400663597,0.0,0.0,0.0,0.0,0.0,0.0,0.0
2025-03-20,170.1836345176958,179.8744963185313,194.48499680468373,186.4083849090034,194.48499680468373,147.84595653025252,183.54795115557945,0.0,0.0,0.0,-0.0042544865236773255,-0.0016632577512621927,0.0,-0.0016632577512621927
2025-03-21,172.87723547791109,182.7126513780867,197.60339644878613,189.16411307896652,197.60339644878613,150.01919615872495,186.68150435176312,0.0,0.0,0.0,0.0,0.0,0.0,0.0
2025-03-24,174.43013232722367,184.01312112482603,198.4678516282881,190.84831083012745,198.4678516282881,152.04108682881972,187.96138078257357,0.0,0.0,0.0,0.0,0.0,0.0,0.0
2025-03-25,172.63166405561614,181.93534226384236,196.7030572052942,189.00447892013196,196.7030572052942,150.4995607052553,186.24780454778465,-0.010310536646464752,-0.010138878613121127,-0.009116639958987705,-0.011291471218371485,-0.008892092137416818,-0.009661243015332,-0.008892092137416818
2025-03-26,171.06410118392844,180.9259366393758,195.8335906379822,187.2906195365507,195.8335906379822,149.56409957347543,185.9405124293392,-0.019297303157350676,-0.016291565043421996,-0.010751508340811955,-0.01677698017716911,-0.013272985869971499,-0.01864146073969397,-0.013272985869971499
2025-03-27,170.56155395631652,180.2809702079438,194.7869181823675,187.02413526903385,194.7869181823675,149.761388886524,185.51477107484,-0.022178383512602484,-0.014993959789713851,-0.013016555302728383,-0.020281982578571167,-0.01854674908667142,-0.020037775259627355,-0.01854674908667142
2025-03-28,170.29405530015384,181.6307582214878,195.98676464146197,186.8413231671965,195.98676464146197,151.16524378304285,186.0361250746942,-0.02371194111869801,-0.005760568173015956,-0.01024282594575332,-0.012946701239430314,-0.012501203426502294,-0.02099566742562131,-0.012501203426502294
2025-04-02,170.15792552373784,182.44115589474225,196.6835792961962,186.79664052388617,196.6835792961962,150.478502651944,186.93439955390596,-0.024492366923573483,-0.010277380999222818,-0.005463788488846988,-0.00854268011147652,-0.008990233518694324,-0.02122979390604951,-0.008990233518694324
2025-04-03,165.90290278744422,177.69606994501882,192.4984751796348,182.34306377169253,192.4984751796348,146.92851159108127,182.8290808660561,-0.048886218372997226,-0.0336262739524783,-0.027305076687291985,-0.034329351848350065,-0.030077296648695406,-0.0445654825103764,-0.030077296648695406
2025-04-04,166.00931895821913,177.4090166914635,192.181499282758,182.50174652212004,192.181499282758,146.70817547952083,182.21227372086062,-0.04827613931523855,-0.03507546190657729,-0.03058663986068122,-0.035889312637019,-0.03167441121549419,-0.043734022437519005,-0.03167441121549419
2025-04-07,155.930081242442,166.90634764834718,181.47745574469897,171.39522299970835,181.47745574469897,138.4315032223461,171.21176890144528,-0.10605994983754508,-0.0895125382903662,-0.0891119857248952,-0.09296496560630807,-0.08560779866459456,-0.10192957823836402,-0.08560779866459456
2025-04-08,158.18910617401784,169.90688877438072,184.4535946232166,174.1230370618777,184.4535946232166,140.29384902222858,174.0318121412557,-0.0931090628466551,-0.07726357428513475,-0.07410867372500873,-0.07665883967522236,-0.07061222706899106,-0.08763647786821005,-0.07061222706899106
2025-04-09,153.74871394442516,164.60839593305167,179.97158627102138,169.67556538011686,179.97158627102138,136.45133448548873,169.03450921677333,-0.11856562915403301,-0.10253644372381532,-0.10069553376868468,-0.10545294310078623,-0.09319527170530617,-0.11094017734773809,-0.09319527170530617
2025-04-10,159.34521749411476,171.17183820182143,185.8559943435864,175.68437128648105,185.8559943435864,139.4295017069495,175.045860981842,-0.08648112933154373,-0.08294853309006767,-0.06871368866816185,-0.06978460473095105,-0.06354609666618727,-0.07945545589420333,-0.06354609666618727
2025-04-11,156.9004143285967,168.2054447499122,182.79620116685197,173.35464540156192,182.79620116685197,136.81552089629744,171.6206443846205,-0.10049707447186906,-0.10014112796802388,-0.08693666927705423,-0.08590515870979998,-0.07896316875938003,-0.09166266839079595,-0.07896316875938003
2025-04-14,161.4549940618982,173.0300556515692,188.17481992200163,178.18605659300604,188.17481992200163,141.15183763121374,176.76756871803443,-0.0743858764091554,-0.07162043776933791,-0.059553787155286475,-0.05968631696544302,-0.05186246347627299,-0.06634721670862453,-0.05186246347627299
2025-04-15,166.06409674098475,177.6650967096633,192.99316976674484,183.58562825964967,192.99316976674484,145.21370837980263,181.77559936219498,-0.04796210078281993,-0.04490482534305951,-0.03290985304866456,-0.03449767264616166,-0.027584728794247337,-0.03805473854543173,-0.027584728794247337
2025-04-16,165.6861081325372,178.01346690219373,193.15988181303345,183.2790207965476,193.15988181303345,145.78566928597573,182.62006636399116,-0.05012909225043205,-0.04114294151216402,-0.028417084383738578,-0.032604491386037715,-0.026744733576277047,-0.03966128911833655,-0.026744733576277047
2025-04-17,166.22316003815848,179.09889542968497,194.2608033780732,183.8455505176133,194.2608033780732,146.2228262997931,183.78559394356137,-0.04705019814850142,-0.0382676857314056,-0.02221619580376777,-0.02670584393711506,-0.021197630828867386,-0.0366928074031907,-0.021197630828867386
2025-04-18,168.62835488254,181.6522123336277,196.5255757224253,186.53094472409745,196.5255757224253,146.80357139816616,185.3922954529436,-0.0332613257083344,-0.034448026779434815,-0.013668155229194512,-0.012830111117982823,-0.009786350232180219,-0.022621977041614172,-0.009786350232180219
2025-04-21,169.0792020573831,182.28282759433063,197.37010722110503,187.02327369887567,197.37010722110503,147.01821540766718,185.85777958214476,-0.03067663939967924,-0.03303627674542797,-0.011191667094966551,-0.009403098648175456,-0.0055310943217092845,-0.020042289683435577,-0.0055310943217092845
2025-04-22,169.278536048071,181.98946888498136,197.2828915700937,187.14899901504955,197.2828915700937,146.4777943317356,185.2785961407917,-0.029533866714544943,-0.03659071776662404,-0.014273063065466607,-0.01099732577478485,-0.005970539049385715,-0.019383518769367725,-0.005970539049385715
2025-04-23,169.75388213203476,183.38352296678192,198.6794676313884,187.79053762325276,198.6794676313884,146.63487625680008,185.06693406475102,-0.026808729276295407,-0.03555756331909399,-0.015399156495720434,-0.0034214851321228146,0.0,-0.016022008230381357,0.0
2025-04-24,171.82390573644724,184.887305496913,200.4208353892183,189.58424741144376,200.4208353892183,147.27765981900373,187.18316995165316,-0.014941378281404183,-0.031329866874597156,-0.004140269813300734,0.0,0.0,-0.006623393275976275,0.0
2025-04-25,172.85954177372446,185.2383970536088,201.0951804430471,190.50525754505287,201.0951804430471,147.4505359225615,187.48572032316503,-0.009004124072742536,-0.030192831437903633,-0.0025306286718481674,0.0,0.0,-0.0017975180580975803,0.0
2025-04-28,173.66811782251972,185.78611961314152,201.52527650679707,191.19890854517257,201.52527650679707,148.50264257923902,188.4920472449094,-0.004368594431118367,-0.02327294761819587,0.0,0.0,0.0,0.0,0.0
2025-04-29,172.9154843285461,185.3959833936361,201.18427658442104,190.6079976139725,201.18427658442104,147.894241492921,187.40335970387704,-0.008683407955204392,-0.02727450469074566,-0.005775774399743305,-0.0020999212444815507,-0.0016920950477620211,-0.0030905559853678932,-0.0016920950477620211
2025-04-30,171.93760707622673,184.62831032234888,200.15028608881136,189.5116056311593,200.15028608881136,148.05239441176218,186.75179996365932,-0.014289533681721145,-0.026234306135606178,-0.009232470582639318,-0.006231947215451394,-0.00682291790796441,-0.00882485641184827,-0.00682291790796441
2025-05-05,170.49025561180798,183.22732912881875,198.58736767409317,188.251123573381,198.58736767409317,148.45117102697915,186.04109562055,-0.022587133672665294,-0.023611484742163014,-0.01300294447529049,-0.013772775327085207,-0.014578363983065001,-0.0154173734265598,-0.014578363983065001
2025-05-06,170.95329215688687,183.59853446953787,198.6179119419284,188.1801979696248,198.6179119419284,149.55259873489922,187.37067388479562,-0.01993256625990736,-0.016367208008202683,-0.005949181286448502,-0.011774750170566173,-0.014426798539937002,-0.015788325354559096,-0.014426798539937002
2025-05-07,172.559101670554,184.7763790761382,200.10170383095223,190.16253637122375,200.10170383095223,149.9378270234375,188.10871750069057,-0.01072653349342012,-0.013833496255852396,-0.0020336653446220154,-0.005434962197961246,-0.007063990684051058,-0.005420387500297719,-0.007063990684051058
2025-05-08,170.59852654367987,183.6160446835823,198.4239567882163,188.2174439962693,198.4239567882163,149.8015562612271,186.75615171886207,-0.021966421354057575,-0.014729772157667242,-0.009209383374099933,-0.011680500858072373,-0.015389234404430518,-0.015593522847955232,-0.015389234404430518
2025-05-09,172.84178897584442,185.23259029060085,199.8860788164608,190.21343955904456,199.8860788164608,151.2442759724504,188.75957460420128,-0.009105900054008909,-0.005240760066826056,0.0,-0.0029793900841099674,-0.008133955793287129,-0.005154155918704828,-0.008133955793287129
2025-05-12,173.84583013128304,186.3196250097093,200.21504888321005,190.9123843876061,200.21504888321005,153.5239849822494,190.21705818404612,-0.003349777863176251,0.0,0.0,0.0,-0.0065015547741617,-0.0014985658639300459,-0.0065015547741617
2025-05-13,175.2230744570936,187.93036874467825,201.51688741753472,192.62944778311945,201.51688741753472,153.81066992448552,191.32959595713243,0.0,0.0,0.0,0.0,-4.1627975446933974e-05,0.0,-4.1627975446933974e-05
2025-05-14,175.27751972100555,188.25522983254092,201.81615915554744,193.06373747337312,201.81615915554744,153.32926077591708,190.82235080962917,0.0,-0.003129881358717168,-0.002651158828647193,0.0,0.0,0.0,0.0
2025-05-15,175.70599701206925,188.16525746586137,201.99145829705355,193.65130196542847,201.99145829705355,153.21455291543572,191.0142079042256,0.0,-0.003875654461049205,-0.0016484018132640887,-0.0004779275813988626,0.0,0.0,0.0
2025-05-16,173.23085979699124,185.78067735752887,198.96274791055495,191.0548345449204,198.96274791055495,151.30259575518681,188.79351704337216,-0.014086811248155584,-0.016306243061876446,-0.013255026756699317,-0.013144667891634376,-0.014994249816467575,-0.01340795230476488,-0.014994249816467575
2025-05-19,173.96509041595033,186.7400654674536,199.8273831055732,191.4998977528911,199.8273831055732,152.15060913835228,189.24298947708579,-0.009908065892590634,-0.010792884439995376,-0.010905821807694283,-0.008048458289499294,-0.010713696557890118,-0.011109681116016845,-0.010713696557890118
2025-05-20,173.7313056505345,186.64070923252197,198.791805498732,190.7530995987757,198.791805498732,153.73790449596032,189.35599198887053,-0.01123861106117574,-0.00047308440019755427,-0.010315204808690859,-0.008576232391817817,-0.015840535165680403,-0.014966087690803098,-0.015840535165680403
2025-05-21,174.76820959268173,186.62715461461224,199.0198648935345,192.16021267000372,199.0198648935345,153.46006504286527,188.9401785391201,-0.00533725333986812,-0.002279457477120328,-0.012488488286713784,-0.008648233673916539,-0.014711480517898723,-0.007699867133818428,-0.014711480517898723
2025-05-22,175.298476176633,187.1807676228457,199.4120360508524,193.03215673804772,199.4120360508524,154.3627203923004,190.18019105663234,-0.002319333673103219,0.0,-0.006007460031210332,-0.005707476018865343,-0.012769957046440017,-0.0031972169621213853,-0.012769957046440017
2025-05-23,175.89588406521702,187.3783359908284,199.79274739773328,193.94439942885035,199.79274739773328,154.19917078860215,190.3857028194594,0.0,-0.001059514909316106,-0.0049333357599548044,-0.004658005211820915,-0.010885167708858279,0.0,-0.010885167708858279
2025-05-26,175.1374785845189,186.5318852767629,199.01434005304796,193.2407294098106,199.01434005304796,153.8102136028128,190.26065999688052,-0.004311672696200919,-0.0035792760589048456,-0.005586882441812047,-0.009154298434688846,-0.014738832369967758,-0.0036282048933199418,-0.014738832369967758
2025-05-27,175.3213317376837,186.98095373060832,199.7183222295024,193.2378290670022,199.7183222295024,153.66971420301203,190.18154325980348,-0.003266434178302302,-0.004489466028631317,-0.006000392629199824,-0.006768874910227485,-0.011253624716190846,-0.0036431593999566303,-0.011253624716190846
2025-05-28,174.88157450833623,186.3181059438148,199.3726094655446,192.77544180041056,199.3726094655446,153.21326397697956,189.83633205465017,-0.005766533778042926,-0.007446463837898043,-0.0078046676208777255,-0.010289880873159518,-0.012965146415536144,-0.006027282210170903,-0.012965146415536144
2025-05-29,174.32079059081798,185.7877348064912,198.4615762256963,192.07799977326863,198.4615762256963,152.5690007747252,189.16134655730994,-0.008954692048479318,-0.011620160703417204,-0.011332535298450575,-0.01310717916439641,-0.017475402678494123,-0.00962337484907072,-0.017475402678494123
2025-05-30,175.4443901654151,187.0190868764735,199.83179455333143,193.1059867931308,199.83179455333143,153.03896527358015,190.22011665128454,-0.002566824699744119,-0.008575614081923533,-0.005798785599779643,-0.006566314025735265,-0.01069185678409268,-0.004322953579420696,-0.01069185678409268
2025-06-03,175.38916879675267,186.74692763453436,199.49348793684757,192.80245363776177,199.49348793684757,156.0150347775006,190.02476047320536,-0.002880768195101524,0.0,-0.006819830865160137,-0.008012006887395562,-0.01236671283660129,-0.00588800601848527,-0.01236671283660129
2025-06-04,178.0889889303761,189.0828782194997,202.1593587551717,195.5446852843574,202.1593587551717,158.76322183533253,192.0614691245661,0.0,0.0,0.0,0.0,0.0,0.0,0.0
2025-06-05,180.31031228504332,191.51450361640255,204.66399468879985,198.5399247560236,204.66399468879985,159.11974016907735,194.06351688597664,0.0,0.0,0.0,0.0,0.0,0.0,0.0
2025-06-06,179.14636246429168,190.59357943880644,204.0347734785911,197.39766261331133,204.0347734785911,158.03092600948395,194.36728760906647,-0.006455259302704852,-0.0068427346502479836,0.0,-0.004808639346922217,-0.0030744108711721063,-0.005753312056081095,-0.0030744108711721063
2025-06-10,180.69980585363075,191.44619812571588,205.43473629721967,199.0020856006964,205.43473629721967,158.7192983202935,195.8679922432943,0.0,-0.002516606980116687,0.0,-0.000356659623145239,0.0,0.0,0.0
2025-06-11,180.6052538970302,190.92256843619867,204.53474657525865,198.49262584038087,204.53474657525865,158.8263653467959,195.18398351078068,-0.0005232543341919804,-0.0018437361823850917,-0.003492192494953472,-0.0030908112389728126,-0.004380903337880215,-0.0025600724674704756,-0.004380903337880215
2025-06-12,179.7542701188521,190.8142527888132,203.63351210345405,197.7525559452729,203.63351210345405,157.78727492529433,193.8606782185216,-0.005232632820560634,-0.008373978252900427,-0.01024830040775293,-0.0036563853617683773,-0.008767865776893924,-0.006278977688358167,-0.008767865776893924
2025-06-13,177.8184723231042,188.1084897943541,200.6605443873022,194.9421272635522,200.6605443873022,156.79690876120583,190.7541763126648,-0.01594541575136199,-0.014598009055339922,-0.026108481901818137,-0.017784626008642057,-0.02323945792210258,-0.020401586872263344,-0.02323945792210258
2025-06-16,176.97904838244648,187.4255939671103,200.19126493628903,194.2736892472492,200.19126493628903,154.7629315262087,189.46997889810652,-0.020590821631530365,-0.027380692290216224,-0.03266492535054222,-0.02135039160001273,-0.025523781690670266,-0.02376053667565514,-0.025523781690670266
2025-06-17,177.14451740941018,187.3115171278799,200.4051680584264,194.4607017759005,200.4051680584264,153.9116387566937,189.55762824408046,-0.01967510937505046,-0.03273070586245075,-0.032217433420032915,-0.021946047997185025,-0.02448255990903392,-0.022820785074123884,-0.02448255990903392
2025-06-18,174.50664254888756,184.74002033211903,197.1010839647555,191.74908761115296,197.1010839647555,152.09535675671071,186.77626229872948,-0.03427321504573022,-0.04414526698511867,-0.04641763996473547,-0.035373212766447115,-0.04056593584254986,-0.036446844100402,-0.04056593584254986
2025-06-19,171.51193521623725,182.11865176053396,194.88447228284537,188.95064920728132,194.88447228284537,150.06195247784368,183.89866669047967,-0.05084604598211795,-0.05692434943401148,-0.06110914507127396,-0.04906078484106968,-0.05135579408104751,-0.05050920126326508,-0.05135579408104751
2025-06-20,175.07786677813954,184.50098045750377,197.4189949784841,192.0745922829929,197.4189949784841,152.87906113518522,186.83735011758668,-0.031112037165358375,-0.039220017750537406,-0.04610575736381861,-0.036621368233011986,-0.039018432146443405,-0.034811159374498746,-0.039018432146443405
2025-06-23,173.3109489193254,182.73504783198828,195.55895211353703,190.52863662606617,195.55895211353703,151.15019453265336,185.50448936584016,-0.04089023172659312,-0.05008521021939649,-0.05291065047821231,-0.045842250161895026,-0.04807261109627792,-0.04257969934864125,-0.04807261109627792
2025-06-24,176.7388599580495,186.1180776836058,199.49765841282968,194.263353606485,199.49765841282968,155.15099054154143,189.552836128061,-0.021920034041373992,-0.024941906160221294,-0.03224189946966449,-0.028177635797263734,-0.0289000681744509,-0.023812474024618058,-0.0289000681744509
2025-06-25,179.06360759993385,187.7328463242916,201.54875785767496,196.69368290027015,201.54875785767496,156.69592034803037,192.07973644458235,-0.009054787004155629,-0.015232678349471174,-0.019340861951586463,-0.019746062155613586,-0.01891587814984974,-0.011599891998409162,-0.01891587814984974
2025-06-26,183.5471759014925,192.56956472104883,206.931724824242,202.00171737795105,206.931724824242,157.28602600011914,195.85715583245639,0.0,-0.011524114902461191,-5.532507232963724e-05,0.0,0.0,0.0,0.0
2025-06-30,185.2844254341961,194.6285475211224,208.91391607756356,204.58882098292807,208.91391607756356,155.7674555810013,196.4016465988725,0.0,-0.021067685156561877,0.0,0.0,0.0,0.0,0.0
2025-07-02,188.98157243896603,199.13711799599469,213.74038040079935,208.50308776371529,213.74038040079935,157.64761239900898,200.0525584933123,0.0,-0.009251697925751534,0.0,0.0,0.0,0.0,0.0
2025-07-03,185.58980310491572,194.807560819578,209.5444658621437,204.6730423469201,209.5444658621437,158.2690969768689,197.5128502562719,-0.01794761939101619,-0.005345931254692737,-0.012695204980971542,-0.021741588007233248,-0.019630893005746497,-0.018369250344798416,-0.019630893005746497
2025-07-04,183.6029092972848,191.58207990146883,206.41625706264077,202.2442434965443,206.41625706264077,158.76428261295237,195.338140527376,-0.028461310128098938,-0.0022338998024209467,-0.023565896889511162,-0.03793887433219667,-0.034266446632239655,-0.030017993183217406,-0.034266446632239655
2025-07-07,180.8348428590633,188.6545338159547,203.28762640128605,200.05275586246745,203.28762640128605,160.12548335192102,194.1779368318075,-0.04310859241333609,0.0,-0.029365391303911692,-0.052640031579902824,-0.04890397397025603,-0.04052856958561746,-0.04890397397025603
2025-07-08,180.46478424051983,189.60708104284373,204.1272353235329,199.7762208464133,204.1272353235329,160.42324175683837,195.02393618953036,-0.04506676544453447,0.0,-0.025136505834540634,-0.04785665801060068,-0.04497580222904163,-0.04185485697550739,-0.04497580222904163
2025-07-09,178.50529681561446,188.2516951376337,202.7059377727413,198.3499525170538,202.7059377727413,160.2845744544997,194.8116193281103,-0.055435434725970456,-0.0008643841180372425,-0.026197811238576008,-0.05466295268258292,-0.051625446756324744,-0.04869537116000633,-0.051625446756324744
2025-07-10,180.38414968087503,190.28926283368008,204.67574807671704,199.96394815036209,204.67574807671704,160.40452150075336,196.1944276356318,-0.045493444927640514,-0.00011669291731042364,-0.019285586181640668,-0.044430969230420225,-0.04240954520191553,-0.040954499546932976,-0.04240954520191553
2025-07-11,181.82210295310296,191.405774463342,205.27713387364423,200.6659107150101,205.27713387364423,161.74482253684195,197.20044602331836,-0.037884484679982844,0.0,-0.01425681576618909,-0.03882422127254137,-0.03959591777316529,-0.037587822476694455,-0.03959591777316529
2025-07-14,179.72248797993183,190.01684766293403,203.9331531666256,198.8633672635088,203.9331531666256,161.07677186470394,196.5279158507249,-0.04899464185601765,-0.0041302754651441065,-0.017618583182005265,-0.04579894710158505,-0.04588382979287087,-0.04623298678017973,-0.04588382979287087
2025-07-15,178.4764629750468,187.6017094042368,201.09124021485985,197.03359053017024,201.09124021485985,160.25981985510074,194.6957371829538,-0.05558800960507404,-0.009181145080566333,-0.026777069739588377,-0.05792696363110916,-0.0591799273596324,-0.055008764409967714,-0.0591799273596324
2025-07-16,178.05766658006507,187.10259605274797,200.5673532214228,196.55504167532183,200.5673532214228,160.20675883910397,194.56305074164425,-0.05780407961431777,-0.009509198956817566,-0.027440327646954588,-0.06043334394087585,-0.06163097096896197,-0.0573039287645154,-0.06163097096896197
2025-07-17,177.37240037578908,186.4572702834752,200.0012316839274,196.0367111548794,200.0012316839274,161.09622172465748,194.08719407704243,-0.06143018027287428,-0.004010025186659272,-0.029818985876500448,-0.06367395410821663,-0.06427961198117427,-0.05978988964884446,-0.06427961198117427
2025-07-18,180.4034887948016,188.88614271643223,202.50314212834985,199.45153830854665,202.50314212834985,163.19310409412475,196.7049943231386,-0.045391111595998734,0.0,-0.01673342343325035,-0.05147696914931066,-0.05257424100854402,-0.043412064311614595,-0.05257424100854402
2025-07-21,180.00301901051367,187.92428934771,201.8437144589465,198.9256074721792,201.8437144589465,163.254535547969,197.18514585617737,-0.047510205955938356,0.0,-0.014333296503332482,-0.05630707505021859,-0.055659421582129665,-0.045934477010669994,-0.055659421582129665
2025-07-22,181.64232989935348,188.7881124484415,202.77673547387093,200.7621555776096,202.77673547387093,163.3951345552991,197.7111310535802,-0.03883575760796909,0.0,-0.011704061459480664,-0.0519692443663935,-0.05129421453433247,-0.03712622325707737,-0.05129421453433247
2025-07-23,180.4872767713648,186.7741846512071,200.47342964150332,199.37109782448604,200.47342964150332,162.48174543039806,197.38309988124226,-0.044947745740366085,-0.0055900631765257724,-0.013343786413805181,-0.062082516153699974,-0.06207039930600977,-0.043797864277089316,-0.06207039930600977
2025-07-24,181.2850190373321,187.80729762084263,201.7274188117427,200.7548404855636,201.7274188117427,164.0231830139364,197.55223478763247,-0.040726475615074254,0.0,-0.012498334060363492,-0.056894568371627874,-0.056203519271979974,-0.0371613071118273,-0.056203519271979974
2025-07-25,182.87865964565896,188.8448474270269,202.5766247772932,202.84519418581436,202.5766247772932,165.2020262044422,199.51215741068089,-0.0322936925253815,0.0,-0.0027012955330409927,-0.051684340280423235,-0.05223044706186175,-0.027135778364647978,-0.05223044706186175
2025-07-28,181.915374431799,187.8660266125527,201.24053686095849,202.4077969190969,201.24053686095849,164.42435276389597,199.0621808478112,-0.037390936671611974,-0.004707408610012065,-0.004950587250471039,-0.05659965101869502,-0.0584814320831728,-0.02923357591483644,-0.0584814320831728
2025-07-29,181.4340409281218,188.4139438224448,202.1945418054156,202.07345237994176,202.1945418054156,165.55423246864905,199.2522994190783,-0.03993792311830724,0.0,-0.0040002441371462805,-0.053848194055743925,-0.05401805018655503,-0.030837123098435226,-0.05401805018655503
2025-07-31,181.31910903290617,188.61297089004688,202.27740786860795,202.14947350884432,202.27740786860795,167.1607622955703,200.47884262632758,-0.040546087680239595,0.0,0.0,-0.05284874669201289,-0.053630355250123496,-0.030472518767065693,-0.053630355250123496
