cell,configuration,mois,date_rebalance,portfolio,ticker,weight,recommendation,predicted_return,conviction_score,score_opt,liquidity_vmq_20j,L_sigmoid,month,mois_obj,liquidity_L_weighted,cvar_95,expected_alpha_opt
4,C4 Hybrid + régime,2018-07,2018-07-31,P_selected,JET,0.11793930363781388,BUY,4.124110251481176,4.124110251481176,4.124110251481176,1056941.62,0.9999975294466167,2018-07,2018-07,0.4307,0.009967,0.71142
4,C4 Hybrid + régime,2018-07,2018-07-31,P_selected,COL,0.1162211769771364,BUY,0.31193208132157263,0.31193208132157263,0.31193208132157263,426211.73250000004,0.9437145525420022,2018-07,2018-07,0.4307,0.009967,0.71142
4,C4 Hybrid + régime,2018-07,2018-07-31,P_selected,SOT,0.11244035426770527,BUY,0.13676234315091473,0.13676234315091473,0.13676234315091473,812.25,0.01821719820937452,2018-07,2018-07,0.4307,0.009967,0.71142
4,C4 Hybrid + régime,2018-07,2018-07-31,P_selected,LBV,0.06797259423965374,BUY,0.41628093599868116,0.41628093599868116,0.41628093599868116,686098.6,0.9990683093555535,2018-07,2018-07,0.4307,0.009967,0.71142
4,C4 Hybrid + régime,2018-07,2018-07-31,P_selected,EQD,0.06585668322367802,BUY,0.2501482047994628,0.2501482047994628,0.2501482047994628,2113.9,0.01859344689077907,2018-07,2018-07,0.4307,0.009967,0.71142
4,C4 Hybrid + régime,2018-07,2018-07-31,P_selected,GAZ,0.054176317416165645,NEUTRAL,0.02548423040275176,0.02548423040275176,0.01274211520137588,268044.0,0.5716788211108534,2018-07,2018-07,0.4307,0.009967,0.71142
4,C4 Hybrid + régime,2018-07,2018-07-31,P_selected,HPS,0.051126652304460306,BUY,0.1986563840627446,0.1986563840627446,0.1986563840627446,71143.80999999981,0.05407972003485135,2018-07,2018-07,0.4307,0.009967,0.71142
4,C4 Hybrid + régime,2018-07,2018-07-31,P_selected,ATL,0.04561456544646675,BUY,0.1430980705829882,0.1430980705829882,0.1430980705829882,357179.41000000003,0.8474669516073305,2018-07,2018-07,0.4307,0.009967,0.71142
4,C4 Hybrid + régime,2018-07,2018-07-31,P_selected,CIH,0.04005262199854545,BUY,0.14831335186680544,0.14831335186680544,0.14831335186680544,223895.5125,0.3970740019534859,2018-07,2018-07,0.4307,0.009967,0.71142
4,C4 Hybrid + régime,2018-07,2018-07-31,P_selected,MOX,0.037611235078417744,BUY,0.2646122305317541,0.2646122305317541,0.2646122305317541,7329.164999999999,0.02017888299544964,2018-07,2018-07,0.4307,0.009967,0.71142
4,C4 Hybrid + régime,2018-07,2018-07-31,P_selected,S2M,0.03667987051506594,BUY,0.3392037959232368,0.3392037959232368,0.3392037959232368,9510.8,0.020880720583514163,2018-07,2018-07,0.4307,0.009967,0.71142
4,C4 Hybrid + régime,2018-07,2018-07-31,P_selected,TQM,0.033217690985101,BUY,0.21668466619419025,0.21668466619419025,0.21668466619419025,1811913.0,0.999999999985981,2018-07,2018-07,0.4307,0.009967,0.71142
4,C4 Hybrid + régime,2018-07,2018-07-31,P_selected,MIC,0.030483236718796235,BUY,0.3144763595501789,0.3144763595501789,0.3144763595501789,61544.357500000006,0.04673986989845904,2018-07,2018-07,0.4307,0.009967,0.71142
4,C4 Hybrid + régime,2018-07,2018-07-31,P_selected,RIS,0.028564027238575783,BUY,0.3047057926672231,0.3047057926672231,0.3047057926672231,76117.2725000001,0.05829785994543916,2018-07,2018-07,0.4307,0.009967,0.71142
4,C4 Hybrid + régime,2018-07,2018-07-31,P_selected,ALM,0.02507689647953928,BUY,0.23957422219501961,0.23957422219501961,0.23957422219501961,1514.7,0.018419307295170488,2018-07,2018-07,0.4307,0.009967,0.71142
4,C4 Hybrid + régime,2018-07,2018-07-31,P_selected,CTM,0.02464481112632693,BUY,0.3993473060796383,0.3993473060796383,0.3993473060796383,39529.35,0.03332577579355919,2018-07,2018-07,0.4307,0.009967,0.71142
4,C4 Hybrid + régime,2018-07,2018-07-31,P_selected,DRI,0.020618788219805926,BUY,0.9123789557121597,0.9123789557121597,0.9123789557121597,24018.2,0.026193309466106974,2018-07,2018-07,0.4307,0.009967,0.71142
4,C4 Hybrid + régime,2018-07,2018-07-31,P_selected,DHO,0.020587307115405133,NEUTRAL,0.0651273494363445,0.0651273494363445,0.03256367471817225,64475.19700000009,0.04887419245635132,2018-07,2018-07,0.4307,0.009967,0.71142
4,C4 Hybrid + régime,2018-07,2018-07-31,P_selected,MDP,0.018275302494450425,BUY,0.33023796651738924,0.33023796651738924,0.33023796651738924,5449.359500000092,0.01959271539945556,2018-07,2018-07,0.4307,0.009967,0.71142
4,C4 Hybrid + régime,2018-07,2018-07-31,P_selected,RDS,0.018135054787625622,BUY,0.1012364510908154,0.1012364510908154,0.1012364510908154,52290.69,0.04056850226326277,2018-07,2018-07,0.4307,0.009967,0.71142
4,C4 Hybrid + régime,2018-07,2018-07-31,P_selected,SRM,0.016648433624583587,BUY,0.25599573718820756,0.25599573718820756,0.25599573718820756,4011.3,0.019155591211587174,2018-07,2018-07,0.4307,0.009967,0.71142
4,C4 Hybrid + régime,2018-07,2018-07-31,P_selected,SID,0.010798997397231074,BUY,0.6683043662227126,0.6683043662227126,0.6683043662227126,128754.25999999998,0.1256553447962296,2018-07,2018-07,0.4307,0.009967,0.71142
4,C4 Hybrid + régime,2018-07,2018-07-31,P_selected,M2M,0.005827802611735654,BUY,0.37213912333978405,0.37213912333978405,0.37213912333978405,12650.622500000001,0.021932909534472442,2018-07,2018-07,0.4307,0.009967,0.71142
4,C4 Hybrid + régime,2018-07,2018-07-31,P_selected,DWY,0.0009277324565645685,BUY,0.35701419815564456,0.35701419815564456,0.35701419815564456,44662.99249999963,0.03607573950582562,2018-07,2018-07,0.4307,0.009967,0.71142
4,C4 Hybrid + régime,2018-07,2018-07-31,P_selected,INV,0.00045681574864592895,BUY,0.5268315710255578,0.5268315710255578,0.5268315710255578,2221.172500000003,0.0186247924578231,2018-07,2018-07,0.4307,0.009967,0.71142
4,C4 Hybrid + régime,2018-08,2018-08-31,P_selected,IMO,0.35800346025490365,BUY,1.0756957760459493,1.0756957760459493,1.0756957760459493,98628.93900000001,0.08151511568636022,2018-08,2018-08,0.4616,0.007998,0.765367
4,C4 Hybrid + régime,2018-08,2018-08-31,P_selected,JET,0.12231954084004319,BUY,0.978814871962117,0.978814871962117,0.978814871962117,658458.98,0.9985508728338357,2018-08,2018-08,0.4616,0.007998,0.765367
4,C4 Hybrid + régime,2018-08,2018-08-31,P_selected,SLF,0.0904848538115596,BUY,0.1817845832245187,0.1817845832245187,0.1817845832245187,1567046.25,0.9999999992949413,2018-08,2018-08,0.4616,0.007998,0.765367
4,C4 Hybrid + régime,2018-08,2018-08-31,P_selected,CIH,0.08944884495293123,BUY,0.16788462227943726,0.16788462227943726,0.16788462227943726,584119.3425,0.9952550090970593,2018-08,2018-08,0.4616,0.007998,0.765367
4,C4 Hybrid + régime,2018-08,2018-08-31,P_selected,EQD,0.05853084667602441,BUY,2.2091217142612325,2.2091217142612325,2.2091217142612325,87301.8,0.0689346059572337,2018-08,2018-08,0.4616,0.007998,0.765367
4,C4 Hybrid + régime,2018-08,2018-08-31,P_selected,AFM,0.04414619223432927,BUY,0.5588410317214134,0.5588410317214134,0.5588410317214134,357814.75,0.8487763683305605,2018-08,2018-08,0.4616,0.007998,0.765367
4,C4 Hybrid + régime,2018-08,2018-08-31,P_selected,LBV,0.03348629254762591,BUY,0.36805100533954443,0.36805100533954443,0.36805100533954443,561520.5,0.9932021511299907,2018-08,2018-08,0.4616,0.007998,0.765367
4,C4 Hybrid + régime,2018-08,2018-08-31,P_selected,TQM,0.02542768654465436,BUY,0.12575257394823866,0.12575257394823866,0.12575257394823866,2464759.95,0.9999999999999996,2018-08,2018-08,0.4616,0.007998,0.765367
4,C4 Hybrid + régime,2018-08,2018-08-31,P_selected,MIC,0.023907625678705424,BUY,0.8256099213829132,0.8256099213829132,0.8256099213829132,32551.495000000003,0.029910577355310893,2018-08,2018-08,0.4616,0.007998,0.765367
4,C4 Hybrid + régime,2018-08,2018-08-31,P_selected,S2M,0.02148593924726549,BUY,0.18787906647331865,0.18787906647331865,0.18787906647331865,12896.03,0.02201729898245884,2018-08,2018-08,0.4616,0.007998,0.765367
4,C4 Hybrid + régime,2018-08,2018-08-31,P_selected,SBM,0.018490569604076877,NEUTRAL,0.0545050779215501,0.0545050779215501,0.02725253896077505,675885.0,0.9989030893086733,2018-08,2018-08,0.4616,0.007998,0.765367
4,C4 Hybrid + régime,2018-08,2018-08-31,P_selected,RIS,0.01366309464363029,NEUTRAL,0.03495078720979126,0.03495078720979126,0.01747539360489563,131311.4225000001,0.1302197438337115,2018-08,2018-08,0.4616,0.007998,0.765367
4,C4 Hybrid + régime,2018-08,2018-08-31,P_selected,MOX,0.011205863978421037,BUY,0.5227137843370123,0.5227137843370123,0.5227137843370123,2454.4900000000002,0.018693148113017786,2018-08,2018-08,0.4616,0.007998,0.765367
4,C4 Hybrid + régime,2018-08,2018-08-31,P_selected,COL,0.01105697864422525,BUY,0.24851223705248726,0.24851223705248726,0.24851223705248726,147467.778,0.16239492354138899,2018-08,2018-08,0.4616,0.007998,0.765367
4,C4 Hybrid + régime,2018-08,2018-08-31,P_selected,M2M,0.010750775357366876,BUY,0.36674690991071573,0.36674690991071573,0.36674690991071573,10920.375,0.021346831236762013,2018-08,2018-08,0.4616,0.007998,0.765367
4,C4 Hybrid + régime,2018-08,2018-08-31,P_selected,FBR,0.009953774846560544,BUY,0.10016345821712158,0.10016345821712158,0.10016345821712158,7997.260000000024,0.020391320513186886,2018-08,2018-08,0.4616,0.007998,0.765367
4,C4 Hybrid + régime,2018-08,2018-08-31,P_selected,ATL,0.007191826964648294,BUY,0.2647436959838031,0.2647436959838031,0.2647436959838031,233291.66400000002,0.4335618640966327,2018-08,2018-08,0.4616,0.007998,0.765367
4,C4 Hybrid + régime,2018-08,2018-08-31,P_selected,MDP,0.006515654682971599,BUY,0.16767625159965122,0.16767625159965122,0.16767625159965122,7620.750000000093,0.020271331856218117,2018-08,2018-08,0.4616,0.007998,0.765367
4,C4 Hybrid + régime,2018-08,2018-08-31,P_selected,DWY,0.0064772654464645436,BUY,0.3160615966406719,0.3160615966406719,0.3160615966406719,18817.647499999628,0.024152518614815176,2018-08,2018-08,0.4616,0.007998,0.765367
4,C4 Hybrid + régime,2018-08,2018-08-31,P_selected,ALM,0.006343012243671311,BUY,0.13199144071011903,0.13199144071011903,0.13199144071011903,20123.95,0.02465006444452681,2018-08,2018-08,0.4616,0.007998,0.765367
4,C4 Hybrid + régime,2018-08,2018-08-31,P_selected,DRI,0.006055799597954246,BUY,0.570433988773052,0.570433988773052,0.570433988773052,5925.3,0.01973952802372057,2018-08,2018-08,0.4616,0.007998,0.765367
4,C4 Hybrid + régime,2018-08,2018-08-31,P_selected,SRM,0.004513836155073574,BUY,0.4031663354619842,0.4031663354619842,0.4031663354619842,12.752500000000001,0.017989814215133442,2018-08,2018-08,0.4616,0.007998,0.765367
4,C4 Hybrid + régime,2018-08,2018-08-31,P_selected,GAZ,0.004404435617863787,BUY,1.36523757295997,1.36523757295997,1.36523757295997,9544.0,0.020891583581168063,2018-08,2018-08,0.4616,0.007998,0.765367
4,C4 Hybrid + régime,2018-08,2018-08-31,P_selected,IBC,0.0037361991888176984,BUY,0.16955402340900086,0.16955402340900086,0.16955402340900086,239.09,0.01805390232134267,2018-08,2018-08,0.4616,0.007998,0.765367
4,C4 Hybrid + régime,2018-08,2018-08-31,P_selected,INV,0.003526868999963233,BUY,0.371933680222537,0.371933680222537,0.371933680222537,380.27500000000293,0.018093992700678296,2018-08,2018-08,0.4616,0.007998,0.765367
4,C4 Hybrid + régime,2018-08,2018-08-31,P_selected,HPS,0.0034854212521433807,BUY,0.37257702699042605,0.37257702699042605,0.37257702699042605,76757.39999999982,0.0588626902630874,2018-08,2018-08,0.4616,0.007998,0.765367
4,C4 Hybrid + régime,2018-08,2018-08-31,P_selected,CTM,0.0027760581756924017,BUY,0.3119675815481547,0.3119675815481547,0.3119675815481547,67753.68000000001,0.05137113905407706,2018-08,2018-08,0.4616,0.007998,0.765367
4,C4 Hybrid + régime,2018-08,2018-08-31,P_selected,BCI,0.002221157169667532,NEUTRAL,0.08639813374157186,0.08639813374157186,0.04319906687078593,569604.6449999999,0.9940220062076021,2018-08,2018-08,0.4616,0.007998,0.765367
4,C4 Hybrid + régime,2018-08,2018-08-31,P_selected,SID,0.00022293121948247475,BUY,0.611040435483751,0.611040435483751,0.611040435483751,30495.869999999995,0.028970857212644578,2018-08,2018-08,0.4616,0.007998,0.765367
4,C4 Hybrid + régime,2018-08,2018-08-31,P_selected,RDS,0.00016719342326247202,NEUTRAL,0.03001377882738429,0.03001377882738429,0.015006889413692145,300092.811,0.6902920422483682,2018-08,2018-08,0.4616,0.007998,0.765367
4,C4 Hybrid + régime,2018-09,2018-09-28,P_selected,IMO,0.4,BUY,0.10221555315854777,0.10221555315854777,0.10221555315854777,827656.165,0.9999031740451148,2018-09,2018-09,0.7774,0.007203,0.779536
4,C4 Hybrid + régime,2018-09,2018-09-28,P_selected,IAM,0.1482453160606717,BUY,1.4175335999243228,1.4175335999243228,1.4175335999243228,17103122.43,1.0,2018-09,2018-09,0.7774,0.007203,0.779536
4,C4 Hybrid + régime,2018-09,2018-09-28,P_selected,ALM,0.118372362495757,BUY,3.35011682797371,3.35011682797371,3.35011682797371,86384.0,0.06799804231039802,2018-09,2018-09,0.7774,0.007203,0.779536
4,C4 Hybrid + régime,2018-09,2018-09-28,P_selected,SLF,0.04855480923348116,BUY,0.12819839381324535,0.12819839381324535,0.12819839381324535,1604611.0,0.9999999996134563,2018-09,2018-09,0.7774,0.007203,0.779536
4,C4 Hybrid + régime,2018-09,2018-09-28,P_selected,CIH,0.04655570419173915,BUY,0.48855755339622603,0.48855755339622603,0.48855755339622603,718092.045,0.9994413746373076,2018-09,2018-09,0.7774,0.007203,0.779536
4,C4 Hybrid + régime,2018-09,2018-09-28,P_selected,GAZ,0.04531457309065135,BUY,0.23017358221351333,0.23017358221351333,0.23017358221351333,453132.8,0.9626775969090717,2018-09,2018-09,0.7774,0.007203,0.779536
4,C4 Hybrid + régime,2018-09,2018-09-28,P_selected,JET,0.03942562875121593,BUY,0.15046793768737673,0.15046793768737673,0.15046793768737673,723234.0999999999,0.9994854718344137,2018-09,2018-09,0.7774,0.007203,0.779536
4,C4 Hybrid + régime,2018-09,2018-09-28,P_selected,PRO,0.03303361307621377,BUY,1.3515996467589355,1.3515996467589355,1.3515996467589355,46190.4,0.03693527375188789,2018-09,2018-09,0.7774,0.007203,0.779536
4,C4 Hybrid + régime,2018-09,2018-09-28,P_selected,RIS,0.02305304705094827,BUY,0.3536725695990459,0.3536725695990459,0.3536725695990459,676804.0250000001,0.9989190834076922,2018-09,2018-09,0.7774,0.007203,0.779536
4,C4 Hybrid + régime,2018-09,2018-09-28,P_selected,M2M,0.017618143552320352,BUY,0.5585373883249557,0.5585373883249557,0.5585373883249557,7417.315,0.020206787874745755,2018-09,2018-09,0.7774,0.007203,0.779536
4,C4 Hybrid + régime,2018-09,2018-09-28,P_selected,SOT,0.016157875331688987,NEUTRAL,0.09919790057374947,0.09919790057374947,0.049598950286874735,63200.225,0.04793458850179124,2018-09,2018-09,0.7774,0.007203,0.779536
4,C4 Hybrid + régime,2018-09,2018-09-28,P_selected,LBV,0.015135650139067158,BUY,0.23969958069017064,0.23969958069017064,0.23969958069017064,1413577.85,0.9999999917845196,2018-09,2018-09,0.7774,0.007203,0.779536
4,C4 Hybrid + régime,2018-09,2018-09-28,P_selected,AFM,0.010633431036883021,BUY,0.26064994816287995,0.26064994816287995,0.26064994816287995,94038.0,0.07618184996963492,2018-09,2018-09,0.7774,0.007203,0.779536
4,C4 Hybrid + régime,2018-09,2018-09-28,P_selected,DWY,0.010255577890947368,BUY,0.5741241277702336,0.5741241277702336,0.5741241277702336,79134.64499999963,0.0610054952942994,2018-09,2018-09,0.7774,0.007203,0.779536
4,C4 Hybrid + régime,2018-09,2018-09-28,P_selected,MDP,0.00612875959049525,BUY,0.3136621778923236,0.3136621778923236,0.3136621778923236,18169.685000000092,0.023909369262376398,2018-09,2018-09,0.7774,0.007203,0.779536
4,C4 Hybrid + régime,2018-09,2018-09-28,P_selected,REB,0.0058931881393039735,BUY,0.24284697930526022,0.24284697930526022,0.24284697930526022,202.5,0.018043526592878906,2018-09,2018-09,0.7774,0.007203,0.779536
4,C4 Hybrid + régime,2018-09,2018-09-28,P_selected,MOX,0.0047138152275316295,BUY,0.49970049657909105,0.49970049657909105,0.49970049657909105,63.08999999999999,0.018004048082123837,2018-09,2018-09,0.7774,0.007203,0.779536
4,C4 Hybrid + régime,2018-09,2018-09-28,P_selected,UMR,0.0034111082337698667,BUY,0.8809267882048994,0.8809267882048994,0.8809267882048994,0.0,0.01798620996209156,2018-09,2018-09,0.7774,0.007203,0.779536
4,C4 Hybrid + régime,2018-09,2018-09-28,P_selected,CTM,0.0020423608655313376,BUY,0.4856397886834123,0.4856397886834123,0.4856397886834123,59383.96,0.045223663147116795,2018-09,2018-09,0.7774,0.007203,0.779536
4,C4 Hybrid + régime,2018-09,2018-09-28,P_selected,EQD,0.00158931859682243,BUY,0.19955018086373855,0.19955018086373855,0.19955018086373855,164218.0,0.20221429820540454,2018-09,2018-09,0.7774,0.007203,0.779536
4,C4 Hybrid + régime,2018-09,2018-09-28,P_selected,SRM,0.0015658585336979396,NEUTRAL,0.031099902322892566,0.031099902322892566,0.015549951161446283,312.46500000000003,0.01807472672528341,2018-09,2018-09,0.7774,0.007203,0.779536
4,C4 Hybrid + régime,2018-09,2018-09-28,P_selected,S2M,0.0014106937557963823,BUY,0.353072557178695,0.353072557178695,0.353072557178695,36858.9125,0.03197642898624,2018-09,2018-09,0.7774,0.007203,0.779536
4,C4 Hybrid + régime,2018-09,2018-09-28,P_selected,MIC,0.0007842563619704056,BUY,0.39272826792096505,0.39272826792096505,0.39272826792096505,147232.875,0.16188433734348515,2018-09,2018-09,0.7774,0.007203,0.779536
4,C4 Hybrid + régime,2018-09,2018-09-28,P_selected,SID,0.0001049081114473135,BUY,0.2829637144526518,0.2829637144526518,0.2829637144526518,1183699.625,0.9999996749199331,2018-09,2018-09,0.7774,0.007203,0.779536
4,C4 Hybrid + régime,2018-10,2018-10-31,P_selected,IMO,0.4,BUY,2.7887991479859537,2.7887991479859537,2.7887991479859537,107167.3135,0.0923458216757201,2018-10,2018-10,0.1918,0.010253,1.596204
4,C4 Hybrid + régime,2018-10,2018-10-31,P_selected,OUL,0.13099026680269607,BUY,2.0070896743404285,2.0070896743404285,2.0070896743404285,783.25,0.018208901270280017,2018-10,2018-10,0.1918,0.010253,1.596204
4,C4 Hybrid + régime,2018-10,2018-10-31,P_selected,JET,0.10565251132568361,BUY,0.1085824811131137,0.1085824811131137,0.1085824811131137,326252.49250000005,0.7720705674898696,2018-10,2018-10,0.1918,0.010253,1.596204
4,C4 Hybrid + régime,2018-10,2018-10-31,P_selected,GAZ,0.06234908914202736,NEUTRAL,0.09290185288625552,0.09290185288625552,0.04645092644312776,46853.55,0.037314556893824194,2018-10,2018-10,0.1918,0.010253,1.596204
4,C4 Hybrid + régime,2018-10,2018-10-31,P_selected,RIS,0.05758309790285399,BUY,2.187533919438206,2.187533919438206,2.187533919438206,130155.77750000008,0.12813976363944693,2018-10,2018-10,0.1918,0.010253,1.596204
4,C4 Hybrid + régime,2018-10,2018-10-31,P_selected,DWY,0.056147963413765795,BUY,0.25949046762827704,0.25949046762827704,0.25949046762827704,655054.1674999996,0.9984698629751769,2018-10,2018-10,0.1918,0.010253,1.596204
4,C4 Hybrid + régime,2018-10,2018-10-31,P_selected,PRO,0.05465472580247335,BUY,0.1329102435637961,0.1329102435637961,0.1329102435637961,17301.725,0.023587403957442073,2018-10,2018-10,0.1918,0.010253,1.596204
4,C4 Hybrid + régime,2018-10,2018-10-31,P_selected,M2M,0.04004445414786448,BUY,0.3833869906960522,0.3833869906960522,0.3833869906960522,19688.435,0.02448308473232665,2018-10,2018-10,0.1918,0.010253,1.596204
4,C4 Hybrid + régime,2018-10,2018-10-31,P_selected,S2M,0.035070102939958187,BUY,0.1502396201633283,0.1502396201633283,0.1502396201633283,6767.485000000001,0.020001961233160538,2018-10,2018-10,0.1918,0.010253,1.596204
4,C4 Hybrid + régime,2018-10,2018-10-31,P_selected,FBR,0.019557294719220325,BUY,0.40175882910977,0.40175882910977,0.40175882910977,17692.020000000022,0.023731655030429115,2018-10,2018-10,0.1918,0.010253,1.596204
4,C4 Hybrid + régime,2018-10,2018-10-31,P_selected,MIC,0.013902906518713851,BUY,0.5517512397014966,0.5517512397014966,0.5517512397014966,10117.15,0.021079991735051443,2018-10,2018-10,0.1918,0.010253,1.596204
4,C4 Hybrid + régime,2018-10,2018-10-31,P_selected,SRM,0.00775904544540278,BUY,1.6865883977647147,1.6865883977647147,1.6865883977647147,700.0,0.018185103932508558,2018-10,2018-10,0.1918,0.010253,1.596204
4,C4 Hybrid + régime,2018-10,2018-10-31,P_selected,CTM,0.007046064289905055,BUY,0.4831823869503977,0.4831823869503977,0.4831823869503977,48031.3,0.03799740793329496,2018-10,2018-10,0.1918,0.010253,1.596204
4,C4 Hybrid + régime,2018-10,2018-10-31,P_selected,AFM,0.004452194654375066,NEUTRAL,0.08654381359413738,0.08654381359413738,0.04327190679706869,127897.7,0.12415734333792758,2018-10,2018-10,0.1918,0.010253,1.596204
4,C4 Hybrid + régime,2018-10,2018-10-31,P_selected,INV,0.004379915437837611,BUY,0.5346534779932747,0.5346534779932747,0.5346534779932747,388.5000000000029,0.018096330933539868,2018-10,2018-10,0.1918,0.010253,1.596204
4,C4 Hybrid + régime,2018-10,2018-10-31,P_selected,SID,0.0003911815031168677,BUY,1.0719837322927512,1.0719837322927512,1.0719837322927512,421865.92000000004,0.9399051444327732,2018-10,2018-10,0.1918,0.010253,1.596204
4,C4 Hybrid + régime,2018-11,2018-11-30,P_selected,IMO,0.3245780661462305,BUY,1.685065755257575,1.685065755257575,1.685065755257575,112225.715,0.09935708663799728,2018-11,2018-11,0.4785,0.010281,1.106314
4,C4 Hybrid + régime,2018-11,2018-11-30,P_selected,SOT,0.1584007077916752,BUY,1.1261107461200968,1.1261107461200968,1.1261107461200968,876090.25,0.9999553871495539,2018-11,2018-11,0.4785,0.010281,1.106314
4,C4 Hybrid + régime,2018-11,2018-11-30,P_selected,GAZ,0.10386981123960634,NEUTRAL,0.056898341157780224,0.056898341157780224,0.028449170578890112,845090.4,0.9999267417479865,2018-11,2018-11,0.4785,0.010281,1.106314
4,C4 Hybrid + régime,2018-11,2018-11-30,P_selected,JET,0.08419025100703886,BUY,0.5886244205978228,0.5886244205978228,0.5886244205978228,421582.4,0.9396484054705101,2018-11,2018-11,0.4785,0.010281,1.106314
4,C4 Hybrid + régime,2018-11,2018-11-30,P_selected,RIS,0.08274897940219121,BUY,2.9770381754242496,2.9770381754242496,2.9770381754242496,85842.37500000009,0.06745089235783149,2018-11,2018-11,0.4785,0.010281,1.106314
4,C4 Hybrid + régime,2018-11,2018-11-30,P_selected,PRO,0.054469378514918204,NEUTRAL,0.05147101279717148,0.05147101279717148,0.02573550639858574,14942.115,0.022733358282653375,2018-11,2018-11,0.4785,0.010281,1.106314
4,C4 Hybrid + régime,2018-11,2018-11-30,P_selected,HPS,0.045653678937856906,BUY,0.18422433796123994,0.18422433796123994,0.18422433796123994,1055239.2499999998,0.9999974612292196,2018-11,2018-11,0.4785,0.010281,1.106314
4,C4 Hybrid + régime,2018-11,2018-11-30,P_selected,AFM,0.0445576694935178,NEUTRAL,0.034476035299640495,0.034476035299640495,0.017238017649820248,13209.25,0.02212546861021332,2018-11,2018-11,0.4785,0.010281,1.106314
4,C4 Hybrid + régime,2018-11,2018-11-30,P_selected,S2M,0.035342228750466644,BUY,0.32159433669010107,0.32159433669010107,0.32159433669010107,6304.1125,0.01985714966057708,2018-11,2018-11,0.4785,0.010281,1.106314
4,C4 Hybrid + régime,2018-11,2018-11-30,P_selected,SID,0.0335748703653853,BUY,1.399750986553367,1.399750986553367,1.399750986553367,555341.3724999999,0.9925010269293773,2018-11,2018-11,0.4785,0.010281,1.106314
4,C4 Hybrid + régime,2018-11,2018-11-30,P_selected,MIC,0.010383068989188438,BUY,0.5293299313978538,0.5293299313978538,0.5293299313978538,35253.435,0.031190783952483894,2018-11,2018-11,0.4785,0.010281,1.106314
4,C4 Hybrid + régime,2018-11,2018-11-30,P_selected,DWY,0.008575379936468687,BUY,0.5862098565709399,0.5862098565709399,0.5862098565709399,415983.49499999965,0.9343636419653965,2018-11,2018-11,0.4785,0.010281,1.106314
4,C4 Hybrid + régime,2018-11,2018-11-30,P_selected,CMT,0.008144672347715634,NEUTRAL,0.06701163916689731,0.06701163916689731,0.03350581958344866,740531.5,0.9996098168287825,2018-11,2018-11,0.4785,0.010281,1.106314
4,C4 Hybrid + régime,2018-11,2018-11-30,P_selected,M2M,0.0030363709952438978,BUY,0.5315909759582342,0.5315909759582342,0.5315909759582342,5182.95,0.019511004165049556,2018-11,2018-11,0.4785,0.010281,1.106314
4,C4 Hybrid + régime,2018-11,2018-11-30,P_selected,SNP,0.0019262457324321861,BUY,0.1310763515731666,0.1310763515731666,0.1310763515731666,236878.38999999996,0.44770550205671444,2018-11,2018-11,0.4785,0.010281,1.106314
4,C4 Hybrid + régime,2018-11,2018-11-30,P_selected,FBR,0.00033259598280599857,BUY,0.4261644038273189,0.4261644038273189,0.4261644038273189,1075.8000000000204,0.01829277049621993,2018-11,2018-11,0.4785,0.010281,1.106314
4,C4 Hybrid + régime,2018-11,2018-11-30,P_selected,SRM,0.00020563731037836724,BUY,1.8992265257087122,1.8992265257087122,1.8992265257087122,19303.9,0.02433656817869535,2018-11,2018-11,0.4785,0.010281,1.106314
4,C4 Hybrid + régime,2018-12,2018-12-31,P_selected,IMO,0.3233936334446822,BUY,1.2284883114039247,1.2284883114039247,1.2284883114039247,427925.8075,0.9451537045604537,2018-12,2018-12,0.7761,0.008791,1.226771
4,C4 Hybrid + régime,2018-12,2018-12-31,P_selected,IAM,0.2751259201783875,BUY,1.1055675459865741,1.1055675459865741,1.1055675459865741,24337814.517500002,1.0,2018-12,2018-12,0.7761,0.008791,1.226771
4,C4 Hybrid + régime,2018-12,2018-12-31,P_selected,UMR,0.150388867154024,BUY,1.987676067588465,1.987676067588465,1.987676067588465,892.3,0.018240119883555166,2018-12,2018-12,0.7761,0.008791,1.226771
4,C4 Hybrid + régime,2018-12,2018-12-31,P_selected,TMA,0.05037830943433973,BUY,1.275268425569469,1.275268425569469,1.275268425569469,6604267.125,1.0,2018-12,2018-12,0.7761,0.008791,1.226771
4,C4 Hybrid + régime,2018-12,2018-12-31,P_selected,RIS,0.039769125765922744,BUY,1.3802122284351952,1.3802122284351952,1.3802122284351952,467473.1900000001,0.9701008806507483,2018-12,2018-12,0.7761,0.008791,1.226771
4,C4 Hybrid + régime,2018-12,2018-12-31,P_selected,OUL,0.03952701805030082,BUY,1.7523957386031226,1.7523957386031226,1.7523957386031226,4897.15,0.019423716953255888,2018-12,2018-12,0.7761,0.008791,1.226771
4,C4 Hybrid + régime,2018-12,2018-12-31,P_selected,AFM,0.030654824594538454,BUY,0.2548281742688069,0.2548281742688069,0.2548281742688069,397240.3,0.9133976835011335,2018-12,2018-12,0.7761,0.008791,1.226771
4,C4 Hybrid + régime,2018-12,2018-12-31,P_selected,JET,0.02199166578518736,BUY,0.3603284752263079,0.3603284752263079,0.3603284752263079,1877717.575,0.9999999999951084,2018-12,2018-12,0.7761,0.008791,1.226771
4,C4 Hybrid + régime,2018-12,2018-12-31,P_selected,SID,0.02152904363605069,BUY,0.21455023254362876,0.21455023254362876,0.21455023254362876,841836.375,0.9999228268667276,2018-12,2018-12,0.7761,0.008791,1.226771
4,C4 Hybrid + régime,2018-12,2018-12-31,P_selected,CIH,0.01567576666101325,BUY,0.1274644987289955,0.1274644987289955,0.1274644987289955,5810900.834999999,1.0,2018-12,2018-12,0.7761,0.008791,1.226771
4,C4 Hybrid + régime,2018-12,2018-12-31,P_selected,SOT,0.008112827712542282,BUY,0.4108815439972535,0.4108815439972535,0.4108815439972535,25350.7625,0.026742677829814616,2018-12,2018-12,0.7761,0.008791,1.226771
4,C4 Hybrid + régime,2018-12,2018-12-31,P_selected,HPS,0.005391332620380993,BUY,0.3743467138005965,0.3743467138005965,0.3743467138005965,2101194.225,0.999999999999863,2018-12,2018-12,0.7761,0.008791,1.226771
4,C4 Hybrid + régime,2018-12,2018-12-31,P_selected,CTM,0.0047126399318175305,BUY,0.6579663819009842,0.6579663819009842,0.6579663819009842,6400.9,0.019887312240997,2018-12,2018-12,0.7761,0.008791,1.226771
4,C4 Hybrid + régime,2018-12,2018-12-31,P_selected,CSR,0.004691480972978407,NEUTRAL,0.05788802467410162,0.05788802467410162,0.02894401233705081,15873534.9125,1.0,2018-12,2018-12,0.7761,0.008791,1.226771
4,C4 Hybrid + régime,2018-12,2018-12-31,P_selected,INV,0.003461048500545653,BUY,1.8433988658901619,1.8433988658901619,1.8433988658901619,2228.600000000003,0.0186269647288614,2018-12,2018-12,0.7761,0.008791,1.226771
4,C4 Hybrid + régime,2018-12,2018-12-31,P_selected,MSA,0.002771392177746986,NEUTRAL,0.03420284346056851,0.03420284346056851,0.017101421730284255,6230307.9399999995,1.0,2018-12,2018-12,0.7761,0.008791,1.226771
4,C4 Hybrid + régime,2018-12,2018-12-31,P_selected,CMT,0.002390935041766521,BUY,0.25694855587400717,0.25694855587400717,0.25694855587400717,1596344.35,0.9999999995587943,2018-12,2018-12,0.7761,0.008791,1.226771
4,C4 Hybrid + régime,2019-01,2019-01-31,P_selected,IAM,0.34049695351073067,BUY,0.2870404863432121,0.2870404863432121,0.2870404863432121,17037084.5775,1.0,2019-01,2019-01,0.6398,0.009656,0.658497
4,C4 Hybrid + régime,2019-01,2019-01-31,P_selected,IMO,0.21194600476290198,BUY,1.0542810239648304,1.0542810239648304,1.0542810239648304,113278.366,0.10087443744822618,2019-01,2019-01,0.6398,0.009656,0.658497
4,C4 Hybrid + régime,2019-01,2019-01-31,P_selected,SOT,0.0754721673402701,BUY,0.546992484881243,0.546992484881243,0.546992484881243,412512.075,0.9308740126450628,2019-01,2019-01,0.6398,0.009656,0.658497
4,C4 Hybrid + régime,2019-01,2019-01-31,P_selected,SRM,0.06958649174250406,BUY,2.639098515741251,2.639098515741251,2.639098515741251,10935.25,0.021351803895500943,2019-01,2019-01,0.6398,0.009656,0.658497
4,C4 Hybrid + régime,2019-01,2019-01-31,P_selected,LHM,0.06598687709671242,BUY,0.25954187265865647,0.25954187265865647,0.25954187265865647,3513711.0,1.0,2019-01,2019-01,0.6398,0.009656,0.658497
4,C4 Hybrid + régime,2019-01,2019-01-31,P_selected,HPS,0.06473211742486687,NEUTRAL,0.21056054244304817,0.21056054244304817,0.10528027122152409,467390.8499999998,0.9700626444148015,2019-01,2019-01,0.6398,0.009656,0.658497
4,C4 Hybrid + régime,2019-01,2019-01-31,P_selected,JET,0.047512199221777816,BUY,0.26231867446149937,0.26231867446149937,0.26231867446149937,1266756.6675,0.9999999139301591,2019-01,2019-01,0.6398,0.009656,0.658497
4,C4 Hybrid + régime,2019-01,2019-01-31,P_selected,MIC,0.02983705328801084,BUY,0.3679517711256525,0.3679517711256525,0.3679517711256525,10382.094999999994,0.021167646453891298,2019-01,2019-01,0.6398,0.009656,0.658497
4,C4 Hybrid + régime,2019-01,2019-01-31,P_selected,MOX,0.020500548899251708,BUY,0.3336658851671685,0.3336658851671685,0.3336658851671685,56.017500000000005,0.018002047533493014,2019-01,2019-01,0.6398,0.009656,0.658497
4,C4 Hybrid + régime,2019-01,2019-01-31,P_selected,RIS,0.017774289399994557,BUY,2.289192772620737,2.289192772620737,2.289192772620737,67230.0550000001,0.050964392324745714,2019-01,2019-01,0.6398,0.009656,0.658497
4,C4 Hybrid + régime,2019-01,2019-01-31,P_selected,MSA,0.013672525705982116,NEUTRAL,0.1910883453209353,0.1910883453209353,0.09554417266046765,9902530.52,1.0,2019-01,2019-01,0.6398,0.009656,0.658497
4,C4 Hybrid + régime,2019-01,2019-01-31,P_selected,TMA,0.011644580951896395,NEUTRAL,0.08485892287270236,0.08485892287270236,0.04242946143635118,2231894.625,0.9999999999999831,2019-01,2019-01,0.6398,0.009656,0.658497
4,C4 Hybrid + régime,2019-01,2019-01-31,P_selected,OUL,0.009907019979715546,BUY,1.0321363061218145,1.0321363061218145,1.0321363061218145,8739.55,0.02062991879294958,2019-01,2019-01,0.6398,0.009656,0.658497
4,C4 Hybrid + régime,2019-01,2019-01-31,P_selected,MAB,0.009080907171672753,NEUTRAL,0.13218150320811142,0.13218150320811142,0.06609075160405571,1209.0,0.018331082211796954,2019-01,2019-01,0.6398,0.009656,0.658497
4,C4 Hybrid + régime,2019-01,2019-01-31,P_selected,ATL,0.006729616070512835,NEUTRAL,0.19350284779151183,0.19350284779151183,0.09675142389575592,99458.4125,0.08251429866172935,2019-01,2019-01,0.6398,0.009656,0.658497
4,C4 Hybrid + régime,2019-01,2019-01-31,P_selected,M2M,0.002811702413183475,NEUTRAL,0.05984151004382983,0.05984151004382983,0.029920755021914915,246197.9375,0.4847964383041541,2019-01,2019-01,0.6398,0.009656,0.658497
4,C4 Hybrid + régime,2019-01,2019-01-31,P_selected,SMI,0.002299184859740572,BUY,1.7857383842704406,1.7857383842704406,1.7857383842704406,148757.45,0.16522130998341739,2019-01,2019-01,0.6398,0.009656,0.658497
4,C4 Hybrid + régime,2019-02,2019-02-28,P_selected,IAM,0.3223315684605182,BUY,0.4503133990831297,0.4503133990831297,0.4503133990831297,12589824.755,1.0,2019-02,2019-02,0.6682,0.008811,0.951236
4,C4 Hybrid + régime,2019-02,2019-02-28,P_selected,IMO,0.21228503125179501,BUY,1.0321727085340788,1.0321727085340788,1.0321727085340788,246994.35,0.48797971650639804,2019-02,2019-02,0.6682,0.008811,0.951236
4,C4 Hybrid + régime,2019-02,2019-02-28,P_selected,MOX,0.10952800058337585,BUY,4.261435924570712,4.261435924570712,4.261435924570712,123.8,0.018021229674982032,2019-02,2019-02,0.6682,0.008811,0.951236
4,C4 Hybrid + régime,2019-02,2019-02-28,P_selected,MSA,0.06891774138494267,BUY,0.29705717092823114,0.29705717092823114,0.29705717092823114,3905666.2725,1.0,2019-02,2019-02,0.6682,0.008811,0.951236
4,C4 Hybrid + régime,2019-02,2019-02-28,P_selected,GAZ,0.05871080338853489,BUY,0.38209874865698035,0.38209874865698035,0.38209874865698035,472649.2,0.9724116918270417,2019-02,2019-02,0.6682,0.008811,0.951236
4,C4 Hybrid + régime,2019-02,2019-02-28,P_selected,TQM,0.03502275858969835,NEUTRAL,0.15792801142335922,0.15792801142335922,0.07896400571167961,3281022.55,1.0,2019-02,2019-02,0.6682,0.008811,0.951236
4,C4 Hybrid + régime,2019-02,2019-02-28,P_selected,HPS,0.030806378263262178,BUY,0.29194725884534045,0.29194725884534045,0.29194725884534045,695129.2999999998,0.9991935555734991,2019-02,2019-02,0.6682,0.008811,0.951236
4,C4 Hybrid + régime,2019-02,2019-02-28,P_selected,JET,0.02915357392815383,NEUTRAL,0.06116720512334292,0.06116720512334292,0.03058360256167146,583469.3275,0.9952056403716361,2019-02,2019-02,0.6682,0.008811,0.951236
4,C4 Hybrid + régime,2019-02,2019-02-28,P_selected,AFM,0.028752269252035476,BUY,0.26814805771538264,0.26814805771538264,0.26814805771538264,3955.9,0.019138944044659177,2019-02,2019-02,0.6682,0.008811,0.951236
4,C4 Hybrid + régime,2019-02,2019-02-28,P_selected,EQD,0.02359935200839591,NEUTRAL,0.06471718916265017,0.06471718916265017,0.03235859458132508,37965.7,0.032529146375598256,2019-02,2019-02,0.6682,0.008811,0.951236
4,C4 Hybrid + régime,2019-02,2019-02-28,P_selected,SRM,0.01956850539295498,BUY,1.673854342533343,1.673854342533343,1.673854342533343,733.2850000000001,0.018194614915178348,2019-02,2019-02,0.6682,0.008811,0.951236
4,C4 Hybrid + régime,2019-02,2019-02-28,P_selected,RIS,0.01758274721485233,BUY,0.6825088659847804,0.6825088659847804,0.6825088659847804,408879.5325000001,0.927039130942014,2019-02,2019-02,0.6682,0.008811,0.951236
4,C4 Hybrid + régime,2019-02,2019-02-28,P_selected,MIC,0.013448022346936827,NEUTRAL,0.19944784834579438,0.19944784834579438,0.09972392417289719,52265.822499999995,0.0405530185304385,2019-02,2019-02,0.6682,0.008811,0.951236
4,C4 Hybrid + régime,2019-02,2019-02-28,P_selected,S2M,0.009233707498778264,BUY,0.3335290227733515,0.3335290227733515,0.3335290227733515,60051.60000000001,0.04568715331175181,2019-02,2019-02,0.6682,0.008811,0.951236
4,C4 Hybrid + régime,2019-02,2019-02-28,P_selected,DWY,0.00871463138710826,BUY,0.44799015142386067,0.44799015142386067,0.44799015142386067,8375.014999999627,0.020512404750792544,2019-02,2019-02,0.6682,0.008811,0.951236
4,C4 Hybrid + régime,2019-02,2019-02-28,P_selected,INV,0.007688634629413324,BUY,0.33036233084390654,0.33036233084390654,0.33036233084390654,24266.745000000003,0.026294935888270577,2019-02,2019-02,0.6682,0.008811,0.951236
4,C4 Hybrid + régime,2019-02,2019-02-28,P_selected,M2M,0.004543157585389104,NEUTRAL,0.2107164460035249,0.2107164460035249,0.10535822300176245,32938.835,0.03009092671350678,2019-02,2019-02,0.6682,0.008811,0.951236
4,C4 Hybrid + régime,2019-02,2019-02-28,P_selected,SMI,0.00011311683385452835,BUY,0.8416504058177889,0.8416504058177889,0.8416504058177889,6959.95,0.0200624133631108,2019-02,2019-02,0.6682,0.008811,0.951236
4,C4 Hybrid + régime,2019-03,2019-03-29,P_selected,MUT,0.4,NEUTRAL,0.07728678786858573,0.07728678786858573,0.03864339393429286,857559.6875,0.9999399909402232,2019-03,2019-03,0.4526,0.006804,0.667588
4,C4 Hybrid + régime,2019-03,2019-03-29,P_selected,IMO,0.1354929083146588,BUY,1.1092467793720278,1.1092467793720278,1.1092467793720278,86538.263,0.06815463017131249,2019-03,2019-03,0.4526,0.006804,0.667588
4,C4 Hybrid + régime,2019-03,2019-03-29,P_selected,SOT,0.0743753320703301,BUY,0.3006864120628168,0.3006864120628168,0.3006864120628168,7407.025,0.02020352851152724,2019-03,2019-03,0.4526,0.006804,0.667588
4,C4 Hybrid + régime,2019-03,2019-03-29,P_selected,SRM,0.073202599158445,BUY,4.000790591930678,4.000790591930678,4.000790591930678,1107.1,0.018301766105161387,2019-03,2019-03,0.4526,0.006804,0.667588
4,C4 Hybrid + régime,2019-03,2019-03-29,P_selected,AGM,0.06393051596746664,BUY,0.4182558553365079,0.4182558553365079,0.4182558553365079,750.5,0.01819953591017457,2019-03,2019-03,0.4526,0.006804,0.667588
4,C4 Hybrid + régime,2019-03,2019-03-29,P_selected,SLF,0.06188795999539671,NEUTRAL,0.014429572989885758,0.014429572989885758,0.007214786494942879,17136.6,0.02352663248148621,2019-03,2019-03,0.4526,0.006804,0.667588
4,C4 Hybrid + régime,2019-03,2019-03-29,P_selected,RIS,0.047071551804722576,BUY,2.4121610840832215,2.4121610840832215,2.4121610840832215,41536.64250000009,0.034376071633821705,2019-03,2019-03,0.4526,0.006804,0.667588
4,C4 Hybrid + régime,2019-03,2019-03-29,P_selected,MIC,0.03682865661865224,BUY,0.5993362272443661,0.5993362272443661,0.5993362272443661,258247.705,0.5329430272030771,2019-03,2019-03,0.4526,0.006804,0.667588
4,C4 Hybrid + régime,2019-03,2019-03-29,P_selected,UMR,0.023566947717322463,NEUTRAL,0.021042916744353574,0.021042916744353574,0.010521458372176787,58.239999999999995,0.018002676173016707,2019-03,2019-03,0.4526,0.006804,0.667588
4,C4 Hybrid + régime,2019-03,2019-03-29,P_selected,INV,0.021200530566556595,BUY,0.6694994762910886,0.6694994762910886,0.6694994762910886,4190.930000000003,0.01920966600115987,2019-03,2019-03,0.4526,0.006804,0.667588
4,C4 Hybrid + régime,2019-03,2019-03-29,P_selected,JET,0.016861540482206738,NEUTRAL,0.12705219172954008,0.12705219172954008,0.06352609586477004,161073.84500000003,0.19422011506223696,2019-03,2019-03,0.4526,0.006804,0.667588
4,C4 Hybrid + régime,2019-03,2019-03-29,P_selected,MDP,0.01520052052570644,NEUTRAL,0.18474771546333596,0.18474771546333596,0.09237385773166798,20196.435000000092,0.024677963280585326,2019-03,2019-03,0.4526,0.006804,0.667588
4,C4 Hybrid + régime,2019-03,2019-03-29,P_selected,CMT,0.011241209350902268,NEUTRAL,0.03389599165348449,0.03389599165348449,0.016947995826742245,4234024.6,1.0,2019-03,2019-03,0.4526,0.006804,0.667588
4,C4 Hybrid + régime,2019-03,2019-03-29,P_selected,AFM,0.01015878570580165,BUY,0.5794282358534923,0.5794282358534923,0.5794282358534923,70399.75,0.05347394358662372,2019-03,2019-03,0.4526,0.006804,0.667588
4,C4 Hybrid + régime,2019-03,2019-03-29,P_selected,CTM,0.007999422680596724,NEUTRAL,0.06905746539755309,0.06905746539755309,0.03452873269877654,26795.9,0.027351121997367497,2019-03,2019-03,0.4526,0.006804,0.667588
4,C4 Hybrid + régime,2019-03,2019-03-29,P_selected,DHO,0.0003875892149712663,NEUTRAL,0.05273763505348911,0.05273763505348911,0.026368817526744553,251114.1025000001,0.5044562920004487,2019-03,2019-03,0.4526,0.006804,0.667588
4,C4 Hybrid + régime,2019-03,2019-03-29,P_selected,SMI,0.0003218951336946155,BUY,1.5927247576045405,1.5927247576045405,1.5927247576045405,5399.35,0.01957735131374614,2019-03,2019-03,0.4526,0.006804,0.667588
4,C4 Hybrid + régime,2019-03,2019-03-29,P_selected,COL,0.0002720340258012813,NEUTRAL,0.06115933283891356,0.06115933283891356,0.03057966641945678,30225.554000000004,0.02884943425349932,2019-03,2019-03,0.4526,0.006804,0.667588
4,C4 Hybrid + régime,2019-04,2019-04-30,P_selected,MUT,0.4,NEUTRAL,0.14624996108544713,0.14624996108544713,0.07312498054272357,466414.8375,0.9696057883176549,2019-04,2019-04,0.7063,0.008126,0.891379
4,C4 Hybrid + régime,2019-04,2019-04-30,P_selected,UMR,0.17018580067432587,BUY,1.9045623141165877,1.9045623141165877,1.9045623141165877,587215.5,0.9954833058039559,2019-04,2019-04,0.7063,0.008126,0.891379
4,C4 Hybrid + régime,2019-04,2019-04-30,P_selected,RIS,0.07277839623673135,BUY,2.5198237436558326,2.5198237436558326,2.5198237436558326,195497.63000000006,0.2948304302498314,2019-04,2019-04,0.7063,0.008126,0.891379
4,C4 Hybrid + régime,2019-04,2019-04-30,P_selected,SRM,0.06462380755339932,BUY,2.9821151290170396,2.9821151290170396,2.9821151290170396,2853.7675,0.01881069687049903,2019-04,2019-04,0.7063,0.008126,0.891379
4,C4 Hybrid + régime,2019-04,2019-04-30,P_selected,HPS,0.06284640537777528,NEUTRAL,0.23951779931194894,0.23951779931194894,0.11975889965597447,3966674.85,1.0,2019-04,2019-04,0.7063,0.008126,0.891379
4,C4 Hybrid + régime,2019-04,2019-04-30,P_selected,OUL,0.059185664217452215,BUY,1.3340047823769254,1.3340047823769254,1.3340047823769254,72.5,0.018006710161399587,2019-04,2019-04,0.7063,0.008126,0.891379
4,C4 Hybrid + régime,2019-04,2019-04-30,P_selected,EQD,0.055033464930123434,BUY,0.431884084086894,0.431884084086894,0.431884084086894,491546.9,0.9794624785073752,2019-04,2019-04,0.7063,0.008126,0.891379
4,C4 Hybrid + régime,2019-04,2019-04-30,P_selected,MIC,0.035357711906762734,BUY,0.7522008711032303,0.7522008711032303,0.7522008711032303,32690.08999999999,0.029974987888116887,2019-04,2019-04,0.7063,0.008126,0.891379
4,C4 Hybrid + régime,2019-04,2019-04-30,P_selected,LES,0.030215046546270743,NEUTRAL,0.05786059803293614,0.05786059803293614,0.02893029901646807,125451.27000000075,0.11996309608508637,2019-04,2019-04,0.7063,0.008126,0.891379
4,C4 Hybrid + régime,2019-04,2019-04-30,P_selected,IMO,0.025239316976507595,BUY,0.892325051605126,0.892325051605126,0.892325051605126,79089.4185,0.060964056509376065,2019-04,2019-04,0.7063,0.008126,0.891379
4,C4 Hybrid + régime,2019-04,2019-04-30,P_selected,S2M,0.009515284301827048,NEUTRAL,0.04032802560681223,0.04032802560681223,0.020164012803406114,8477.75,0.020545456637641832,2019-04,2019-04,0.7063,0.008126,0.891379
4,C4 Hybrid + régime,2019-04,2019-04-30,P_selected,MDP,0.0048457473539506935,NEUTRAL,0.008631568360106867,0.008631568360106867,0.0043157841800534336,31558.133000000096,0.029452833792798727,2019-04,2019-04,0.7063,0.008126,0.891379
4,C4 Hybrid + régime,2019-04,2019-04-30,P_selected,MOX,0.003418910074232848,NEUTRAL,0.23227145226301757,0.23227145226301757,0.11613572613150878,12906.0325,0.02202074531338921,2019-04,2019-04,0.7063,0.008126,0.891379
4,C4 Hybrid + régime,2019-04,2019-04-30,P_selected,AFM,0.0029075978575293627,BUY,0.24847349380070755,0.24847349380070755,0.24847349380070755,89975.6,0.07173154269250029,2019-04,2019-04,0.7063,0.008126,0.891379
4,C4 Hybrid + régime,2019-04,2019-04-30,P_selected,CMT,0.0016593206729386108,NEUTRAL,0.04893372972347357,0.04893372972347357,0.024466864861736784,3854669.1,1.0,2019-04,2019-04,0.7063,0.008126,0.891379
4,C4 Hybrid + régime,2019-04,2019-04-30,P_selected,DWY,0.0010442928275987838,NEUTRAL,0.20625665597817172,0.20625665597817172,0.10312832798908586,13654.479999999627,0.022280121888637913,2019-04,2019-04,0.7063,0.008126,0.891379
4,C4 Hybrid + régime,2019-04,2019-04-30,P_selected,IBC,0.0008792917657910894,NEUTRAL,0.13163425108259474,0.13163425108259474,0.06581712554129737,1725.0720000000001,0.018480262579492097,2019-04,2019-04,0.7063,0.008126,0.891379
4,C4 Hybrid + régime,2019-04,2019-04-30,P_selected,SMI,0.00026393978303433326,BUY,0.44079908676329516,0.44079908676329516,0.44079908676329516,14568.65,0.022600982518401116,2019-04,2019-04,0.7063,0.008126,0.891379
4,C4 Hybrid + régime,2019-05,2019-05-31,P_selected,IMO,0.2743975072895243,BUY,0.8426154856549092,0.8426154856549092,0.8426154856549092,1308432.2835,0.9999999558165955,2019-05,2019-05,0.4738,0.011936,0.96346
4,C4 Hybrid + régime,2019-05,2019-05-31,P_selected,MIC,0.1096600327792807,BUY,3.681054178403064,3.681054178403064,3.681054178403064,13886.549999999988,0.02236115108685595,2019-05,2019-05,0.4738,0.011936,0.96346
4,C4 Hybrid + régime,2019-05,2019-05-31,P_selected,CMT,0.10934785139115799,BUY,0.24555143188429163,0.24555143188429163,0.24555143188429163,416904.9,0.9352620031047941,2019-05,2019-05,0.4738,0.011936,0.96346
4,C4 Hybrid + régime,2019-05,2019-05-31,P_selected,MOX,0.10350758120777802,BUY,0.4704554705900934,0.4704554705900934,0.4704554705900934,1282.9924999999998,0.01835239834868223,2019-05,2019-05,0.4738,0.011936,0.96346
4,C4 Hybrid + régime,2019-05,2019-05-31,P_selected,S2M,0.08648279359108832,NEUTRAL,0.15344112814289546,0.15344112814289546,0.07672056407144773,5903.0375,0.019732636775750677,2019-05,2019-05,0.4738,0.011936,0.96346
4,C4 Hybrid + régime,2019-05,2019-05-31,P_selected,HPS,0.06248410179285034,BUY,0.27108944250252,0.27108944250252,0.27108944250252,1440163.7899999998,0.999999994630981,2019-05,2019-05,0.4738,0.011936,0.96346
4,C4 Hybrid + régime,2019-05,2019-05-31,P_selected,GAZ,0.05967320678235949,NEUTRAL,0.12720143215722024,0.12720143215722024,0.06360071607861012,11764.7,0.021630886322848864,2019-05,2019-05,0.4738,0.011936,0.96346
4,C4 Hybrid + régime,2019-05,2019-05-31,P_selected,RIS,0.05539256379014258,BUY,2.10173776996198,2.10173776996198,2.10173776996198,1257.900000000093,0.018345166848948696,2019-05,2019-05,0.4738,0.011936,0.96346
4,C4 Hybrid + régime,2019-05,2019-05-31,P_selected,SRM,0.04058829406595557,BUY,2.426640053168296,2.426640053168296,2.426640053168296,9017.18,0.020719859393672286,2019-05,2019-05,0.4738,0.011936,0.96346
4,C4 Hybrid + régime,2019-05,2019-05-31,P_selected,MDP,0.026857219532929893,NEUTRAL,0.09077757276791451,0.09077757276791451,0.045388786383957255,27339.852000000094,0.02758360929599127,2019-05,2019-05,0.4738,0.011936,0.96346
4,C4 Hybrid + régime,2019-05,2019-05-31,P_selected,INV,0.02357698048530421,BUY,0.3183565124022555,0.3183565124022555,0.3183565124022555,1563.4850000000029,0.018433425154617374,2019-05,2019-05,0.4738,0.011936,0.96346
4,C4 Hybrid + régime,2019-05,2019-05-31,P_selected,ADH,0.022688139895935235,NEUTRAL,0.013121716759604163,0.013121716759604163,0.006560858379802081,723048.0365000016,0.9994839385851925,2019-05,2019-05,0.4738,0.011936,0.96346
4,C4 Hybrid + régime,2019-05,2019-05-31,P_selected,DHO,0.02132196648529233,NEUTRAL,0.13161237626597264,0.13161237626597264,0.06580618813298632,90087.2485000001,0.07185058159321774,2019-05,2019-05,0.4738,0.011936,0.96346
4,C4 Hybrid + régime,2019-05,2019-05-31,P_selected,DWY,0.0038002399950466397,NEUTRAL,0.18489198379640234,0.18489198379640234,0.09244599189820117,15834.292499999628,0.02305266600891939,2019-05,2019-05,0.4738,0.011936,0.96346
4,C4 Hybrid + régime,2019-05,2019-05-31,P_selected,SMI,0.0002215209153542204,BUY,0.5727859985312288,0.5727859985312288,0.5727859985312288,65232.0,0.04944016314380651,2019-05,2019-05,0.4738,0.011936,0.96346
4,C4 Hybrid + régime,2019-06,2019-06-28,P_selected,IMO,0.19952877040984912,BUY,0.8165449833128057,0.8165449833128057,0.8165449833128057,68009.96599999999,0.051571336929655355,2019-06,2019-06,0.4771,0.010727,0.888151
4,C4 Hybrid + régime,2019-06,2019-06-28,P_selected,SOT,0.1441217163443806,NEUTRAL,0.16614494130133506,0.16614494130133506,0.08307247065066753,399053.75,0.9156654930999407,2019-06,2019-06,0.4771,0.010727,0.888151
4,C4 Hybrid + régime,2019-06,2019-06-28,P_selected,OUL,0.1127920245022153,BUY,0.8878902218075064,0.8878902218075064,0.8878902218075064,9192196.8,1.0,2019-06,2019-06,0.4771,0.010727,0.888151
4,C4 Hybrid + régime,2019-06,2019-06-28,P_selected,SBM,0.08635017277165506,NEUTRAL,0.0868821605420512,0.0868821605420512,0.0434410802710256,640844.0,0.9980799918606712,2019-06,2019-06,0.4771,0.010727,0.888151
4,C4 Hybrid + régime,2019-06,2019-06-28,P_selected,MIC,0.08351692683565527,BUY,2.9801881675646724,2.9801881675646724,2.9801881675646724,105951.81999999999,0.09072860881122849,2019-06,2019-06,0.4771,0.010727,0.888151
4,C4 Hybrid + régime,2019-06,2019-06-28,P_selected,AFM,0.07420379314620938,NEUTRAL,0.10787920450996444,0.10787920450996444,0.05393960225498222,808596.55,0.9998686540865905,2019-06,2019-06,0.4771,0.010727,0.888151
4,C4 Hybrid + régime,2019-06,2019-06-28,P_selected,SRM,0.07075829661811874,BUY,2.2801344802045738,2.2801344802045738,2.2801344802045738,720.48,0.01819095538802478,2019-06,2019-06,0.4771,0.010727,0.888151
4,C4 Hybrid + régime,2019-06,2019-06-28,P_selected,RIS,0.05825989958432199,BUY,2.2860874772474453,2.2860874772474453,2.2860874772474453,23644.065000000097,0.026041051467390268,2019-06,2019-06,0.4771,0.010727,0.888151
4,C4 Hybrid + régime,2019-06,2019-06-28,P_selected,MDP,0.05496959413106326,NEUTRAL,0.12601668852123388,0.12601668852123388,0.06300834426061694,26851.65300000009,0.027374863192637603,2019-06,2019-06,0.4771,0.010727,0.888151
4,C4 Hybrid + régime,2019-06,2019-06-28,P_selected,MAB,0.04610314885887178,NEUTRAL,0.2088228134418983,0.2088228134418983,0.10441140672094915,9738.5,0.020955334932036076,2019-06,2019-06,0.4771,0.010727,0.888151
4,C4 Hybrid + régime,2019-06,2019-06-28,P_selected,HPS,0.04418176462339631,BUY,0.7245893136114964,0.7245893136114964,0.7245893136114964,1511361.765,0.9999999982814558,2019-06,2019-06,0.4771,0.010727,0.888151
4,C4 Hybrid + régime,2019-06,2019-06-28,P_selected,SMI,0.02301239537560131,BUY,0.9070090062606952,0.9070090062606952,0.9070090062606952,141188.8,0.14918860064053321,2019-06,2019-06,0.4771,0.010727,0.888151
4,C4 Hybrid + régime,2019-06,2019-06-28,P_selected,DHO,0.002201496798661773,BUY,0.348974479081976,0.348974479081976,0.348974479081976,257303.4875000001,0.5291807516152024,2019-06,2019-06,0.4771,0.010727,0.888151
4,C4 Hybrid + régime,2019-07,2019-07-31,P_selected,MUT,0.2820136938528717,BUY,0.27637438176748974,0.27637438176748974,0.27637438176748974,664232.5825,0.9986785737326227,2019-07,2019-07,0.6666,0.008868,0.685735
4,C4 Hybrid + régime,2019-07,2019-07-31,P_selected,IMO,0.09629920885414726,BUY,0.4712716094209497,0.4712716094209497,0.4712716094209497,253896.5515,0.5155811594892694,2019-07,2019-07,0.6666,0.008868,0.685735
4,C4 Hybrid + régime,2019-07,2019-07-31,P_selected,HPS,0.07484122823771759,BUY,1.161222965247253,1.161222965247253,1.161222965247253,2227545.9549999996,0.9999999999999818,2019-07,2019-07,0.6666,0.008868,0.685735
4,C4 Hybrid + régime,2019-07,2019-07-31,P_selected,SOT,0.07452357820000353,BUY,0.6551591082610043,0.6551591082610043,0.6551591082610043,119980.0,0.11102437943062599,2019-07,2019-07,0.6666,0.008868,0.685735
4,C4 Hybrid + régime,2019-07,2019-07-31,P_selected,SBM,0.06879572084318601,BUY,0.28531207833531586,0.28531207833531586,0.28531207833531586,1225851.45,0.9999998343888664,2019-07,2019-07,0.6666,0.008868,0.685735
4,C4 Hybrid + régime,2019-07,2019-07-31,P_selected,MOX,0.06595317667418991,BUY,4.079725948345488,4.079725948345488,4.079725948345488,216.925,0.018047616352434032,2019-07,2019-07,0.6666,0.008868,0.685735
4,C4 Hybrid + régime,2019-07,2019-07-31,P_selected,LES,0.056236414649029676,BUY,0.4775787048525115,0.4775787048525115,0.4775787048525115,1785056.9775000005,0.9999999999784557,2019-07,2019-07,0.6666,0.008868,0.685735
4,C4 Hybrid + régime,2019-07,2019-07-31,P_selected,LBV,0.05070548216150812,BUY,0.5453574321458365,0.5453574321458365,0.5453574321458365,3355703.75,1.0,2019-07,2019-07,0.6666,0.008868,0.685735
4,C4 Hybrid + régime,2019-07,2019-07-31,P_selected,PRO,0.04706587113876287,NEUTRAL,0.17017952028867853,0.17017952028867853,0.08508976014433926,1660.5,0.018461531821328467,2019-07,2019-07,0.6666,0.008868,0.685735
4,C4 Hybrid + régime,2019-07,2019-07-31,P_selected,DRI,0.04204481217933742,BUY,0.366246074679369,0.366246074679369,0.366246074679369,0.0,0.01798620996209156,2019-07,2019-07,0.6666,0.008868,0.685735
4,C4 Hybrid + régime,2019-07,2019-07-31,P_selected,DWY,0.035737560265180865,BUY,0.4519774696310071,0.4519774696310071,0.4519774696310071,739332.7049999997,0.9996022636047134,2019-07,2019-07,0.6666,0.008868,0.685735
4,C4 Hybrid + régime,2019-07,2019-07-31,P_selected,EQD,0.027930449955734536,BUY,1.0400645918291247,1.0400645918291247,1.0400645918291247,194690.0,0.2921510004584811,2019-07,2019-07,0.6666,0.008868,0.685735
4,C4 Hybrid + régime,2019-07,2019-07-31,P_selected,CSR,0.017968264908095097,BUY,0.4196354594697445,0.4196354594697445,0.4196354594697445,5020040.409999999,1.0,2019-07,2019-07,0.6666,0.008868,0.685735
4,C4 Hybrid + régime,2019-07,2019-07-31,P_selected,INV,0.015584844193344492,NEUTRAL,0.11887352099868467,0.11887352099868467,0.059436760499342337,4971.197500000004,0.01944629526169149,2019-07,2019-07,0.6666,0.008868,0.685735
4,C4 Hybrid + régime,2019-07,2019-07-31,P_selected,SNP,0.015580276394415934,NEUTRAL,0.07349754972901221,0.07349754972901221,0.036748774864506104,220891.4399999999,0.3856257430335229,2019-07,2019-07,0.6666,0.008868,0.685735
4,C4 Hybrid + régime,2019-07,2019-07-31,P_selected,RIS,0.015294838866050637,BUY,0.5186035032209212,0.5186035032209212,0.5186035032209212,3866.9000000000933,0.01911223009515877,2019-07,2019-07,0.6666,0.008868,0.685735
4,C4 Hybrid + régime,2019-07,2019-07-31,P_selected,MDP,0.008861504430196768,NEUTRAL,0.07124391925790403,0.07124391925790403,0.03562195962895202,138254.8320000001,0.14332759687958263,2019-07,2019-07,0.6666,0.008868,0.685735
4,C4 Hybrid + régime,2019-07,2019-07-31,P_selected,ATL,0.002400065083817449,BUY,0.4507935154939817,0.4507935154939817,0.4507935154939817,645292.7754999998,0.9982116722911597,2019-07,2019-07,0.6666,0.008868,0.685735
4,C4 Hybrid + régime,2019-07,2019-07-31,P_selected,DHO,0.0014582017606096379,BUY,0.2839384914153949,0.2839384914153949,0.2839384914153949,720119.621,0.9994591966753547,2019-07,2019-07,0.6666,0.008868,0.685735
4,C4 Hybrid + régime,2019-07,2019-07-31,P_selected,ALM,0.0005448405566650442,NEUTRAL,0.1224945092214712,0.1224945092214712,0.0612472546107356,14285.8,0.022501226902319375,2019-07,2019-07,0.6666,0.008868,0.685735
4,C4 Hybrid + régime,2019-08,2019-08-30,P_selected,IMO,0.15129544588224172,BUY,0.8722419669399011,0.8722419669399011,0.8722419669399011,344308.999,0.8189046525995225,2019-08,2019-08,0.4529,0.009496,0.908845
4,C4 Hybrid + régime,2019-08,2019-08-30,P_selected,NEJ,0.15048510697715084,NEUTRAL,0.032571381444313874,0.032571381444313874,0.016285690722156937,3994.8,0.019150631636401207,2019-08,2019-08,0.4529,0.009496,0.908845
4,C4 Hybrid + régime,2019-08,2019-08-30,P_selected,HPS,0.08421662466714902,BUY,1.404599728737761,1.404599728737761,1.404599728737761,1445989.45,0.9999999951088148,2019-08,2019-08,0.4529,0.009496,0.908845
4,C4 Hybrid + régime,2019-08,2019-08-30,P_selected,EQD,0.08095167272430878,BUY,3.0785609259915345,3.0785609259915345,3.0785609259915345,650879.4,0.9983643375714095,2019-08,2019-08,0.4529,0.009496,0.908845
4,C4 Hybrid + régime,2019-08,2019-08-30,P_selected,OUL,0.07667240181666174,BUY,1.0167577211164769,1.0167577211164769,1.0167577211164769,1257.75,0.018345123628306547,2019-08,2019-08,0.4529,0.009496,0.908845
4,C4 Hybrid + régime,2019-08,2019-08-30,P_selected,MOX,0.07054746621251808,BUY,1.5772746397398771,1.5772746397398771,1.5772746397398771,4068.3925000000004,0.019172761812584406,2019-08,2019-08,0.4529,0.009496,0.908845
4,C4 Hybrid + régime,2019-08,2019-08-30,P_selected,MIC,0.0702274785347456,BUY,1.0158350976483912,1.0158350976483912,1.0158350976483912,72130.68999999999,0.05489317394089125,2019-08,2019-08,0.4529,0.009496,0.908845
4,C4 Hybrid + régime,2019-08,2019-08-30,P_selected,LBV,0.0512902546467797,NEUTRAL,0.15359978510357528,0.15359978510357528,0.07679989255178764,3693232.9,1.0,2019-08,2019-08,0.4529,0.009496,0.908845
4,C4 Hybrid + régime,2019-08,2019-08-30,P_selected,PRO,0.047680576585074276,BUY,0.3852199301643712,0.3852199301643712,0.3852199301643712,491.20500000000004,0.01812555327018443,2019-08,2019-08,0.4529,0.009496,0.908845
4,C4 Hybrid + régime,2019-08,2019-08-30,P_selected,ALM,0.0368199472230049,BUY,0.8318772503134284,0.8318772503134284,0.8318772503134284,78628.8,0.06054351146767644,2019-08,2019-08,0.4529,0.009496,0.908845
4,C4 Hybrid + régime,2019-08,2019-08-30,P_selected,TMA,0.03433956568478864,NEUTRAL,0.15288230546088769,0.15288230546088769,0.07644115273044384,1423662.7875,0.9999999930087369,2019-08,2019-08,0.4529,0.009496,0.908845
4,C4 Hybrid + régime,2019-08,2019-08-30,P_selected,CSR,0.027983747830688157,BUY,1.012126770624833,1.012126770624833,1.012126770624833,14297941.457500001,1.0,2019-08,2019-08,0.4529,0.009496,0.908845
4,C4 Hybrid + régime,2019-08,2019-08-30,P_selected,LES,0.02374674544685697,BUY,0.71537861745848,0.71537861745848,0.71537861745848,105492.48750000075,0.09012413338783087,2019-08,2019-08,0.4529,0.009496,0.908845
4,C4 Hybrid + régime,2019-08,2019-08-30,P_selected,S2M,0.023546956172370445,NEUTRAL,0.05345738591247193,0.05345738591247193,0.026728692956235964,64094.88500000001,0.048592103756870016,2019-08,2019-08,0.4529,0.009496,0.908845
4,C4 Hybrid + régime,2019-08,2019-08-30,P_selected,SBM,0.021380042392889504,BUY,0.4002640021053884,0.4002640021053884,0.4002640021053884,1709746.5,0.9999999999281144,2019-08,2019-08,0.4529,0.009496,0.908845
4,C4 Hybrid + régime,2019-08,2019-08-30,P_selected,MDP,0.019921655531384586,BUY,0.9925237411477985,0.9925237411477985,0.9925237411477985,26259.08300000009,0.027123551833843282,2019-08,2019-08,0.4529,0.009496,0.908845
4,C4 Hybrid + régime,2019-08,2019-08-30,P_selected,DWY,0.01554889816051409,BUY,0.45831510127702463,0.45831510127702463,0.45831510127702463,40709.949999999626,0.03393970111430719,2019-08,2019-08,0.4529,0.009496,0.908845
4,C4 Hybrid + régime,2019-08,2019-08-30,P_selected,ATL,0.011946323093222466,BUY,0.7304655675553078,0.7304655675553078,0.7304655675553078,469856.79349999985,0.9711874571089157,2019-08,2019-08,0.4529,0.009496,0.908845
4,C4 Hybrid + régime,2019-08,2019-08-30,P_selected,DHO,0.0010205114956083532,BUY,0.5134508109438112,0.5134508109438112,0.5134508109438112,214649.4495000001,0.3622506856409715,2019-08,2019-08,0.4529,0.009496,0.908845
4,C4 Hybrid + régime,2019-08,2019-08-30,P_selected,COL,0.00037857352796219783,BUY,0.3812009110065613,0.3812009110065613,0.3812009110065613,57607.145,0.0440118887819076,2019-08,2019-08,0.4529,0.009496,0.908845
4,C4 Hybrid + régime,2019-09,2019-09-30,P_selected,MUT,0.3198286390213702,BUY,0.3172911479575052,0.3172911479575052,0.3172911479575052,1095987.2850000001,0.9999986772503011,2019-09,2019-09,0.4988,0.008049,1.231721
4,C4 Hybrid + régime,2019-09,2019-09-30,P_selected,CDM,0.2608617855155759,BUY,3.2323835845028497,3.2323835845028497,3.2323835845028497,40691.75,0.033930154603276266,2019-09,2019-09,0.4988,0.008049,1.231721
4,C4 Hybrid + régime,2019-09,2019-09-30,P_selected,LES,0.06206130572082019,NEUTRAL,0.19825840579194504,0.19825840579194504,0.09912920289597252,433523.2475000007,0.9496154225982091,2019-09,2019-09,0.4988,0.008049,1.231721
4,C4 Hybrid + régime,2019-09,2019-09-30,P_selected,EQD,0.05931783649188905,BUY,1.3046440653732927,1.3046440653732927,1.3046440653732927,265951.0,0.5634599171234764,2019-09,2019-09,0.4988,0.008049,1.231721
4,C4 Hybrid + régime,2019-09,2019-09-30,P_selected,OUL,0.053715974648965374,BUY,0.7501527964959485,0.7501527964959485,0.7501527964959485,40432.5,0.03379445027536107,2019-09,2019-09,0.4988,0.008049,1.231721
4,C4 Hybrid + régime,2019-09,2019-09-30,P_selected,SOT,0.04518130643246896,BUY,1.372992535398288,1.372992535398288,1.372992535398288,152780.0,0.1742904380359942,2019-09,2019-09,0.4988,0.008049,1.231721
4,C4 Hybrid + régime,2019-09,2019-09-30,P_selected,MIC,0.04221761593723822,BUY,0.4660715211147786,0.4660715211147786,0.4660715211147786,760776.8725,0.99971774855949,2019-09,2019-09,0.4988,0.008049,1.231721
4,C4 Hybrid + régime,2019-09,2019-09-30,P_selected,JET,0.029647128311931926,NEUTRAL,0.025335600507184364,0.025335600507184364,0.012667800253592182,177600.83500000002,0.23896056466815996,2019-09,2019-09,0.4988,0.008049,1.231721
4,C4 Hybrid + régime,2019-09,2019-09-30,P_selected,MOX,0.022252007380917982,BUY,0.6682469060559587,0.6682469060559587,0.6682469060559587,107.8,0.01801669993888661,2019-09,2019-09,0.4988,0.008049,1.231721
4,C4 Hybrid + régime,2019-09,2019-09-30,P_selected,UMR,0.01774648826392654,BUY,0.5790231452512691,0.5790231452512691,0.5790231452512691,0.0,0.01798620996209156,2019-09,2019-09,0.4988,0.008049,1.231721
4,C4 Hybrid + régime,2019-09,2019-09-30,P_selected,MDP,0.017458187646136124,BUY,1.1049312665720201,1.1049312665720201,1.1049312665720201,2769.346000000093,0.01878578258211942,2019-09,2019-09,0.4988,0.008049,1.231721
4,C4 Hybrid + régime,2019-09,2019-09-30,P_selected,DHO,0.015186360558577782,BUY,0.3327557773105095,0.3327557773105095,0.3327557773105095,126858.76500000009,0.12236098877776666,2019-09,2019-09,0.4988,0.008049,1.231721
4,C4 Hybrid + régime,2019-09,2019-09-30,P_selected,LBV,0.014497718622906752,NEUTRAL,0.030568036595207362,0.030568036595207362,0.015284018297603681,4409465.65,1.0,2019-09,2019-09,0.4988,0.008049,1.231721
4,C4 Hybrid + régime,2019-09,2019-09-30,P_selected,SRM,0.011604466969145443,BUY,0.6265315595940021,0.6265315595940021,0.6265315595940021,2540.95,0.018718540976712127,2019-09,2019-09,0.4988,0.008049,1.231721
4,C4 Hybrid + régime,2019-09,2019-09-30,P_selected,MAB,0.009457651077869712,BUY,1.0284028379333348,1.0284028379333348,1.0284028379333348,1356.0,0.018373454561429057,2019-09,2019-09,0.4988,0.008049,1.231721
4,C4 Hybrid + régime,2019-09,2019-09-30,P_selected,INV,0.008496414284455505,BUY,1.5261103035955865,1.5261103035955865,1.5261103035955865,3419.2825000000025,0.018978428063367542,2019-09,2019-09,0.4988,0.008049,1.231721
4,C4 Hybrid + régime,2019-09,2019-09-30,P_selected,M2M,0.007577640023875083,NEUTRAL,0.11488064179646851,0.11488064179646851,0.057440320898234254,7030.844999999999,0.02008472614029513,2019-09,2019-09,0.4988,0.008049,1.231721
4,C4 Hybrid + régime,2019-09,2019-09-30,P_selected,SID,0.002390209471151407,BUY,0.406538607537181,0.406538607537181,0.406538607537181,148854.8675,0.1654364003549172,2019-09,2019-09,0.4988,0.008049,1.231721
4,C4 Hybrid + régime,2019-09,2019-09-30,P_selected,DWY,0.0004368563881096615,NEUTRAL,0.1528357112932799,0.1528357112932799,0.07641785564663996,281463.05499999964,0.6232600956024351,2019-09,2019-09,0.4988,0.008049,1.231721
4,C4 Hybrid + régime,2019-10,2019-10-31,P_selected,AGM,0.1387140983036752,BUY,4.101582753402225,4.101582753402225,4.101582753402225,4632.6,0.019343260980542988,2019-10,2019-10,0.7021,0.00842,0.732878
4,C4 Hybrid + régime,2019-10,2019-10-31,P_selected,MUT,0.13123554946451244,NEUTRAL,0.08641353655130073,0.08641353655130073,0.04320676827565036,976216.5275000001,0.9999910106806958,2019-10,2019-10,0.7021,0.00842,0.732878
4,C4 Hybrid + régime,2019-10,2019-10-31,P_selected,IAM,0.1200309442601597,BUY,0.3856492484293508,0.3856492484293508,0.3856492484293508,20471868.185,1.0,2019-10,2019-10,0.7021,0.00842,0.732878
4,C4 Hybrid + régime,2019-10,2019-10-31,P_selected,ATW,0.11631644429731001,NEUTRAL,0.04318811228535652,0.04318811228535652,0.02159405614267826,35828428.53249999,1.0,2019-10,2019-10,0.7021,0.00842,0.732878
4,C4 Hybrid + régime,2019-10,2019-10-31,P_selected,BCP,0.10905306003162969,BUY,0.24059369779100795,0.24059369779100795,0.24059369779100795,28475259.9925,1.0,2019-10,2019-10,0.7021,0.00842,0.732878
4,C4 Hybrid + régime,2019-10,2019-10-31,P_selected,MSA,0.06530027060287083,NEUTRAL,0.06747847827346673,0.06747847827346673,0.033739239136733365,2946203.47,1.0,2019-10,2019-10,0.7021,0.00842,0.732878
4,C4 Hybrid + régime,2019-10,2019-10-31,P_selected,MIC,0.04875360570099355,BUY,0.7813904007451027,0.7813904007451027,0.7813904007451027,306389.7,0.7114086202402908,2019-10,2019-10,0.7021,0.00842,0.732878
4,C4 Hybrid + régime,2019-10,2019-10-31,P_selected,AFM,0.04241291156001082,NEUTRAL,0.15484181845474318,0.15484181845474318,0.07742090922737159,233494.7,0.4343598403229305,2019-10,2019-10,0.7021,0.00842,0.732878
4,C4 Hybrid + régime,2019-10,2019-10-31,P_selected,TQM,0.04035969207999037,NEUTRAL,0.2127469257476178,0.2127469257476178,0.1063734628738089,2387487.6550000003,0.9999999999999987,2019-10,2019-10,0.7021,0.00842,0.732878
4,C4 Hybrid + régime,2019-10,2019-10-31,P_selected,CTM,0.02739385173142356,BUY,0.2922585796009987,0.2922585796009987,0.2922585796009987,15902.1,0.02307711240065019,2019-10,2019-10,0.7021,0.00842,0.732878
4,C4 Hybrid + régime,2019-10,2019-10-31,P_selected,JET,0.026443104435201453,BUY,0.2848399852767911,0.2848399852767911,0.2848399852767911,148429.565,0.16449901288673235,2019-10,2019-10,0.7021,0.00842,0.732878
4,C4 Hybrid + régime,2019-10,2019-10-31,P_selected,SOT,0.01961951866198565,NEUTRAL,0.01842370862342302,0.01842370862342302,0.00921185431171151,198365.2375,0.30445843435810044,2019-10,2019-10,0.7021,0.00842,0.732878
4,C4 Hybrid + régime,2019-10,2019-10-31,P_selected,MAB,0.019330299218285628,NEUTRAL,0.11813528600519826,0.11813528600519826,0.05906764300259913,302.5,0.018071897196645887,2019-10,2019-10,0.7021,0.00842,0.732878
4,C4 Hybrid + régime,2019-10,2019-10-31,P_selected,EQD,0.01788567265625656,BUY,0.5251778529190696,0.5251778529190696,0.5251778529190696,1238496.7,0.9999998647238152,2019-10,2019-10,0.7021,0.00842,0.732878
4,C4 Hybrid + régime,2019-10,2019-10-31,P_selected,LES,0.017124228326591658,NEUTRAL,0.11867913586972235,0.11867913586972235,0.05933956793486118,1544904.0375000008,0.9999999989951873,2019-10,2019-10,0.7021,0.00842,0.732878
4,C4 Hybrid + régime,2019-10,2019-10-31,P_selected,M2M,0.013570280553489009,NEUTRAL,0.1404139442080929,0.1404139442080929,0.07020697210404644,7743.964999999999,0.020310522505083774,2019-10,2019-10,0.7021,0.00842,0.732878
4,C4 Hybrid + régime,2019-10,2019-10-31,P_selected,RIS,0.01213137616466449,NEUTRAL,0.03139388984571298,0.03139388984571298,0.01569694492285649,84879.77000000009,0.06648853734980151,2019-10,2019-10,0.7021,0.00842,0.732878
4,C4 Hybrid + régime,2019-10,2019-10-31,P_selected,LHM,0.010406048723669903,NEUTRAL,0.033330251668028665,0.033330251668028665,0.016665125834014333,2825481.1,1.0,2019-10,2019-10,0.7021,0.00842,0.732878
4,C4 Hybrid + régime,2019-10,2019-10-31,P_selected,SNP,0.00941232308577364,NEUTRAL,0.17826155566200302,0.17826155566200302,0.08913077783100151,70542.18499999991,0.05358940941390174,2019-10,2019-10,0.7021,0.00842,0.732878
4,C4 Hybrid + régime,2019-10,2019-10-31,P_selected,DHO,0.0078117838869787865,BUY,0.6641170300027934,0.6641170300027934,0.6641170300027934,304324.3735000001,0.704577120903765,2019-10,2019-10,0.7021,0.00842,0.732878
4,C4 Hybrid + régime,2019-10,2019-10-31,P_selected,NEJ,0.006377136649968083,NEUTRAL,0.19210237449424322,0.19210237449424322,0.09605118724712161,1120.0,0.018305474823764226,2019-10,2019-10,0.7021,0.00842,0.732878
4,C4 Hybrid + régime,2019-10,2019-10-31,P_selected,SMI,0.00013322455902288463,BUY,0.3388251166593006,0.3388251166593006,0.3388251166593006,204374.6,0.325193322983311,2019-10,2019-10,0.7021,0.00842,0.732878
4,C4 Hybrid + régime,2019-11,2019-11-29,P_selected,IAM,0.20393377745388652,BUY,1.0829207166782144,1.0829207166782144,1.0829207166782144,27331459.76,1.0,2019-11,2019-11,0.7164,0.008729,0.862019
4,C4 Hybrid + régime,2019-11,2019-11-29,P_selected,MUT,0.17999512050226682,BUY,0.30759014133822443,0.30759014133822443,0.30759014133822443,559587.5675,0.992990126599821,2019-11,2019-11,0.7164,0.008729,0.862019
4,C4 Hybrid + régime,2019-11,2019-11-29,P_selected,HPS,0.10597063469091136,BUY,1.6808163519046602,1.6808163519046602,1.6808163519046602,1807193.0349999997,0.9999999999848812,2019-11,2019-11,0.7164,0.008729,0.862019
4,C4 Hybrid + régime,2019-11,2019-11-29,P_selected,EQD,0.07640387972298755,BUY,1.3491735734438646,1.3491735734438646,1.3491735734438646,2620213.35,1.0,2019-11,2019-11,0.7164,0.008729,0.862019
4,C4 Hybrid + régime,2019-11,2019-11-29,P_selected,MIC,0.06963701577955954,BUY,2.115843917539131,2.115843917539131,2.115843917539131,150180.6,0.168385863874593,2019-11,2019-11,0.7164,0.008729,0.862019
4,C4 Hybrid + régime,2019-11,2019-11-29,P_selected,CTM,0.06803286472345395,NEUTRAL,0.04746349438345937,0.04746349438345937,0.023731747191729685,93041.465,0.07506725650781967,2019-11,2019-11,0.7164,0.008729,0.862019
4,C4 Hybrid + régime,2019-11,2019-11-29,P_selected,SRM,0.06560294365667854,BUY,1.2997610051177018,1.2997610051177018,1.2997610051177018,230.31499999999997,0.0180514134843204,2019-11,2019-11,0.7164,0.008729,0.862019
4,C4 Hybrid + régime,2019-11,2019-11-29,P_selected,LES,0.04051367724245985,NEUTRAL,0.12040335388344435,0.12040335388344435,0.060201676941722175,573662.7725000007,0.9943957184142587,2019-11,2019-11,0.7164,0.008729,0.862019
4,C4 Hybrid + régime,2019-11,2019-11-29,P_selected,GAZ,0.038817800863539365,NEUTRAL,0.1743701489141236,0.1743701489141236,0.0871850744570618,2148347.0,0.9999999999999356,2019-11,2019-11,0.7164,0.008729,0.862019
4,C4 Hybrid + régime,2019-11,2019-11-29,P_selected,LBV,0.03859016491703079,BUY,0.49178606177520634,0.49178606177520634,0.49178606177520634,9873392.8,1.0,2019-11,2019-11,0.7164,0.008729,0.862019
4,C4 Hybrid + régime,2019-11,2019-11-29,P_selected,UMR,0.028450750183107523,BUY,0.37567864303374926,0.37567864303374926,0.37567864303374926,560.0,0.018145153197380567,2019-11,2019-11,0.7164,0.008729,0.862019
4,C4 Hybrid + régime,2019-11,2019-11-29,P_selected,MDP,0.01897151410449939,BUY,1.3251478745827867,1.3251478745827867,1.3251478745827867,32247.119500000095,0.0297695925617745,2019-11,2019-11,0.7164,0.008729,0.862019
4,C4 Hybrid + régime,2019-11,2019-11-29,P_selected,NKL,0.016702513583446696,NEUTRAL,0.14834229036276408,0.14834229036276408,0.07417114518138204,1086.3649999999993,0.018295806388256876,2019-11,2019-11,0.7164,0.008729,0.862019
4,C4 Hybrid + régime,2019-11,2019-11-29,P_selected,S2M,0.01637845870303787,BUY,0.22849421118424149,0.22849421118424149,0.22849421118424149,99392.765,0.08243481529562503,2019-11,2019-11,0.7164,0.008729,0.862019
4,C4 Hybrid + régime,2019-11,2019-11-29,P_selected,AFM,0.01214305732330478,NEUTRAL,0.07855135372382571,0.07855135372382571,0.039275676861912856,27544.75,0.02767168047548186,2019-11,2019-11,0.7164,0.008729,0.862019
4,C4 Hybrid + régime,2019-11,2019-11-29,P_selected,JET,0.01188571823062084,NEUTRAL,0.09299851731249231,0.09299851731249231,0.046499258656246156,640053.0525,0.9980555869978202,2019-11,2019-11,0.7164,0.008729,0.862019
4,C4 Hybrid + régime,2019-11,2019-11-29,P_selected,PRO,0.00693342402680462,BUY,0.4511268693098519,0.4511268693098519,0.4511268693098519,6250.75,0.019840539095438144,2019-11,2019-11,0.7164,0.008729,0.862019
4,C4 Hybrid + régime,2019-11,2019-11-29,P_selected,ATL,0.0004772270810453664,NEUTRAL,2.240980983170271e-05,2.240980983170271e-05,1.1204904915851355e-05,490021.1739999998,0.9789656303263581,2019-11,2019-11,0.7164,0.008729,0.862019
4,C4 Hybrid + régime,2019-11,2019-11-29,P_selected,INV,0.00039054411116892687,BUY,1.3597152845440001,1.3597152845440001,1.3597152845440001,17016.985000000004,0.02348270565628677,2019-11,2019-11,0.7164,0.008729,0.862019
4,C4 Hybrid + régime,2019-12,2019-12-31,P_selected,IAM,0.22547342756827066,NEUTRAL,0.049778305981064225,0.049778305981064225,0.024889152990532112,46029091.61,1.0,2019-12,2019-12,0.7777,0.008471,0.541745
4,C4 Hybrid + régime,2019-12,2019-12-31,P_selected,MUT,0.1266356455765648,NEUTRAL,0.21018565268376602,0.21018565268376602,0.10509282634188301,7466039.4825,1.0,2019-12,2019-12,0.7777,0.008471,0.541745
4,C4 Hybrid + régime,2019-12,2019-12-31,P_selected,BCP,0.11685662375286064,BUY,0.22780950028969088,0.22780950028969088,0.22780950028969088,23992460.7025,1.0,2019-12,2019-12,0.7777,0.008471,0.541745
4,C4 Hybrid + régime,2019-12,2019-12-31,P_selected,SOT,0.1131071410108151,BUY,0.25696218596400094,0.25696218596400094,0.25696218596400094,1018969.1,0.9999954642047697,2019-12,2019-12,0.7777,0.008471,0.541745
4,C4 Hybrid + régime,2019-12,2019-12-31,P_selected,MOX,0.08498494482974896,BUY,4.418008574813475,4.418008574813475,4.418008574813475,12455.064999999999,0.02186588869672976,2019-12,2019-12,0.7777,0.008471,0.541745
4,C4 Hybrid + régime,2019-12,2019-12-31,P_selected,LES,0.05406188492363388,NEUTRAL,0.18158092154847533,0.18158092154847533,0.09079046077423766,427014.0800000007,0.9443925788052625,2019-12,2019-12,0.7777,0.008471,0.541745
4,C4 Hybrid + régime,2019-12,2019-12-31,P_selected,AFM,0.043110653846233395,BUY,0.3778885759934318,0.3778885759934318,0.3778885759934318,115966.5,0.10484291823773423,2019-12,2019-12,0.7777,0.008471,0.541745
4,C4 Hybrid + régime,2019-12,2019-12-31,P_selected,CTM,0.04136171509160509,BUY,0.23155151677816038,0.23155151677816038,0.23155151677816038,90420.675,0.07220716436464666,2019-12,2019-12,0.7777,0.008471,0.541745
4,C4 Hybrid + régime,2019-12,2019-12-31,P_selected,LHM,0.03893692342126767,BUY,0.25010092062256234,0.25010092062256234,0.25010092062256234,17155656.5,1.0,2019-12,2019-12,0.7777,0.008471,0.541745
4,C4 Hybrid + régime,2019-12,2019-12-31,P_selected,MIC,0.03494966333383355,BUY,0.9161531528090976,0.9161531528090976,0.9161531528090976,304387.3225,0.7047867212368506,2019-12,2019-12,0.7777,0.008471,0.541745
4,C4 Hybrid + régime,2019-12,2019-12-31,P_selected,CIH,0.03419114038524988,NEUTRAL,0.09889735117225573,0.09889735117225573,0.049448675586127866,1337103.6724999999,0.9999999720726346,2019-12,2019-12,0.7777,0.008471,0.541745
4,C4 Hybrid + régime,2019-12,2019-12-31,P_selected,SRM,0.030981052406213634,NEUTRAL,0.1494214366875251,0.1494214366875251,0.07471071834376256,8016.089999999999,0.02039733960590611,2019-12,2019-12,0.7777,0.008471,0.541745
4,C4 Hybrid + régime,2019-12,2019-12-31,P_selected,RIS,0.025716421066543347,NEUTRAL,0.08084632554237095,0.08084632554237095,0.040423162771185475,393270.15250000014,0.9082391875945185,2019-12,2019-12,0.7777,0.008471,0.541745
4,C4 Hybrid + régime,2019-12,2019-12-31,P_selected,DWY,0.011818437272810647,BUY,0.867574955060869,0.867574955060869,0.867574955060869,240478.53249999965,0.4619876192204156,2019-12,2019-12,0.7777,0.008471,0.541745
4,C4 Hybrid + régime,2019-12,2019-12-31,P_selected,IBC,0.006864713273708779,BUY,0.45190548734969754,0.45190548734969754,0.45190548734969754,30639.289499999995,0.029035480832085948,2019-12,2019-12,0.7777,0.008471,0.541745
4,C4 Hybrid + régime,2019-12,2019-12-31,P_selected,DHO,0.004218583198205815,NEUTRAL,0.09923828687947511,0.09923828687947511,0.049619143439737556,1104394.7615000003,0.9999988437370408,2019-12,2019-12,0.7777,0.008471,0.541745
4,C4 Hybrid + régime,2019-12,2019-12-31,P_selected,INV,0.0027264596880680193,NEUTRAL,0.16557901677311745,0.16557901677311745,0.08278950838655873,53958.645000000004,0.04162007411412025,2019-12,2019-12,0.7777,0.008471,0.541745
4,C4 Hybrid + régime,2019-12,2019-12-31,P_selected,ATL,0.002281886108961419,NEUTRAL,0.07886475914084459,0.07886475914084459,0.039432379570422296,1682792.1009999998,0.9999999998893527,2019-12,2019-12,0.7777,0.008471,0.541745
4,C4 Hybrid + régime,2019-12,2019-12-31,P_selected,COL,0.0005533931728751456,NEUTRAL,0.19648198584523546,0.19648198584523546,0.09824099292261773,108401.7555,0.09401470133927262,2019-12,2019-12,0.7777,0.008471,0.541745
4,C4 Hybrid + régime,2019-12,2019-12-31,P_selected,JET,0.0004860822063510047,NEUTRAL,0.08275774065870001,0.08275774065870001,0.041378870329350004,1085589.77,0.9999984378350061,2019-12,2019-12,0.7777,0.008471,0.541745
4,C4 Hybrid + régime,2019-12,2019-12-31,P_selected,BCI,0.00039121391055531746,NEUTRAL,0.13781553052764434,0.13781553052764434,0.06890776526382217,1743889.6,0.9999999999583713,2019-12,2019-12,0.7777,0.008471,0.541745
4,C4 Hybrid + régime,2019-12,2019-12-31,P_selected,SID,0.0002897593012453228,BUY,0.39146817618609964,0.39146817618609964,0.39146817618609964,537479.3925000001,0.9900449489549438,2019-12,2019-12,0.7777,0.008471,0.541745
4,C4 Hybrid + régime,2020-01,2020-01-31,P_selected,MUT,0.17117542907823388,BUY,0.2446826438923017,0.2446826438923017,0.2446826438923017,4407419.4725,1.0,2020-01,2020-01,0.6973,0.008471,0.526882
4,C4 Hybrid + régime,2020-01,2020-01-31,P_selected,RDS,0.0907379260784781,NEUTRAL,0.18402867114683608,0.18402867114683608,0.09201433557341804,6680986.2185,1.0,2020-01,2020-01,0.6973,0.008471,0.526882
4,C4 Hybrid + régime,2020-01,2020-01-31,P_selected,EQD,0.08920787753622018,BUY,1.9385138308052496,1.9385138308052496,1.9385138308052496,1333406.05,0.9999999703705438,2020-01,2020-01,0.6973,0.008471,0.526882
4,C4 Hybrid + régime,2020-01,2020-01-31,P_selected,AGM,0.08896879560024162,BUY,0.31335998191203007,0.31335998191203007,0.31335998191203007,9448.35,0.020860302000005118,2020-01,2020-01,0.6973,0.008471,0.526882
4,C4 Hybrid + régime,2020-01,2020-01-31,P_selected,AFM,0.06427700657378856,BUY,0.39430471727736455,0.39430471727736455,0.39430471727736455,574060.9,0.9944311062747159,2020-01,2020-01,0.6973,0.008471,0.526882
4,C4 Hybrid + régime,2020-01,2020-01-31,P_selected,OUL,0.06254442404431491,BUY,0.7382368009615509,0.7382368009615509,0.7382368009615509,518.0,0.018133184784036672,2020-01,2020-01,0.6973,0.008471,0.526882
4,C4 Hybrid + régime,2020-01,2020-01-31,P_selected,LBV,0.0614823094382482,BUY,0.35089675461029884,0.35089675461029884,0.35089675461029884,8508473.55,1.0,2020-01,2020-01,0.6973,0.008471,0.526882
4,C4 Hybrid + régime,2020-01,2020-01-31,P_selected,LES,0.04730529618886866,NEUTRAL,0.08001861715233609,0.08001861715233609,0.040009308576168044,1145709.0775000008,0.9999994029982766,2020-01,2020-01,0.6973,0.008471,0.526882
4,C4 Hybrid + régime,2020-01,2020-01-31,P_selected,CMT,0.04298086058877708,BUY,0.48804294722624436,0.48804294722624436,0.48804294722624436,1796759.2,0.9999999999821345,2020-01,2020-01,0.6973,0.008471,0.526882
4,C4 Hybrid + régime,2020-01,2020-01-31,P_selected,SRM,0.042584233173347745,BUY,0.7962328278336317,0.7962328278336317,0.7962328278336317,1378.75,0.018380020769437344,2020-01,2020-01,0.6973,0.008471,0.526882
4,C4 Hybrid + régime,2020-01,2020-01-31,P_selected,REB,0.0366514262994337,NEUTRAL,0.11185996514790461,0.11185996514790461,0.055929982573952305,438.9,0.01811066530685876,2020-01,2020-01,0.6973,0.008471,0.526882
4,C4 Hybrid + régime,2020-01,2020-01-31,P_selected,MSA,0.03261184214286464,NEUTRAL,0.0235391269028615,0.0235391269028615,0.01176956345143075,11405273.16,1.0,2020-01,2020-01,0.6973,0.008471,0.526882
4,C4 Hybrid + régime,2020-01,2020-01-31,P_selected,MIC,0.03225475617052841,BUY,1.9221899353822733,1.9221899353822733,1.9221899353822733,138078.87,0.1429822565542154,2020-01,2020-01,0.6973,0.008471,0.526882
4,C4 Hybrid + régime,2020-01,2020-01-31,P_selected,HPS,0.031793059007906015,NEUTRAL,0.1325745326574567,0.1325745326574567,0.06628726632872835,3397880.375,1.0,2020-01,2020-01,0.6973,0.008471,0.526882
4,C4 Hybrid + régime,2020-01,2020-01-31,P_selected,JET,0.031015233449351892,NEUTRAL,0.14522854483669126,0.14522854483669126,0.07261427241834563,1266801.075,0.9999999139912917,2020-01,2020-01,0.6973,0.008471,0.526882
4,C4 Hybrid + régime,2020-01,2020-01-31,P_selected,SNP,0.017841899981165213,BUY,0.36312555218477227,0.36312555218477227,0.36312555218477227,172612.0799999999,0.22474828631476926,2020-01,2020-01,0.6973,0.008471,0.526882
4,C4 Hybrid + régime,2020-01,2020-01-31,P_selected,MDP,0.017147195661536024,BUY,1.053335842244114,1.053335842244114,1.053335842244114,25224.650000000092,0.026690209647860827,2020-01,2020-01,0.6973,0.008471,0.526882
4,C4 Hybrid + régime,2020-01,2020-01-31,P_selected,INV,0.016948497445380146,BUY,1.1543034638217613,1.1543034638217613,1.1543034638217613,10229.567500000003,0.021117140613169615,2020-01,2020-01,0.6973,0.008471,0.526882
4,C4 Hybrid + régime,2020-01,2020-01-31,P_selected,DWY,0.01511970442951939,BUY,0.6514210883807166,0.6514210883807166,0.6514210883807166,462973.4099999997,0.967940422199015,2020-01,2020-01,0.6973,0.008471,0.526882
4,C4 Hybrid + régime,2020-01,2020-01-31,P_selected,BCI,0.00396497290452378,BUY,0.2320687199515201,0.2320687199515201,0.2320687199515201,2165670.555,0.9999999999999512,2020-01,2020-01,0.6973,0.008471,0.526882
4,C4 Hybrid + régime,2020-01,2020-01-31,P_selected,SMI,0.002055191609096891,BUY,0.9045273356380898,0.9045273356380898,0.9045273356380898,1745267.15,0.9999999999592788,2020-01,2020-01,0.6973,0.008471,0.526882
4,C4 Hybrid + régime,2020-01,2020-01-31,P_selected,RIS,0.0009067862172099859,BUY,0.3320940802431895,0.3320940802431895,0.3320940802431895,239505.63500000015,0.4581208877734982,2020-01,2020-01,0.6973,0.008471,0.526882
4,C4 Hybrid + régime,2020-01,2020-01-31,P_selected,PRO,0.0003684601081631781,BUY,0.3868723334762274,0.3868723334762274,0.3868723334762274,72307.0,0.05503970899781012,2020-01,2020-01,0.6973,0.008471,0.526882
4,C4 Hybrid + régime,2020-02,2020-02-28,P_selected,MUT,0.18913357225679533,BUY,0.4689715723276802,0.4689715723276802,0.4689715723276802,3428438.4949999996,1.0,2020-02,2020-02,0.6679,0.009264,0.753938
4,C4 Hybrid + régime,2020-02,2020-02-28,P_selected,AGM,0.136269029733707,BUY,0.23050614246359746,0.23050614246359746,0.23050614246359746,40043.0,0.0335915507689947,2020-02,2020-02,0.6679,0.009264,0.753938
4,C4 Hybrid + régime,2020-02,2020-02-28,P_selected,MIC,0.1120763834477174,BUY,1.8022096072126126,1.8022096072126126,1.8022096072126126,1601390.95,0.9999999995930193,2020-02,2020-02,0.6679,0.009264,0.753938
4,C4 Hybrid + régime,2020-02,2020-02-28,P_selected,EQD,0.10044121870869377,BUY,2.1418695894321025,2.1418695894321025,2.1418695894321025,198931.7,0.3063811259985233,2020-02,2020-02,0.6679,0.009264,0.753938
4,C4 Hybrid + régime,2020-02,2020-02-28,P_selected,RDS,0.07780205677634103,BUY,0.6639997099333033,0.6639997099333033,0.6639997099333033,453405.75599999994,0.9628341947361193,2020-02,2020-02,0.6679,0.009264,0.753938
4,C4 Hybrid + régime,2020-02,2020-02-28,P_selected,CMT,0.06813035962338293,BUY,0.6791767240082279,0.6791767240082279,0.6791767240082279,1461601.95,0.9999999961899793,2020-02,2020-02,0.6679,0.009264,0.753938
4,C4 Hybrid + régime,2020-02,2020-02-28,P_selected,JET,0.06746739215617258,BUY,0.34617728179771423,0.34617728179771423,0.34617728179771423,251459.77000000002,0.5058388145710299,2020-02,2020-02,0.6679,0.009264,0.753938
4,C4 Hybrid + régime,2020-02,2020-02-28,P_selected,HPS,0.05080209241412733,NEUTRAL,0.14121144164578175,0.14121144164578175,0.07060572082289088,1205720.2799999998,0.9999997714531714,2020-02,2020-02,0.6679,0.009264,0.753938
4,C4 Hybrid + régime,2020-02,2020-02-28,P_selected,GAZ,0.0498795101468988,NEUTRAL,0.04786311365169253,0.04786311365169253,0.023931556825846266,594075.0,0.9959508865913173,2020-02,2020-02,0.6679,0.009264,0.753938
4,C4 Hybrid + régime,2020-02,2020-02-28,P_selected,AFM,0.047670522513287995,BUY,0.7938211828797811,0.7938211828797811,0.7938211828797811,5908.3,0.01973426554409166,2020-02,2020-02,0.6679,0.009264,0.753938
4,C4 Hybrid + régime,2020-02,2020-02-28,P_selected,LBV,0.02837114642356917,BUY,0.5544321250783324,0.5544321250783324,0.5544321250783324,4701260.55,1.0,2020-02,2020-02,0.6679,0.009264,0.753938
4,C4 Hybrid + régime,2020-02,2020-02-28,P_selected,M2M,0.020776151453743372,BUY,0.3390395595953886,0.3390395595953886,0.3390395595953886,154394.11000000002,0.17803842652774104,2020-02,2020-02,0.6679,0.009264,0.753938
4,C4 Hybrid + régime,2020-02,2020-02-28,P_selected,MDP,0.019955283345911828,BUY,1.1898756560663317,1.1898756560663317,1.1898756560663317,6954.200500000094,0.02006060488824648,2020-02,2020-02,0.6679,0.009264,0.753938
4,C4 Hybrid + régime,2020-02,2020-02-28,P_selected,SNP,0.015769001427160503,NEUTRAL,0.016571584348072228,0.016571584348072228,0.008285792174036114,248105.35749999993,0.4924220103107658,2020-02,2020-02,0.6679,0.009264,0.753938
4,C4 Hybrid + régime,2020-02,2020-02-28,P_selected,MSA,0.010439312235823235,BUY,0.2865476101064395,0.2865476101064395,0.2865476101064395,9517217.48,1.0,2020-02,2020-02,0.6679,0.009264,0.753938
4,C4 Hybrid + régime,2020-02,2020-02-28,P_selected,DWY,0.002141772413816351,BUY,0.967985716645503,0.967985716645503,0.967985716645503,223852.17249999964,0.39690799994587744,2020-02,2020-02,0.6679,0.009264,0.753938
4,C4 Hybrid + régime,2020-02,2020-02-28,P_selected,ATL,0.0015184108065747774,NEUTRAL,0.10846287475836586,0.10846287475836586,0.05423143737918293,285290.3899999999,0.6375269074927264,2020-02,2020-02,0.6679,0.009264,0.753938
4,C4 Hybrid + régime,2020-02,2020-02-28,P_selected,PRO,0.0009072171531250388,BUY,0.6063297177636353,0.6063297177636353,0.6063297177636353,58159.104999999996,0.044384966821006365,2020-02,2020-02,0.6679,0.009264,0.753938
4,C4 Hybrid + régime,2020-02,2020-02-28,P_selected,INV,0.00023112241324929,BUY,1.64872375270885,1.64872375270885,1.64872375270885,3784.662500000003,0.019087578456655856,2020-02,2020-02,0.6679,0.009264,0.753938
4,C4 Hybrid + régime,2020-02,2020-02-28,P_selected,DHO,0.00010973066121713677,BUY,0.3314160181845129,0.3314160181845129,0.3314160181845129,445576.7460000001,0.9580823974163675,2020-02,2020-02,0.6679,0.009264,0.753938
4,C4 Hybrid + régime,2020-02,2020-02-28,P_selected,BCI,0.00010512212574595071,BUY,0.35279978385849,0.35279978385849,0.35279978385849,913315.9800000001,0.9999754077762452,2020-02,2020-02,0.6679,0.009264,0.753938
4,C4 Hybrid + régime,2020-03,2020-03-31,P_selected,SOT,0.24012103754816774,BUY,3.7502627241446183,3.7502627241446183,3.7502627241446183,261889.1875,0.5474138584353674,2020-03,2020-03,0.624,0.015917,1.33083
4,C4 Hybrid + régime,2020-03,2020-03-31,P_selected,EQD,0.12502605283792587,BUY,0.8964007479237661,0.8964007479237661,0.8964007479237661,849406.05,0.9999316292306327,2020-03,2020-03,0.624,0.015917,1.33083
4,C4 Hybrid + régime,2020-03,2020-03-31,P_selected,RDS,0.11198009233831008,BUY,1.0015621975668094,1.0015621975668094,1.0015621975668094,742460.3395,0.9996216700401849,2020-03,2020-03,0.624,0.015917,1.33083
4,C4 Hybrid + régime,2020-03,2020-03-31,P_selected,AFM,0.09099700079480537,BUY,0.7713926888398766,0.7713926888398766,0.7713926888398766,77980.35,0.0599560745553538,2020-03,2020-03,0.624,0.015917,1.33083
4,C4 Hybrid + régime,2020-03,2020-03-31,P_selected,TQM,0.0771711480042256,NEUTRAL,0.04143781351348921,0.04143781351348921,0.020718906756744607,4756859.41,1.0,2020-03,2020-03,0.624,0.015917,1.33083
4,C4 Hybrid + régime,2020-03,2020-03-31,P_selected,OUL,0.07128968801108203,BUY,0.38083412362391833,0.38083412362391833,0.38083412362391833,747.1,0.018198563899434687,2020-03,2020-03,0.624,0.015917,1.33083
4,C4 Hybrid + régime,2020-03,2020-03-31,P_selected,MIC,0.04987481700428093,NEUTRAL,0.12446996400394927,0.12446996400394927,0.06223498200197464,895588.695,0.9999673430146108,2020-03,2020-03,0.624,0.015917,1.33083
4,C4 Hybrid + régime,2020-03,2020-03-31,P_selected,MUT,0.04615039346043416,BUY,0.3917945910500073,0.3917945910500073,0.3917945910500073,3111296.3075,1.0,2020-03,2020-03,0.624,0.015917,1.33083
4,C4 Hybrid + régime,2020-03,2020-03-31,P_selected,DWY,0.045013150476374435,BUY,0.41417695240941166,0.41417695240941166,0.41417695240941166,923597.1799999997,0.9999791378853968,2020-03,2020-03,0.624,0.015917,1.33083
4,C4 Hybrid + régime,2020-03,2020-03-31,P_selected,AGM,0.04500458210464163,BUY,0.4151723045054404,0.4151723045054404,0.4151723045054404,94773.65,0.07701437268452131,2020-03,2020-03,0.624,0.015917,1.33083
4,C4 Hybrid + régime,2020-03,2020-03-31,P_selected,CDM,0.03483951274204694,BUY,0.4650610437349124,0.4650610437349124,0.4650610437349124,12582.5,0.021909540047947224,2020-03,2020-03,0.624,0.015917,1.33083
4,C4 Hybrid + régime,2020-03,2020-03-31,P_selected,INV,0.014742787256766527,BUY,1.775639771024377,1.775639771024377,1.775639771024377,1132.3500000000029,0.0183090261097346,2020-03,2020-03,0.624,0.015917,1.33083
4,C4 Hybrid + régime,2020-03,2020-03-31,P_selected,RIS,0.014114122069189492,NEUTRAL,0.07708879310387716,0.07708879310387716,0.03854439655193858,169243.40250000008,0.2154966361745235,2020-03,2020-03,0.624,0.015917,1.33083
4,C4 Hybrid + régime,2020-03,2020-03-31,P_selected,BCI,0.006390118783833494,NEUTRAL,0.1742531122053812,0.1742531122053812,0.0871265561026906,1820365.0349999997,0.9999999999877542,2020-03,2020-03,0.624,0.015917,1.33083
4,C4 Hybrid + régime,2020-03,2020-03-31,P_selected,LBV,0.005124534079835944,NEUTRAL,0.03120763589246682,0.03120763589246682,0.01560381794623341,12450973.3,1.0,2020-03,2020-03,0.624,0.015917,1.33083
4,C4 Hybrid + régime,2020-03,2020-03-31,P_selected,SMI,0.0048761512536463995,BUY,0.4298492877540915,0.4298492877540915,0.4298492877540915,147675.35,0.16284718265096315,2020-03,2020-03,0.624,0.015917,1.33083
4,C4 Hybrid + régime,2020-03,2020-03-31,P_selected,CMT,0.004353427352600047,BUY,0.3675662646817638,0.3675662646817638,0.3675662646817638,1301514.8,0.999999950645498,2020-03,2020-03,0.624,0.015917,1.33083
4,C4 Hybrid + régime,2020-03,2020-03-31,P_selected,SNP,0.004258183290492313,BUY,0.22404918756826347,0.22404918756826347,0.22404918756826347,664384.07,0.9986817685101665,2020-03,2020-03,0.624,0.015917,1.33083
4,C4 Hybrid + régime,2020-03,2020-03-31,P_selected,SID,0.0034468139705393394,NEUTRAL,0.06610456499743195,0.06610456499743195,0.033052282498715974,198943.7,0.30642192976774396,2020-03,2020-03,0.624,0.015917,1.33083
4,C4 Hybrid + régime,2020-03,2020-03-31,P_selected,M2M,0.002165730772927011,NEUTRAL,0.022644550907577138,0.022644550907577138,0.011322275453788569,66090.175,0.05008946023899329,2020-03,2020-03,0.624,0.015917,1.33083
4,C4 Hybrid + régime,2020-03,2020-03-31,P_selected,PRO,0.001325191860706656,NEUTRAL,0.08653907933807495,0.08653907933807495,0.043269539669037474,3528.6,0.01901102028040698,2020-03,2020-03,0.624,0.015917,1.33083
4,C4 Hybrid + régime,2020-03,2020-03-31,P_selected,NKL,0.0007329755525129975,NEUTRAL,0.15352036793415205,0.15352036793415205,0.07676018396707603,6734.189999999998,0.01999152158787773,2020-03,2020-03,0.624,0.015917,1.33083
4,C4 Hybrid + régime,2020-03,2020-03-31,P_selected,DHO,0.000531720955698017,BUY,0.22470758929892704,0.22470758929892704,0.22470758929892704,573609.7920000001,0.9943909923758028,2020-03,2020-03,0.624,0.015917,1.33083
4,C4 Hybrid + régime,2020-03,2020-03-31,P_selected,ATL,0.0003279674504963055,NEUTRAL,0.196686246052709,0.196686246052709,0.0983431230263545,1024660.6965,0.9999958590084128,2020-03,2020-03,0.624,0.015917,1.33083
4,C4 Hybrid + régime,2020-03,2020-03-31,P_selected,JET,0.00014280002846051804,NEUTRAL,0.1794995647272069,0.1794995647272069,0.08974978236360345,572731.365,0.9943120536819903,2020-03,2020-03,0.624,0.015917,1.33083
4,C4 Hybrid + régime,2020-04,2020-04-30,P_selected,CDM,0.4,BUY,1.2665907385264086,1.2665907385264086,1.2665907385264086,684352.5,0.9990419384377116,2020-04,2020-04,0.7253,0.013329,1.268999
4,C4 Hybrid + régime,2020-04,2020-04-30,P_selected,MOX,0.15632779001786956,BUY,3.0322256681221385,3.0322256681221385,3.0322256681221385,0.0,0.01798620996209156,2020-04,2020-04,0.7253,0.013329,1.268999
4,C4 Hybrid + régime,2020-04,2020-04-30,P_selected,TMA,0.10219293982394084,BUY,0.8366531812170722,0.8366531812170722,0.8366531812170722,2275594.65,0.9999999999999916,2020-04,2020-04,0.7253,0.013329,1.268999
4,C4 Hybrid + régime,2020-04,2020-04-30,P_selected,MUT,0.08267505466225097,NEUTRAL,0.2094778904445846,0.2094778904445846,0.1047389452222923,931351.9525,0.9999815721908594,2020-04,2020-04,0.7253,0.013329,1.268999
4,C4 Hybrid + régime,2020-04,2020-04-30,P_selected,RDS,0.07032915114900701,BUY,0.7080697623559316,0.7080697623559316,0.7080697623559316,3741394.8140000002,1.0,2020-04,2020-04,0.7253,0.013329,1.268999
4,C4 Hybrid + régime,2020-04,2020-04-30,P_selected,AGM,0.05867301500628417,BUY,0.7460325368019706,0.7460325368019706,0.7460325368019706,169606.5,0.21648041107099902,2020-04,2020-04,0.7253,0.013329,1.268999
4,C4 Hybrid + régime,2020-04,2020-04-30,P_selected,LBV,0.049750278381372776,NEUTRAL,0.15805901944130674,0.15805901944130674,0.07902950972065337,4322561.55,1.0,2020-04,2020-04,0.7253,0.013329,1.268999
4,C4 Hybrid + régime,2020-04,2020-04-30,P_selected,EQD,0.048865761910561155,BUY,1.6328570140746976,1.6328570140746976,1.6328570140746976,25203.3,0.02668133705154264,2020-04,2020-04,0.7253,0.013329,1.268999
4,C4 Hybrid + régime,2020-04,2020-04-30,P_selected,ALM,0.011691958344036952,BUY,0.4669008999562723,0.4669008999562723,0.4669008999562723,14090.6,0.022432634711844094,2020-04,2020-04,0.7253,0.013329,1.268999
4,C4 Hybrid + régime,2020-04,2020-04-30,P_selected,DHO,0.006314178711375353,BUY,0.2283063601512575,0.2283063601512575,0.2283063601512575,204982.39700000008,0.327330965137829,2020-04,2020-04,0.7253,0.013329,1.268999
4,C4 Hybrid + régime,2020-04,2020-04-30,P_selected,INV,0.0037722909261152797,BUY,1.4393451298503734,1.4393451298503734,1.4393451298503734,4870.867500000003,0.01941570916434402,2020-04,2020-04,0.7253,0.013329,1.268999
4,C4 Hybrid + régime,2020-04,2020-04-30,P_selected,AFM,0.0022681814981202557,BUY,0.6707091572994789,0.6707091572994789,0.6707091572994789,18161.75,0.023906406485634125,2020-04,2020-04,0.7253,0.013329,1.268999
4,C4 Hybrid + régime,2020-04,2020-04-30,P_selected,DWY,0.0019509270567712495,BUY,0.6330345686793178,0.6330345686793178,0.6330345686793178,107556.25749999953,0.09286875517692465,2020-04,2020-04,0.7253,0.013329,1.268999
4,C4 Hybrid + régime,2020-04,2020-04-30,P_selected,COL,0.0012243124003321303,NEUTRAL,0.02836728918069019,0.02836728918069019,0.014183644590345094,10242.880000000001,0.021121544029398354,2020-04,2020-04,0.7253,0.013329,1.268999
4,C4 Hybrid + régime,2020-04,2020-04-30,P_selected,M2M,0.0012135201135619895,BUY,0.45671571848782644,0.45671571848782644,0.45671571848782644,2276.3324999999995,0.0186409306648364,2020-04,2020-04,0.7253,0.013329,1.268999
4,C4 Hybrid + régime,2020-04,2020-04-30,P_selected,CMT,0.0011477009162822007,NEUTRAL,0.15415327442584786,0.15415327442584786,0.07707663721292393,970643.975,0.9999901723766446,2020-04,2020-04,0.7253,0.013329,1.268999
4,C4 Hybrid + régime,2020-04,2020-04-30,P_selected,MDP,0.0006834381164880609,BUY,0.9323544003090984,0.9323544003090984,0.9323544003090984,3504.8510000000933,0.019003935025317047,2020-04,2020-04,0.7253,0.013329,1.268999
4,C4 Hybrid + régime,2020-04,2020-04-30,P_selected,SNP,0.0005774101896139664,BUY,0.826003248206817,0.826003248206817,0.826003248206817,119934.22999999991,0.11095212152195225,2020-04,2020-04,0.7253,0.013329,1.268999
4,C4 Hybrid + régime,2020-04,2020-04-30,P_selected,MIC,0.00024465466178429687,NEUTRAL,0.17915124385899422,0.17915124385899422,0.08957562192949711,66273.9125,0.050229522563295784,2020-04,2020-04,0.7253,0.013329,1.268999
4,C4 Hybrid + régime,2020-05,2020-05-29,P_selected,AGM,0.2071964471395386,BUY,2.139471204957479,2.139471204957479,2.139471204957479,53175.75,0.04112328518705979,2020-05,2020-05,0.7017,0.015358,1.182845
4,C4 Hybrid + régime,2020-05,2020-05-29,P_selected,TMA,0.20207054853726153,BUY,1.8555894056769495,1.8555894056769495,1.8555894056769495,2098179.75,0.9999999999998563,2020-05,2020-05,0.7017,0.015358,1.182845
4,C4 Hybrid + régime,2020-05,2020-05-29,P_selected,EQD,0.15739082269844032,BUY,1.4059938270097598,1.4059938270097598,1.4059938270097598,381401.35,0.8911383227967002,2020-05,2020-05,0.7017,0.015358,1.182845
4,C4 Hybrid + régime,2020-05,2020-05-29,P_selected,IAM,0.08431418579692271,NEUTRAL,0.10394117056463165,0.10394117056463165,0.05197058528231582,15121149.232499998,1.0,2020-05,2020-05,0.7017,0.015358,1.182845
4,C4 Hybrid + régime,2020-05,2020-05-29,P_selected,MUT,0.07810598863816132,BUY,0.5099108928434767,0.5099108928434767,0.5099108928434767,629594.77,0.9977022312432804,2020-05,2020-05,0.7017,0.015358,1.182845
4,C4 Hybrid + régime,2020-05,2020-05-29,P_selected,LBV,0.06848723384260173,BUY,0.23544394266054064,0.23544394266054064,0.23544394266054064,5376988.2,1.0,2020-05,2020-05,0.7017,0.015358,1.182845
4,C4 Hybrid + régime,2020-05,2020-05-29,P_selected,GAZ,0.058437355735998606,BUY,0.23698306523674945,0.23698306523674945,0.23698306523674945,294368.45,0.670378002426336,2020-05,2020-05,0.7017,0.015358,1.182845
4,C4 Hybrid + régime,2020-05,2020-05-29,P_selected,TQM,0.05505327481367305,BUY,0.252473739847511,0.252473739847511,0.252473739847511,2492234.445,0.9999999999999998,2020-05,2020-05,0.7017,0.015358,1.182845
4,C4 Hybrid + régime,2020-05,2020-05-29,P_selected,BCI,0.01863578330263915,NEUTRAL,0.13532389888705676,0.13532389888705676,0.06766194944352838,293713.155,0.6680570550382775,2020-05,2020-05,0.7017,0.015358,1.182845
4,C4 Hybrid + régime,2020-05,2020-05-29,P_selected,MDP,0.017982853028340382,BUY,1.5938874004798165,1.5938874004798165,1.5938874004798165,9128.233500000093,0.020755943493684738,2020-05,2020-05,0.7017,0.015358,1.182845
4,C4 Hybrid + régime,2020-05,2020-05-29,P_selected,DWY,0.009006697841551867,BUY,0.394804495792047,0.394804495792047,0.394804495792047,256567.51499999952,0.5262459141410213,2020-05,2020-05,0.7017,0.015358,1.182845
4,C4 Hybrid + régime,2020-05,2020-05-29,P_selected,AFM,0.007214544919823295,BUY,0.9579104003511593,0.9579104003511593,0.9579104003511593,20043.45,0.024619116735429842,2020-05,2020-05,0.7017,0.015358,1.182845
4,C4 Hybrid + régime,2020-05,2020-05-29,P_selected,SMI,0.006987477253117011,NEUTRAL,0.09970485182055894,0.09970485182055894,0.04985242591027947,195101.4,0.29351409282277097,2020-05,2020-05,0.7017,0.015358,1.182845
4,C4 Hybrid + régime,2020-05,2020-05-29,P_selected,COL,0.0066972663398585305,BUY,0.2649091207307283,0.2649091207307283,0.2649091207307283,5777.727000000001,0.01969389148041867,2020-05,2020-05,0.7017,0.015358,1.182845
4,C4 Hybrid + régime,2020-05,2020-05-29,P_selected,M2M,0.005624664753818861,NEUTRAL,0.13585592423855783,0.13585592423855783,0.06792796211927891,77924.6475,0.059905862767034294,2020-05,2020-05,0.7017,0.015358,1.182845
4,C4 Hybrid + régime,2020-05,2020-05-29,P_selected,INV,0.004824847394329266,BUY,1.3529369443353472,1.3529369443353472,1.3529369443353472,9825.720000000003,0.02098398486013575,2020-05,2020-05,0.7017,0.015358,1.182845
4,C4 Hybrid + régime,2020-05,2020-05-29,P_selected,RDS,0.004323279040910372,BUY,0.5719010605671148,0.5719010605671148,0.5719010605671148,396637.7525,0.9126320311257966,2020-05,2020-05,0.7017,0.015358,1.182845
4,C4 Hybrid + régime,2020-05,2020-05-29,P_selected,IBC,0.004223560037423166,BUY,0.6304615044415547,0.6304615044415547,0.6304615044415547,3576.043999999999,0.01902518243763535,2020-05,2020-05,0.7017,0.015358,1.182845
4,C4 Hybrid + régime,2020-05,2020-05-29,P_selected,PRO,0.0011975621135393746,BUY,0.4508176645298825,0.4508176645298825,0.4508176645298825,5296.74,0.019545864085483308,2020-05,2020-05,0.7017,0.015358,1.182845
4,C4 Hybrid + régime,2020-05,2020-05-29,P_selected,SNP,0.0010032413000304321,NEUTRAL,0.16723071678805865,0.16723071678805865,0.08361535839402932,360448.8599999999,0.8541068451904579,2020-05,2020-05,0.7017,0.015358,1.182845
4,C4 Hybrid + régime,2020-05,2020-05-29,P_selected,DHO,0.0008945631336851445,NEUTRAL,0.011616359908570052,0.011616359908570052,0.005808179954285026,205599.86300000007,0.32950997655274344,2020-05,2020-05,0.7017,0.015358,1.182845
4,C4 Hybrid + régime,2020-05,2020-05-29,P_selected,ATL,0.00032780233833541375,NEUTRAL,0.21224808480775198,0.21224808480775198,0.10612404240387599,390144.81949999987,0.9039857615401989,2020-05,2020-05,0.7017,0.015358,1.182845
4,C4 Hybrid + régime,2020-06,2020-06-30,P_selected,BOA,0.2147609286072922,NEUTRAL,0.06574263068560271,0.06574263068560271,0.032871315342801355,5289410.52,1.0,2020-06,2020-06,0.6485,0.01103,0.792516
4,C4 Hybrid + régime,2020-06,2020-06-30,P_selected,CDM,0.16127225425166078,BUY,0.7229807890643585,0.7229807890643585,0.7229807890643585,405775.4,0.9236077628915849,2020-06,2020-06,0.6485,0.01103,0.792516
4,C4 Hybrid + régime,2020-06,2020-06-30,P_selected,SRM,0.11078094712902954,BUY,3.2767725285946776,3.2767725285946776,3.2767725285946776,156.79749999999999,0.018030575078485992,2020-06,2020-06,0.6485,0.01103,0.792516
4,C4 Hybrid + régime,2020-06,2020-06-30,P_selected,EQD,0.09281939582264277,BUY,0.6310124599395468,0.6310124599395468,0.6310124599395468,945652.3,0.9999853409323123,2020-06,2020-06,0.6485,0.01103,0.792516
4,C4 Hybrid + régime,2020-06,2020-06-30,P_selected,NEJ,0.08525093566579015,BUY,0.6288798446785996,0.6288798446785996,0.6288798446785996,114.05,0.01801846923400843,2020-06,2020-06,0.6485,0.01103,0.792516
4,C4 Hybrid + régime,2020-06,2020-06-30,P_selected,LBV,0.08435499416850155,BUY,0.7323363271662894,0.7323363271662894,0.7323363271662894,8313081.45,1.0,2020-06,2020-06,0.6485,0.01103,0.792516
4,C4 Hybrid + régime,2020-06,2020-06-30,P_selected,AFM,0.05893330414167324,BUY,0.8176407098529388,0.8176407098529388,0.8176407098529388,6239.3,0.0198369767381782,2020-06,2020-06,0.6485,0.01103,0.792516
4,C4 Hybrid + régime,2020-06,2020-06-30,P_selected,IAM,0.043679380053177994,BUY,0.2892449524994192,0.2892449524994192,0.2892449524994192,16048739.127500001,1.0,2020-06,2020-06,0.6485,0.01103,0.792516
4,C4 Hybrid + régime,2020-06,2020-06-30,P_selected,PRO,0.04070075958390257,BUY,0.6620723234550414,0.6620723234550414,0.6620723234550414,4673.205,0.0193555886741072,2020-06,2020-06,0.6485,0.01103,0.792516
4,C4 Hybrid + régime,2020-06,2020-06-30,P_selected,MSA,0.025281140411713043,NEUTRAL,0.09979509279156182,0.09979509279156182,0.04989754639578091,4853221.6525,1.0,2020-06,2020-06,0.6485,0.01103,0.792516
4,C4 Hybrid + régime,2020-06,2020-06-30,P_selected,INV,0.020328125460377773,BUY,0.5826191730032333,0.5826191730032333,0.5826191730032333,6637.650000000003,0.019961281643365386,2020-06,2020-06,0.6485,0.01103,0.792516
4,C4 Hybrid + régime,2020-06,2020-06-30,P_selected,HPS,0.020159944854046628,BUY,0.3205065528667932,0.3205065528667932,0.3205065528667932,1738570.6049999997,0.9999999999546736,2020-06,2020-06,0.6485,0.01103,0.792516
4,C4 Hybrid + régime,2020-06,2020-06-30,P_selected,MOX,0.015998424391157798,BUY,0.9144688312905873,0.9144688312905873,0.9144688312905873,94875.25,0.07713000495184075,2020-06,2020-06,0.6485,0.01103,0.792516
4,C4 Hybrid + régime,2020-06,2020-06-30,P_selected,OUL,0.008760894930755627,BUY,0.7080880494655306,0.7080880494655306,0.7080880494655306,826.0,0.018221133399475904,2020-06,2020-06,0.6485,0.01103,0.792516
4,C4 Hybrid + régime,2020-06,2020-06-30,P_selected,SNP,0.006305934089120971,NEUTRAL,0.11035030398319262,0.11035030398319262,0.05517515199159631,551528.1149999999,0.9920330116777498,2020-06,2020-06,0.6485,0.01103,0.792516
4,C4 Hybrid + régime,2020-06,2020-06-30,P_selected,MDP,0.0027513058113257795,BUY,0.7291671164710913,0.7291671164710913,0.7291671164710913,44697.856000000094,0.03609514217649605,2020-06,2020-06,0.6485,0.01103,0.792516
4,C4 Hybrid + régime,2020-06,2020-06-30,P_selected,ATL,0.0014181295832137082,NEUTRAL,0.0536539030404278,0.0536539030404278,0.0268269515202139,235170.60849999994,0.4409591605106959,2020-06,2020-06,0.6485,0.01103,0.792516
4,C4 Hybrid + régime,2020-06,2020-06-30,P_selected,RDS,0.0013383557796951514,BUY,0.39024786041642856,0.39024786041642856,0.39024786041642856,433411.0854999999,0.949529489285567,2020-06,2020-06,0.6485,0.01103,0.792516
4,C4 Hybrid + régime,2020-06,2020-06-30,P_selected,DRI,0.0010130692093010837,NEUTRAL,0.024866578709658305,0.024866578709658305,0.012433289354829152,57490.05,0.043933128031693434,2020-06,2020-06,0.6485,0.01103,0.792516
4,C4 Hybrid + régime,2020-06,2020-06-30,P_selected,BCI,0.0008950618495636896,NEUTRAL,0.08752699016733465,0.08752699016733465,0.04376349508366732,1175081.78,0.9999996268587688,2020-06,2020-06,0.6485,0.01103,0.792516
4,C4 Hybrid + régime,2020-06,2020-06-30,P_selected,ALM,0.0007636455433265841,NEUTRAL,0.016649227770859254,0.016649227770859254,0.008324613885429627,4800.0,0.01939413327806055,2020-06,2020-06,0.6485,0.01103,0.792516
4,C4 Hybrid + régime,2020-06,2020-06-30,P_selected,DWY,0.0007206059619970559,BUY,0.5561382108605339,0.5561382108605339,0.5561382108605339,1612478.5299999996,0.9999999996591766,2020-06,2020-06,0.6485,0.01103,0.792516
4,C4 Hybrid + régime,2020-06,2020-06-30,P_selected,MIC,0.0006351021625297898,BUY,0.27413650331007117,0.27413650331007117,0.27413650331007117,3977525.7800000003,1.0,2020-06,2020-06,0.6485,0.01103,0.792516
4,C4 Hybrid + régime,2020-06,2020-06-30,P_selected,MUT,0.0005625651449482562,BUY,0.30380281848157076,0.30380281848157076,0.30380281848157076,5212488.3525,1.0,2020-06,2020-06,0.6485,0.01103,0.792516
4,C4 Hybrid + régime,2020-06,2020-06-30,P_selected,COL,0.0003184949587635322,NEUTRAL,0.011623865408137618,0.011623865408137618,0.005811932704068809,8471.73,0.02054351844696044,2020-06,2020-06,0.6485,0.01103,0.792516
4,C4 Hybrid + régime,2020-06,2020-06-30,P_selected,NKL,0.00012060894755998284,NEUTRAL,0.15030079115983197,0.15030079115983197,0.07515039557991599,28.462499999998546,0.01799425532439212,2020-06,2020-06,0.6485,0.01103,0.792516
4,C4 Hybrid + régime,2020-07,2020-07-29,P_selected,UMR,0.1710235833659939,BUY,0.8214014580868628,0.8214014580868628,0.8214014580868628,16.5075,0.01799087563001326,2020-07,2020-07,0.5201,0.015183,0.726654
4,C4 Hybrid + régime,2020-07,2020-07-29,P_selected,SOT,0.14959650456754417,BUY,0.8640927123269452,0.8640927123269452,0.8640927123269452,37861.25,0.03247659310751169,2020-07,2020-07,0.5201,0.015183,0.726654
4,C4 Hybrid + régime,2020-07,2020-07-29,P_selected,MIC,0.11010779548318785,BUY,0.7236615202586285,0.7236615202586285,0.7236615202586285,857982.2750000004,0.9999403952927607,2020-07,2020-07,0.5201,0.015183,0.726654
4,C4 Hybrid + régime,2020-07,2020-07-29,P_selected,SMI,0.08408242517822392,BUY,0.972633163901492,0.972633163901492,0.972633163901492,573366.8,0.9943692658545167,2020-07,2020-07,0.5201,0.015183,0.726654
4,C4 Hybrid + régime,2020-07,2020-07-29,P_selected,DWY,0.07920968413960733,BUY,0.6348645137404528,0.6348645137404528,0.6348645137404528,495849.71499999956,0.9808025826232469,2020-07,2020-07,0.5201,0.015183,0.726654
4,C4 Hybrid + régime,2020-07,2020-07-29,P_selected,CIH,0.07860152412435244,BUY,1.144713197713974,1.144713197713974,1.144713197713974,40807.225,0.03399076907598497,2020-07,2020-07,0.5201,0.015183,0.726654
4,C4 Hybrid + régime,2020-07,2020-07-29,P_selected,TMA,0.07372967097261876,BUY,0.5239167365564492,0.5239167365564492,0.5239167365564492,1844212.875,0.9999999999916387,2020-07,2020-07,0.5201,0.015183,0.726654
4,C4 Hybrid + régime,2020-07,2020-07-29,P_selected,IAM,0.06153455798048216,BUY,0.39620952777631585,0.39620952777631585,0.39620952777631585,9635744.745000001,1.0,2020-07,2020-07,0.5201,0.015183,0.726654
4,C4 Hybrid + régime,2020-07,2020-07-29,P_selected,HPS,0.06126705771276475,BUY,0.4604169811901999,0.4604169811901999,0.4604169811901999,896195.2399999995,0.9999676583984289,2020-07,2020-07,0.5201,0.015183,0.726654
4,C4 Hybrid + régime,2020-07,2020-07-29,P_selected,CDM,0.05395403025532611,BUY,0.5690287105709085,0.5690287105709085,0.5690287105709085,85197.1,0.06680436749137274,2020-07,2020-07,0.5201,0.015183,0.726654
4,C4 Hybrid + régime,2020-07,2020-07-29,P_selected,M2M,0.01629812927969835,BUY,0.588802968276979,0.588802968276979,0.588802968276979,448843.8,0.9601321539596722,2020-07,2020-07,0.5201,0.015183,0.726654
4,C4 Hybrid + régime,2020-07,2020-07-29,P_selected,MNG,0.011504355545506766,BUY,0.5220008774017926,0.5220008774017926,0.5220008774017926,39444850.440000005,1.0,2020-07,2020-07,0.5201,0.015183,0.726654
4,C4 Hybrid + régime,2020-07,2020-07-29,P_selected,DRI,0.010767984328780062,BUY,0.623025787857741,0.623025787857741,0.623025787857741,2042.1,0.018572495487104115,2020-07,2020-07,0.5201,0.015183,0.726654
4,C4 Hybrid + régime,2020-07,2020-07-29,P_selected,GAZ,0.009060468711364435,BUY,0.23414299928860233,0.23414299928860233,0.23414299928860233,186103.4,0.26457075797671664,2020-07,2020-07,0.5201,0.015183,0.726654
4,C4 Hybrid + régime,2020-07,2020-07-29,P_selected,MAB,0.007741107312492348,NEUTRAL,0.20278476814590565,0.20278476814590565,0.10139238407295283,801.55,0.01821413649309501,2020-07,2020-07,0.5201,0.015183,0.726654
4,C4 Hybrid + régime,2020-07,2020-07-29,P_selected,LBV,0.006831526451050165,BUY,0.22127993778269647,0.22127993778269647,0.22127993778269647,3879441.85,1.0,2020-07,2020-07,0.5201,0.015183,0.726654
4,C4 Hybrid + régime,2020-07,2020-07-29,P_selected,ATL,0.0052810426892458155,BUY,0.6383874616509223,0.6383874616509223,0.6383874616509223,114582.51999999997,0.10278282484076331,2020-07,2020-07,0.5201,0.015183,0.726654
4,C4 Hybrid + régime,2020-07,2020-07-29,P_selected,PRO,0.0041430492823680614,BUY,0.40698758827989123,0.40698758827989123,0.40698758827989123,1899.1299999999999,0.018530845470146478,2020-07,2020-07,0.5201,0.015183,0.726654
4,C4 Hybrid + régime,2020-07,2020-07-29,P_selected,OUL,0.0020982140776765338,BUY,0.544110589767667,0.544110589767667,0.544110589767667,388.8,0.018096416224235103,2020-07,2020-07,0.5201,0.015183,0.726654
4,C4 Hybrid + régime,2020-07,2020-07-29,P_selected,INV,0.0020263562794889047,NEUTRAL,0.12735370327444817,0.12735370327444817,0.06367685163722409,14273.357500000002,0.022496848569530072,2020-07,2020-07,0.5201,0.015183,0.726654
4,C4 Hybrid + régime,2020-07,2020-07-29,P_selected,DHO,0.0007474158141555573,NEUTRAL,0.014642662911441909,0.014642662911441909,0.007321331455720954,298166.3610000001,0.6836640317853115,2020-07,2020-07,0.5201,0.015183,0.726654
4,C4 Hybrid + régime,2020-07,2020-07-29,P_selected,MDP,0.00025368647050652294,BUY,0.316456966139932,0.316456966139932,0.316456966139932,12449.643500000093,0.021864033512814816,2020-07,2020-07,0.5201,0.015183,0.726654
4,C4 Hybrid + régime,2020-07,2020-07-29,P_selected,MOX,0.00013887180100774282,BUY,0.8821095723076657,0.8821095723076657,0.8821095723076657,89688.625,0.07142640639253309,2020-07,2020-07,0.5201,0.015183,0.726654
4,C4 Hybrid + régime,2020-08,2020-08-31,P_selected,MOX,0.15695929294344857,BUY,1.0505379119990927,1.0505379119990927,1.0505379119990927,5172.575,0.0195078287843986,2020-08,2020-08,0.3652,0.013755,0.782526
4,C4 Hybrid + régime,2020-08,2020-08-31,P_selected,NEJ,0.15432583698905514,BUY,0.7827882972168183,0.7827882972168183,0.7827882972168183,2470.8,0.018697935690009757,2020-08,2020-08,0.3652,0.013755,0.782526
4,C4 Hybrid + régime,2020-08,2020-08-31,P_selected,SMI,0.11012222843523073,BUY,1.0231780328451232,1.0231780328451232,1.0231780328451232,1952396.35,0.999999999998519,2020-08,2020-08,0.3652,0.013755,0.782526
4,C4 Hybrid + régime,2020-08,2020-08-31,P_selected,OUL,0.07635133011826825,BUY,0.31189263965290054,0.31189263965290054,0.31189263965290054,63.8,0.018004248926914077,2020-08,2020-08,0.3652,0.013755,0.782526
4,C4 Hybrid + régime,2020-08,2020-08-31,P_selected,DWY,0.07389372659411304,BUY,0.7120008253145315,0.7120008253145315,0.7120008253145315,560657.1524999995,0.993108248719246,2020-08,2020-08,0.3652,0.013755,0.782526
4,C4 Hybrid + régime,2020-08,2020-08-31,P_selected,AFM,0.07204121426674735,BUY,1.1122968954362316,1.1122968954362316,1.1122968954362316,4074.35,0.019174554403261945,2020-08,2020-08,0.3652,0.013755,0.782526
4,C4 Hybrid + régime,2020-08,2020-08-31,P_selected,MDP,0.06803502068160497,BUY,1.3810156343247944,1.3810156343247944,1.3810156343247944,19016.443500000092,0.024227599511540562,2020-08,2020-08,0.3652,0.013755,0.782526
4,C4 Hybrid + régime,2020-08,2020-08-31,P_selected,MAB,0.05878894385097979,BUY,0.3371948246062938,0.3371948246062938,0.3371948246062938,613.2,0.01816032431868232,2020-08,2020-08,0.3652,0.013755,0.782526
4,C4 Hybrid + régime,2020-08,2020-08-31,P_selected,TMA,0.052567905280958775,BUY,0.4838266643592884,0.4838266643592884,0.4838266643592884,474459.5625,0.9731782203433028,2020-08,2020-08,0.3652,0.013755,0.782526
4,C4 Hybrid + régime,2020-08,2020-08-31,P_selected,MNG,0.040482347858420455,BUY,0.6633969595534404,0.6633969595534404,0.6633969595534404,42319013.305,1.0,2020-08,2020-08,0.3652,0.013755,0.782526
4,C4 Hybrid + régime,2020-08,2020-08-31,P_selected,PRO,0.02277021992745523,BUY,0.37381686235144324,0.37381686235144324,0.37381686235144324,689.095,0.018181988957637018,2020-08,2020-08,0.3652,0.013755,0.782526
4,C4 Hybrid + régime,2020-08,2020-08-31,P_selected,LBV,0.022712239004933066,BUY,0.4281359209296007,0.4281359209296007,0.4281359209296007,5636801.7,1.0,2020-08,2020-08,0.3652,0.013755,0.782526
4,C4 Hybrid + régime,2020-08,2020-08-31,P_selected,M2M,0.019840882371214823,BUY,0.5970546942078427,0.5970546942078427,0.5970546942078427,115960.56000000001,0.10483399898500509,2020-08,2020-08,0.3652,0.013755,0.782526
4,C4 Hybrid + régime,2020-08,2020-08-31,P_selected,MIC,0.016834285557402608,BUY,0.8707202528680646,0.8707202528680646,0.8707202528680646,302603.1900000004,0.6988128301262434,2020-08,2020-08,0.3652,0.013755,0.782526
4,C4 Hybrid + régime,2020-08,2020-08-31,P_selected,GAZ,0.016280953457016113,BUY,0.5302242318648955,0.5302242318648955,0.5302242318648955,440504.0,0.9546988702424033,2020-08,2020-08,0.3652,0.013755,0.782526
4,C4 Hybrid + régime,2020-08,2020-08-31,P_selected,IAM,0.012291842294138837,NEUTRAL,0.06024898936040634,0.06024898936040634,0.03012449468020317,6532424.455,1.0,2020-08,2020-08,0.3652,0.013755,0.782526
4,C4 Hybrid + régime,2020-08,2020-08-31,P_selected,MSA,0.00975043654477055,BUY,0.3266457167596783,0.3266457167596783,0.3266457167596783,2916280.7125,1.0,2020-08,2020-08,0.3652,0.013755,0.782526
4,C4 Hybrid + régime,2020-08,2020-08-31,P_selected,BAL,0.008813256771550348,BUY,0.36350447039311284,0.36350447039311284,0.36350447039311284,0.0,0.01798620996209156,2020-08,2020-08,0.3652,0.013755,0.782526
4,C4 Hybrid + régime,2020-08,2020-08-31,P_selected,MUT,0.0030837883045781284,NEUTRAL,0.02431950785749948,0.02431950785749948,0.01215975392874974,451253.27999999997,0.9615819532668284,2020-08,2020-08,0.3652,0.013755,0.782526
4,C4 Hybrid + régime,2020-08,2020-08-31,P_selected,CDM,0.002867152896274999,BUY,0.3383801941821405,0.3383801941821405,0.3383801941821405,26714.655,0.02731656141513725,2020-08,2020-08,0.3652,0.013755,0.782526
4,C4 Hybrid + régime,2020-08,2020-08-31,P_selected,HPS,0.0008309954539787823,BUY,0.3900280437138502,0.3900280437138502,0.3900280437138502,1349847.2849999997,0.9999999772239566,2020-08,2020-08,0.3652,0.013755,0.782526
4,C4 Hybrid + régime,2020-08,2020-08-31,P_selected,INV,0.00023559241612654895,NEUTRAL,0.10629694572001944,0.10629694572001944,0.05314847286000972,5646.405000000003,0.019653367462999612,2020-08,2020-08,0.3652,0.013755,0.782526
4,C4 Hybrid + régime,2020-09,2020-09-30,P_selected,REB,0.4,BUY,3.46393422442641,3.46393422442641,3.46393422442641,774.5200000000001,0.018206404331861516,2020-09,2020-09,0.4855,0.01473,1.599602
4,C4 Hybrid + régime,2020-09,2020-09-30,P_selected,IAM,0.12440138034725233,BUY,0.5103180740189962,0.5103180740189962,0.5103180740189962,6058549.272499999,1.0,2020-09,2020-09,0.4855,0.01473,1.599602
4,C4 Hybrid + régime,2020-09,2020-09-30,P_selected,CSR,0.11154287440100936,NEUTRAL,0.003559381447567348,0.003559381447567348,0.001779690723783674,2260402.0225,0.9999999999999893,2020-09,2020-09,0.4855,0.01473,1.599602
4,C4 Hybrid + régime,2020-09,2020-09-30,P_selected,HPS,0.09920472271880663,BUY,0.3541018235261793,0.3541018235261793,0.3541018235261793,1210607.3049999997,0.999999788642979,2020-09,2020-09,0.4855,0.01473,1.599602
4,C4 Hybrid + régime,2020-09,2020-09-30,P_selected,LBV,0.08512788800726491,BUY,0.4823384753671543,0.4823384753671543,0.4823384753671543,5829384.55,1.0,2020-09,2020-09,0.4855,0.01473,1.599602
4,C4 Hybrid + régime,2020-09,2020-09-30,P_selected,GAZ,0.041253290783561845,NEUTRAL,0.18178758589415012,0.18178758589415012,0.09089379294707506,143943.05,0.1548691108132592,2020-09,2020-09,0.4855,0.01473,1.599602
4,C4 Hybrid + régime,2020-09,2020-09-30,P_selected,SLF,0.03960604860753077,BUY,1.083546773931055,1.083546773931055,1.083546773931055,192930.435,0.2863632356059833,2020-09,2020-09,0.4855,0.01473,1.599602
4,C4 Hybrid + régime,2020-09,2020-09-30,P_selected,AFM,0.02758688575609257,BUY,0.3717497039429432,0.3717497039429432,0.3717497039429432,7580.45,0.020258529827582094,2020-09,2020-09,0.4855,0.01473,1.599602
4,C4 Hybrid + régime,2020-09,2020-09-30,P_selected,TQM,0.027451962160837888,NEUTRAL,0.0834554229475017,0.0834554229475017,0.04172771147375085,1204646.55,0.9999997674928901,2020-09,2020-09,0.4855,0.01473,1.599602
4,C4 Hybrid + régime,2020-09,2020-09-30,P_selected,PRO,0.010651776886270826,BUY,0.3555515778470275,0.3555515778470275,0.3555515778470275,1525.825,0.018422525817539795,2020-09,2020-09,0.4855,0.01473,1.599602
4,C4 Hybrid + régime,2020-09,2020-09-30,P_selected,UMR,0.008060794618554653,BUY,0.25201245289030555,0.25201245289030555,0.25201245289030555,0.0,0.01798620996209156,2020-09,2020-09,0.4855,0.01473,1.599602
4,C4 Hybrid + régime,2020-09,2020-09-30,P_selected,MSA,0.0062088277972345805,NEUTRAL,0.054639923780650385,0.054639923780650385,0.027319961890325192,3159464.04,1.0,2020-09,2020-09,0.4855,0.01473,1.599602
4,C4 Hybrid + régime,2020-09,2020-09-30,P_selected,INV,0.0056839908727520086,BUY,0.847278524690757,0.847278524690757,0.847278524690757,4230.305000000003,0.01922153920961917,2020-09,2020-09,0.4855,0.01473,1.599602
4,C4 Hybrid + régime,2020-09,2020-09-30,P_selected,M2M,0.004267951856413185,BUY,0.4992920037129043,0.4992920037129043,0.4992920037129043,213579.5,0.3583051227609479,2020-09,2020-09,0.4855,0.01473,1.599602
4,C4 Hybrid + régime,2020-09,2020-09-30,P_selected,MIC,0.0036908410559875217,BUY,0.22670240142089787,0.22670240142089787,0.22670240142089787,500656.4900000004,0.9821983800025794,2020-09,2020-09,0.4855,0.01473,1.599602
4,C4 Hybrid + régime,2020-09,2020-09-30,P_selected,NEJ,0.003322537778339442,NEUTRAL,0.0334693566111644,0.0334693566111644,0.0167346783055822,199.8,0.018042761193040633,2020-09,2020-09,0.4855,0.01473,1.599602
4,C4 Hybrid + régime,2020-09,2020-09-30,P_selected,RIS,0.0009348073161075847,BUY,1.888980589322625,1.888980589322625,1.888980589322625,44488.522500000094,0.03597879202142393,2020-09,2020-09,0.4855,0.01473,1.599602
4,C4 Hybrid + régime,2020-09,2020-09-30,P_selected,SID,0.0007105413729199343,BUY,0.6016689465918078,0.6016689465918078,0.6016689465918078,101071.7375,0.08448968308264451,2020-09,2020-09,0.4855,0.01473,1.599602
4,C4 Hybrid + régime,2020-09,2020-09-30,P_selected,SBM,0.00024683214894562466,NEUTRAL,0.12425070128061125,0.12425070128061125,0.062125350640305624,1193304.6,0.9999997212286371,2020-09,2020-09,0.4855,0.01473,1.599602
4,C4 Hybrid + régime,2020-10,2020-10-28,P_selected,REB,0.39529405479386165,BUY,4.531350007115105,4.531350007115105,4.531350007115105,569.25,0.01814779013960672,2020-10,2020-10,0.4059,0.013042,1.935098
4,C4 Hybrid + régime,2020-10,2020-10-28,P_selected,TMA,0.14790691264391717,BUY,0.2990019272004009,0.2990019272004009,0.2990019272004009,898084.85625,0.9999686215460007,2020-10,2020-10,0.4059,0.013042,1.935098
4,C4 Hybrid + régime,2020-10,2020-10-28,P_selected,IAM,0.09626190243179748,BUY,0.3145294412612974,0.3145294412612974,0.3145294412612974,7876790.347499999,1.0,2020-10,2020-10,0.4059,0.013042,1.935098
4,C4 Hybrid + régime,2020-10,2020-10-28,P_selected,MOX,0.06986683234635356,NEUTRAL,0.06021592607345494,0.06021592607345494,0.03010796303672747,141.525,0.018026249078508052,2020-10,2020-10,0.4059,0.013042,1.935098
4,C4 Hybrid + régime,2020-10,2020-10-28,P_selected,HPS,0.06698786244670345,NEUTRAL,0.09001160110535515,0.09001160110535515,0.045005800552677576,2205172.3399999994,0.999999999999974,2020-10,2020-10,0.4059,0.013042,1.935098
4,C4 Hybrid + régime,2020-10,2020-10-28,P_selected,SBM,0.05845914494686603,NEUTRAL,0.08397280978926479,0.08397280978926479,0.041986404894632394,1335302.4,0.9999999712560471,2020-10,2020-10,0.4059,0.013042,1.935098
4,C4 Hybrid + régime,2020-10,2020-10-28,P_selected,PRO,0.037822686828459386,NEUTRAL,0.06053507795816436,0.06053507795816436,0.03026753897908218,181.16500000000002,0.018037479385773682,2020-10,2020-10,0.4059,0.013042,1.935098
4,C4 Hybrid + régime,2020-10,2020-10-28,P_selected,SRM,0.03430727079671148,BUY,0.45397730299539274,0.45397730299539274,0.45397730299539274,2971.2,0.018845407195612993,2020-10,2020-10,0.4059,0.013042,1.935098
4,C4 Hybrid + régime,2020-10,2020-10-28,P_selected,MIC,0.02432246826160941,NEUTRAL,0.20473800126750005,0.20473800126750005,0.10236900063375003,415347.69000000035,0.9337369936913557,2020-10,2020-10,0.4059,0.013042,1.935098
4,C4 Hybrid + régime,2020-10,2020-10-28,P_selected,INV,0.023361985575458478,BUY,0.41929207114683587,0.41929207114683587,0.41929207114683587,41588.2625,0.034403498063201206,2020-10,2020-10,0.4059,0.013042,1.935098
4,C4 Hybrid + régime,2020-10,2020-10-28,P_selected,M2M,0.016512557129269,NEUTRAL,0.17335802852855117,0.17335802852855117,0.08667901426427559,53229.69,0.04115733019964391,2020-10,2020-10,0.4059,0.013042,1.935098
4,C4 Hybrid + régime,2020-10,2020-10-28,P_selected,GAZ,0.013206571303775755,BUY,0.5080945685359802,0.5080945685359802,0.5080945685359802,55250.95,0.04245269204622924,2020-10,2020-10,0.4059,0.013042,1.935098
4,C4 Hybrid + régime,2020-10,2020-10-28,P_selected,AFM,0.007584677067707214,BUY,0.4260074664297231,0.4260074664297231,0.4260074664297231,8284.0,0.0204831669126771,2020-10,2020-10,0.4059,0.013042,1.935098
4,C4 Hybrid + régime,2020-10,2020-10-28,P_selected,DHO,0.0066516929504675994,BUY,3.158806182216349,3.158806182216349,3.158806182216349,23757.141500000092,0.026086978031514677,2020-10,2020-10,0.4059,0.013042,1.935098
4,C4 Hybrid + régime,2020-10,2020-10-28,P_selected,SID,0.0014533804770422345,BUY,0.2883654039372708,0.2883654039372708,0.2883654039372708,542756.6675,0.9908436278240864,2020-10,2020-10,0.4059,0.013042,1.935098
4,C4 Hybrid + régime,2020-11,2020-11-30,P_selected,TMA,0.1517401842155782,BUY,1.2409613981710539,1.2409613981710539,1.2409613981710539,668068.66875,0.9987571427674623,2020-11,2020-11,0.6933,0.01664,0.928787
4,C4 Hybrid + régime,2020-11,2020-11-30,P_selected,IAM,0.14714526000679654,BUY,0.9826462121482789,0.9826462121482789,0.9826462121482789,14083128.89,1.0,2020-11,2020-11,0.6933,0.01664,0.928787
4,C4 Hybrid + régime,2020-11,2020-11-30,P_selected,SRM,0.12835487258849299,BUY,1.7206612721816232,1.7206612721816232,1.7206612721816232,4367.7075,0.019263028193589656,2020-11,2020-11,0.6933,0.01664,0.928787
4,C4 Hybrid + régime,2020-11,2020-11-30,P_selected,CMT,0.10990586950026189,BUY,0.48738827261007767,0.48738827261007767,0.48738827261007767,1251521.3,0.9999998901709654,2020-11,2020-11,0.6933,0.01664,0.928787
4,C4 Hybrid + régime,2020-11,2020-11-30,P_selected,RIS,0.08107854478576727,BUY,1.9452420387690128,1.9452420387690128,1.9452420387690128,251055.0270000001,0.5042200077932316,2020-11,2020-11,0.6933,0.01664,0.928787
4,C4 Hybrid + régime,2020-11,2020-11-30,P_selected,CSR,0.07484777005272829,BUY,0.24790053407434834,0.24790053407434834,0.24790053407434834,2998831.155,1.0,2020-11,2020-11,0.6933,0.01664,0.928787
4,C4 Hybrid + régime,2020-11,2020-11-30,P_selected,LBV,0.06906071530620683,NEUTRAL,0.1528586708702205,0.1528586708702205,0.07642933543511025,9780533.9,1.0,2020-11,2020-11,0.6933,0.01664,0.928787
4,C4 Hybrid + régime,2020-11,2020-11-30,P_selected,CDM,0.0664630797391664,BUY,0.37396146130779834,0.37396146130779834,0.37396146130779834,244218.07,0.4768887603215564,2020-11,2020-11,0.6933,0.01664,0.928787
4,C4 Hybrid + régime,2020-11,2020-11-30,P_selected,PRO,0.05299049867923533,BUY,0.6766360567262273,0.6766360567262273,0.6766360567262273,45017.78999999999,0.036273665474210105,2020-11,2020-11,0.6933,0.01664,0.928787
4,C4 Hybrid + régime,2020-11,2020-11-30,P_selected,SMI,0.03193114040785816,NEUTRAL,0.20207016513335146,0.20207016513335146,0.10103508256667573,964019.0,0.9999890734497378,2020-11,2020-11,0.6933,0.01664,0.928787
4,C4 Hybrid + régime,2020-11,2020-11-30,P_selected,M2M,0.020835404008151915,BUY,1.1955420299480113,1.1955420299480113,1.1955420299480113,78044.61,0.06001404925918163,2020-11,2020-11,0.6933,0.01664,0.928787
4,C4 Hybrid + régime,2020-11,2020-11-30,P_selected,MIC,0.015889040440474258,BUY,1.0703698684370897,1.0703698684370897,1.0703698684370897,447223.30500000034,0.9591277480781868,2020-11,2020-11,0.6933,0.01664,0.928787
4,C4 Hybrid + régime,2020-11,2020-11-30,P_selected,GAZ,0.00872880158753156,BUY,0.7827724201454352,0.7827724201454352,0.7827724201454352,42493.8,0.034888068225241486,2020-11,2020-11,0.6933,0.01664,0.928787
4,C4 Hybrid + régime,2020-11,2020-11-30,P_selected,AFM,0.008574559412740806,BUY,1.0803921792315443,1.0803921792315443,1.0803921792315443,4194.35,0.019210696988910717,2020-11,2020-11,0.6933,0.01664,0.928787
4,C4 Hybrid + régime,2020-11,2020-11-30,P_selected,INV,0.00847048116335167,BUY,1.2617988778369487,1.2617988778369487,1.2617988778369487,7505.887500000002,0.02023486456546202,2020-11,2020-11,0.6933,0.01664,0.928787
4,C4 Hybrid + régime,2020-11,2020-11-30,P_selected,SID,0.007140794421063996,BUY,0.3836103147482405,0.3836103147482405,0.3836103147482405,662263.6849999999,0.9986363407260237,2020-11,2020-11,0.6933,0.01664,0.928787
4,C4 Hybrid + régime,2020-11,2020-11-30,P_selected,MOX,0.004971916680626456,BUY,0.5758641014499638,0.5758641014499638,0.5758641014499638,540.9,0.018139709457979037,2020-11,2020-11,0.6933,0.01664,0.928787
4,C4 Hybrid + régime,2020-11,2020-11-30,P_selected,LES,0.003725227931403788,NEUTRAL,0.01146107296188395,0.01146107296188395,0.005730536480941975,260306.0750000007,0.5411311421722285,2020-11,2020-11,0.6933,0.01664,0.928787
4,C4 Hybrid + régime,2020-11,2020-11-30,P_selected,HPS,0.0029309663845347583,BUY,0.3958551918701283,0.3958551918701283,0.3958551918701283,3800859.659999999,1.0,2020-11,2020-11,0.6933,0.01664,0.928787
4,C4 Hybrid + régime,2020-11,2020-11-30,P_selected,CTM,0.0020922125188919324,NEUTRAL,0.04556315442270543,0.04556315442270543,0.022781577211352714,226292.59,0.40629126261583953,2020-11,2020-11,0.6933,0.01664,0.928787
4,C4 Hybrid + régime,2020-11,2020-11-30,P_selected,ATL,0.0014991996932198894,NEUTRAL,0.11693207686955195,0.11693207686955195,0.05846603843477598,98088.6069999999,0.08087017507346496,2020-11,2020-11,0.6933,0.01664,0.928787
4,C4 Hybrid + régime,2020-11,2020-11-30,P_selected,BCP,0.001245602400901134,BUY,0.27583045695695485,0.27583045695695485,0.27583045695695485,6058589.41,1.0,2020-11,2020-11,0.6933,0.01664,0.928787
4,C4 Hybrid + régime,2020-11,2020-11-30,P_selected,JET,0.0003682634123236595,NEUTRAL,0.10110293565762288,0.10110293565762288,0.05055146782881144,489679.3,0.9788526972305558,2020-11,2020-11,0.6933,0.01664,0.928787
4,C4 Hybrid + régime,2020-12,2020-12-31,P_selected,REB,0.3566492543667424,BUY,3.2517895628074034,3.2517895628074034,3.2517895628074034,159.4275,0.01803132013991907,2020-12,2020-12,0.2944,0.011227,1.949602
4,C4 Hybrid + régime,2020-12,2020-12-31,P_selected,DRI,0.12507055054830402,BUY,3.0262925132782303,3.0262925132782303,3.0262925132782303,704.85,0.018186489486212074,2020-12,2020-12,0.2944,0.011227,1.949602
4,C4 Hybrid + régime,2020-12,2020-12-31,P_selected,MOX,0.10875181170271538,BUY,2.7872829943452566,2.7872829943452566,2.7872829943452566,19103.775,0.02426065461814089,2020-12,2020-12,0.2944,0.011227,1.949602
4,C4 Hybrid + régime,2020-12,2020-12-31,P_selected,SMI,0.08441057933016052,NEUTRAL,0.01605332023638617,0.01605332023638617,0.008026660118193085,481823.6,0.9760881232056581,2020-12,2020-12,0.2944,0.011227,1.949602
4,C4 Hybrid + régime,2020-12,2020-12-31,P_selected,RDS,0.08179770731950183,NEUTRAL,0.03999951089122156,0.03999951089122156,0.01999975544561078,931034.936,0.9999814784844268,2020-12,2020-12,0.2944,0.011227,1.949602
4,C4 Hybrid + régime,2020-12,2020-12-31,P_selected,M2M,0.06133251882788452,BUY,1.2696806026414342,1.2696806026414342,1.2696806026414342,1074881.3800000001,0.9999981458866118,2020-12,2020-12,0.2944,0.011227,1.949602
4,C4 Hybrid + régime,2020-12,2020-12-31,P_selected,SRM,0.05788031527278378,BUY,0.22113982211804736,0.22113982211804736,0.22113982211804736,7057.422500000001,0.02009309713724865,2020-12,2020-12,0.2944,0.011227,1.949602
4,C4 Hybrid + régime,2020-12,2020-12-31,P_selected,PRO,0.03476873330044655,NEUTRAL,0.08632206801879849,0.08632206801879849,0.043161034009399246,5150.0199999999995,0.01950092733076088,2020-12,2020-12,0.2944,0.011227,1.949602
4,C4 Hybrid + régime,2020-12,2020-12-31,P_selected,AFM,0.02426447133819442,BUY,0.35201874803660704,0.35201874803660704,0.35201874803660704,18395.95,0.023994003157779387,2020-12,2020-12,0.2944,0.011227,1.949602
4,C4 Hybrid + régime,2020-12,2020-12-31,P_selected,MUT,0.023313164225779098,NEUTRAL,0.06926227422424616,0.06926227422424616,0.03463113711212308,1064826.4175,0.9999978222642282,2020-12,2020-12,0.2944,0.011227,1.949602
4,C4 Hybrid + régime,2020-12,2020-12-31,P_selected,IAM,0.018400580813467213,NEUTRAL,0.11940892122100001,0.11940892122100001,0.059704460610500006,19445482.1025,1.0,2020-12,2020-12,0.2944,0.011227,1.949602
4,C4 Hybrid + régime,2020-12,2020-12-31,P_selected,ATL,0.007665496143063064,NEUTRAL,0.015040052182780317,0.015040052182780317,0.007520026091390158,363327.5099999999,0.8597530211140068,2020-12,2020-12,0.2944,0.011227,1.949602
4,C4 Hybrid + régime,2020-12,2020-12-31,P_selected,CDM,0.007397857829529848,NEUTRAL,0.059775438384170855,0.059775438384170855,0.029887719192085428,161741.615,0.19589766151636065,2020-12,2020-12,0.2944,0.011227,1.949602
4,C4 Hybrid + régime,2020-12,2020-12-31,P_selected,DWY,0.005214527312653282,BUY,0.2810887929953146,0.2810887929953146,0.2810887929953146,1551465.9449999996,0.9999999990953339,2020-12,2020-12,0.2944,0.011227,1.949602
4,C4 Hybrid + régime,2020-12,2020-12-31,P_selected,OUL,0.0030272837759197967,BUY,0.5115830004984293,0.5115830004984293,0.5115830004984293,702.35,0.01818577527033347,2020-12,2020-12,0.2944,0.011227,1.949602
4,C4 Hybrid + régime,2021-01,2021-01-29,P_selected,OUL,0.3314221971222364,BUY,1.712013539852451,1.712013539852451,1.712013539852451,244524.75,0.47811299578961186,2021-01,2021-01,0.7138,0.018705,1.456074
4,C4 Hybrid + régime,2021-01,2021-01-29,P_selected,SID,0.11646807418500219,BUY,3.387742167482307,3.387742167482307,3.387742167482307,4328426.682499999,1.0,2021-01,2021-01,0.7138,0.018705,1.456074
4,C4 Hybrid + régime,2021-01,2021-01-29,P_selected,AFM,0.1055165524483905,BUY,1.8070560796817938,1.8070560796817938,1.8070560796817938,39708.7,0.03341834434232474,2021-01,2021-01,0.7138,0.018705,1.456074
4,C4 Hybrid + régime,2021-01,2021-01-29,P_selected,DWY,0.09706993542944918,BUY,0.3926062816191465,0.3926062816191465,0.3926062816191465,1074061.5424999997,0.9999981214052962,2021-01,2021-01,0.7138,0.018705,1.456074
4,C4 Hybrid + régime,2021-01,2021-01-29,P_selected,TQM,0.08699693851013517,BUY,0.4313385676857505,0.4313385676857505,0.4313385676857505,1440572.335,0.9999999946659623,2021-01,2021-01,0.7138,0.018705,1.456074
4,C4 Hybrid + régime,2021-01,2021-01-29,P_selected,IAM,0.08243795093525139,BUY,0.7047791507519533,0.7047791507519533,0.7047791507519533,11934766.1125,1.0,2021-01,2021-01,0.7138,0.018705,1.456074
4,C4 Hybrid + régime,2021-01,2021-01-29,P_selected,CMT,0.06547772554236218,BUY,1.439717350516502,1.439717350516502,1.439717350516502,1721076.7,0.9999999999400331,2021-01,2021-01,0.7138,0.018705,1.456074
4,C4 Hybrid + régime,2021-01,2021-01-29,P_selected,HPS,0.028270555669666374,BUY,1.4786085257390211,1.4786085257390211,1.4786085257390211,2422437.8449999997,0.9999999999999991,2021-01,2021-01,0.7138,0.018705,1.456074
4,C4 Hybrid + régime,2021-01,2021-01-29,P_selected,ATL,0.026245308745952288,BUY,0.3441871183169204,0.3441871183169204,0.3441871183169204,677815.0724999999,0.9989364100163012,2021-01,2021-01,0.7138,0.018705,1.456074
4,C4 Hybrid + régime,2021-01,2021-01-29,P_selected,MIC,0.014996318666140863,BUY,1.2252965706379175,1.2252965706379175,1.2252965706379175,805662.7500000003,0.9998623424759313,2021-01,2021-01,0.7138,0.018705,1.456074
4,C4 Hybrid + régime,2021-01,2021-01-29,P_selected,LHM,0.013904650337335307,NEUTRAL,0.178581737885855,0.178581737885855,0.0892908689429275,5052108.3,1.0,2021-01,2021-01,0.7138,0.018705,1.456074
4,C4 Hybrid + régime,2021-01,2021-01-29,P_selected,M2M,0.009614654016590092,BUY,0.4132573715327056,0.4132573715327056,0.4132573715327056,189475.66,0.27520163734497105,2021-01,2021-01,0.7138,0.018705,1.456074
4,C4 Hybrid + régime,2021-01,2021-01-29,P_selected,LBV,0.008832877533296599,NEUTRAL,0.16361047681823288,0.16361047681823288,0.08180523840911644,3542077.1,1.0,2021-01,2021-01,0.7138,0.018705,1.456074
4,C4 Hybrid + régime,2021-01,2021-01-29,P_selected,GAZ,0.005827477074321559,NEUTRAL,0.01763555113027329,0.01763555113027329,0.008817775565136646,3858520.9,1.0,2021-01,2021-01,0.7138,0.018705,1.456074
4,C4 Hybrid + régime,2021-01,2021-01-29,P_selected,EQD,0.003595694670484776,NEUTRAL,0.035613180283845774,0.035613180283845774,0.017806590141922887,2038.7,0.018571503933923122,2021-01,2021-01,0.7138,0.018705,1.456074
4,C4 Hybrid + régime,2021-01,2021-01-29,P_selected,CSR,0.0021580875270946656,NEUTRAL,0.08026515586003452,0.08026515586003452,0.04013257793001726,2826444.6075,1.0,2021-01,2021-01,0.7138,0.018705,1.456074
4,C4 Hybrid + régime,2021-01,2021-01-29,P_selected,CTM,0.00046490462281834326,NEUTRAL,0.04152109079364491,0.04152109079364491,0.020760545396822455,178019.805,0.24018178860412903,2021-01,2021-01,0.7138,0.018705,1.456074
4,C4 Hybrid + régime,2021-01,2021-01-29,P_selected,RIS,0.0003689343039583636,NEUTRAL,0.1481726230912214,0.1481726230912214,0.0740863115456107,83979.83499999999,0.06560038470635732,2021-01,2021-01,0.7138,0.018705,1.456074
4,C4 Hybrid + régime,2021-01,2021-01-29,P_selected,BCP,0.00015630317709021516,NEUTRAL,0.004310029563851708,0.004310029563851708,0.002155014781925854,5944838.8225,1.0,2021-01,2021-01,0.7138,0.018705,1.456074
4,C4 Hybrid + régime,2021-02,2021-02-26,P_selected,OUL,0.15680043553808692,BUY,3.150272729079354,3.150272729079354,3.150272729079354,12906.8,0.02202100977495953,2021-02,2021-02,0.625,0.016714,1.14706
4,C4 Hybrid + régime,2021-02,2021-02-26,P_selected,SRM,0.1429801459688257,BUY,0.5846396154465952,0.5846396154465952,0.5846396154465952,1172.565,0.018320594760436286,2021-02,2021-02,0.625,0.016714,1.14706
4,C4 Hybrid + régime,2021-02,2021-02-26,P_selected,IAM,0.1033078464131715,BUY,0.5749865705580518,0.5749865705580518,0.5749865705580518,20446567.677500002,1.0,2021-02,2021-02,0.625,0.016714,1.14706
4,C4 Hybrid + régime,2021-02,2021-02-26,P_selected,TQM,0.0955624934408666,NEUTRAL,0.14214326022132334,0.14214326022132334,0.07107163011066167,1069862.91,0.9999979908696056,2021-02,2021-02,0.625,0.016714,1.14706
4,C4 Hybrid + régime,2021-02,2021-02-26,P_selected,SID,0.08829805632968644,BUY,3.16979914202367,3.16979914202367,3.16979914202367,2192378.0875,0.9999999999999682,2021-02,2021-02,0.625,0.016714,1.14706
4,C4 Hybrid + régime,2021-02,2021-02-26,P_selected,LBV,0.07483073507443448,BUY,0.4007290625030101,0.4007290625030101,0.4007290625030101,5268720.05,1.0,2021-02,2021-02,0.625,0.016714,1.14706
4,C4 Hybrid + régime,2021-02,2021-02-26,P_selected,SBM,0.05953634326864464,NEUTRAL,0.0839346893443497,0.0839346893443497,0.04196734467217485,2732700.0,1.0,2021-02,2021-02,0.625,0.016714,1.14706
4,C4 Hybrid + régime,2021-02,2021-02-26,P_selected,JET,0.05585641751963015,BUY,0.286341822210754,0.286341822210754,0.286341822210754,871160.655,0.999951726063267,2021-02,2021-02,0.625,0.016714,1.14706
4,C4 Hybrid + régime,2021-02,2021-02-26,P_selected,HPS,0.046741961431814846,BUY,1.4052475982349661,1.4052475982349661,1.4052475982349661,2686500.71,1.0,2021-02,2021-02,0.625,0.016714,1.14706
4,C4 Hybrid + régime,2021-02,2021-02-26,P_selected,AFM,0.04155304241383504,BUY,1.316171061621328,1.316171061621328,1.316171061621328,2274.65,0.018640438211641484,2021-02,2021-02,0.625,0.016714,1.14706
4,C4 Hybrid + régime,2021-02,2021-02-26,P_selected,MIC,0.04024885379309415,BUY,1.0735905985233118,1.0735905985233118,1.0735905985233118,898337.6700000003,0.9999687482121518,2021-02,2021-02,0.625,0.016714,1.14706
4,C4 Hybrid + régime,2021-02,2021-02-26,P_selected,RIS,0.02085741231777278,NEUTRAL,0.027776930798805166,0.027776930798805166,0.013888465399402583,29714.940000000002,0.02862141806688566,2021-02,2021-02,0.625,0.016714,1.14706
4,C4 Hybrid + régime,2021-02,2021-02-26,P_selected,LHM,0.019708593776743274,BUY,0.2729104416627257,0.2729104416627257,0.2729104416627257,2293433.9,0.9999999999999938,2021-02,2021-02,0.625,0.016714,1.14706
4,C4 Hybrid + régime,2021-02,2021-02-26,P_selected,DWY,0.01894497866076408,NEUTRAL,0.2194430505899299,0.2194430505899299,0.10972152529496496,808728.8974999996,0.9998689318887535,2021-02,2021-02,0.625,0.016714,1.14706
4,C4 Hybrid + régime,2021-02,2021-02-26,P_selected,CSR,0.0121874124460904,NEUTRAL,0.04454711927524379,0.04454711927524379,0.022273559637621895,3623458.965,1.0,2021-02,2021-02,0.625,0.016714,1.14706
4,C4 Hybrid + régime,2021-02,2021-02-26,P_selected,AGM,0.010358702134683978,NEUTRAL,0.02284019019376176,0.02284019019376176,0.01142009509688088,80597.65,0.062360259369480045,2021-02,2021-02,0.625,0.016714,1.14706
4,C4 Hybrid + régime,2021-02,2021-02-26,P_selected,M2M,0.005165945704798237,BUY,0.45852911322881035,0.45852911322881035,0.45852911322881035,47994.125,0.03797567182279172,2021-02,2021-02,0.625,0.016714,1.14706
4,C4 Hybrid + régime,2021-02,2021-02-26,P_selected,CTM,0.004552024126378149,NEUTRAL,0.11064912131136381,0.11064912131136381,0.055324560655681906,19700.035,0.024487517931477503,2021-02,2021-02,0.625,0.016714,1.14706
4,C4 Hybrid + régime,2021-02,2021-02-26,P_selected,MDP,0.001152718670564305,BUY,0.24986428171511194,0.24986428171511194,0.24986428171511194,4073.3480000000936,0.01917425289351182,2021-02,2021-02,0.625,0.016714,1.14706
4,C4 Hybrid + régime,2021-02,2021-02-26,P_selected,CMT,0.0007830029874858518,BUY,0.2547742588294848,0.2547742588294848,0.2547742588294848,1914426.6,0.9999999999972813,2021-02,2021-02,0.625,0.016714,1.14706
4,C4 Hybrid + régime,2021-02,2021-02-26,P_selected,SNP,0.00043201647199873016,BUY,0.24332516480986444,0.24332516480986444,0.24332516480986444,1175736.0899999999,0.9999996307447911,2021-02,2021-02,0.625,0.016714,1.14706
4,C4 Hybrid + régime,2021-02,2021-02-26,P_selected,ADH,0.00010839063959923283,NEUTRAL,0.11171046385007474,0.11171046385007474,0.05585523192503737,766687.5040000015,0.9997432112731581,2021-02,2021-02,0.625,0.016714,1.14706
4,C4 Hybrid + régime,2021-03,2021-03-31,P_selected,ARD,0.4,NEUTRAL,0.00972004474590718,0.00972004474590718,0.00486002237295359,741304.405,0.9996146104603222,2021-03,2021-03,0.8054,0.014412,1.139897
4,C4 Hybrid + régime,2021-03,2021-03-31,P_selected,SID,0.1811268981448889,BUY,4.530290878211906,4.530290878211906,4.530290878211906,1582732.4449999998,0.999999999451437,2021-03,2021-03,0.8054,0.014412,1.139897
4,C4 Hybrid + régime,2021-03,2021-03-31,P_selected,AFM,0.12478687423442923,BUY,1.3457401296275953,1.3457401296275953,1.3457401296275953,11387.6,0.021503565171619565,2021-03,2021-03,0.8054,0.014412,1.139897
4,C4 Hybrid + régime,2021-03,2021-03-31,P_selected,IAM,0.06360577649329358,BUY,0.5678181489193896,0.5678181489193896,0.5678181489193896,12497116.084999999,1.0,2021-03,2021-03,0.8054,0.014412,1.139897
4,C4 Hybrid + régime,2021-03,2021-03-31,P_selected,AGM,0.049516224679635984,BUY,0.27938440459893116,0.27938440459893116,0.27938440459893116,11537.85,0.021554206353159872,2021-03,2021-03,0.8054,0.014412,1.139897
4,C4 Hybrid + régime,2021-03,2021-03-31,P_selected,DWY,0.03867460418341158,BUY,1.1893524446546118,1.1893524446546118,1.1893524446546118,1603112.2799999993,0.9999999996040752,2021-03,2021-03,0.8054,0.014412,1.139897
4,C4 Hybrid + régime,2021-03,2021-03-31,P_selected,MNG,0.038540272853348524,BUY,0.25676920244680557,0.25676920244680557,0.25676920244680557,54303272.8,1.0,2021-03,2021-03,0.8054,0.014412,1.139897
4,C4 Hybrid + régime,2021-03,2021-03-31,P_selected,TQM,0.034516703531076415,BUY,0.2430531780199185,0.2430531780199185,0.2430531780199185,1341971.3699999999,0.999999974165162,2021-03,2021-03,0.8054,0.014412,1.139897
4,C4 Hybrid + régime,2021-03,2021-03-31,P_selected,M2M,0.024627831411796444,BUY,0.9622886199748124,0.9622886199748124,0.9622886199748124,116742.61000000002,0.10601406769148106,2021-03,2021-03,0.8054,0.014412,1.139897
4,C4 Hybrid + régime,2021-03,2021-03-31,P_selected,HPS,0.012708770028771436,BUY,0.5034335635216522,0.5034335635216522,0.5034335635216522,2731856.0199999996,1.0,2021-03,2021-03,0.8054,0.014412,1.139897
4,C4 Hybrid + régime,2021-03,2021-03-31,P_selected,LBV,0.012623147338909532,NEUTRAL,0.07896476680758124,0.07896476680758124,0.03948238340379062,7040102.7,1.0,2021-03,2021-03,0.8054,0.014412,1.139897
4,C4 Hybrid + régime,2021-03,2021-03-31,P_selected,SNP,0.00449265327743614,BUY,0.46912515279424805,0.46912515279424805,0.46912515279424805,1865113.77,0.9999999999940152,2021-03,2021-03,0.8054,0.014412,1.139897
4,C4 Hybrid + régime,2021-03,2021-03-31,P_selected,ATL,0.004284004621697665,NEUTRAL,0.006746767406194287,0.006746767406194287,0.0033733837030971436,1491933.2374999998,0.9999999976548859,2021-03,2021-03,0.8054,0.014412,1.139897
4,C4 Hybrid + régime,2021-03,2021-03-31,P_selected,CSR,0.0022225722780151577,BUY,0.5126328471019632,0.5126328471019632,0.5126328471019632,6056083.4350000005,1.0,2021-03,2021-03,0.8054,0.014412,1.139897
4,C4 Hybrid + régime,2021-03,2021-03-31,P_selected,ADH,0.0020806683235384763,NEUTRAL,0.11657971791093727,0.11657971791093727,0.058289858955468635,299754.1420000015,0.6891323903497143,2021-03,2021-03,0.8054,0.014412,1.139897
4,C4 Hybrid + régime,2021-03,2021-03-31,P_selected,JET,0.0019275249212368374,NEUTRAL,0.14847031057876578,0.14847031057876578,0.07423515528938289,1483083.665,0.9999999972981757,2021-03,2021-03,0.8054,0.014412,1.139897
4,C4 Hybrid + régime,2021-03,2021-03-31,P_selected,CTM,0.0013134208488194974,NEUTRAL,0.02054506449973023,0.02054506449973023,0.010272532249865116,108960.915,0.09477950508607824,2021-03,2021-03,0.8054,0.014412,1.139897
4,C4 Hybrid + régime,2021-03,2021-03-31,P_selected,MSA,0.0011443157907037541,NEUTRAL,0.22674375672023975,0.22674375672023975,0.11337187836011987,5362480.62,1.0,2021-03,2021-03,0.8054,0.014412,1.139897
4,C4 Hybrid + régime,2021-03,2021-03-31,P_selected,CMT,0.000999342235870722,BUY,0.6232430354731517,0.6232430354731517,0.6232430354731517,2574527.9,1.0,2021-03,2021-03,0.8054,0.014412,1.139897
4,C4 Hybrid + régime,2021-03,2021-03-31,P_selected,LHM,0.0003547244500906789,BUY,0.27568258452123784,0.27568258452123784,0.27568258452123784,4229124.6,1.0,2021-03,2021-03,0.8054,0.014412,1.139897
4,C4 Hybrid + régime,2021-03,2021-03-31,P_selected,BCP,0.000281706677675421,NEUTRAL,0.09908058091549574,0.09908058091549574,0.04954029045774787,23549949.2125,1.0,2021-03,2021-03,0.8054,0.014412,1.139897
4,C4 Hybrid + régime,2021-03,2021-03-31,P_selected,MIC,0.00017196301551704036,BUY,1.3511305753748553,1.3511305753748553,1.3511305753748553,2088983.6050000004,0.9999999999998335,2021-03,2021-03,0.8054,0.014412,1.139897
4,C4 Hybrid + régime,2021-04,2021-04-30,P_selected,SOT,0.4,BUY,0.8726450401467409,0.8726450401467409,0.8726450401467409,5393381.2125,1.0,2021-04,2021-04,0.9025,0.01189,1.300716
4,C4 Hybrid + régime,2021-04,2021-04-30,P_selected,OUL,0.23097980768835646,BUY,2.6793461503800104,2.6793461503800104,2.6793461503800104,299743.75,0.689096768955458,2021-04,2021-04,0.9025,0.01189,1.300716
4,C4 Hybrid + régime,2021-04,2021-04-30,P_selected,SID,0.09143931398501211,BUY,3.057847492280057,3.057847492280057,3.057847492280057,1511301.0050000001,0.9999999982797843,2021-04,2021-04,0.9025,0.01189,1.300716
4,C4 Hybrid + régime,2021-04,2021-04-30,P_selected,BOA,0.08637526644339213,NEUTRAL,0.042061436515078446,0.042061436515078446,0.021030718257539223,2254588.6525,0.9999999999999882,2021-04,2021-04,0.9025,0.01189,1.300716
4,C4 Hybrid + régime,2021-04,2021-04-30,P_selected,TQM,0.05823900806002645,NEUTRAL,0.19705221678865806,0.19705221678865806,0.09852610839432903,2515584.9,0.9999999999999998,2021-04,2021-04,0.9025,0.01189,1.300716
4,C4 Hybrid + régime,2021-04,2021-04-30,P_selected,IAM,0.0483293380960837,NEUTRAL,0.1494438694106221,0.1494438694106221,0.07472193470531105,6744297.055,1.0,2021-04,2021-04,0.9025,0.01189,1.300716
4,C4 Hybrid + régime,2021-04,2021-04-30,P_selected,MSA,0.02366537337113023,BUY,0.5714319572261941,0.5714319572261941,0.5714319572261941,1824588.9449999998,0.9999999999885545,2021-04,2021-04,0.9025,0.01189,1.300716
4,C4 Hybrid + régime,2021-04,2021-04-30,P_selected,AFM,0.014815772852291992,BUY,0.9441658734589029,0.9441658734589029,0.9441658734589029,2301.0,0.018648152094102824,2021-04,2021-04,0.9025,0.01189,1.300716
4,C4 Hybrid + régime,2021-04,2021-04-30,P_selected,GAZ,0.010667609208840583,NEUTRAL,0.003667950602212769,0.003667950602212769,0.0018339753011063845,3167656.2,1.0,2021-04,2021-04,0.9025,0.01189,1.300716
4,C4 Hybrid + régime,2021-04,2021-04-30,P_selected,LBV,0.010285363365778875,NEUTRAL,0.22327435498863726,0.22327435498863726,0.11163717749431863,4851265.4,1.0,2021-04,2021-04,0.9025,0.01189,1.300716
4,C4 Hybrid + régime,2021-04,2021-04-30,P_selected,M2M,0.009812008713567601,BUY,0.9246048912855388,0.9246048912855388,0.9246048912855388,7751.654999999999,0.020312970900144816,2021-04,2021-04,0.9025,0.01189,1.300716
4,C4 Hybrid + régime,2021-04,2021-04-30,P_selected,BCP,0.007216993684240752,NEUTRAL,0.007502880341335408,0.007502880341335408,0.003751440170667704,9227156.87,1.0,2021-04,2021-04,0.9025,0.01189,1.300716
4,C4 Hybrid + régime,2021-04,2021-04-30,P_selected,SNP,0.0024195991901888123,BUY,0.2859750169243408,0.2859750169243408,0.2859750169243408,886184.0449999999,0.9999620401934554,2021-04,2021-04,0.9025,0.01189,1.300716
4,C4 Hybrid + régime,2021-04,2021-04-30,P_selected,CMT,0.0018812448337606352,BUY,0.5620228893581424,0.5620228893581424,0.5620228893581424,185057.6,0.26132785639669776,2021-04,2021-04,0.9025,0.01189,1.300716
4,C4 Hybrid + régime,2021-04,2021-04-30,P_selected,MIC,0.0009802104299000086,BUY,1.2137315024219593,1.2137315024219593,1.2137315024219593,2944126.95,1.0,2021-04,2021-04,0.9025,0.01189,1.300716
4,C4 Hybrid + régime,2021-04,2021-04-30,P_selected,ADH,0.0009462847414785694,NEUTRAL,0.051145235652246754,0.051145235652246754,0.025572617826123377,474072.2070000015,0.9730159706911127,2021-04,2021-04,0.9025,0.01189,1.300716
4,C4 Hybrid + régime,2021-04,2021-04-30,P_selected,HPS,0.0009075346045571005,BUY,0.7708223688757023,0.7708223688757023,0.7708223688757023,3209880.2499999995,1.0,2021-04,2021-04,0.9025,0.01189,1.300716
4,C4 Hybrid + régime,2021-04,2021-04-30,P_selected,LHM,0.000608548261276141,BUY,0.7178885324604056,0.7178885324604056,0.7178885324604056,18294993.8,1.0,2021-04,2021-04,0.9025,0.01189,1.300716
4,C4 Hybrid + régime,2021-04,2021-04-30,P_selected,JET,0.00040175759774466944,BUY,0.28373043330204906,0.28373043330204906,0.28373043330204906,293454.8825,0.6671400404635124,2021-04,2021-04,0.9025,0.01189,1.300716
4,C4 Hybrid + régime,2021-05,2021-05-31,P_selected,SOT,0.4,BUY,1.9155192256881977,1.9155192256881977,1.9155192256881977,5021039.8125,1.0,2021-05,2021-05,0.7925,0.012767,1.939965
4,C4 Hybrid + régime,2021-05,2021-05-31,P_selected,OUL,0.20798008007209212,BUY,3.5379875432613352,3.5379875432613352,3.5379875432613352,52516.2,0.04070917462877593,2021-05,2021-05,0.7925,0.012767,1.939965
4,C4 Hybrid + régime,2021-05,2021-05-31,P_selected,SID,0.13345256061137634,BUY,2.9070850118892473,2.9070850118892473,2.9070850118892473,5959110.3425,1.0,2021-05,2021-05,0.7925,0.012767,1.939965
4,C4 Hybrid + régime,2021-05,2021-05-31,P_selected,BOA,0.09707637905123559,NEUTRAL,0.025830694270071453,0.025830694270071453,0.012915347135035726,3016055.1900000004,1.0,2021-05,2021-05,0.7925,0.012767,1.939965
4,C4 Hybrid + régime,2021-05,2021-05-31,P_selected,IAM,0.06051873713940927,BUY,0.45756891477494444,0.45756891477494444,0.45756891477494444,21389419.327499997,1.0,2021-05,2021-05,0.7925,0.012767,1.939965
4,C4 Hybrid + régime,2021-05,2021-05-31,P_selected,SMI,0.02293941772974669,NEUTRAL,0.049339577091657844,0.049339577091657844,0.024669788545828922,1366613.4,0.9999999825829186,2021-05,2021-05,0.7925,0.012767,1.939965
4,C4 Hybrid + régime,2021-05,2021-05-31,P_selected,BCI,0.01922670217294904,NEUTRAL,0.07730984769551394,0.07730984769551394,0.03865492384775697,8692517.319999998,1.0,2021-05,2021-05,0.7925,0.012767,1.939965
4,C4 Hybrid + régime,2021-05,2021-05-31,P_selected,LBV,0.013256530864302798,NEUTRAL,0.03258364735501976,0.03258364735501976,0.01629182367750988,9283198.4,1.0,2021-05,2021-05,0.7925,0.012767,1.939965
4,C4 Hybrid + régime,2021-05,2021-05-31,P_selected,DWY,0.012894929196487246,BUY,0.3346571525056065,0.3346571525056065,0.3346571525056065,2365690.9299999992,0.999999999999998,2021-05,2021-05,0.7925,0.012767,1.939965
4,C4 Hybrid + régime,2021-05,2021-05-31,P_selected,MSA,0.012079792159956948,NEUTRAL,0.2030573535327112,0.2030573535327112,0.1015286767663556,7104592.345000001,1.0,2021-05,2021-05,0.7925,0.012767,1.939965
4,C4 Hybrid + régime,2021-05,2021-05-31,P_selected,AFM,0.0056485715928481246,BUY,1.3757899067950892,1.3757899067950892,1.3757899067950892,4127.1,0.019190433862360128,2021-05,2021-05,0.7925,0.012767,1.939965
4,C4 Hybrid + régime,2021-05,2021-05-31,P_selected,CSR,0.003353830339922443,BUY,0.47474343607784664,0.47474343607784664,0.47474343607784664,9009488.45,1.0,2021-05,2021-05,0.7925,0.012767,1.939965
4,C4 Hybrid + régime,2021-05,2021-05-31,P_selected,M2M,0.0027774169985417124,BUY,0.8259335272749954,0.8259335272749954,0.8259335272749954,136104.775,0.1391552929152635,2021-05,2021-05,0.7925,0.012767,1.939965
4,C4 Hybrid + régime,2021-05,2021-05-31,P_selected,HPS,0.0025088664452961873,BUY,0.2816241155369269,0.2816241155369269,0.2816241155369269,5141267.59,1.0,2021-05,2021-05,0.7925,0.012767,1.939965
4,C4 Hybrid + régime,2021-05,2021-05-31,P_selected,LHM,0.002343864416333325,NEUTRAL,0.10929507241701791,0.10929507241701791,0.05464753620850896,25227734.0,1.0,2021-05,2021-05,0.7925,0.012767,1.939965
4,C4 Hybrid + régime,2021-05,2021-05-31,P_selected,CMT,0.0022057117990855924,BUY,0.47836142096071405,0.47836142096071405,0.47836142096071405,1809353.0,0.9999999999853948,2021-05,2021-05,0.7925,0.012767,1.939965
4,C4 Hybrid + régime,2021-05,2021-05-31,P_selected,TQM,0.0009694104594113063,NEUTRAL,0.02166856296618927,0.02166856296618927,0.010834281483094635,3802830.85,1.0,2021-05,2021-05,0.7925,0.012767,1.939965
4,C4 Hybrid + régime,2021-05,2021-05-31,P_selected,MIC,0.00041360659801258255,BUY,0.9065762216946996,0.9065762216946996,0.9065762216946996,844591.8600000003,0.9999261550998045,2021-05,2021-05,0.7925,0.012767,1.939965
4,C4 Hybrid + régime,2021-05,2021-05-31,P_selected,ATL,0.00032436407040560436,NEUTRAL,0.14467984162133826,0.14467984162133826,0.07233992081066913,1150212.27,0.9999994444998043,2021-05,2021-05,0.7925,0.012767,1.939965
4,C4 Hybrid + régime,2021-06,2021-06-30,P_selected,SOT,0.4,BUY,3.229905448598214,3.229905448598214,3.229905448598214,16200420.0125,1.0,2021-06,2021-06,0.842,0.010859,2.215819
4,C4 Hybrid + régime,2021-06,2021-06-30,P_selected,AFM,0.27100046167921654,BUY,1.6635597029274702,1.6635597029274702,1.6635597029274702,512997.05,0.9853412817608734,2021-06,2021-06,0.842,0.010859,2.215819
4,C4 Hybrid + régime,2021-06,2021-06-30,P_selected,OUL,0.12180632194377848,BUY,3.015637600550949,3.015637600550949,3.015637600550949,11461.4,0.021528424618452318,2021-06,2021-06,0.842,0.010859,2.215819
4,C4 Hybrid + régime,2021-06,2021-06-30,P_selected,LBV,0.07210799544587206,BUY,0.23767591075950673,0.23767591075950673,0.23767591075950673,9693920.9,1.0,2021-06,2021-06,0.842,0.010859,2.215819
4,C4 Hybrid + régime,2021-06,2021-06-30,P_selected,COL,0.028462979355014403,NEUTRAL,0.03698421381316139,0.03698421381316139,0.018492106906580694,321757.8765,0.7591684611374802,2021-06,2021-06,0.842,0.010859,2.215819
4,C4 Hybrid + régime,2021-06,2021-06-30,P_selected,M2M,0.026346580556366562,BUY,0.7063580761359611,0.7063580761359611,0.7063580761359611,222944.01999999996,0.3934350823256033,2021-06,2021-06,0.842,0.010859,2.215819
4,C4 Hybrid + régime,2021-06,2021-06-30,P_selected,SID,0.023814207975180714,BUY,2.604385828819326,2.604385828819326,2.604385828819326,10438631.857499998,1.0,2021-06,2021-06,0.842,0.010859,2.215819
4,C4 Hybrid + régime,2021-06,2021-06-30,P_selected,TQM,0.019506245768210355,NEUTRAL,0.11035519266962585,0.11035519266962585,0.05517759633481292,4869350.35,1.0,2021-06,2021-06,0.842,0.010859,2.215819
4,C4 Hybrid + régime,2021-06,2021-06-30,P_selected,PRO,0.010997398195442744,NEUTRAL,0.01777549125094044,0.01777549125094044,0.00888774562547022,101100.72,0.08452555928222662,2021-06,2021-06,0.842,0.010859,2.215819
4,C4 Hybrid + régime,2021-06,2021-06-30,P_selected,IAM,0.008711298464438818,BUY,0.22845490981983094,0.22845490981983094,0.22845490981983094,24701129.7925,1.0,2021-06,2021-06,0.842,0.010859,2.215819
4,C4 Hybrid + régime,2021-06,2021-06-30,P_selected,SMI,0.004105566750623572,NEUTRAL,0.03172310358049825,0.03172310358049825,0.015861551790249125,606481.25,0.9966774677607264,2021-06,2021-06,0.842,0.010859,2.215819
4,C4 Hybrid + régime,2021-06,2021-06-30,P_selected,DWY,0.002795487861866835,BUY,0.35224412431342317,0.35224412431342317,0.35224412431342317,1490867.2049999996,0.9999999976145433,2021-06,2021-06,0.842,0.010859,2.215819
4,C4 Hybrid + régime,2021-06,2021-06-30,P_selected,MIC,0.0023712828506540005,BUY,0.82557124459346,0.82557124459346,0.82557124459346,385845.76500000036,0.897847390188819,2021-06,2021-06,0.842,0.010859,2.215819
4,C4 Hybrid + régime,2021-06,2021-06-30,P_selected,CTM,0.0019017634949703962,NEUTRAL,0.14276288740687212,0.14276288740687212,0.07138144370343606,175494.825,0.23288663562074924,2021-06,2021-06,0.842,0.010859,2.215819
4,C4 Hybrid + régime,2021-06,2021-06-30,P_selected,ATL,0.0016493719508156972,BUY,0.29798187184243075,0.29798187184243075,0.29798187184243075,1071023.1245,0.9999980278218462,2021-06,2021-06,0.842,0.010859,2.215819
4,C4 Hybrid + régime,2021-06,2021-06-30,P_selected,SBM,0.0014680220910548805,NEUTRAL,0.08782106657875734,0.08782106657875734,0.04391053328937867,1550967.1,0.9999999990880843,2021-06,2021-06,0.842,0.010859,2.215819
4,C4 Hybrid + régime,2021-06,2021-06-30,P_selected,MSA,0.0009063894450098516,NEUTRAL,0.173052942502595,0.173052942502595,0.0865264712512975,7196838.3675,1.0,2021-06,2021-06,0.842,0.010859,2.215819
4,C4 Hybrid + régime,2021-06,2021-06-30,P_selected,BOA,0.000609438155880293,NEUTRAL,0.09658202820288915,0.09658202820288915,0.048291014101444575,11408578.47,1.0,2021-06,2021-06,0.842,0.010859,2.215819
4,C4 Hybrid + régime,2021-06,2021-06-30,P_selected,BCI,0.00047659752420555986,BUY,0.23992566018685146,0.23992566018685146,0.23992566018685146,1171946.67,0.9999996076639572,2021-06,2021-06,0.842,0.010859,2.215819
4,C4 Hybrid + régime,2021-06,2021-06-30,P_selected,CSR,0.00036570956593731375,BUY,0.774999224593969,0.774999224593969,0.774999224593969,12589040.555000002,1.0,2021-06,2021-06,0.842,0.010859,2.215819
4,C4 Hybrid + régime,2021-06,2021-06-30,P_selected,LHM,0.00030093227569142077,NEUTRAL,0.13168951651182498,0.13168951651182498,0.06584475825591249,9652496.6,1.0,2021-06,2021-06,0.842,0.010859,2.215819
4,C4 Hybrid + régime,2021-06,2021-06-30,P_selected,GAZ,0.00012924469064312614,NEUTRAL,0.14088352726151232,0.14088352726151232,0.07044176363075616,109937.3,0.09612834066390698,2021-06,2021-06,0.842,0.010859,2.215819
4,C4 Hybrid + régime,2021-06,2021-06-30,P_selected,NKL,0.00011662622778281682,NEUTRAL,0.08762140115708339,0.08762140115708339,0.043810700578541695,117464.5215,0.10711376752547834,2021-06,2021-06,0.842,0.010859,2.215819
4,C4 Hybrid + régime,2021-07,2021-07-29,P_selected,SOT,0.4,BUY,2.5340540863214676,2.5340540863214676,2.5340540863214676,75463.15,0.05772593604189144,2021-07,2021-07,0.5648,0.015162,1.381964
4,C4 Hybrid + régime,2021-07,2021-07-29,P_selected,SID,0.07507749018576107,BUY,1.736045770285142,1.736045770285142,1.736045770285142,3892889.6949999994,1.0,2021-07,2021-07,0.5648,0.015162,1.381964
4,C4 Hybrid + régime,2021-07,2021-07-29,P_selected,ADH,0.06213126220022642,BUY,1.4151279838251032,1.4151279838251032,1.4151279838251032,4215033.655500001,1.0,2021-07,2021-07,0.5648,0.015162,1.381964
4,C4 Hybrid + régime,2021-07,2021-07-29,P_selected,EQD,0.06024267139066576,NEUTRAL,0.1512559543470729,0.1512559543470729,0.07562797717353645,707654.35,0.9993399070575073,2021-07,2021-07,0.5648,0.015162,1.381964
4,C4 Hybrid + régime,2021-07,2021-07-29,P_selected,SNP,0.05750075771679088,NEUTRAL,0.14841491826239833,0.14841491826239833,0.07420745913119917,633687.4249999998,0.9978475607801116,2021-07,2021-07,0.5648,0.015162,1.381964
4,C4 Hybrid + régime,2021-07,2021-07-29,P_selected,TQM,0.05630031540932631,NEUTRAL,0.19702381128646318,0.19702381128646318,0.09851190564323159,485493.09,0.9774208287553046,2021-07,2021-07,0.5648,0.015162,1.381964
4,C4 Hybrid + régime,2021-07,2021-07-29,P_selected,MUT,0.04247520931443797,BUY,0.47762984806018843,0.47762984806018843,0.47762984806018843,5197278.0475,1.0,2021-07,2021-07,0.5648,0.015162,1.381964
4,C4 Hybrid + régime,2021-07,2021-07-29,P_selected,ATW,0.03715606959300177,BUY,0.4822708119743807,0.4822708119743807,0.4822708119743807,45388838.25499998,1.0,2021-07,2021-07,0.5648,0.015162,1.381964
4,C4 Hybrid + régime,2021-07,2021-07-29,P_selected,MSA,0.03527514774698126,BUY,0.7695163007005676,0.7695163007005676,0.7695163007005676,5720293.215000001,1.0,2021-07,2021-07,0.5648,0.015162,1.381964
4,C4 Hybrid + régime,2021-07,2021-07-29,P_selected,FBR,0.03099099346062864,BUY,1.2264278004144864,1.2264278004144864,1.2264278004144864,155573.06800000003,0.18081568468296377,2021-07,2021-07,0.5648,0.015162,1.381964
4,C4 Hybrid + régime,2021-07,2021-07-29,P_selected,BCI,0.024046364012350836,NEUTRAL,0.06977684475213601,0.06977684475213601,0.034888422376068005,352536.25,0.8376138426660834,2021-07,2021-07,0.5648,0.015162,1.381964
4,C4 Hybrid + régime,2021-07,2021-07-29,P_selected,DWY,0.020154619762133126,NEUTRAL,0.20998769732324774,0.20998769732324774,0.10499384866162387,444364.21499999956,0.9572963020696239,2021-07,2021-07,0.5648,0.015162,1.381964
4,C4 Hybrid + régime,2021-07,2021-07-29,P_selected,CMT,0.017864232002662954,NEUTRAL,0.18435541745540596,0.18435541745540596,0.09217770872770298,642247.9,0.998122559011271,2021-07,2021-07,0.5648,0.015162,1.381964
4,C4 Hybrid + régime,2021-07,2021-07-29,P_selected,JET,0.017863233578459075,BUY,0.7414228276773259,0.7414228276773259,0.7414228276773259,2473225.295,0.9999999999999996,2021-07,2021-07,0.5648,0.015162,1.381964
4,C4 Hybrid + régime,2021-07,2021-07-29,P_selected,LBV,0.014530925680671289,NEUTRAL,0.23280950047794774,0.23280950047794774,0.11640475023897387,7021217.6,1.0,2021-07,2021-07,0.5648,0.015162,1.381964
4,C4 Hybrid + régime,2021-07,2021-07-29,P_selected,SBM,0.012649159158570109,NEUTRAL,0.16060077274031814,0.16060077274031814,0.08030038637015907,1037408.0,0.9999966230289083,2021-07,2021-07,0.5648,0.015162,1.381964
4,C4 Hybrid + régime,2021-07,2021-07-29,P_selected,S2M,0.005565963036280075,BUY,0.47879528794155557,0.47879528794155557,0.47879528794155557,8068.725,0.020414173845919776,2021-07,2021-07,0.5648,0.015162,1.381964
4,C4 Hybrid + régime,2021-07,2021-07-29,P_selected,IBC,0.004938032786738218,NEUTRAL,0.04248930237908099,0.04248930237908099,0.021244651189540494,5540.474999999999,0.019620738591129627,2021-07,2021-07,0.5648,0.015162,1.381964
4,C4 Hybrid + régime,2021-07,2021-07-29,P_selected,RDS,0.0044659273325764245,BUY,0.595185009192753,0.595185009192753,0.595185009192753,383478.6265,0.8943209480673066,2021-07,2021-07,0.5648,0.015162,1.381964
4,C4 Hybrid + régime,2021-07,2021-07-29,P_selected,NKL,0.0040599428512201885,BUY,0.7302990113780663,0.7302990113780663,0.7302990113780663,44493.90100000001,0.03598177693433182,2021-07,2021-07,0.5648,0.015162,1.381964
4,C4 Hybrid + régime,2021-07,2021-07-29,P_selected,DHO,0.003455729603687242,NEUTRAL,0.026589475761210034,0.026589475761210034,0.013294737880605017,77636.59400000008,0.059646830991206365,2021-07,2021-07,0.5648,0.015162,1.381964
4,C4 Hybrid + régime,2021-07,2021-07-29,P_selected,MDP,0.0034097810638635583,BUY,0.3454692062027386,0.3454692062027386,0.3454692062027386,13026.150000000092,0.022062172641534702,2021-07,2021-07,0.5648,0.015162,1.381964
4,C4 Hybrid + régime,2021-07,2021-07-29,P_selected,ATL,0.003276728621679942,NEUTRAL,0.16549340316884048,0.16549340316884048,0.08274670158442024,286496.34899999993,0.6419738595735861,2021-07,2021-07,0.5648,0.015162,1.381964
4,C4 Hybrid + régime,2021-07,2021-07-29,P_selected,M2M,0.002875890756776547,BUY,0.41675632152947584,0.41675632152947584,0.41675632152947584,21346.260000000002,0.02512465834581044,2021-07,2021-07,0.5648,0.015162,1.381964
4,C4 Hybrid + régime,2021-07,2021-07-29,P_selected,ATH,0.0018708698621204523,NEUTRAL,0.22452577057705905,0.22452577057705905,0.11226288528852953,756112.324,0.999695883998741,2021-07,2021-07,0.5648,0.015162,1.381964
4,C4 Hybrid + régime,2021-07,2021-07-29,P_selected,SMI,0.0009586488557633859,NEUTRAL,0.17776641282899533,0.17776641282899533,0.08888320641449766,112895.65,0.10032040323331863,2021-07,2021-07,0.5648,0.015162,1.381964
4,C4 Hybrid + régime,2021-07,2021-07-29,P_selected,COL,0.0005989085599625549,BUY,0.534389096642543,0.534389096642543,0.534389096642543,174953.21899999998,0.23134208998701286,2021-07,2021-07,0.5648,0.015162,1.381964
4,C4 Hybrid + régime,2021-07,2021-07-29,P_selected,MIC,0.00012987714266680762,NEUTRAL,0.060546637750539145,0.060546637750539145,0.030273318875269573,391736.0800000004,0.9061729748357925,2021-07,2021-07,0.5648,0.015162,1.381964
4,C4 Hybrid + régime,2021-08,2021-08-31,P_selected,SOT,0.3586194990079673,BUY,3.8832786820595024,3.8832786820595024,3.8832786820595024,11231552.9,1.0,2021-08,2021-08,0.816,0.012968,1.67885
4,C4 Hybrid + régime,2021-08,2021-08-31,P_selected,EQD,0.12464079813619243,BUY,0.31235785362429525,0.31235785362429525,0.31235785362429525,874066.8,0.9999539192323125,2021-08,2021-08,0.816,0.012968,1.67885
4,C4 Hybrid + régime,2021-08,2021-08-31,P_selected,FBR,0.07687872702262022,BUY,1.2103917545880867,1.2103917545880867,1.2103917545880867,216809.53250000003,0.37027261310627646,2021-08,2021-08,0.816,0.012968,1.67885
4,C4 Hybrid + régime,2021-08,2021-08-31,P_selected,LBV,0.07095663806226908,BUY,0.2497410959359493,0.2497410959359493,0.2497410959359493,2167809.65,0.9999999999999529,2021-08,2021-08,0.816,0.012968,1.67885
4,C4 Hybrid + régime,2021-08,2021-08-31,P_selected,TQM,0.06309063084544696,BUY,0.28611971973773276,0.28611971973773276,0.28611971973773276,343126.145,0.8160810222962823,2021-08,2021-08,0.816,0.012968,1.67885
4,C4 Hybrid + régime,2021-08,2021-08-31,P_selected,AFM,0.05923272326917301,NEUTRAL,0.09182339805379873,0.09182339805379873,0.045911699026899365,5509.65,0.019611253759096517,2021-08,2021-08,0.816,0.012968,1.67885
4,C4 Hybrid + régime,2021-08,2021-08-31,P_selected,M2M,0.0567351766503236,BUY,0.39732744519905056,0.39732744519905056,0.39732744519905056,279859.265,0.6172160136425019,2021-08,2021-08,0.816,0.012968,1.67885
4,C4 Hybrid + régime,2021-08,2021-08-31,P_selected,SLF,0.052123042717585624,NEUTRAL,0.12505211606447564,0.12505211606447564,0.06252605803223782,2391035.77,0.9999999999999987,2021-08,2021-08,0.816,0.012968,1.67885
4,C4 Hybrid + régime,2021-08,2021-08-31,P_selected,DWY,0.0406908877862199,BUY,0.30160958552843276,0.30160958552843276,0.30160958552843276,2024419.5899999999,0.9999999999995322,2021-08,2021-08,0.816,0.012968,1.67885
4,C4 Hybrid + régime,2021-08,2021-08-31,P_selected,MDP,0.02983760801152508,BUY,0.4851265372623537,0.4851265372623537,0.4851265372623537,62382.5205000001,0.04734102807715416,2021-08,2021-08,0.816,0.012968,1.67885
4,C4 Hybrid + régime,2021-08,2021-08-31,P_selected,SID,0.02333550892045712,BUY,2.159052140771194,2.159052140771194,2.159052140771194,3806160.7600000002,1.0,2021-08,2021-08,0.816,0.012968,1.67885
4,C4 Hybrid + régime,2021-08,2021-08-31,P_selected,CSR,0.019792319033457257,NEUTRAL,0.0915241785138033,0.0915241785138033,0.04576208925690165,3490225.3,1.0,2021-08,2021-08,0.816,0.012968,1.67885
4,C4 Hybrid + régime,2021-08,2021-08-31,P_selected,NKL,0.011781643547991875,NEUTRAL,0.15541356160738934,0.15541356160738934,0.07770678080369467,14078.827000000014,0.02242850428401656,2021-08,2021-08,0.816,0.012968,1.67885
4,C4 Hybrid + régime,2021-08,2021-08-31,P_selected,S2M,0.004642920071193017,BUY,0.7069787125448842,0.7069787125448842,0.7069787125448842,113248.22,0.1008306985800436,2021-08,2021-08,0.816,0.012968,1.67885
4,C4 Hybrid + régime,2021-08,2021-08-31,P_selected,RDS,0.0029901786809052736,BUY,0.9027902423129028,0.9027902423129028,0.9027902423129028,722821.2825,0.9994820638523164,2021-08,2021-08,0.816,0.012968,1.67885
4,C4 Hybrid + régime,2021-08,2021-08-31,P_selected,ADH,0.0020152557797962355,BUY,2.1837663804931466,2.1837663804931466,2.1837663804931466,6067888.015500002,1.0,2021-08,2021-08,0.816,0.012968,1.67885
4,C4 Hybrid + régime,2021-08,2021-08-31,P_selected,MUT,0.0011566279574358363,NEUTRAL,0.22617078910421368,0.22617078910421368,0.11308539455210684,1606633.1575,0.9999999996257625,2021-08,2021-08,0.816,0.012968,1.67885
4,C4 Hybrid + régime,2021-08,2021-08-31,P_selected,RIS,0.0008156550902872706,BUY,0.3710317136856804,0.3710317136856804,0.3710317136856804,743265.7125,0.9996265121027986,2021-08,2021-08,0.816,0.012968,1.67885
4,C4 Hybrid + régime,2021-08,2021-08-31,P_selected,SNP,0.00022832497373314557,BUY,0.39207988631938956,0.39207988631938956,0.39207988631938956,2082695.4149999998,0.9999999999998159,2021-08,2021-08,0.816,0.012968,1.67885
4,C4 Hybrid + régime,2021-08,2021-08-31,P_selected,LHM,0.0001918891635880282,BUY,0.28374104045006937,0.28374104045006937,0.28374104045006937,6264441.15,1.0,2021-08,2021-08,0.816,0.012968,1.67885
4,C4 Hybrid + régime,2021-08,2021-08-31,P_selected,ATL,0.00015048256217026172,NEUTRAL,0.000372765933337689,0.000372765933337689,0.0001863829666688445,338655.69349999994,0.8051017588754706,2021-08,2021-08,0.816,0.012968,1.67885
4,C4 Hybrid + régime,2021-09,2021-09-30,P_selected,SOT,0.3863458914134945,BUY,1.7385921671990052,1.7385921671990052,1.7385921671990052,34741644.8,1.0,2021-09,2021-09,0.8718,0.015654,1.319373
4,C4 Hybrid + régime,2021-09,2021-09-30,P_selected,RDS,0.15660320735263583,BUY,1.9874969945000132,1.9874969945000132,1.9874969945000132,797772.5029999999,0.9998438223220897,2021-09,2021-09,0.8718,0.015654,1.319373
4,C4 Hybrid + régime,2021-09,2021-09-30,P_selected,FBR,0.10872560088489192,BUY,2.177574545778512,2.177574545778512,2.177574545778512,188748.27500000002,0.2728863072499153,2021-09,2021-09,0.8718,0.015654,1.319373
4,C4 Hybrid + régime,2021-09,2021-09-30,P_selected,AFM,0.08709699082302204,BUY,0.3497789662375558,0.3497789662375558,0.3497789662375558,271658.55,0.5857775107799199,2021-09,2021-09,0.8718,0.015654,1.319373
4,C4 Hybrid + régime,2021-09,2021-09-30,P_selected,SLF,0.06601972338158435,NEUTRAL,0.20400199805690716,0.20400199805690716,0.10200099902845358,1416715.085,0.999999992186723,2021-09,2021-09,0.8718,0.015654,1.319373
4,C4 Hybrid + régime,2021-09,2021-09-30,P_selected,LBV,0.06198659847310807,BUY,0.5066590591356693,0.5066590591356693,0.5066590591356693,6928685.4,1.0,2021-09,2021-09,0.8718,0.015654,1.319373
4,C4 Hybrid + régime,2021-09,2021-09-30,P_selected,TQM,0.052712087298788464,NEUTRAL,0.2167957781320917,0.2167957781320917,0.10839788906604585,1206266.15,0.999999773440589,2021-09,2021-09,0.8718,0.015654,1.319373
4,C4 Hybrid + régime,2021-09,2021-09-30,P_selected,JET,0.021475877668876982,BUY,0.4826857776245522,0.4826857776245522,0.4826857776245522,725904.3600000001,0.999506981027331,2021-09,2021-09,0.8718,0.015654,1.319373
4,C4 Hybrid + régime,2021-09,2021-09-30,P_selected,MUT,0.019614800754799495,NEUTRAL,0.15722293450566183,0.15722293450566183,0.07861146725283091,3627921.9825000004,1.0,2021-09,2021-09,0.8718,0.015654,1.319373
4,C4 Hybrid + régime,2021-09,2021-09-30,P_selected,MDP,0.009609939162624204,BUY,0.6268214912651102,0.6268214912651102,0.6268214912651102,253171.4770000001,0.5126831866049117,2021-09,2021-09,0.8718,0.015654,1.319373
4,C4 Hybrid + régime,2021-09,2021-09-30,P_selected,IAM,0.009381397361460889,NEUTRAL,0.10089399451626807,0.10089399451626807,0.050446997258134035,21912712.315,1.0,2021-09,2021-09,0.8718,0.015654,1.319373
4,C4 Hybrid + régime,2021-09,2021-09-30,P_selected,NKL,0.006638288607289494,BUY,0.2435828854413403,0.2435828854413403,0.2435828854413403,33355.40900000001,0.030286063645884872,2021-09,2021-09,0.8718,0.015654,1.319373
4,C4 Hybrid + régime,2021-09,2021-09-30,P_selected,ATH,0.002819229723954024,NEUTRAL,0.10234516450591813,0.10234516450591813,0.051172582252959065,6112564.94,1.0,2021-09,2021-09,0.8718,0.015654,1.319373
4,C4 Hybrid + régime,2021-09,2021-09-30,P_selected,SID,0.002781182611222644,BUY,1.211000047390353,1.211000047390353,1.211000047390353,7019813.13,1.0,2021-09,2021-09,0.8718,0.015654,1.319373
4,C4 Hybrid + régime,2021-09,2021-09-30,P_selected,SBM,0.002090380096415887,NEUTRAL,0.12443274439199922,0.12443274439199922,0.06221637219599961,2105245.0,0.9999999999998717,2021-09,2021-09,0.8718,0.015654,1.319373
4,C4 Hybrid + régime,2021-09,2021-09-30,P_selected,LHM,0.0020163062571105137,BUY,0.3055390187061582,0.3055390187061582,0.3055390187061582,9753979.45,1.0,2021-09,2021-09,0.8718,0.015654,1.319373
4,C4 Hybrid + régime,2021-09,2021-09-30,P_selected,S2M,0.0019487429087140344,BUY,0.2866078204065678,0.2866078204065678,0.2866078204065678,28507.9925,0.028089384273571914,2021-09,2021-09,0.8718,0.015654,1.319373
4,C4 Hybrid + régime,2021-09,2021-09-30,P_selected,ATW,0.0011709296152970046,BUY,0.2617900986219395,0.2617900986219395,0.2617900986219395,21229919.942499984,1.0,2021-09,2021-09,0.8718,0.015654,1.319373
4,C4 Hybrid + régime,2021-09,2021-09-30,P_selected,CIH,0.0004337803290330733,NEUTRAL,0.0030096720656115628,0.0030096720656115628,0.0015048360328057814,1278705.0074999998,0.9999999289072299,2021-09,2021-09,0.8718,0.015654,1.319373
4,C4 Hybrid + régime,2021-09,2021-09-30,P_selected,SNP,0.00026133608997190805,BUY,0.60988274795526,0.60988274795526,0.60988274795526,2813824.9199999995,1.0,2021-09,2021-09,0.8718,0.015654,1.319373
4,C4 Hybrid + régime,2021-09,2021-09-30,P_selected,CMT,0.00011732976866698045,NEUTRAL,0.10549905559247486,0.10549905559247486,0.05274952779623743,1823411.35,0.9999999999883369,2021-09,2021-09,0.8718,0.015654,1.319373
4,C4 Hybrid + régime,2021-10,2021-10-29,P_selected,SOT,0.3664638733129759,BUY,1.27128266770712,1.27128266770712,1.27128266770712,23759791.15,1.0,2021-10,2021-10,0.9805,0.013355,0.96095
4,C4 Hybrid + régime,2021-10,2021-10-29,P_selected,BOA,0.2191726361712907,BUY,0.4320759674401953,0.4320759674401953,0.4320759674401953,25956673.055,1.0,2021-10,2021-10,0.9805,0.013355,0.96095
4,C4 Hybrid + régime,2021-10,2021-10-29,P_selected,FBR,0.13426085536840368,BUY,2.229108061506734,2.229108061506734,2.229108061506734,487682.63499999995,0.9781811832358824,2021-10,2021-10,0.9805,0.013355,0.96095
4,C4 Hybrid + régime,2021-10,2021-10-29,P_selected,TQM,0.06247799500326187,BUY,0.31416202362851386,0.31416202362851386,0.31416202362851386,1755885.15,0.9999999999656413,2021-10,2021-10,0.9805,0.013355,0.96095
4,C4 Hybrid + régime,2021-10,2021-10-29,P_selected,ATH,0.05654126025835165,NEUTRAL,0.12301836581862796,0.12301836581862796,0.06150918290931398,1630130.8599999999,0.9999999997430382,2021-10,2021-10,0.9805,0.013355,0.96095
4,C4 Hybrid + régime,2021-10,2021-10-29,P_selected,SLF,0.0353487441191777,NEUTRAL,0.22337689382948744,0.22337689382948744,0.11168844691474372,700358.995,0.9992582408434868,2021-10,2021-10,0.9805,0.013355,0.96095
4,C4 Hybrid + régime,2021-10,2021-10-29,P_selected,MDP,0.034134966748830854,BUY,1.1646249171639091,1.1646249171639091,1.1646249171639091,575645.6960000001,0.9945697828247653,2021-10,2021-10,0.9805,0.013355,0.96095
4,C4 Hybrid + régime,2021-10,2021-10-29,P_selected,SNP,0.01865487396393923,BUY,0.3033098883306403,0.3033098883306403,0.3033098883306403,2611945.6149999998,1.0,2021-10,2021-10,0.9805,0.013355,0.96095
4,C4 Hybrid + régime,2021-10,2021-10-29,P_selected,RDS,0.01163367445327978,BUY,0.8908961154846362,0.8908961154846362,0.8908961154846362,629248.5185,0.9976894957162447,2021-10,2021-10,0.9805,0.013355,0.96095
4,C4 Hybrid + régime,2021-10,2021-10-29,P_selected,IMO,0.009251450443175279,NEUTRAL,0.13757825310971178,0.13757825310971178,0.06878912655485589,1169910.047,0.9999995946687315,2021-10,2021-10,0.9805,0.013355,0.96095
4,C4 Hybrid + régime,2021-10,2021-10-29,P_selected,LHM,0.007070054965455804,BUY,0.2789052082201006,0.2789052082201006,0.2789052082201006,12203419.7,1.0,2021-10,2021-10,0.9805,0.013355,0.96095
4,C4 Hybrid + régime,2021-10,2021-10-29,P_selected,CMT,0.006465584843774581,BUY,0.26174408703174884,0.26174408703174884,0.26174408703174884,2197069.6,0.9999999999999705,2021-10,2021-10,0.9805,0.013355,0.96095
4,C4 Hybrid + régime,2021-10,2021-10-29,P_selected,INV,0.006313158977111633,BUY,0.2942992763182844,0.2942992763182844,0.2942992763182844,181847.5125,0.25153547023243233,2021-10,2021-10,0.9805,0.013355,0.96095
4,C4 Hybrid + régime,2021-10,2021-10-29,P_selected,SID,0.005860634283486821,BUY,0.8953569340921692,0.8953569340921692,0.8953569340921692,4372294.640000001,1.0,2021-10,2021-10,0.9805,0.013355,0.96095
4,C4 Hybrid + régime,2021-10,2021-10-29,P_selected,AFM,0.004735279316848339,BUY,0.4861308758115776,0.4861308758115776,0.4861308758115776,13838.45,0.022344332944226667,2021-10,2021-10,0.9805,0.013355,0.96095
4,C4 Hybrid + régime,2021-10,2021-10-29,P_selected,COL,0.0033006988425955,NEUTRAL,0.12446323077044723,0.12446323077044723,0.062231615385223614,1600455.6875,0.9999999995868833,2021-10,2021-10,0.9805,0.013355,0.96095
4,C4 Hybrid + régime,2021-10,2021-10-29,P_selected,HPS,0.0026656052992409577,BUY,0.329349761783189,0.329349761783189,0.329349761783189,3163706.91,1.0,2021-10,2021-10,0.9805,0.013355,0.96095
4,C4 Hybrid + régime,2021-10,2021-10-29,P_selected,ATL,0.0026071926874834807,NEUTRAL,0.058791545530256256,0.058791545530256256,0.029395772765128128,2359909.9425,0.9999999999999978,2021-10,2021-10,0.9805,0.013355,0.96095
4,C4 Hybrid + régime,2021-10,2021-10-29,P_selected,JET,0.00227844850407594,BUY,0.47685909699312795,0.47685909699312795,0.47685909699312795,279940.2175,0.6175219810753291,2021-10,2021-10,0.9805,0.013355,0.96095
4,C4 Hybrid + régime,2021-10,2021-10-29,P_selected,IBC,0.0022462826567966267,NEUTRAL,0.043121706663324155,0.043121706663324155,0.021560853331662078,5931.178999999999,0.019741348232971218,2021-10,2021-10,0.9805,0.013355,0.96095
4,C4 Hybrid + régime,2021-10,2021-10-29,P_selected,S2M,0.001946201240065357,BUY,0.46992166536621915,0.46992166536621915,0.46992166536621915,8928.275,0.02069101616583882,2021-10,2021-10,0.9805,0.013355,0.96095
4,C4 Hybrid + régime,2021-10,2021-10-29,P_selected,DRI,0.001749229323944633,NEUTRAL,0.01395192614947939,0.01395192614947939,0.006975963074739695,81297.05,0.06301779167989399,2021-10,2021-10,0.9805,0.013355,0.96095
4,C4 Hybrid + régime,2021-10,2021-10-29,P_selected,MIC,0.001108034555806354,BUY,0.2838228758909275,0.2838228758909275,0.2838228758909275,576959.5200000003,0.9946821403065479,2021-10,2021-10,0.9805,0.013355,0.96095
4,C4 Hybrid + régime,2021-10,2021-10-29,P_selected,LBV,0.0007564626329331029,BUY,0.6755721648511295,0.6755721648511295,0.6755721648511295,12440135.55,1.0,2021-10,2021-10,0.9805,0.013355,0.96095
4,C4 Hybrid + régime,2021-10,2021-10-29,P_selected,BCP,0.0007035605858578576,NEUTRAL,0.04154238233278393,0.04154238233278393,0.020771191166391964,12887243.157499999,1.0,2021-10,2021-10,0.9805,0.013355,0.96095
4,C4 Hybrid + régime,2021-10,2021-10-29,P_selected,ATW,0.0005546537716186211,NEUTRAL,0.11033377450589003,0.11033377450589003,0.05516688725294502,18956993.12249998,1.0,2021-10,2021-10,0.9805,0.013355,0.96095
4,C4 Hybrid + régime,2021-10,2021-10-29,P_selected,ADH,0.00038984752942151116,BUY,0.7088845777768488,0.7088845777768488,0.7088845777768488,2544475.8250000016,0.9999999999999998,2021-10,2021-10,0.9805,0.013355,0.96095
4,C4 Hybrid + régime,2021-10,2021-10-29,P_selected,NKL,0.00032266229130781005,NEUTRAL,0.19602918361793842,0.19602918361793842,0.09801459180896921,76768.73950000001,0.05887274201463423,2021-10,2021-10,0.9805,0.013355,0.96095
4,C4 Hybrid + régime,2021-10,2021-10-29,P_selected,BCI,0.0003216959215128479,NEUTRAL,0.09333203436401542,0.09333203436401542,0.04666601718200771,1741228.565,0.9999999999565607,2021-10,2021-10,0.9805,0.013355,0.96095
4,C4 Hybrid + régime,2021-10,2021-10-29,P_selected,CSR,0.0002787027892365519,NEUTRAL,0.09935864059338145,0.09935864059338145,0.04967932029669073,7964444.210000001,1.0,2021-10,2021-10,0.9805,0.013355,0.96095
4,C4 Hybrid + régime,2021-10,2021-10-29,P_selected,MSA,0.0002760513056299836,BUY,0.31411530338908344,0.31411530338908344,0.31411530338908344,4551309.1674999995,1.0,2021-10,2021-10,0.9805,0.013355,0.96095
4,C4 Hybrid + régime,2021-11,2021-11-30,P_selected,SOT,0.2883498852986443,BUY,0.48848251709032037,0.48848251709032037,0.48848251709032037,4643792.6,1.0,2021-11,2021-11,0.8441,0.012065,0.668731
4,C4 Hybrid + régime,2021-11,2021-11-30,P_selected,AFM,0.1609173836829894,BUY,0.30470471716106706,0.30470471716106706,0.30470471716106706,262480.75,0.5497577610385446,2021-11,2021-11,0.8441,0.012065,0.668731
4,C4 Hybrid + régime,2021-11,2021-11-30,P_selected,FBR,0.1019359710113419,BUY,1.859975734588272,1.859975734588272,1.859975734588272,546154.7725000001,0.991323961551108,2021-11,2021-11,0.8441,0.012065,0.668731
4,C4 Hybrid + régime,2021-11,2021-11-30,P_selected,TQM,0.09987697122722988,BUY,0.7935924765963018,0.7935924765963018,0.7935924765963018,3012718.15,1.0,2021-11,2021-11,0.8441,0.012065,0.668731
4,C4 Hybrid + régime,2021-11,2021-11-30,P_selected,MDP,0.08086473816837265,BUY,1.8921379482569025,1.8921379482569025,1.8921379482569025,533358.1520000001,0.9893735988144644,2021-11,2021-11,0.8441,0.012065,0.668731
4,C4 Hybrid + régime,2021-11,2021-11-30,P_selected,LBV,0.046013871288398206,BUY,0.32248767787274646,0.32248767787274646,0.32248767787274646,7008397.0,1.0,2021-11,2021-11,0.8441,0.012065,0.668731
4,C4 Hybrid + régime,2021-11,2021-11-30,P_selected,BCI,0.03748949160701714,NEUTRAL,0.14370242676415573,0.14370242676415573,0.07185121338207787,627549.8049999999,0.9976259874940836,2021-11,2021-11,0.8441,0.012065,0.668731
4,C4 Hybrid + régime,2021-11,2021-11-30,P_selected,GAZ,0.03595160456239826,NEUTRAL,0.10263048176106007,0.10263048176106007,0.051315240880530036,1458429.1,0.9999999959915675,2021-11,2021-11,0.8441,0.012065,0.668731
4,C4 Hybrid + régime,2021-11,2021-11-30,P_selected,COL,0.03270348927024268,NEUTRAL,0.1744664425221669,0.1744664425221669,0.08723322126108345,10960.755000000001,0.021360332761952042,2021-11,2021-11,0.8441,0.012065,0.668731
4,C4 Hybrid + régime,2021-11,2021-11-30,P_selected,PRO,0.019282572369537773,BUY,0.532787230871676,0.532787230871676,0.532787230871676,4686.05,0.01935949002429227,2021-11,2021-11,0.8441,0.012065,0.668731
4,C4 Hybrid + régime,2021-11,2021-11-30,P_selected,ATL,0.017913217523469117,NEUTRAL,0.035554988854327035,0.035554988854327035,0.017777494427163518,378934.68,0.8872501067255145,2021-11,2021-11,0.8441,0.012065,0.668731
4,C4 Hybrid + régime,2021-11,2021-11-30,P_selected,SLF,0.014119300567366343,BUY,0.5301182544719607,0.5301182544719607,0.5301182544719607,181922.61000000002,0.2517617499068083,2021-11,2021-11,0.8441,0.012065,0.668731
4,C4 Hybrid + régime,2021-11,2021-11-30,P_selected,DWY,0.011971104930133133,NEUTRAL,0.11719328247886082,0.11719328247886082,0.05859664123943041,323783.74499999953,0.7650448689290522,2021-11,2021-11,0.8441,0.012065,0.668731
4,C4 Hybrid + régime,2021-11,2021-11-30,P_selected,SNP,0.011670547278210604,NEUTRAL,0.21438576451609714,0.21438576451609714,0.10719288225804857,1796614.27,0.999999999982093,2021-11,2021-11,0.8441,0.012065,0.668731
4,C4 Hybrid + régime,2021-11,2021-11-30,P_selected,IBC,0.006934811136789895,BUY,0.777674866273412,0.777674866273412,0.777674866273412,37268.018,0.03217966569743341,2021-11,2021-11,0.8441,0.012065,0.668731
4,C4 Hybrid + régime,2021-11,2021-11-30,P_selected,RDS,0.0051674808780175,BUY,0.9293961647111755,0.9293961647111755,0.9293961647111755,473557.907,0.9727990731934705,2021-11,2021-11,0.8441,0.012065,0.668731
4,C4 Hybrid + régime,2021-11,2021-11-30,P_selected,CIH,0.0039044039896986415,NEUTRAL,0.09232899567536565,0.09232899567536565,0.046164497837682825,921513.585,0.999978430686605,2021-11,2021-11,0.8441,0.012065,0.668731
4,C4 Hybrid + régime,2021-11,2021-11-30,P_selected,CSR,0.003819217694561868,NEUTRAL,0.21608651920357802,0.21608651920357802,0.10804325960178901,6348710.975,1.0,2021-11,2021-11,0.8441,0.012065,0.668731
4,C4 Hybrid + régime,2021-11,2021-11-30,P_selected,BAL,0.0031520558822040047,BUY,0.25251561906798903,0.25251561906798903,0.25251561906798903,2133.94,0.018599298746357934,2021-11,2021-11,0.8441,0.012065,0.668731
4,C4 Hybrid + régime,2021-11,2021-11-30,P_selected,RIS,0.002879236036394036,NEUTRAL,0.1646125398641312,0.1646125398641312,0.0823062699320656,129806.95749999999,0.12751753409876196,2021-11,2021-11,0.8441,0.012065,0.668731
4,C4 Hybrid + régime,2021-11,2021-11-30,P_selected,CMT,0.0027373114107096244,NEUTRAL,0.18837604192247615,0.18837604192247615,0.09418802096123807,1867989.6,0.9999999999942846,2021-11,2021-11,0.8441,0.012065,0.668731
4,C4 Hybrid + régime,2021-11,2021-11-30,P_selected,JET,0.0021365969625181357,NEUTRAL,0.08648931449470447,0.08648931449470447,0.043244657247352235,1523187.475,0.9999999985777128,2021-11,2021-11,0.8441,0.012065,0.668731
4,C4 Hybrid + régime,2021-11,2021-11-30,P_selected,DHO,0.0019232361562992865,NEUTRAL,0.13370592264250183,0.13370592264250183,0.06685296132125092,443731.83950000006,0.9568807578224902,2021-11,2021-11,0.8441,0.012065,0.668731
4,C4 Hybrid + régime,2021-11,2021-11-30,P_selected,LHM,0.001918352062116565,BUY,0.32185921179015015,0.32185921179015015,0.32185921179015015,6436556.6,1.0,2021-11,2021-11,0.8441,0.012065,0.668731
4,C4 Hybrid + régime,2021-11,2021-11-30,P_selected,ATW,0.0011561870503111187,NEUTRAL,0.0331225458943324,0.0331225458943324,0.0165612729471662,11075924.692499982,1.0,2021-11,2021-11,0.8441,0.012065,0.668731
4,C4 Hybrid + régime,2021-11,2021-11-30,P_selected,MOX,0.001119603929409592,NEUTRAL,0.037835404718784424,0.037835404718784424,0.018917702359392212,31644.347499999996,0.02949229096406087,2021-11,2021-11,0.8441,0.012065,0.668731
4,C4 Hybrid + régime,2021-11,2021-11-30,P_selected,ADH,0.000949476369279313,BUY,0.9880413592576492,0.9880413592576492,0.9880413592576492,2720679.3450000016,1.0,2021-11,2021-11,0.8441,0.012065,0.668731
4,C4 Hybrid + régime,2021-11,2021-11-30,P_selected,HPS,0.0007248281874442596,BUY,0.264392582142163,0.264392582142163,0.264392582142163,1848907.525,0.9999999999922438,2021-11,2021-11,0.8441,0.012065,0.668731
4,C4 Hybrid + régime,2021-11,2021-11-30,P_selected,NKL,0.0006776407693464224,NEUTRAL,0.1612959757708563,0.1612959757708563,0.08064798788542815,35218.35650000001,0.031173828425983183,2021-11,2021-11,0.8441,0.012065,0.668731
4,C4 Hybrid + régime,2021-11,2021-11-30,P_selected,CTM,0.0005618373813935161,BUY,0.24458295426349325,0.24458295426349325,0.24458295426349325,11013.65,0.021378031461956746,2021-11,2021-11,0.8441,0.012065,0.668731
4,C4 Hybrid + régime,2021-11,2021-11-30,P_selected,MIC,0.0005565938932920632,BUY,0.44304454776650803,0.44304454776650803,0.44304454776650803,832574.9000000004,0.999910501429294,2021-11,2021-11,0.8441,0.012065,0.668731
4,C4 Hybrid + régime,2021-11,2021-11-30,P_selected,INV,0.0005310629116891158,BUY,0.3032052870389828,0.3032052870389828,0.3032052870389828,45507.7325,0.0365487015437605,2021-11,2021-11,0.8441,0.012065,0.668731
4,C4 Hybrid + régime,2021-12,2021-12-31,P_selected,SOT,0.27947174234962174,NEUTRAL,0.2057871975684228,0.2057871975684228,0.1028935987842114,4873997.3,1.0,2021-12,2021-12,0.6846,0.013717,1.094605
4,C4 Hybrid + régime,2021-12,2021-12-31,P_selected,MOX,0.16830680470804177,BUY,3.4094512247529236,3.4094512247529236,3.4094512247529236,22372.85,0.025530126934016413,2021-12,2021-12,0.6846,0.013717,1.094605
4,C4 Hybrid + régime,2021-12,2021-12-31,P_selected,FBR,0.1353432406442681,BUY,2.269029208339142,2.269029208339142,2.269029208339142,213374.08500000002,0.3575498025051473,2021-12,2021-12,0.6846,0.013717,1.094605
4,C4 Hybrid + régime,2021-12,2021-12-31,P_selected,LHM,0.1094234152674757,BUY,0.49279983593729654,0.49279983593729654,0.49279983593729654,2977566.7,1.0,2021-12,2021-12,0.6846,0.013717,1.094605
4,C4 Hybrid + régime,2021-12,2021-12-31,P_selected,S2M,0.08167869579267595,NEUTRAL,0.14469612600474757,0.14469612600474757,0.07234806300237379,684022.135,0.999036865760179,2021-12,2021-12,0.6846,0.013717,1.094605
4,C4 Hybrid + régime,2021-12,2021-12-31,P_selected,ATL,0.06114998926757377,BUY,0.24127483317769188,0.24127483317769188,0.24127483317769188,1093135.1099999999,0.9999986154884397,2021-12,2021-12,0.6846,0.013717,1.094605
4,C4 Hybrid + régime,2021-12,2021-12-31,P_selected,TQM,0.05800721429050706,BUY,0.6260792057718262,0.6260792057718262,0.6260792057718262,3586396.65,1.0,2021-12,2021-12,0.6846,0.013717,1.094605
4,C4 Hybrid + régime,2021-12,2021-12-31,P_selected,MDP,0.024580348913362127,BUY,1.7607713713909634,1.7607713713909634,1.7607713713909634,219339.0215000001,0.37975796719341026,2021-12,2021-12,0.6846,0.013717,1.094605
4,C4 Hybrid + régime,2021-12,2021-12-31,P_selected,GAZ,0.020633634797925994,NEUTRAL,0.2300821327014484,0.2300821327014484,0.1150410663507242,4132757.25,1.0,2021-12,2021-12,0.6846,0.013717,1.094605
4,C4 Hybrid + régime,2021-12,2021-12-31,P_selected,IBC,0.017728654977390176,BUY,0.9026660698665545,0.9026660698665545,0.9026660698665545,35905.721999999994,0.03150770378300958,2021-12,2021-12,0.6846,0.013717,1.094605
4,C4 Hybrid + régime,2021-12,2021-12-31,P_selected,COL,0.013982815318310873,NEUTRAL,0.2034728028458243,0.2034728028458243,0.10173640142291215,83438.426,0.06507139088476414,2021-12,2021-12,0.6846,0.013717,1.094605
4,C4 Hybrid + régime,2021-12,2021-12-31,P_selected,INV,0.013217924041157954,BUY,0.5510746295479708,0.5510746295479708,0.5510746295479708,11203.477499999999,0.021441666050146194,2021-12,2021-12,0.6846,0.013717,1.094605
4,C4 Hybrid + régime,2021-12,2021-12-31,P_selected,AFM,0.0049407564828784275,BUY,0.34958269341749065,0.34958269341749065,0.34958269341749065,14271.4,0.02249615982984199,2021-12,2021-12,0.6846,0.013717,1.094605
4,C4 Hybrid + régime,2021-12,2021-12-31,P_selected,DWY,0.0035504342151351466,BUY,0.3447054633226467,0.3447054633226467,0.3447054633226467,1623818.6999999997,0.9999999997157307,2021-12,2021-12,0.6846,0.013717,1.094605
4,C4 Hybrid + régime,2021-12,2021-12-31,P_selected,MSA,0.002829707873552806,NEUTRAL,0.029822728490341805,0.029822728490341805,0.014911364245170903,7488972.575,1.0,2021-12,2021-12,0.6846,0.013717,1.094605
4,C4 Hybrid + régime,2021-12,2021-12-31,P_selected,MIC,0.002559615819509943,NEUTRAL,0.20541552779537536,0.20541552779537536,0.10270776389768768,925599.0950000003,0.9999797955104781,2021-12,2021-12,0.6846,0.013717,1.094605
4,C4 Hybrid + régime,2021-12,2021-12-31,P_selected,CIH,0.0008657735742316043,NEUTRAL,0.028444245102730605,0.028444245102730605,0.014222122551365303,707489.4450000001,0.9993381642700175,2021-12,2021-12,0.6846,0.013717,1.094605
4,C4 Hybrid + régime,2021-12,2021-12-31,P_selected,NKL,0.0006850738066918506,NEUTRAL,0.16421565136708338,0.16421565136708338,0.08210782568354169,47191.01400000001,0.0375090012739664,2021-12,2021-12,0.6846,0.013717,1.094605
4,C4 Hybrid + régime,2021-12,2021-12-31,P_selected,ATW,0.0004303404679386941,NEUTRAL,0.15804928737208274,0.15804928737208274,0.07902464368604137,188606350.49499997,1.0,2021-12,2021-12,0.6846,0.013717,1.094605
4,C4 Hybrid + régime,2021-12,2021-12-31,P_selected,RDS,0.0003897329163905601,BUY,0.7177875465255351,0.7177875465255351,0.7177875465255351,211629.95349999997,0.35116534282307754,2021-12,2021-12,0.6846,0.013717,1.094605
4,C4 Hybrid + régime,2021-12,2021-12-31,P_selected,PRO,0.0001557389434108202,NEUTRAL,0.11823486464622963,0.11823486464622963,0.05911743232311482,17042.95,0.02349223410850094,2021-12,2021-12,0.6846,0.013717,1.094605
4,C4 Hybrid + régime,2022-01,2022-01-31,P_selected,ARD,0.3315309853854023,BUY,0.2535122597656283,0.2535122597656283,0.2535122597656283,5877236.5600000005,1.0,2022-01,2022-01,0.8924,0.01075,0.594373
4,C4 Hybrid + régime,2022-01,2022-01-31,P_selected,SOT,0.15793250001731335,BUY,0.42405244550058335,0.42405244550058335,0.42405244550058335,11055656.95,1.0,2022-01,2022-01,0.8924,0.01075,0.594373
4,C4 Hybrid + régime,2022-01,2022-01-31,P_selected,MDP,0.11037366916833126,BUY,2.1189952136727843,2.1189952136727843,2.1189952136727843,300820.79850000015,0.6927766778029053,2022-01,2022-01,0.8924,0.01075,0.594373
4,C4 Hybrid + régime,2022-01,2022-01-31,P_selected,BOA,0.04574443312041856,NEUTRAL,0.13570007816806348,0.13570007816806348,0.06785003908403174,15766261.892500002,1.0,2022-01,2022-01,0.8924,0.01075,0.594373
4,C4 Hybrid + régime,2022-01,2022-01-31,P_selected,MOX,0.04570562006287784,BUY,1.966412424004716,1.966412424004716,1.966412424004716,14657.249999999996,0.022632318756777937,2022-01,2022-01,0.8924,0.01075,0.594373
4,C4 Hybrid + régime,2022-01,2022-01-31,P_selected,EQD,0.04420543655936446,BUY,0.316870488414557,0.316870488414557,0.316870488414557,430665.3,0.9473820336774851,2022-01,2022-01,0.8924,0.01075,0.594373
4,C4 Hybrid + régime,2022-01,2022-01-31,P_selected,ATL,0.04377525485810698,BUY,0.3087184098267516,0.3087184098267516,0.3087184098267516,1140649.815,0.9999993526622717,2022-01,2022-01,0.8924,0.01075,0.594373
4,C4 Hybrid + régime,2022-01,2022-01-31,P_selected,GAZ,0.03498728757082923,BUY,0.48400237096720544,0.48400237096720544,0.48400237096720544,327471.35,0.7754842130351951,2022-01,2022-01,0.8924,0.01075,0.594373
4,C4 Hybrid + régime,2022-01,2022-01-31,P_selected,DWY,0.024487102039884485,BUY,0.47899845609509406,0.47899845609509406,0.47899845609509406,1119749.4699999995,0.9999990955984878,2022-01,2022-01,0.8924,0.01075,0.594373
4,C4 Hybrid + régime,2022-01,2022-01-31,P_selected,TQM,0.023742647409178017,BUY,0.4784487281369908,0.4784487281369908,0.4784487281369908,1443315.2,0.9999999948949889,2022-01,2022-01,0.8924,0.01075,0.594373
4,C4 Hybrid + régime,2022-01,2022-01-31,P_selected,JET,0.018682967184091348,BUY,0.46938865487861703,0.46938865487861703,0.46938865487861703,966824.085,0.9999895530010963,2022-01,2022-01,0.8924,0.01075,0.594373
4,C4 Hybrid + régime,2022-01,2022-01-31,P_selected,CSR,0.017467706805367737,BUY,0.6615079579252066,0.6615079579252066,0.6615079579252066,7426622.365,1.0,2022-01,2022-01,0.8924,0.01075,0.594373
4,C4 Hybrid + régime,2022-01,2022-01-31,P_selected,LBV,0.017274546818510865,BUY,0.3993141200105813,0.3993141200105813,0.3993141200105813,9005664.5,1.0,2022-01,2022-01,0.8924,0.01075,0.594373
4,C4 Hybrid + régime,2022-01,2022-01-31,P_selected,ATH,0.016400534895637055,NEUTRAL,0.0894573796631651,0.0894573796631651,0.04472868983158255,861146.3950000001,0.9999433375590622,2022-01,2022-01,0.8924,0.01075,0.594373
4,C4 Hybrid + régime,2022-01,2022-01-31,P_selected,SLF,0.014402168537945933,BUY,0.4901631259492668,0.4901631259492668,0.4901631259492668,2454338.425,0.9999999999999996,2022-01,2022-01,0.8924,0.01075,0.594373
4,C4 Hybrid + régime,2022-01,2022-01-31,P_selected,SNP,0.012747979001415643,NEUTRAL,0.18489076891924344,0.18489076891924344,0.09244538445962172,3479388.405,1.0,2022-01,2022-01,0.8924,0.01075,0.594373
4,C4 Hybrid + régime,2022-01,2022-01-31,P_selected,INV,0.011902530299139399,BUY,0.7425002987940313,0.7425002987940313,0.7425002987940313,31225.752500000002,0.029301194131725706,2022-01,2022-01,0.8924,0.01075,0.594373
4,C4 Hybrid + régime,2022-01,2022-01-31,P_selected,SID,0.010798360973296893,NEUTRAL,0.06189774445261567,0.06189774445261567,0.030948872226307836,6209813.92,1.0,2022-01,2022-01,0.8924,0.01075,0.594373
4,C4 Hybrid + régime,2022-01,2022-01-31,P_selected,AGM,0.006595645733349278,NEUTRAL,0.12975284710348806,0.12975284710348806,0.06487642355174403,12222.5,0.021786445376801414,2022-01,2022-01,0.8924,0.01075,0.594373
4,C4 Hybrid + régime,2022-01,2022-01-31,P_selected,BCP,0.0024836501832292447,BUY,0.2404074376555594,0.2404074376555594,0.2404074376555594,12349372.2625,1.0,2022-01,2022-01,0.8924,0.01075,0.594373
4,C4 Hybrid + régime,2022-01,2022-01-31,P_selected,CIH,0.0021885410948050926,BUY,0.40348978273659075,0.40348978273659075,0.40348978273659075,1633869.965,0.9999999997579603,2022-01,2022-01,0.8924,0.01075,0.594373
4,C4 Hybrid + régime,2022-01,2022-01-31,P_selected,LHM,0.002072909683064232,BUY,0.3228684707854952,0.3228684707854952,0.3228684707854952,5345910.6,1.0,2022-01,2022-01,0.8924,0.01075,0.594373
4,C4 Hybrid + régime,2022-01,2022-01-31,P_selected,MSA,0.001937888542790472,BUY,0.33260087744996114,0.33260087744996114,0.33260087744996114,5762728.140000001,1.0,2022-01,2022-01,0.8924,0.01075,0.594373
4,C4 Hybrid + régime,2022-01,2022-01-31,P_selected,NKL,0.0007547047544635882,NEUTRAL,0.0016956645277326488,0.0016956645277326488,0.0008478322638663244,29775.219000000005,0.028648244513211834,2022-01,2022-01,0.8924,0.01075,0.594373
4,C4 Hybrid + régime,2022-01,2022-01-31,P_selected,ATW,0.0006794107104190561,BUY,0.260377980434622,0.260377980434622,0.260377980434622,21898173.115000002,1.0,2022-01,2022-01,0.8924,0.01075,0.594373
4,C4 Hybrid + régime,2022-01,2022-01-31,P_selected,BCI,0.0004124155425552137,NEUTRAL,0.16389083664782889,0.16389083664782889,0.08194541832391444,1377138.3599999999,0.9999999852822823,2022-01,2022-01,0.8924,0.01075,0.594373
4,C4 Hybrid + régime,2022-01,2022-01-31,P_selected,SBM,0.00034410765658034713,BUY,0.2617785818304871,0.2617785818304871,0.2617785818304871,549954.65,0.9918315523332385,2022-01,2022-01,0.8924,0.01075,0.594373
4,C4 Hybrid + régime,2022-01,2022-01-31,P_selected,IMO,0.00024764710985514146,NEUTRAL,0.057586698510619344,0.057586698510619344,0.028793349255309672,1096795.1875,0.999998694238687,2022-01,2022-01,0.8924,0.01075,0.594373
4,C4 Hybrid + régime,2022-01,2022-01-31,P_selected,IBC,0.00011289318272018644,BUY,0.45257085502283834,0.45257085502283834,0.45257085502283834,11702.024999999996,0.021609674252783,2022-01,2022-01,0.8924,0.01075,0.594373
4,C4 Hybrid + régime,2022-02,2022-02-28,P_selected,SOT,0.18477078091858523,NEUTRAL,0.13619450258340765,0.13619450258340765,0.06809725129170383,19020863.05,1.0,2022-02,2022-02,0.7672,0.010645,0.891146
4,C4 Hybrid + régime,2022-02,2022-02-28,P_selected,MOX,0.17549046634670726,BUY,2.8402441711904434,2.8402441711904434,2.8402441711904434,13674.072499999998,0.022286951671317102,2022-02,2022-02,0.7672,0.010645,0.891146
4,C4 Hybrid + régime,2022-02,2022-02-28,P_selected,GAZ,0.17229661974547614,BUY,0.9240983162124621,0.9240983162124621,0.9240983162124621,532671.45,0.9892574614759452,2022-02,2022-02,0.7672,0.010645,0.891146
4,C4 Hybrid + régime,2022-02,2022-02-28,P_selected,ARD,0.15924004619242532,BUY,0.3777760686752756,0.3777760686752756,0.3777760686752756,6091240.0375,1.0,2022-02,2022-02,0.7672,0.010645,0.891146
4,C4 Hybrid + régime,2022-02,2022-02-28,P_selected,TMA,0.1315311009223217,BUY,0.4066897148017269,0.4066897148017269,0.4066897148017269,1539045.73125,0.9999999988964479,2022-02,2022-02,0.7672,0.010645,0.891146
4,C4 Hybrid + régime,2022-02,2022-02-28,P_selected,SLF,0.04322951490807041,BUY,0.7776732033167245,0.7776732033167245,0.7776732033167245,568779.3,0.9939430214747238,2022-02,2022-02,0.7672,0.010645,0.891146
4,C4 Hybrid + régime,2022-02,2022-02-28,P_selected,CIH,0.03453835919646048,BUY,0.6901893126718636,0.6901893126718636,0.6901893126718636,8981127.15,1.0,2022-02,2022-02,0.7672,0.010645,0.891146
4,C4 Hybrid + régime,2022-02,2022-02-28,P_selected,EQD,0.03224257974236096,BUY,0.3943170198546797,0.3943170198546797,0.3943170198546797,291239.9,0.6592240863187823,2022-02,2022-02,0.7672,0.010645,0.891146
4,C4 Hybrid + régime,2022-02,2022-02-28,P_selected,PRO,0.022517864110874856,BUY,0.37979203471264444,0.37979203471264444,0.37979203471264444,16044.9,0.023128678377343344,2022-02,2022-02,0.7672,0.010645,0.891146
4,C4 Hybrid + régime,2022-02,2022-02-28,P_selected,BAL,0.014709230343204373,BUY,0.880980282543435,0.880980282543435,0.880980282543435,235.10250000000002,0.018052771312339625,2022-02,2022-02,0.7672,0.010645,0.891146
4,C4 Hybrid + régime,2022-02,2022-02-28,P_selected,MDP,0.006336214583480814,BUY,1.3850898445737383,1.3850898445737383,1.3850898445737383,204319.3850000001,0.3249994885367841,2022-02,2022-02,0.7672,0.010645,0.891146
4,C4 Hybrid + régime,2022-02,2022-02-28,P_selected,NKL,0.005953524109927186,NEUTRAL,0.1785532021694526,0.1785532021694526,0.0892766010847263,52395.13250000001,0.040633595166639246,2022-02,2022-02,0.7672,0.010645,0.891146
4,C4 Hybrid + régime,2022-02,2022-02-28,P_selected,TQM,0.004547215419875371,BUY,0.9425694115046785,0.9425694115046785,0.9425694115046785,2162619.1,0.9999999999999487,2022-02,2022-02,0.7672,0.010645,0.891146
4,C4 Hybrid + régime,2022-02,2022-02-28,P_selected,LBV,0.003675937103469917,NEUTRAL,0.04529866011404947,0.04529866011404947,0.022649330057024734,4896813.6,1.0,2022-02,2022-02,0.7672,0.010645,0.891146
4,C4 Hybrid + régime,2022-02,2022-02-28,P_selected,SNP,0.002723550097457436,NEUTRAL,0.15089992797237686,0.15089992797237686,0.07544996398618843,3813367.19,1.0,2022-02,2022-02,0.7672,0.010645,0.891146
4,C4 Hybrid + régime,2022-02,2022-02-28,P_selected,BOA,0.00255533042208465,NEUTRAL,0.17571382750194958,0.17571382750194958,0.08785691375097479,3653751.475,1.0,2022-02,2022-02,0.7672,0.010645,0.891146
4,C4 Hybrid + régime,2022-02,2022-02-28,P_selected,INV,0.0010901793012930965,BUY,0.8004603853683638,0.8004603853683638,0.8004603853683638,33488.1275,0.030348490456690844,2022-02,2022-02,0.7672,0.010645,0.891146
4,C4 Hybrid + régime,2022-02,2022-02-28,P_selected,DWY,0.0008327281894470114,BUY,0.2896393919358641,0.2896393919358641,0.2896393919358641,880043.7099999996,0.9999581216361058,2022-02,2022-02,0.7672,0.010645,0.891146
4,C4 Hybrid + régime,2022-02,2022-02-28,P_selected,CTM,0.0005877303127570505,NEUTRAL,0.12787926038991138,0.12787926038991138,0.06393963019495569,13514.820000000002,0.022231496790836202,2022-02,2022-02,0.7672,0.010645,0.891146
4,C4 Hybrid + régime,2022-02,2022-02-28,P_selected,SBM,0.0005054261604084219,NEUTRAL,0.048013328311526285,0.048013328311526285,0.024006664155763142,1629677.65,0.9999999997411682,2022-02,2022-02,0.7672,0.010645,0.891146
4,C4 Hybrid + régime,2022-02,2022-02-28,P_selected,ATL,0.00029943456824556514,BUY,0.6836330485197619,0.6836330485197619,0.6836330485197619,3569535.715,1.0,2022-02,2022-02,0.7672,0.010645,0.891146
4,C4 Hybrid + régime,2022-02,2022-02-28,P_selected,HPS,0.00022825609841406867,BUY,0.3495197579582291,0.3495197579582291,0.3495197579582291,3158409.04,1.0,2022-02,2022-02,0.7672,0.010645,0.891146
4,C4 Hybrid + régime,2022-03,2022-03-31,P_selected,MAB,0.12620789447861624,BUY,0.3171881126263748,0.3171881126263748,0.3171881126263748,37091.955,0.03209204794582468,2022-03,2022-03,0.7386,0.010411,0.686328
4,C4 Hybrid + régime,2022-03,2022-03-31,P_selected,MOX,0.12373020061298538,BUY,1.004745630674741,1.004745630674741,1.004745630674741,726.4199999999971,0.01819265288438592,2022-03,2022-03,0.7386,0.010411,0.686328
4,C4 Hybrid + régime,2022-03,2022-03-31,P_selected,GAZ,0.08569596092667878,BUY,1.1965559333618432,1.1965559333618432,1.1965559333618432,2594107.0,1.0,2022-03,2022-03,0.7386,0.010411,0.686328
4,C4 Hybrid + régime,2022-03,2022-03-31,P_selected,TMA,0.0772214278434996,BUY,0.6424239142325741,0.6424239142325741,0.6424239142325741,1336361.23125,0.9999999717389053,2022-03,2022-03,0.7386,0.010411,0.686328
4,C4 Hybrid + régime,2022-03,2022-03-31,P_selected,IMO,0.06505275275190468,BUY,0.4866677045363833,0.4866677045363833,0.4866677045363833,711497.3724999999,0.9993792479957034,2022-03,2022-03,0.7386,0.010411,0.686328
4,C4 Hybrid + régime,2022-03,2022-03-31,P_selected,SNP,0.06349270777118553,BUY,0.3805340478235453,0.3805340478235453,0.3805340478235453,1558134.7999999996,0.9999999991868918,2022-03,2022-03,0.7386,0.010411,0.686328
4,C4 Hybrid + régime,2022-03,2022-03-31,P_selected,ARD,0.061016108112563534,BUY,0.3803172789081791,0.3803172789081791,0.3803172789081791,2035963.1975000002,0.999999999999611,2022-03,2022-03,0.7386,0.010411,0.686328
4,C4 Hybrid + régime,2022-03,2022-03-31,P_selected,ATL,0.060833827704266215,BUY,1.1151783360739311,1.1151783360739311,1.1151783360739311,1409552.34,0.9999999912379632,2022-03,2022-03,0.7386,0.010411,0.686328
4,C4 Hybrid + régime,2022-03,2022-03-31,P_selected,TQM,0.060014006251898726,BUY,1.2726359524013904,1.2726359524013904,1.2726359524013904,965529.0,0.9999893342689932,2022-03,2022-03,0.7386,0.010411,0.686328
4,C4 Hybrid + régime,2022-03,2022-03-31,P_selected,LBV,0.05106173670611106,BUY,0.33369942637166283,0.33369942637166283,0.33369942637166283,4373044.05,1.0,2022-03,2022-03,0.7386,0.010411,0.686328
4,C4 Hybrid + régime,2022-03,2022-03-31,P_selected,DWY,0.04600210691649646,BUY,1.2652068883988399,1.2652068883988399,1.2652068883988399,1982437.6649999998,0.9999999999990843,2022-03,2022-03,0.7386,0.010411,0.686328
4,C4 Hybrid + régime,2022-03,2022-03-31,P_selected,SID,0.04292187817371161,BUY,0.6965265210114766,0.6965265210114766,0.6965265210114766,5048978.779999999,1.0,2022-03,2022-03,0.7386,0.010411,0.686328
4,C4 Hybrid + régime,2022-03,2022-03-31,P_selected,MSA,0.0427753361268523,BUY,0.3279895780890024,0.3279895780890024,0.3279895780890024,4516602.715000001,1.0,2022-03,2022-03,0.7386,0.010411,0.686328
4,C4 Hybrid + régime,2022-03,2022-03-31,P_selected,SBM,0.04138046052103314,BUY,0.2629670508183336,0.2629670508183336,0.2629670508183336,1201782.8,0.999999756591575,2022-03,2022-03,0.7386,0.010411,0.686328
4,C4 Hybrid + régime,2022-03,2022-03-31,P_selected,SLF,0.022530837566300654,BUY,0.4311031077199427,0.4311031077199427,0.4311031077199427,655419.01,0.9984787555511124,2022-03,2022-03,0.7386,0.010411,0.686328
4,C4 Hybrid + régime,2022-03,2022-03-31,P_selected,RIS,0.011142496659022371,NEUTRAL,0.05470748830590008,0.05470748830590008,0.02735374415295004,65381.456999999995,0.049552666004444704,2022-03,2022-03,0.7386,0.010411,0.686328
4,C4 Hybrid + régime,2022-03,2022-03-31,P_selected,INV,0.0028939336980954504,BUY,0.9854239549526895,0.9854239549526895,0.9854239549526895,20353.315,0.02473845043448209,2022-03,2022-03,0.7386,0.010411,0.686328
4,C4 Hybrid + régime,2022-03,2022-03-31,P_selected,MDP,0.0025203465405680236,NEUTRAL,0.1307077564841252,0.1307077564841252,0.0653538782420626,276790.25050000014,0.6055498236201543,2022-03,2022-03,0.7386,0.010411,0.686328
4,C4 Hybrid + régime,2022-03,2022-03-31,P_selected,IBC,0.0023176647674042193,BUY,0.34710869804413075,0.34710869804413075,0.34710869804413075,2066.0029999999942,0.01857946786384317,2022-03,2022-03,0.7386,0.010411,0.686328
4,C4 Hybrid + régime,2022-03,2022-03-31,P_selected,JET,0.00210161481927729,BUY,0.3558983636193439,0.3558983636193439,0.3558983636193439,498212.1875,0.9815015200759165,2022-03,2022-03,0.7386,0.010411,0.686328
4,C4 Hybrid + régime,2022-03,2022-03-31,P_selected,HPS,0.0014193614797753502,NEUTRAL,0.1490806430605719,0.1490806430605719,0.07454032153028595,5082799.53,1.0,2022-03,2022-03,0.7386,0.010411,0.686328
4,C4 Hybrid + régime,2022-03,2022-03-31,P_selected,BOA,0.0013491299029004477,BUY,0.4941902492127214,0.4941902492127214,0.4941902492127214,4014839.95,1.0,2022-03,2022-03,0.7386,0.010411,0.686328
4,C4 Hybrid + régime,2022-03,2022-03-31,P_selected,LHM,0.0013453095146375442,BUY,0.5065122806274739,0.5065122806274739,0.5065122806274739,4718598.45,1.0,2022-03,2022-03,0.7386,0.010411,0.686328
4,C4 Hybrid + régime,2022-03,2022-03-31,P_selected,CSR,0.0011486514121663352,NEUTRAL,0.06812606312314579,0.06812606312314579,0.03406303156157289,3473115.3425,1.0,2022-03,2022-03,0.7386,0.010411,0.686328
4,C4 Hybrid + régime,2022-03,2022-03-31,P_selected,CIH,0.0010557799014762903,NEUTRAL,0.04293408719457828,0.04293408719457828,0.02146704359728914,1692228.8675000002,0.999999999904859,2022-03,2022-03,0.7386,0.010411,0.686328
4,C4 Hybrid + régime,2022-03,2022-03-31,P_selected,TGC,0.0007767956893373386,NEUTRAL,0.22264856707779784,0.22264856707779784,0.11132428353889892,3514323.7475,1.0,2022-03,2022-03,0.7386,0.010411,0.686328
4,C4 Hybrid + régime,2022-03,2022-03-31,P_selected,BAL,0.0006727583985637812,BUY,0.4148903695920495,0.4148903695920495,0.4148903695920495,459.5,0.018116527405625416,2022-03,2022-03,0.7386,0.010411,0.686328
4,C4 Hybrid + régime,2022-03,2022-03-31,P_selected,CTM,0.0006080036343280946,NEUTRAL,0.1484248090465169,0.1484248090465169,0.07421240452325845,334822.19,0.7952969281009562,2022-03,2022-03,0.7386,0.010411,0.686328
4,C4 Hybrid + régime,2022-03,2022-03-31,P_selected,CMT,0.0005173821628175678,NEUTRAL,0.0878566619516947,0.0878566619516947,0.04392833097584735,1031210.95,0.9999962710315927,2022-03,2022-03,0.7386,0.010411,0.686328
4,C4 Hybrid + régime,2022-03,2022-03-31,P_selected,NEJ,0.00016849374803882498,NEUTRAL,0.014518186729717386,0.014518186729717386,0.007259093364858693,30747.55,0.02908435470134861,2022-03,2022-03,0.7386,0.010411,0.686328
4,C4 Hybrid + régime,2022-04,2022-04-29,P_selected,MAB,0.12839765570336523,BUY,0.5659915605374244,0.5659915605374244,0.5659915605374244,9629.0,0.020919420685615857,2022-04,2022-04,0.7129,0.008495,0.669939
4,C4 Hybrid + régime,2022-04,2022-04-29,P_selected,CDM,0.12170707084531028,BUY,1.0258586260485842,1.0258586260485842,1.0258586260485842,498310.45499999996,0.9815300452405266,2022-04,2022-04,0.7129,0.008495,0.669939
4,C4 Hybrid + régime,2022-04,2022-04-29,P_selected,ARD,0.10142941694656338,BUY,0.38623559906379534,0.38623559906379534,0.38623559906379534,199562.1675,0.3085290107181765,2022-04,2022-04,0.7129,0.008495,0.669939
4,C4 Hybrid + régime,2022-04,2022-04-29,P_selected,SOT,0.08011466041204914,BUY,0.4865957470021467,0.4865957470021467,0.4865957470021467,2024656.1,0.9999999999995339,2022-04,2022-04,0.7129,0.008495,0.669939
4,C4 Hybrid + régime,2022-04,2022-04-29,P_selected,TGC,0.07909495323526551,BUY,0.5029061916660507,0.5029061916660507,0.5029061916660507,1481651.9474999998,0.9999999972355693,2022-04,2022-04,0.7129,0.008495,0.669939
4,C4 Hybrid + régime,2022-04,2022-04-29,P_selected,ATL,0.07016309841176085,BUY,1.1301448810913317,1.1301448810913317,1.1301448810913317,1851268.9975,0.9999999999925313,2022-04,2022-04,0.7129,0.008495,0.669939
4,C4 Hybrid + régime,2022-04,2022-04-29,P_selected,MNG,0.06608543855081252,BUY,0.6683501792667653,0.6683501792667653,0.6683501792667653,24805830.2,1.0,2022-04,2022-04,0.7129,0.008495,0.669939
4,C4 Hybrid + régime,2022-04,2022-04-29,P_selected,GAZ,0.06355573715445167,BUY,1.24613727595137,1.24613727595137,1.24613727595137,1344890.25,0.9999999753439622,2022-04,2022-04,0.7129,0.008495,0.669939
4,C4 Hybrid + régime,2022-04,2022-04-29,P_selected,LBV,0.05987681296746296,BUY,0.422895592749405,0.422895592749405,0.422895592749405,4575444.1,1.0,2022-04,2022-04,0.7129,0.008495,0.669939
4,C4 Hybrid + régime,2022-04,2022-04-29,P_selected,BOA,0.051692040744988704,BUY,0.9855154988713888,0.9855154988713888,0.9855154988713888,1620564.6,0.999999999700538,2022-04,2022-04,0.7129,0.008495,0.669939
4,C4 Hybrid + régime,2022-04,2022-04-29,P_selected,CTM,0.04623924242677108,BUY,0.38321301013641484,0.38321301013641484,0.38321301013641484,33005.295,0.030121976879574727,2022-04,2022-04,0.7129,0.008495,0.669939
4,C4 Hybrid + régime,2022-04,2022-04-29,P_selected,RIS,0.039747481132357994,BUY,0.7025380845745253,0.7025380845745253,0.7025380845745253,794468.8025,0.9998353462061255,2022-04,2022-04,0.7129,0.008495,0.669939
4,C4 Hybrid + régime,2022-04,2022-04-29,P_selected,MOX,0.031396462408484226,NEUTRAL,0.11710908397002318,0.11710908397002318,0.05855454198501159,3746.3699999999967,0.019076110479599572,2022-04,2022-04,0.7129,0.008495,0.669939
4,C4 Hybrid + régime,2022-04,2022-04-29,P_selected,JET,0.01927961781527864,BUY,0.47267482412314166,0.47267482412314166,0.47267482412314166,284647.33999999997,0.6351459582497001,2022-04,2022-04,0.7129,0.008495,0.669939
4,C4 Hybrid + régime,2022-04,2022-04-29,P_selected,CMT,0.013585458427942856,BUY,0.5721242163892615,0.5721242163892615,0.5721242163892615,2380697.25,0.9999999999999984,2022-04,2022-04,0.7129,0.008495,0.669939
4,C4 Hybrid + régime,2022-04,2022-04-29,P_selected,SNP,0.007644142216628102,BUY,0.5400536280722027,0.5400536280722027,0.5400536280722027,1575477.9999999995,0.9999999993839224,2022-04,2022-04,0.7129,0.008495,0.669939
4,C4 Hybrid + régime,2022-04,2022-04-29,P_selected,DWY,0.004461593647774155,BUY,0.4083692906230702,0.4083692906230702,0.4083692906230702,1151077.6449999996,0.9999994521382527,2022-04,2022-04,0.7129,0.008495,0.669939
4,C4 Hybrid + régime,2022-04,2022-04-29,P_selected,TMA,0.0027159157788578503,BUY,0.40906828276230145,0.40906828276230145,0.40906828276230145,233074.06875,0.4327070492209625,2022-04,2022-04,0.7129,0.008495,0.669939
4,C4 Hybrid + régime,2022-04,2022-04-29,P_selected,CSR,0.002458068522695149,BUY,0.4576139737890206,0.4576139737890206,0.4576139737890206,13609384.2875,1.0,2022-04,2022-04,0.7129,0.008495,0.669939
4,C4 Hybrid + régime,2022-04,2022-04-29,P_selected,LHM,0.0024230905572269388,BUY,0.4061001259247069,0.4061001259247069,0.4061001259247069,5780299.25,1.0,2022-04,2022-04,0.7129,0.008495,0.669939
4,C4 Hybrid + régime,2022-04,2022-04-29,P_selected,BAL,0.0019144350360270014,BUY,0.3283212740954159,0.3283212740954159,0.3283212740954159,4656.74,0.019350588965772575,2022-04,2022-04,0.7129,0.008495,0.669939
4,C4 Hybrid + régime,2022-04,2022-04-29,P_selected,MLE,0.0012465289283022552,NEUTRAL,0.21831450364190524,0.21831450364190524,0.10915725182095262,8425.22,0.020528550185946026,2022-04,2022-04,0.7129,0.008495,0.669939
4,C4 Hybrid + régime,2022-04,2022-04-29,P_selected,IMO,0.0010268838733423456,NEUTRAL,0.18185247955536193,0.18185247955536193,0.09092623977768097,224622.68,0.39986272500199554,2022-04,2022-04,0.7129,0.008495,0.669939
4,C4 Hybrid + régime,2022-04,2022-04-29,P_selected,TQM,0.0008784538502509439,BUY,0.6527991453247779,0.6527991453247779,0.6527991453247779,429422.4,0.9463818447033336,2022-04,2022-04,0.7129,0.008495,0.669939
4,C4 Hybrid + régime,2022-04,2022-04-29,P_selected,MSA,0.0004503311187312369,BUY,0.4125754055360847,0.4125754055360847,0.4125754055360847,8309529.365,1.0,2022-04,2022-04,0.7129,0.008495,0.669939
4,C4 Hybrid + régime,2022-04,2022-04-29,P_selected,BCP,0.0003641623940528976,NEUTRAL,0.05247885762745162,0.05247885762745162,0.02623942881372581,4477244.8149999995,1.0,2022-04,2022-04,0.7129,0.008495,0.669939
4,C4 Hybrid + régime,2022-04,2022-04-29,P_selected,SID,0.0003465917995691057,BUY,0.5267249377947256,0.5267249377947256,0.5267249377947256,5159598.18,1.0,2022-04,2022-04,0.7129,0.008495,0.669939
4,C4 Hybrid + régime,2022-04,2022-04-29,P_selected,COL,0.0003047660635440797,NEUTRAL,0.026400303131720232,0.026400303131720232,0.013200151565860116,13822.123499999998,0.022338627201266215,2022-04,2022-04,0.7129,0.008495,0.669939
4,C4 Hybrid + régime,2022-04,2022-04-29,P_selected,ATW,0.00028152265860745853,NEUTRAL,0.0750420906482433,0.0750420906482433,0.03752104532412165,10460014.02,1.0,2022-04,2022-04,0.7129,0.008495,0.669939
4,C4 Hybrid + régime,2022-04,2022-04-29,P_selected,ATH,0.00027525495522986553,NEUTRAL,0.035168652096033065,0.035168652096033065,0.017584326048016533,284726.7130000001,0.6354402044666908,2022-04,2022-04,0.7129,0.008495,0.669939
4,C4 Hybrid + régime,2022-04,2022-04-29,P_selected,NKL,0.00026221466611929577,NEUTRAL,0.16086622380647633,0.16086622380647633,0.08043311190323817,143256.4645,0.15343673963727228,2022-04,2022-04,0.7129,0.008495,0.669939
4,C4 Hybrid + régime,2022-04,2022-04-29,P_selected,IBC,0.00021824049109806672,BUY,0.6902415251076378,0.6902415251076378,0.6902415251076378,2378.539999999994,0.018670869864302744,2022-04,2022-04,0.7129,0.008495,0.669939
4,C4 Hybrid + régime,2022-04,2022-04-29,P_selected,INV,0.00010217386653174967,NEUTRAL,0.09595105054082745,0.09595105054082745,0.047975525270413724,4260.8825,0.019230764566916466,2022-04,2022-04,0.7129,0.008495,0.669939
4,C4 Hybrid + régime,2022-04,2022-04-29,P_selected,HPS,0.00010044072736412024,NEUTRAL,0.02168808951557595,0.02168808951557595,0.010844044757787975,1969703.0550000002,0.9999999999988773,2022-04,2022-04,0.7129,0.008495,0.669939
4,C4 Hybrid + régime,2022-05,2022-05-31,P_selected,CDM,0.21010899207437406,BUY,1.8888013337010239,1.8888013337010239,1.8888013337010239,51642.0,0.04016644282738975,2022-05,2022-05,0.612,0.008262,0.707003
4,C4 Hybrid + régime,2022-05,2022-05-31,P_selected,ARD,0.11481496515973644,BUY,0.851142209103346,0.851142209103346,0.851142209103346,2784316.995,1.0,2022-05,2022-05,0.612,0.008262,0.707003
4,C4 Hybrid + régime,2022-05,2022-05-31,P_selected,MOX,0.10004066928760198,BUY,0.6472099059034566,0.6472099059034566,0.6472099059034566,372.6049999999971,0.01809181251244848,2022-05,2022-05,0.612,0.008262,0.707003
4,C4 Hybrid + régime,2022-05,2022-05-31,P_selected,SOT,0.09012733471448939,NEUTRAL,0.21133604609276668,0.21133604609276668,0.10566802304638334,464450.55,0.9686657785115104,2022-05,2022-05,0.612,0.008262,0.707003
4,C4 Hybrid + régime,2022-05,2022-05-31,P_selected,GAZ,0.06683016942257076,BUY,0.40955084107216755,0.40955084107216755,0.40955084107216755,951520.75,0.9999866546873268,2022-05,2022-05,0.612,0.008262,0.707003
4,C4 Hybrid + régime,2022-05,2022-05-31,P_selected,LBV,0.05688162416639577,NEUTRAL,0.04728014467318334,0.04728014467318334,0.02364007233659167,3674309.15,1.0,2022-05,2022-05,0.612,0.008262,0.707003
4,C4 Hybrid + régime,2022-05,2022-05-31,P_selected,MNG,0.05469450604434664,NEUTRAL,0.16240380343894265,0.16240380343894265,0.08120190171947132,68112747.9,1.0,2022-05,2022-05,0.612,0.008262,0.707003
4,C4 Hybrid + régime,2022-05,2022-05-31,P_selected,TGC,0.04393560010963294,BUY,0.375457080846117,0.375457080846117,0.375457080846117,1479260.9475000002,0.9999999971277644,2022-05,2022-05,0.612,0.008262,0.707003
4,C4 Hybrid + régime,2022-05,2022-05-31,P_selected,CIH,0.04382033056950494,NEUTRAL,0.2179414123889824,0.2179414123889824,0.1089707061944912,300523.37750000006,0.6917629138963353,2022-05,2022-05,0.612,0.008262,0.707003
4,C4 Hybrid + régime,2022-05,2022-05-31,P_selected,DHO,0.035321131773876135,BUY,0.4545917323708203,0.4545917323708203,0.4545917323708203,587058.0774999999,0.9954719665739085,2022-05,2022-05,0.612,0.008262,0.707003
4,C4 Hybrid + régime,2022-05,2022-05-31,P_selected,EQD,0.02033116847785179,BUY,0.5780310114999407,0.5780310114999407,0.5780310114999407,124230.9,0.1179169551442888,2022-05,2022-05,0.612,0.008262,0.707003
4,C4 Hybrid + régime,2022-05,2022-05-31,P_selected,RIS,0.019745662175446304,BUY,0.37000015547395193,0.37000015547395193,0.37000015547395193,824813.7,0.9998986692395552,2022-05,2022-05,0.612,0.008262,0.707003
4,C4 Hybrid + régime,2022-05,2022-05-31,P_selected,ATL,0.017942536308393337,BUY,0.7778200758938435,0.7778200758938435,0.7778200758938435,307663.9475,0.7155762909970304,2022-05,2022-05,0.612,0.008262,0.707003
4,C4 Hybrid + régime,2022-05,2022-05-31,P_selected,SMI,0.017828353173364685,NEUTRAL,0.054903635015283156,0.054903635015283156,0.027451817507641578,1311138.6,0.9999999576889536,2022-05,2022-05,0.612,0.008262,0.707003
4,C4 Hybrid + régime,2022-05,2022-05-31,P_selected,SLF,0.01608094565286309,NEUTRAL,0.10986657411414685,0.10986657411414685,0.05493328705707343,80278.25,0.06206211428803161,2022-05,2022-05,0.612,0.008262,0.707003
4,C4 Hybrid + régime,2022-05,2022-05-31,P_selected,TQM,0.012895814616517355,BUY,0.5673595453033928,0.5673595453033928,0.5673595453033928,1115162.35,0.9999990267244254,2022-05,2022-05,0.612,0.008262,0.707003
4,C4 Hybrid + régime,2022-05,2022-05-31,P_selected,CMT,0.012528488401670888,NEUTRAL,0.04570384892109801,0.04570384892109801,0.022851924460549004,2231414.1,0.9999999999999829,2022-05,2022-05,0.612,0.008262,0.707003
4,C4 Hybrid + régime,2022-05,2022-05-31,P_selected,JET,0.012231436287881136,BUY,0.6642866747505685,0.6642866747505685,0.6642866747505685,99492.9625,0.08255615842629264,2022-05,2022-05,0.612,0.008262,0.707003
4,C4 Hybrid + régime,2022-05,2022-05-31,P_selected,DWY,0.008838002562215432,BUY,0.33006632236321864,0.33006632236321864,0.33006632236321864,2217658.4999999995,0.9999999999999787,2022-05,2022-05,0.612,0.008262,0.707003
4,C4 Hybrid + régime,2022-05,2022-05-31,P_selected,INV,0.008208403392134963,BUY,1.0770783666370534,1.0770783666370534,1.0770783666370534,2842.9449999999997,0.01880750114784886,2022-05,2022-05,0.612,0.008262,0.707003
4,C4 Hybrid + régime,2022-05,2022-05-31,P_selected,MIC,0.007399067634464623,NEUTRAL,0.03664961206135814,0.03664961206135814,0.01832480603067907,481611.82500000036,0.9760089099051161,2022-05,2022-05,0.612,0.008262,0.707003
4,C4 Hybrid + régime,2022-05,2022-05-31,P_selected,ATH,0.006828770079830635,NEUTRAL,0.17389008867760994,0.17389008867760994,0.08694504433880497,844568.2019999999,0.9999261271442165,2022-05,2022-05,0.612,0.008262,0.707003
4,C4 Hybrid + régime,2022-05,2022-05-31,P_selected,SRM,0.006343898829943946,NEUTRAL,0.14765349961711738,0.14765349961711738,0.07382674980855869,2073.2200000000003,0.018581573528664345,2022-05,2022-05,0.612,0.008262,0.707003
4,C4 Hybrid + régime,2022-05,2022-05-31,P_selected,NEJ,0.005099946127787993,NEUTRAL,0.04214391049237881,0.04214391049237881,0.021071955246189406,290.0,0.018068348477957498,2022-05,2022-05,0.612,0.008262,0.707003
4,C4 Hybrid + régime,2022-05,2022-05-31,P_selected,BCI,0.003166794990223635,BUY,0.7835955642915322,0.7835955642915322,0.7835955642915322,3025386.62,1.0,2022-05,2022-05,0.612,0.008262,0.707003
4,C4 Hybrid + régime,2022-05,2022-05-31,P_selected,IMO,0.0020958334923373515,BUY,0.265022265199505,0.265022265199505,0.265022265199505,290775.5825,0.6575531918585473,2022-05,2022-05,0.612,0.008262,0.707003
4,C4 Hybrid + régime,2022-05,2022-05-31,P_selected,BCP,0.001964028239470284,NEUTRAL,0.028133888994483942,0.028133888994483942,0.014066944497241971,4577307.595000001,1.0,2022-05,2022-05,0.612,0.008262,0.707003
4,C4 Hybrid + régime,2022-05,2022-05-31,P_selected,IBC,0.001712941442174115,BUY,0.27968477815894194,0.27968477815894194,0.27968477815894194,1822.529999999994,0.018508568075884916,2022-05,2022-05,0.612,0.008262,0.707003
4,C4 Hybrid + régime,2022-05,2022-05-31,P_selected,SID,0.0011748501958094325,BUY,0.6150313910012329,0.6150313910012329,0.6150313910012329,6042727.85,1.0,2022-05,2022-05,0.612,0.008262,0.707003
4,C4 Hybrid + régime,2022-05,2022-05-31,P_selected,BOA,0.00046040612506493807,BUY,0.3050607157520636,0.3050607157520636,0.3050607157520636,1656618.385,0.9999999998318045,2022-05,2022-05,0.612,0.008262,0.707003
4,C4 Hybrid + régime,2022-05,2022-05-31,P_selected,NKL,0.0004354749668340693,NEUTRAL,0.18435776925561076,0.18435776925561076,0.09217888462780538,21415.7105,0.025151889985759582,2022-05,2022-05,0.612,0.008262,0.707003
4,C4 Hybrid + régime,2022-05,2022-05-31,P_selected,SNP,0.00011132913257313407,BUY,0.4012418847263036,0.4012418847263036,0.4012418847263036,449727.7549999998,0.9606700267786388,2022-05,2022-05,0.612,0.008262,0.707003
4,C4 Hybrid + régime,2022-06,2022-06-30,P_selected,ARD,0.15320179426570968,BUY,0.7260383331209792,0.7260383331209792,0.7260383331209792,2867945.9025,1.0,2022-06,2022-06,0.8749,0.010203,0.628384
4,C4 Hybrid + régime,2022-06,2022-06-30,P_selected,AFM,0.15146444325463926,BUY,1.2734479509247008,1.2734479509247008,1.2734479509247008,264173.15,0.5564508923652968,2022-06,2022-06,0.8749,0.010203,0.628384
4,C4 Hybrid + régime,2022-06,2022-06-30,P_selected,SOT,0.14649391195412795,BUY,0.3422604094776951,0.3422604094776951,0.3422604094776951,3524019.9,1.0,2022-06,2022-06,0.8749,0.010203,0.628384
4,C4 Hybrid + régime,2022-06,2022-06-30,P_selected,CMT,0.09091615255453418,BUY,0.5110970269549142,0.5110970269549142,0.5110970269549142,3984374.3,1.0,2022-06,2022-06,0.8749,0.010203,0.628384
4,C4 Hybrid + régime,2022-06,2022-06-30,P_selected,GAZ,0.06266928613150766,BUY,0.70094952350596,0.70094952350596,0.70094952350596,4677292.85,1.0,2022-06,2022-06,0.8749,0.010203,0.628384
4,C4 Hybrid + régime,2022-06,2022-06-30,P_selected,MUT,0.05277815362761446,BUY,0.4860004642285254,0.4860004642285254,0.4860004642285254,2933251.6224999996,1.0,2022-06,2022-06,0.8749,0.010203,0.628384
4,C4 Hybrid + régime,2022-06,2022-06-30,P_selected,MNG,0.04853739560286823,BUY,0.34745035320411677,0.34745035320411677,0.34745035320411677,33236328.75,1.0,2022-06,2022-06,0.8749,0.010203,0.628384
4,C4 Hybrid + régime,2022-06,2022-06-30,P_selected,HPS,0.039659393044833534,BUY,0.4117512552825181,0.4117512552825181,0.4117512552825181,2712500.665,1.0,2022-06,2022-06,0.8749,0.010203,0.628384
4,C4 Hybrid + régime,2022-06,2022-06-30,P_selected,CIH,0.03888660322203154,BUY,0.49660747780784026,0.49660747780784026,0.49660747780784026,10534704.475,1.0,2022-06,2022-06,0.8749,0.010203,0.628384
4,C4 Hybrid + régime,2022-06,2022-06-30,P_selected,TQM,0.03787329474997644,BUY,0.4848533661553277,0.4848533661553277,0.4848533661553277,4667687.8,1.0,2022-06,2022-06,0.8749,0.010203,0.628384
4,C4 Hybrid + régime,2022-06,2022-06-30,P_selected,DWY,0.03071402026568257,BUY,0.85237312257448,0.85237312257448,0.85237312257448,2922014.0449999995,1.0,2022-06,2022-06,0.8749,0.010203,0.628384
4,C4 Hybrid + régime,2022-06,2022-06-30,P_selected,BOA,0.030361300640265196,BUY,0.7014833795609313,0.7014833795609313,0.7014833795609313,15686303.5275,1.0,2022-06,2022-06,0.8749,0.010203,0.628384
4,C4 Hybrid + régime,2022-06,2022-06-30,P_selected,MAB,0.025677635934344988,NEUTRAL,0.1482905876691052,0.1482905876691052,0.0741452938345526,5046.38,0.019469245969180194,2022-06,2022-06,0.8749,0.010203,0.628384
4,C4 Hybrid + régime,2022-06,2022-06-30,P_selected,EQD,0.016484631126900136,BUY,0.47847464121410055,0.47847464121410055,0.47847464121410055,68982.75,0.052337961011241184,2022-06,2022-06,0.8749,0.010203,0.628384
4,C4 Hybrid + régime,2022-06,2022-06-30,P_selected,BCP,0.012694950482810866,NEUTRAL,0.06536714458380605,0.06536714458380605,0.032683572291903024,13469837.892500002,1.0,2022-06,2022-06,0.8749,0.010203,0.628384
4,C4 Hybrid + régime,2022-06,2022-06-30,P_selected,IMO,0.010956662459580943,NEUTRAL,0.11931446699248655,0.11931446699248655,0.05965723349624327,979259.2149999999,0.9999914378223534,2022-06,2022-06,0.8749,0.010203,0.628384
4,C4 Hybrid + régime,2022-06,2022-06-30,P_selected,ATL,0.01064785754274492,BUY,0.9263266458487962,0.9263266458487962,0.9263266458487962,2019473.6349999998,0.9999999999994937,2022-06,2022-06,0.8749,0.010203,0.628384
4,C4 Hybrid + régime,2022-06,2022-06-30,P_selected,SID,0.010418376397039042,BUY,0.7422931367778733,0.7422931367778733,0.7422931367778733,1657536.7349999999,0.9999999998342579,2022-06,2022-06,0.8749,0.010203,0.628384
4,C4 Hybrid + régime,2022-06,2022-06-30,P_selected,SLF,0.007875566037904222,BUY,0.4576787370505904,0.4576787370505904,0.4576787370505904,108378.0,0.09398233198293662,2022-06,2022-06,0.8749,0.010203,0.628384
4,C4 Hybrid + régime,2022-06,2022-06-30,P_selected,JET,0.0053168858144713674,BUY,0.2551818365685863,0.2551818365685863,0.2551818365685863,119439.22750000001,0.1101732788296615,2022-06,2022-06,0.8749,0.010203,0.628384
4,C4 Hybrid + régime,2022-06,2022-06-30,P_selected,NKL,0.005047207498234859,BUY,0.5069747733500232,0.5069747733500232,0.5069747733500232,13450.232499999998,0.022209044596329348,2022-06,2022-06,0.8749,0.010203,0.628384
4,C4 Hybrid + régime,2022-06,2022-06-30,P_selected,SNP,0.0033041560974380007,BUY,0.7467653897096536,0.7467653897096536,0.7467653897096536,1529761.3349999997,0.9999999987197128,2022-06,2022-06,0.8749,0.010203,0.628384
4,C4 Hybrid + régime,2022-06,2022-06-30,P_selected,LBV,0.0025940755958337716,NEUTRAL,0.14771356642270408,0.14771356642270408,0.07385678321135204,13681147.3,1.0,2022-06,2022-06,0.8749,0.010203,0.628384
4,C4 Hybrid + régime,2022-06,2022-06-30,P_selected,TMA,0.002387186465018598,NEUTRAL,0.16157562505041895,0.16157562505041895,0.08078781252520947,3085921.125,1.0,2022-06,2022-06,0.8749,0.010203,0.628384
4,C4 Hybrid + régime,2022-06,2022-06-30,P_selected,SMI,0.0011775278844916508,NEUTRAL,0.025221468087997856,0.025221468087997856,0.012610734043998928,911382.8,0.9999746352505573,2022-06,2022-06,0.8749,0.010203,0.628384
4,C4 Hybrid + régime,2022-06,2022-06-30,P_selected,MSA,0.0009204036083464206,BUY,0.7555890131904135,0.7555890131904135,0.7555890131904135,6308598.1875,1.0,2022-06,2022-06,0.8749,0.010203,0.628384
4,C4 Hybrid + régime,2022-06,2022-06-30,P_selected,ATH,0.0004410126793044592,NEUTRAL,0.1664304110924537,0.1664304110924537,0.08321520554622686,770844.564,0.9997597314546991,2022-06,2022-06,0.8749,0.010203,0.628384
4,C4 Hybrid + régime,2022-06,2022-06-30,P_selected,ATW,0.00019761866956590808,NEUTRAL,0.1504551753305604,0.1504551753305604,0.0752275876652802,30593427.247500002,1.0,2022-06,2022-06,0.8749,0.010203,0.628384
4,C4 Hybrid + régime,2022-06,2022-06-30,P_selected,RIS,0.00017217870052541794,NEUTRAL,0.21376295300750828,0.21376295300750828,0.10688147650375414,102483.03,0.08625279271853506,2022-06,2022-06,0.8749,0.010203,0.628384
4,C4 Hybrid + régime,2022-06,2022-06-30,P_selected,COL,0.00011857625190997782,BUY,1.0944043212249854,1.0944043212249854,1.0944043212249854,21557.4205,0.025207543899297472,2022-06,2022-06,0.8749,0.010203,0.628384
4,C4 Hybrid + régime,2022-07,2022-07-29,P_selected,AGM,0.13839852862468052,BUY,1.5493876089033458,1.5493876089033458,1.5493876089033458,12425.05,0.02185561979142703,2022-07,2022-07,0.6612,0.010719,0.819253
4,C4 Hybrid + régime,2022-07,2022-07-29,P_selected,AFM,0.13313880395757413,BUY,1.4012233134574437,1.4012233134574437,1.4012233134574437,9437.35,0.020856707476770573,2022-07,2022-07,0.6612,0.010719,0.819253
4,C4 Hybrid + régime,2022-07,2022-07-29,P_selected,GAZ,0.11009590090729454,BUY,0.7664948756852119,0.7664948756852119,0.7664948756852119,614453.9,0.9970742150444568,2022-07,2022-07,0.6612,0.010719,0.819253
4,C4 Hybrid + régime,2022-07,2022-07-29,P_selected,IAM,0.10525259405295953,BUY,0.5508013769282853,0.5508013769282853,0.5508013769282853,7836986.1425,1.0,2022-07,2022-07,0.6612,0.010719,0.819253
4,C4 Hybrid + régime,2022-07,2022-07-29,P_selected,HPS,0.08402932851407931,BUY,0.784775112200217,0.784775112200217,0.784775112200217,724613.9349999999,0.9994967011280889,2022-07,2022-07,0.6612,0.010719,0.819253
4,C4 Hybrid + régime,2022-07,2022-07-29,P_selected,SMI,0.0754912967235485,BUY,0.8758572475132995,0.8758572475132995,0.8758572475132995,1292902.85,0.9999999433540677,2022-07,2022-07,0.6612,0.010719,0.819253
4,C4 Hybrid + régime,2022-07,2022-07-29,P_selected,TMA,0.053909697134943715,BUY,0.3535482235050924,0.3535482235050924,0.3535482235050924,654925.8,0.9984667218513635,2022-07,2022-07,0.6612,0.010719,0.819253
4,C4 Hybrid + régime,2022-07,2022-07-29,P_selected,LBV,0.053339717149835625,NEUTRAL,0.1263374799144004,0.1263374799144004,0.0631687399572002,1805915.9,0.9999999999845692,2022-07,2022-07,0.6612,0.010719,0.819253
4,C4 Hybrid + régime,2022-07,2022-07-29,P_selected,SBM,0.0510267061141742,NEUTRAL,0.13928836903313663,0.13928836903313663,0.06964418451656831,403519.25,0.9210215206114438,2022-07,2022-07,0.6612,0.010719,0.819253
4,C4 Hybrid + régime,2022-07,2022-07-29,P_selected,CTM,0.04129816614619407,BUY,1.014219374869476,1.014219374869476,1.014219374869476,17547.635000000002,0.023678191020484664,2022-07,2022-07,0.6612,0.010719,0.819253
4,C4 Hybrid + régime,2022-07,2022-07-29,P_selected,CMT,0.03745017989295914,BUY,0.5947564013025151,0.5947564013025151,0.5947564013025151,1308147.5,0.9999999556148129,2022-07,2022-07,0.6612,0.010719,0.819253
4,C4 Hybrid + régime,2022-07,2022-07-29,P_selected,DWY,0.03732928877510415,BUY,0.7810894944929417,0.7810894944929417,0.7810894944929417,408666.79999999964,0.926808576662978,2022-07,2022-07,0.6612,0.010719,0.819253
4,C4 Hybrid + régime,2022-07,2022-07-29,P_selected,SID,0.020937976174971746,BUY,0.2990060204293382,0.2990060204293382,0.2990060204293382,2460851.52,0.9999999999999996,2022-07,2022-07,0.6612,0.010719,0.819253
4,C4 Hybrid + régime,2022-07,2022-07-29,P_selected,MSA,0.011503736677814576,NEUTRAL,0.10907142809991542,0.10907142809991542,0.05453571404995771,2894368.935,1.0,2022-07,2022-07,0.6612,0.010719,0.819253
4,C4 Hybrid + régime,2022-07,2022-07-29,P_selected,CIH,0.008046879762966102,NEUTRAL,0.17328033644374558,0.17328033644374558,0.08664016822187279,491903.32,0.9795768797822664,2022-07,2022-07,0.6612,0.010719,0.819253
4,C4 Hybrid + régime,2022-07,2022-07-29,P_selected,CDM,0.007533154300811331,BUY,0.2984574401155623,0.2984574401155623,0.2984574401155623,54171.105,0.04175587873371595,2022-07,2022-07,0.6612,0.010719,0.819253
4,C4 Hybrid + régime,2022-07,2022-07-29,P_selected,SNP,0.006972736187436411,BUY,0.5025809641325113,0.5025809641325113,0.5025809641325113,682418.4599999997,0.99901185784668,2022-07,2022-07,0.6612,0.010719,0.819253
4,C4 Hybrid + régime,2022-07,2022-07-29,P_selected,COL,0.004938369073667962,BUY,1.3633091118753404,1.3633091118753404,1.3633091118753404,26137.066,0.027072083075766255,2022-07,2022-07,0.6612,0.010719,0.819253
4,C4 Hybrid + régime,2022-07,2022-07-29,P_selected,SOT,0.004780951581702923,BUY,0.2474427863263509,0.2474427863263509,0.2474427863263509,242563.3,0.47028824653370094,2022-07,2022-07,0.6612,0.010719,0.819253
4,C4 Hybrid + régime,2022-07,2022-07-29,P_selected,SLF,0.003333785582834935,BUY,0.47436527373956294,0.47436527373956294,0.47436527373956294,2626.2599999999998,0.01874362925390965,2022-07,2022-07,0.6612,0.010719,0.819253
4,C4 Hybrid + régime,2022-07,2022-07-29,P_selected,IMO,0.0027962828472003144,NEUTRAL,0.1248961828387867,0.1248961828387867,0.06244809141939335,372838.485,0.8771178676852796,2022-07,2022-07,0.6612,0.010719,0.819253
4,C4 Hybrid + régime,2022-07,2022-07-29,P_selected,RIS,0.0023560392952824407,BUY,0.41729058654884865,0.41729058654884865,0.41729058654884865,156606.7625,0.18327842538994554,2022-07,2022-07,0.6612,0.010719,0.819253
4,C4 Hybrid + régime,2022-07,2022-07-29,P_selected,NKL,0.0018910980713169533,NEUTRAL,0.2075017364112839,0.2075017364112839,0.10375086820564194,3006.9145000000003,0.018855976026203498,2022-07,2022-07,0.6612,0.010719,0.819253
4,C4 Hybrid + régime,2022-07,2022-07-29,P_selected,JET,0.0016066096649798999,NEUTRAL,0.12210675270199232,0.12210675270199232,0.06105337635099616,109280.11000000002,0.09521858506957025,2022-07,2022-07,0.6612,0.010719,0.819253
4,C4 Hybrid + régime,2022-07,2022-07-29,P_selected,ALM,0.0015146861866371503,NEUTRAL,0.05098722411438528,0.05098722411438528,0.02549361205719264,157929.55,0.186467760241085,2022-07,2022-07,0.6612,0.010719,0.819253
4,C4 Hybrid + régime,2022-07,2022-07-29,P_selected,ATL,0.0006452670932556457,BUY,0.32160375377003214,0.32160375377003214,0.32160375377003214,236916.9825,0.4478581883507082,2022-07,2022-07,0.6612,0.010719,0.819253
4,C4 Hybrid + régime,2022-07,2022-07-29,P_selected,EQD,0.0001682904834286203,NEUTRAL,0.002336149512987426,0.002336149512987426,0.001168074756493713,53174.3,0.04112237037067293,2022-07,2022-07,0.6612,0.010719,0.819253
4,C4 Hybrid + régime,2022-07,2022-07-29,P_selected,IBC,0.00014828031228576917,NEUTRAL,0.03493746404106489,0.03493746404106489,0.017468732020532445,2799.635499999994,0.018794717827773713,2022-07,2022-07,0.6612,0.010719,0.819253
4,C4 Hybrid + régime,2022-08,2022-08-31,P_selected,AFM,0.17514027642913835,BUY,1.2531104001069673,1.2531104001069673,1.2531104001069673,6571.55,0.019940602496045526,2022-08,2022-08,0.4727,0.008691,0.997388
4,C4 Hybrid + régime,2022-08,2022-08-31,P_selected,SBM,0.13682206981612657,BUY,3.3423367753394944,3.3423367753394944,3.3423367753394944,107355.45,0.09259843929152117,2022-08,2022-08,0.4727,0.008691,0.997388
4,C4 Hybrid + régime,2022-08,2022-08-31,P_selected,CMT,0.09381989020858837,BUY,0.47268032792758363,0.47268032792758363,0.47268032792758363,1839015.55,0.9999999999909137,2022-08,2022-08,0.4727,0.008691,0.997388
4,C4 Hybrid + régime,2022-08,2022-08-31,P_selected,IAM,0.09142510653010412,BUY,0.4953553952705618,0.4953553952705618,0.4953553952705618,6699503.2,1.0,2022-08,2022-08,0.4727,0.008691,0.997388
4,C4 Hybrid + régime,2022-08,2022-08-31,P_selected,ALM,0.08883103605326768,BUY,0.34189519771215215,0.34189519771215215,0.34189519771215215,425896.95,0.9434464270815065,2022-08,2022-08,0.4727,0.008691,0.997388
4,C4 Hybrid + régime,2022-08,2022-08-31,P_selected,DRI,0.08051493801018042,BUY,0.2415946372874952,0.2415946372874952,0.2415946372874952,18638.75,0.02408514696195234,2022-08,2022-08,0.4727,0.008691,0.997388
4,C4 Hybrid + régime,2022-08,2022-08-31,P_selected,TMA,0.06103261537635779,BUY,0.7769084057952139,0.7769084057952139,0.7769084057952139,833279.0625,0.999911504026122,2022-08,2022-08,0.4727,0.008691,0.997388
4,C4 Hybrid + régime,2022-08,2022-08-31,P_selected,PRO,0.05713350773421386,BUY,0.23512659756558452,0.23512659756558452,0.23512659756558452,710.9,0.018188218002565107,2022-08,2022-08,0.4727,0.008691,0.997388
4,C4 Hybrid + régime,2022-08,2022-08-31,P_selected,DWY,0.05090962100544655,BUY,0.6123122027727876,0.6123122027727876,0.6123122027727876,328229.0349999996,0.7775878714719826,2022-08,2022-08,0.4727,0.008691,0.997388
4,C4 Hybrid + régime,2022-08,2022-08-31,P_selected,LBV,0.04733660135931894,BUY,1.3007891191439522,1.3007891191439522,1.3007891191439522,1197716.8,0.9999997402299603,2022-08,2022-08,0.4727,0.008691,0.997388
4,C4 Hybrid + régime,2022-08,2022-08-31,P_selected,IBC,0.027773029145189563,BUY,0.3396209651038481,0.3396209651038481,0.3396209651038481,153.0199999999942,0.018029504990843458,2022-08,2022-08,0.4727,0.008691,0.997388
4,C4 Hybrid + régime,2022-08,2022-08-31,P_selected,JET,0.018885969835674973,NEUTRAL,0.008655297559764519,0.008655297559764519,0.004327648779882259,39469.5825,0.033294982816629196,2022-08,2022-08,0.4727,0.008691,0.997388
4,C4 Hybrid + régime,2022-08,2022-08-31,P_selected,SOT,0.018241120999418395,NEUTRAL,0.12918113875540224,0.12918113875540224,0.06459056937770112,1794795.75,0.9999999999815643,2022-08,2022-08,0.4727,0.008691,0.997388
4,C4 Hybrid + régime,2022-08,2022-08-31,P_selected,IMO,0.01299262746761474,BUY,0.337518373096159,0.337518373096159,0.337518373096159,129486.28250000002,0.12694778775563792,2022-08,2022-08,0.4727,0.008691,0.997388
4,C4 Hybrid + régime,2022-08,2022-08-31,P_selected,TQM,0.012067011450033175,BUY,0.4938318333315366,0.4938318333315366,0.4938318333315366,336671.8,0.8000727003082123,2022-08,2022-08,0.4727,0.008691,0.997388
4,C4 Hybrid + régime,2022-08,2022-08-31,P_selected,GAZ,0.008228311003542333,BUY,0.47293255638922654,0.47293255638922654,0.47293255638922654,52945.3,0.040978136675891584,2022-08,2022-08,0.4727,0.008691,0.997388
4,C4 Hybrid + régime,2022-08,2022-08-31,P_selected,MLE,0.005532623877526892,NEUTRAL,0.18076038752477552,0.18076038752477552,0.09038019376238776,394.5925,0.018098063122772366,2022-08,2022-08,0.4727,0.008691,0.997388
4,C4 Hybrid + régime,2022-08,2022-08-31,P_selected,NKL,0.002894980426080121,NEUTRAL,0.022869483407031377,0.022869483407031377,0.011434741703515688,7714.470000000001,0.02030113436389416,2022-08,2022-08,0.4727,0.008691,0.997388
4,C4 Hybrid + régime,2022-08,2022-08-31,P_selected,BCI,0.002001784681838097,BUY,0.31697677956626424,0.31697677956626424,0.31697677956626424,24503.0225,0.026391901962741767,2022-08,2022-08,0.4727,0.008691,0.997388
4,C4 Hybrid + régime,2022-08,2022-08-31,P_selected,RIS,0.0017053571413465365,BUY,0.2884939735972501,0.2884939735972501,0.2884939735972501,86045.0975,0.06765520286777334,2022-08,2022-08,0.4727,0.008691,0.997388
4,C4 Hybrid + régime,2022-08,2022-08-31,P_selected,ATL,0.0016580614862278288,NEUTRAL,0.2116960613173299,0.2116960613173299,0.10584803065866495,188390.8625,0.2717531011024365,2022-08,2022-08,0.4727,0.008691,0.997388
4,C4 Hybrid + régime,2022-08,2022-08-31,P_selected,BCP,0.0014815112550845245,NEUTRAL,0.09214546594164139,0.09214546594164139,0.04607273297082069,2906303.2525000004,1.0,2022-08,2022-08,0.4727,0.008691,0.997388
4,C4 Hybrid + régime,2022-08,2022-08-31,P_selected,LHM,0.0009491935796092054,BUY,0.2984727114886235,0.2984727114886235,0.2984727114886235,3886337.3,1.0,2022-08,2022-08,0.4727,0.008691,0.997388
4,C4 Hybrid + régime,2022-08,2022-08-31,P_selected,BOA,0.0007579312032578851,NEUTRAL,0.04791898289237785,0.04791898289237785,0.023959491446188926,1006810.5125,0.9999944901530384,2022-08,2022-08,0.4727,0.008691,0.997388
4,C4 Hybrid + régime,2022-08,2022-08-31,P_selected,CSR,0.0006197244307393773,BUY,0.31541416024941427,0.31541416024941427,0.31541416024941427,968974.0749999996,0.999989906261671,2022-08,2022-08,0.4727,0.008691,0.997388
4,C4 Hybrid + régime,2022-08,2022-08-31,P_selected,SNP,0.0005702217558951085,BUY,0.3014547893416906,0.3014547893416906,0.3014547893416906,527357.1399999999,0.9883152163601215,2022-08,2022-08,0.4727,0.008691,0.997388
4,C4 Hybrid + régime,2022-08,2022-08-31,P_selected,MSA,0.00036708868966734445,NEUTRAL,0.19454601562951707,0.19454601562951707,0.09727300781475853,2281634.4675000003,0.9999999999999925,2022-08,2022-08,0.4727,0.008691,0.997388
4,C4 Hybrid + régime,2022-08,2022-08-31,P_selected,SLF,0.00022407953348683687,NEUTRAL,0.03998436257362331,0.03998436257362331,0.019992181286811656,40493.445,0.03382630474813981,2022-08,2022-08,0.4727,0.008691,0.997388
4,C4 Hybrid + régime,2022-09,2022-09-30,P_selected,CSR,0.15035437971820434,BUY,3.2373113782732834,3.2373113782732834,3.2373113782732834,5149862.425,1.0,2022-09,2022-09,0.7591,0.010577,0.852811
4,C4 Hybrid + régime,2022-09,2022-09-30,P_selected,CDM,0.11284196473326266,BUY,0.7504783381226906,0.7504783381226906,0.7504783381226906,558569.955,0.9928758787868259,2022-09,2022-09,0.7591,0.010577,0.852811
4,C4 Hybrid + régime,2022-09,2022-09-30,P_selected,MAB,0.10227824211352027,BUY,0.7997092854466885,0.7997092854466885,0.7997092854466885,9704.75,0.020944259044671627,2022-09,2022-09,0.7591,0.010577,0.852811
4,C4 Hybrid + régime,2022-09,2022-09-30,P_selected,CMT,0.08203774690377792,BUY,0.46207015157321085,0.46207015157321085,0.46207015157321085,1211548.0,0.9999997918003181,2022-09,2022-09,0.7591,0.010577,0.852811
4,C4 Hybrid + régime,2022-09,2022-09-30,P_selected,LES,0.07162082217091041,NEUTRAL,0.009927362217292082,0.009927362217292082,0.004963681108646041,469936.1100000006,0.9712229473136068,2022-09,2022-09,0.7591,0.010577,0.852811
4,C4 Hybrid + régime,2022-09,2022-09-30,P_selected,GAZ,0.07078344713299638,NEUTRAL,0.14801522582805038,0.14801522582805038,0.07400761291402519,2947230.5,1.0,2022-09,2022-09,0.7591,0.010577,0.852811
4,C4 Hybrid + régime,2022-09,2022-09-30,P_selected,SOT,0.059945368582882,NEUTRAL,0.039976181636336275,0.039976181636336275,0.019988090818168137,3378958.2,1.0,2022-09,2022-09,0.7591,0.010577,0.852811
4,C4 Hybrid + régime,2022-09,2022-09-30,P_selected,AFM,0.05321074101605693,BUY,1.1904397603229113,1.1904397603229113,1.1904397603229113,41296.55,0.03424878400801428,2022-09,2022-09,0.7591,0.010577,0.852811
4,C4 Hybrid + régime,2022-09,2022-09-30,P_selected,IMO,0.05162688934457833,BUY,0.34657350741073445,0.34657350741073445,0.34657350741073445,641752.3600000001,0.9981076425709369,2022-09,2022-09,0.7591,0.010577,0.852811
4,C4 Hybrid + régime,2022-09,2022-09-30,P_selected,SMI,0.04079921059158177,BUY,0.2897697013057548,0.2897697013057548,0.2897697013057548,272584.9,0.5893692245746812,2022-09,2022-09,0.7591,0.010577,0.852811
4,C4 Hybrid + régime,2022-09,2022-09-30,P_selected,TMA,0.03735877526839191,BUY,0.34693107065089,0.34693107065089,0.34693107065089,5867011.575,1.0,2022-09,2022-09,0.7591,0.010577,0.852811
4,C4 Hybrid + régime,2022-09,2022-09-30,P_selected,BAL,0.02796550172386459,BUY,0.5361248451004087,0.5361248451004087,0.5361248451004087,7815.530000000001,0.020333319035750485,2022-09,2022-09,0.7591,0.010577,0.852811
4,C4 Hybrid + régime,2022-09,2022-09-30,P_selected,HPS,0.027635405086429983,NEUTRAL,0.09701358054362122,0.09701358054362122,0.04850679027181061,2963816.3449999997,1.0,2022-09,2022-09,0.7591,0.010577,0.852811
4,C4 Hybrid + régime,2022-09,2022-09-30,P_selected,ATL,0.023342650096290763,BUY,0.33336605997228375,0.33336605997228375,0.33336605997228375,706899.8775000001,0.9993318957725678,2022-09,2022-09,0.7591,0.010577,0.852811
4,C4 Hybrid + régime,2022-09,2022-09-30,P_selected,INV,0.02039449793155607,BUY,0.3428640822053124,0.3428640822053124,0.3428640822053124,3600.1375,0.019032378370306764,2022-09,2022-09,0.7591,0.010577,0.852811
4,C4 Hybrid + régime,2022-09,2022-09-30,P_selected,MDP,0.016955508026668193,BUY,0.3743643095273159,0.3743643095273159,0.3743643095273159,776941.4855000001,0.9997820580322773,2022-09,2022-09,0.7591,0.010577,0.852811
4,C4 Hybrid + régime,2022-09,2022-09-30,P_selected,DHO,0.016426467667912677,NEUTRAL,0.20093628164159755,0.20093628164159755,0.10046814082079877,442598.27800000005,0.9561261943904845,2022-09,2022-09,0.7591,0.010577,0.852811
4,C4 Hybrid + régime,2022-09,2022-09-30,P_selected,FBR,0.010906652592662954,BUY,0.22731633172584859,0.22731633172584859,0.22731633172584859,184127.7825,0.2584662637789632,2022-09,2022-09,0.7591,0.010577,0.852811
4,C4 Hybrid + régime,2022-09,2022-09-30,P_selected,MOX,0.009721925631745326,BUY,0.3609908715244322,0.3609908715244322,0.3609908715244322,10598.354999999998,0.02123945841516099,2022-09,2022-09,0.7591,0.010577,0.852811
4,C4 Hybrid + régime,2022-09,2022-09-30,P_selected,RIS,0.0038326140745587175,NEUTRAL,0.032582985531895536,0.032582985531895536,0.016291492765947768,478385.105,0.97476984990377,2022-09,2022-09,0.7591,0.010577,0.852811
4,C4 Hybrid + régime,2022-09,2022-09-30,P_selected,SNP,0.0036868287606823496,BUY,0.48138760316133433,0.48138760316133433,0.48138760316133433,1787359.795,0.999999999979235,2022-09,2022-09,0.7591,0.010577,0.852811
4,C4 Hybrid + régime,2022-09,2022-09-30,P_selected,AGM,0.0031833093531692404,BUY,0.4045403268894397,0.4045403268894397,0.4045403268894397,4301.75,0.019243101237624866,2022-09,2022-09,0.7591,0.010577,0.852811
4,C4 Hybrid + régime,2022-09,2022-09-30,P_selected,TGC,0.0015106858355863964,BUY,0.32658121268009666,0.32658121268009666,0.32658121268009666,1069144.405,0.9999979676392556,2022-09,2022-09,0.7591,0.010577,0.852811
4,C4 Hybrid + régime,2022-09,2022-09-30,P_selected,MSA,0.0005663623325530037,NEUTRAL,0.04439429645107379,0.04439429645107379,0.022197148225536895,4472417.3575,1.0,2022-09,2022-09,0.7591,0.010577,0.852811
4,C4 Hybrid + régime,2022-09,2022-09-30,P_selected,CTM,0.0004716244604824886,NEUTRAL,0.055615555718724,0.055615555718724,0.027807777859362,1241.7,0.01834049959691235,2022-09,2022-09,0.7591,0.010577,0.852811
4,C4 Hybrid + régime,2022-09,2022-09-30,P_selected,MIC,0.00022807399790711309,BUY,0.4343004045784606,0.4343004045784606,0.4343004045784606,681068.5050000002,0.9989903043051769,2022-09,2022-09,0.7591,0.010577,0.852811
4,C4 Hybrid + régime,2022-09,2022-09-30,P_selected,EQD,0.00015043411028915738,NEUTRAL,0.01806957303660453,0.01806957303660453,0.009034786518302265,121729.6,0.11381752248305026,2022-09,2022-09,0.7591,0.010577,0.852811
4,C4 Hybrid + régime,2022-10,2022-10-31,P_selected,CSR,0.2014594825614396,BUY,2.7282602719001257,2.7282602719001257,2.7282602719001257,13740745.882499998,1.0,2022-10,2022-10,0.6421,0.012797,0.83314
4,C4 Hybrid + régime,2022-10,2022-10-31,P_selected,SOT,0.15856042090427444,NEUTRAL,0.2106440430274361,0.2106440430274361,0.10532202151371806,1528768.35,0.9999999986992094,2022-10,2022-10,0.6421,0.012797,0.83314
4,C4 Hybrid + régime,2022-10,2022-10-31,P_selected,CMT,0.10099662103665999,NEUTRAL,0.1659822107852199,0.1659822107852199,0.08299110539260995,584225.0,0.9952629858567763,2022-10,2022-10,0.6421,0.012797,0.83314
4,C4 Hybrid + régime,2022-10,2022-10-31,P_selected,LES,0.07773704349909659,BUY,0.5828070162873643,0.5828070162873643,0.5828070162873643,120115.93500000067,0.11123922523630606,2022-10,2022-10,0.6421,0.012797,0.83314
4,C4 Hybrid + régime,2022-10,2022-10-31,P_selected,MOX,0.05705679708643943,BUY,0.3153941827545881,0.3153941827545881,0.3153941827545881,2710.892499999997,0.0187685508798799,2022-10,2022-10,0.6421,0.012797,0.83314
4,C4 Hybrid + régime,2022-10,2022-10-31,P_selected,AFM,0.0564477138212424,BUY,1.346165698576644,1.346165698576644,1.346165698576644,36725.85,0.03191059367904691,2022-10,2022-10,0.6421,0.012797,0.83314
4,C4 Hybrid + régime,2022-10,2022-10-31,P_selected,DYT,0.04662124301636411,BUY,0.22284859958086325,0.22284859958086325,0.22284859958086325,200262.575,0.31092491279152973,2022-10,2022-10,0.6421,0.012797,0.83314
4,C4 Hybrid + régime,2022-10,2022-10-31,P_selected,GAZ,0.04402370469850377,NEUTRAL,0.1604642127162823,0.1604642127162823,0.08023210635814115,655435.55,0.9984791574677956,2022-10,2022-10,0.6421,0.012797,0.83314
4,C4 Hybrid + régime,2022-10,2022-10-31,P_selected,FBR,0.04392817782187079,BUY,0.5178320192523105,0.5178320192523105,0.5178320192523105,84695.6975,0.06630597093891363,2022-10,2022-10,0.6421,0.012797,0.83314
4,C4 Hybrid + régime,2022-10,2022-10-31,P_selected,EQD,0.04257403561610379,BUY,0.5324300243724055,0.5324300243724055,0.5324300243724055,155209.25,0.17995505861031907,2022-10,2022-10,0.6421,0.012797,0.83314
4,C4 Hybrid + régime,2022-10,2022-10-31,P_selected,TQM,0.03622806677509109,BUY,0.6408471324080653,0.6408471324080653,0.6408471324080653,2139924.75,0.9999999999999263,2022-10,2022-10,0.6421,0.012797,0.83314
4,C4 Hybrid + régime,2022-10,2022-10-31,P_selected,SMI,0.02400106668446795,BUY,0.24037181583043943,0.24037181583043943,0.24037181583043943,330757.9,0.7845068869698895,2022-10,2022-10,0.6421,0.012797,0.83314
4,C4 Hybrid + régime,2022-10,2022-10-31,P_selected,MSA,0.021064728250511932,NEUTRAL,0.1956946495674764,0.1956946495674764,0.0978473247837382,3276979.8924999996,1.0,2022-10,2022-10,0.6421,0.012797,0.83314
4,C4 Hybrid + régime,2022-10,2022-10-31,P_selected,INV,0.015944232154245695,BUY,0.7571697495460743,0.7571697495460743,0.7571697495460743,2946.7699999999995,0.018838181082768864,2022-10,2022-10,0.6421,0.012797,0.83314
4,C4 Hybrid + régime,2022-10,2022-10-31,P_selected,SLF,0.015139315955869261,NEUTRAL,0.06815582272849008,0.06815582272849008,0.03407791136424504,2774.195,0.0187872127318383,2022-10,2022-10,0.6421,0.012797,0.83314
4,C4 Hybrid + régime,2022-10,2022-10-31,P_selected,DHO,0.013253181022012622,BUY,0.34605026848233394,0.34605026848233394,0.34605026848233394,30355.540999999997,0.02890776121956668,2022-10,2022-10,0.6421,0.012797,0.83314
4,C4 Hybrid + régime,2022-10,2022-10-31,P_selected,ATL,0.010889050730842039,NEUTRAL,0.1778255528092997,0.1778255528092997,0.08891277640464985,288609.4225,0.6497068213663114,2022-10,2022-10,0.6421,0.012797,0.83314
4,C4 Hybrid + régime,2022-10,2022-10-31,P_selected,NKL,0.009627168422298459,BUY,0.4480795039049877,0.4480795039049877,0.4480795039049877,2882.0020000000004,0.01881903660419212,2022-10,2022-10,0.6421,0.012797,0.83314
4,C4 Hybrid + régime,2022-10,2022-10-31,P_selected,MDP,0.008373481728055557,BUY,0.5062836331779761,0.5062836331779761,0.5062836331779761,251681.13400000014,0.5067241305901612,2022-10,2022-10,0.6421,0.012797,0.83314
4,C4 Hybrid + régime,2022-10,2022-10-31,P_selected,DWY,0.008216933103139382,NEUTRAL,0.14387809624848885,0.14387809624848885,0.07193904812424443,771578.4499999996,0.9997625355648962,2022-10,2022-10,0.6421,0.012797,0.83314
4,C4 Hybrid + régime,2022-10,2022-10-31,P_selected,SBM,0.00420203686042886,NEUTRAL,0.11118851894999719,0.11118851894999719,0.055594259474998596,313134.8,0.7330508341300992,2022-10,2022-10,0.6421,0.012797,0.83314
4,C4 Hybrid + régime,2022-10,2022-10-31,P_selected,MIC,0.0017956678154236905,BUY,0.6472185300591006,0.6472185300591006,0.6472185300591006,261838.44500000036,0.5472127058694741,2022-10,2022-10,0.6421,0.012797,0.83314
4,C4 Hybrid + régime,2022-10,2022-10-31,P_selected,CTM,0.0014891040055856994,NEUTRAL,0.037230513079605135,0.037230513079605135,0.018615256539802567,40042.8,0.033591446887042575,2022-10,2022-10,0.6421,0.012797,0.83314
4,C4 Hybrid + régime,2022-10,2022-10-31,P_selected,COL,0.00021810377932727546,NEUTRAL,0.05553752003230263,0.05553752003230263,0.027768760016151316,17606.447500000002,0.023699954373390487,2022-10,2022-10,0.6421,0.012797,0.83314
4,C4 Hybrid + régime,2022-10,2022-10-31,P_selected,SNP,0.00010526996146953863,BUY,0.3047999149485168,0.3047999149485168,0.3047999149485168,688848.4899999998,0.9991083776238182,2022-10,2022-10,0.6421,0.012797,0.83314
4,C4 Hybrid + régime,2022-11,2022-11-30,P_selected,MOX,0.13186969220313582,BUY,0.6541193794532759,0.6541193794532759,0.6541193794532759,1166.152499999997,0.01831874959569823,2022-11,2022-11,0.4921,0.012031,0.648318
4,C4 Hybrid + régime,2022-11,2022-11-30,P_selected,IAM,0.12298625982724526,NEUTRAL,0.013352438735380986,0.013352438735380986,0.006676219367690493,13819430.044999998,1.0,2022-11,2022-11,0.4921,0.012031,0.648318
4,C4 Hybrid + régime,2022-11,2022-11-30,P_selected,CSR,0.10429582490273563,BUY,2.8918293119160663,2.8918293119160663,2.8918293119160663,7063430.704999998,1.0,2022-11,2022-11,0.4921,0.012031,0.648318
4,C4 Hybrid + régime,2022-11,2022-11-30,P_selected,LBV,0.08493855518350667,BUY,0.36347237154503886,0.36347237154503886,0.36347237154503886,5418198.1,1.0,2022-11,2022-11,0.4921,0.012031,0.648318
4,C4 Hybrid + régime,2022-11,2022-11-30,P_selected,PRO,0.07316650307142246,BUY,0.39124419702518115,0.39124419702518115,0.39124419702518115,5287.7,0.0195430924226994,2022-11,2022-11,0.4921,0.012031,0.648318
4,C4 Hybrid + régime,2022-11,2022-11-30,P_selected,LES,0.06524221847749048,BUY,0.685975845417522,0.685975845417522,0.685975845417522,52312.615000000675,0.040582158546856546,2022-11,2022-11,0.4921,0.012031,0.648318
4,C4 Hybrid + régime,2022-11,2022-11-30,P_selected,MSA,0.06358269256490738,BUY,0.505444555853344,0.505444555853344,0.505444555853344,8022149.880000001,1.0,2022-11,2022-11,0.4921,0.012031,0.648318
4,C4 Hybrid + régime,2022-11,2022-11-30,P_selected,AFM,0.05202776560450555,BUY,1.1744215743126443,1.1744215743126443,1.1744215743126443,12153.4,0.0217628955084689,2022-11,2022-11,0.4921,0.012031,0.648318
4,C4 Hybrid + régime,2022-11,2022-11-30,P_selected,ATL,0.03979877570968882,BUY,0.27753907773732844,0.27753907773732844,0.27753907773732844,197707.875,0.3022357400911407,2022-11,2022-11,0.4921,0.012031,0.648318
4,C4 Hybrid + régime,2022-11,2022-11-30,P_selected,DYT,0.0328884288304864,NEUTRAL,0.2209265822547733,0.2209265822547733,0.11046329112738665,56501.54,0.043273573000920516,2022-11,2022-11,0.4921,0.012031,0.648318
4,C4 Hybrid + régime,2022-11,2022-11-30,P_selected,DHO,0.0306830715758717,BUY,0.29520841454004265,0.29520841454004265,0.29520841454004265,134171.47850000003,0.13549101806914782,2022-11,2022-11,0.4921,0.012031,0.648318
4,C4 Hybrid + régime,2022-11,2022-11-30,P_selected,SLF,0.029437948486363493,NEUTRAL,0.07906240239743625,0.07906240239743625,0.03953120119871813,414975.64,0.9333677284044155,2022-11,2022-11,0.4921,0.012031,0.648318
4,C4 Hybrid + régime,2022-11,2022-11-30,P_selected,EQD,0.02733165236752813,BUY,0.37049794231205535,0.37049794231205535,0.37049794231205535,24799.4,0.026514024474861914,2022-11,2022-11,0.4921,0.012031,0.648318
4,C4 Hybrid + régime,2022-11,2022-11-30,P_selected,SOT,0.023972252369402598,NEUTRAL,0.1638311142083271,0.1638311142083271,0.08191555710416355,132863.5,0.13305834073266662,2022-11,2022-11,0.4921,0.012031,0.648318
4,C4 Hybrid + régime,2022-11,2022-11-30,P_selected,BCI,0.022296804579200982,NEUTRAL,0.043788667526963754,0.043788667526963754,0.021894333763481877,3871399.1674999995,1.0,2022-11,2022-11,0.4921,0.012031,0.648318
4,C4 Hybrid + régime,2022-11,2022-11-30,P_selected,SNP,0.021356270894720426,BUY,0.5209397562384632,0.5209397562384632,0.5209397562384632,177270.3799999998,0.23800035582340578,2022-11,2022-11,0.4921,0.012031,0.648318
4,C4 Hybrid + régime,2022-11,2022-11-30,P_selected,CIH,0.01761567433659939,NEUTRAL,0.003674771910524899,0.003674771910524899,0.0018373859552624494,1809842.9925000002,0.9999999999855089,2022-11,2022-11,0.4921,0.012031,0.648318
4,C4 Hybrid + régime,2022-11,2022-11-30,P_selected,CTM,0.013189033596207482,NEUTRAL,0.14321054789748727,0.14321054789748727,0.07160527394874364,6758.375,0.01999910426261815,2022-11,2022-11,0.4921,0.012031,0.648318
4,C4 Hybrid + régime,2022-11,2022-11-30,P_selected,NKL,0.012988038416137054,BUY,0.4786930078819669,0.4786930078819669,0.4786930078819669,2393.1050000000005,0.018675140164725733,2022-11,2022-11,0.4921,0.012031,0.648318
4,C4 Hybrid + régime,2022-11,2022-11-30,P_selected,TQM,0.009868007448260017,NEUTRAL,0.14003029946038215,0.14003029946038215,0.07001514973019107,438242.7,0.9531080921410103,2022-11,2022-11,0.4921,0.012031,0.648318
4,C4 Hybrid + régime,2022-11,2022-11-30,P_selected,JET,0.007739662215793554,BUY,0.23398694451899038,0.23398694451899038,0.23398694451899038,53605.94,0.041395557212988425,2022-11,2022-11,0.4921,0.012031,0.648318
4,C4 Hybrid + régime,2022-11,2022-11-30,P_selected,MIC,0.0024667177957108607,BUY,0.36642467544527246,0.36642467544527246,0.36642467544527246,15820.980000000325,0.023047869471969372,2022-11,2022-11,0.4921,0.012031,0.648318
4,C4 Hybrid + régime,2022-11,2022-11-30,P_selected,FBR,0.0022402360847040225,BUY,0.7363097394402575,0.7363097394402575,0.7363097394402575,15847.91,0.02305757344676939,2022-11,2022-11,0.4921,0.012031,0.648318
4,C4 Hybrid + régime,2022-11,2022-11-30,P_selected,TGC,0.00179455865412795,NEUTRAL,0.1363422289739197,0.1363422289739197,0.06817111448695985,1002824.0649999998,0.9999941272697485,2022-11,2022-11,0.4921,0.012031,0.648318
4,C4 Hybrid + régime,2022-11,2022-11-30,P_selected,BCP,0.0017783813594228507,BUY,0.273060789203754,0.273060789203754,0.273060789203754,5846417.720000001,1.0,2022-11,2022-11,0.4921,0.012031,0.648318
4,C4 Hybrid + régime,2022-11,2022-11-30,P_selected,SRM,0.001447895326504082,NEUTRAL,0.05806939805085663,0.05806939805085663,0.029034699025428316,2491.3300000000004,0.01870396370007572,2022-11,2022-11,0.4921,0.012031,0.648318
4,C4 Hybrid + régime,2022-11,2022-11-30,P_selected,RDS,0.0011013191370735278,BUY,0.45256283910999895,0.45256283910999895,0.45256283910999895,38178.497,0.0326364680411177,2022-11,2022-11,0.4921,0.012031,0.648318
4,C4 Hybrid + régime,2022-11,2022-11-30,P_selected,S2M,0.0009466579061378458,NEUTRAL,0.11873865142814656,0.11873865142814656,0.05936932571407328,134.595,0.018024286462871193,2022-11,2022-11,0.4921,0.012031,0.648318
4,C4 Hybrid + régime,2022-11,2022-11-30,P_selected,ADH,0.0003616804653435271,NEUTRAL,0.11464304271137524,0.11464304271137524,0.05732152135568762,842416.5420000015,0.9999235398704275,2022-11,2022-11,0.4921,0.012031,0.648318
4,C4 Hybrid + régime,2022-11,2022-11-30,P_selected,MUT,0.0002832181586129257,NEUTRAL,0.03244754644357539,0.03244754644357539,0.016223773221787696,1336696.2125,0.9999999718899711,2022-11,2022-11,0.4921,0.012031,0.648318
4,C4 Hybrid + régime,2022-11,2022-11-30,P_selected,SMI,0.0001330606258307122,NEUTRAL,0.034620982152342675,0.034620982152342675,0.017310491076171337,68531.9,0.05198132903924021,2022-11,2022-11,0.4921,0.012031,0.648318
4,C4 Hybrid + régime,2022-11,2022-11-30,P_selected,MDP,0.00011262499324433622,BUY,0.4291888533969163,0.4291888533969163,0.4291888533969163,25847.43650000009,0.026950292526159412,2022-11,2022-11,0.4921,0.012031,0.648318
4,C4 Hybrid + régime,2022-12,2022-12-30,P_selected,AGM,0.17396277416322098,BUY,1.586340051923138,1.586340051923138,1.586340051923138,77676.0,0.05968220475594831,2022-12,2022-12,0.636,0.011931,0.870353
4,C4 Hybrid + régime,2022-12,2022-12-30,P_selected,CSR,0.13157949029742552,BUY,2.6713412253884887,2.6713412253884887,2.6713412253884887,16083508.310000002,1.0,2022-12,2022-12,0.636,0.011931,0.870353
4,C4 Hybrid + régime,2022-12,2022-12-30,P_selected,MNG,0.09339440317822437,BUY,0.29797568338473945,0.29797568338473945,0.29797568338473945,126130237.95,1.0,2022-12,2022-12,0.636,0.011931,0.870353
4,C4 Hybrid + régime,2022-12,2022-12-30,P_selected,TGC,0.08385238237634321,NEUTRAL,0.07747275475144305,0.07747275475144305,0.038736377375721526,906282.6525000001,0.9999724786904788,2022-12,2022-12,0.636,0.011931,0.870353
4,C4 Hybrid + régime,2022-12,2022-12-30,P_selected,CMT,0.08094165246156101,NEUTRAL,0.01770841862455208,0.01770841862455208,0.00885420931227604,634306.5,0.9978687306626368,2022-12,2022-12,0.636,0.011931,0.870353
4,C4 Hybrid + régime,2022-12,2022-12-30,P_selected,AFM,0.07781787389422683,BUY,1.0144613442382029,1.0144613442382029,1.0144613442382029,62993.85,0.04778412032134088,2022-12,2022-12,0.636,0.011931,0.870353
4,C4 Hybrid + régime,2022-12,2022-12-30,P_selected,DYT,0.07539067827677925,BUY,0.6848039504487722,0.6848039504487722,0.6848039504487722,137328.7375,0.14151782940796312,2022-12,2022-12,0.636,0.011931,0.870353
4,C4 Hybrid + régime,2022-12,2022-12-30,P_selected,LES,0.07005983986925943,BUY,0.5381616711447463,0.5381616711447463,0.5381616711447463,5548929.5525,1.0,2022-12,2022-12,0.636,0.011931,0.870353
4,C4 Hybrid + régime,2022-12,2022-12-30,P_selected,GAZ,0.06693138242958782,BUY,0.27409012495481033,0.27409012495481033,0.27409012495481033,12599809.35,1.0,2022-12,2022-12,0.636,0.011931,0.870353
4,C4 Hybrid + régime,2022-12,2022-12-30,P_selected,MOX,0.029018104338465585,NEUTRAL,0.01671171183820712,0.01671171183820712,0.00835585591910356,4777.794999999996,0.019387377716291468,2022-12,2022-12,0.636,0.011931,0.870353
4,C4 Hybrid + régime,2022-12,2022-12-30,P_selected,BCI,0.027315535123300896,NEUTRAL,0.11624011949347263,0.11624011949347263,0.05812005974673631,920874.5325,0.9999782090172971,2022-12,2022-12,0.636,0.011931,0.870353
4,C4 Hybrid + régime,2022-12,2022-12-30,P_selected,JET,0.026622989443884682,NEUTRAL,0.1301916151336291,0.1301916151336291,0.06509580756681455,581458.7150000001,0.9950496750515017,2022-12,2022-12,0.636,0.011931,0.870353
4,C4 Hybrid + régime,2022-12,2022-12-30,P_selected,CIH,0.025926600199732863,NEUTRAL,0.15570095617974541,0.15570095617974541,0.07785047808987271,809421.8275,0.9998703768121675,2022-12,2022-12,0.636,0.011931,0.870353
4,C4 Hybrid + régime,2022-12,2022-12-30,P_selected,FBR,0.016047556689898344,BUY,0.7468940972950723,0.7468940972950723,0.7468940972950723,32019.557499999995,0.029664608324839564,2022-12,2022-12,0.636,0.011931,0.870353
4,C4 Hybrid + régime,2022-12,2022-12-30,P_selected,MIC,0.012310642734479014,BUY,0.33479059255674004,0.33479059255674004,0.33479059255674004,34787.91000000033,0.030966493038565263,2022-12,2022-12,0.636,0.011931,0.870353
4,C4 Hybrid + régime,2022-12,2022-12-30,P_selected,TQM,0.002796036891387029,BUY,0.3068221289434149,0.3068221289434149,0.3068221289434149,1544028.1,0.9999999989810056,2022-12,2022-12,0.636,0.011931,0.870353
4,C4 Hybrid + régime,2022-12,2022-12-30,P_selected,MLE,0.0022634713883380978,BUY,0.5058093180804131,0.5058093180804131,0.5058093180804131,582.45,0.01815155377879418,2022-12,2022-12,0.636,0.011931,0.870353
4,C4 Hybrid + régime,2022-12,2022-12-30,P_selected,NKL,0.0011133924385103274,BUY,0.3363824266034362,0.3363824266034362,0.3363824266034362,2128.375000000001,0.01859767353641719,2022-12,2022-12,0.636,0.011931,0.870353
4,C4 Hybrid + régime,2022-12,2022-12-30,P_selected,COL,0.0011008354023130048,NEUTRAL,0.06905752542081077,0.06905752542081077,0.034528762710405385,34098.084,0.03063700207568806,2022-12,2022-12,0.636,0.011931,0.870353
4,C4 Hybrid + régime,2022-12,2022-12-30,P_selected,INV,0.0004796450996263909,NEUTRAL,0.2159489663303138,0.2159489663303138,0.1079744831651569,6638.195,0.019961452231947282,2022-12,2022-12,0.636,0.011931,0.870353
4,C4 Hybrid + régime,2022-12,2022-12-30,P_selected,MDP,0.00042321777792833735,BUY,0.48729501695181815,0.48729501695181815,0.48729501695181815,14562.416000000094,0.02259877926059185,2022-12,2022-12,0.636,0.011931,0.870353
4,C4 Hybrid + régime,2022-12,2022-12-30,P_selected,ATH,0.00040527967266498245,NEUTRAL,0.21941599459035555,0.21941599459035555,0.10970799729517777,897068.4030000002,0.9999681070744205,2022-12,2022-12,0.636,0.011931,0.870353
4,C4 Hybrid + régime,2022-12,2022-12-30,P_selected,HPS,0.00017942316318563588,BUY,0.3167214696435765,0.3167214696435765,0.3167214696435765,311089.945,0.7265997863497946,2022-12,2022-12,0.636,0.011931,0.870353
4,C4 Hybrid + régime,2023-01,2023-01-31,P_selected,AGM,0.12200896232645513,BUY,2.0936249807277068,2.0936249807277068,2.0936249807277068,44944.25,0.03623255506262697,2023-01,2023-01,0.5289,0.012104,0.843107
4,C4 Hybrid + régime,2023-01,2023-01-31,P_selected,CSR,0.10256211773229784,BUY,2.516991017185297,2.516991017185297,2.516991017185297,2767953.9,1.0,2023-01,2023-01,0.5289,0.012104,0.843107
4,C4 Hybrid + régime,2023-01,2023-01-31,P_selected,M2M,0.08820373204673373,BUY,0.8417707316490293,0.8417707316490293,0.8417707316490293,63022.17,0.04780474186817434,2023-01,2023-01,0.5289,0.012104,0.843107
4,C4 Hybrid + régime,2023-01,2023-01-31,P_selected,MNG,0.08667686015287591,NEUTRAL,0.12020767665087487,0.12020767665087487,0.060103838325437434,654195.45,0.9984487274378134,2023-01,2023-01,0.5289,0.012104,0.843107
4,C4 Hybrid + régime,2023-01,2023-01-31,P_selected,AFI,0.07141417834604581,BUY,0.8789488670256516,0.8789488670256516,0.8789488670256516,11583.6,0.02156964936465813,2023-01,2023-01,0.5289,0.012104,0.843107
4,C4 Hybrid + régime,2023-01,2023-01-31,P_selected,SOT,0.07042016088201337,NEUTRAL,0.06271656211256149,0.06271656211256149,0.031358281056280746,315208.4,0.7394928682287822,2023-01,2023-01,0.5289,0.012104,0.843107
4,C4 Hybrid + régime,2023-01,2023-01-31,P_selected,MIC,0.07012874048415668,BUY,0.4440888478446877,0.4440888478446877,0.4440888478446877,469446.3700000004,0.9710031334170166,2023-01,2023-01,0.5289,0.012104,0.843107
4,C4 Hybrid + régime,2023-01,2023-01-31,P_selected,ATW,0.04568108442529004,BUY,0.2545340356997496,0.2545340356997496,0.2545340356997496,15659908.55,1.0,2023-01,2023-01,0.5289,0.012104,0.843107
4,C4 Hybrid + régime,2023-01,2023-01-31,P_selected,DWY,0.04414365822102664,BUY,0.6302270483061984,0.6302270483061984,0.6302270483061984,278197.66999999963,0.6109156454576943,2023-01,2023-01,0.5289,0.012104,0.843107
4,C4 Hybrid + régime,2023-01,2023-01-31,P_selected,LES,0.042693153952143494,BUY,0.474743735182317,0.474743735182317,0.474743735182317,363549.22500000073,0.8601802178589719,2023-01,2023-01,0.5289,0.012104,0.843107
4,C4 Hybrid + régime,2023-01,2023-01-31,P_selected,S2M,0.03885834123640804,BUY,0.8053814485241055,0.8053814485241055,0.8053814485241055,10.0,0.01798903621304637,2023-01,2023-01,0.5289,0.012104,0.843107
4,C4 Hybrid + régime,2023-01,2023-01-31,P_selected,IAM,0.03411633923800147,BUY,0.2951937425690511,0.2951937425690511,0.2951937425690511,13544039.144499999,1.0,2023-01,2023-01,0.5289,0.012104,0.843107
4,C4 Hybrid + régime,2023-01,2023-01-31,P_selected,COL,0.030585142774384465,BUY,0.3743835300174123,0.3743835300174123,0.3743835300174123,22039.352000000003,0.025397712465584005,2023-01,2023-01,0.5289,0.012104,0.843107
4,C4 Hybrid + régime,2023-01,2023-01-31,P_selected,MDP,0.023833761441960886,BUY,0.6248633632263341,0.6248633632263341,0.6248633632263341,22477.449500000093,0.025571796202612993,2023-01,2023-01,0.5289,0.012104,0.843107
4,C4 Hybrid + régime,2023-01,2023-01-31,P_selected,IMO,0.02318101644135117,BUY,0.2746888743525841,0.2746888743525841,0.2746888743525841,374693.734,0.8802816217194865,2023-01,2023-01,0.5289,0.012104,0.843107
4,C4 Hybrid + régime,2023-01,2023-01-31,P_selected,DHO,0.020657158686690328,NEUTRAL,0.19217319288795676,0.19217319288795676,0.09608659644397838,35972.405,0.0315402773359196,2023-01,2023-01,0.5289,0.012104,0.843107
4,C4 Hybrid + régime,2023-01,2023-01-31,P_selected,SAH,0.02033895229327854,BUY,0.35476130883304285,0.35476130883304285,0.35476130883304285,70813.93000000001,0.05381035391020677,2023-01,2023-01,0.5289,0.012104,0.843107
4,C4 Hybrid + régime,2023-01,2023-01-31,P_selected,ATL,0.017554433584832392,NEUTRAL,0.10389072346770596,0.10389072346770596,0.05194536173385298,405669.36,0.9234879679047273,2023-01,2023-01,0.5289,0.012104,0.843107
4,C4 Hybrid + régime,2023-01,2023-01-31,P_selected,SBM,0.015106634796699402,BUY,0.3282019447802937,0.3282019447802937,0.3282019447802937,292526.7,0.6638340373477216,2023-01,2023-01,0.5289,0.012104,0.843107
4,C4 Hybrid + régime,2023-01,2023-01-31,P_selected,CIH,0.012782410406758692,NEUTRAL,0.10240119426785504,0.10240119426785504,0.05120059713392752,640825.5349999999,0.9980794256192659,2023-01,2023-01,0.5289,0.012104,0.843107
4,C4 Hybrid + régime,2023-01,2023-01-31,P_selected,JET,0.004861977628955202,NEUTRAL,0.1871154421803949,0.1871154421803949,0.09355772109019744,52195.615000000005,0.0405093344167753,2023-01,2023-01,0.5289,0.012104,0.843107
4,C4 Hybrid + régime,2023-01,2023-01-31,P_selected,FBR,0.003643489179336795,BUY,0.5044458669899046,0.5044458669899046,0.5044458669899046,35098.9925,0.0311161994987651,2023-01,2023-01,0.5289,0.012104,0.843107
4,C4 Hybrid + régime,2023-01,2023-01-31,P_selected,INV,0.0031054134580063785,BUY,0.28505517460945556,0.28505517460945556,0.28505517460945556,1626.6375,0.01845171658509435,2023-01,2023-01,0.5289,0.012104,0.843107
4,C4 Hybrid + régime,2023-01,2023-01-31,P_selected,HPS,0.002263337498075654,BUY,0.35784528397289195,0.35784528397289195,0.35784528397289195,140364.41999999998,0.14752210125798318,2023-01,2023-01,0.5289,0.012104,0.843107
4,C4 Hybrid + régime,2023-01,2023-01-31,P_selected,NKL,0.0019398561478657641,NEUTRAL,0.15324593540258033,0.15324593540258033,0.07662296770129016,1907.1760000000008,0.018533186995256447,2023-01,2023-01,0.5289,0.012104,0.843107
4,C4 Hybrid + régime,2023-01,2023-01-31,P_selected,TGC,0.0011396233865397897,NEUTRAL,0.04376428047463656,0.04376428047463656,0.02188214023731828,611269.9075,0.9969217729919869,2023-01,2023-01,0.5289,0.012104,0.843107
4,C4 Hybrid + régime,2023-01,2023-01-31,P_selected,CTM,0.0008863458583956268,NEUTRAL,0.09522573387568978,0.09522573387568978,0.04761286693784489,6032.49,0.019772741188709794,2023-01,2023-01,0.5289,0.012104,0.843107
4,C4 Hybrid + régime,2023-01,2023-01-31,P_selected,MSA,0.00044228723910181027,NEUTRAL,0.08796918069795229,0.08796918069795229,0.043984590348976144,6920604.67,1.0,2023-01,2023-01,0.5289,0.012104,0.843107
4,C4 Hybrid + régime,2023-01,2023-01-31,P_selected,BCI,0.0004004167162417216,NEUTRAL,0.13570701506987132,0.13570701506987132,0.06785350753493566,1096782.8175000001,0.9999986939802256,2023-01,2023-01,0.5289,0.012104,0.843107
4,C4 Hybrid + régime,2023-01,2023-01-31,P_selected,AFM,0.0003435798072839084,BUY,0.4212057174985637,0.4212057174985637,0.4212057174985637,6667.95,0.01997076791029023,2023-01,2023-01,0.5289,0.012104,0.843107
4,C4 Hybrid + régime,2023-02,2023-02-28,P_selected,CMT,0.17428797355617937,BUY,3.79046399995554,3.79046399995554,3.79046399995554,1034067.45,0.9999964376237946,2023-02,2023-02,0.5667,0.012997,1.214026
4,C4 Hybrid + régime,2023-02,2023-02-28,P_selected,CSR,0.1337883675443222,BUY,1.9856512857486848,1.9856512857486848,1.9856512857486848,910033.8474999999,0.9999740818607816,2023-02,2023-02,0.5667,0.012997,1.214026
4,C4 Hybrid + régime,2023-02,2023-02-28,P_selected,MAB,0.128885129974721,BUY,0.46933679193474753,0.46933679193474753,0.46933679193474753,3087.95,0.018879978059355103,2023-02,2023-02,0.5667,0.012997,1.214026
4,C4 Hybrid + régime,2023-02,2023-02-28,P_selected,CMA,0.1218293486029312,BUY,0.3062457156493845,0.3062457156493845,0.3062457156493845,1089665.05,0.9999985364451657,2023-02,2023-02,0.5667,0.012997,1.214026
4,C4 Hybrid + régime,2023-02,2023-02-28,P_selected,TGC,0.1214664688621203,BUY,0.6155381632163507,0.6155381632163507,0.6155381632163507,331558.9175,0.7866656527391069,2023-02,2023-02,0.5667,0.012997,1.214026
4,C4 Hybrid + régime,2023-02,2023-02-28,P_selected,AFM,0.06527548292572695,BUY,0.46842514688197157,0.46842514688197157,0.46842514688197157,6836.2,0.02002352370413436,2023-02,2023-02,0.5667,0.012997,1.214026
4,C4 Hybrid + régime,2023-02,2023-02-28,P_selected,CRS,0.05521387893973925,NEUTRAL,0.015668344329234196,0.015668344329234196,0.007834172164617098,2345.5474999999997,0.01866120036230652,2023-02,2023-02,0.5667,0.012997,1.214026
4,C4 Hybrid + régime,2023-02,2023-02-28,P_selected,LES,0.04392458044562157,BUY,0.3932351073168313,0.3932351073168313,0.3932351073168313,110241.49250000075,0.09655206202937705,2023-02,2023-02,0.5667,0.012997,1.214026
4,C4 Hybrid + régime,2023-02,2023-02-28,P_selected,SOT,0.023070360816251773,NEUTRAL,0.1556689173610515,0.1556689173610515,0.07783445868052576,71553.7,0.05441619026869869,2023-02,2023-02,0.5667,0.012997,1.214026
4,C4 Hybrid + régime,2023-02,2023-02-28,P_selected,AFI,0.022783637105490605,BUY,0.39375519604495207,0.39375519604495207,0.39375519604495207,3282.0375,0.01893758703785677,2023-02,2023-02,0.5667,0.012997,1.214026
4,C4 Hybrid + régime,2023-02,2023-02-28,P_selected,JET,0.021601168772526765,BUY,0.42477709700688704,0.42477709700688704,0.42477709700688704,156919.75,0.1840292194219782,2023-02,2023-02,0.5667,0.012997,1.214026
4,C4 Hybrid + régime,2023-02,2023-02-28,P_selected,MIC,0.017573425119765545,BUY,0.7377385690105386,0.7377385690105386,0.7377385690105386,111712.74000000034,0.09862503876588453,2023-02,2023-02,0.5667,0.012997,1.214026
4,C4 Hybrid + régime,2023-02,2023-02-28,P_selected,HPS,0.012248533243010803,BUY,0.9334898199802514,0.9334898199802514,0.9334898199802514,54349.78500000001,0.041870419147709476,2023-02,2023-02,0.5667,0.012997,1.214026
4,C4 Hybrid + régime,2023-02,2023-02-28,P_selected,ARD,0.011806737764749832,BUY,0.2365639734732004,0.2365639734732004,0.2365639734732004,1171041.635,0.9999996019413807,2023-02,2023-02,0.5667,0.012997,1.214026
4,C4 Hybrid + régime,2023-02,2023-02-28,P_selected,TQM,0.00954382103031726,BUY,0.7151988814893592,0.7151988814893592,0.7151988814893592,1453693.8,0.9999999956760686,2023-02,2023-02,0.5667,0.012997,1.214026
4,C4 Hybrid + régime,2023-02,2023-02-28,P_selected,SBM,0.006711896657545814,BUY,0.5995092745114986,0.5995092745114986,0.5995092745114986,128912.9,0.12593447634729552,2023-02,2023-02,0.5667,0.012997,1.214026
4,C4 Hybrid + régime,2023-02,2023-02-28,P_selected,IBC,0.0062055087455131445,BUY,0.5433719834803781,0.5433719834803781,0.5433719834803781,557.5109999999942,0.018144443710330336,2023-02,2023-02,0.5667,0.012997,1.214026
4,C4 Hybrid + régime,2023-02,2023-02-28,P_selected,NKL,0.0061721652586816,NEUTRAL,0.16036328927339139,0.16036328927339139,0.08018164463669569,14028.580000000002,0.02241088402754001,2023-02,2023-02,0.5667,0.012997,1.214026
4,C4 Hybrid + régime,2023-02,2023-02-28,P_selected,INV,0.004669586772374494,BUY,0.42795008451729943,0.42795008451729943,0.42795008451729943,4086.925,0.01917833871579382,2023-02,2023-02,0.5667,0.012997,1.214026
4,C4 Hybrid + régime,2023-02,2023-02-28,P_selected,DWY,0.004250978338962578,NEUTRAL,0.0075498705791912785,0.0075498705791912785,0.0037749352895956392,203747.52499999962,0.3229954843924824,2023-02,2023-02,0.5667,0.012997,1.214026
4,C4 Hybrid + régime,2023-02,2023-02-28,P_selected,DHO,0.003273558370212808,BUY,0.5986519092868504,0.5986519092868504,0.5986519092868504,23419.6495,0.025950136984731535,2023-02,2023-02,0.5667,0.012997,1.214026
4,C4 Hybrid + régime,2023-02,2023-02-28,P_selected,RDS,0.0013997122232324553,NEUTRAL,0.08044563050192202,0.08044563050192202,0.04022281525096101,153935.404,0.17696692521835472,2023-02,2023-02,0.5667,0.012997,1.214026
4,C4 Hybrid + régime,2023-02,2023-02-28,P_selected,SLF,0.0011929624579544958,BUY,0.4021343446577357,0.4021343446577357,0.4021343446577357,19012.05,0.024225937725889733,2023-02,2023-02,0.5667,0.012997,1.214026
4,C4 Hybrid + régime,2023-02,2023-02-28,P_selected,CTM,0.0007852008331644062,NEUTRAL,0.1681177749532956,0.1681177749532956,0.0840588874766478,1427.2099999999998,0.018394015191442428,2023-02,2023-02,0.5667,0.012997,1.214026
4,C4 Hybrid + régime,2023-02,2023-02-28,P_selected,COL,0.0007182337637045491,BUY,0.4345191025156543,0.4345191025156543,0.4345191025156543,6199.7055,0.019824662812092882,2023-02,2023-02,0.5667,0.012997,1.214026
4,C4 Hybrid + régime,2023-02,2023-02-28,P_selected,MOX,0.0006487681430884021,NEUTRAL,0.12630856880583852,0.12630856880583852,0.06315428440291926,2393.592499999997,0.01867528311102097,2023-02,2023-02,0.5667,0.012997,1.214026
4,C4 Hybrid + régime,2023-02,2023-02-28,P_selected,FBR,0.0004044564968247806,NEUTRAL,0.05152040247497733,0.05152040247497733,0.025760201237488664,25256.825,0.02670358630016415,2023-02,2023-02,0.5667,0.012997,1.214026
4,C4 Hybrid + régime,2023-02,2023-02-28,P_selected,SMI,0.00026805723526618667,BUY,0.3643833755446768,0.3643833755446768,0.3643833755446768,112793.7,0.10017327324247532,2023-02,2023-02,0.5667,0.012997,1.214026
4,C4 Hybrid + régime,2023-03,2023-03-31,P_selected,AKT,0.2812718360250581,NEUTRAL,0.14601320652915487,0.14601320652915487,0.07300660326457743,835562.8699999999,0.9999146791109752,2023-03,2023-03,0.6009,0.009468,0.936336
4,C4 Hybrid + régime,2023-03,2023-03-31,P_selected,MAB,0.15495638475073845,BUY,2.554298184658023,2.554298184658023,2.554298184658023,25155.2,0.02666135824656168,2023-03,2023-03,0.6009,0.009468,0.936336
4,C4 Hybrid + régime,2023-03,2023-03-31,P_selected,CSR,0.10448961675281347,BUY,2.1741882434843554,2.1741882434843554,2.1741882434843554,2099710.955,0.9999999999998597,2023-03,2023-03,0.6009,0.009468,0.936336
4,C4 Hybrid + régime,2023-03,2023-03-31,P_selected,AFM,0.10204196389467657,BUY,0.7988057832404725,0.7988057832404725,0.7988057832404725,364454.15,0.8619125219956832,2023-03,2023-03,0.6009,0.009468,0.936336
4,C4 Hybrid + régime,2023-03,2023-03-31,P_selected,LES,0.07056811443488463,BUY,0.6071867957779782,0.6071867957779782,0.6071867957779782,245767.3775000008,0.48307597767498334,2023-03,2023-03,0.6009,0.009468,0.936336
4,C4 Hybrid + régime,2023-03,2023-03-31,P_selected,CRS,0.050731837856262896,BUY,0.2524794569525122,0.2524794569525122,0.2524794569525122,675.301,0.018178049500251293,2023-03,2023-03,0.6009,0.009468,0.936336
4,C4 Hybrid + régime,2023-03,2023-03-31,P_selected,HPS,0.04026996062489293,BUY,1.5565483781318978,1.5565483781318978,1.5565483781318978,20132.04,0.024653176689290738,2023-03,2023-03,0.6009,0.009468,0.936336
4,C4 Hybrid + régime,2023-03,2023-03-31,P_selected,CDM,0.03958522293441363,BUY,0.9782032378424527,0.9782032378424527,0.9782032378424527,204704.9,0.32635410301969636,2023-03,2023-03,0.6009,0.009468,0.936336
4,C4 Hybrid + régime,2023-03,2023-03-31,P_selected,DWY,0.033019293302272976,BUY,0.4617961862547593,0.4617961862547593,0.4617961862547593,254638.64999999962,0.5185460875540492,2023-03,2023-03,0.6009,0.009468,0.936336
4,C4 Hybrid + régime,2023-03,2023-03-31,P_selected,CMA,0.024918482076724036,NEUTRAL,0.07993445544193196,0.07993445544193196,0.03996722772096598,2768078.85,1.0,2023-03,2023-03,0.6009,0.009468,0.936336
4,C4 Hybrid + régime,2023-03,2023-03-31,P_selected,MIC,0.021238708639512494,BUY,0.39226404613088467,0.39226404613088467,0.39226404613088467,38996.16500000033,0.03305204092769825,2023-03,2023-03,0.6009,0.009468,0.936336
4,C4 Hybrid + régime,2023-03,2023-03-31,P_selected,DYT,0.016942568256004712,BUY,0.6338352131945171,0.6338352131945171,0.6338352131945171,83522.75,0.06515351951391644,2023-03,2023-03,0.6009,0.009468,0.936336
4,C4 Hybrid + régime,2023-03,2023-03-31,P_selected,CMT,0.013483585165954548,BUY,0.43995287160498564,0.43995287160498564,0.43995287160498564,507315.95,0.9839687658365996,2023-03,2023-03,0.6009,0.009468,0.936336
4,C4 Hybrid + régime,2023-03,2023-03-31,P_selected,INV,0.011086793646131177,BUY,0.37665453996099524,0.37665453996099524,0.37665453996099524,1785.194,0.018497719263663243,2023-03,2023-03,0.6009,0.009468,0.936336
4,C4 Hybrid + régime,2023-03,2023-03-31,P_selected,ADI,0.010872064102788646,NEUTRAL,0.1114722643570583,0.1114722643570583,0.05573613217852915,1206786.3105000001,0.9999997753183202,2023-03,2023-03,0.6009,0.009468,0.936336
4,C4 Hybrid + régime,2023-03,2023-03-31,P_selected,SMI,0.005369607279547214,BUY,0.28251360954367016,0.28251360954367016,0.28251360954367016,36844.75,0.031969415567953414,2023-03,2023-03,0.6009,0.009468,0.936336
4,C4 Hybrid + régime,2023-03,2023-03-31,P_selected,MOX,0.004560252065274829,NEUTRAL,0.12495405312977047,0.12495405312977047,0.062477026564885234,543.4599999999971,0.018140438997027775,2023-03,2023-03,0.6009,0.009468,0.936336
4,C4 Hybrid + régime,2023-03,2023-03-31,P_selected,CIH,0.004451427011408414,BUY,0.6587889314271083,0.6587889314271083,0.6587889314271083,473028.6525,0.9725740998515132,2023-03,2023-03,0.6009,0.009468,0.936336
4,C4 Hybrid + régime,2023-03,2023-03-31,P_selected,JET,0.003150443470952103,NEUTRAL,0.16537086968964265,0.16537086968964265,0.08268543484482133,92105.095,0.0740336291131945,2023-03,2023-03,0.6009,0.009468,0.936336
4,C4 Hybrid + régime,2023-03,2023-03-31,P_selected,CTM,0.002651532845702714,BUY,0.44924357192900877,0.44924357192900877,0.44924357192900877,3562.4049999999997,0.01902111010150071,2023-03,2023-03,0.6009,0.009468,0.936336
4,C4 Hybrid + régime,2023-03,2023-03-31,P_selected,AFI,0.0014978036249789772,BUY,0.8319595518965924,0.8319595518965924,0.8319595518965924,33094.0,0.03016346830182976,2023-03,2023-03,0.6009,0.009468,0.936336
4,C4 Hybrid + régime,2023-03,2023-03-31,P_selected,NKL,0.0010692111946610668,NEUTRAL,0.08695796729197727,0.08695796729197727,0.043478983645988636,58212.931500000006,0.0444215099233854,2023-03,2023-03,0.6009,0.009468,0.936336
4,C4 Hybrid + régime,2023-03,2023-03-31,P_selected,TQM,0.0008681986735970318,NEUTRAL,0.08186423203996342,0.08186423203996342,0.04093211601998171,6903893.63,1.0,2023-03,2023-03,0.6009,0.009468,0.936336
4,C4 Hybrid + régime,2023-03,2023-03-31,P_selected,S2M,0.000720034647667196,BUY,0.9653268975742298,0.9653268975742298,0.9653268975742298,48.5,0.017999921350069614,2023-03,2023-03,0.6009,0.009468,0.936336
4,C4 Hybrid + régime,2023-03,2023-03-31,P_selected,IMO,0.00010214490633548342,NEUTRAL,0.08087140419400296,0.08087140419400296,0.04043570209700148,48729.14,0.03840765700817152,2023-03,2023-03,0.6009,0.009468,0.936336
4,C4 Hybrid + régime,2023-04,2023-04-28,P_selected,MAB,0.22588554292978086,BUY,2.9799976097165786,2.9799976097165786,2.9799976097165786,12890.65,0.02201544553788909,2023-04,2023-04,0.4586,0.011148,1.204943
4,C4 Hybrid + régime,2023-04,2023-04-28,P_selected,ADI,0.11081510505591986,BUY,0.47132532579374464,0.47132532579374464,0.47132532579374464,1208116.0579999997,0.9999997800481433,2023-04,2023-04,0.4586,0.011148,1.204943
4,C4 Hybrid + régime,2023-04,2023-04-28,P_selected,CTM,0.09235475343220932,BUY,0.7036598415952319,0.7036598415952319,0.7036598415952319,3311.34,0.018946299559915593,2023-04,2023-04,0.4586,0.011148,1.204943
4,C4 Hybrid + régime,2023-04,2023-04-28,P_selected,CIH,0.08289067524017708,BUY,0.3309292372344817,0.3309292372344817,0.3309292372344817,520413.36500000005,0.9869600757360814,2023-04,2023-04,0.4586,0.011148,1.204943
4,C4 Hybrid + régime,2023-04,2023-04-28,P_selected,CDM,0.08134900261413747,BUY,0.7585214570031464,0.7585214570031464,0.7585214570031464,155155.395,0.17982793449380863,2023-04,2023-04,0.4586,0.011148,1.204943
4,C4 Hybrid + régime,2023-04,2023-04-28,P_selected,IAM,0.07451714276256664,NEUTRAL,0.19137481348069246,0.19137481348069246,0.09568740674034623,9499791.6655,1.0,2023-04,2023-04,0.4586,0.011148,1.204943
4,C4 Hybrid + régime,2023-04,2023-04-28,P_selected,CSR,0.06942634733337343,BUY,2.2932782330910837,2.2932782330910837,2.2932782330910837,3219892.3125,1.0,2023-04,2023-04,0.4586,0.011148,1.204943
4,C4 Hybrid + régime,2023-04,2023-04-28,P_selected,CRS,0.06838939914258825,BUY,1.803506695082649,1.803506695082649,1.803506695082649,781.9065,0.01820851698301981,2023-04,2023-04,0.4586,0.011148,1.204943
4,C4 Hybrid + régime,2023-04,2023-04-28,P_selected,ATL,0.0436983544904377,NEUTRAL,0.10614349345112849,0.10614349345112849,0.053071746725564244,407767.82999999996,0.9258268688659183,2023-04,2023-04,0.4586,0.011148,1.204943
4,C4 Hybrid + régime,2023-04,2023-04-28,P_selected,BOA,0.02892402926582808,NEUTRAL,0.14751047183140462,0.14751047183140462,0.07375523591570231,1890395.8974999997,0.9999999999960065,2023-04,2023-04,0.4586,0.011148,1.204943
4,C4 Hybrid + régime,2023-04,2023-04-28,P_selected,FBR,0.022424307979800003,BUY,0.5104698631266064,0.5104698631266064,0.5104698631266064,16303.91,0.023222495732235632,2023-04,2023-04,0.4586,0.011148,1.204943
4,C4 Hybrid + régime,2023-04,2023-04-28,P_selected,NKL,0.022082585459724663,NEUTRAL,0.14341798003781725,0.14341798003781725,0.07170899001890862,20493.2075,0.024792509690221856,2023-04,2023-04,0.4586,0.011148,1.204943
4,C4 Hybrid + régime,2023-04,2023-04-28,P_selected,MSA,0.02023639674256494,NEUTRAL,0.028452262688952026,0.028452262688952026,0.014226131344476013,4869166.4375,1.0,2023-04,2023-04,0.4586,0.011148,1.204943
4,C4 Hybrid + régime,2023-04,2023-04-28,P_selected,SNP,0.01258510000718774,BUY,0.3158888174080839,0.3158888174080839,0.3158888174080839,28862.917499999814,0.02824483378829495,2023-04,2023-04,0.4586,0.011148,1.204943
4,C4 Hybrid + régime,2023-04,2023-04-28,P_selected,AFI,0.011232722550058916,BUY,0.4912320834016658,0.4912320834016658,0.4912320834016658,12009.1,0.021713797071572075,2023-04,2023-04,0.4586,0.011148,1.204943
4,C4 Hybrid + régime,2023-04,2023-04-28,P_selected,DHO,0.011019522357794782,BUY,0.25556222797764266,0.25556222797764266,0.25556222797764266,48736.4505,0.03841197716311838,2023-04,2023-04,0.4586,0.011148,1.204943
4,C4 Hybrid + régime,2023-04,2023-04-28,P_selected,DWY,0.006558407868783511,NEUTRAL,0.06977645845751577,0.06977645845751577,0.03488822922875789,98337.37499999962,0.08116652463229079,2023-04,2023-04,0.4586,0.011148,1.204943
4,C4 Hybrid + régime,2023-04,2023-04-28,P_selected,ATW,0.003663517156122387,NEUTRAL,0.1943549551746112,0.1943549551746112,0.0971774775873056,19593211.035,1.0,2023-04,2023-04,0.4586,0.011148,1.204943
4,C4 Hybrid + régime,2023-04,2023-04-28,P_selected,EQD,0.0033068046746993853,BUY,0.4268530737044941,0.4268530737044941,0.4268530737044941,15387.495,0.02289221481978437,2023-04,2023-04,0.4586,0.011148,1.204943
4,C4 Hybrid + régime,2023-04,2023-04-28,P_selected,MIC,0.0027573390997063588,BUY,0.8322866876534123,0.8322866876534123,0.8322866876534123,55618.450000000325,0.042692360866044526,2023-04,2023-04,0.4586,0.011148,1.204943
4,C4 Hybrid + régime,2023-04,2023-04-28,P_selected,BCP,0.002305371168406755,BUY,0.35721186757915235,0.35721186757915235,0.35721186757915235,4885693.1899999995,1.0,2023-04,2023-04,0.4586,0.011148,1.204943
4,C4 Hybrid + régime,2023-04,2023-04-28,P_selected,IBC,0.0010955201424668651,NEUTRAL,0.035912568250180216,0.035912568250180216,0.017956284125090108,758.2404999999942,0.018201748997030687,2023-04,2023-04,0.4586,0.011148,1.204943
4,C4 Hybrid + régime,2023-04,2023-04-28,P_selected,SMI,0.0006368868551863685,NEUTRAL,0.004959321647356255,0.004959321647356255,0.0024796608236781273,269058.0,0.5756467631535105,2023-04,2023-04,0.4586,0.011148,1.204943
4,C4 Hybrid + régime,2023-04,2023-04-28,P_selected,SID,0.0006351816537991948,NEUTRAL,0.08931093165888866,0.08931093165888866,0.04465546582944433,703463.7849999999,0.9992941632968811,2023-04,2023-04,0.4586,0.011148,1.204943
4,C4 Hybrid + régime,2023-04,2023-04-28,P_selected,OUL,0.0005010742147250226,NEUTRAL,0.005087265140177623,0.005087265140177623,0.0025436325700888113,661.0,0.018173966132178677,2023-04,2023-04,0.4586,0.011148,1.204943
4,C4 Hybrid + régime,2023-04,2023-04-28,P_selected,DYT,0.00041918999314919774,BUY,0.7738300175338376,0.7738300175338376,0.7738300175338376,33658.91,0.03042900485517016,2023-04,2023-04,0.4586,0.011148,1.204943
4,C4 Hybrid + régime,2023-04,2023-04-28,P_selected,INV,0.0002884439814715071,BUY,0.6803809962964114,0.6803809962964114,0.6803809962964114,3328.5294999999996,0.018951412348882077,2023-04,2023-04,0.4586,0.011148,1.204943
4,C4 Hybrid + régime,2023-05,2023-05-31,P_selected,REB,0.2539265583008206,BUY,1.7197067171448066,1.7197067171448066,1.7197067171448066,987.9079999999998,0.018267533559620228,2023-05,2023-05,0.5299,0.010109,1.154075
4,C4 Hybrid + régime,2023-05,2023-05-31,P_selected,CSR,0.12594195736167638,BUY,3.044138051369565,3.044138051369565,3.044138051369565,4808098.57,1.0,2023-05,2023-05,0.5299,0.010109,1.154075
4,C4 Hybrid + régime,2023-05,2023-05-31,P_selected,CDM,0.0905037298412671,NEUTRAL,0.17344837377783562,0.17344837377783562,0.08672418688891781,2111296.7199999997,0.9999999999998834,2023-05,2023-05,0.5299,0.010109,1.154075
4,C4 Hybrid + régime,2023-05,2023-05-31,P_selected,CMA,0.09035863787311396,BUY,0.7261866320490284,0.7261866320490284,0.7261866320490284,4442305.05,1.0,2023-05,2023-05,0.5299,0.010109,1.154075
4,C4 Hybrid + régime,2023-05,2023-05-31,P_selected,SBM,0.07477174316550442,BUY,0.6300288372079392,0.6300288372079392,0.6300288372079392,1324841.7,0.9999999660190999,2023-05,2023-05,0.5299,0.010109,1.154075
4,C4 Hybrid + régime,2023-05,2023-05-31,P_selected,ADI,0.07427927625821275,BUY,0.5418619542265971,0.5418619542265971,0.5418619542265971,1961794.8165,0.9999999999987259,2023-05,2023-05,0.5299,0.010109,1.154075
4,C4 Hybrid + régime,2023-05,2023-05-31,P_selected,AFM,0.04331707214441221,BUY,1.2292717416896022,1.2292717416896022,1.2292717416896022,1841.75,0.01851415531175559,2023-05,2023-05,0.5299,0.010109,1.154075
4,C4 Hybrid + régime,2023-05,2023-05-31,P_selected,SOT,0.04275328487598482,NEUTRAL,0.10205661544820305,0.10205661544820305,0.051028307724101524,257728.5,0.5308746684743902,2023-05,2023-05,0.5299,0.010109,1.154075
4,C4 Hybrid + régime,2023-05,2023-05-31,P_selected,S2M,0.03954883844480768,BUY,1.1003697530192291,1.1003697530192291,1.1003697530192291,1670.1924999999999,0.01846434218991693,2023-05,2023-05,0.5299,0.010109,1.154075
4,C4 Hybrid + régime,2023-05,2023-05-31,P_selected,CTM,0.03800493282847992,BUY,0.49512645013264933,0.49512645013264933,0.49512645013264933,14021.0,0.022408227102026685,2023-05,2023-05,0.5299,0.010109,1.154075
4,C4 Hybrid + régime,2023-05,2023-05-31,P_selected,MOX,0.03378946333301142,BUY,0.9792543338916414,0.9792543338916414,0.9792543338916414,2052.9149999999972,0.01857564984649274,2023-05,2023-05,0.5299,0.010109,1.154075
4,C4 Hybrid + régime,2023-05,2023-05-31,P_selected,CMT,0.0317079185964059,NEUTRAL,0.1601483886901574,0.1601483886901574,0.0800741943450787,780695.1,0.999794759246753,2023-05,2023-05,0.5299,0.010109,1.154075
4,C4 Hybrid + régime,2023-05,2023-05-31,P_selected,NKL,0.029261452417803462,NEUTRAL,0.1863100370956293,0.1863100370956293,0.09315501854781465,48375.198,0.03819905141011607,2023-05,2023-05,0.5299,0.010109,1.154075
4,C4 Hybrid + régime,2023-05,2023-05-31,P_selected,AFI,0.005841742213993594,BUY,1.0401587106757382,1.0401587106757382,1.0401587106757382,22052.802499999998,0.02540303998202494,2023-05,2023-05,0.5299,0.010109,1.154075
4,C4 Hybrid + régime,2023-05,2023-05-31,P_selected,DWY,0.004284929058072869,BUY,0.24049113699588073,0.24049113699588073,0.24049113699588073,547346.6399999997,0.9914864497483077,2023-05,2023-05,0.5299,0.010109,1.154075
4,C4 Hybrid + régime,2023-05,2023-05-31,P_selected,SAH,0.0037330818303837063,BUY,0.5462919434075257,0.5462919434075257,0.5462919434075257,30471.5,0.02895989017436235,2023-05,2023-05,0.5299,0.010109,1.154075
4,C4 Hybrid + régime,2023-05,2023-05-31,P_selected,CRS,0.0033011155841960746,BUY,0.30427228813581964,0.30427228813581964,0.30427228813581964,3678.726,0.019055868715107064,2023-05,2023-05,0.5299,0.010109,1.154075
4,C4 Hybrid + régime,2023-05,2023-05-31,P_selected,MSA,0.0032768978253897136,NEUTRAL,0.20813091308794013,0.20813091308794013,0.10406545654397006,3986821.0275,1.0,2023-05,2023-05,0.5299,0.010109,1.154075
4,C4 Hybrid + régime,2023-05,2023-05-31,P_selected,IBC,0.0028138060954314395,BUY,0.9407946241481897,0.9407946241481897,0.9407946241481897,751.9504999999942,0.018199950602615016,2023-05,2023-05,0.5299,0.010109,1.154075
4,C4 Hybrid + régime,2023-05,2023-05-31,P_selected,DYT,0.0021715342740294694,BUY,0.5331168607388799,0.5331168607388799,0.5331168607388799,140571.15999999997,0.14793857821069478,2023-05,2023-05,0.5299,0.010109,1.154075
4,C4 Hybrid + régime,2023-05,2023-05-31,P_selected,MLE,0.0016181490313326293,NEUTRAL,0.12483140301271622,0.12483140301271622,0.06241570150635811,502.5475,0.018128783355400396,2023-05,2023-05,0.5299,0.010109,1.154075
4,C4 Hybrid + régime,2023-05,2023-05-31,P_selected,TGC,0.001501404225517808,NEUTRAL,0.1410680243215055,0.1410680243215055,0.07053401216075275,1231054.7525,0.9999998476181343,2023-05,2023-05,0.5299,0.010109,1.154075
4,C4 Hybrid + régime,2023-05,2023-05-31,P_selected,INV,0.001396839999724971,BUY,1.5892751496885884,1.5892751496885884,1.5892751496885884,2075.8025,0.018582327067514164,2023-05,2023-05,0.5299,0.010109,1.154075
4,C4 Hybrid + régime,2023-05,2023-05-31,P_selected,SLF,0.0005253594534728055,BUY,0.2871649255425174,0.2871649255425174,0.2871649255425174,338900.275,0.805715073766524,2023-05,2023-05,0.5299,0.010109,1.154075
4,C4 Hybrid + régime,2023-05,2023-05-31,P_selected,FBR,0.00044308193055742003,NEUTRAL,0.05554193681296468,0.05554193681296468,0.02777096840648234,48389.69499999999,0.0382075742125495,2023-05,2023-05,0.5299,0.010109,1.154075
4,C4 Hybrid + régime,2023-05,2023-05-31,P_selected,SID,0.00036616124726552586,NEUTRAL,0.1620330079327211,0.1620330079327211,0.08101650396636055,789052.735,0.9998204439840488,2023-05,2023-05,0.5299,0.010109,1.154075
4,C4 Hybrid + régime,2023-05,2023-05-31,P_selected,ATL,0.00028993484162908174,NEUTRAL,0.2135304008441257,0.2135304008441257,0.10676520042206285,535671.9625,0.9897558491320383,2023-05,2023-05,0.5299,0.010109,1.154075
4,C4 Hybrid + régime,2023-05,2023-05-31,P_selected,MIC,0.00027109694750244984,BUY,0.4476977096923584,0.4476977096923584,0.4476977096923584,25875.59500000033,0.026962109889012695,2023-05,2023-05,0.5299,0.010109,1.154075
4,C4 Hybrid + régime,2023-06,2023-06-28,P_selected,AKT,0.2268120390419009,BUY,0.4406705570384663,0.4406705570384663,0.4406705570384663,3411651.5375,1.0,2023-06,2023-06,0.708,0.009263,1.123844
4,C4 Hybrid + régime,2023-06,2023-06-28,P_selected,REB,0.17077420506844768,BUY,1.795182848310777,1.795182848310777,1.795182848310777,965.1224999999998,0.01826099660692118,2023-06,2023-06,0.708,0.009263,1.123844
4,C4 Hybrid + régime,2023-06,2023-06-28,P_selected,LES,0.14260280596895958,BUY,2.279762446364765,2.279762446364765,2.279762446364765,2605558.6000000006,1.0,2023-06,2023-06,0.708,0.009263,1.123844
4,C4 Hybrid + régime,2023-06,2023-06-28,P_selected,ADI,0.07587417809352529,BUY,0.9679794597365452,0.9679794597365452,0.9679794597365452,5938925.788,1.0,2023-06,2023-06,0.708,0.009263,1.123844
4,C4 Hybrid + régime,2023-06,2023-06-28,P_selected,CTM,0.075855123292252,BUY,1.9010789393478902,1.9010789393478902,1.9010789393478902,7360.110000000001,0.020188674683414783,2023-06,2023-06,0.708,0.009263,1.123844
4,C4 Hybrid + régime,2023-06,2023-06-28,P_selected,CSR,0.07229324614928696,BUY,1.8097169477297819,1.8097169477297819,1.8097169477297819,2951938.085,1.0,2023-06,2023-06,0.708,0.009263,1.123844
4,C4 Hybrid + régime,2023-06,2023-06-28,P_selected,CMA,0.04983708265020308,BUY,0.3082883513132135,0.3082883513132135,0.3082883513132135,4495991.85,1.0,2023-06,2023-06,0.708,0.009263,1.123844
4,C4 Hybrid + régime,2023-06,2023-06-28,P_selected,DWY,0.049191672871208174,NEUTRAL,0.005662661556962316,0.005662661556962316,0.002831330778481158,698752.7749999997,0.9992389456200612,2023-06,2023-06,0.708,0.009263,1.123844
4,C4 Hybrid + régime,2023-06,2023-06-28,P_selected,CMT,0.02930182851271474,NEUTRAL,0.19323728249455013,0.19323728249455013,0.09661864124727507,765167.1,0.9997368895744893,2023-06,2023-06,0.708,0.009263,1.123844
4,C4 Hybrid + régime,2023-06,2023-06-28,P_selected,SOT,0.021895656033816432,BUY,0.3073051494148169,0.3073051494148169,0.3073051494148169,410018.9,0.9282625975073556,2023-06,2023-06,0.708,0.009263,1.123844
4,C4 Hybrid + régime,2023-06,2023-06-28,P_selected,SMI,0.021747717498032487,BUY,0.2827424791160915,0.2827424791160915,0.2827424791160915,94753.2,0.07699111749361562,2023-06,2023-06,0.708,0.009263,1.123844
4,C4 Hybrid + régime,2023-06,2023-06-28,P_selected,SLF,0.021206221752530757,NEUTRAL,0.007403816620034663,0.007403816620034663,0.0037019083100173315,541188.725,0.9906131990863436,2023-06,2023-06,0.708,0.009263,1.123844
4,C4 Hybrid + régime,2023-06,2023-06-28,P_selected,MIC,0.008568658974422771,BUY,0.39788055491704666,0.39788055491704666,0.39788055491704666,88717.88000000032,0.07040308920388115,2023-06,2023-06,0.708,0.009263,1.123844
4,C4 Hybrid + régime,2023-06,2023-06-28,P_selected,MOX,0.007876211071066312,BUY,0.6121962335736932,0.6121962335736932,0.6121962335736932,21799.1675,0.02530276244174022,2023-06,2023-06,0.708,0.009263,1.123844
4,C4 Hybrid + régime,2023-06,2023-06-28,P_selected,IMO,0.005697800526484464,NEUTRAL,0.1657614925335011,0.1657614925335011,0.08288074626675054,225260.455,0.40231398417383735,2023-06,2023-06,0.708,0.009263,1.123844
4,C4 Hybrid + régime,2023-06,2023-06-28,P_selected,IAM,0.005583911078176659,NEUTRAL,0.1243181324244542,0.1243181324244542,0.0621590662122271,44771855.795,1.0,2023-06,2023-06,0.708,0.009263,1.123844
4,C4 Hybrid + régime,2023-06,2023-06-28,P_selected,S2M,0.003901080609946614,BUY,0.25157451475132403,0.25157451475132403,0.25157451475132403,2802.875,0.01879567371022022,2023-06,2023-06,0.708,0.009263,1.123844
4,C4 Hybrid + régime,2023-06,2023-06-28,P_selected,ATL,0.0017496049299905107,NEUTRAL,0.0576477944682568,0.0576477944682568,0.0288238972341284,853437.7050000001,0.9999359000761471,2023-06,2023-06,0.708,0.009263,1.123844
4,C4 Hybrid + régime,2023-06,2023-06-28,P_selected,INV,0.0016478796373081317,BUY,0.29931161972718023,0.29931161972718023,0.29931161972718023,5481.364,0.01960255412917749,2023-06,2023-06,0.708,0.009263,1.123844
4,C4 Hybrid + régime,2023-06,2023-06-28,P_selected,SID,0.0016389809529397995,NEUTRAL,0.03429240057047524,0.03429240057047524,0.01714620028523762,872015.2300000001,0.999952381599178,2023-06,2023-06,0.708,0.009263,1.123844
4,C4 Hybrid + régime,2023-06,2023-06-28,P_selected,ATH,0.0015772963896520458,BUY,0.2959538117630814,0.2959538117630814,0.2959538117630814,308256.4025000001,0.7175016302533962,2023-06,2023-06,0.708,0.009263,1.123844
4,C4 Hybrid + régime,2023-06,2023-06-28,P_selected,AFM,0.0013569497865084277,BUY,0.49367588664853496,0.49367588664853496,0.49367588664853496,58517.0,0.04462848301677082,2023-06,2023-06,0.708,0.009263,1.123844
4,C4 Hybrid + régime,2023-06,2023-06-28,P_selected,DYT,0.0011683832877714768,NEUTRAL,0.1380125792026755,0.1380125792026755,0.06900628960133776,160703.1625,0.19329361699002992,2023-06,2023-06,0.708,0.009263,1.123844
4,C4 Hybrid + régime,2023-06,2023-06-28,P_selected,SNP,0.0007503899664202544,BUY,0.2799262667158662,0.2799262667158662,0.2799262667158662,547117.2799999999,0.99145541711152,2023-06,2023-06,0.708,0.009263,1.123844
4,C4 Hybrid + régime,2023-06,2023-06-28,P_selected,AFI,0.0004669283444273863,BUY,0.27173028005365407,0.27173028005365407,0.27173028005365407,14220.8,0.022478363539738998,2023-06,2023-06,0.708,0.009263,1.123844
4,C4 Hybrid + régime,2023-06,2023-06-28,P_selected,FBR,0.00021497211479431524,BUY,0.4408780124566821,0.4408780124566821,0.4408780124566821,68144.935,0.05167706435878006,2023-06,2023-06,0.708,0.009263,1.123844
4,C4 Hybrid + régime,2023-06,2023-06-28,P_selected,NKL,0.00018159505789651313,BUY,0.5226602388193899,0.5226602388193899,0.5226602388193899,79742.0455,0.061564583729995126,2023-06,2023-06,0.708,0.009263,1.123844
4,C4 Hybrid + régime,2023-06,2023-06-28,P_selected,EQD,0.0001436880733213781,BUY,0.6631377612901904,0.6631377612901904,0.6631377612901904,119671.95,0.11053884872698337,2023-06,2023-06,0.708,0.009263,1.123844
4,C4 Hybrid + régime,2023-07,2023-07-31,P_selected,AKT,0.4,BUY,1.3257861903691277,1.3257861903691277,1.3257861903691277,6380450.305,1.0,2023-07,2023-07,0.9349,0.010099,0.971887
4,C4 Hybrid + régime,2023-07,2023-07-31,P_selected,ADI,0.14299279595703937,BUY,2.320654632224122,2.320654632224122,2.320654632224122,4485967.051000001,1.0,2023-07,2023-07,0.9349,0.010099,0.971887
4,C4 Hybrid + régime,2023-07,2023-07-31,P_selected,SOT,0.0832341329204513,BUY,0.24639517751929696,0.24639517751929696,0.24639517751929696,558011.45,0.992812391403546,2023-07,2023-07,0.9349,0.010099,0.971887
4,C4 Hybrid + régime,2023-07,2023-07-31,P_selected,CMA,0.07659195875654996,BUY,0.24493979657445625,0.24493979657445625,0.24493979657445625,2032144.5,0.9999999999995866,2023-07,2023-07,0.9349,0.010099,0.971887
4,C4 Hybrid + régime,2023-07,2023-07-31,P_selected,EQD,0.05456493824355083,NEUTRAL,0.028485671136207705,0.028485671136207705,0.014242835568103853,564841.2,0.9935516335702447,2023-07,2023-07,0.9349,0.010099,0.971887
4,C4 Hybrid + régime,2023-07,2023-07-31,P_selected,MDP,0.04310834130953405,BUY,0.6855419884776075,0.6855419884776075,0.6855419884776075,347813.7140000001,0.827072428212436,2023-07,2023-07,0.9349,0.010099,0.971887
4,C4 Hybrid + régime,2023-07,2023-07-31,P_selected,BOA,0.02969678493968758,NEUTRAL,0.19601060538467396,0.19601060538467396,0.09800530269233698,3190740.0575,1.0,2023-07,2023-07,0.9349,0.010099,0.971887
4,C4 Hybrid + régime,2023-07,2023-07-31,P_selected,CDM,0.025382031347195768,NEUTRAL,0.041872244381954415,0.041872244381954415,0.020936122190977208,164615.925,0.20324336135239288,2023-07,2023-07,0.9349,0.010099,0.971887
4,C4 Hybrid + régime,2023-07,2023-07-31,P_selected,LBV,0.02249474440049519,NEUTRAL,0.1873711742434599,0.1873711742434599,0.09368558712172995,2436478.15,0.9999999999999993,2023-07,2023-07,0.9349,0.010099,0.971887
4,C4 Hybrid + régime,2023-07,2023-07-31,P_selected,ARD,0.020138316313271586,BUY,0.30827068531993584,0.30827068531993584,0.30827068531993584,934669.3525,0.9999825247875991,2023-07,2023-07,0.9349,0.010099,0.971887
4,C4 Hybrid + régime,2023-07,2023-07-31,P_selected,MIC,0.015671915784825206,NEUTRAL,0.12453355832840937,0.12453355832840937,0.062266779164204686,535064.2500000003,0.9896567906092791,2023-07,2023-07,0.9349,0.010099,0.971887
4,C4 Hybrid + régime,2023-07,2023-07-31,P_selected,MNG,0.015013878054587653,NEUTRAL,0.10979846627395815,0.10979846627395815,0.05489923313697907,915324.9,0.9999761856499245,2023-07,2023-07,0.9349,0.010099,0.971887
4,C4 Hybrid + régime,2023-07,2023-07-31,P_selected,DWY,0.012311134377900339,BUY,0.235267791088267,0.235267791088267,0.235267791088267,205104.79999999964,0.32776233253746145,2023-07,2023-07,0.9349,0.010099,0.971887
4,C4 Hybrid + régime,2023-07,2023-07-31,P_selected,MUT,0.010664137420919892,BUY,0.24982331765556573,0.24982331765556573,0.24982331765556573,2526895.7175,0.9999999999999998,2023-07,2023-07,0.9349,0.010099,0.971887
4,C4 Hybrid + régime,2023-07,2023-07-31,P_selected,DYT,0.00872271566427892,NEUTRAL,0.09328960312113664,0.09328960312113664,0.04664480156056832,132356.09249999997,0.1321246251373978,2023-07,2023-07,0.9349,0.010099,0.971887
4,C4 Hybrid + régime,2023-07,2023-07-31,P_selected,FBR,0.007665229502610801,BUY,0.5258865448770925,0.5258865448770925,0.5258865448770925,80636.08249999999,0.06239622431559398,2023-07,2023-07,0.9349,0.010099,0.971887
4,C4 Hybrid + régime,2023-07,2023-07-31,P_selected,INV,0.006833170530979293,BUY,0.2241538989057995,0.2241538989057995,0.2241538989057995,6198.209,0.019824197546121008,2023-07,2023-07,0.9349,0.010099,0.971887
4,C4 Hybrid + régime,2023-07,2023-07-31,P_selected,AFI,0.006304854383301792,NEUTRAL,0.1131056227959018,0.1131056227959018,0.0565528113979509,29341.9925,0.02845598352098886,2023-07,2023-07,0.9349,0.010099,0.971887
4,C4 Hybrid + régime,2023-07,2023-07-31,P_selected,TMA,0.0044208111356443,BUY,0.29014761759582164,0.29014761759582164,0.29014761759582164,894651.2,0.9999668494864936,2023-07,2023-07,0.9349,0.010099,0.971887
4,C4 Hybrid + régime,2023-07,2023-07-31,P_selected,CSR,0.004386282378032749,BUY,2.0328600551972382,2.0328600551972382,2.0328600551972382,1551664.3000000003,0.9999999990982005,2023-07,2023-07,0.9349,0.010099,0.971887
4,C4 Hybrid + régime,2023-07,2023-07-31,P_selected,CIH,0.0042048390727361116,BUY,0.29216147838540074,0.29216147838540074,0.29216147838540074,1337855.95,0.9999999724067657,2023-07,2023-07,0.9349,0.010099,0.971887
4,C4 Hybrid + régime,2023-07,2023-07-31,P_selected,RDS,0.0011770303286706022,BUY,1.4817039381823511,1.4817039381823511,1.4817039381823511,681112.59,0.9989910155346685,2023-07,2023-07,0.9349,0.010099,0.971887
4,C4 Hybrid + régime,2023-07,2023-07-31,P_selected,BCP,0.0010541701874601276,NEUTRAL,0.04367454344030449,0.04367454344030449,0.021837271720152245,14000373.75,1.0,2023-07,2023-07,0.9349,0.010099,0.971887
4,C4 Hybrid + régime,2023-07,2023-07-31,P_selected,SID,0.0009891842396228445,BUY,0.36981111868052385,0.36981111868052385,0.36981111868052385,1996302.0399999998,0.9999999999992664,2023-07,2023-07,0.9349,0.010099,0.971887
4,C4 Hybrid + régime,2023-07,2023-07-31,P_selected,BCI,0.0008718218306890454,BUY,0.527237470815764,0.527237470815764,0.527237470815764,733133.4,0.9995608079146594,2023-07,2023-07,0.9349,0.010099,0.971887
4,C4 Hybrid + régime,2023-07,2023-07-31,P_selected,ADH,0.0004380519046917748,BUY,1.0026490246307733,1.0026490246307733,1.0026490246307733,2939856.7405000017,1.0,2023-07,2023-07,0.9349,0.010099,0.971887
4,C4 Hybrid + régime,2023-07,2023-07-31,P_selected,MOX,0.0004104380004079888,NEUTRAL,0.10644855595536162,0.10644855595536162,0.05322427797768081,11801.447499999998,0.021643332815449754,2023-07,2023-07,0.9349,0.010099,0.971887
4,C4 Hybrid + régime,2023-07,2023-07-31,P_selected,ATH,0.0003425830909351169,BUY,0.44745339063694217,0.44745339063694217,0.44745339063694217,764456.9665000001,0.999733883830103,2023-07,2023-07,0.9349,0.010099,0.971887
4,C4 Hybrid + régime,2023-07,2023-07-31,P_selected,LHM,0.00014975167019779564,BUY,0.28993168921991364,0.28993168921991364,0.28993168921991364,7031571.25,1.0,2023-07,2023-07,0.9349,0.010099,0.971887
4,C4 Hybrid + régime,2023-07,2023-07-31,P_selected,ATW,0.00011059726662303963,NEUTRAL,0.16707246770211417,0.16707246770211417,0.08353623385105709,12572968.372499999,1.0,2023-07,2023-07,0.9349,0.010099,0.971887
4,C4 Hybrid + régime,2023-08,2023-08-31,P_selected,AKT,0.3642689326037303,BUY,1.5150119198141996,1.5150119198141996,1.5150119198141996,5632801.665,1.0,2023-08,2023-08,0.8843,0.010459,1.069363
4,C4 Hybrid + régime,2023-08,2023-08-31,P_selected,ADI,0.17219368512688749,BUY,1.8552886815398233,1.8552886815398233,1.8552886815398233,3926191.3200000003,1.0,2023-08,2023-08,0.8843,0.010459,1.069363
4,C4 Hybrid + régime,2023-08,2023-08-31,P_selected,SAH,0.08015743033962389,BUY,0.37925472188483705,0.37925472188483705,0.37925472188483705,719711.1,0.9994556521558494,2023-08,2023-08,0.8843,0.010459,1.069363
4,C4 Hybrid + régime,2023-08,2023-08-31,P_selected,JET,0.06325918751655524,BUY,0.8104415376431613,0.8104415376431613,0.8104415376431613,1309289.895,0.99999995641873,2023-08,2023-08,0.8843,0.010459,1.069363
4,C4 Hybrid + régime,2023-08,2023-08-31,P_selected,DWY,0.05989250844000408,BUY,0.2198233490789555,0.2198233490789555,0.2198233490789555,636558.1149999996,0.9979439897925694,2023-08,2023-08,0.8843,0.010459,1.069363
4,C4 Hybrid + régime,2023-08,2023-08-31,P_selected,RIS,0.04984792725874782,BUY,0.36546295268488566,0.36546295268488566,0.36546295268488566,2178454.9825,0.9999999999999603,2023-08,2023-08,0.8843,0.010459,1.069363
4,C4 Hybrid + régime,2023-08,2023-08-31,P_selected,AFM,0.03590936831650543,NEUTRAL,0.0073338461637351415,0.0073338461637351415,0.0036669230818675708,8228.45,0.020465341977029844,2023-08,2023-08,0.8843,0.010459,1.069363
4,C4 Hybrid + régime,2023-08,2023-08-31,P_selected,AFI,0.03508304491534233,BUY,0.6902720182040968,0.6902720182040968,0.6902720182040968,102257.5775,0.08596891840224842,2023-08,2023-08,0.8843,0.010459,1.069363
4,C4 Hybrid + régime,2023-08,2023-08-31,P_selected,TMA,0.030413863405619065,NEUTRAL,0.02326059854834346,0.02326059854834346,0.01163029927417173,557299.95,0.9927306983541194,2023-08,2023-08,0.8843,0.010459,1.069363
4,C4 Hybrid + régime,2023-08,2023-08-31,P_selected,IBC,0.021511786861715527,BUY,0.7813646153738707,0.7813646153738707,0.7813646153738707,2356.2634999999946,0.018664340488311965,2023-08,2023-08,0.8843,0.010459,1.069363
4,C4 Hybrid + régime,2023-08,2023-08-31,P_selected,DHO,0.015161518596202378,NEUTRAL,0.19868350511452731,0.19868350511452731,0.09934175255726366,167634.645,0.21117693947962812,2023-08,2023-08,0.8843,0.010459,1.069363
4,C4 Hybrid + régime,2023-08,2023-08-31,P_selected,MOX,0.01385037989684417,BUY,0.24608636568224368,0.24608636568224368,0.24608636568224368,4234.674999999997,0.01922285739077971,2023-08,2023-08,0.8843,0.010459,1.069363
4,C4 Hybrid + régime,2023-08,2023-08-31,P_selected,BCP,0.01372814066302375,BUY,0.3160576857276872,0.3160576857276872,0.3160576857276872,16207307.092500001,1.0,2023-08,2023-08,0.8843,0.010459,1.069363
4,C4 Hybrid + régime,2023-08,2023-08-31,P_selected,TQM,0.010856807452625718,BUY,0.6735046883783846,0.6735046883783846,0.6735046883783846,506317.4,0.9837147856180503,2023-08,2023-08,0.8843,0.010459,1.069363
4,C4 Hybrid + régime,2023-08,2023-08-31,P_selected,BCI,0.009652988799928855,NEUTRAL,0.08106482873194833,0.08106482873194833,0.04053241436597416,4676055.965000001,1.0,2023-08,2023-08,0.8843,0.010459,1.069363
4,C4 Hybrid + régime,2023-08,2023-08-31,P_selected,CSR,0.009535711811603724,BUY,1.7913967857500221,1.7913967857500221,1.7913967857500221,1371796.12,0.9999999839689431,2023-08,2023-08,0.8843,0.010459,1.069363
4,C4 Hybrid + régime,2023-08,2023-08-31,P_selected,ADH,0.005847171417500593,BUY,1.2261955190989628,1.2261955190989628,1.2261955190989628,2000368.9580000017,0.9999999999993125,2023-08,2023-08,0.8843,0.010459,1.069363
4,C4 Hybrid + régime,2023-08,2023-08-31,P_selected,GAZ,0.004726218517287259,BUY,0.2682151554479836,0.2682151554479836,0.2682151554479836,1221689.0,0.9999998229837281,2023-08,2023-08,0.8843,0.010459,1.069363
4,C4 Hybrid + régime,2023-08,2023-08-31,P_selected,IAM,0.001138345746363429,BUY,0.29663067884487854,0.29663067884487854,0.29663067884487854,7667448.202500001,1.0,2023-08,2023-08,0.8843,0.010459,1.069363
4,C4 Hybrid + régime,2023-08,2023-08-31,P_selected,ALM,0.000955026878344554,NEUTRAL,0.11438672705937167,0.11438672705937167,0.057193363529685834,182159.85,0.2524774753349501,2023-08,2023-08,0.8843,0.010459,1.069363
4,C4 Hybrid + régime,2023-08,2023-08-31,P_selected,BOA,0.0005303113352441235,NEUTRAL,0.15383979399402856,0.15383979399402856,0.07691989699701428,4308750.470000001,1.0,2023-08,2023-08,0.8843,0.010459,1.069363
4,C4 Hybrid + régime,2023-08,2023-08-31,P_selected,SNP,0.0004499312546220211,BUY,0.2197987103718447,0.2197987103718447,0.2197987103718447,521857.4949999998,0.9872541266536463,2023-08,2023-08,0.8843,0.010459,1.069363
4,C4 Hybrid + régime,2023-08,2023-08-31,P_selected,MDP,0.0004411880580592941,BUY,0.6072255568844988,0.6072255568844988,0.6072255568844988,173329.6810000001,0.22675512306242604,2023-08,2023-08,0.8843,0.010459,1.069363
4,C4 Hybrid + régime,2023-08,2023-08-31,P_selected,LHM,0.0004044844468829093,BUY,0.424251176064263,0.424251176064263,0.424251176064263,10489521.3,1.0,2023-08,2023-08,0.8843,0.010459,1.069363
4,C4 Hybrid + régime,2023-08,2023-08-31,P_selected,FBR,0.00016449837947309673,NEUTRAL,0.13984829390816367,0.13984829390816367,0.06992414695408183,27104.7875,0.027482907104300472,2023-08,2023-08,0.8843,0.010459,1.069363
4,C4 Hybrid + régime,2023-09,2023-09-27,P_selected,AKT,0.3797311274034995,BUY,0.9171500847282477,0.9171500847282477,0.9171500847282477,8180759.1375,1.0,2023-09,2023-09,0.9043,0.010745,0.759631
4,C4 Hybrid + régime,2023-09,2023-09-27,P_selected,ADI,0.10852383598753945,BUY,1.8164365304226606,1.8164365304226606,1.8164365304226606,12172992.123,1.0,2023-09,2023-09,0.9043,0.010745,0.759631
4,C4 Hybrid + régime,2023-09,2023-09-27,P_selected,EQD,0.07225502020025097,BUY,0.4912707066638366,0.4912707066638366,0.4912707066638366,1062536.95,0.9999977410116079,2023-09,2023-09,0.9043,0.010745,0.759631
4,C4 Hybrid + régime,2023-09,2023-09-27,P_selected,CMT,0.06976560041951622,NEUTRAL,0.039885780524444345,0.039885780524444345,0.019942890262222172,1098404.15,0.999998727424391,2023-09,2023-09,0.9043,0.010745,0.759631
4,C4 Hybrid + régime,2023-09,2023-09-27,P_selected,CMA,0.06466747353306734,NEUTRAL,0.04786121686505673,0.04786121686505673,0.023930608432528366,2491748.75,0.9999999999999998,2023-09,2023-09,0.9043,0.010745,0.759631
4,C4 Hybrid + régime,2023-09,2023-09-27,P_selected,RIS,0.04378464228414004,BUY,0.959589740208109,0.959589740208109,0.959589740208109,3183156.9175,1.0,2023-09,2023-09,0.9043,0.010745,0.759631
4,C4 Hybrid + régime,2023-09,2023-09-27,P_selected,IBC,0.041314097837526695,BUY,0.502995031357939,0.502995031357939,0.502995031357939,2021.2164999999943,0.018566405983446114,2023-09,2023-09,0.9043,0.010745,0.759631
4,C4 Hybrid + régime,2023-09,2023-09-27,P_selected,JET,0.03784597478987175,BUY,0.8782123440053673,0.8782123440053673,0.8782123440053673,1171576.085,0.9999996053307462,2023-09,2023-09,0.9043,0.010745,0.759631
4,C4 Hybrid + régime,2023-09,2023-09-27,P_selected,LES,0.026569667235874252,NEUTRAL,0.025136693252019407,0.025136693252019407,0.012568346626009703,2002314.667500001,0.9999999999993336,2023-09,2023-09,0.9043,0.010745,0.759631
4,C4 Hybrid + régime,2023-09,2023-09-27,P_selected,MIC,0.021156281982566392,BUY,0.45531228417480846,0.45531228417480846,0.45531228417480846,316845.7950000003,0.7445080419360984,2023-09,2023-09,0.9043,0.010745,0.759631
4,C4 Hybrid + régime,2023-09,2023-09-27,P_selected,MAB,0.019761916797464044,NEUTRAL,0.024688543683543937,0.024688543683543937,0.012344271841771969,34038.75,0.030608820659839886,2023-09,2023-09,0.9043,0.010745,0.759631
4,C4 Hybrid + régime,2023-09,2023-09-27,P_selected,CSR,0.015836982374212084,BUY,2.0588743162941467,2.0588743162941467,2.0588743162941467,3045668.365,1.0,2023-09,2023-09,0.9043,0.010745,0.759631
4,C4 Hybrid + régime,2023-09,2023-09-27,P_selected,SMI,0.014823717173532517,BUY,0.45295259361076146,0.45295259361076146,0.45295259361076146,493937.75,0.9802180278723572,2023-09,2023-09,0.9043,0.010745,0.759631
4,C4 Hybrid + régime,2023-09,2023-09-27,P_selected,TGC,0.014363709710826613,BUY,0.21591740540319942,0.21591740540319942,0.21591740540319942,4125233.915,1.0,2023-09,2023-09,0.9043,0.010745,0.759631
4,C4 Hybrid + régime,2023-09,2023-09-27,P_selected,FBR,0.012093208978285669,BUY,0.6893335364096886,0.6893335364096886,0.6893335364096886,119445.834,0.11018364196179077,2023-09,2023-09,0.9043,0.010745,0.759631
4,C4 Hybrid + régime,2023-09,2023-09-27,P_selected,SBM,0.012078657518526463,NEUTRAL,0.13387609673872014,0.13387609673872014,0.06693804836936007,536780.2,0.9899340830464087,2023-09,2023-09,0.9043,0.010745,0.759631
4,C4 Hybrid + régime,2023-09,2023-09-27,P_selected,INV,0.008124931826985734,BUY,0.5758416097740939,0.5758416097740939,0.5758416097740939,44442.976,0.0359535245777611,2023-09,2023-09,0.9043,0.010745,0.759631
4,C4 Hybrid + régime,2023-09,2023-09-27,P_selected,ADH,0.0076730727182572605,BUY,1.1694852344740663,1.1694852344740663,1.1694852344740663,29831905.613000005,1.0,2023-09,2023-09,0.9043,0.010745,0.759631
4,C4 Hybrid + régime,2023-09,2023-09-27,P_selected,ATH,0.004806103995109211,NEUTRAL,0.19602342847491352,0.19602342847491352,0.09801171423745676,1294029.0925,0.9999999443656786,2023-09,2023-09,0.9043,0.010745,0.759631
4,C4 Hybrid + régime,2023-09,2023-09-27,P_selected,DHO,0.0031004347861048917,NEUTRAL,0.19413767910981733,0.19413767910981733,0.09706883955490866,581665.9195000001,0.9950659787091841,2023-09,2023-09,0.9043,0.010745,0.759631
4,C4 Hybrid + régime,2023-09,2023-09-27,P_selected,LHM,0.0029745044596017523,NEUTRAL,0.06865123882265668,0.06865123882265668,0.03432561941132834,3041841.45,1.0,2023-09,2023-09,0.9043,0.010745,0.759631
4,C4 Hybrid + régime,2023-09,2023-09-27,P_selected,BCI,0.0028973417133140683,NEUTRAL,0.03198025280030703,0.03198025280030703,0.015990126400153515,2974051.2199999997,1.0,2023-09,2023-09,0.9043,0.010745,0.759631
4,C4 Hybrid + régime,2023-09,2023-09-27,P_selected,MDP,0.0028789613714763733,BUY,0.3767271845011234,0.3767271845011234,0.3767271845011234,148297.9320000001,0.16420975307617391,2023-09,2023-09,0.9043,0.010745,0.759631
4,C4 Hybrid + régime,2023-09,2023-09-27,P_selected,MOX,0.0027546294722331486,BUY,0.25220734193206423,0.25220734193206423,0.25220734193206423,9908.349999999997,0.021011162426024705,2023-09,2023-09,0.9043,0.010745,0.759631
4,C4 Hybrid + régime,2023-09,2023-09-27,P_selected,M2M,0.002640592703651326,NEUTRAL,0.11977834538525721,0.11977834538525721,0.059889172692628605,175707.8,0.2334959589220167,2023-09,2023-09,0.9043,0.010745,0.759631
4,C4 Hybrid + régime,2023-09,2023-09-27,P_selected,AFM,0.0021543361143935105,NEUTRAL,0.1867148226382208,0.1867148226382208,0.0933574113191104,32309.3,0.02979834172118844,2023-09,2023-09,0.9043,0.010745,0.759631
4,C4 Hybrid + régime,2023-09,2023-09-27,P_selected,ARD,0.0009680654891041514,NEUTRAL,0.002991411448829695,0.002991411448829695,0.0014957057244148475,365714.9475000001,0.8642959883260736,2023-09,2023-09,0.9043,0.010745,0.759631
4,C4 Hybrid + régime,2023-09,2023-09-27,P_selected,AFI,0.0009396627581186912,NEUTRAL,0.01284781757961026,0.01284781757961026,0.00642390878980513,64551.0,0.04893060316708907,2023-09,2023-09,0.9043,0.010745,0.759631
4,C4 Hybrid + régime,2023-09,2023-09-27,P_selected,RDS,0.0007489855904859948,BUY,1.327949768658311,1.327949768658311,1.327949768658311,1954963.0844999999,0.9999999999985787,2023-09,2023-09,0.9043,0.010745,0.759631
4,C4 Hybrid + régime,2023-09,2023-09-27,P_selected,DYT,0.000630582293161478,NEUTRAL,0.02564538419954357,0.02564538419954357,0.012822692099771785,149456.5925,0.16676994120226066,2023-09,2023-09,0.9043,0.010745,0.759631
4,C4 Hybrid + régime,2023-09,2023-09-27,P_selected,MNG,0.0004392393267763241,NEUTRAL,0.025561119684180136,0.025561119684180136,0.012780559842090068,1577103.25,0.9999999993997362,2023-09,2023-09,0.9043,0.010745,0.759631
4,C4 Hybrid + régime,2023-09,2023-09-27,P_selected,PRO,0.0004034830317468743,NEUTRAL,0.02855612728663913,0.02855612728663913,0.014278063643319565,8198.25,0.020455657746682468,2023-09,2023-09,0.9043,0.010745,0.759631
4,C4 Hybrid + régime,2023-09,2023-09-27,P_selected,NKL,0.0003451239198527092,NEUTRAL,0.11539635796585733,0.11539635796585733,0.057698178982928665,43279.198,0.03531367097998102,2023-09,2023-09,0.9043,0.010745,0.759631
4,C4 Hybrid + régime,2023-09,2023-09-27,P_selected,SID,0.00024500415781989295,BUY,0.3602192226295212,0.3602192226295212,0.3602192226295212,2414992.135,0.9999999999999991,2023-09,2023-09,0.9043,0.010745,0.759631
4,C4 Hybrid + régime,2023-09,2023-09-27,P_selected,CIH,0.00023280544276477603,NEUTRAL,0.1592161440210603,0.1592161440210603,0.07960807201053015,1476282.4275,0.9999999969875701,2023-09,2023-09,0.9043,0.010745,0.759631
4,C4 Hybrid + régime,2023-09,2023-09-27,P_selected,TQM,0.0001955602629055527,NEUTRAL,0.1719243336104796,0.1719243336104796,0.0859621668052398,1640365.95,0.9999999997818536,2023-09,2023-09,0.9043,0.010745,0.759631
4,C4 Hybrid + régime,2023-09,2023-09-27,P_selected,SNP,0.00015768690475702059,BUY,0.6727720049735704,0.6727720049735704,0.6727720049735704,856346.7099999997,0.9999388150030802,2023-09,2023-09,0.9043,0.010745,0.759631
4,C4 Hybrid + régime,2023-09,2023-09-27,P_selected,SLF,0.00011697743467908833,NEUTRAL,0.09991582812968335,0.09991582812968335,0.04995791406484167,51002.815,0.039774010729482244,2023-09,2023-09,0.9043,0.010745,0.759631
4,C4 Hybrid + régime,2023-10,2023-10-31,P_selected,AKT,0.2675558078723755,BUY,0.6488370015174755,0.6488370015174755,0.6488370015174755,8463698.025,1.0,2023-10,2023-10,0.7392,0.012171,1.134964
4,C4 Hybrid + régime,2023-10,2023-10-31,P_selected,MLE,0.2328477907706771,BUY,2.332521373400131,2.332521373400131,2.332521373400131,1001.7,0.01827149147465508,2023-10,2023-10,0.7392,0.012171,1.134964
4,C4 Hybrid + régime,2023-10,2023-10-31,P_selected,ADI,0.11910140283256453,BUY,1.4591885981206743,1.4591885981206743,1.4591885981206743,4632337.0475,1.0,2023-10,2023-10,0.7392,0.012171,1.134964
4,C4 Hybrid + régime,2023-10,2023-10-31,P_selected,SID,0.09247284690767951,BUY,0.663513306280007,0.663513306280007,0.663513306280007,4286500.55,1.0,2023-10,2023-10,0.7392,0.012171,1.134964
4,C4 Hybrid + régime,2023-10,2023-10-31,P_selected,RDS,0.07320793415021343,BUY,1.6214392625042304,1.6214392625042304,1.6214392625042304,822113.3400000001,0.9998941956844752,2023-10,2023-10,0.7392,0.012171,1.134964
4,C4 Hybrid + régime,2023-10,2023-10-31,P_selected,JET,0.06374913287586939,BUY,0.7182809165656452,0.7182809165656452,0.7182809165656452,1179271.565,0.9999996510528605,2023-10,2023-10,0.7392,0.012171,1.134964
4,C4 Hybrid + régime,2023-10,2023-10-31,P_selected,SOT,0.05834548641748615,NEUTRAL,0.02046927718935919,0.02046927718935919,0.010234638594679595,1003430.3,0.9999941839581148,2023-10,2023-10,0.7392,0.012171,1.134964
4,C4 Hybrid + régime,2023-10,2023-10-31,P_selected,BCI,0.03367652860688446,NEUTRAL,0.13051615246470677,0.13051615246470677,0.06525807623235338,740281.755,0.9996082551807979,2023-10,2023-10,0.7392,0.012171,1.134964
4,C4 Hybrid + régime,2023-10,2023-10-31,P_selected,CIH,0.014304721784922978,NEUTRAL,0.12320042696805542,0.12320042696805542,0.06160021348402771,1047085.43,0.999997107443291,2023-10,2023-10,0.7392,0.012171,1.134964
4,C4 Hybrid + régime,2023-10,2023-10-31,P_selected,PRO,0.009949254398948315,BUY,0.2582776355260402,0.2582776355260402,0.2582776355260402,17229.45,0.023560785532397866,2023-10,2023-10,0.7392,0.012171,1.134964
4,C4 Hybrid + régime,2023-10,2023-10-31,P_selected,MDP,0.009433795565415804,BUY,0.4590436146854926,0.4590436146854926,0.4590436146854926,85977.3005000001,0.06758681098832622,2023-10,2023-10,0.7392,0.012171,1.134964
4,C4 Hybrid + régime,2023-10,2023-10-31,P_selected,S2M,0.007844944546112783,NEUTRAL,0.08033254762823827,0.08033254762823827,0.040166273814119136,2098.2725,0.01858888477738341,2023-10,2023-10,0.7392,0.012171,1.134964
4,C4 Hybrid + régime,2023-10,2023-10-31,P_selected,INV,0.003130793135533797,BUY,0.25873420238107836,0.25873420238107836,0.25873420238107836,13243.925,0.022137475408416932,2023-10,2023-10,0.7392,0.012171,1.134964
4,C4 Hybrid + régime,2023-10,2023-10-31,P_selected,RIS,0.002974407947935118,BUY,0.6224555555756871,0.6224555555756871,0.6224555555756871,2183994.935,0.9999999999999636,2023-10,2023-10,0.7392,0.012171,1.134964
4,C4 Hybrid + régime,2023-10,2023-10-31,P_selected,SMI,0.0028055511605550054,BUY,0.41528581255687375,0.41528581255687375,0.41528581255687375,154445.3,0.1781583170600557,2023-10,2023-10,0.7392,0.012171,1.134964
4,C4 Hybrid + régime,2023-10,2023-10-31,P_selected,MUT,0.0027511945387648775,BUY,0.643488463667141,0.643488463667141,0.643488463667141,3860779.0925,1.0,2023-10,2023-10,0.7392,0.012171,1.134964
4,C4 Hybrid + régime,2023-10,2023-10-31,P_selected,TGC,0.0020897999917760426,NEUTRAL,0.15802230104329487,0.15802230104329487,0.07901115052164744,6786505.294999999,1.0,2023-10,2023-10,0.7392,0.012171,1.134964
4,C4 Hybrid + régime,2023-10,2023-10-31,P_selected,ADH,0.0010115609214446394,BUY,1.8355125620798356,1.8355125620798356,1.8355125620798356,11950268.184500001,1.0,2023-10,2023-10,0.7392,0.012171,1.134964
4,C4 Hybrid + régime,2023-10,2023-10-31,P_selected,SNP,0.0009623895735803988,NEUTRAL,0.01851940200567758,0.01851940200567758,0.00925970100283879,378781.0649999998,0.8870039967900452,2023-10,2023-10,0.7392,0.012171,1.134964
4,C4 Hybrid + régime,2023-10,2023-10-31,P_selected,LHM,0.0008723623727945617,NEUTRAL,0.09183088675807213,0.09183088675807213,0.04591544337903607,8494510.7,1.0,2023-10,2023-10,0.7392,0.012171,1.134964
4,C4 Hybrid + régime,2023-10,2023-10-31,P_selected,AFM,0.0004857414583156089,NEUTRAL,0.05600867474527341,0.05600867474527341,0.028004337372636703,23460.25,0.025966562006500035,2023-10,2023-10,0.7392,0.012171,1.134964
4,C4 Hybrid + régime,2023-10,2023-10-31,P_selected,CSR,0.00021188272516882808,NEUTRAL,0.18405735417966548,0.18405735417966548,0.09202867708983274,15955280.367500002,1.0,2023-10,2023-10,0.7392,0.012171,1.134964
4,C4 Hybrid + régime,2023-11,2023-11-30,P_selected,AKT,0.3018592039811585,BUY,1.1680169806907066,1.1680169806907066,1.1680169806907066,3633133.62,1.0,2023-11,2023-11,0.8682,0.010803,0.929415
4,C4 Hybrid + régime,2023-11,2023-11-30,P_selected,ADI,0.1717290063479025,BUY,1.596166953992167,1.596166953992167,1.596166953992167,2184105.7175000003,0.9999999999999636,2023-11,2023-11,0.8682,0.010803,0.929415
4,C4 Hybrid + régime,2023-11,2023-11-30,P_selected,IMO,0.09828430588150604,BUY,0.6618179105758281,0.6618179105758281,0.6618179105758281,478971.99399999995,0.974999762534491,2023-11,2023-11,0.8682,0.010803,0.929415
4,C4 Hybrid + régime,2023-11,2023-11-30,P_selected,EQD,0.05441320416453693,BUY,0.8870990766472693,0.8870990766472693,0.8870990766472693,877409.7,0.9999563190676561,2023-11,2023-11,0.8682,0.010803,0.929415
4,C4 Hybrid + régime,2023-11,2023-11-30,P_selected,BCP,0.049774907472351984,BUY,1.4322738333020286,1.4322738333020286,1.4322738333020286,20457196.2625,1.0,2023-11,2023-11,0.8682,0.010803,0.929415
4,C4 Hybrid + régime,2023-11,2023-11-30,P_selected,CMT,0.04507210329161336,BUY,1.1321403932936227,1.1321403932936227,1.1321403932936227,2560967.55,1.0,2023-11,2023-11,0.8682,0.010803,0.929415
4,C4 Hybrid + régime,2023-11,2023-11-30,P_selected,SAH,0.037596075042582174,BUY,0.3619696555942054,0.3619696555942054,0.3619696555942054,431148.1,0.947765781556621,2023-11,2023-11,0.8682,0.010803,0.929415
4,C4 Hybrid + régime,2023-11,2023-11-30,P_selected,MIC,0.0309998203552195,BUY,0.2288129853700372,0.2288129853700372,0.2288129853700372,570485.6000000003,0.9941051834177338,2023-11,2023-11,0.8682,0.010803,0.929415
4,C4 Hybrid + régime,2023-11,2023-11-30,P_selected,INV,0.028428746864304053,NEUTRAL,0.08054031704997604,0.08054031704997604,0.04027015852498802,1378.6100000000001,0.018379980354962785,2023-11,2023-11,0.8682,0.010803,0.929415
4,C4 Hybrid + régime,2023-11,2023-11-30,P_selected,IBC,0.023583461268202772,NEUTRAL,0.16097461773578553,0.16097461773578553,0.08048730886789277,2023.777999999994,0.018567152796110965,2023-11,2023-11,0.8682,0.010803,0.929415
4,C4 Hybrid + régime,2023-11,2023-11-30,P_selected,COL,0.022631418384591755,BUY,0.33559098035961066,0.33559098035961066,0.33559098035961066,29213.8685,0.028399363921856092,2023-11,2023-11,0.8682,0.010803,0.929415
4,C4 Hybrid + régime,2023-11,2023-11-30,P_selected,RIS,0.02129898344459749,BUY,0.44426312950918934,0.44426312950918934,0.44426312950918934,1074754.545,0.9999981421201349,2023-11,2023-11,0.8682,0.010803,0.929415
4,C4 Hybrid + régime,2023-11,2023-11-30,P_selected,SMI,0.018784887897105522,BUY,0.488340688329312,0.488340688329312,0.488340688329312,538610.45,0.9902217386082243,2023-11,2023-11,0.8682,0.010803,0.929415
4,C4 Hybrid + régime,2023-11,2023-11-30,P_selected,CRS,0.01863822457568306,NEUTRAL,0.14079238366750463,0.14079238366750463,0.07039619183375231,17723.0925,0.023743176191543834,2023-11,2023-11,0.8682,0.010803,0.929415
4,C4 Hybrid + régime,2023-11,2023-11-30,P_selected,AGM,0.014290566943939438,NEUTRAL,0.07431984877847347,0.07431984877847347,0.03715992438923674,61553.65,0.046746494820138214,2023-11,2023-11,0.8682,0.010803,0.929415
4,C4 Hybrid + régime,2023-11,2023-11-30,P_selected,MSA,0.011110669149580036,NEUTRAL,0.06575817614266177,0.06575817614266177,0.032879088071330886,3300894.902500001,1.0,2023-11,2023-11,0.8682,0.010803,0.929415
4,C4 Hybrid + régime,2023-11,2023-11-30,P_selected,ATW,0.010761779854229906,BUY,0.5850343626135949,0.5850343626135949,0.5850343626135949,49640525.457499996,1.0,2023-11,2023-11,0.8682,0.010803,0.929415
4,C4 Hybrid + régime,2023-11,2023-11-30,P_selected,S2M,0.009009130595722305,NEUTRAL,0.03048582416412518,0.03048582416412518,0.01524291208206259,3654.0,0.019048474973955103,2023-11,2023-11,0.8682,0.010803,0.929415
4,C4 Hybrid + régime,2023-11,2023-11-30,P_selected,CIH,0.008643049322549298,NEUTRAL,0.21171484515903408,0.21171484515903408,0.10585742257951704,2447255.165,0.9999999999999996,2023-11,2023-11,0.8682,0.010803,0.929415
4,C4 Hybrid + régime,2023-11,2023-11-30,P_selected,MOX,0.006607467865297886,NEUTRAL,0.08525366806914281,0.08525366806914281,0.042626834034571404,801.6999999999971,0.018214179410860776,2023-11,2023-11,0.8682,0.010803,0.929415
4,C4 Hybrid + régime,2023-11,2023-11-30,P_selected,AFM,0.004574587433475281,BUY,0.29878295801663696,0.29878295801663696,0.29878295801663696,21870.65,0.025330984793010814,2023-11,2023-11,0.8682,0.010803,0.929415
4,C4 Hybrid + régime,2023-11,2023-11-30,P_selected,MUT,0.0038947602969682214,BUY,0.5519607230319364,0.5519607230319364,0.5519607230319364,951106.2949999996,0.9999865658979424,2023-11,2023-11,0.8682,0.010803,0.929415
4,C4 Hybrid + régime,2023-11,2023-11-30,P_selected,BCI,0.0027850048330698295,BUY,0.2920507231802031,0.2920507231802031,0.2920507231802031,332245.52999999997,0.7885035141225462,2023-11,2023-11,0.8682,0.010803,0.929415
4,C4 Hybrid + régime,2023-11,2023-11-30,P_selected,PRO,0.0017663305604671087,BUY,0.272650465816379,0.272650465816379,0.272650465816379,6187.55,0.0198208839431261,2023-11,2023-11,0.8682,0.010803,0.929415
4,C4 Hybrid + régime,2023-11,2023-11-30,P_selected,HPS,0.0009316625349967806,BUY,0.21830704484891222,0.21830704484891222,0.21830704484891222,3602107.95,1.0,2023-11,2023-11,0.8682,0.010803,0.929415
4,C4 Hybrid + régime,2023-11,2023-11-30,P_selected,BOA,0.0008087299829906448,BUY,0.21606797841807268,0.21606797841807268,0.21606797841807268,6361102.3725000005,1.0,2023-11,2023-11,0.8682,0.010803,0.929415
4,C4 Hybrid + régime,2023-11,2023-11-30,P_selected,ADH,0.000789333170823932,BUY,1.7192682995660702,1.7192682995660702,1.7192682995660702,6251753.325000001,1.0,2023-11,2023-11,0.8682,0.010803,0.929415
4,C4 Hybrid + régime,2023-11,2023-11-30,P_selected,TGC,0.0004922971433615489,BUY,1.0652679164795624,1.0652679164795624,1.0652679164795624,4168308.3,1.0,2023-11,2023-11,0.8682,0.010803,0.929415
4,C4 Hybrid + régime,2023-11,2023-11-30,P_selected,LBV,0.00017153824168120922,BUY,0.5022583601122127,0.5022583601122127,0.5022583601122127,5825327.95,1.0,2023-11,2023-11,0.8682,0.010803,0.929415
4,C4 Hybrid + régime,2023-11,2023-11-30,P_selected,LHM,0.00011046582254641539,NEUTRAL,0.024652327355755455,0.024652327355755455,0.012326163677877727,4194738.85,1.0,2023-11,2023-11,0.8682,0.010803,0.929415
4,C4 Hybrid + régime,2023-12,2023-12-29,P_selected,AKT,0.20716159553150879,BUY,0.7583558788700162,0.7583558788700162,0.7583558788700162,4993683.725,1.0,2023-12,2023-12,0.7915,0.008745,0.965405
4,C4 Hybrid + régime,2023-12,2023-12-29,P_selected,NEJ,0.14856387789329686,BUY,1.3010527667541854,1.3010527667541854,1.3010527667541854,2546.8,0.018720260313677416,2023-12,2023-12,0.7915,0.008745,0.965405
4,C4 Hybrid + régime,2023-12,2023-12-29,P_selected,SAH,0.09338595514582446,BUY,1.8899041177469615,1.8899041177469615,1.8899041177469615,16341221.15,1.0,2023-12,2023-12,0.7915,0.008745,0.965405
4,C4 Hybrid + régime,2023-12,2023-12-29,P_selected,S2M,0.06836809100163713,BUY,1.4039579165567564,1.4039579165567564,1.4039579165567564,315804.26,0.741325284164511,2023-12,2023-12,0.7915,0.008745,0.965405
4,C4 Hybrid + régime,2023-12,2023-12-29,P_selected,MNG,0.06322624801289453,BUY,0.4859772080415919,0.4859772080415919,0.4859772080415919,1662092.55,0.9999999998459095,2023-12,2023-12,0.7915,0.008745,0.965405
4,C4 Hybrid + régime,2023-12,2023-12-29,P_selected,EQD,0.059145636674977325,BUY,1.2165722712720795,1.2165722712720795,1.2165722712720795,1635925.4300000002,0.9999999997657909,2023-12,2023-12,0.7915,0.008745,0.965405
4,C4 Hybrid + régime,2023-12,2023-12-29,P_selected,LBV,0.04087669159302551,BUY,0.4620236537091954,0.4620236537091954,0.4620236537091954,8614153.1,1.0,2023-12,2023-12,0.7915,0.008745,0.965405
4,C4 Hybrid + régime,2023-12,2023-12-29,P_selected,CDM,0.04038745670092005,BUY,0.23100602986121752,0.23100602986121752,0.23100602986121752,1770864.5,0.9999999999729634,2023-12,2023-12,0.7915,0.008745,0.965405
4,C4 Hybrid + régime,2023-12,2023-12-29,P_selected,ADI,0.037096421883038355,BUY,0.9477436399958191,0.9477436399958191,0.9477436399958191,5741395.845000001,1.0,2023-12,2023-12,0.7915,0.008745,0.965405
4,C4 Hybrid + régime,2023-12,2023-12-29,P_selected,HPS,0.03690480083283252,BUY,1.0063913987346744,1.0063913987346744,1.0063913987346744,22994789.305,1.0,2023-12,2023-12,0.7915,0.008745,0.965405
4,C4 Hybrid + régime,2023-12,2023-12-29,P_selected,M2M,0.036410284406764776,BUY,0.7048738191897226,0.7048738191897226,0.7048738191897226,1262581.0,0.999999907983331,2023-12,2023-12,0.7915,0.008745,0.965405
4,C4 Hybrid + régime,2023-12,2023-12-29,P_selected,RIS,0.03560923868394583,BUY,1.1527176857861956,1.1527176857861956,1.1527176857861956,9471936.3375,1.0,2023-12,2023-12,0.7915,0.008745,0.965405
4,C4 Hybrid + régime,2023-12,2023-12-29,P_selected,BOA,0.030972053468115084,BUY,0.4261090186914983,0.4261090186914983,0.4261090186914983,19336119.6625,1.0,2023-12,2023-12,0.7915,0.008745,0.965405
4,C4 Hybrid + régime,2023-12,2023-12-29,P_selected,MLE,0.03039725476737102,BUY,0.5168817767445998,0.5168817767445998,0.5168817767445998,5414.0,0.019581850912460858,2023-12,2023-12,0.7915,0.008745,0.965405
4,C4 Hybrid + régime,2023-12,2023-12-29,P_selected,GAZ,0.02140570190376624,BUY,0.21581384559027078,0.21581384559027078,0.21581384559027078,2112315.5,0.9999999999998854,2023-12,2023-12,0.7915,0.008745,0.965405
4,C4 Hybrid + régime,2023-12,2023-12-29,P_selected,TGC,0.016454505968168203,BUY,1.0013557882265212,1.0013557882265212,1.0013557882265212,3219010.3649999998,1.0,2023-12,2023-12,0.7915,0.008745,0.965405
4,C4 Hybrid + régime,2023-12,2023-12-29,P_selected,AFM,0.015457379287633027,BUY,0.6404239117622577,0.6404239117622577,0.6404239117622577,239223.85,0.45700186833934314,2023-12,2023-12,0.7915,0.008745,0.965405
4,C4 Hybrid + régime,2023-12,2023-12-29,P_selected,CMT,0.007744002090796865,BUY,1.1262068412577353,1.1262068412577353,1.1262068412577353,3518110.9899999998,1.0,2023-12,2023-12,0.7915,0.008745,0.965405
4,C4 Hybrid + régime,2023-12,2023-12-29,P_selected,PRO,0.0031468271194608818,BUY,0.6693753827750214,0.6693753827750214,0.6693753827750214,2084.5,0.018584865101829398,2023-12,2023-12,0.7915,0.008745,0.965405
4,C4 Hybrid + régime,2023-12,2023-12-29,P_selected,AGM,0.0030462982687059974,BUY,0.2556994314246621,0.2556994314246621,0.2556994314246621,48750.1,0.0384200446118334,2023-12,2023-12,0.7915,0.008745,0.965405
4,C4 Hybrid + régime,2023-12,2023-12-29,P_selected,RDS,0.001071444889604209,BUY,0.22656010744911523,0.22656010744911523,0.22656010744911523,207678.7995,0.33690010052086405,2023-12,2023-12,0.7915,0.008745,0.965405
4,C4 Hybrid + régime,2023-12,2023-12-29,P_selected,JET,0.0006352696459360075,BUY,0.49247076773551446,0.49247076773551446,0.49247076773551446,650833.655,0.9983631419194613,2023-12,2023-12,0.7915,0.008745,0.965405
4,C4 Hybrid + régime,2023-12,2023-12-29,P_selected,IAM,0.0006124537297263743,NEUTRAL,0.1906304619564534,0.1906304619564534,0.0953152309782267,19332654.2965,1.0,2023-12,2023-12,0.7915,0.008745,0.965405
4,C4 Hybrid + régime,2023-12,2023-12-29,P_selected,CIH,0.0004893222515760813,NEUTRAL,0.16585131717080664,0.16585131717080664,0.08292565858540332,6778233.9375,1.0,2023-12,2023-12,0.7915,0.008745,0.965405
4,C4 Hybrid + régime,2023-12,2023-12-29,P_selected,BCI,0.0003478980891742224,BUY,0.33081270320600104,0.33081270320600104,0.33081270320600104,2002401.3,0.9999999999993345,2023-12,2023-12,0.7915,0.008745,0.965405
4,C4 Hybrid + régime,2023-12,2023-12-29,P_selected,MSA,0.00033597323564157086,NEUTRAL,0.18511011568120794,0.18511011568120794,0.09255505784060397,5749138.92,1.0,2023-12,2023-12,0.7915,0.008745,0.965405
4,C4 Hybrid + régime,2023-12,2023-12-29,P_selected,MUT,0.000334394552527416,BUY,0.4848598138089838,0.4848598138089838,0.4848598138089838,3589934.7824999997,1.0,2023-12,2023-12,0.7915,0.008745,0.965405
4,C4 Hybrid + régime,2023-12,2023-12-29,P_selected,DHO,0.00023796497142289925,BUY,0.38796076471107444,0.38796076471107444,0.38796076471107444,735953.928,0.9995801792640159,2023-12,2023-12,0.7915,0.008745,0.965405
4,C4 Hybrid + régime,2024-01,2024-01-31,P_selected,AKT,0.2820708540683596,BUY,0.7874883392344365,0.7874883392344365,0.7874883392344365,8142793.784999999,1.0,2024-01,2024-01,0.9296,0.012172,1.287026
4,C4 Hybrid + régime,2024-01,2024-01-31,P_selected,ADI,0.14736267088179303,BUY,3.429356895854475,3.429356895854475,3.429356895854475,15345130.622500002,1.0,2024-01,2024-01,0.9296,0.012172,1.287026
4,C4 Hybrid + régime,2024-01,2024-01-31,P_selected,JET,0.08317312044850128,BUY,2.447637793357039,2.447637793357039,2.447637793357039,2528861.3150000004,0.9999999999999998,2024-01,2024-01,0.9296,0.012172,1.287026
4,C4 Hybrid + régime,2024-01,2024-01-31,P_selected,EQD,0.0801667006506959,BUY,0.5637238913540862,0.5637238913540862,0.5637238913540862,705048.0,0.999311817448991,2024-01,2024-01,0.9296,0.012172,1.287026
4,C4 Hybrid + régime,2024-01,2024-01-31,P_selected,DYT,0.06671398003034992,BUY,1.114726991480253,1.114726991480253,1.114726991480253,580627.6725000001,0.9949837449950952,2024-01,2024-01,0.9296,0.012172,1.287026
4,C4 Hybrid + régime,2024-01,2024-01-31,P_selected,SMI,0.05920406334906628,BUY,0.6791263921538537,0.6791263921538537,0.6791263921538537,1967456.6,0.9999999999988363,2024-01,2024-01,0.9296,0.012172,1.287026
4,C4 Hybrid + régime,2024-01,2024-01-31,P_selected,DWY,0.053290001942248255,NEUTRAL,0.10198331567544089,0.10198331567544089,0.050991657837720444,648790.7849999996,0.9983088476929789,2024-01,2024-01,0.9296,0.012172,1.287026
4,C4 Hybrid + régime,2024-01,2024-01-31,P_selected,TGC,0.04986891826144721,BUY,0.7140607405019992,0.7140607405019992,0.7140607405019992,7474786.657500001,1.0,2024-01,2024-01,0.9296,0.012172,1.287026
4,C4 Hybrid + régime,2024-01,2024-01-31,P_selected,UMR,0.04177638690832398,BUY,1.8431714652175573,1.8431714652175573,1.8431714652175573,106.7,0.018016388560595085,2024-01,2024-01,0.9296,0.012172,1.287026
4,C4 Hybrid + régime,2024-01,2024-01-31,P_selected,TMA,0.031518685702033984,BUY,0.2597173466726105,0.2597173466726105,0.2597173466726105,1637733.3,0.9999999997724687,2024-01,2024-01,0.9296,0.012172,1.287026
4,C4 Hybrid + régime,2024-01,2024-01-31,P_selected,INV,0.028385465404420232,BUY,0.6586869179872898,0.6586869179872898,0.6586869179872898,29917.479,0.028711652408231998,2024-01,2024-01,0.9296,0.012172,1.287026
4,C4 Hybrid + régime,2024-01,2024-01-31,P_selected,BCI,0.023692096034421826,BUY,0.49774220161405014,0.49774220161405014,0.49774220161405014,2784113.5100000002,1.0,2024-01,2024-01,0.9296,0.012172,1.287026
4,C4 Hybrid + régime,2024-01,2024-01-31,P_selected,RDS,0.014476061921110001,BUY,1.9948781327161504,1.9948781327161504,1.9948781327161504,1302276.9564999999,0.9999999512436969,2024-01,2024-01,0.9296,0.012172,1.287026
4,C4 Hybrid + régime,2024-01,2024-01-31,P_selected,IMO,0.009351173083674443,BUY,0.269073963335915,0.269073963335915,0.269073963335915,405667.2365,0.9234855671959803,2024-01,2024-01,0.9296,0.012172,1.287026
4,C4 Hybrid + régime,2024-01,2024-01-31,P_selected,CDM,0.007700262485056063,NEUTRAL,0.09542550873931165,0.09542550873931165,0.04771275436965582,420847.32999999996,0.9389779819588523,2024-01,2024-01,0.9296,0.012172,1.287026
4,C4 Hybrid + régime,2024-01,2024-01-31,P_selected,RIS,0.006517380762339253,BUY,0.27694978026043043,0.27694978026043043,0.27694978026043043,1448157.5425,0.9999999952755783,2024-01,2024-01,0.9296,0.012172,1.287026
4,C4 Hybrid + régime,2024-01,2024-01-31,P_selected,CIH,0.005083511185400697,NEUTRAL,0.09093151189643356,0.09093151189643356,0.04546575594821678,3252529.8899999997,1.0,2024-01,2024-01,0.9296,0.012172,1.287026
4,C4 Hybrid + régime,2024-01,2024-01-31,P_selected,CMT,0.004469575397861734,BUY,0.42704854837698797,0.42704854837698797,0.42704854837698797,2800205.45,1.0,2024-01,2024-01,0.9296,0.012172,1.287026
4,C4 Hybrid + régime,2024-01,2024-01-31,P_selected,ADH,0.002085704365328636,BUY,2.7492906648472624,2.7492906648472624,2.7492906648472624,9898389.202000001,1.0,2024-01,2024-01,0.9296,0.012172,1.287026
4,C4 Hybrid + régime,2024-01,2024-01-31,P_selected,SID,0.0016025728351334082,BUY,0.3913192053386684,0.3913192053386684,0.3913192053386684,2443983.605,0.9999999999999993,2024-01,2024-01,0.9296,0.012172,1.287026
4,C4 Hybrid + régime,2024-01,2024-01-31,P_selected,MIC,0.0006267876078137433,NEUTRAL,0.08064207405965565,0.08064207405965565,0.040321037029827825,746943.9550000003,0.999647850758702,2024-01,2024-01,0.9296,0.012172,1.287026
4,C4 Hybrid + régime,2024-01,2024-01-31,P_selected,HPS,0.00042463758416328416,NEUTRAL,0.03485845064347649,0.03485845064347649,0.017429225321738247,2613318.2199999997,1.0,2024-01,2024-01,0.9296,0.012172,1.287026
4,C4 Hybrid + régime,2024-01,2024-01-31,P_selected,MDP,0.00017775549022675273,NEUTRAL,0.17695576667085455,0.17695576667085455,0.08847788333542728,228221.0830000001,0.41375526869278345,2024-01,2024-01,0.9296,0.012172,1.287026
4,C4 Hybrid + régime,2024-01,2024-01-31,P_selected,MUT,0.00015435076809309814,BUY,0.43525594920685584,0.43525594920685584,0.43525594920685584,2527308.9675,0.9999999999999998,2024-01,2024-01,0.9296,0.012172,1.287026
4,C4 Hybrid + régime,2024-02,2024-02-29,P_selected,AKT,0.27093082451295525,BUY,1.1032359585030351,1.1032359585030351,1.1032359585030351,10945682.17,1.0,2024-02,2024-02,0.9761,0.011683,1.378884
4,C4 Hybrid + régime,2024-02,2024-02-29,P_selected,IMO,0.18529844284469016,BUY,1.131433357330158,1.131433357330158,1.131433357330158,634544.4794999999,0.9978768132095764,2024-02,2024-02,0.9761,0.011683,1.378884
4,C4 Hybrid + régime,2024-02,2024-02-29,P_selected,ADI,0.11777001884522276,BUY,3.212040043671529,3.212040043671529,3.212040043671529,6208376.7225,1.0,2024-02,2024-02,0.9761,0.011683,1.378884
4,C4 Hybrid + régime,2024-02,2024-02-29,P_selected,JET,0.10356321883927548,BUY,3.1291622542009936,3.1291622542009936,3.1291622542009936,4083213.13,1.0,2024-02,2024-02,0.9761,0.011683,1.378884
4,C4 Hybrid + régime,2024-02,2024-02-29,P_selected,LBV,0.06418095705580427,NEUTRAL,0.15404769781908959,0.15404769781908959,0.07702384890954479,7394740.15,1.0,2024-02,2024-02,0.9761,0.011683,1.378884
4,C4 Hybrid + régime,2024-02,2024-02-29,P_selected,BOA,0.048664435749241404,BUY,0.29937956332553683,0.29937956332553683,0.29937956332553683,4163997.8575000004,1.0,2024-02,2024-02,0.9761,0.011683,1.378884
4,C4 Hybrid + régime,2024-02,2024-02-29,P_selected,MUT,0.04417044886631679,BUY,0.4532325062550968,0.4532325062550968,0.4532325062550968,2293581.0324999997,0.9999999999999938,2024-02,2024-02,0.9761,0.011683,1.378884
4,C4 Hybrid + régime,2024-02,2024-02-29,P_selected,SID,0.035596514255125666,BUY,0.7152670164338502,0.7152670164338502,0.7152670164338502,2219809.335,0.9999999999999796,2024-02,2024-02,0.9761,0.011683,1.378884
4,C4 Hybrid + régime,2024-02,2024-02-29,P_selected,TGC,0.027761871210278264,BUY,0.7921486592507565,0.7921486592507565,0.7921486592507565,7327413.1875,1.0,2024-02,2024-02,0.9761,0.011683,1.378884
4,C4 Hybrid + régime,2024-02,2024-02-29,P_selected,RIS,0.02359440831769357,NEUTRAL,0.09652876912997638,0.09652876912997638,0.04826438456498819,1779360.1949999998,0.9999999999763998,2024-02,2024-02,0.9761,0.011683,1.378884
4,C4 Hybrid + régime,2024-02,2024-02-29,P_selected,RDS,0.01830396347750665,BUY,2.929617524991718,2.929617524991718,2.929617524991718,2688570.9235,1.0,2024-02,2024-02,0.9761,0.011683,1.378884
4,C4 Hybrid + régime,2024-02,2024-02-29,P_selected,AFI,0.017252523211879176,BUY,0.2697084137202966,0.2697084137202966,0.2697084137202966,113726.23000000001,0.1015262303608932,2024-02,2024-02,0.9761,0.011683,1.378884
4,C4 Hybrid + régime,2024-02,2024-02-29,P_selected,CMT,0.009541326629801145,BUY,1.0382843526569032,1.0382843526569032,1.0382843526569032,4929366.0,1.0,2024-02,2024-02,0.9761,0.011683,1.378884
4,C4 Hybrid + régime,2024-02,2024-02-29,P_selected,DYT,0.009051027674840716,BUY,0.7783600205294814,0.7783600205294814,0.7783600205294814,341638.67000000004,0.8124819696341875,2024-02,2024-02,0.9761,0.011683,1.378884
4,C4 Hybrid + régime,2024-02,2024-02-29,P_selected,CIH,0.008188859809910545,BUY,0.24923313707693734,0.24923313707693734,0.24923313707693734,2469183.2825,0.9999999999999996,2024-02,2024-02,0.9761,0.011683,1.378884
4,C4 Hybrid + régime,2024-02,2024-02-29,P_selected,FBR,0.006396327668461555,NEUTRAL,0.08102532034955699,0.08102532034955699,0.040512660174778496,85526.62899999999,0.06713381273018941,2024-02,2024-02,0.9761,0.011683,1.378884
4,C4 Hybrid + régime,2024-02,2024-02-29,P_selected,BCI,0.0022301831476300884,BUY,0.41522701133543133,0.41522701133543133,0.41522701133543133,1035423.3800000001,0.9999965140765344,2024-02,2024-02,0.9761,0.011683,1.378884
4,C4 Hybrid + régime,2024-02,2024-02-29,P_selected,EQD,0.0019453396279916306,NEUTRAL,0.02693764351014795,0.02693764351014795,0.013468821755073974,355537.5,0.8440399575178157,2024-02,2024-02,0.9761,0.011683,1.378884
4,C4 Hybrid + régime,2024-02,2024-02-29,P_selected,BCP,0.0015401521619061167,NEUTRAL,0.16289530802684016,0.16289530802684016,0.08144765401342008,22981976.9,1.0,2024-02,2024-02,0.9761,0.011683,1.378884
4,C4 Hybrid + régime,2024-02,2024-02-29,P_selected,SMI,0.001467865498377741,BUY,0.4484362075613496,0.4484362075613496,0.4484362075613496,1361851.55,0.9999999812040575,2024-02,2024-02,0.9761,0.011683,1.378884
4,C4 Hybrid + régime,2024-02,2024-02-29,P_selected,MNG,0.0012589792446512469,BUY,0.2164763167160834,0.2164763167160834,0.2164763167160834,2811680.1,1.0,2024-02,2024-02,0.9761,0.011683,1.378884
4,C4 Hybrid + régime,2024-02,2024-02-29,P_selected,ARD,0.0005496781571907257,NEUTRAL,0.03117134577059024,0.03117134577059024,0.01558567288529512,949676.8875,0.9999862551169507,2024-02,2024-02,0.9761,0.011683,1.378884
4,C4 Hybrid + régime,2024-02,2024-02-29,P_selected,TMA,0.00032420419858711504,NEUTRAL,0.0016368376297683507,0.0016368376297683507,0.0008184188148841753,3163242.05,1.0,2024-02,2024-02,0.9761,0.011683,1.378884
4,C4 Hybrid + régime,2024-02,2024-02-29,P_selected,SNP,0.0003180354900991696,BUY,0.24508793322949207,0.24508793322949207,0.24508793322949207,2063813.5049999997,0.9999999999997509,2024-02,2024-02,0.9761,0.011683,1.378884
4,C4 Hybrid + régime,2024-02,2024-02-29,P_selected,ADH,0.00010039350456292162,BUY,2.340653492808327,2.340653492808327,2.340653492808327,10067875.521000002,1.0,2024-02,2024-02,0.9761,0.011683,1.378884
4,C4 Hybrid + régime,2024-03,2024-03-29,P_selected,CFG,0.3382676393001762,NEUTRAL,0.16888186688928009,0.16888186688928009,0.08444093344464004,3098808.275,1.0,2024-03,2024-03,0.9807,0.009086,0.922329
4,C4 Hybrid + régime,2024-03,2024-03-29,P_selected,AKT,0.1312038838191668,BUY,0.7450392071382255,0.7450392071382255,0.7450392071382255,5701409.33,1.0,2024-03,2024-03,0.9807,0.009086,0.922329
4,C4 Hybrid + régime,2024-03,2024-03-29,P_selected,JET,0.09147174937430509,BUY,2.969962146113594,2.969962146113594,2.969962146113594,2114080.415,0.9999999999998885,2024-03,2024-03,0.9807,0.009086,0.922329
4,C4 Hybrid + régime,2024-03,2024-03-29,P_selected,ADI,0.07178385063545005,BUY,3.02228299431495,3.02228299431495,3.02228299431495,8374011.227500001,1.0,2024-03,2024-03,0.9807,0.009086,0.922329
4,C4 Hybrid + régime,2024-03,2024-03-29,P_selected,BOA,0.06301828125813945,NEUTRAL,0.1361828224098407,0.1361828224098407,0.06809141120492035,2661902.9025,1.0,2024-03,2024-03,0.9807,0.009086,0.922329
4,C4 Hybrid + régime,2024-03,2024-03-29,P_selected,RDS,0.0511258331943003,BUY,2.6009790706529707,2.6009790706529707,2.6009790706529707,2936320.8575,1.0,2024-03,2024-03,0.9807,0.009086,0.922329
4,C4 Hybrid + régime,2024-03,2024-03-29,P_selected,DYT,0.04840632475915761,BUY,1.4498788772186035,1.4498788772186035,1.4498788772186035,710520.0700000001,0.9993694712769375,2024-03,2024-03,0.9807,0.009086,0.922329
4,C4 Hybrid + régime,2024-03,2024-03-29,P_selected,ARD,0.039580408082919655,BUY,0.21274113204639805,0.21274113204639805,0.21274113204639805,1756048.5850000002,0.999999999965731,2024-03,2024-03,0.9807,0.009086,0.922329
4,C4 Hybrid + régime,2024-03,2024-03-29,P_selected,IMO,0.03884282754818314,BUY,0.39907074266971226,0.39907074266971226,0.39907074266971226,340892.247,0.8106556350025809,2024-03,2024-03,0.9807,0.009086,0.922329
4,C4 Hybrid + régime,2024-03,2024-03-29,P_selected,CDM,0.03367317991392527,BUY,0.9722082193859469,0.9722082193859469,0.9722082193859469,5514061.404999999,1.0,2024-03,2024-03,0.9807,0.009086,0.922329
4,C4 Hybrid + régime,2024-03,2024-03-29,P_selected,SMI,0.020572022290822185,BUY,0.7230374749238717,0.7230374749238717,0.7230374749238717,722877.55,0.9994825296888584,2024-03,2024-03,0.9807,0.009086,0.922329
4,C4 Hybrid + régime,2024-03,2024-03-29,P_selected,RIS,0.01962495612598989,BUY,0.5783471021906507,0.5783471021906507,0.5783471021906507,3785209.81,1.0,2024-03,2024-03,0.9807,0.009086,0.922329
4,C4 Hybrid + régime,2024-03,2024-03-29,P_selected,TGC,0.01347920427607871,BUY,0.9379440353237912,0.9379440353237912,0.9379440353237912,5166311.55,1.0,2024-03,2024-03,0.9807,0.009086,0.922329
4,C4 Hybrid + régime,2024-03,2024-03-29,P_selected,MDP,0.009962797495280092,NEUTRAL,0.16230388347454802,0.16230388347454802,0.08115194173727401,68192.91000000009,0.05171469473100568,2024-03,2024-03,0.9807,0.009086,0.922329
4,C4 Hybrid + régime,2024-03,2024-03-29,P_selected,ATW,0.0099269087929548,NEUTRAL,0.11045923953303804,0.11045923953303804,0.05522961976651902,12538974.315000001,1.0,2024-03,2024-03,0.9807,0.009086,0.922329
4,C4 Hybrid + régime,2024-03,2024-03-29,P_selected,CIH,0.00810380448691023,NEUTRAL,0.12762591194328335,0.12762591194328335,0.06381295597164167,3307958.6450000005,1.0,2024-03,2024-03,0.9807,0.009086,0.922329
4,C4 Hybrid + régime,2024-03,2024-03-29,P_selected,ATH,0.0037022571121284142,NEUTRAL,0.1269208579737344,0.1269208579737344,0.0634604289868672,1238156.234,0.9999998639848936,2024-03,2024-03,0.9807,0.009086,0.922329
4,C4 Hybrid + régime,2024-03,2024-03-29,P_selected,EQD,0.0021521996157393667,BUY,0.5555286887044149,0.5555286887044149,0.5555286887044149,2302739.15,0.9999999999999944,2024-03,2024-03,0.9807,0.009086,0.922329
4,C4 Hybrid + régime,2024-03,2024-03-29,P_selected,AFI,0.0013725017379533082,NEUTRAL,0.014614975724292434,0.014614975724292434,0.007307487862146217,47449.1225,0.03765837841021248,2024-03,2024-03,0.9807,0.009086,0.922329
4,C4 Hybrid + régime,2024-03,2024-03-29,P_selected,IBC,0.0010370465989182997,NEUTRAL,0.07997221296368617,0.07997221296368617,0.03998610648184309,6369.187999999995,0.019877424662911765,2024-03,2024-03,0.9807,0.009086,0.922329
4,C4 Hybrid + régime,2024-03,2024-03-29,P_selected,TMA,0.0010169102617489834,NEUTRAL,0.08219593602383243,0.08219593602383243,0.04109796801191622,1932797.55,0.9999999999979736,2024-03,2024-03,0.9807,0.009086,0.922329
4,C4 Hybrid + régime,2024-03,2024-03-29,P_selected,ADH,0.000909567613774289,BUY,1.0447338366109475,1.0447338366109475,1.0447338366109475,24778300.532,1.0,2024-03,2024-03,0.9807,0.009086,0.922329
4,C4 Hybrid + régime,2024-03,2024-03-29,P_selected,BCP,0.0005506569493119077,NEUTRAL,0.08606999355880718,0.08606999355880718,0.04303499677940359,7055951.8225,1.0,2024-03,2024-03,0.9807,0.009086,0.922329
4,C4 Hybrid + régime,2024-03,2024-03-29,P_selected,FBR,0.00015883306715804574,NEUTRAL,0.07228360195361341,0.07228360195361341,0.03614180097680671,71554.321,0.05441670152852285,2024-03,2024-03,0.9807,0.009086,0.922329
4,C4 Hybrid + régime,2024-04,2024-04-30,P_selected,AKT,0.16746411182096213,BUY,0.8187688766495422,0.8187688766495422,0.8187688766495422,11312012.120000001,1.0,2024-04,2024-04,0.917,0.011535,1.199257
4,C4 Hybrid + régime,2024-04,2024-04-30,P_selected,JET,0.14753823156880058,BUY,3.1940991392633267,3.1940991392633267,3.1940991392633267,7520058.69,1.0,2024-04,2024-04,0.917,0.011535,1.199257
4,C4 Hybrid + régime,2024-04,2024-04-30,P_selected,ADI,0.09609094975478438,BUY,2.7705892843498905,2.7705892843498905,2.7705892843498905,40987828.1325,1.0,2024-04,2024-04,0.917,0.011535,1.199257
4,C4 Hybrid + régime,2024-04,2024-04-30,P_selected,FBR,0.09313770359367385,BUY,0.7281830740813164,0.7281830740813164,0.7281830740813164,541356.7455,0.9906381640699479,2024-04,2024-04,0.917,0.011535,1.199257
4,C4 Hybrid + régime,2024-04,2024-04-30,P_selected,BOA,0.0702315522555466,BUY,0.2706240653390978,0.2706240653390978,0.2706240653390978,2797790.9925,1.0,2024-04,2024-04,0.917,0.011535,1.199257
4,C4 Hybrid + régime,2024-04,2024-04-30,P_selected,DYT,0.06959672204611549,BUY,1.5085871272605411,1.5085871272605411,1.5085871272605411,2030098.7274999998,0.9999999999995728,2024-04,2024-04,0.917,0.011535,1.199257
4,C4 Hybrid + régime,2024-04,2024-04-30,P_selected,TMA,0.060551815813224615,NEUTRAL,0.1906883256753473,0.1906883256753473,0.09534416283767365,1436102.7,0.9999999942705322,2024-04,2024-04,0.917,0.011535,1.199257
4,C4 Hybrid + régime,2024-04,2024-04-30,P_selected,EQD,0.04669251387299904,NEUTRAL,0.07585211350652547,0.07585211350652547,0.03792605675326274,285750.6,0.639226750433277,2024-04,2024-04,0.917,0.011535,1.199257
4,C4 Hybrid + régime,2024-04,2024-04-30,P_selected,UMR,0.046498328946591075,BUY,1.238162554893386,1.238162554893386,1.238162554893386,114305.525,0.1023748386572572,2024-04,2024-04,0.917,0.011535,1.199257
4,C4 Hybrid + régime,2024-04,2024-04-30,P_selected,ARD,0.04105646403998407,NEUTRAL,0.12189317141947893,0.12189317141947893,0.060946585709739466,3736586.44,1.0,2024-04,2024-04,0.917,0.011535,1.199257
4,C4 Hybrid + régime,2024-04,2024-04-30,P_selected,DHO,0.03523946020001583,BUY,0.24211791557364823,0.24211791557364823,0.24211791557364823,3179604.356,1.0,2024-04,2024-04,0.917,0.011535,1.199257
4,C4 Hybrid + régime,2024-04,2024-04-30,P_selected,TQM,0.025697475974773006,NEUTRAL,0.012024913118516431,0.012024913118516431,0.0060124565592582155,3067345.3,1.0,2024-04,2024-04,0.917,0.011535,1.199257
4,C4 Hybrid + régime,2024-04,2024-04-30,P_selected,IBC,0.022599118600139,BUY,0.726797827133818,0.726797827133818,0.726797827133818,45105.985,0.03632302754028117,2024-04,2024-04,0.917,0.011535,1.199257
4,C4 Hybrid + régime,2024-04,2024-04-30,P_selected,RIS,0.014856681197375063,BUY,0.6150126506289685,0.6150126506289685,0.6150126506289685,7575247.3,1.0,2024-04,2024-04,0.917,0.011535,1.199257
4,C4 Hybrid + régime,2024-04,2024-04-30,P_selected,TGC,0.01376093083083303,BUY,1.1295558424008725,1.1295558424008725,1.1295558424008725,56961280.685,1.0,2024-04,2024-04,0.917,0.011535,1.199257
4,C4 Hybrid + régime,2024-04,2024-04-30,P_selected,CFG,0.012304036488167065,NEUTRAL,0.03373428768650502,0.03373428768650502,0.01686714384325251,4652391.455,1.0,2024-04,2024-04,0.917,0.011535,1.199257
4,C4 Hybrid + régime,2024-04,2024-04-30,P_selected,ATW,0.010349871698762319,NEUTRAL,0.1371636084031909,0.1371636084031909,0.06858180420159544,18544729.095,1.0,2024-04,2024-04,0.917,0.011535,1.199257
4,C4 Hybrid + régime,2024-04,2024-04-30,P_selected,SID,0.008669094933720664,BUY,0.2631376160117429,0.2631376160117429,0.2631376160117429,6575689.115,1.0,2024-04,2024-04,0.917,0.011535,1.199257
4,C4 Hybrid + régime,2024-04,2024-04-30,P_selected,ATH,0.005573593225187143,BUY,0.3795833908933335,0.3795833908933335,0.3795833908933335,2456654.24,0.9999999999999996,2024-04,2024-04,0.917,0.011535,1.199257
4,C4 Hybrid + régime,2024-04,2024-04-30,P_selected,ADH,0.0027782306999014953,BUY,1.9568931059806327,1.9568931059806327,1.9568931059806327,71808781.5165,1.0,2024-04,2024-04,0.917,0.011535,1.199257
4,C4 Hybrid + régime,2024-04,2024-04-30,P_selected,CMT,0.002708737686023492,BUY,1.2210273321071718,1.2210273321071718,1.2210273321071718,3423620.85,1.0,2024-04,2024-04,0.917,0.011535,1.199257
4,C4 Hybrid + régime,2024-04,2024-04-30,P_selected,CIH,0.002410038765751872,NEUTRAL,0.19684446046259046,0.19684446046259046,0.09842223023129523,3504226.425,1.0,2024-04,2024-04,0.917,0.011535,1.199257
4,C4 Hybrid + régime,2024-04,2024-04-30,P_selected,AFI,0.0017651103284316684,BUY,0.22238422420983406,0.22238422420983406,0.22238422420983406,103592.6725,0.08766238271611228,2024-04,2024-04,0.917,0.011535,1.199257
4,C4 Hybrid + régime,2024-04,2024-04-30,P_selected,SMI,0.0011905848145780883,BUY,0.3939007775828639,0.3939007775828639,0.3939007775828639,661098.2,0.9986107086157655,2024-04,2024-04,0.917,0.011535,1.199257
4,C4 Hybrid + régime,2024-04,2024-04-30,P_selected,SNP,0.00046187800668254746,BUY,0.35622272836498,0.35622272836498,0.35622272836498,1432720.0799999998,0.9999999939518978,2024-04,2024-04,0.917,0.011535,1.199257
4,C4 Hybrid + régime,2024-04,2024-04-30,P_selected,MDP,0.0002416367959289045,BUY,0.24084840079391295,0.24084840079391295,0.24084840079391295,211241.2600000001,0.3497496476695417,2024-04,2024-04,0.917,0.011535,1.199257
4,C4 Hybrid + régime,2024-04,2024-04-30,P_selected,MNG,0.00022249387583951773,NEUTRAL,0.21076039979562483,0.21076039979562483,0.10538019989781242,4523386.4,1.0,2024-04,2024-04,0.917,0.011535,1.199257
4,C4 Hybrid + régime,2024-04,2024-04-30,P_selected,MUT,0.00012718071286347302,NEUTRAL,0.16430941866412072,0.16430941866412072,0.08215470933206036,2138142.5999999996,0.9999999999999241,2024-04,2024-04,0.917,0.011535,1.199257
4,C4 Hybrid + régime,2024-04,2024-04-30,P_selected,BCI,0.00011731217638195522,NEUTRAL,0.19472722520297603,0.19472722520297603,0.09736361260148801,3620510.15,1.0,2024-04,2024-04,0.917,0.011535,1.199257
4,C4 Hybrid + régime,2024-05,2024-05-31,P_selected,CFG,0.365387905794288,BUY,0.30596850018592997,0.30596850018592997,0.30596850018592997,7738126.6274999995,1.0,2024-05,2024-05,0.8545,0.010301,0.985713
4,C4 Hybrid + régime,2024-05,2024-05-31,P_selected,JET,0.07354708511835087,BUY,2.156893958668272,2.156893958668272,2.156893958668272,1570905.0050000001,0.9999999993371551,2024-05,2024-05,0.8545,0.010301,0.985713
4,C4 Hybrid + régime,2024-05,2024-05-31,P_selected,RDS,0.06806785070230006,BUY,3.494669968549598,3.494669968549598,3.494669968549598,18868393.257,1.0,2024-05,2024-05,0.8545,0.010301,0.985713
4,C4 Hybrid + régime,2024-05,2024-05-31,P_selected,ADI,0.052948552011944754,BUY,2.464083719192581,2.464083719192581,2.464083719192581,10512214.0175,1.0,2024-05,2024-05,0.8545,0.010301,0.985713
4,C4 Hybrid + régime,2024-05,2024-05-31,P_selected,ADH,0.049246853656195,BUY,2.027768073324801,2.027768073324801,2.027768073324801,22250421.9585,1.0,2024-05,2024-05,0.8545,0.010301,0.985713
4,C4 Hybrid + régime,2024-05,2024-05-31,P_selected,UMR,0.04746204062532858,BUY,1.347018136275485,1.347018136275485,1.347018136275485,8.86,0.01798871399842165,2024-05,2024-05,0.8545,0.010301,0.985713
4,C4 Hybrid + régime,2024-05,2024-05-31,P_selected,DYT,0.04308234305521357,BUY,0.5566664692314058,0.5566664692314058,0.5566664692314058,388909.21,0.9022560778158446,2024-05,2024-05,0.8545,0.010301,0.985713
4,C4 Hybrid + régime,2024-05,2024-05-31,P_selected,CIH,0.04268944463498071,NEUTRAL,0.10432522313641547,0.10432522313641547,0.052162611568207735,1201983.5025000004,0.9999997573719641,2024-05,2024-05,0.8545,0.010301,0.985713
4,C4 Hybrid + régime,2024-05,2024-05-31,P_selected,EQD,0.04110021011808359,BUY,0.333020070546892,0.333020070546892,0.333020070546892,1168745.5,0.9999995870454972,2024-05,2024-05,0.8545,0.010301,0.985713
4,C4 Hybrid + régime,2024-05,2024-05-31,P_selected,CMT,0.04004721206607038,BUY,0.9445155483456129,0.9445155483456129,0.9445155483456129,3652362.7,1.0,2024-05,2024-05,0.8545,0.010301,0.985713
4,C4 Hybrid + régime,2024-05,2024-05-31,P_selected,SRM,0.035133325988520224,BUY,0.5746528286454258,0.5746528286454258,0.5746528286454258,16885.417500000003,0.023434481893645737,2024-05,2024-05,0.8545,0.010301,0.985713
4,C4 Hybrid + régime,2024-05,2024-05-31,P_selected,CRS,0.030180703358068002,BUY,1.4984355038386248,1.4984355038386248,1.4984355038386248,105567.3565,0.09022241188307116,2024-05,2024-05,0.8545,0.010301,0.985713
4,C4 Hybrid + régime,2024-05,2024-05-31,P_selected,INV,0.02563126415833741,BUY,0.46741955488086173,0.46741955488086173,0.46741955488086173,37469.9545,0.03228044413966971,2024-05,2024-05,0.8545,0.010301,0.985713
4,C4 Hybrid + régime,2024-05,2024-05-31,P_selected,SMI,0.02058661176932732,BUY,0.8871466078015409,0.8871466078015409,0.8871466078015409,2533510.5,0.9999999999999998,2024-05,2024-05,0.8545,0.010301,0.985713
4,C4 Hybrid + régime,2024-05,2024-05-31,P_selected,TGC,0.01505698965460541,BUY,0.28265141304636066,0.28265141304636066,0.28265141304636066,7336001.345000001,1.0,2024-05,2024-05,0.8545,0.010301,0.985713
4,C4 Hybrid + régime,2024-05,2024-05-31,P_selected,LBV,0.014883362102053672,NEUTRAL,0.08939432913618195,0.08939432913618195,0.044697164568090975,10725821.85,1.0,2024-05,2024-05,0.8545,0.010301,0.985713
4,C4 Hybrid + régime,2024-05,2024-05-31,P_selected,AFI,0.007316556149154969,NEUTRAL,0.18668660294544182,0.18668660294544182,0.09334330147272091,90632.95,0.07243503123544819,2024-05,2024-05,0.8545,0.010301,0.985713
4,C4 Hybrid + régime,2024-05,2024-05-31,P_selected,AKT,0.005257740057402067,NEUTRAL,0.16511662019151085,0.16511662019151085,0.08255831009575543,10812501.37,1.0,2024-05,2024-05,0.8545,0.010301,0.985713
4,C4 Hybrid + régime,2024-05,2024-05-31,P_selected,COL,0.0049840073880735485,NEUTRAL,0.05018213934925429,0.05018213934925429,0.025091069674627146,518978.0255000001,0.9866611838295463,2024-05,2024-05,0.8545,0.010301,0.985713
4,C4 Hybrid + régime,2024-05,2024-05-31,P_selected,TQM,0.003304580983324143,NEUTRAL,0.02312307484969428,0.02312307484969428,0.01156153742484714,19464618.25,1.0,2024-05,2024-05,0.8545,0.010301,0.985713
4,C4 Hybrid + régime,2024-05,2024-05-31,P_selected,BCI,0.0030994001600655203,BUY,0.31711127767722486,0.31711127767722486,0.31711127767722486,658592.8,0.9985539677877936,2024-05,2024-05,0.8545,0.010301,0.985713
4,C4 Hybrid + régime,2024-05,2024-05-31,P_selected,BOA,0.0028126057218879857,NEUTRAL,0.16929951118725223,0.16929951118725223,0.08464975559362611,2986016.01,1.0,2024-05,2024-05,0.8545,0.010301,0.985713
4,C4 Hybrid + régime,2024-05,2024-05-31,P_selected,DHO,0.002123716084822611,NEUTRAL,0.10311507346798679,0.10311507346798679,0.051557536733993395,2500229.9525,0.9999999999999998,2024-05,2024-05,0.8545,0.010301,0.985713
4,C4 Hybrid + régime,2024-05,2024-05-31,P_selected,MUT,0.002101350381885335,BUY,0.5158042740518674,0.5158042740518674,0.5158042740518674,5108377.56,1.0,2024-05,2024-05,0.8545,0.010301,0.985713
4,C4 Hybrid + régime,2024-05,2024-05-31,P_selected,SID,0.0020405364704535007,BUY,0.34865742125002963,0.34865742125002963,0.34865742125002963,2427413.0650000004,0.9999999999999993,2024-05,2024-05,0.8545,0.010301,0.985713
4,C4 Hybrid + régime,2024-05,2024-05-31,P_selected,MDP,0.0016439578271822298,BUY,0.2581595774639459,0.2581595774639459,0.2581595774639459,200386.7460000001,0.3113507320098545,2024-05,2024-05,0.8545,0.010301,0.985713
4,C4 Hybrid + régime,2024-05,2024-05-31,P_selected,MNG,0.0001028348428411074,NEUTRAL,0.09501063685456104,0.09501063685456104,0.04750531842728052,5557865.45,1.0,2024-05,2024-05,0.8545,0.010301,0.985713
4,C4 Hybrid + régime,2024-06,2024-06-28,P_selected,CFG,0.32617189742292096,BUY,0.6070107193695052,0.6070107193695052,0.6070107193695052,10786535.65,1.0,2024-06,2024-06,0.933,0.010307,1.009166
4,C4 Hybrid + régime,2024-06,2024-06-28,P_selected,JET,0.16141771055034707,BUY,2.3955938664603558,2.3955938664603558,2.3955938664603558,1279827.9049999998,0.9999999301731024,2024-06,2024-06,0.933,0.010307,1.009166
4,C4 Hybrid + régime,2024-06,2024-06-28,P_selected,AKT,0.10683099217663947,BUY,0.565739699010262,0.565739699010262,0.565739699010262,5041155.0649999995,1.0,2024-06,2024-06,0.933,0.010307,1.009166
4,C4 Hybrid + régime,2024-06,2024-06-28,P_selected,UMR,0.057976494207948696,BUY,1.2758469835420465,1.2758469835420465,1.2758469835420465,88.5,0.018011237431945003,2024-06,2024-06,0.933,0.010307,1.009166
4,C4 Hybrid + régime,2024-06,2024-06-28,P_selected,RDS,0.053718846035317215,BUY,3.220666191322513,3.220666191322513,3.220666191322513,5495935.9745,1.0,2024-06,2024-06,0.933,0.010307,1.009166
4,C4 Hybrid + régime,2024-06,2024-06-28,P_selected,LBV,0.046098535001073276,NEUTRAL,0.1688011208041687,0.1688011208041687,0.08440056040208435,7641962.75,1.0,2024-06,2024-06,0.933,0.010307,1.009166
4,C4 Hybrid + régime,2024-06,2024-06-28,P_selected,MUT,0.0403738287549763,BUY,0.4067288853540861,0.4067288853540861,0.4067288853540861,3076140.6574999997,1.0,2024-06,2024-06,0.933,0.010307,1.009166
4,C4 Hybrid + régime,2024-06,2024-06-28,P_selected,CIH,0.03649418012540616,BUY,0.3291131361467723,0.3291131361467723,0.3291131361467723,5399980.12,1.0,2024-06,2024-06,0.933,0.010307,1.009166
4,C4 Hybrid + régime,2024-06,2024-06-28,P_selected,EQD,0.03131462688079309,BUY,0.24184281291493664,0.24184281291493664,0.24184281291493664,770187.45,0.9997571926037381,2024-06,2024-06,0.933,0.010307,1.009166
4,C4 Hybrid + régime,2024-06,2024-06-28,P_selected,SLF,0.025137010954565938,BUY,0.24385668862906962,0.24385668862906962,0.24385668862906962,1211269.0,0.9999997908688374,2024-06,2024-06,0.933,0.010307,1.009166
4,C4 Hybrid + régime,2024-06,2024-06-28,P_selected,DYT,0.02416810457512908,BUY,0.8284084866160104,0.8284084866160104,0.8284084866160104,400505.64249999996,0.9174421510268905,2024-06,2024-06,0.933,0.010307,1.009166
4,C4 Hybrid + régime,2024-06,2024-06-28,P_selected,SID,0.01888007090603166,BUY,0.3672721252268937,0.3672721252268937,0.3672721252268937,1999560.55,0.9999999999993037,2024-06,2024-06,0.933,0.010307,1.009166
4,C4 Hybrid + régime,2024-06,2024-06-28,P_selected,ARD,0.012835100826977669,BUY,0.26160641292345976,0.26160641292345976,0.26160641292345976,1975660.815,0.9999999999989793,2024-06,2024-06,0.933,0.010307,1.009166
4,C4 Hybrid + régime,2024-06,2024-06-28,P_selected,BOA,0.010797149372777835,NEUTRAL,0.014225634053747983,0.014225634053747983,0.007112817026873991,1167701.4,0.9999995800889021,2024-06,2024-06,0.933,0.010307,1.009166
4,C4 Hybrid + régime,2024-06,2024-06-28,P_selected,LES,0.009619746367949277,NEUTRAL,0.17490060459654705,0.17490060459654705,0.08745030229827352,4144134.3775000013,1.0,2024-06,2024-06,0.933,0.010307,1.009166
4,C4 Hybrid + régime,2024-06,2024-06-28,P_selected,ADI,0.009023643880024664,BUY,2.0528893741043417,2.0528893741043417,2.0528893741043417,5185035.925,1.0,2024-06,2024-06,0.933,0.010307,1.009166
4,C4 Hybrid + régime,2024-06,2024-06-28,P_selected,CMT,0.007656073908062365,BUY,0.8205503397077378,0.8205503397077378,0.8205503397077378,1303764.45,0.999999952390392,2024-06,2024-06,0.933,0.010307,1.009166
4,C4 Hybrid + régime,2024-06,2024-06-28,P_selected,ADH,0.005903958043592295,BUY,2.0679319834321617,2.0679319834321617,2.0679319834321617,9873937.295,1.0,2024-06,2024-06,0.933,0.010307,1.009166
4,C4 Hybrid + régime,2024-06,2024-06-28,P_selected,AFI,0.0024883283518435744,BUY,0.3199681929929308,0.3199681929929308,0.3199681929929308,109477.95,0.09549164372097119,2024-06,2024-06,0.933,0.010307,1.009166
4,C4 Hybrid + régime,2024-06,2024-06-28,P_selected,TGC,0.0022905025452977785,NEUTRAL,0.16806574483280062,0.16806574483280062,0.08403287241640031,3624537.825,1.0,2024-06,2024-06,0.933,0.010307,1.009166
4,C4 Hybrid + régime,2024-06,2024-06-28,P_selected,MDP,0.002207771064867497,BUY,0.25123160314317483,0.25123160314317483,0.25123160314317483,92730.1575000001,0.07472215160330657,2024-06,2024-06,0.933,0.010307,1.009166
4,C4 Hybrid + régime,2024-06,2024-06-28,P_selected,S2M,0.00216880276978304,NEUTRAL,0.02794497538080809,0.02794497538080809,0.013972487690404045,47387.36,0.03762258217763133,2024-06,2024-06,0.933,0.010307,1.009166
4,C4 Hybrid + régime,2024-06,2024-06-28,P_selected,MNG,0.0017525611198966765,NEUTRAL,0.176537086090597,0.176537086090597,0.0882685430452985,3726382.65,1.0,2024-06,2024-06,0.933,0.010307,1.009166
4,C4 Hybrid + régime,2024-06,2024-06-28,P_selected,ATH,0.0016034771764777424,NEUTRAL,0.05768834366758019,0.05768834366758019,0.028844171833790094,204654.823,0.32617797899976814,2024-06,2024-06,0.933,0.010307,1.009166
4,C4 Hybrid + régime,2024-06,2024-06-28,P_selected,DHO,0.001402424329863811,NEUTRAL,0.20947740276307988,0.20947740276307988,0.10473870138153994,580121.4380000001,0.9949431558763042,2024-06,2024-06,0.933,0.010307,1.009166
4,C4 Hybrid + régime,2024-06,2024-06-28,P_selected,BCP,0.0008534192679559983,BUY,0.7653227792947934,0.7653227792947934,0.7653227792947934,57204545.892500006,1.0,2024-06,2024-06,0.933,0.010307,1.009166
4,C4 Hybrid + régime,2024-06,2024-06-28,P_selected,INV,0.00026235670748660895,BUY,0.6654621396113202,0.6654621396113202,0.6654621396113202,23392.609,0.02593920330181922,2024-06,2024-06,0.933,0.010307,1.009166
4,C4 Hybrid + régime,2024-06,2024-06-28,P_selected,IBC,0.00025935090626833483,NEUTRAL,0.020479860026171526,0.020479860026171526,0.010239930013085763,751.5429999999942,0.01819983409897614,2024-06,2024-06,0.933,0.010307,1.009166
4,C4 Hybrid + régime,2024-06,2024-06-28,P_selected,BCI,0.00019902881367427874,NEUTRAL,0.03613896563420476,0.03613896563420476,0.01806948281710238,1452346.49,0.9999999955818459,2024-06,2024-06,0.933,0.010307,1.009166
4,C4 Hybrid + régime,2024-07,2024-07-31,P_selected,CFG,0.4,BUY,0.666939032177489,0.666939032177489,0.666939032177489,5355231.279999999,1.0,2024-07,2024-07,0.9305,0.009143,1.034908
4,C4 Hybrid + régime,2024-07,2024-07-31,P_selected,AKT,0.12947902505036654,BUY,1.0207989194031184,1.0207989194031184,1.0207989194031184,42614810.38,1.0,2024-07,2024-07,0.9305,0.009143,1.034908
4,C4 Hybrid + régime,2024-07,2024-07-31,P_selected,JET,0.08889656694611689,BUY,2.9627805565052054,2.9627805565052054,2.9627805565052054,2106353.9349999996,0.9999999999998739,2024-07,2024-07,0.9305,0.009143,1.034908
4,C4 Hybrid + régime,2024-07,2024-07-31,P_selected,ADI,0.08003406054386412,BUY,2.6719340090233183,2.6719340090233183,2.6719340090233183,7709388.527499999,1.0,2024-07,2024-07,0.9305,0.009143,1.034908
4,C4 Hybrid + régime,2024-07,2024-07-31,P_selected,IMO,0.07928482984460136,BUY,0.583886680609797,0.583886680609797,0.583886680609797,835648.4675,0.9999147958731212,2024-07,2024-07,0.9305,0.009143,1.034908
4,C4 Hybrid + régime,2024-07,2024-07-31,P_selected,ARD,0.057286547297235646,BUY,0.29811459279037544,0.29811459279037544,0.29811459279037544,4326607.075,1.0,2024-07,2024-07,0.9305,0.009143,1.034908
4,C4 Hybrid + régime,2024-07,2024-07-31,P_selected,CRS,0.03557977172583423,BUY,0.2777737779908537,0.2777737779908537,0.2777737779908537,19788.4175,0.02452132098410186,2024-07,2024-07,0.9305,0.009143,1.034908
4,C4 Hybrid + régime,2024-07,2024-07-31,P_selected,AFI,0.03013202829629111,BUY,0.23220975162833274,0.23220975162833274,0.23220975162833274,113527.80500000001,0.10123699552185417,2024-07,2024-07,0.9305,0.009143,1.034908
4,C4 Hybrid + régime,2024-07,2024-07-31,P_selected,DHO,0.019011043214584987,BUY,0.262450275742383,0.262450275742383,0.262450275742383,2963079.602,1.0,2024-07,2024-07,0.9305,0.009143,1.034908
4,C4 Hybrid + régime,2024-07,2024-07-31,P_selected,HPS,0.01610539185187698,BUY,0.4849027675675,0.4849027675675,0.4849027675675,10157353.6375,1.0,2024-07,2024-07,0.9305,0.009143,1.034908
4,C4 Hybrid + régime,2024-07,2024-07-31,P_selected,RDS,0.011416353687329885,BUY,3.4020499667852797,3.4020499667852797,3.4020499667852797,4223484.5695,1.0,2024-07,2024-07,0.9305,0.009143,1.034908
4,C4 Hybrid + régime,2024-07,2024-07-31,P_selected,MUT,0.01051774053688515,BUY,0.4536927778524954,0.4536927778524954,0.4536927778524954,2142718.9799999995,0.9999999999999296,2024-07,2024-07,0.9305,0.009143,1.034908
4,C4 Hybrid + régime,2024-07,2024-07-31,P_selected,TGC,0.009491280052723339,BUY,0.22768108716296492,0.22768108716296492,0.22768108716296492,5667767.225,1.0,2024-07,2024-07,0.9305,0.009143,1.034908
4,C4 Hybrid + régime,2024-07,2024-07-31,P_selected,CIH,0.006832558741375874,NEUTRAL,0.1303805093470794,0.1303805093470794,0.0651902546735397,3803244.8850000002,1.0,2024-07,2024-07,0.9305,0.009143,1.034908
4,C4 Hybrid + régime,2024-07,2024-07-31,P_selected,BCI,0.004908391738263926,NEUTRAL,0.00580160914960165,0.00580160914960165,0.002900804574800825,689026.835,0.9991109160006613,2024-07,2024-07,0.9305,0.009143,1.034908
4,C4 Hybrid + régime,2024-07,2024-07-31,P_selected,CMT,0.004307472472093761,BUY,0.6894823936166333,0.6894823936166333,0.6894823936166333,3454765.85,1.0,2024-07,2024-07,0.9305,0.009143,1.034908
4,C4 Hybrid + régime,2024-07,2024-07-31,P_selected,ADH,0.004174579332455375,BUY,2.846094777082756,2.846094777082756,2.846094777082756,8394013.4945,1.0,2024-07,2024-07,0.9305,0.009143,1.034908
4,C4 Hybrid + régime,2024-07,2024-07-31,P_selected,SRM,0.003978814545617278,BUY,0.7870193833171195,0.7870193833171195,0.7870193833171195,31815.3325,0.02957069611691167,2024-07,2024-07,0.9305,0.009143,1.034908
4,C4 Hybrid + régime,2024-07,2024-07-31,P_selected,SID,0.003168599218706045,BUY,0.39327107986837845,0.39327107986837845,0.39327107986837845,4184343.1449999996,1.0,2024-07,2024-07,0.9305,0.009143,1.034908
4,C4 Hybrid + régime,2024-07,2024-07-31,P_selected,S2M,0.0019213701696582084,NEUTRAL,0.14557217522414898,0.14557217522414898,0.07278608761207449,39441.7325,0.03328064352707635,2024-07,2024-07,0.9305,0.009143,1.034908
4,C4 Hybrid + régime,2024-07,2024-07-31,P_selected,BCP,0.0012576870705303272,NEUTRAL,0.005023748463700017,0.005023748463700017,0.0025118742318500087,18421993.2525,1.0,2024-07,2024-07,0.9305,0.009143,1.034908
4,C4 Hybrid + régime,2024-07,2024-07-31,P_selected,ALM,0.0009586530206910737,NEUTRAL,0.07012670376770289,0.07012670376770289,0.03506335188385144,65798.3,0.049867725560755895,2024-07,2024-07,0.9305,0.009143,1.034908
4,C4 Hybrid + régime,2024-07,2024-07-31,P_selected,DYT,0.0009270791136507618,NEUTRAL,0.055241260579003276,0.055241260579003276,0.027620630289501638,158236.09749999997,0.18721294469209607,2024-07,2024-07,0.9305,0.009143,1.034908
4,C4 Hybrid + régime,2024-07,2024-07-31,P_selected,FBR,0.00033015491245333347,NEUTRAL,0.12770909565540906,0.12770909565540906,0.06385454782770453,97646.8265,0.08034632715876645,2024-07,2024-07,0.9305,0.009143,1.034908
4,C4 Hybrid + régime,2024-08,2024-08-30,P_selected,IMO,0.17268218329686733,BUY,0.5292516180707806,0.5292516180707806,0.5292516180707806,625743.8495,0.9975565590873477,2024-08,2024-08,0.885,0.011331,1.144889
4,C4 Hybrid + régime,2024-08,2024-08-30,P_selected,AKT,0.14401486948070688,BUY,0.6823142373953485,0.6823142373953485,0.6823142373953485,11937530.819999998,1.0,2024-08,2024-08,0.885,0.011331,1.144889
4,C4 Hybrid + régime,2024-08,2024-08-30,P_selected,JET,0.10181328726586482,BUY,2.292373681402348,2.292373681402348,2.292373681402348,2660410.56,1.0,2024-08,2024-08,0.885,0.011331,1.144889
4,C4 Hybrid + régime,2024-08,2024-08-30,P_selected,ADI,0.06908012536983789,BUY,1.786269060005883,1.786269060005883,1.786269060005883,8788463.7425,1.0,2024-08,2024-08,0.885,0.011331,1.144889
4,C4 Hybrid + régime,2024-08,2024-08-30,P_selected,SRM,0.06671891478541023,BUY,2.5537789434084064,2.5537789434084064,2.5537789434084064,699615.595,0.9992493720460492,2024-08,2024-08,0.885,0.011331,1.144889
4,C4 Hybrid + régime,2024-08,2024-08-30,P_selected,MDP,0.05838796799328693,BUY,1.3260209751967342,1.3260209751967342,1.3260209751967342,599557.7605000001,0.9962896956570806,2024-08,2024-08,0.885,0.011331,1.144889
4,C4 Hybrid + régime,2024-08,2024-08-30,P_selected,CRS,0.058215904271335765,BUY,1.7386570089648363,1.7386570089648363,1.7386570089648363,120769.1865,0.11227677167147611,2024-08,2024-08,0.885,0.011331,1.144889
4,C4 Hybrid + régime,2024-08,2024-08-30,P_selected,TGC,0.05615316385714706,NEUTRAL,0.1958757991996904,0.1958757991996904,0.0979378995998452,7421795.1975,1.0,2024-08,2024-08,0.885,0.011331,1.144889
4,C4 Hybrid + régime,2024-08,2024-08-30,P_selected,INV,0.05369585958180598,BUY,0.9862811565077206,0.9862811565077206,0.9862811565077206,102456.102,0.08621884224067027,2024-08,2024-08,0.885,0.011331,1.144889
4,C4 Hybrid + régime,2024-08,2024-08-30,P_selected,ATH,0.045942343703420783,BUY,0.23384375406780322,0.23384375406780322,0.23384375406780322,1329046.1475000002,0.9999999682298412,2024-08,2024-08,0.885,0.011331,1.144889
4,C4 Hybrid + régime,2024-08,2024-08-30,P_selected,CIH,0.036379575732830224,NEUTRAL,0.10454188999462163,0.10454188999462163,0.05227094499731082,1894588.4825,0.9999999999962654,2024-08,2024-08,0.885,0.011331,1.144889
4,C4 Hybrid + régime,2024-08,2024-08-30,P_selected,RDS,0.03370385247705682,BUY,3.6618523420069713,3.6618523420069713,3.6618523420069713,8610768.602000002,1.0,2024-08,2024-08,0.885,0.011331,1.144889
4,C4 Hybrid + régime,2024-08,2024-08-30,P_selected,FBR,0.031579479039277915,BUY,0.31646536282610427,0.31646536282610427,0.31646536282610427,364807.66599999997,0.8625843487074972,2024-08,2024-08,0.885,0.011331,1.144889
4,C4 Hybrid + régime,2024-08,2024-08-30,P_selected,MUT,0.015737203318484307,BUY,0.47832421580851003,0.47832421580851003,0.47832421580851003,1384733.2649999997,0.9999999869663616,2024-08,2024-08,0.885,0.011331,1.144889
4,C4 Hybrid + régime,2024-08,2024-08-30,P_selected,ADH,0.01545713484826259,BUY,1.8019366716095506,1.8019366716095506,1.8019366716095506,10009231.4885,1.0,2024-08,2024-08,0.885,0.011331,1.144889
4,C4 Hybrid + régime,2024-08,2024-08-30,P_selected,SID,0.01357519539815891,BUY,0.27088747379377354,0.27088747379377354,0.27088747379377354,2148965.995,0.9999999999999363,2024-08,2024-08,0.885,0.011331,1.144889
4,C4 Hybrid + régime,2024-08,2024-08-30,P_selected,AFI,0.008094479214800677,BUY,0.4641574091448975,0.4641574091448975,0.4641574091448975,130229.37250000001,0.12827137374546618,2024-08,2024-08,0.885,0.011331,1.144889
4,C4 Hybrid + régime,2024-08,2024-08-30,P_selected,ARD,0.006673855981573188,NEUTRAL,0.10080523192500346,0.10080523192500346,0.05040261596250173,538114.4,0.9901445896098349,2024-08,2024-08,0.885,0.011331,1.144889
4,C4 Hybrid + régime,2024-08,2024-08-30,P_selected,BCI,0.004949113522717233,BUY,0.23459980327356775,0.23459980327356775,0.23459980327356775,1334437.48,0.9999999708555025,2024-08,2024-08,0.885,0.011331,1.144889
4,C4 Hybrid + régime,2024-08,2024-08-30,P_selected,DHO,0.0035673331710465643,NEUTRAL,0.024415903108017833,0.024415903108017833,0.012207951554008917,2298961.627,0.9999999999999942,2024-08,2024-08,0.885,0.011331,1.144889
4,C4 Hybrid + régime,2024-08,2024-08-30,P_selected,DYT,0.0014387116011971544,BUY,0.34772630095941176,0.34772630095941176,0.34772630095941176,142682.50499999998,0.15224767087218377,2024-08,2024-08,0.885,0.011331,1.144889
4,C4 Hybrid + régime,2024-08,2024-08-30,P_selected,BCP,0.0009907014955561364,NEUTRAL,0.020477390774035598,0.020477390774035598,0.010238695387017799,16737158.877500001,1.0,2024-08,2024-08,0.885,0.011331,1.144889
4,C4 Hybrid + régime,2024-08,2024-08-30,P_selected,ALM,0.0009017214080487161,NEUTRAL,0.02446901247595551,0.02446901247595551,0.012234506237977755,168115.2,0.21246060699157798,2024-08,2024-08,0.885,0.011331,1.144889
4,C4 Hybrid + régime,2024-08,2024-08-30,P_selected,SAH,0.0002470231853058555,NEUTRAL,0.19248903249679158,0.19248903249679158,0.09624451624839579,122932.1,0.11577259458345285,2024-08,2024-08,0.885,0.011331,1.144889
4,C4 Hybrid + régime,2024-09,2024-09-30,P_selected,SRM,0.1410664112523435,BUY,3.1242238235408215,3.1242238235408215,3.1242238235408215,376695.6575,0.8836163095115698,2024-09,2024-09,0.8065,0.010209,1.212219
4,C4 Hybrid + régime,2024-09,2024-09-30,P_selected,IMO,0.1326079351960619,BUY,1.3403172860677393,1.3403172860677393,1.3403172860677393,567851.988,0.9938530406721361,2024-09,2024-09,0.8065,0.010209,1.212219
4,C4 Hybrid + régime,2024-09,2024-09-30,P_selected,REB,0.0797461085945464,BUY,1.7807334244474258,1.7807334244474258,1.7807334244474258,13171.8555,0.022112527272865782,2024-09,2024-09,0.8065,0.010209,1.212219
4,C4 Hybrid + régime,2024-09,2024-09-30,P_selected,ATH,0.07355088066776251,BUY,1.1072567832225688,1.1072567832225688,1.1072567832225688,3843200.8329999996,1.0,2024-09,2024-09,0.8065,0.010209,1.212219
4,C4 Hybrid + régime,2024-09,2024-09-30,P_selected,NKL,0.06954320230540945,BUY,0.21953327716685156,0.21953327716685156,0.21953327716685156,961227.5684999998,0.9999885743818966,2024-09,2024-09,0.8065,0.010209,1.212219
4,C4 Hybrid + régime,2024-09,2024-09-30,P_selected,CFG,0.06199589166838634,NEUTRAL,0.0033325616498707696,0.0033325616498707696,0.0016662808249353848,6574180.4275,1.0,2024-09,2024-09,0.8065,0.010209,1.212219
4,C4 Hybrid + régime,2024-09,2024-09-30,P_selected,JET,0.06033878852982689,BUY,0.6650630000240831,0.6650630000240831,0.6650630000240831,4833471.675,1.0,2024-09,2024-09,0.8065,0.010209,1.212219
4,C4 Hybrid + régime,2024-09,2024-09-30,P_selected,ARD,0.049404670270170314,NEUTRAL,0.12559926049522266,0.12559926049522266,0.06279963024761133,1275026.855,0.9999999245978278,2024-09,2024-09,0.8065,0.010209,1.212219
4,C4 Hybrid + régime,2024-09,2024-09-30,P_selected,AKT,0.04920224658840463,NEUTRAL,0.14542656088470796,0.14542656088470796,0.07271328044235398,19365557.67,1.0,2024-09,2024-09,0.8065,0.010209,1.212219
4,C4 Hybrid + régime,2024-09,2024-09-30,P_selected,CRS,0.04732017502113909,BUY,1.2523916891774252,1.2523916891774252,1.2523916891774252,180899.16999999998,0.24868961297957162,2024-09,2024-09,0.8065,0.010209,1.212219
4,C4 Hybrid + régime,2024-09,2024-09-30,P_selected,DYT,0.04444233988467295,BUY,0.9999257836411364,0.9999257836411364,0.9999257836411364,680286.7925000001,0.9989776093235639,2024-09,2024-09,0.8065,0.010209,1.212219
4,C4 Hybrid + régime,2024-09,2024-09-30,P_selected,FBR,0.03245594198628353,BUY,1.0407265460756563,1.0407265460756563,1.0407265460756563,251552.81749999998,0.5062109505130274,2024-09,2024-09,0.8065,0.010209,1.212219
4,C4 Hybrid + régime,2024-09,2024-09-30,P_selected,INV,0.031639413111134405,BUY,1.1093379625214272,1.1093379625214272,1.1093379625214272,27907.510000000002,0.02782827582570667,2024-09,2024-09,0.8065,0.010209,1.212219
4,C4 Hybrid + régime,2024-09,2024-09-30,P_selected,RDS,0.031194925936128756,BUY,2.0498811782975173,2.0498811782975173,2.0498811782975173,7745901.719500001,1.0,2024-09,2024-09,0.8065,0.010209,1.212219
4,C4 Hybrid + régime,2024-09,2024-09-30,P_selected,ADH,0.026068887928226488,BUY,1.9737315918524765,1.9737315918524765,1.9737315918524765,26915085.794,1.0,2024-09,2024-09,0.8065,0.010209,1.212219
4,C4 Hybrid + régime,2024-09,2024-09-30,P_selected,MDP,0.024864571722487037,BUY,0.6058968103688914,0.6058968103688914,0.6058968103688914,316645.9135000001,0.7438992364255506,2024-09,2024-09,0.8065,0.010209,1.212219
4,C4 Hybrid + régime,2024-09,2024-09-30,P_selected,BOA,0.019513931891905607,NEUTRAL,0.0403850448472477,0.0403850448472477,0.02019252242362385,2074999.1824999999,0.9999999999997917,2024-09,2024-09,0.8065,0.010209,1.212219
4,C4 Hybrid + régime,2024-09,2024-09-30,P_selected,IBC,0.00800155708707456,NEUTRAL,0.011175939354455482,0.011175939354455482,0.005587969677227741,23707.963999999996,0.02606699467497742,2024-09,2024-09,0.8065,0.010209,1.212219
4,C4 Hybrid + régime,2024-09,2024-09-30,P_selected,SID,0.007887221468263575,BUY,0.28198292266642766,0.28198292266642766,0.28198292266642766,2740958.055,1.0,2024-09,2024-09,0.8065,0.010209,1.212219
4,C4 Hybrid + régime,2024-09,2024-09-30,P_selected,BCI,0.0027137204036516245,NEUTRAL,0.0711437219462521,0.0711437219462521,0.03557186097312605,766811.225,0.9997437189627532,2024-09,2024-09,0.8065,0.010209,1.212219
4,C4 Hybrid + régime,2024-09,2024-09-30,P_selected,MUT,0.0021430425362498557,BUY,0.5467145175336865,0.5467145175336865,0.5467145175336865,4026016.7574999994,1.0,2024-09,2024-09,0.8065,0.010209,1.212219
4,C4 Hybrid + régime,2024-09,2024-09-30,P_selected,SNP,0.0018076356190102442,BUY,0.23123623778044916,0.23123623778044916,0.23123623778044916,815909.7724999997,0.9998831562762621,2024-09,2024-09,0.8065,0.010209,1.212219
4,C4 Hybrid + régime,2024-09,2024-09-30,P_selected,ALM,0.0010662285682670526,BUY,0.5529771199999545,0.5529771199999545,0.5529771199999545,78651.4,0.06056408181911349,2024-09,2024-09,0.8065,0.010209,1.212219
4,C4 Hybrid + régime,2024-09,2024-09-30,P_selected,AFI,0.0007853237901230129,NEUTRAL,0.20075420170432917,0.20075420170432917,0.10037710085216459,84083.3425,0.06570197291247752,2024-09,2024-09,0.8065,0.010209,1.212219
4,C4 Hybrid + régime,2024-09,2024-09-30,P_selected,BCP,0.0006279925119722512,NEUTRAL,0.18358923518113998,0.18358923518113998,0.09179461759056999,20597659.005,1.0,2024-09,2024-09,0.8065,0.010209,1.212219
4,C4 Hybrid + régime,2024-10,2024-10-31,P_selected,BOA,0.13535672529110723,NEUTRAL,0.04018764760561923,0.04018764760561923,0.020093823802809614,1381344.3175,0.9999999862401252,2024-10,2024-10,0.8173,0.010453,0.924856
4,C4 Hybrid + régime,2024-10,2024-10-31,P_selected,AKT,0.12292413912409718,BUY,0.2181652179296216,0.2181652179296216,0.2181652179296216,15285418.889999997,1.0,2024-10,2024-10,0.8173,0.010453,0.924856
4,C4 Hybrid + régime,2024-10,2024-10-31,P_selected,ARD,0.08712979373810678,BUY,1.2657861440920526,1.2657861440920526,1.2657861440920526,3485858.825,1.0,2024-10,2024-10,0.8173,0.010453,0.924856
4,C4 Hybrid + régime,2024-10,2024-10-31,P_selected,IMO,0.07784347930737491,BUY,0.8182130518632468,0.8182130518632468,0.8182130518632468,205912.2775,0.3306152797322968,2024-10,2024-10,0.8173,0.010453,0.924856
4,C4 Hybrid + régime,2024-10,2024-10-31,P_selected,JET,0.07755421225913021,BUY,1.8069337426849172,1.8069337426849172,1.8069337426849172,19715665.4,1.0,2024-10,2024-10,0.8173,0.010453,0.924856
4,C4 Hybrid + régime,2024-10,2024-10-31,P_selected,BCP,0.06007741586122229,BUY,1.7797924055642045,1.7797924055642045,1.7797924055642045,30980904.752499998,1.0,2024-10,2024-10,0.8173,0.010453,0.924856
4,C4 Hybrid + régime,2024-10,2024-10-31,P_selected,ATH,0.05990860497993829,BUY,0.9415371331440683,0.9415371331440683,0.9415371331440683,2240066.992,0.9999999999999851,2024-10,2024-10,0.8173,0.010453,0.924856
4,C4 Hybrid + régime,2024-10,2024-10-31,P_selected,DYT,0.05785852550594529,BUY,0.613225206696925,0.613225206696925,0.613225206696925,409649.59750000003,0.9278681239895349,2024-10,2024-10,0.8173,0.010453,0.924856
4,C4 Hybrid + régime,2024-10,2024-10-31,P_selected,RDS,0.05708050647156562,BUY,2.952544255441988,2.952544255441988,2.952544255441988,6890815.06,1.0,2024-10,2024-10,0.8173,0.010453,0.924856
4,C4 Hybrid + régime,2024-10,2024-10-31,P_selected,HPS,0.05558526540838391,NEUTRAL,0.14618888069084784,0.14618888069084784,0.07309444034542392,4194418.135,1.0,2024-10,2024-10,0.8173,0.010453,0.924856
4,C4 Hybrid + régime,2024-10,2024-10-31,P_selected,MUT,0.054634423560854746,BUY,0.6789396819787127,0.6789396819787127,0.6789396819787127,3969151.2824999997,1.0,2024-10,2024-10,0.8173,0.010453,0.924856
4,C4 Hybrid + régime,2024-10,2024-10-31,P_selected,SRM,0.043882392706887235,BUY,2.135690213484987,2.135690213484987,2.135690213484987,45899.41499999999,0.036770020008880897,2024-10,2024-10,0.8173,0.010453,0.924856
4,C4 Hybrid + régime,2024-10,2024-10-31,P_selected,INV,0.028685102216548533,BUY,0.48352988892433485,0.48352988892433485,0.48352988892433485,7295.994500000001,0.02016839227470215,2024-10,2024-10,0.8173,0.010453,0.924856
4,C4 Hybrid + régime,2024-10,2024-10-31,P_selected,AFI,0.020448912172881677,BUY,0.4084689624148522,0.4084689624148522,0.4084689624148522,101186.85500000001,0.0846322637472268,2024-10,2024-10,0.8173,0.010453,0.924856
4,C4 Hybrid + régime,2024-10,2024-10-31,P_selected,FBR,0.016903175203696087,BUY,1.4467582287298077,1.4467582287298077,1.4467582287298077,94621.08249999999,0.07684103207403763,2024-10,2024-10,0.8173,0.010453,0.924856
4,C4 Hybrid + régime,2024-10,2024-10-31,P_selected,ALM,0.012738498028946521,BUY,0.5962156562869662,0.5962156562869662,0.5962156562869662,101545.2,0.08507749660959389,2024-10,2024-10,0.8173,0.010453,0.924856
4,C4 Hybrid + régime,2024-10,2024-10-31,P_selected,CRS,0.01028624989609216,BUY,0.617119937921035,0.617119937921035,0.617119937921035,32643.895999999997,0.029953504803683025,2024-10,2024-10,0.8173,0.010453,0.924856
4,C4 Hybrid + régime,2024-10,2024-10-31,P_selected,ADH,0.007967972799844498,BUY,0.9851157389822676,0.9851157389822676,0.9851157389822676,14062915.8905,1.0,2024-10,2024-10,0.8173,0.010453,0.924856
4,C4 Hybrid + régime,2024-10,2024-10-31,P_selected,ADI,0.007354096446361727,BUY,1.383787121544447,1.383787121544447,1.383787121544447,14327048.34,1.0,2024-10,2024-10,0.8173,0.010453,0.924856
4,C4 Hybrid + régime,2024-10,2024-10-31,P_selected,SNP,0.002712231894015717,NEUTRAL,0.020366647598145063,0.020366647598145063,0.010183323799072531,676105.6549999998,0.9989069508763608,2024-10,2024-10,0.8173,0.010453,0.924856
4,C4 Hybrid + régime,2024-10,2024-10-31,P_selected,SID,0.002685073262957234,NEUTRAL,0.21107315987518255,0.21107315987518255,0.10553657993759127,2348967.5149999997,0.9999999999999973,2024-10,2024-10,0.8173,0.010453,0.924856
4,C4 Hybrid + régime,2024-10,2024-10-31,P_selected,BCI,0.00031557069268036396,NEUTRAL,0.12116892623166883,0.12116892623166883,0.06058446311583442,592294.97,0.9958343952882754,2024-10,2024-10,0.8173,0.010453,0.924856
4,C4 Hybrid + régime,2024-11,2024-11-29,P_selected,IMO,0.22658839237129114,BUY,1.6178141933179178,1.6178141933179178,1.6178141933179178,540320.1195,0.9904830837265511,2024-11,2024-11,0.9814,0.010361,1.233063
4,C4 Hybrid + régime,2024-11,2024-11-29,P_selected,BOA,0.17758897690383624,BUY,0.5495764031100584,0.5495764031100584,0.5495764031100584,23013142.1075,1.0,2024-11,2024-11,0.9814,0.010361,1.233063
4,C4 Hybrid + régime,2024-11,2024-11-29,P_selected,ARD,0.08514190888318478,BUY,1.0619590474252563,1.0619590474252563,1.0619590474252563,4393442.380000001,1.0,2024-11,2024-11,0.9814,0.010361,1.233063
4,C4 Hybrid + régime,2024-11,2024-11-29,P_selected,SRM,0.07929933319393982,BUY,3.756539840130826,3.756539840130826,3.756539840130826,1033210.8,0.9999963884604613,2024-11,2024-11,0.9814,0.010361,1.233063
4,C4 Hybrid + régime,2024-11,2024-11-29,P_selected,BCP,0.07868012236434888,BUY,1.277168123990965,1.277168123990965,1.277168123990965,37914058.7275,1.0,2024-11,2024-11,0.9814,0.010361,1.233063
4,C4 Hybrid + régime,2024-11,2024-11-29,P_selected,JET,0.0670645183952663,BUY,0.7396393078261451,0.7396393078261451,0.7396393078261451,11088081.9,1.0,2024-11,2024-11,0.9814,0.010361,1.233063
4,C4 Hybrid + régime,2024-11,2024-11-29,P_selected,ADH,0.056231561429187595,BUY,2.447201224522926,2.447201224522926,2.447201224522926,25718783.5795,1.0,2024-11,2024-11,0.9814,0.010361,1.233063
4,C4 Hybrid + régime,2024-11,2024-11-29,P_selected,ATH,0.05600520329545321,BUY,0.27459245779031305,0.27459245779031305,0.27459245779031305,1163208.068,0.9999995487884503,2024-11,2024-11,0.9814,0.010361,1.233063
4,C4 Hybrid + régime,2024-11,2024-11-29,P_selected,CFG,0.03578952215100391,NEUTRAL,0.19499670983590014,0.19499670983590014,0.09749835491795007,8520361.28,1.0,2024-11,2024-11,0.9814,0.010361,1.233063
4,C4 Hybrid + régime,2024-11,2024-11-29,P_selected,AKT,0.028446552669892045,NEUTRAL,0.07663322405293832,0.07663322405293832,0.03831661202646916,15215770.6,1.0,2024-11,2024-11,0.9814,0.010361,1.233063
4,C4 Hybrid + régime,2024-11,2024-11-29,P_selected,DYT,0.026544369622493943,BUY,0.47808993797605304,0.47808993797605304,0.47808993797605304,458636.8175,0.9657159356999999,2024-11,2024-11,0.9814,0.010361,1.233063
4,C4 Hybrid + régime,2024-11,2024-11-29,P_selected,ADI,0.0263748760733919,BUY,1.4488842903213297,1.4488842903213297,1.4488842903213297,24280205.552500002,1.0,2024-11,2024-11,0.9814,0.010361,1.233063
4,C4 Hybrid + régime,2024-11,2024-11-29,P_selected,AFI,0.020264583596602978,BUY,0.5948360912966811,0.5948360912966811,0.5948360912966811,193947.02,0.28969873062940693,2024-11,2024-11,0.9814,0.010361,1.233063
4,C4 Hybrid + régime,2024-11,2024-11-29,P_selected,BCI,0.010306732931596282,NEUTRAL,0.09644783158614859,0.09644783158614859,0.04822391579307429,782391.265,0.9998002532026524,2024-11,2024-11,0.9814,0.010361,1.233063
4,C4 Hybrid + régime,2024-11,2024-11-29,P_selected,S2M,0.009277612314554796,BUY,0.5306490366852655,0.5306490366852655,0.5306490366852655,585535.0375,0.9953607873156116,2024-11,2024-11,0.9814,0.010361,1.233063
4,C4 Hybrid + régime,2024-11,2024-11-29,P_selected,CDM,0.008070372445129252,NEUTRAL,0.1597857216442996,0.1597857216442996,0.0798928608221498,24178378.389999997,1.0,2024-11,2024-11,0.9814,0.010361,1.233063
4,C4 Hybrid + régime,2024-11,2024-11-29,P_selected,SNP,0.003321378034318318,BUY,0.3370468596853853,0.3370468596853853,0.3370468596853853,2543951.79,0.9999999999999998,2024-11,2024-11,0.9814,0.010361,1.233063
4,C4 Hybrid + régime,2024-11,2024-11-29,P_selected,SID,0.002810219997882752,BUY,0.23226274128356342,0.23226274128356342,0.23226274128356342,4757261.905,1.0,2024-11,2024-11,0.9814,0.010361,1.233063
4,C4 Hybrid + régime,2024-11,2024-11-29,P_selected,ALM,0.001165144164767365,BUY,0.6998522949285697,0.6998522949285697,0.6998522949285697,43766.7,0.03558035694132052,2024-11,2024-11,0.9814,0.010361,1.233063
4,C4 Hybrid + régime,2024-11,2024-11-29,P_selected,RDS,0.0008840372867553079,BUY,1.4373186530403874,1.4373186530403874,1.4373186530403874,5028492.7505,1.0,2024-11,2024-11,0.9814,0.010361,1.233063
4,C4 Hybrid + régime,2024-11,2024-11-29,P_selected,MUT,0.00014458187510316866,BUY,0.2519287957644778,0.2519287957644778,0.2519287957644778,2312869.6849999996,0.9999999999999953,2024-11,2024-11,0.9814,0.010361,1.233063
4,C4 Hybrid + régime,2024-12,2024-12-31,P_selected,IMO,0.2329590366812169,BUY,1.5110299708554233,1.5110299708554233,1.5110299708554233,873454.9809999999,0.9999534659488765,2024-12,2024-12,0.8783,0.010536,1.157892
4,C4 Hybrid + régime,2024-12,2024-12-31,P_selected,BOA,0.13590844791539444,BUY,1.3941453729538105,1.3941453729538105,1.3941453729538105,32557984.047500003,1.0,2024-12,2024-12,0.8783,0.010536,1.157892
4,C4 Hybrid + régime,2024-12,2024-12-31,P_selected,SNP,0.07794497734998083,BUY,0.698384569624547,0.698384569624547,0.698384569624547,2980050.79,1.0,2024-12,2024-12,0.8783,0.010536,1.157892
4,C4 Hybrid + régime,2024-12,2024-12-31,P_selected,SRM,0.07692451944963341,BUY,2.8792649299151423,2.8792649299151423,2.8792649299151423,77964.495,0.059941778405649994,2024-12,2024-12,0.8783,0.010536,1.157892
4,C4 Hybrid + régime,2024-12,2024-12-31,P_selected,JET,0.0746513943623271,BUY,1.0358208114247682,1.0358208114247682,1.0358208114247682,9101525.8,1.0,2024-12,2024-12,0.8783,0.010536,1.157892
4,C4 Hybrid + régime,2024-12,2024-12-31,P_selected,RIS,0.05457436133076647,BUY,0.3684226467714738,0.3684226467714738,0.3684226467714738,1871500.9425000001,0.9999999999945968,2024-12,2024-12,0.8783,0.010536,1.157892
4,C4 Hybrid + régime,2024-12,2024-12-31,P_selected,BCI,0.05251198695299641,BUY,0.4454320805424752,0.4454320805424752,0.4454320805424752,2761344.01,1.0,2024-12,2024-12,0.8783,0.010536,1.157892
4,C4 Hybrid + régime,2024-12,2024-12-31,P_selected,ADI,0.049406077671263995,BUY,1.529492786999119,1.529492786999119,1.529492786999119,19234488.669999998,1.0,2024-12,2024-12,0.8783,0.010536,1.157892
4,C4 Hybrid + régime,2024-12,2024-12-31,P_selected,DYT,0.04404630266870642,BUY,0.6601246279443419,0.6601246279443419,0.6601246279443419,426467.21499999997,0.9439312881706896,2024-12,2024-12,0.8783,0.010536,1.157892
4,C4 Hybrid + régime,2024-12,2024-12-31,P_selected,ADH,0.026683875536824036,BUY,1.9269643319005558,1.9269643319005558,1.9269643319005558,23817214.059,1.0,2024-12,2024-12,0.8783,0.010536,1.157892
4,C4 Hybrid + régime,2024-12,2024-12-31,P_selected,CTM,0.026482138783125338,BUY,0.5978192088614519,0.5978192088614519,0.5978192088614519,599350.38,0.9962774099988266,2024-12,2024-12,0.8783,0.010536,1.157892
4,C4 Hybrid + régime,2024-12,2024-12-31,P_selected,MUT,0.026274630312977183,BUY,0.2409427408901315,0.2409427408901315,0.2409427408901315,1844883.2374999996,0.999999999991728,2024-12,2024-12,0.8783,0.010536,1.157892
4,C4 Hybrid + régime,2024-12,2024-12-31,P_selected,AFI,0.023022619507258223,BUY,0.5550578431492913,0.5550578431492913,0.5550578431492913,162697.3725,0.1983177102514915,2024-12,2024-12,0.8783,0.010536,1.157892
4,C4 Hybrid + régime,2024-12,2024-12-31,P_selected,AKT,0.02160813463136723,NEUTRAL,0.1315981032678974,0.1315981032678974,0.0657990516339487,9808443.75,1.0,2024-12,2024-12,0.8783,0.010536,1.157892
4,C4 Hybrid + régime,2024-12,2024-12-31,P_selected,ARD,0.020626519455483713,NEUTRAL,0.18862304800999738,0.18862304800999738,0.09431152400499869,1386358.4975000003,0.9999999873009159,2024-12,2024-12,0.8783,0.010536,1.157892
4,C4 Hybrid + régime,2024-12,2024-12-31,P_selected,ALM,0.017055993909860914,BUY,0.6468671968977268,0.6468671968977268,0.6468671968977268,13000.2,0.022053216299101737,2024-12,2024-12,0.8783,0.010536,1.157892
4,C4 Hybrid + régime,2024-12,2024-12-31,P_selected,CIH,0.015270926314956575,NEUTRAL,0.11986418848262427,0.11986418848262427,0.059932094241312135,13122116.9525,1.0,2024-12,2024-12,0.8783,0.010536,1.157892
4,C4 Hybrid + régime,2024-12,2024-12-31,P_selected,INV,0.009027684922432744,BUY,1.294583676910934,1.294583676910934,1.294583676910934,49754.5905,0.03901822678114651,2024-12,2024-12,0.8783,0.010536,1.157892
4,C4 Hybrid + régime,2024-12,2024-12-31,P_selected,CFG,0.00743883486573986,NEUTRAL,0.02778701081879008,0.02778701081879008,0.01389350540939504,8865253.3,1.0,2024-12,2024-12,0.8783,0.010536,1.157892
4,C4 Hybrid + régime,2024-12,2024-12-31,P_selected,CRS,0.002946665268133204,NEUTRAL,0.15182479850273697,0.15182479850273697,0.07591239925136849,19425.666000000005,0.024382871047788652,2024-12,2024-12,0.8783,0.010536,1.157892
4,C4 Hybrid + régime,2024-12,2024-12-31,P_selected,CMT,0.0020449096729859557,NEUTRAL,0.19367876986497912,0.19367876986497912,0.09683938493248956,2348981.15,0.9999999999999973,2024-12,2024-12,0.8783,0.010536,1.157892
4,C4 Hybrid + régime,2024-12,2024-12-31,P_selected,HPS,0.0012291167224006028,BUY,0.48505784695764853,0.48505784695764853,0.48505784695764853,9382705.684999999,1.0,2024-12,2024-12,0.8783,0.010536,1.157892
4,C4 Hybrid + régime,2024-12,2024-12-31,P_selected,ATH,0.0006063350993261191,NEUTRAL,0.08556500196769071,0.08556500196769071,0.042782500983845353,410128.699,0.9283794957897321,2024-12,2024-12,0.8783,0.010536,1.157892
4,C4 Hybrid + régime,2024-12,2024-12-31,P_selected,BCP,0.0004971846754023051,BUY,0.43047171312642996,0.43047171312642996,0.43047171312642996,29465503.514999997,1.0,2024-12,2024-12,0.8783,0.010536,1.157892
4,C4 Hybrid + régime,2024-12,2024-12-31,P_selected,RDS,0.0001041546580999944,BUY,2.2768060609096756,2.2768060609096756,2.2768060609096756,8458131.6595,1.0,2024-12,2024-12,0.8783,0.010536,1.157892
4,C4 Hybrid + régime,2025-01,2025-01-31,P_selected,DYT,0.07144512939151454,BUY,1.158759933883358,1.158759933883358,1.158759933883358,1492858.6,0.9999999976893514,2025-01,2025-01,0.8984,0.009449,0.714517
4,C4 Hybrid + régime,2025-01,2025-01-31,P_selected,JET,0.0633987466533107,BUY,2.3609005928507516,2.3609005928507516,2.3609005928507516,17213018.0,1.0,2025-01,2025-01,0.8984,0.009449,0.714517
4,C4 Hybrid + régime,2025-01,2025-01-31,P_selected,CTM,0.06330608949721771,BUY,0.8290673636657,0.8290673636657,0.8290673636657,1445230.8,0.9999999950490819,2025-01,2025-01,0.8984,0.009449,0.714517
4,C4 Hybrid + régime,2025-01,2025-01-31,P_selected,CFG,0.06266806487420193,BUY,0.39171858359759715,0.39171858359759715,0.39171858359759715,20518734.5775,1.0,2025-01,2025-01,0.8984,0.009449,0.714517
4,C4 Hybrid + régime,2025-01,2025-01-31,P_selected,MIC,0.059432480253921185,NEUTRAL,0.01117885812805379,0.01117885812805379,0.005589429064026895,415686.1550000004,0.9340712729902817,2025-01,2025-01,0.8984,0.009449,0.714517
4,C4 Hybrid + régime,2025-01,2025-01-31,P_selected,FBR,0.057505819530751325,BUY,1.1517517649560642,1.1517517649560642,1.1517517649560642,482856.425,0.9764708035808675,2025-01,2025-01,0.8984,0.009449,0.714517
4,C4 Hybrid + régime,2025-01,2025-01-31,P_selected,INV,0.0571707297828496,NEUTRAL,0.19646332330559618,0.19646332330559618,0.09823166165279809,38246.337,0.03267075421430238,2025-01,2025-01,0.8984,0.009449,0.714517
4,C4 Hybrid + régime,2025-01,2025-01-31,P_selected,CIH,0.056188831212748355,NEUTRAL,0.08918475133931542,0.08918475133931542,0.04459237566965771,6351091.5200000005,1.0,2025-01,2025-01,0.8984,0.009449,0.714517
4,C4 Hybrid + régime,2025-01,2025-01-31,P_selected,MNG,0.053210011935842134,BUY,0.5606932188691958,0.5606932188691958,0.5606932188691958,5081623.5,1.0,2025-01,2025-01,0.8984,0.009449,0.714517
4,C4 Hybrid + régime,2025-01,2025-01-31,P_selected,SRM,0.05277439632040047,BUY,1.7365569089098674,1.7365569089098674,1.7365569089098674,585947.4424999999,0.9953911576736926,2025-01,2025-01,0.8984,0.009449,0.714517
4,C4 Hybrid + régime,2025-01,2025-01-31,P_selected,MUT,0.051533973512569727,BUY,0.3873207175581387,0.3873207175581387,0.3873207175581387,7664555.635,1.0,2025-01,2025-01,0.8984,0.009449,0.714517
4,C4 Hybrid + régime,2025-01,2025-01-31,P_selected,DWY,0.04660936549162041,NEUTRAL,0.07694370303928517,0.07694370303928517,0.03847185151964259,584488.6199999996,0.9952828300727027,2025-01,2025-01,0.8984,0.009449,0.714517
4,C4 Hybrid + régime,2025-01,2025-01-31,P_selected,ATH,0.046260541784548866,NEUTRAL,0.21437388842486546,0.21437388842486546,0.10718694421243273,2578353.4235,1.0,2025-01,2025-01,0.8984,0.009449,0.714517
4,C4 Hybrid + régime,2025-01,2025-01-31,P_selected,AKT,0.0457307104063142,NEUTRAL,0.17034340493322825,0.17034340493322825,0.08517170246661412,26306633.45,1.0,2025-01,2025-01,0.8984,0.009449,0.714517
4,C4 Hybrid + régime,2025-01,2025-01-31,P_selected,MOX,0.038201428632732494,BUY,0.8555351196495801,0.8555351196495801,0.8555351196495801,31977.9,0.029645428813614153,2025-01,2025-01,0.8984,0.009449,0.714517
4,C4 Hybrid + régime,2025-01,2025-01-31,P_selected,DHO,0.029647457183919892,BUY,0.705241754987398,0.705241754987398,0.705241754987398,7035798.239499999,1.0,2025-01,2025-01,0.8984,0.009449,0.714517
4,C4 Hybrid + régime,2025-01,2025-01-31,P_selected,ADI,0.028897365820298046,BUY,2.1963327992073634,2.1963327992073634,2.1963327992073634,40450865.475,1.0,2025-01,2025-01,0.8984,0.009449,0.714517
4,C4 Hybrid + régime,2025-01,2025-01-31,P_selected,SNP,0.02609308452329166,BUY,0.28203377695609166,0.28203377695609166,0.28203377695609166,2261780.2299999995,0.9999999999999896,2025-01,2025-01,0.8984,0.009449,0.714517
4,C4 Hybrid + régime,2025-01,2025-01-31,P_selected,S2M,0.025244761704839486,BUY,1.2114146488726485,1.2114146488726485,1.2114146488726485,710440.4450000001,0.9993686679788972,2025-01,2025-01,0.8984,0.009449,0.714517
4,C4 Hybrid + régime,2025-01,2025-01-31,P_selected,RIS,0.024812579407678698,BUY,0.4526846064632819,0.4526846064632819,0.4526846064632819,4453792.8525,1.0,2025-01,2025-01,0.8984,0.009449,0.714517
4,C4 Hybrid + régime,2025-01,2025-01-31,P_selected,ATL,0.013217829035064826,NEUTRAL,0.19345503747241288,0.19345503747241288,0.09672751873620644,7158556.58,1.0,2025-01,2025-01,0.8984,0.009449,0.714517
4,C4 Hybrid + régime,2025-01,2025-01-31,P_selected,TGC,0.009381005356848193,BUY,0.36652274877235946,0.36652274877235946,0.36652274877235946,29817100.95,1.0,2025-01,2025-01,0.8984,0.009449,0.714517
4,C4 Hybrid + régime,2025-01,2025-01-31,P_selected,MDP,0.005457430990958625,BUY,0.21969397827914905,0.21969397827914905,0.21969397827914905,216316.9160000001,0.3684366792670134,2025-01,2025-01,0.8984,0.009449,0.714517
4,C4 Hybrid + régime,2025-01,2025-01-31,P_selected,SID,0.003994227329161993,BUY,0.5992215587532437,0.5992215587532437,0.5992215587532437,7324944.0,1.0,2025-01,2025-01,0.8984,0.009449,0.714517
4,C4 Hybrid + régime,2025-01,2025-01-31,P_selected,CMT,0.0030508863518822296,BUY,0.2796063806819607,0.2796063806819607,0.2796063806819607,2333491.5,0.9999999999999967,2025-01,2025-01,0.8984,0.009449,0.714517
4,C4 Hybrid + régime,2025-01,2025-01-31,P_selected,BCI,0.0016042160855084327,NEUTRAL,0.02611221777114521,0.02611221777114521,0.013056108885572605,6009433.39,1.0,2025-01,2025-01,0.8984,0.009449,0.714517
4,C4 Hybrid + régime,2025-01,2025-01-31,P_selected,CDM,0.001360333093300947,BUY,0.312331684488103,0.312331684488103,0.312331684488103,11743115.73,1.0,2025-01,2025-01,0.8984,0.009449,0.714517
4,C4 Hybrid + régime,2025-01,2025-01-31,P_selected,ADH,0.0006419790555972779,BUY,1.4999968865241131,1.4999968865241131,1.4999968865241131,32709665.888499998,1.0,2025-01,2025-01,0.8984,0.009449,0.714517
4,C4 Hybrid + régime,2025-01,2025-01-31,P_selected,HPS,0.0005979275843663158,BUY,0.2579920694712273,0.2579920694712273,0.2579920694712273,17476655.43,1.0,2025-01,2025-01,0.8984,0.009449,0.714517
4,C4 Hybrid + régime,2025-01,2025-01-31,P_selected,RDS,0.0005625971967398913,BUY,2.286541544936926,2.286541544936926,2.286541544936926,31175995.342,1.0,2025-01,2025-01,0.8984,0.009449,0.714517
4,C4 Hybrid + régime,2025-02,2025-02-28,P_selected,CFG,0.100061809425554,NEUTRAL,0.13701268180675485,0.13701268180675485,0.06850634090337743,6187249.0075,1.0,2025-02,2025-02,0.9356,0.00954,0.701795
4,C4 Hybrid + régime,2025-02,2025-02-28,P_selected,MNG,0.09542118289870381,BUY,0.8724010732014635,0.8724010732014635,0.8724010732014635,5114983.85,1.0,2025-02,2025-02,0.9356,0.00954,0.701795
4,C4 Hybrid + régime,2025-02,2025-02-28,P_selected,ATH,0.07815736260147128,BUY,0.6533697991203735,0.6533697991203735,0.6533697991203735,3644003.9075,1.0,2025-02,2025-02,0.9356,0.00954,0.701795
4,C4 Hybrid + régime,2025-02,2025-02-28,P_selected,AKT,0.0744790023973024,NEUTRAL,0.04180036761064055,0.04180036761064055,0.020900183805320275,26863110.35,1.0,2025-02,2025-02,0.9356,0.00954,0.701795
4,C4 Hybrid + régime,2025-02,2025-02-28,P_selected,SLF,0.0720720342515354,BUY,0.40963875382822373,0.40963875382822373,0.40963875382822373,3731569.3549999995,1.0,2025-02,2025-02,0.9356,0.00954,0.701795
4,C4 Hybrid + régime,2025-02,2025-02-28,P_selected,FBR,0.06879775250487753,BUY,2.5750037890456126,2.5750037890456126,2.5750037890456126,1119974.6800000002,0.9999990988515046,2025-02,2025-02,0.9356,0.00954,0.701795
4,C4 Hybrid + régime,2025-02,2025-02-28,P_selected,MSA,0.057738071644663824,NEUTRAL,0.12606169862941857,0.12606169862941857,0.06303084931470929,34379217.95,1.0,2025-02,2025-02,0.9356,0.00954,0.701795
4,C4 Hybrid + régime,2025-02,2025-02-28,P_selected,S2M,0.056314830958006205,BUY,1.6691015893137215,1.6691015893137215,1.6691015893137215,1653460.0699999998,0.9999999998230866,2025-02,2025-02,0.9356,0.00954,0.701795
4,C4 Hybrid + régime,2025-02,2025-02-28,P_selected,CTM,0.05545617042141534,BUY,0.7037059417989153,0.7037059417989153,0.7037059417989153,393147.10000000003,0.9080749710240766,2025-02,2025-02,0.9356,0.00954,0.701795
4,C4 Hybrid + régime,2025-02,2025-02-28,P_selected,DYT,0.054888745070238935,NEUTRAL,0.19061714061529256,0.19061714061529256,0.09530857030764628,293491.4275,0.6672698731542914,2025-02,2025-02,0.9356,0.00954,0.701795
4,C4 Hybrid + régime,2025-02,2025-02-28,P_selected,MIC,0.05179244486192449,NEUTRAL,0.0433032810700128,0.0433032810700128,0.0216516405350064,351924.2200000003,0.8362774925621195,2025-02,2025-02,0.9356,0.00954,0.701795
4,C4 Hybrid + régime,2025-02,2025-02-28,P_selected,RIS,0.03683747347238823,BUY,0.269080070238199,0.269080070238199,0.269080070238199,3234976.3899999997,1.0,2025-02,2025-02,0.9356,0.00954,0.701795
4,C4 Hybrid + régime,2025-02,2025-02-28,P_selected,MUT,0.03491404700571762,NEUTRAL,0.14721462696608545,0.14721462696608545,0.07360731348304272,3306766.2049999996,1.0,2025-02,2025-02,0.9356,0.00954,0.701795
4,C4 Hybrid + régime,2025-02,2025-02-28,P_selected,JET,0.03448134323365941,BUY,3.408829519141836,3.408829519141836,3.408829519141836,17600333.0,1.0,2025-02,2025-02,0.9356,0.00954,0.701795
4,C4 Hybrid + régime,2025-02,2025-02-28,P_selected,SNP,0.032501871216503685,NEUTRAL,0.012729161849075257,0.012729161849075257,0.006364580924537629,2050044.4049999998,0.9999999999996896,2025-02,2025-02,0.9356,0.00954,0.701795
4,C4 Hybrid + régime,2025-02,2025-02-28,P_selected,MOX,0.027518209428821033,BUY,1.3507357243336169,1.3507357243336169,1.3507357243336169,355772.06,0.8445333464383079,2025-02,2025-02,0.9356,0.00954,0.701795
4,C4 Hybrid + régime,2025-02,2025-02-28,P_selected,SRM,0.022308502525410123,BUY,0.6885581899048064,0.6885581899048064,0.6885581899048064,221038.30750000002,0.3861826225611625,2025-02,2025-02,0.9356,0.00954,0.701795
4,C4 Hybrid + régime,2025-02,2025-02-28,P_selected,SID,0.02006425032539355,BUY,1.155329690585477,1.155329690585477,1.155329690585477,9128184.9,1.0,2025-02,2025-02,0.9356,0.00954,0.701795
4,C4 Hybrid + régime,2025-02,2025-02-28,P_selected,AFI,0.01174476433543801,NEUTRAL,0.04534693806588584,0.04534693806588584,0.02267346903294292,149997.95500000002,0.1679770418444836,2025-02,2025-02,0.9356,0.00954,0.701795
4,C4 Hybrid + régime,2025-02,2025-02-28,P_selected,MDP,0.006832235209398033,BUY,0.2420991186631143,0.2420991186631143,0.2420991186631143,195569.96650000013,0.29507111381429957,2025-02,2025-02,0.9356,0.00954,0.701795
4,C4 Hybrid + régime,2025-02,2025-02-28,P_selected,CMT,0.0052227668786214865,NEUTRAL,0.0061340727936955025,0.0061340727936955025,0.0030670363968477513,1911676.95,0.9999999999971589,2025-02,2025-02,0.9356,0.00954,0.701795
4,C4 Hybrid + régime,2025-02,2025-02-28,P_selected,GAZ,0.0016594705276576228,NEUTRAL,0.0526910169420777,0.0526910169420777,0.02634550847103885,11058253.4,1.0,2025-02,2025-02,0.9356,0.00954,0.701795
4,C4 Hybrid + régime,2025-02,2025-02-28,P_selected,ADI,0.0006099704825900644,BUY,2.0914837033641476,2.0914837033641476,2.0914837033641476,31471320.385,1.0,2025-02,2025-02,0.9356,0.00954,0.701795
4,C4 Hybrid + régime,2025-02,2025-02-28,P_selected,RDS,0.0001202725023132579,BUY,1.499405411406443,1.499405411406443,1.499405411406443,15914818.1125,1.0,2025-02,2025-02,0.9356,0.00954,0.701795
4,C4 Hybrid + régime,2025-03,2025-03-28,P_selected,ALM,0.13024918148678796,BUY,0.6722081134966718,0.6722081134966718,0.6722081134966718,964551.7,0.9999891661821522,2025-03,2025-03,0.9875,0.008739,0.795796
4,C4 Hybrid + régime,2025-03,2025-03-28,P_selected,CMG,0.12815147370481705,BUY,0.3817253886298844,0.3817253886298844,0.3817253886298844,13594064.285,1.0,2025-03,2025-03,0.9875,0.008739,0.795796
4,C4 Hybrid + régime,2025-03,2025-03-28,P_selected,FBR,0.07808551495552783,BUY,3.421989526902878,3.421989526902878,3.421989526902878,2909726.0524999998,1.0,2025-03,2025-03,0.9875,0.008739,0.795796
4,C4 Hybrid + régime,2025-03,2025-03-28,P_selected,AKT,0.07423704581045763,NEUTRAL,0.14553347340150602,0.14553347340150602,0.07276673670075301,34592520.35,1.0,2025-03,2025-03,0.9875,0.008739,0.795796
4,C4 Hybrid + régime,2025-03,2025-03-28,P_selected,SLF,0.0666614466148518,BUY,1.555673889112974,1.555673889112974,1.555673889112974,2379448.65,0.9999999999999984,2025-03,2025-03,0.9875,0.008739,0.795796
4,C4 Hybrid + régime,2025-03,2025-03-28,P_selected,MIC,0.05711147563952607,NEUTRAL,0.16493070613287952,0.16493070613287952,0.08246535306643976,889842.3650000005,0.9999641982449636,2025-03,2025-03,0.9875,0.008739,0.795796
4,C4 Hybrid + régime,2025-03,2025-03-28,P_selected,MNG,0.05273669178970598,BUY,1.1312607903656937,1.1312607903656937,1.1312607903656937,12313694.45,1.0,2025-03,2025-03,0.9875,0.008739,0.795796
4,C4 Hybrid + régime,2025-03,2025-03-28,P_selected,AFI,0.04723879926846884,BUY,0.5995491335075418,0.5995491335075418,0.5995491335075418,337599.97250000003,0.8024375918887647,2025-03,2025-03,0.9875,0.008739,0.795796
4,C4 Hybrid + régime,2025-03,2025-03-28,P_selected,DYT,0.03785138026323652,BUY,0.7545630075910287,0.7545630075910287,0.7545630075910287,864606.1074999999,0.9999463887343911,2025-03,2025-03,0.9875,0.008739,0.795796
4,C4 Hybrid + régime,2025-03,2025-03-28,P_selected,TQM,0.03692907935470237,BUY,0.31821948075210804,0.31821948075210804,0.31821948075210804,20194720.4,1.0,2025-03,2025-03,0.9875,0.008739,0.795796
4,C4 Hybrid + régime,2025-03,2025-03-28,P_selected,CDM,0.035563962082336774,BUY,0.7176570117068456,0.7176570117068456,0.7176570117068456,12319949.05,1.0,2025-03,2025-03,0.9875,0.008739,0.795796
4,C4 Hybrid + régime,2025-03,2025-03-28,P_selected,CSR,0.033049267778412786,NEUTRAL,0.06829352179521907,0.06829352179521907,0.034146760897609534,13222201.5575,1.0,2025-03,2025-03,0.9875,0.008739,0.795796
4,C4 Hybrid + régime,2025-03,2025-03-28,P_selected,TGC,0.030127812904419314,BUY,0.574781234200847,0.574781234200847,0.574781234200847,44103313.18,1.0,2025-03,2025-03,0.9875,0.008739,0.795796
4,C4 Hybrid + régime,2025-03,2025-03-28,P_selected,DWY,0.027373268861640352,NEUTRAL,0.13067840505376732,0.13067840505376732,0.06533920252688366,825540.0649999996,0.9998998399553735,2025-03,2025-03,0.9875,0.008739,0.795796
4,C4 Hybrid + régime,2025-03,2025-03-28,P_selected,SID,0.026058345597784114,BUY,1.5862300009836428,1.5862300009836428,1.5862300009836428,13314217.6,1.0,2025-03,2025-03,0.9875,0.008739,0.795796
4,C4 Hybrid + régime,2025-03,2025-03-28,P_selected,SNP,0.023208914668420948,NEUTRAL,0.015740573291197824,0.015740573291197824,0.007870286645598912,2390223.1499999994,0.9999999999999987,2025-03,2025-03,0.9875,0.008739,0.795796
4,C4 Hybrid + régime,2025-03,2025-03-28,P_selected,MSA,0.019824542447956235,NEUTRAL,0.10779396496512395,0.10779396496512395,0.05389698248256197,38774215.205,1.0,2025-03,2025-03,0.9875,0.008739,0.795796
4,C4 Hybrid + régime,2025-03,2025-03-28,P_selected,ADI,0.01817225268932383,BUY,1.6830414524703758,1.6830414524703758,1.6830414524703758,22098885.755000003,1.0,2025-03,2025-03,0.9875,0.008739,0.795796
4,C4 Hybrid + régime,2025-03,2025-03-28,P_selected,ATH,0.015626911055764837,NEUTRAL,0.13433996043679286,0.13433996043679286,0.06716998021839643,1473696.0514999998,0.9999999968602944,2025-03,2025-03,0.9875,0.008739,0.795796
4,C4 Hybrid + régime,2025-03,2025-03-28,P_selected,RIS,0.01513060853861681,NEUTRAL,0.1005432310286659,0.1005432310286659,0.05027161551433295,2198459.7125,0.9999999999999711,2025-03,2025-03,0.9875,0.008739,0.795796
4,C4 Hybrid + régime,2025-03,2025-03-28,P_selected,S2M,0.01209562223959946,BUY,0.45674662426372437,0.45674662426372437,0.45674662426372437,332058.085,0.78800293095166,2025-03,2025-03,0.9875,0.008739,0.795796
4,C4 Hybrid + régime,2025-03,2025-03-28,P_selected,JET,0.010156043430029377,BUY,2.155980917047233,2.155980917047233,2.155980917047233,22891245.7,1.0,2025-03,2025-03,0.9875,0.008739,0.795796
4,C4 Hybrid + régime,2025-03,2025-03-28,P_selected,MUT,0.008113339261945138,NEUTRAL,0.005036178023914522,0.005036178023914522,0.002518089011957261,2138027.7249999996,0.9999999999999241,2025-03,2025-03,0.9875,0.008739,0.795796
4,C4 Hybrid + régime,2025-03,2025-03-28,P_selected,CMT,0.007380279731727909,NEUTRAL,0.05091945425893159,0.05091945425893159,0.025459727129465794,955611.55,0.9999875001923263,2025-03,2025-03,0.9875,0.008739,0.795796
4,C4 Hybrid + régime,2025-03,2025-03-28,P_selected,EQD,0.006223509082529926,NEUTRAL,0.15119910808494924,0.15119910808494924,0.07559955404247462,1698691.3,0.9999999999142051,2025-03,2025-03,0.9875,0.008739,0.795796
4,C4 Hybrid + régime,2025-03,2025-03-28,P_selected,DHO,0.0017703481760391337,BUY,0.4422690843637409,0.4422690843637409,0.4422690843637409,3481594.2685000002,1.0,2025-03,2025-03,0.9875,0.008739,0.795796
4,C4 Hybrid + régime,2025-03,2025-03-28,P_selected,MOX,0.0003379703221821647,NEUTRAL,0.16054389948814388,0.16054389948814388,0.08027194974407194,39917.28,0.033526311705067084,2025-03,2025-03,0.9875,0.008739,0.795796
4,C4 Hybrid + régime,2025-03,2025-03-28,P_selected,CTM,0.00031665031295753025,BUY,0.3294904659152097,0.3294904659152097,0.3294904659152097,119519.75000000004,0.11029964681569611,2025-03,2025-03,0.9875,0.008739,0.795796
4,C4 Hybrid + régime,2025-03,2025-03-28,P_selected,ADH,0.00011396267333646546,BUY,1.4560631447401537,1.4560631447401537,1.4560631447401537,21441931.4345,1.0,2025-03,2025-03,0.9875,0.008739,0.795796
4,C4 Hybrid + régime,2025-04,2025-04-30,P_selected,BOA,0.11637186324094559,NEUTRAL,0.0328176260792052,0.0328176260792052,0.0164088130396026,18157454.18,1.0,2025-04,2025-04,0.9302,0.012248,0.718964
4,C4 Hybrid + régime,2025-04,2025-04-30,P_selected,AKT,0.11334372557433424,BUY,0.5426211053265293,0.5426211053265293,0.5426211053265293,89425939.25,1.0,2025-04,2025-04,0.9302,0.012248,0.718964
4,C4 Hybrid + régime,2025-04,2025-04-30,P_selected,CMG,0.1057954623495942,NEUTRAL,0.1503554154507503,0.1503554154507503,0.07517770772537515,7520290.589999999,1.0,2025-04,2025-04,0.9302,0.012248,0.718964
4,C4 Hybrid + régime,2025-04,2025-04-30,P_selected,S2M,0.07856641273674171,BUY,2.8559117028933896,2.8559117028933896,2.8559117028933896,3274747.2249999996,1.0,2025-04,2025-04,0.9302,0.012248,0.718964
4,C4 Hybrid + régime,2025-04,2025-04-30,P_selected,ATH,0.07036581735335791,NEUTRAL,0.18009050050142883,0.18009050050142883,0.09004525025071441,1815019.193,0.9999999999866607,2025-04,2025-04,0.9302,0.012248,0.718964
4,C4 Hybrid + régime,2025-04,2025-04-30,P_selected,FBR,0.06564064398756038,BUY,2.226780923754842,2.226780923754842,2.226780923754842,1161091.0175,0.9999995332428551,2025-04,2025-04,0.9302,0.012248,0.718964
4,C4 Hybrid + régime,2025-04,2025-04-30,P_selected,SRM,0.056218042589045225,BUY,2.0694074311604718,2.0694074311604718,2.0694074311604718,528251.6475,0.9884793464143106,2025-04,2025-04,0.9302,0.012248,0.718964
4,C4 Hybrid + régime,2025-04,2025-04-30,P_selected,MSA,0.05021880565321647,BUY,0.28007500662712925,0.28007500662712925,0.28007500662712925,50689804.875,1.0,2025-04,2025-04,0.9302,0.012248,0.718964
4,C4 Hybrid + régime,2025-04,2025-04-30,P_selected,ALM,0.04767475599420256,BUY,0.26816303513005396,0.26816303513005396,0.26816303513005396,196505.55,0.2981943204311273,2025-04,2025-04,0.9302,0.012248,0.718964
4,C4 Hybrid + régime,2025-04,2025-04-30,P_selected,MNG,0.04690739335611882,BUY,0.796393368216558,0.796393368216558,0.796393368216558,12771294.2,1.0,2025-04,2025-04,0.9302,0.012248,0.718964
4,C4 Hybrid + régime,2025-04,2025-04-30,P_selected,LBV,0.03756863429393644,NEUTRAL,0.08921876773546399,0.08921876773546399,0.04460938386773199,25683203.1,1.0,2025-04,2025-04,0.9302,0.012248,0.718964
4,C4 Hybrid + régime,2025-04,2025-04-30,P_selected,AFI,0.03519366554278708,NEUTRAL,0.10649174627252779,0.10649174627252779,0.053245873136263895,133399.3825,0.1340505137147134,2025-04,2025-04,0.9302,0.012248,0.718964
4,C4 Hybrid + régime,2025-04,2025-04-30,P_selected,SID,0.028348038147379972,BUY,1.4782739211900668,1.4782739211900668,1.4782739211900668,14517901.05,1.0,2025-04,2025-04,0.9302,0.012248,0.718964
4,C4 Hybrid + régime,2025-04,2025-04-30,P_selected,TMA,0.027012400733033293,NEUTRAL,0.024428206111552147,0.024428206111552147,0.012214103055776073,7444221.15,1.0,2025-04,2025-04,0.9302,0.012248,0.718964
4,C4 Hybrid + régime,2025-04,2025-04-30,P_selected,TGC,0.023403668672379873,BUY,0.716913455607564,0.716913455607564,0.716913455607564,37316632.05499999,1.0,2025-04,2025-04,0.9302,0.012248,0.718964
4,C4 Hybrid + régime,2025-04,2025-04-30,P_selected,RIS,0.019782389771159772,NEUTRAL,0.08471677288593708,0.08471677288593708,0.04235838644296854,1843524.1774999998,0.9999999999915461,2025-04,2025-04,0.9302,0.012248,0.718964
4,C4 Hybrid + régime,2025-04,2025-04-30,P_selected,TQM,0.018854569638875947,BUY,0.3842063527693979,0.3842063527693979,0.3842063527693979,18219816.0,1.0,2025-04,2025-04,0.9302,0.012248,0.718964
4,C4 Hybrid + régime,2025-04,2025-04-30,P_selected,CTM,0.01665493441703319,BUY,0.2368970677157654,0.2368970677157654,0.2368970677157654,378284.025,0.8862044638203896,2025-04,2025-04,0.9302,0.012248,0.718964
4,C4 Hybrid + régime,2025-04,2025-04-30,P_selected,SAH,0.012046982075613843,NEUTRAL,0.005227977784723821,0.005227977784723821,0.0026139888923619103,377690.45,0.8852431895291101,2025-04,2025-04,0.9302,0.012248,0.718964
4,C4 Hybrid + régime,2025-04,2025-04-30,P_selected,MUT,0.01054542486672532,BUY,0.3022914794916989,0.3022914794916989,0.3022914794916989,4187930.2974999994,1.0,2025-04,2025-04,0.9302,0.012248,0.718964
4,C4 Hybrid + régime,2025-04,2025-04-30,P_selected,DYT,0.009412774508897624,BUY,0.9730157809261059,0.9730157809261059,0.9730157809261059,1196268.955,0.9999997341420109,2025-04,2025-04,0.9302,0.012248,0.718964
4,C4 Hybrid + régime,2025-04,2025-04-30,P_selected,SNP,0.0062982548832357195,BUY,0.26329962649518535,0.26329962649518535,0.26329962649518535,1808713.9649999999,0.9999999999852447,2025-04,2025-04,0.9302,0.012248,0.718964
4,C4 Hybrid + régime,2025-04,2025-04-30,P_selected,MOX,0.0020184417412325763,NEUTRAL,0.09211370712817243,0.09211370712817243,0.04605685356408622,18488.825,0.024028827364478342,2025-04,2025-04,0.9302,0.012248,0.718964
4,C4 Hybrid + régime,2025-04,2025-04-30,P_selected,SMI,0.0004518513343627064,NEUTRAL,0.03123862082430603,0.03123862082430603,0.015619310412153016,1989353.0,0.9999999999991802,2025-04,2025-04,0.9302,0.012248,0.718964
4,C4 Hybrid + régime,2025-04,2025-04-30,P_selected,DHO,0.0004366854853628315,BUY,0.39384989769262335,0.39384989769262335,0.39384989769262335,6295311.591,1.0,2025-04,2025-04,0.9302,0.012248,0.718964
4,C4 Hybrid + régime,2025-04,2025-04-30,P_selected,JET,0.00039746625331923334,BUY,1.6906059416696873,1.6906059416696873,1.6906059416696873,18997465.15,1.0,2025-04,2025-04,0.9302,0.012248,0.718964
4,C4 Hybrid + régime,2025-04,2025-04-30,P_selected,ADI,0.000307129034309805,BUY,1.6416167538200337,1.6416167538200337,1.6416167538200337,22713718.6175,1.0,2025-04,2025-04,0.9302,0.012248,0.718964
4,C4 Hybrid + régime,2025-05,2025-05-30,P_selected,CMG,0.10689641976492863,BUY,0.7789815241810863,0.7789815241810863,0.7789815241810863,9064685.364999998,1.0,2025-05,2025-05,0.8515,0.012094,0.700156
4,C4 Hybrid + régime,2025-05,2025-05-30,P_selected,EQD,0.0926277911558065,NEUTRAL,0.06035029827167229,0.06035029827167229,0.030175149135836146,923517.8,0.9999791113725627,2025-05,2025-05,0.8515,0.012094,0.700156
4,C4 Hybrid + régime,2025-05,2025-05-30,P_selected,ATH,0.0792717651168935,BUY,0.3061951338690469,0.3061951338690469,0.3061951338690469,1916332.736,0.9999999999973628,2025-05,2025-05,0.8515,0.012094,0.700156
4,C4 Hybrid + régime,2025-05,2025-05-30,P_selected,MNG,0.07900976875954555,BUY,0.8795094212956289,0.8795094212956289,0.8795094212956289,6070304.8,1.0,2025-05,2025-05,0.8515,0.012094,0.700156
4,C4 Hybrid + régime,2025-05,2025-05-30,P_selected,FBR,0.061574228643057435,BUY,2.6490550871420604,2.6490550871420604,2.6490550871420604,939575.5599999999,0.9999838440978368,2025-05,2025-05,0.8515,0.012094,0.700156
4,C4 Hybrid + régime,2025-05,2025-05-30,P_selected,NEJ,0.05776501024442144,NEUTRAL,0.07333057204554061,0.07333057204554061,0.036665286022770305,0.0,0.01798620996209156,2025-05,2025-05,0.8515,0.012094,0.700156
4,C4 Hybrid + régime,2025-05,2025-05-30,P_selected,DWY,0.05282591890630705,NEUTRAL,0.015656869850773747,0.015656869850773747,0.007828434925386873,741636.3949999996,0.9996166513778185,2025-05,2025-05,0.8515,0.012094,0.700156
4,C4 Hybrid + régime,2025-05,2025-05-30,P_selected,LBV,0.050216824154641446,BUY,0.3524674532524754,0.3524674532524754,0.3524674532524754,21415882.05,1.0,2025-05,2025-05,0.8515,0.012094,0.700156
4,C4 Hybrid + régime,2025-05,2025-05-30,P_selected,AFI,0.043610711608431274,NEUTRAL,0.21719402857918396,0.21719402857918396,0.10859701428959198,130077.92,0.12800065630232824,2025-05,2025-05,0.8515,0.012094,0.700156
4,C4 Hybrid + régime,2025-05,2025-05-30,P_selected,SID,0.04246637057513485,BUY,1.868921131537236,1.868921131537236,1.868921131537236,7997719.5,1.0,2025-05,2025-05,0.8515,0.012094,0.700156
4,C4 Hybrid + régime,2025-05,2025-05-30,P_selected,AKT,0.04031165865957255,BUY,0.33460260552665666,0.33460260552665666,0.33460260552665666,16301656.05,1.0,2025-05,2025-05,0.8515,0.012094,0.700156
4,C4 Hybrid + régime,2025-05,2025-05-30,P_selected,SRM,0.04029828034539445,BUY,1.1887151783707912,1.1887151783707912,1.1887151783707912,83178.3,0.06481864376306255,2025-05,2025-05,0.8515,0.012094,0.700156
4,C4 Hybrid + régime,2025-05,2025-05-30,P_selected,RIS,0.032990534177749685,NEUTRAL,0.02925385444821721,0.02925385444821721,0.014626927224108605,1320001.765,0.9999999632830845,2025-05,2025-05,0.8515,0.012094,0.700156
4,C4 Hybrid + régime,2025-05,2025-05-30,P_selected,MUT,0.03254899640176307,NEUTRAL,0.21789227981334722,0.21789227981334722,0.10894613990667361,2958387.6724999994,1.0,2025-05,2025-05,0.8515,0.012094,0.700156
4,C4 Hybrid + régime,2025-05,2025-05-30,P_selected,S2M,0.030601094057860986,BUY,1.4746544416438299,1.4746544416438299,1.4746544416438299,684420.8949999999,0.9990429852873827,2025-05,2025-05,0.8515,0.012094,0.700156
4,C4 Hybrid + régime,2025-05,2025-05-30,P_selected,TGC,0.026923579337184294,BUY,1.0969395573616905,1.0969395573616905,1.0969395573616905,43987244.82,1.0,2025-05,2025-05,0.8515,0.012094,0.700156
4,C4 Hybrid + régime,2025-05,2025-05-30,P_selected,JET,0.024718876889580577,BUY,2.3719602142061325,2.3719602142061325,2.3719602142061325,18433017.2,1.0,2025-05,2025-05,0.8515,0.012094,0.700156
4,C4 Hybrid + régime,2025-05,2025-05-30,P_selected,SOT,0.023983230079841555,BUY,0.41067432850733365,0.41067432850733365,0.41067432850733365,3893552.45,1.0,2025-05,2025-05,0.8515,0.012094,0.700156
4,C4 Hybrid + régime,2025-05,2025-05-30,P_selected,TQM,0.023776961027971163,BUY,0.815819204812733,0.815819204812733,0.815819204812733,20907903.1,1.0,2025-05,2025-05,0.8515,0.012094,0.700156
4,C4 Hybrid + régime,2025-05,2025-05-30,P_selected,MIC,0.02230386051502189,BUY,0.39320845606819804,0.39320845606819804,0.39320845606819804,845191.4500000004,0.9999268600875737,2025-05,2025-05,0.8515,0.012094,0.700156
4,C4 Hybrid + régime,2025-05,2025-05-30,P_selected,CTM,0.014789223584451911,BUY,0.41319886072754947,0.41319886072754947,0.41319886072754947,202895.99500000005,0.32002344084359646,2025-05,2025-05,0.8515,0.012094,0.700156
4,C4 Hybrid + régime,2025-05,2025-05-30,P_selected,SNP,0.007582035810704281,BUY,0.4472812298430361,0.4472812298430361,0.4472812298430361,2363377.03,0.999999999999998,2025-05,2025-05,0.8515,0.012094,0.700156
4,C4 Hybrid + régime,2025-05,2025-05-30,P_selected,MDP,0.006839870236086044,BUY,0.27814813364512125,0.27814813364512125,0.27814813364512125,138846.98200000008,0.14449484485838623,2025-05,2025-05,0.8515,0.012094,0.700156
4,C4 Hybrid + régime,2025-05,2025-05-30,P_selected,RDS,0.003923367645585989,BUY,0.8978578593239221,0.8978578593239221,0.8978578593239221,6781603.391,1.0,2025-05,2025-05,0.8515,0.012094,0.700156
4,C4 Hybrid + régime,2025-05,2025-05-30,P_selected,CFG,0.001119365650209114,BUY,0.2469243310268517,0.2469243310268517,0.2469243310268517,8310008.505000001,1.0,2025-05,2025-05,0.8515,0.012094,0.700156
4,C4 Hybrid + régime,2025-05,2025-05-30,P_selected,DHO,0.0004357819787084887,BUY,0.9111569783659403,0.9111569783659403,0.9111569783659403,16194570.0795,1.0,2025-05,2025-05,0.8515,0.012094,0.700156
4,C4 Hybrid + régime,2025-05,2025-05-30,P_selected,DYT,0.00027217549715664787,NEUTRAL,0.033717573218453686,0.033717573218453686,0.016858786609226843,241200.925,0.4648617189478853,2025-05,2025-05,0.8515,0.012094,0.700156
4,C4 Hybrid + régime,2025-05,2025-05-30,P_selected,ADI,0.0002480839639480723,BUY,1.885018429083381,1.885018429083381,1.885018429083381,17076495.002499998,1.0,2025-05,2025-05,0.8515,0.012094,0.700156
4,C4 Hybrid + régime,2025-06,2025-06-30,P_selected,AFI,0.1296137831024509,BUY,0.982424736444197,0.982424736444197,0.982424736444197,621474.575,0.9973842707703422,2025-06,2025-06,0.9876,0.011865,0.807814
4,C4 Hybrid + régime,2025-06,2025-06-30,P_selected,CFG,0.11001133295783144,BUY,0.45726393672811466,0.45726393672811466,0.45726393672811466,4551682.8175,1.0,2025-06,2025-06,0.9876,0.011865,0.807814
4,C4 Hybrid + régime,2025-06,2025-06-30,P_selected,ARD,0.10970097854116025,BUY,0.41245238679066537,0.41245238679066537,0.41245238679066537,1942854.0150000001,0.9999999999982747,2025-06,2025-06,0.9876,0.011865,0.807814
4,C4 Hybrid + régime,2025-06,2025-06-30,P_selected,ATH,0.09798422584275084,BUY,0.2790905121396209,0.2790905121396209,0.2790905121396209,1095306.1835,0.9999986627566618,2025-06,2025-06,0.9876,0.011865,0.807814
4,C4 Hybrid + régime,2025-06,2025-06-30,P_selected,INV,0.08411458280501322,BUY,2.265859740934567,2.265859740934567,2.265859740934567,388517.376,0.901701788030665,2025-06,2025-06,0.9876,0.011865,0.807814
4,C4 Hybrid + régime,2025-06,2025-06-30,P_selected,MNG,0.08127961634032572,BUY,0.5583926722292589,0.5583926722292589,0.5583926722292589,7154653.15,1.0,2025-06,2025-06,0.9876,0.011865,0.807814
4,C4 Hybrid + régime,2025-06,2025-06-30,P_selected,LBV,0.04762021375318932,NEUTRAL,0.023369000612735127,0.023369000612735127,0.011684500306367564,15097103.35,1.0,2025-06,2025-06,0.9876,0.011865,0.807814
4,C4 Hybrid + régime,2025-06,2025-06-30,P_selected,SRM,0.041850934791955244,BUY,1.907050311127661,1.907050311127661,1.907050311127661,463137.645,0.9680218660269594,2025-06,2025-06,0.9876,0.011865,0.807814
4,C4 Hybrid + régime,2025-06,2025-06-30,P_selected,FBR,0.03771513108838491,BUY,2.535780750042091,2.535780750042091,2.535780750042091,2861645.0799999996,1.0,2025-06,2025-06,0.9876,0.011865,0.807814
4,C4 Hybrid + régime,2025-06,2025-06-30,P_selected,MUT,0.0369908252462465,BUY,0.2484376271830454,0.2484376271830454,0.2484376271830454,5967187.999999999,1.0,2025-06,2025-06,0.9876,0.011865,0.807814
4,C4 Hybrid + régime,2025-06,2025-06-30,P_selected,CDM,0.035667513626945195,BUY,0.504632810255043,0.504632810255043,0.504632810255043,11199656.0,1.0,2025-06,2025-06,0.9876,0.011865,0.807814
4,C4 Hybrid + régime,2025-06,2025-06-30,P_selected,AKT,0.03255483947923452,BUY,0.2961582636296344,0.2961582636296344,0.2961582636296344,19644666.45,1.0,2025-06,2025-06,0.9876,0.011865,0.807814
4,C4 Hybrid + régime,2025-06,2025-06-30,P_selected,MDP,0.031200113485774932,BUY,0.7241863389947839,0.7241863389947839,0.7241863389947839,404293.6190000001,0.9219180848001594,2025-06,2025-06,0.9876,0.011865,0.807814
4,C4 Hybrid + régime,2025-06,2025-06-30,P_selected,SID,0.02115347375098669,BUY,0.6790640740775391,0.6790640740775391,0.6790640740775391,5712427.35,1.0,2025-06,2025-06,0.9876,0.011865,0.807814
4,C4 Hybrid + régime,2025-06,2025-06-30,P_selected,CTM,0.019592656199548177,BUY,0.7014058289283444,0.7014058289283444,0.7014058289283444,719493.7950000002,0.9994537572653089,2025-06,2025-06,0.9876,0.011865,0.807814
4,C4 Hybrid + régime,2025-06,2025-06-30,P_selected,RIS,0.019259269955801663,NEUTRAL,0.03628238388087359,0.03628238388087359,0.018141191940436795,1031681.5225000002,0.9999962990020594,2025-06,2025-06,0.9876,0.011865,0.807814
4,C4 Hybrid + régime,2025-06,2025-06-30,P_selected,JET,0.014067286322971039,BUY,1.645614946828351,1.645614946828351,1.645614946828351,15226401.2,1.0,2025-06,2025-06,0.9876,0.011865,0.807814
4,C4 Hybrid + régime,2025-06,2025-06-30,P_selected,TGC,0.012768565683020951,BUY,0.4467458537117202,0.4467458537117202,0.4467458537117202,37492644.615,1.0,2025-06,2025-06,0.9876,0.011865,0.807814
4,C4 Hybrid + régime,2025-06,2025-06-30,P_selected,SNP,0.012055797776569012,NEUTRAL,0.17440215043125212,0.17440215043125212,0.08720107521562606,3374089.9249999993,1.0,2025-06,2025-06,0.9876,0.011865,0.807814
4,C4 Hybrid + régime,2025-06,2025-06-30,P_selected,RDS,0.010192070897074766,BUY,0.8598643592569457,0.8598643592569457,0.8598643592569457,15340858.992500002,1.0,2025-06,2025-06,0.9876,0.011865,0.807814
4,C4 Hybrid + régime,2025-06,2025-06-30,P_selected,ADI,0.006812184100009724,BUY,1.5422537612334235,1.5422537612334235,1.5422537612334235,25074011.71,1.0,2025-06,2025-06,0.9876,0.011865,0.807814
4,C4 Hybrid + régime,2025-06,2025-06-30,P_selected,S2M,0.005471757546658826,BUY,1.5299558913883675,1.5299558913883675,1.5299558913883675,1125743.47,0.9999991783048232,2025-06,2025-06,0.9876,0.011865,0.807814
4,C4 Hybrid + régime,2025-06,2025-06-30,P_selected,TQM,0.0015123836855543882,NEUTRAL,0.12106239736619556,0.12106239736619556,0.06053119868309778,10620135.5,1.0,2025-06,2025-06,0.9876,0.011865,0.807814
4,C4 Hybrid + régime,2025-06,2025-06-30,P_selected,DHO,0.0007642267096662287,NEUTRAL,0.1471598603635757,0.1471598603635757,0.07357993018178785,2390132.4845,0.9999999999999987,2025-06,2025-06,0.9876,0.011865,0.807814
