cell,configuration,mois,date_rebalance,portfolio,ticker,weight,recommendation,predicted_return,conviction_score,score_opt,liquidity_vmq_20j,L_sigmoid,month,mois_obj,liquidity_L_weighted,cvar_95,expected_alpha_opt
3,C3 Hybrid,2018-07,2018-07-31,P_selected,BAL,0.1,NEUTRAL,-0.03110288934469263,-0.03110288934469263,-0.015551444672346315,0.0,0.01798620996209156,2018-07,2018-07,0.4113,0.009615,0.63553
3,C3 Hybrid,2018-07,2018-07-31,P_selected,LBV,0.1,BUY,0.41488036722551247,0.41488036722551247,0.41488036722551247,686098.6,0.9990683093555535,2018-07,2018-07,0.4113,0.009615,0.63553
3,C3 Hybrid,2018-07,2018-07-31,P_selected,JET,0.0996643239436776,BUY,4.1262103939404575,4.1262103939404575,4.1262103939404575,1056941.62,0.9999975294466167,2018-07,2018-07,0.4113,0.009615,0.63553
3,C3 Hybrid,2018-07,2018-07-31,P_selected,ATL,0.076358561276935,BUY,0.14179781603829344,0.14179781603829344,0.14179781603829344,357179.41000000003,0.8474669516073305,2018-07,2018-07,0.4113,0.009615,0.63553
3,C3 Hybrid,2018-07,2018-07-31,P_selected,COL,0.07158187810045372,BUY,0.3173183525978723,0.3173183525978723,0.3173183525978723,426211.73250000004,0.9437145525420022,2018-07,2018-07,0.4113,0.009615,0.63553
3,C3 Hybrid,2018-07,2018-07-31,P_selected,EQD,0.06858347576725944,BUY,0.26565525538203355,0.26565525538203355,0.26565525538203355,2113.9,0.01859344689077907,2018-07,2018-07,0.4113,0.009615,0.63553
3,C3 Hybrid,2018-07,2018-07-31,P_selected,S2M,0.05660741583830843,BUY,0.3312843010781744,0.3312843010781744,0.3312843010781744,9510.8,0.020880720583514163,2018-07,2018-07,0.4113,0.009615,0.63553
3,C3 Hybrid,2018-07,2018-07-31,P_selected,TQM,0.04657109476463347,BUY,0.19308250674486938,0.19308250674486938,0.19308250674486938,1811913.0,0.999999999985981,2018-07,2018-07,0.4113,0.009615,0.63553
3,C3 Hybrid,2018-07,2018-07-31,P_selected,SRM,0.03918494184427294,BUY,0.26127055765153506,0.26127055765153506,0.26127055765153506,4011.3,0.019155591211587174,2018-07,2018-07,0.4113,0.009615,0.63553
3,C3 Hybrid,2018-07,2018-07-31,P_selected,HPS,0.0370314450843132,BUY,0.20146177755023997,0.20146177755023997,0.20146177755023997,71143.80999999981,0.05407972003485135,2018-07,2018-07,0.4113,0.009615,0.63553
3,C3 Hybrid,2018-07,2018-07-31,P_selected,MDP,0.03412686342930682,BUY,0.3387402595668506,0.3387402595668506,0.3387402595668506,5449.359500000092,0.01959271539945556,2018-07,2018-07,0.4113,0.009615,0.63553
3,C3 Hybrid,2018-07,2018-07-31,P_selected,MOX,0.03339377688180312,BUY,0.26135648549246193,0.26135648549246193,0.26135648549246193,7329.164999999999,0.02017888299544964,2018-07,2018-07,0.4113,0.009615,0.63553
3,C3 Hybrid,2018-07,2018-07-31,P_selected,RIS,0.031240569969002686,BUY,0.28720300380644836,0.28720300380644836,0.28720300380644836,76117.2725000001,0.05829785994543916,2018-07,2018-07,0.4113,0.009615,0.63553
3,C3 Hybrid,2018-07,2018-07-31,P_selected,CTM,0.028186522265315907,BUY,0.4037395357278124,0.4037395357278124,0.4037395357278124,39529.35,0.03332577579355919,2018-07,2018-07,0.4113,0.009615,0.63553
3,C3 Hybrid,2018-07,2018-07-31,P_selected,SOT,0.027309079003592432,BUY,0.14226085362589602,0.14226085362589602,0.14226085362589602,812.25,0.01821719820937452,2018-07,2018-07,0.4113,0.009615,0.63553
3,C3 Hybrid,2018-07,2018-07-31,P_selected,GAZ,0.019536496767027536,NEUTRAL,0.02619357792727374,0.02619357792727374,0.01309678896363687,268044.0,0.5716788211108534,2018-07,2018-07,0.4113,0.009615,0.63553
3,C3 Hybrid,2018-07,2018-07-31,P_selected,ALM,0.01947252016957126,BUY,0.2377690404010474,0.2377690404010474,0.2377690404010474,1514.7,0.018419307295170488,2018-07,2018-07,0.4113,0.009615,0.63553
3,C3 Hybrid,2018-07,2018-07-31,P_selected,DWY,0.01911469365799654,BUY,0.3484316325487286,0.3484316325487286,0.3484316325487286,44662.99249999963,0.03607573950582562,2018-07,2018-07,0.4113,0.009615,0.63553
3,C3 Hybrid,2018-07,2018-07-31,P_selected,MIC,0.01769924363379394,BUY,0.31288496681806494,0.31288496681806494,0.31288496681806494,61544.357500000006,0.04673986989845904,2018-07,2018-07,0.4113,0.009615,0.63553
3,C3 Hybrid,2018-07,2018-07-31,P_selected,DRI,0.014519713810354051,BUY,0.9047258005627554,0.9047258005627554,0.9047258005627554,24018.2,0.026193309466106974,2018-07,2018-07,0.4113,0.009615,0.63553
3,C3 Hybrid,2018-07,2018-07-31,P_selected,FBR,0.012307910092923929,BUY,0.11456104179349329,0.11456104179349329,0.11456104179349329,22089.581500000022,0.0254176130818299,2018-07,2018-07,0.4113,0.009615,0.63553
3,C3 Hybrid,2018-07,2018-07-31,P_selected,DHO,0.011971725449126865,NEUTRAL,0.06354282995729196,0.06354282995729196,0.03177141497864598,64475.19700000009,0.04887419245635132,2018-07,2018-07,0.4113,0.009615,0.63553
3,C3 Hybrid,2018-07,2018-07-31,P_selected,CIH,0.011489319192275275,BUY,0.15514874778976695,0.15514874778976695,0.15514874778976695,223895.5125,0.3970740019534859,2018-07,2018-07,0.4113,0.009615,0.63553
3,C3 Hybrid,2018-07,2018-07-31,P_selected,SID,0.010924106627326543,BUY,0.675110529877908,0.675110529877908,0.675110529877908,128754.25999999998,0.1256553447962296,2018-07,2018-07,0.4113,0.009615,0.63553
3,C3 Hybrid,2018-07,2018-07-31,P_selected,RDS,0.009456671208064,NEUTRAL,0.09802325892847409,0.09802325892847409,0.049011629464237046,52290.69,0.04056850226326277,2018-07,2018-07,0.4113,0.009615,0.63553
3,C3 Hybrid,2018-07,2018-07-31,P_selected,M2M,0.0027802982314995422,BUY,0.3686388613889908,0.3686388613889908,0.3686388613889908,12650.622500000001,0.021932909534472442,2018-07,2018-07,0.4113,0.009615,0.63553
3,C3 Hybrid,2018-07,2018-07-31,P_selected,SMI,0.000783232554352369,NEUTRAL,-0.08861457011003931,-0.08861457011003931,-0.04430728505501966,329696.7,0.7816225903230185,2018-07,2018-07,0.4113,0.009615,0.63553
3,C3 Hybrid,2018-08,2018-08-31,P_selected,IAM,0.1,NEUTRAL,-0.08287545638008458,-0.08287545638008458,-0.04143772819004229,8413317.717500001,1.0,2018-08,2018-08,0.6245,0.008121,0.536355
3,C3 Hybrid,2018-08,2018-08-31,P_selected,IMO,0.1,BUY,1.0871368140527866,1.0871368140527866,1.0871368140527866,98628.93900000001,0.08151511568636022,2018-08,2018-08,0.6245,0.008121,0.536355
3,C3 Hybrid,2018-08,2018-08-31,P_selected,SLF,0.1,BUY,0.19641991619711113,0.19641991619711113,0.19641991619711113,1567046.25,0.9999999992949413,2018-08,2018-08,0.6245,0.008121,0.536355
3,C3 Hybrid,2018-08,2018-08-31,P_selected,LBV,0.09930064377383166,BUY,0.37321322422803516,0.37321322422803516,0.37321322422803516,561520.5,0.9932021511299907,2018-08,2018-08,0.6245,0.008121,0.536355
3,C3 Hybrid,2018-08,2018-08-31,P_selected,EQD,0.08771486413594877,BUY,2.211917900191574,2.211917900191574,2.211917900191574,87301.8,0.0689346059572337,2018-08,2018-08,0.6245,0.008121,0.536355
3,C3 Hybrid,2018-08,2018-08-31,P_selected,CIH,0.071187347985749,BUY,0.18714372171556148,0.18714372171556148,0.18714372171556148,584119.3425,0.9952550090970593,2018-08,2018-08,0.6245,0.008121,0.536355
3,C3 Hybrid,2018-08,2018-08-31,P_selected,AFM,0.06577945675114792,BUY,0.5713279737863954,0.5713279737863954,0.5713279737863954,357814.75,0.8487763683305605,2018-08,2018-08,0.6245,0.008121,0.536355
3,C3 Hybrid,2018-08,2018-08-31,P_selected,SBM,0.05788985527015645,NEUTRAL,0.04786557415198456,0.04786557415198456,0.02393278707599228,675885.0,0.9989030893086733,2018-08,2018-08,0.6245,0.008121,0.536355
3,C3 Hybrid,2018-08,2018-08-31,P_selected,JET,0.03453593515448305,BUY,0.9362132695503151,0.9362132695503151,0.9362132695503151,658458.98,0.9985508728338357,2018-08,2018-08,0.6245,0.008121,0.536355
3,C3 Hybrid,2018-08,2018-08-31,P_selected,RIS,0.03428713127150848,NEUTRAL,0.028902547816862325,0.028902547816862325,0.014451273908431162,131311.4225000001,0.1302197438337115,2018-08,2018-08,0.6245,0.008121,0.536355
3,C3 Hybrid,2018-08,2018-08-31,P_selected,HPS,0.030836418565725176,BUY,0.37274042021027026,0.37274042021027026,0.37274042021027026,76757.39999999982,0.0588626902630874,2018-08,2018-08,0.6245,0.008121,0.536355
3,C3 Hybrid,2018-08,2018-08-31,P_selected,GAZ,0.03070600003771616,BUY,1.3363842310728389,1.3363842310728389,1.3363842310728389,9544.0,0.020891583581168063,2018-08,2018-08,0.6245,0.008121,0.536355
3,C3 Hybrid,2018-08,2018-08-31,P_selected,TQM,0.029352230445923035,BUY,0.12369494559232948,0.12369494559232948,0.12369494559232948,2464759.95,0.9999999999999996,2018-08,2018-08,0.6245,0.008121,0.536355
3,C3 Hybrid,2018-08,2018-08-31,P_selected,RDS,0.027379832542012508,NEUTRAL,0.026254108929740186,0.026254108929740186,0.013127054464870093,300092.811,0.6902920422483682,2018-08,2018-08,0.6245,0.008121,0.536355
3,C3 Hybrid,2018-08,2018-08-31,P_selected,DHO,0.02719621746081328,NEUTRAL,-0.01476853021783748,-0.01476853021783748,-0.00738426510891874,1069196.7925,0.9999979693420633,2018-08,2018-08,0.6245,0.008121,0.536355
3,C3 Hybrid,2018-08,2018-08-31,P_selected,MIC,0.022849829215878255,BUY,0.8084335828657675,0.8084335828657675,0.8084335828657675,32551.495000000003,0.029910577355310893,2018-08,2018-08,0.6245,0.008121,0.536355
3,C3 Hybrid,2018-08,2018-08-31,P_selected,ATL,0.01805192463918261,BUY,0.261150406193694,0.261150406193694,0.261150406193694,233291.66400000002,0.4335618640966327,2018-08,2018-08,0.6245,0.008121,0.536355
3,C3 Hybrid,2018-08,2018-08-31,P_selected,M2M,0.014673914838992242,BUY,0.369173289052535,0.369173289052535,0.369173289052535,10920.375,0.021346831236762013,2018-08,2018-08,0.6245,0.008121,0.536355
3,C3 Hybrid,2018-08,2018-08-31,P_selected,MOX,0.012185726237880987,BUY,0.5188687875051269,0.5188687875051269,0.5188687875051269,2454.4900000000002,0.018693148113017786,2018-08,2018-08,0.6245,0.008121,0.536355
3,C3 Hybrid,2018-08,2018-08-31,P_selected,ALM,0.011536567364737346,BUY,0.11998508665936274,0.11998508665936274,0.11998508665936274,20123.95,0.02465006444452681,2018-08,2018-08,0.6245,0.008121,0.536355
3,C3 Hybrid,2018-08,2018-08-31,P_selected,SOT,0.008530201763831291,NEUTRAL,-0.026205511079215676,-0.026205511079215676,-0.013102755539607838,1521.975,0.018421411929384044,2018-08,2018-08,0.6245,0.008121,0.536355
3,C3 Hybrid,2018-08,2018-08-31,P_selected,FBR,0.004364582746251621,NEUTRAL,0.08325752426713706,0.08325752426713706,0.04162876213356853,7997.260000000024,0.020391320513186886,2018-08,2018-08,0.6245,0.008121,0.536355
3,C3 Hybrid,2018-08,2018-08-31,P_selected,S2M,0.0037182939163866095,BUY,0.18284123203268446,0.18284123203268446,0.18284123203268446,12896.03,0.02201729898245884,2018-08,2018-08,0.6245,0.008121,0.536355
3,C3 Hybrid,2018-08,2018-08-31,P_selected,SRM,0.0030889517765291413,BUY,0.40955929417066844,0.40955929417066844,0.40955929417066844,12.752500000000001,0.017989814215133442,2018-08,2018-08,0.6245,0.008121,0.536355
3,C3 Hybrid,2018-08,2018-08-31,P_selected,CTM,0.0018503007381232793,BUY,0.3192342870392327,0.3192342870392327,0.3192342870392327,67753.68000000001,0.05137113905407706,2018-08,2018-08,0.6245,0.008121,0.536355
3,C3 Hybrid,2018-08,2018-08-31,P_selected,COL,0.001727454676341798,BUY,0.23193525949600086,0.23193525949600086,0.23193525949600086,147467.778,0.16239492354138899,2018-08,2018-08,0.6245,0.008121,0.536355
3,C3 Hybrid,2018-08,2018-08-31,P_selected,MDP,0.0007906695221478757,BUY,0.18838303379305643,0.18838303379305643,0.18838303379305643,7620.750000000093,0.020271331856218117,2018-08,2018-08,0.6245,0.008121,0.536355
3,C3 Hybrid,2018-08,2018-08-31,P_selected,DRI,0.0002446739161379095,BUY,0.5796314601347808,0.5796314601347808,0.5796314601347808,5925.3,0.01973952802372057,2018-08,2018-08,0.6245,0.008121,0.536355
3,C3 Hybrid,2018-08,2018-08-31,P_selected,BCI,0.00018737260876416773,NEUTRAL,0.0917915279429375,0.0917915279429375,0.04589576397146875,569604.6449999999,0.9940220062076021,2018-08,2018-08,0.6245,0.008121,0.536355
3,C3 Hybrid,2018-09,2018-09-28,P_selected,ALM,0.1,BUY,3.353616442924241,3.353616442924241,3.353616442924241,86384.0,0.06799804231039802,2018-09,2018-09,0.608,0.00807,0.765533
3,C3 Hybrid,2018-09,2018-09-28,P_selected,IAM,0.1,BUY,1.3983126939972623,1.3983126939972623,1.3983126939972623,17103122.43,1.0,2018-09,2018-09,0.608,0.00807,0.765533
3,C3 Hybrid,2018-09,2018-09-28,P_selected,IMO,0.1,BUY,0.10765433293037871,0.10765433293037871,0.10765433293037871,827656.165,0.9999031740451148,2018-09,2018-09,0.608,0.00807,0.765533
3,C3 Hybrid,2018-09,2018-09-28,P_selected,SLF,0.1,BUY,0.145146610600595,0.145146610600595,0.145146610600595,1604611.0,0.9999999996134563,2018-09,2018-09,0.608,0.00807,0.765533
3,C3 Hybrid,2018-09,2018-09-28,P_selected,UMR,0.1,BUY,0.8674439712511032,0.8674439712511032,0.8674439712511032,0.0,0.01798620996209156,2018-09,2018-09,0.608,0.00807,0.765533
3,C3 Hybrid,2018-09,2018-09-28,P_selected,CIH,0.0840790345974858,BUY,0.4928607386864676,0.4928607386864676,0.4928607386864676,718092.045,0.9994413746373076,2018-09,2018-09,0.608,0.00807,0.765533
3,C3 Hybrid,2018-09,2018-09-28,P_selected,JET,0.07526327664304512,NEUTRAL,0.029004859957781577,0.029004859957781577,0.014502429978890789,723234.0999999999,0.9994854718344137,2018-09,2018-09,0.608,0.00807,0.765533
3,C3 Hybrid,2018-09,2018-09-28,P_selected,GAZ,0.06623203910950597,BUY,0.23744804471811723,0.23744804471811723,0.23744804471811723,453132.8,0.9626775969090717,2018-09,2018-09,0.608,0.00807,0.765533
3,C3 Hybrid,2018-09,2018-09-28,P_selected,AFM,0.05786778532823537,BUY,0.2701960513684958,0.2701960513684958,0.2701960513684958,94038.0,0.07618184996963492,2018-09,2018-09,0.608,0.00807,0.765533
3,C3 Hybrid,2018-09,2018-09-28,P_selected,EQD,0.04453689392252857,BUY,0.21488270431027878,0.21488270431027878,0.21488270431027878,164218.0,0.20221429820540454,2018-09,2018-09,0.608,0.00807,0.765533
3,C3 Hybrid,2018-09,2018-09-28,P_selected,PRO,0.043919120133059805,BUY,1.3466455109195323,1.3466455109195323,1.3466455109195323,46190.4,0.03693527375188789,2018-09,2018-09,0.608,0.00807,0.765533
3,C3 Hybrid,2018-09,2018-09-28,P_selected,RIS,0.03930368519492579,BUY,0.3502252761028826,0.3502252761028826,0.3502252761028826,676804.0250000001,0.9989190834076922,2018-09,2018-09,0.608,0.00807,0.765533
3,C3 Hybrid,2018-09,2018-09-28,P_selected,MIC,0.01845509959863144,BUY,0.391080091039529,0.391080091039529,0.391080091039529,147232.875,0.16188433734348515,2018-09,2018-09,0.608,0.00807,0.765533
3,C3 Hybrid,2018-09,2018-09-28,P_selected,SRM,0.013226467012996446,NEUTRAL,0.030511658119137655,0.030511658119137655,0.015255829059568828,312.46500000000003,0.01807472672528341,2018-09,2018-09,0.608,0.00807,0.765533
3,C3 Hybrid,2018-09,2018-09-28,P_selected,REB,0.01291728998836933,BUY,0.2001376934155797,0.2001376934155797,0.2001376934155797,202.5,0.018043526592878906,2018-09,2018-09,0.608,0.00807,0.765533
3,C3 Hybrid,2018-09,2018-09-28,P_selected,SID,0.011485762995582162,BUY,0.32376969606187156,0.32376969606187156,0.32376969606187156,1183699.625,0.9999996749199331,2018-09,2018-09,0.608,0.00807,0.765533
3,C3 Hybrid,2018-09,2018-09-28,P_selected,SOT,0.009850782562196327,NEUTRAL,0.0994473870006918,0.0994473870006918,0.0497236935003459,63200.225,0.04793458850179124,2018-09,2018-09,0.608,0.00807,0.765533
3,C3 Hybrid,2018-09,2018-09-28,P_selected,S2M,0.008823781238898683,BUY,0.34924923784715284,0.34924923784715284,0.34924923784715284,36858.9125,0.03197642898624,2018-09,2018-09,0.608,0.00807,0.765533
3,C3 Hybrid,2018-09,2018-09-28,P_selected,LBV,0.0060862601899920295,BUY,0.24206205976572504,0.24206205976572504,0.24206205976572504,1413577.85,0.9999999917845196,2018-09,2018-09,0.608,0.00807,0.765533
3,C3 Hybrid,2018-09,2018-09-28,P_selected,DWY,0.002629801780579511,BUY,0.5668286536830293,0.5668286536830293,0.5668286536830293,79134.64499999963,0.0610054952942994,2018-09,2018-09,0.608,0.00807,0.765533
3,C3 Hybrid,2018-09,2018-09-28,P_selected,CTM,0.001903590379532249,BUY,0.4689432522106966,0.4689432522106966,0.4689432522106966,59383.96,0.045223663147116795,2018-09,2018-09,0.608,0.00807,0.765533
3,C3 Hybrid,2018-09,2018-09-28,P_selected,COL,0.0017779350753111833,NEUTRAL,-0.006182299735054676,-0.006182299735054676,-0.003091149867527338,13219.4905,0.022129013892023788,2018-09,2018-09,0.608,0.00807,0.765533
3,C3 Hybrid,2018-09,2018-09-28,P_selected,MOX,0.0012575239087133374,BUY,0.5002657299663914,0.5002657299663914,0.5002657299663914,63.08999999999999,0.018004048082123837,2018-09,2018-09,0.608,0.00807,0.765533
3,C3 Hybrid,2018-09,2018-09-28,P_selected,MDP,0.0002057287506602124,BUY,0.3344802655441214,0.3344802655441214,0.3344802655441214,18169.685000000092,0.023909369262376398,2018-09,2018-09,0.608,0.00807,0.765533
3,C3 Hybrid,2018-09,2018-09-28,P_selected,M2M,0.0001781409037313805,BUY,0.5597161380003411,0.5597161380003411,0.5597161380003411,7417.315,0.020206787874745755,2018-09,2018-09,0.608,0.00807,0.765533
3,C3 Hybrid,2018-10,2018-10-31,P_selected,CTM,0.1,BUY,0.45755334730051306,0.45755334730051306,0.45755334730051306,48031.3,0.03799740793329496,2018-10,2018-10,0.3706,0.011048,0.777135
3,C3 Hybrid,2018-10,2018-10-31,P_selected,IMO,0.1,BUY,2.852861829438939,2.852861829438939,2.852861829438939,107167.3135,0.0923458216757201,2018-10,2018-10,0.3706,0.011048,0.777135
3,C3 Hybrid,2018-10,2018-10-31,P_selected,JET,0.1,BUY,0.10762665985017061,0.10762665985017061,0.10762665985017061,326252.49250000005,0.7720705674898696,2018-10,2018-10,0.3706,0.011048,0.777135
3,C3 Hybrid,2018-10,2018-10-31,P_selected,OUL,0.1,BUY,1.985629709685957,1.985629709685957,1.985629709685957,783.25,0.018208901270280017,2018-10,2018-10,0.3706,0.011048,0.777135
3,C3 Hybrid,2018-10,2018-10-31,P_selected,MSA,0.0756825160536215,NEUTRAL,-0.003047591552462675,-0.003047591552462675,-0.0015237957762313376,9032898.245000001,1.0,2018-10,2018-10,0.3706,0.011048,0.777135
3,C3 Hybrid,2018-10,2018-10-31,P_selected,HPS,0.07025383055970648,NEUTRAL,-0.09458823747489398,-0.09458823747489398,-0.04729411873744699,1879404.22,0.9999999999952385,2018-10,2018-10,0.3706,0.011048,0.777135
3,C3 Hybrid,2018-10,2018-10-31,P_selected,CMT,0.06879395085806471,NEUTRAL,-0.09794375871235222,-0.09794375871235222,-0.04897187935617611,717608.75,0.9994370406404087,2018-10,2018-10,0.3706,0.011048,0.777135
3,C3 Hybrid,2018-10,2018-10-31,P_selected,MIC,0.06528178487789861,BUY,0.5504973661073442,0.5504973661073442,0.5504973661073442,10117.15,0.021079991735051443,2018-10,2018-10,0.3706,0.011048,0.777135
3,C3 Hybrid,2018-10,2018-10-31,P_selected,GAZ,0.06442254988533862,BUY,0.10125166887155329,0.10125166887155329,0.10125166887155329,46853.55,0.037314556893824194,2018-10,2018-10,0.3706,0.011048,0.777135
3,C3 Hybrid,2018-10,2018-10-31,P_selected,RIS,0.06270302017902386,BUY,2.1747723960566128,2.1747723960566128,2.1747723960566128,130155.77750000008,0.12813976363944693,2018-10,2018-10,0.3706,0.011048,0.777135
3,C3 Hybrid,2018-10,2018-10-31,P_selected,PRO,0.04769966690930334,BUY,0.16951774421997534,0.16951774421997534,0.16951774421997534,17301.725,0.023587403957442073,2018-10,2018-10,0.3706,0.011048,0.777135
3,C3 Hybrid,2018-10,2018-10-31,P_selected,AFM,0.04618939581460837,BUY,0.10271788820038263,0.10271788820038263,0.10271788820038263,127897.7,0.12415734333792758,2018-10,2018-10,0.3706,0.011048,0.777135
3,C3 Hybrid,2018-10,2018-10-31,P_selected,DWY,0.041636037155613384,BUY,0.2785884096776664,0.2785884096776664,0.2785884096776664,655054.1674999996,0.9984698629751769,2018-10,2018-10,0.3706,0.011048,0.777135
3,C3 Hybrid,2018-10,2018-10-31,P_selected,M2M,0.024613442356236574,BUY,0.37747601110382134,0.37747601110382134,0.37747601110382134,19688.435,0.02448308473232665,2018-10,2018-10,0.3706,0.011048,0.777135
3,C3 Hybrid,2018-10,2018-10-31,P_selected,SRM,0.016654099293134134,BUY,1.659568411228745,1.659568411228745,1.659568411228745,700.0,0.018185103932508558,2018-10,2018-10,0.3706,0.011048,0.777135
3,C3 Hybrid,2018-10,2018-10-31,P_selected,S2M,0.013104104167579176,BUY,0.1416096994328684,0.1416096994328684,0.1416096994328684,6767.485000000001,0.020001961233160538,2018-10,2018-10,0.3706,0.011048,0.777135
3,C3 Hybrid,2018-10,2018-10-31,P_selected,SID,0.0012964349438164477,BUY,0.9896230148114612,0.9896230148114612,0.9896230148114612,421865.92000000004,0.9399051444327732,2018-10,2018-10,0.3706,0.011048,0.777135
3,C3 Hybrid,2018-10,2018-10-31,P_selected,ADH,0.0011661126810675196,NEUTRAL,-0.05761284783468956,-0.05761284783468956,-0.02880642391734478,3338171.9575000014,1.0,2018-10,2018-10,0.3706,0.011048,0.777135
3,C3 Hybrid,2018-10,2018-10-31,P_selected,SMI,0.0003707895528713336,BUY,0.6234843997920534,0.6234843997920534,0.6234843997920534,2396.9,0.0186762529749998,2018-10,2018-10,0.3706,0.011048,0.777135
3,C3 Hybrid,2018-10,2018-10-31,P_selected,FBR,0.0001110918049884375,BUY,0.3845531575343595,0.3845531575343595,0.3845531575343595,17692.020000000022,0.023731655030429115,2018-10,2018-10,0.3706,0.011048,0.777135
3,C3 Hybrid,2018-11,2018-11-30,P_selected,IMO,0.1,BUY,1.6456097884244065,1.6456097884244065,1.6456097884244065,112225.715,0.09935708663799728,2018-11,2018-11,0.5001,0.010547,0.64471
3,C3 Hybrid,2018-11,2018-11-30,P_selected,JET,0.1,BUY,0.5766137497426882,0.5766137497426882,0.5766137497426882,421582.4,0.9396484054705101,2018-11,2018-11,0.5001,0.010547,0.64471
3,C3 Hybrid,2018-11,2018-11-30,P_selected,SOT,0.1,BUY,1.1274141006440177,1.1274141006440177,1.1274141006440177,876090.25,0.9999553871495539,2018-11,2018-11,0.5001,0.010547,0.64471
3,C3 Hybrid,2018-11,2018-11-30,P_selected,AFM,0.09003466876544439,NEUTRAL,0.03859720238541209,0.03859720238541209,0.019298601192706044,13209.25,0.02212546861021332,2018-11,2018-11,0.5001,0.010547,0.64471
3,C3 Hybrid,2018-11,2018-11-30,P_selected,GAZ,0.08786934536905315,NEUTRAL,0.060932788286723966,0.060932788286723966,0.030466394143361983,845090.4,0.9999267417479865,2018-11,2018-11,0.5001,0.010547,0.64471
3,C3 Hybrid,2018-11,2018-11-30,P_selected,HPS,0.07705012211192265,BUY,0.18912455030934178,0.18912455030934178,0.18912455030934178,1055239.2499999998,0.9999974612292196,2018-11,2018-11,0.5001,0.010547,0.64471
3,C3 Hybrid,2018-11,2018-11-30,P_selected,RIS,0.0667236808262142,BUY,2.9807508080697183,2.9807508080697183,2.9807508080697183,85842.37500000009,0.06745089235783149,2018-11,2018-11,0.5001,0.010547,0.64471
3,C3 Hybrid,2018-11,2018-11-30,P_selected,CMT,0.06090223539652852,NEUTRAL,0.08971028748770862,0.08971028748770862,0.04485514374385431,740531.5,0.9996098168287825,2018-11,2018-11,0.5001,0.010547,0.64471
3,C3 Hybrid,2018-11,2018-11-30,P_selected,MIC,0.05994769277959847,BUY,0.5265473328417181,0.5265473328417181,0.5265473328417181,35253.435,0.031190783952483894,2018-11,2018-11,0.5001,0.010547,0.64471
3,C3 Hybrid,2018-11,2018-11-30,P_selected,PRO,0.05897775131567446,BUY,0.13164321322934996,0.13164321322934996,0.13164321322934996,14942.115,0.022733358282653375,2018-11,2018-11,0.5001,0.010547,0.64471
3,C3 Hybrid,2018-11,2018-11-30,P_selected,ALM,0.05766420002043899,NEUTRAL,-0.05938547503200148,-0.05938547503200148,-0.02969273751600074,172653.05,0.22486252242926522,2018-11,2018-11,0.5001,0.010547,0.64471
3,C3 Hybrid,2018-11,2018-11-30,P_selected,DWY,0.03934968148725558,BUY,0.6438795976939846,0.6438795976939846,0.6438795976939846,415983.49499999965,0.9343636419653965,2018-11,2018-11,0.5001,0.010547,0.64471
3,C3 Hybrid,2018-11,2018-11-30,P_selected,DHO,0.030327894063860775,NEUTRAL,-0.06500998729787003,-0.06500998729787003,-0.03250499364893501,19161.433500000094,0.024282502546974234,2018-11,2018-11,0.5001,0.010547,0.64471
3,C3 Hybrid,2018-11,2018-11-30,P_selected,FBR,0.022045869006422063,BUY,0.4260152915590459,0.4260152915590459,0.4260152915590459,1075.8000000000204,0.01829277049621993,2018-11,2018-11,0.5001,0.010547,0.64471
3,C3 Hybrid,2018-11,2018-11-30,P_selected,M2M,0.01873717479385307,BUY,0.5333069712316896,0.5333069712316896,0.5333069712316896,5182.95,0.019511004165049556,2018-11,2018-11,0.5001,0.010547,0.64471
3,C3 Hybrid,2018-11,2018-11-30,P_selected,S2M,0.018187737081546203,BUY,0.31464897030959654,0.31464897030959654,0.31464897030959654,6304.1125,0.01985714966057708,2018-11,2018-11,0.5001,0.010547,0.64471
3,C3 Hybrid,2018-11,2018-11-30,P_selected,TMA,0.006772490413706966,NEUTRAL,0.0048047091983574874,0.0048047091983574874,0.0024023545991787437,2160367.5,0.9999999999999469,2018-11,2018-11,0.5001,0.010547,0.64471
3,C3 Hybrid,2018-11,2018-11-30,P_selected,SNP,0.004491735275065546,BUY,0.11151622768460877,0.11151622768460877,0.11151622768460877,236878.38999999996,0.44770550205671444,2018-11,2018-11,0.5001,0.010547,0.64471
3,C3 Hybrid,2018-11,2018-11-30,P_selected,SRM,0.0006043550438732251,BUY,1.8916986733156425,1.8916986733156425,1.8916986733156425,19303.9,0.02433656817869535,2018-11,2018-11,0.5001,0.010547,0.64471
3,C3 Hybrid,2018-11,2018-11-30,P_selected,SID,0.00030406381036048795,BUY,1.3164167904354598,1.3164167904354598,1.3164167904354598,555341.3724999999,0.9925010269293773,2018-11,2018-11,0.5001,0.010547,0.64471
3,C3 Hybrid,2018-12,2018-12-31,P_selected,IAM,0.1,BUY,1.097972861658902,1.097972861658902,1.097972861658902,24337814.517500002,1.0,2018-12,2018-12,0.6951,0.009444,0.83738
3,C3 Hybrid,2018-12,2018-12-31,P_selected,UMR,0.1,BUY,1.9959917569411585,1.9959917569411585,1.9959917569411585,892.3,0.018240119883555166,2018-12,2018-12,0.6951,0.009444,0.83738
3,C3 Hybrid,2018-12,2018-12-31,P_selected,IMO,0.09971585417701738,BUY,1.235976634997645,1.235976634997645,1.235976634997645,427925.8075,0.9451537045604537,2018-12,2018-12,0.6951,0.009444,0.83738
3,C3 Hybrid,2018-12,2018-12-31,P_selected,AFM,0.07455518795118306,BUY,0.26958943584819817,0.26958943584819817,0.26958943584819817,397240.3,0.9133976835011335,2018-12,2018-12,0.6951,0.009444,0.83738
3,C3 Hybrid,2018-12,2018-12-31,P_selected,CTM,0.07066172077697262,BUY,0.6262766511986821,0.6262766511986821,0.6262766511986821,6400.9,0.019887312240997,2018-12,2018-12,0.6951,0.009444,0.83738
3,C3 Hybrid,2018-12,2018-12-31,P_selected,HPS,0.06804514404102477,BUY,0.37506123472302305,0.37506123472302305,0.37506123472302305,2101194.225,0.999999999999863,2018-12,2018-12,0.6951,0.009444,0.83738
3,C3 Hybrid,2018-12,2018-12-31,P_selected,JET,0.06697793889829969,BUY,0.356335779430482,0.356335779430482,0.356335779430482,1877717.575,0.9999999999951084,2018-12,2018-12,0.6951,0.009444,0.83738
3,C3 Hybrid,2018-12,2018-12-31,P_selected,TMA,0.06683121421798416,BUY,1.2764194369817008,1.2764194369817008,1.2764194369817008,6604267.125,1.0,2018-12,2018-12,0.6951,0.009444,0.83738
3,C3 Hybrid,2018-12,2018-12-31,P_selected,RIS,0.06565052345245107,BUY,1.3675044174850037,1.3675044174850037,1.3675044174850037,467473.1900000001,0.9701008806507483,2018-12,2018-12,0.6951,0.009444,0.83738
3,C3 Hybrid,2018-12,2018-12-31,P_selected,CMT,0.058801292281031176,BUY,0.27798544281976556,0.27798544281976556,0.27798544281976556,1596344.35,0.9999999995587943,2018-12,2018-12,0.6951,0.009444,0.83738
3,C3 Hybrid,2018-12,2018-12-31,P_selected,LBV,0.05071162148873312,NEUTRAL,-0.06289804687615334,-0.06289804687615334,-0.03144902343807667,9948814.5,1.0,2018-12,2018-12,0.6951,0.009444,0.83738
3,C3 Hybrid,2018-12,2018-12-31,P_selected,OUL,0.05032774427674683,BUY,1.7351951897636626,1.7351951897636626,1.7351951897636626,4897.15,0.019423716953255888,2018-12,2018-12,0.6951,0.009444,0.83738
3,C3 Hybrid,2018-12,2018-12-31,P_selected,CIH,0.047915117784090265,BUY,0.13830039733500615,0.13830039733500615,0.13830039733500615,5810900.834999999,1.0,2018-12,2018-12,0.6951,0.009444,0.83738
3,C3 Hybrid,2018-12,2018-12-31,P_selected,MIC,0.03639984252983525,NEUTRAL,-0.08715050402576076,-0.08715050402576076,-0.04357525201288038,48796.362499999996,0.03844739986474968,2018-12,2018-12,0.6951,0.009444,0.83738
3,C3 Hybrid,2018-12,2018-12-31,P_selected,M2M,0.027412784979098177,BUY,0.15078709523188644,0.15078709523188644,0.15078709523188644,91115.59,0.07295559079709937,2018-12,2018-12,0.6951,0.009444,0.83738
3,C3 Hybrid,2018-12,2018-12-31,P_selected,MDP,0.00743133459675157,NEUTRAL,-0.09680274756512167,-0.09680274756512167,-0.04840137378256083,5762.177500000091,0.01968908886550744,2018-12,2018-12,0.6951,0.009444,0.83738
3,C3 Hybrid,2018-12,2018-12-31,P_selected,SOT,0.004737908076017414,BUY,0.40866292641521945,0.40866292641521945,0.40866292641521945,25350.7625,0.026742677829814616,2018-12,2018-12,0.6951,0.009444,0.83738
3,C3 Hybrid,2018-12,2018-12-31,P_selected,INV,0.0016360961285887359,BUY,1.8350384692292523,1.8350384692292523,1.8350384692292523,2228.600000000003,0.0186269647288614,2018-12,2018-12,0.6951,0.009444,0.83738
3,C3 Hybrid,2018-12,2018-12-31,P_selected,CSR,0.0016212998762062433,NEUTRAL,0.06493555858269433,0.06493555858269433,0.032467779291347164,15873534.9125,1.0,2018-12,2018-12,0.6951,0.009444,0.83738
3,C3 Hybrid,2018-12,2018-12-31,P_selected,ATL,0.00020332094444104376,NEUTRAL,0.07518092413261918,0.07518092413261918,0.03759046206630959,86299.518,0.06791242850358897,2018-12,2018-12,0.6951,0.009444,0.83738
3,C3 Hybrid,2018-12,2018-12-31,P_selected,S2M,0.00020036007495751875,NEUTRAL,-0.004723374556702527,-0.004723374556702527,-0.0023616872783512634,254315.2,0.5172539464667859,2018-12,2018-12,0.6951,0.009444,0.83738
3,C3 Hybrid,2018-12,2018-12-31,P_selected,SID,0.00010958321854233932,BUY,0.18674265466443674,0.18674265466443674,0.18674265466443674,841836.375,0.9999228268667276,2018-12,2018-12,0.6951,0.009444,0.83738
3,C3 Hybrid,2019-01,2019-01-31,P_selected,IAM,0.1,BUY,0.2835726334966833,0.2835726334966833,0.2835726334966833,17037084.5775,1.0,2019-01,2019-01,0.5705,0.009989,0.66608
3,C3 Hybrid,2019-01,2019-01-31,P_selected,IMO,0.1,BUY,1.0549615529001692,1.0549615529001692,1.0549615529001692,113278.366,0.10087443744822618,2019-01,2019-01,0.5705,0.009989,0.66608
3,C3 Hybrid,2019-01,2019-01-31,P_selected,SOT,0.1,BUY,0.5414141954153223,0.5414141954153223,0.5414141954153223,412512.075,0.9308740126450628,2019-01,2019-01,0.5705,0.009989,0.66608
3,C3 Hybrid,2019-01,2019-01-31,P_selected,OUL,0.09350529267463459,BUY,1.0481131341482106,1.0481131341482106,1.0481131341482106,8739.55,0.02062991879294958,2019-01,2019-01,0.5705,0.009989,0.66608
3,C3 Hybrid,2019-01,2019-01-31,P_selected,CIH,0.09053671291496924,NEUTRAL,-0.028112706263142564,-0.028112706263142564,-0.014056353131571282,1474696.1949999998,0.9999999969101372,2019-01,2019-01,0.5705,0.009989,0.66608
3,C3 Hybrid,2019-01,2019-01-31,P_selected,BCP,0.07536106790453724,NEUTRAL,-0.10787262562531508,-0.10787262562531508,-0.05393631281265754,6477089.6075,1.0,2019-01,2019-01,0.5705,0.009989,0.66608
3,C3 Hybrid,2019-01,2019-01-31,P_selected,SRM,0.06668283459570447,BUY,2.6334329470355486,2.6334329470355486,2.6334329470355486,10935.25,0.021351803895500943,2019-01,2019-01,0.5705,0.009989,0.66608
3,C3 Hybrid,2019-01,2019-01-31,P_selected,LES,0.05217507774385764,NEUTRAL,-0.11462299565984442,-0.11462299565984442,-0.05731149782992221,7159943.417500001,1.0,2019-01,2019-01,0.5705,0.009989,0.66608
3,C3 Hybrid,2019-01,2019-01-31,P_selected,JET,0.05185093389962088,BUY,0.2530834794473324,0.2530834794473324,0.2530834794473324,1266756.6675,0.9999999139301591,2019-01,2019-01,0.5705,0.009989,0.66608
3,C3 Hybrid,2019-01,2019-01-31,P_selected,SMI,0.044737186272641775,BUY,1.7628707952059746,1.7628707952059746,1.7628707952059746,148757.45,0.16522130998341739,2019-01,2019-01,0.5705,0.009989,0.66608
3,C3 Hybrid,2019-01,2019-01-31,P_selected,RIS,0.043704105505977926,BUY,2.254685191946515,2.254685191946515,2.254685191946515,67230.0550000001,0.050964392324745714,2019-01,2019-01,0.5705,0.009989,0.66608
3,C3 Hybrid,2019-01,2019-01-31,P_selected,LHM,0.02988017896924031,BUY,0.2564185354632553,0.2564185354632553,0.2564185354632553,3513711.0,1.0,2019-01,2019-01,0.5705,0.009989,0.66608
3,C3 Hybrid,2019-01,2019-01-31,P_selected,MAB,0.026776804810549573,NEUTRAL,0.13087861268226114,0.13087861268226114,0.06543930634113057,1209.0,0.018331082211796954,2019-01,2019-01,0.5705,0.009989,0.66608
3,C3 Hybrid,2019-01,2019-01-31,P_selected,M2M,0.02667363412759815,NEUTRAL,0.06861547981708009,0.06861547981708009,0.034307739908540046,246197.9375,0.4847964383041541,2019-01,2019-01,0.5705,0.009989,0.66608
3,C3 Hybrid,2019-01,2019-01-31,P_selected,HPS,0.01989758253781307,NEUTRAL,0.22707323177506045,0.22707323177506045,0.11353661588753022,467390.8499999998,0.9700626444148015,2019-01,2019-01,0.5705,0.009989,0.66608
3,C3 Hybrid,2019-01,2019-01-31,P_selected,MOX,0.019274659706033398,BUY,0.3449233050146633,0.3449233050146633,0.3449233050146633,56.017500000000005,0.018002047533493014,2019-01,2019-01,0.5705,0.009989,0.66608
3,C3 Hybrid,2019-01,2019-01-31,P_selected,TMA,0.012537546779401484,NEUTRAL,0.08287613110490781,0.08287613110490781,0.041438065552453905,2231894.625,0.9999999999999831,2019-01,2019-01,0.5705,0.009989,0.66608
3,C3 Hybrid,2019-01,2019-01-31,P_selected,EQD,0.010933188613263348,NEUTRAL,-0.07563173785720036,-0.07563173785720036,-0.03781586892860018,65646.2,0.04975254554596313,2019-01,2019-01,0.5705,0.009989,0.66608
3,C3 Hybrid,2019-01,2019-01-31,P_selected,GAZ,0.010005664878838584,NEUTRAL,-0.07416861069270146,-0.07416861069270146,-0.03708430534635073,142464.4,0.1517978101281615,2019-01,2019-01,0.5705,0.009989,0.66608
3,C3 Hybrid,2019-01,2019-01-31,P_selected,COL,0.009367614633579562,NEUTRAL,-0.05145225370296456,-0.05145225370296456,-0.02572612685148228,159990.5625,0.19152196643564418,2019-01,2019-01,0.5705,0.009989,0.66608
3,C3 Hybrid,2019-01,2019-01-31,P_selected,MIC,0.004760261099029512,BUY,0.37687659611793,0.37687659611793,0.37687659611793,10382.094999999994,0.021167646453891298,2019-01,2019-01,0.5705,0.009989,0.66608
3,C3 Hybrid,2019-01,2019-01-31,P_selected,NKL,0.004652402185880696,BUY,0.3153387053773473,0.3153387053773473,0.3153387053773473,11107.819,0.021409575975359564,2019-01,2019-01,0.5705,0.009989,0.66608
3,C3 Hybrid,2019-01,2019-01-31,P_selected,DHO,0.0021497058326672143,NEUTRAL,-0.040594678269475826,-0.040594678269475826,-0.020297339134737913,556437.3810000002,0.9926304229503873,2019-01,2019-01,0.5705,0.009989,0.66608
3,C3 Hybrid,2019-01,2019-01-31,P_selected,CSR,0.001818303413358571,NEUTRAL,-0.08616315193317592,-0.08616315193317592,-0.04308157596658796,4627991.4975000005,1.0,2019-01,2019-01,0.5705,0.009989,0.66608
3,C3 Hybrid,2019-01,2019-01-31,P_selected,INV,0.0013556129425925404,BUY,0.23858762316245857,0.23858762316245857,0.23858762316245857,2322.782500000003,0.018654531219096368,2019-01,2019-01,0.5705,0.009989,0.66608
3,C3 Hybrid,2019-01,2019-01-31,P_selected,MSA,0.0008573623681428764,NEUTRAL,0.19931168307997593,0.19931168307997593,0.09965584153998797,9902530.52,1.0,2019-01,2019-01,0.5705,0.009989,0.66608
3,C3 Hybrid,2019-01,2019-01-31,P_selected,DWY,0.0003783913492905328,NEUTRAL,-0.07637201830318877,-0.07637201830318877,-0.03818600915159438,100613.86499999963,0.08392473369680127,2019-01,2019-01,0.5705,0.009989,0.66608
3,C3 Hybrid,2019-01,2019-01-31,P_selected,ATL,0.00012787384764544524,NEUTRAL,0.19516975153144342,0.19516975153144342,0.09758487576572171,99458.4125,0.08251429866172935,2019-01,2019-01,0.5705,0.009989,0.66608
3,C3 Hybrid,2019-02,2019-02-28,P_selected,IAM,0.1,BUY,0.4386873115320907,0.4386873115320907,0.4386873115320907,12589824.755,1.0,2019-02,2019-02,0.7484,0.009335,0.563831
3,C3 Hybrid,2019-02,2019-02-28,P_selected,IMO,0.1,BUY,1.03351889100168,1.03351889100168,1.03351889100168,246994.35,0.48797971650639804,2019-02,2019-02,0.7484,0.009335,0.563831
3,C3 Hybrid,2019-02,2019-02-28,P_selected,SOT,0.09660708517686195,NEUTRAL,-0.11386033108639096,-0.11386033108639096,-0.05693016554319548,661663.425,0.9986231989490132,2019-02,2019-02,0.7484,0.009335,0.563831
3,C3 Hybrid,2019-02,2019-02-28,P_selected,GAZ,0.08144310710020665,BUY,0.39241314377517655,0.39241314377517655,0.39241314377517655,472649.2,0.9724116918270417,2019-02,2019-02,0.7484,0.009335,0.563831
3,C3 Hybrid,2019-02,2019-02-28,P_selected,BCP,0.07684350038233871,NEUTRAL,-0.14846285119830366,-0.14846285119830366,-0.07423142559915183,11409750.325,1.0,2019-02,2019-02,0.7484,0.009335,0.563831
3,C3 Hybrid,2019-02,2019-02-28,P_selected,JET,0.07040133636510497,NEUTRAL,0.05505233031540391,0.05505233031540391,0.027526165157701954,583469.3275,0.9952056403716361,2019-02,2019-02,0.7484,0.009335,0.563831
3,C3 Hybrid,2019-02,2019-02-28,P_selected,MOX,0.07029052048672055,BUY,4.259946560443869,4.259946560443869,4.259946560443869,123.8,0.018021229674982032,2019-02,2019-02,0.7484,0.009335,0.563831
3,C3 Hybrid,2019-02,2019-02-28,P_selected,MSA,0.06852114601701113,BUY,0.3026405078077387,0.3026405078077387,0.3026405078077387,3905666.2725,1.0,2019-02,2019-02,0.7484,0.009335,0.563831
3,C3 Hybrid,2019-02,2019-02-28,P_selected,CIH,0.056749964090372515,NEUTRAL,-0.21890458158678394,-0.21890458158678394,-0.10945229079339197,1278556.935,0.9999999287386001,2019-02,2019-02,0.7484,0.009335,0.563831
3,C3 Hybrid,2019-02,2019-02-28,P_selected,TQM,0.04854873956371321,NEUTRAL,0.12445084027558878,0.12445084027558878,0.06222542013779439,3281022.55,1.0,2019-02,2019-02,0.7484,0.009335,0.563831
3,C3 Hybrid,2019-02,2019-02-28,P_selected,RIS,0.03469194883979168,BUY,0.6687106671609971,0.6687106671609971,0.6687106671609971,408879.5325000001,0.927039130942014,2019-02,2019-02,0.7484,0.009335,0.563831
3,C3 Hybrid,2019-02,2019-02-28,P_selected,HPS,0.028945631463496428,BUY,0.30015132721363064,0.30015132721363064,0.30015132721363064,695129.2999999998,0.9991935555734991,2019-02,2019-02,0.7484,0.009335,0.563831
3,C3 Hybrid,2019-02,2019-02-28,P_selected,S2M,0.025941522977165447,BUY,0.31198605439421373,0.31198605439421373,0.31198605439421373,60051.60000000001,0.04568715331175181,2019-02,2019-02,0.7484,0.009335,0.563831
3,C3 Hybrid,2019-02,2019-02-28,P_selected,AFM,0.02561963300852457,BUY,0.2743819993106651,0.2743819993106651,0.2743819993106651,3955.9,0.019138944044659177,2019-02,2019-02,0.7484,0.009335,0.563831
3,C3 Hybrid,2019-02,2019-02-28,P_selected,EQD,0.024052789111658954,NEUTRAL,0.10667002586197576,0.10667002586197576,0.05333501293098788,37965.7,0.032529146375598256,2019-02,2019-02,0.7484,0.009335,0.563831
3,C3 Hybrid,2019-02,2019-02-28,P_selected,CSR,0.021071094041691933,NEUTRAL,-0.003583291594923696,-0.003583291594923696,-0.001791645797461848,2643499.9625,1.0,2019-02,2019-02,0.7484,0.009335,0.563831
3,C3 Hybrid,2019-02,2019-02-28,P_selected,INV,0.017312067425376665,BUY,0.338136153201996,0.338136153201996,0.338136153201996,24266.745000000003,0.026294935888270577,2019-02,2019-02,0.7484,0.009335,0.563831
3,C3 Hybrid,2019-02,2019-02-28,P_selected,DWY,0.012071199090266525,BUY,0.4402240095223421,0.4402240095223421,0.4402240095223421,8375.014999999627,0.020512404750792544,2019-02,2019-02,0.7484,0.009335,0.563831
3,C3 Hybrid,2019-02,2019-02-28,P_selected,ATL,0.010865488346772876,NEUTRAL,-0.07515774267227639,-0.07515774267227639,-0.037578871336138193,727005.808,0.9995155892993793,2019-02,2019-02,0.7484,0.009335,0.563831
3,C3 Hybrid,2019-02,2019-02-28,P_selected,SRM,0.009148194416402706,BUY,1.6828847081527978,1.6828847081527978,1.6828847081527978,733.2850000000001,0.018194614915178348,2019-02,2019-02,0.7484,0.009335,0.563831
3,C3 Hybrid,2019-02,2019-02-28,P_selected,DHO,0.008626805486556983,NEUTRAL,-0.04669103800015692,-0.04669103800015692,-0.02334551900007846,241073.14900000012,0.4643531758953267,2019-02,2019-02,0.7484,0.009335,0.563831
3,C3 Hybrid,2019-02,2019-02-28,P_selected,M2M,0.006574520879711081,NEUTRAL,0.21338579609152067,0.21338579609152067,0.10669289804576033,32938.835,0.03009092671350678,2019-02,2019-02,0.7484,0.009335,0.563831
3,C3 Hybrid,2019-02,2019-02-28,P_selected,SMI,0.002353389121634026,BUY,0.8045576492862728,0.8045576492862728,0.8045576492862728,6959.95,0.0200624133631108,2019-02,2019-02,0.7484,0.009335,0.563831
3,C3 Hybrid,2019-02,2019-02-28,P_selected,MIC,0.002022872005260829,NEUTRAL,0.20065730916781171,0.20065730916781171,0.10032865458390586,52265.822499999995,0.0405530185304385,2019-02,2019-02,0.7484,0.009335,0.563831
3,C3 Hybrid,2019-02,2019-02-28,P_selected,CMT,0.001210715557699747,NEUTRAL,-0.11346991246101167,-0.11346991246101167,-0.05673495623050583,1521806.0,0.9999999985459251,2019-02,2019-02,0.7484,0.009335,0.563831
3,C3 Hybrid,2019-03,2019-03-29,P_selected,MUT,0.09613918958183044,NEUTRAL,0.08297153432726856,0.08297153432726856,0.04148576716363428,857559.6875,0.9999399909402232,2019-03,2019-03,0.3604,0.008617,0.533202
3,C3 Hybrid,2019-03,2019-03-29,P_selected,IMO,0.08978933624512804,BUY,1.116518020921044,1.116518020921044,1.116518020921044,86538.263,0.06815463017131249,2019-03,2019-03,0.3604,0.008617,0.533202
3,C3 Hybrid,2019-03,2019-03-29,P_selected,UMR,0.08146570895546855,NEUTRAL,0.025627320953062832,0.025627320953062832,0.012813660476531416,58.239999999999995,0.018002676173016707,2019-03,2019-03,0.3604,0.008617,0.533202
3,C3 Hybrid,2019-03,2019-03-29,P_selected,CTM,0.06711558477077587,NEUTRAL,0.060731474341271685,0.060731474341271685,0.030365737170635843,26795.9,0.027351121997367497,2019-03,2019-03,0.3604,0.008617,0.533202
3,C3 Hybrid,2019-03,2019-03-29,P_selected,SRM,0.06506494185604643,BUY,4.011268012611884,4.011268012611884,4.011268012611884,1107.1,0.018301766105161387,2019-03,2019-03,0.3604,0.008617,0.533202
3,C3 Hybrid,2019-03,2019-03-29,P_selected,CMT,0.05840338769730367,NEUTRAL,0.03811444558696328,0.03811444558696328,0.01905722279348164,4234024.6,1.0,2019-03,2019-03,0.3604,0.008617,0.533202
3,C3 Hybrid,2019-03,2019-03-29,P_selected,LBV,0.04952905255486065,NEUTRAL,-0.11116621231445736,-0.11116621231445736,-0.05558310615722868,1648066.0,0.9999999998071398,2019-03,2019-03,0.3604,0.008617,0.533202
3,C3 Hybrid,2019-03,2019-03-29,P_selected,SLF,0.047851801898672365,NEUTRAL,0.010094115148899963,0.010094115148899963,0.005047057574449981,17136.6,0.02352663248148621,2019-03,2019-03,0.3604,0.008617,0.533202
3,C3 Hybrid,2019-03,2019-03-29,P_selected,BCI,0.04584023655934462,NEUTRAL,-0.22139915768817703,-0.22139915768817703,-0.11069957884408851,519202.395,0.9867083478247274,2019-03,2019-03,0.3604,0.008617,0.533202
3,C3 Hybrid,2019-03,2019-03-29,P_selected,MIC,0.045465289040762726,BUY,0.6157687182289308,0.6157687182289308,0.6157687182289308,258247.705,0.5329430272030771,2019-03,2019-03,0.3604,0.008617,0.533202
3,C3 Hybrid,2019-03,2019-03-29,P_selected,MSA,0.039587186279128043,NEUTRAL,-0.04531265296968844,-0.04531265296968844,-0.02265632648484422,4615824.367500001,1.0,2019-03,2019-03,0.3604,0.008617,0.533202
3,C3 Hybrid,2019-03,2019-03-29,P_selected,M2M,0.03293303152115343,NEUTRAL,-0.1149881239348528,-0.1149881239348528,-0.0574940619674264,61915.4,0.04700509308610414,2019-03,2019-03,0.3604,0.008617,0.533202
3,C3 Hybrid,2019-03,2019-03-29,P_selected,AGM,0.03278839509482622,BUY,0.432759658939173,0.432759658939173,0.432759658939173,750.5,0.01819953591017457,2019-03,2019-03,0.3604,0.008617,0.533202
3,C3 Hybrid,2019-03,2019-03-29,P_selected,RIS,0.032261929612368394,BUY,2.3888073503824128,2.3888073503824128,2.3888073503824128,41536.64250000009,0.034376071633821705,2019-03,2019-03,0.3604,0.008617,0.533202
3,C3 Hybrid,2019-03,2019-03-29,P_selected,AFM,0.030529374923229907,BUY,0.5691116038575749,0.5691116038575749,0.5691116038575749,70399.75,0.05347394358662372,2019-03,2019-03,0.3604,0.008617,0.533202
3,C3 Hybrid,2019-03,2019-03-29,P_selected,LES,0.029359513214641104,NEUTRAL,-0.007260154596516619,-0.007260154596516619,-0.0036300772982583093,58919.70750000074,0.04490401292414209,2019-03,2019-03,0.3604,0.008617,0.533202
3,C3 Hybrid,2019-03,2019-03-29,P_selected,INV,0.024426321945947068,BUY,0.6606413880354687,0.6606413880354687,0.6606413880354687,4190.930000000003,0.01920966600115987,2019-03,2019-03,0.3604,0.008617,0.533202
3,C3 Hybrid,2019-03,2019-03-29,P_selected,MAB,0.02374462242673507,NEUTRAL,-0.07603001968836216,-0.07603001968836216,-0.03801500984418108,4335.0,0.019253144137870524,2019-03,2019-03,0.3604,0.008617,0.533202
3,C3 Hybrid,2019-03,2019-03-29,P_selected,SNP,0.019847406851247747,NEUTRAL,-0.17608112972071255,-0.17608112972071255,-0.08804056486035627,72011.49249999996,0.05479431459592732,2019-03,2019-03,0.3604,0.008617,0.533202
3,C3 Hybrid,2019-03,2019-03-29,P_selected,CSR,0.01774101680095689,NEUTRAL,-0.15031389103633302,-0.15031389103633302,-0.07515694551816651,4681145.6875,1.0,2019-03,2019-03,0.3604,0.008617,0.533202
3,C3 Hybrid,2019-03,2019-03-29,P_selected,MDP,0.01708835320651707,NEUTRAL,0.16965350729433532,0.16965350729433532,0.08482675364716766,20196.435000000092,0.024677963280585326,2019-03,2019-03,0.3604,0.008617,0.533202
3,C3 Hybrid,2019-03,2019-03-29,P_selected,SOT,0.01538883814864413,BUY,0.3020594065249566,0.3020594065249566,0.3020594065249566,7407.025,0.02020352851152724,2019-03,2019-03,0.3604,0.008617,0.533202
3,C3 Hybrid,2019-03,2019-03-29,P_selected,JET,0.012765344125749603,NEUTRAL,0.10345016503257361,0.10345016503257361,0.051725082516286804,161073.84500000003,0.19422011506223696,2019-03,2019-03,0.3604,0.008617,0.533202
3,C3 Hybrid,2019-03,2019-03-29,P_selected,SMI,0.011926013103254956,BUY,1.5606518803205167,1.5606518803205167,1.5606518803205167,5399.35,0.01957735131374614,2019-03,2019-03,0.3604,0.008617,0.533202
3,C3 Hybrid,2019-03,2019-03-29,P_selected,DHO,0.011056417721362094,NEUTRAL,0.05579360440260556,0.05579360440260556,0.02789680220130278,251114.1025000001,0.5044562920004487,2019-03,2019-03,0.3604,0.008617,0.533202
3,C3 Hybrid,2019-03,2019-03-29,P_selected,IBC,0.0012598021234654306,NEUTRAL,-0.22868407846575461,-0.22868407846575461,-0.11434203923287731,668.1434999999999,0.018176005704956512,2019-03,2019-03,0.3604,0.008617,0.533202
3,C3 Hybrid,2019-03,2019-03-29,P_selected,ATL,0.0005101015362853283,NEUTRAL,-0.23093533914597317,-0.23093533914597317,-0.11546766957298658,561424.6115,0.9931917848168252,2019-03,2019-03,0.3604,0.008617,0.533202
3,C3 Hybrid,2019-04,2019-04-30,P_selected,IAM,0.1,NEUTRAL,-0.09674942839509476,-0.09674942839509476,-0.04837471419754738,6927916.347499999,1.0,2019-04,2019-04,0.6291,0.007408,0.611509
3,C3 Hybrid,2019-04,2019-04-30,P_selected,MUT,0.1,NEUTRAL,0.15036827601656383,0.15036827601656383,0.07518413800828191,466414.8375,0.9696057883176549,2019-04,2019-04,0.6291,0.007408,0.611509
3,C3 Hybrid,2019-04,2019-04-30,P_selected,UMR,0.1,BUY,1.9000093994087668,1.9000093994087668,1.9000093994087668,587215.5,0.9954833058039559,2019-04,2019-04,0.6291,0.007408,0.611509
3,C3 Hybrid,2019-04,2019-04-30,P_selected,OUL,0.06919385415702538,BUY,1.3592678581186401,1.3592678581186401,1.3592678581186401,72.5,0.018006710161399587,2019-04,2019-04,0.6291,0.007408,0.611509
3,C3 Hybrid,2019-04,2019-04-30,P_selected,MSA,0.0669885349371664,NEUTRAL,-0.01497754225303527,-0.01497754225303527,-0.007488771126517635,4111012.8325000005,1.0,2019-04,2019-04,0.6291,0.007408,0.611509
3,C3 Hybrid,2019-04,2019-04-30,P_selected,SRM,0.04878307947011071,BUY,2.950403093516688,2.950403093516688,2.950403093516688,2853.7675,0.01881069687049903,2019-04,2019-04,0.6291,0.007408,0.611509
3,C3 Hybrid,2019-04,2019-04-30,P_selected,RIS,0.048398527217401524,BUY,2.502577728793174,2.502577728793174,2.502577728793174,195497.63000000006,0.2948304302498314,2019-04,2019-04,0.6291,0.007408,0.611509
3,C3 Hybrid,2019-04,2019-04-30,P_selected,EQD,0.04746547377805038,BUY,0.49022245017254495,0.49022245017254495,0.49022245017254495,491546.9,0.9794624785073752,2019-04,2019-04,0.6291,0.007408,0.611509
3,C3 Hybrid,2019-04,2019-04-30,P_selected,CTM,0.04506013473854156,NEUTRAL,-0.16966947255225548,-0.16966947255225548,-0.08483473627612774,56856.94,0.04350960785872886,2019-04,2019-04,0.6291,0.007408,0.611509
3,C3 Hybrid,2019-04,2019-04-30,P_selected,SBM,0.04456003264704479,NEUTRAL,-0.20006086164378345,-0.20006086164378345,-0.10003043082189172,688144.8,0.9990982911886679,2019-04,2019-04,0.6291,0.007408,0.611509
3,C3 Hybrid,2019-04,2019-04-30,P_selected,CMT,0.04202123345216723,NEUTRAL,0.05221459170770365,0.05221459170770365,0.026107295853851825,3854669.1,1.0,2019-04,2019-04,0.6291,0.007408,0.611509
3,C3 Hybrid,2019-04,2019-04-30,P_selected,AGM,0.04055998180012715,NEUTRAL,-0.07412289690639276,-0.07412289690639276,-0.03706144845319638,6074.0,0.019785617898168593,2019-04,2019-04,0.6291,0.007408,0.611509
3,C3 Hybrid,2019-04,2019-04-30,P_selected,IMO,0.03890757976385335,BUY,0.8923182544399242,0.8923182544399242,0.8923182544399242,79089.4185,0.060964056509376065,2019-04,2019-04,0.6291,0.007408,0.611509
3,C3 Hybrid,2019-04,2019-04-30,P_selected,LBV,0.033580547178238974,NEUTRAL,-0.19496800704843467,-0.19496800704843467,-0.09748400352421734,2991252.95,1.0,2019-04,2019-04,0.6291,0.007408,0.611509
3,C3 Hybrid,2019-04,2019-04-30,P_selected,CIH,0.032089523574108256,NEUTRAL,-0.17514834852226768,-0.17514834852226768,-0.08757417426113384,400820.11250000005,0.9178224491006393,2019-04,2019-04,0.6291,0.007408,0.611509
3,C3 Hybrid,2019-04,2019-04-30,P_selected,SOT,0.03166309978886514,NEUTRAL,0.0006194614595585735,0.0006194614595585735,0.00030973072977928673,73959.45,0.05643110868671113,2019-04,2019-04,0.6291,0.007408,0.611509
3,C3 Hybrid,2019-04,2019-04-30,P_selected,TMA,0.02466791062683741,NEUTRAL,-0.18364466768941395,-0.18364466768941395,-0.09182233384470698,1852033.74375,0.9999999999926221,2019-04,2019-04,0.6291,0.007408,0.611509
3,C3 Hybrid,2019-04,2019-04-30,P_selected,MIC,0.020801689602686253,BUY,0.7504286713258923,0.7504286713258923,0.7504286713258923,32690.08999999999,0.029974987888116887,2019-04,2019-04,0.6291,0.007408,0.611509
3,C3 Hybrid,2019-04,2019-04-30,P_selected,JET,0.014064102316722194,NEUTRAL,-0.03673735197171837,-0.03673735197171837,-0.018368675985859183,262326.51250000007,0.549146846198086,2019-04,2019-04,0.6291,0.007408,0.611509
3,C3 Hybrid,2019-04,2019-04-30,P_selected,M2M,0.010580664222350636,NEUTRAL,-0.16417400701073737,-0.16417400701073737,-0.08208700350536868,4631.37,0.01934288767220129,2019-04,2019-04,0.6291,0.007408,0.611509
3,C3 Hybrid,2019-04,2019-04-30,P_selected,SMI,0.010003858579306095,BUY,0.42554508369276034,0.42554508369276034,0.42554508369276034,14568.65,0.022600982518401116,2019-04,2019-04,0.6291,0.007408,0.611509
3,C3 Hybrid,2019-04,2019-04-30,P_selected,PRO,0.009796971996931013,NEUTRAL,-0.20113381662991914,-0.20113381662991914,-0.10056690831495957,4412.5,0.019276572352156192,2019-04,2019-04,0.6291,0.007408,0.611509
3,C3 Hybrid,2019-04,2019-04-30,P_selected,HPS,0.0062964602874390155,BUY,0.2602905723321214,0.2602905723321214,0.2602905723321214,3966674.85,1.0,2019-04,2019-04,0.6291,0.007408,0.611509
3,C3 Hybrid,2019-04,2019-04-30,P_selected,ATL,0.005600084983077478,NEUTRAL,-0.17715371963939705,-0.17715371963939705,-0.08857685981969853,591789.8205,0.9958007327656168,2019-04,2019-04,0.6291,0.007408,0.611509
3,C3 Hybrid,2019-04,2019-04-30,P_selected,MOX,0.0032835031170533463,NEUTRAL,0.23291643919462077,0.23291643919462077,0.11645821959731038,12906.0325,0.02202074531338921,2019-04,2019-04,0.6291,0.007408,0.611509
3,C3 Hybrid,2019-04,2019-04-30,P_selected,LES,0.0026931621985759246,NEUTRAL,0.06306256597976981,0.06306256597976981,0.031531282989884904,125451.27000000075,0.11996309608508637,2019-04,2019-04,0.6291,0.007408,0.611509
3,C3 Hybrid,2019-04,2019-04-30,P_selected,DHO,0.001191762391750161,NEUTRAL,-0.21926377416398485,-0.21926377416398485,-0.10963188708199242,137319.5975000001,0.1415000635637596,2019-04,2019-04,0.6291,0.007408,0.611509
3,C3 Hybrid,2019-04,2019-04-30,P_selected,COL,0.0010128149942101583,NEUTRAL,-0.005685899454850679,-0.005685899454850679,-0.0028429497274253396,48038.240000000005,0.03800146705381752,2019-04,2019-04,0.6291,0.007408,0.611509
3,C3 Hybrid,2019-04,2019-04-30,P_selected,MDP,0.00043862287671368223,NEUTRAL,-0.002290664542494436,-0.002290664542494436,-0.001145332271247218,31558.133000000096,0.029452833792798727,2019-04,2019-04,0.6291,0.007408,0.611509
3,C3 Hybrid,2019-04,2019-04-30,P_selected,AFM,0.0001233149735203804,BUY,0.25200473278530255,0.25200473278530255,0.25200473278530255,89975.6,0.07173154269250029,2019-04,2019-04,0.6291,0.007408,0.611509
3,C3 Hybrid,2019-05,2019-05-31,P_selected,IAM,0.1,NEUTRAL,-0.18107254338145523,-0.18107254338145523,-0.09053627169072762,20915152.6325,1.0,2019-05,2019-05,0.4604,0.008723,0.602963
3,C3 Hybrid,2019-05,2019-05-31,P_selected,IMO,0.1,BUY,0.834862320398842,0.834862320398842,0.834862320398842,1308432.2835,0.9999999558165955,2019-05,2019-05,0.4604,0.008723,0.602963
3,C3 Hybrid,2019-05,2019-05-31,P_selected,MUT,0.1,NEUTRAL,-0.13379308914980637,-0.13379308914980637,-0.06689654457490318,967768.6375,0.9999897096962577,2019-05,2019-05,0.4604,0.008723,0.602963
3,C3 Hybrid,2019-05,2019-05-31,P_selected,SLF,0.1,NEUTRAL,-0.09797506633704228,-0.09797506633704228,-0.04898753316852114,2148.475,0.018603544224164794,2019-05,2019-05,0.4604,0.008723,0.602963
3,C3 Hybrid,2019-05,2019-05-31,P_selected,MOX,0.08112414492539098,BUY,0.47341998754207504,0.47341998754207504,0.47341998754207504,1282.9924999999998,0.01835239834868223,2019-05,2019-05,0.4604,0.008723,0.602963
3,C3 Hybrid,2019-05,2019-05-31,P_selected,MIC,0.07865086996004995,BUY,3.7262199224258876,3.7262199224258876,3.7262199224258876,13886.549999999988,0.02236115108685595,2019-05,2019-05,0.4604,0.008723,0.602963
3,C3 Hybrid,2019-05,2019-05-31,P_selected,MSA,0.07646546098700728,NEUTRAL,-0.02082066958366041,-0.02082066958366041,-0.010410334791830206,2827840.315,1.0,2019-05,2019-05,0.4604,0.008723,0.602963
3,C3 Hybrid,2019-05,2019-05-31,P_selected,SRM,0.07610536773952695,BUY,2.391942783653697,2.391942783653697,2.391942783653697,9017.18,0.020719859393672286,2019-05,2019-05,0.4604,0.008723,0.602963
3,C3 Hybrid,2019-05,2019-05-31,P_selected,CTM,0.07392746589367663,NEUTRAL,-0.05337250222845734,-0.05337250222845734,-0.02668625111422867,12017.805,0.02171675589734208,2019-05,2019-05,0.4604,0.008723,0.602963
3,C3 Hybrid,2019-05,2019-05-31,P_selected,S2M,0.0416992963445647,NEUTRAL,0.14835090887242566,0.14835090887242566,0.07417545443621283,5903.0375,0.019732636775750677,2019-05,2019-05,0.4604,0.008723,0.602963
3,C3 Hybrid,2019-05,2019-05-31,P_selected,EQD,0.04032073667549749,NEUTRAL,-0.07564026054941216,-0.07564026054941216,-0.03782013027470608,100248.55,0.08347645048824388,2019-05,2019-05,0.4604,0.008723,0.602963
3,C3 Hybrid,2019-05,2019-05-31,P_selected,HPS,0.02967323213917987,BUY,0.2787849914872795,0.2787849914872795,0.2787849914872795,1440163.7899999998,0.999999994630981,2019-05,2019-05,0.4604,0.008723,0.602963
3,C3 Hybrid,2019-05,2019-05-31,P_selected,CMT,0.026014776029004948,BUY,0.2554867469764885,0.2554867469764885,0.2554867469764885,416904.9,0.9352620031047941,2019-05,2019-05,0.4604,0.008723,0.602963
3,C3 Hybrid,2019-05,2019-05-31,P_selected,ALM,0.01802431727671956,NEUTRAL,-0.11352697244547948,-0.11352697244547948,-0.05676348622273974,3951.5,0.019137622495199104,2019-05,2019-05,0.4604,0.008723,0.602963
3,C3 Hybrid,2019-05,2019-05-31,P_selected,CSR,0.014882101123124995,NEUTRAL,-0.15470134146203254,-0.15470134146203254,-0.07735067073101627,2441870.4025,0.9999999999999993,2019-05,2019-05,0.4604,0.008723,0.602963
3,C3 Hybrid,2019-05,2019-05-31,P_selected,MDP,0.009437955375225977,NEUTRAL,0.08893343457952543,0.08893343457952543,0.04446671728976272,27339.852000000094,0.02758360929599127,2019-05,2019-05,0.4604,0.008723,0.602963
3,C3 Hybrid,2019-05,2019-05-31,P_selected,DHO,0.008997718279508807,NEUTRAL,0.1303276019537137,0.1303276019537137,0.06516380097685685,90087.2485000001,0.07185058159321774,2019-05,2019-05,0.4604,0.008723,0.602963
3,C3 Hybrid,2019-05,2019-05-31,P_selected,GAZ,0.008640875220818536,NEUTRAL,0.12886449611621698,0.12886449611621698,0.06443224805810849,11764.7,0.021630886322848864,2019-05,2019-05,0.4604,0.008723,0.602963
3,C3 Hybrid,2019-05,2019-05-31,P_selected,RIS,0.005584525376012816,BUY,2.0774571896412803,2.0774571896412803,2.0774571896412803,1257.900000000093,0.018345166848948696,2019-05,2019-05,0.4604,0.008723,0.602963
3,C3 Hybrid,2019-05,2019-05-31,P_selected,INV,0.00512862548078496,BUY,0.3338288519321194,0.3338288519321194,0.3338288519321194,1563.4850000000029,0.018433425154617374,2019-05,2019-05,0.4604,0.008723,0.602963
3,C3 Hybrid,2019-05,2019-05-31,P_selected,DWY,0.0026025244844575125,NEUTRAL,0.18876694488747658,0.18876694488747658,0.09438347244373829,15834.292499999628,0.02305266600891939,2019-05,2019-05,0.4604,0.008723,0.602963
3,C3 Hybrid,2019-05,2019-05-31,P_selected,M2M,0.001725021803147342,NEUTRAL,-0.06187195415262852,-0.06187195415262852,-0.03093597707631426,21229.92,0.02507910561248791,2019-05,2019-05,0.4604,0.008723,0.602963
3,C3 Hybrid,2019-05,2019-05-31,P_selected,SID,0.0007400721363299877,NEUTRAL,-0.23439428285398917,-0.23439428285398917,-0.11719714142699458,582043.23,0.9950955298612589,2019-05,2019-05,0.4604,0.008723,0.602963
3,C3 Hybrid,2019-05,2019-05-31,P_selected,SMI,0.0001490897363890699,BUY,0.5172387263545982,0.5172387263545982,0.5172387263545982,65232.0,0.04944016314380651,2019-05,2019-05,0.4604,0.008723,0.602963
3,C3 Hybrid,2019-05,2019-05-31,P_selected,ADH,0.00010582258951257045,NEUTRAL,-0.002526346272106461,-0.002526346272106461,-0.0012631731360532306,723048.0365000016,0.9994839385851925,2019-05,2019-05,0.4604,0.008723,0.602963
3,C3 Hybrid,2019-06,2019-06-28,P_selected,IMO,0.1,BUY,0.819938432545306,0.819938432545306,0.819938432545306,68009.96599999999,0.051571336929655355,2019-06,2019-06,0.5373,0.009111,0.716349
3,C3 Hybrid,2019-06,2019-06-28,P_selected,MIC,0.09512907356713661,BUY,2.9889650068816476,2.9889650068816476,2.9889650068816476,105951.81999999999,0.09072860881122849,2019-06,2019-06,0.5373,0.009111,0.716349
3,C3 Hybrid,2019-06,2019-06-28,P_selected,OUL,0.07957062707442747,BUY,0.8992008575536588,0.8992008575536588,0.8992008575536588,9192196.8,1.0,2019-06,2019-06,0.5373,0.009111,0.716349
3,C3 Hybrid,2019-06,2019-06-28,P_selected,AFM,0.07776010392172254,NEUTRAL,0.12187203717579617,0.12187203717579617,0.060936018587898086,808596.55,0.9998686540865905,2019-06,2019-06,0.5373,0.009111,0.716349
3,C3 Hybrid,2019-06,2019-06-28,P_selected,SOT,0.07167627486623761,NEUTRAL,0.1708412572792366,0.1708412572792366,0.0854206286396183,399053.75,0.9156654930999407,2019-06,2019-06,0.5373,0.009111,0.716349
3,C3 Hybrid,2019-06,2019-06-28,P_selected,SRM,0.06347592156695801,BUY,2.251393976058247,2.251393976058247,2.251393976058247,720.48,0.01819095538802478,2019-06,2019-06,0.5373,0.009111,0.716349
3,C3 Hybrid,2019-06,2019-06-28,P_selected,LES,0.06167054863257105,NEUTRAL,-0.02420024470089696,-0.02420024470089696,-0.01210012235044848,1196622.1700000006,0.9999997356402531,2019-06,2019-06,0.5373,0.009111,0.716349
3,C3 Hybrid,2019-06,2019-06-28,P_selected,CMT,0.05954951025091153,NEUTRAL,-0.055133390257401105,-0.055133390257401105,-0.027566695128700552,1480782.15,0.9999999971968285,2019-06,2019-06,0.5373,0.009111,0.716349
3,C3 Hybrid,2019-06,2019-06-28,P_selected,MAB,0.054486923452620246,NEUTRAL,0.20363819037307807,0.20363819037307807,0.10181909518653903,9738.5,0.020955334932036076,2019-06,2019-06,0.5373,0.009111,0.716349
3,C3 Hybrid,2019-06,2019-06-28,P_selected,RIS,0.04868411483540121,BUY,2.2709182639814585,2.2709182639814585,2.2709182639814585,23644.065000000097,0.026041051467390268,2019-06,2019-06,0.5373,0.009111,0.716349
3,C3 Hybrid,2019-06,2019-06-28,P_selected,CTM,0.046042274847014876,NEUTRAL,-0.2107576752451112,-0.2107576752451112,-0.1053788376225556,36316.405,0.03170883388427399,2019-06,2019-06,0.5373,0.009111,0.716349
3,C3 Hybrid,2019-06,2019-06-28,P_selected,EQD,0.043994876924748835,NEUTRAL,-0.024052520494839913,-0.024052520494839913,-0.012026260247419956,889923.65,0.9999642447753649,2019-06,2019-06,0.5373,0.009111,0.716349
3,C3 Hybrid,2019-06,2019-06-28,P_selected,MSA,0.03342547407576683,NEUTRAL,-0.0019155964551385574,-0.0019155964551385574,-0.0009577982275692787,11472287.025,1.0,2019-06,2019-06,0.5373,0.009111,0.716349
3,C3 Hybrid,2019-06,2019-06-28,P_selected,GAZ,0.02998848961591827,NEUTRAL,-0.06789800363111241,-0.06789800363111241,-0.033949001815556205,97380.0,0.08003143544079465,2019-06,2019-06,0.5373,0.009111,0.716349
3,C3 Hybrid,2019-06,2019-06-28,P_selected,CSR,0.025988826597347837,NEUTRAL,-0.13896458926186145,-0.13896458926186145,-0.06948229463093072,19462251.119999997,1.0,2019-06,2019-06,0.5373,0.009111,0.716349
3,C3 Hybrid,2019-06,2019-06-28,P_selected,MDP,0.022561096168604584,NEUTRAL,0.12419152122521093,0.12419152122521093,0.062095760612605466,26851.65300000009,0.027374863192637603,2019-06,2019-06,0.5373,0.009111,0.716349
3,C3 Hybrid,2019-06,2019-06-28,P_selected,SBM,0.021664281875076026,NEUTRAL,0.08934751823532444,0.08934751823532444,0.04467375911766222,640844.0,0.9980799918606712,2019-06,2019-06,0.5373,0.009111,0.716349
3,C3 Hybrid,2019-06,2019-06-28,P_selected,TQM,0.01916209115797344,NEUTRAL,-0.19409048523541458,-0.19409048523541458,-0.09704524261770729,1621345.925,0.9999999997042583,2019-06,2019-06,0.5373,0.009111,0.716349
3,C3 Hybrid,2019-06,2019-06-28,P_selected,HPS,0.012041150056179227,BUY,0.7201471140302005,0.7201471140302005,0.7201471140302005,1511361.765,0.9999999982814558,2019-06,2019-06,0.5373,0.009111,0.716349
3,C3 Hybrid,2019-06,2019-06-28,P_selected,LHM,0.00907750691954832,NEUTRAL,-0.07572447655140946,-0.07572447655140946,-0.03786223827570473,7884516.15,1.0,2019-06,2019-06,0.5373,0.009111,0.716349
3,C3 Hybrid,2019-06,2019-06-28,P_selected,DHO,0.008619625223718666,BUY,0.3413830661218801,0.3413830661218801,0.3413830661218801,257303.4875000001,0.5291807516152024,2019-06,2019-06,0.5373,0.009111,0.716349
3,C3 Hybrid,2019-06,2019-06-28,P_selected,SMI,0.008380445875663512,BUY,0.8924966792319178,0.8924966792319178,0.8924966792319178,141188.8,0.14918860064053321,2019-06,2019-06,0.5373,0.009111,0.716349
3,C3 Hybrid,2019-06,2019-06-28,P_selected,S2M,0.007049919656619435,NEUTRAL,-0.01205255893227171,-0.01205255893227171,-0.006026279466135855,8301.105,0.020488658641250417,2019-06,2019-06,0.5373,0.009111,0.716349
3,C3 Hybrid,2019-07,2019-07-31,P_selected,BCP,0.1,NEUTRAL,-0.12735914038121432,-0.12735914038121432,-0.06367957019060716,10503292.1,1.0,2019-07,2019-07,0.5692,0.008503,0.682575
3,C3 Hybrid,2019-07,2019-07-31,P_selected,MUT,0.09616350219140157,BUY,0.2675939022998956,0.2675939022998956,0.2675939022998956,664232.5825,0.9986785737326227,2019-07,2019-07,0.5692,0.008503,0.682575
3,C3 Hybrid,2019-07,2019-07-31,P_selected,SOT,0.0953877438921367,BUY,0.6641533496016665,0.6641533496016665,0.6641533496016665,119980.0,0.11102437943062599,2019-07,2019-07,0.5692,0.008503,0.682575
3,C3 Hybrid,2019-07,2019-07-31,P_selected,IMO,0.08950238081437294,BUY,0.3915408385473553,0.3915408385473553,0.3915408385473553,253896.5515,0.5155811594892694,2019-07,2019-07,0.5692,0.008503,0.682575
3,C3 Hybrid,2019-07,2019-07-31,P_selected,MOX,0.0787753372112624,BUY,4.081538238088638,4.081538238088638,4.081538238088638,216.925,0.018047616352434032,2019-07,2019-07,0.5692,0.008503,0.682575
3,C3 Hybrid,2019-07,2019-07-31,P_selected,LBV,0.0738925346072436,BUY,0.541446670377322,0.541446670377322,0.541446670377322,3355703.75,1.0,2019-07,2019-07,0.5692,0.008503,0.682575
3,C3 Hybrid,2019-07,2019-07-31,P_selected,HPS,0.05452337894595021,BUY,1.1541036655428818,1.1541036655428818,1.1541036655428818,2227545.9549999996,0.9999999999999818,2019-07,2019-07,0.5692,0.008503,0.682575
3,C3 Hybrid,2019-07,2019-07-31,P_selected,LES,0.04679385891368198,BUY,0.4670656442010141,0.4670656442010141,0.4670656442010141,1785056.9775000005,0.9999999999784557,2019-07,2019-07,0.5692,0.008503,0.682575
3,C3 Hybrid,2019-07,2019-07-31,P_selected,MIC,0.04436838757224856,BUY,0.6165403075432547,0.6165403075432547,0.6165403075432547,67225.7225,0.050961039627069764,2019-07,2019-07,0.5692,0.008503,0.682575
3,C3 Hybrid,2019-07,2019-07-31,P_selected,SBM,0.03921335367377557,BUY,0.27676308937751465,0.27676308937751465,0.27676308937751465,1225851.45,0.9999998343888664,2019-07,2019-07,0.5692,0.008503,0.682575
3,C3 Hybrid,2019-07,2019-07-31,P_selected,MLE,0.038140334995556115,NEUTRAL,-0.059678701201872575,-0.059678701201872575,-0.029839350600936287,23.53,0.017992860824570567,2019-07,2019-07,0.5692,0.008503,0.682575
3,C3 Hybrid,2019-07,2019-07-31,P_selected,CSR,0.036578070991768186,BUY,0.4309334370387715,0.4309334370387715,0.4309334370387715,5020040.409999999,1.0,2019-07,2019-07,0.5692,0.008503,0.682575
3,C3 Hybrid,2019-07,2019-07-31,P_selected,DRI,0.03464022673562389,BUY,0.38825696832893,0.38825696832893,0.38825696832893,0.0,0.01798620996209156,2019-07,2019-07,0.5692,0.008503,0.682575
3,C3 Hybrid,2019-07,2019-07-31,P_selected,EQD,0.02984739438846793,BUY,1.1110648074222083,1.1110648074222083,1.1110648074222083,194690.0,0.2921510004584811,2019-07,2019-07,0.5692,0.008503,0.682575
3,C3 Hybrid,2019-07,2019-07-31,P_selected,CTM,0.028134112371814003,NEUTRAL,-0.04961307904058106,-0.04961307904058106,-0.02480653952029053,65791.9,0.049862873976590824,2019-07,2019-07,0.5692,0.008503,0.682575
3,C3 Hybrid,2019-07,2019-07-31,P_selected,S2M,0.022371372570390822,NEUTRAL,-0.08382719294011073,-0.08382719294011073,-0.04191359647005537,97002.55,0.07958791708916421,2019-07,2019-07,0.5692,0.008503,0.682575
3,C3 Hybrid,2019-07,2019-07-31,P_selected,DWY,0.021329965596759124,BUY,0.4286058487918777,0.4286058487918777,0.4286058487918777,739332.7049999997,0.9996022636047134,2019-07,2019-07,0.5692,0.008503,0.682575
3,C3 Hybrid,2019-07,2019-07-31,P_selected,DHO,0.02036678029351083,BUY,0.2850511201647578,0.2850511201647578,0.2850511201647578,720119.621,0.9994591966753547,2019-07,2019-07,0.5692,0.008503,0.682575
3,C3 Hybrid,2019-07,2019-07-31,P_selected,ALM,0.010380609948720086,NEUTRAL,0.11436539708854004,0.11436539708854004,0.05718269854427002,14285.8,0.022501226902319375,2019-07,2019-07,0.5692,0.008503,0.682575
3,C3 Hybrid,2019-07,2019-07-31,P_selected,INV,0.008111586104250062,NEUTRAL,0.142008762796102,0.142008762796102,0.071004381398051,4971.197500000004,0.01944629526169149,2019-07,2019-07,0.5692,0.008503,0.682575
3,C3 Hybrid,2019-07,2019-07-31,P_selected,RIS,0.006783278885079075,BUY,0.5086140239959711,0.5086140239959711,0.5086140239959711,3866.9000000000933,0.01911223009515877,2019-07,2019-07,0.5692,0.008503,0.682575
3,C3 Hybrid,2019-07,2019-07-31,P_selected,NEJ,0.006294622614118951,NEUTRAL,-0.17543186715495548,-0.17543186715495548,-0.08771593357747774,2666.25,0.01875540101117637,2019-07,2019-07,0.5692,0.008503,0.682575
3,C3 Hybrid,2019-07,2019-07-31,P_selected,SNP,0.006114202846245322,NEUTRAL,0.04568839229790404,0.04568839229790404,0.02284419614895202,220891.4399999999,0.3856257430335229,2019-07,2019-07,0.5692,0.008503,0.682575
3,C3 Hybrid,2019-07,2019-07-31,P_selected,AFM,0.005246479333628718,NEUTRAL,0.039696350096392774,0.039696350096392774,0.019848175048196387,63392.9,0.04807547405565846,2019-07,2019-07,0.5692,0.008503,0.682575
3,C3 Hybrid,2019-07,2019-07-31,P_selected,MDP,0.0037274282282917515,NEUTRAL,0.05972941175985352,0.05972941175985352,0.02986470587992676,138254.8320000001,0.14332759687958263,2019-07,2019-07,0.5692,0.008503,0.682575
3,C3 Hybrid,2019-07,2019-07-31,P_selected,ATL,0.002864223287776058,BUY,0.4582282803815205,0.4582282803815205,0.4582282803815205,645292.7754999998,0.9982116722911597,2019-07,2019-07,0.5692,0.008503,0.682575
3,C3 Hybrid,2019-07,2019-07-31,P_selected,PRO,0.0002058284906833004,NEUTRAL,0.18072601415076703,0.18072601415076703,0.09036300707538351,1660.5,0.018461531821328467,2019-07,2019-07,0.5692,0.008503,0.682575
3,C3 Hybrid,2019-07,2019-07-31,P_selected,BCI,0.00015431729226813583,NEUTRAL,-0.21254569411378846,-0.21254569411378846,-0.10627284705689423,310878.65,0.725927683507519,2019-07,2019-07,0.5692,0.008503,0.682575
3,C3 Hybrid,2019-08,2019-08-30,P_selected,IMO,0.1,BUY,0.895957858243605,0.895957858243605,0.895957858243605,344308.999,0.8189046525995225,2019-08,2019-08,0.4797,0.009029,0.847099
3,C3 Hybrid,2019-08,2019-08-30,P_selected,MUT,0.1,NEUTRAL,-0.07129187256261282,-0.07129187256261282,-0.03564593628130641,203140.07,0.32087384193521173,2019-08,2019-08,0.4797,0.009029,0.847099
3,C3 Hybrid,2019-08,2019-08-30,P_selected,NEJ,0.1,NEUTRAL,0.041398154244862706,0.041398154244862706,0.020699077122431353,3994.8,0.019150631636401207,2019-08,2019-08,0.4797,0.009029,0.847099
3,C3 Hybrid,2019-08,2019-08-30,P_selected,OUL,0.08846965250590874,BUY,1.0521793619579873,1.0521793619579873,1.0521793619579873,1257.75,0.018345123628306547,2019-08,2019-08,0.4797,0.009029,0.847099
3,C3 Hybrid,2019-08,2019-08-30,P_selected,EQD,0.08695917266695685,BUY,3.104616836913552,3.104616836913552,3.104616836913552,650879.4,0.9983643375714095,2019-08,2019-08,0.4797,0.009029,0.847099
3,C3 Hybrid,2019-08,2019-08-30,P_selected,HPS,0.07313604196571363,BUY,1.4036994957142506,1.4036994957142506,1.4036994957142506,1445989.45,0.9999999951088148,2019-08,2019-08,0.4797,0.009029,0.847099
3,C3 Hybrid,2019-08,2019-08-30,P_selected,MIC,0.06657092699956041,BUY,1.0040312511181395,1.0040312511181395,1.0040312511181395,72130.68999999999,0.05489317394089125,2019-08,2019-08,0.4797,0.009029,0.847099
3,C3 Hybrid,2019-08,2019-08-30,P_selected,MOX,0.061983313920992794,BUY,1.5535823417899515,1.5535823417899515,1.5535823417899515,4068.3925000000004,0.019172761812584406,2019-08,2019-08,0.4797,0.009029,0.847099
3,C3 Hybrid,2019-08,2019-08-30,P_selected,LBV,0.05156357869419779,NEUTRAL,0.1578882869425216,0.1578882869425216,0.0789441434712608,3693232.9,1.0,2019-08,2019-08,0.4797,0.009029,0.847099
3,C3 Hybrid,2019-08,2019-08-30,P_selected,CSR,0.042601561981724066,BUY,1.0082167104829278,1.0082167104829278,1.0082167104829278,14297941.457500001,1.0,2019-08,2019-08,0.4797,0.009029,0.847099
3,C3 Hybrid,2019-08,2019-08-30,P_selected,SBM,0.04141804425645256,BUY,0.40109786085845117,0.40109786085845117,0.40109786085845117,1709746.5,0.9999999999281144,2019-08,2019-08,0.4797,0.009029,0.847099
3,C3 Hybrid,2019-08,2019-08-30,P_selected,ATL,0.03573182040890124,BUY,0.7312514292707546,0.7312514292707546,0.7312514292707546,469856.79349999985,0.9711874571089157,2019-08,2019-08,0.4797,0.009029,0.847099
3,C3 Hybrid,2019-08,2019-08-30,P_selected,PRO,0.029705859690757976,BUY,0.39490234077300346,0.39490234077300346,0.39490234077300346,491.20500000000004,0.01812555327018443,2019-08,2019-08,0.4797,0.009029,0.847099
3,C3 Hybrid,2019-08,2019-08-30,P_selected,S2M,0.02851142845351258,NEUTRAL,0.03934029462594668,0.03934029462594668,0.01967014731297334,64094.88500000001,0.048592103756870016,2019-08,2019-08,0.4797,0.009029,0.847099
3,C3 Hybrid,2019-08,2019-08-30,P_selected,FBR,0.022573855655527518,NEUTRAL,-0.12142384132721629,-0.12142384132721629,-0.06071192066360814,11405.482500000022,0.021509586293144974,2019-08,2019-08,0.4797,0.009029,0.847099
3,C3 Hybrid,2019-08,2019-08-30,P_selected,MDP,0.022237455939499984,BUY,0.9527917993620076,0.9527917993620076,0.9527917993620076,26259.08300000009,0.027123551833843282,2019-08,2019-08,0.4797,0.009029,0.847099
3,C3 Hybrid,2019-08,2019-08-30,P_selected,SNP,0.018625892900143957,NEUTRAL,-0.10977549194066472,-0.10977549194066472,-0.05488774597033236,185301.8149999999,0.262082834582167,2019-08,2019-08,0.4797,0.009029,0.847099
3,C3 Hybrid,2019-08,2019-08-30,P_selected,TMA,0.015678791489669806,NEUTRAL,0.14743539230600886,0.14743539230600886,0.07371769615300443,1423662.7875,0.9999999930087369,2019-08,2019-08,0.4797,0.009029,0.847099
3,C3 Hybrid,2019-08,2019-08-30,P_selected,LES,0.01016217695420242,BUY,0.7092852969060472,0.7092852969060472,0.7092852969060472,105492.48750000075,0.09012413338783087,2019-08,2019-08,0.4797,0.009029,0.847099
3,C3 Hybrid,2019-08,2019-08-30,P_selected,ADH,0.002563267184584436,NEUTRAL,0.07462385084451062,0.07462385084451062,0.03731192542225531,521729.9525000015,0.9872284223785581,2019-08,2019-08,0.4797,0.009029,0.847099
3,C3 Hybrid,2019-08,2019-08-30,P_selected,COL,0.0007834271754752896,BUY,0.36539897651993103,0.36539897651993103,0.36539897651993103,57607.145,0.0440118887819076,2019-08,2019-08,0.4797,0.009029,0.847099
3,C3 Hybrid,2019-08,2019-08-30,P_selected,ALM,0.0006036672521107819,BUY,0.8026611708070075,0.8026611708070075,0.8026611708070075,78628.8,0.06054351146767644,2019-08,2019-08,0.4797,0.009029,0.847099
3,C3 Hybrid,2019-09,2019-09-30,P_selected,ATW,0.1,NEUTRAL,-0.1694365799750359,-0.1694365799750359,-0.08471828998751794,11407590.457499988,1.0,2019-09,2019-09,0.5521,0.006922,0.702136
3,C3 Hybrid,2019-09,2019-09-30,P_selected,CDM,0.1,BUY,3.2374319822952984,3.2374319822952984,3.2374319822952984,40691.75,0.033930154603276266,2019-09,2019-09,0.5521,0.006922,0.702136
3,C3 Hybrid,2019-09,2019-09-30,P_selected,MUT,0.1,BUY,0.3215022839790263,0.3215022839790263,0.3215022839790263,1095987.2850000001,0.9999986772503011,2019-09,2019-09,0.5521,0.006922,0.702136
3,C3 Hybrid,2019-09,2019-09-30,P_selected,BCP,0.09246112473559832,NEUTRAL,-0.04254505913100637,-0.04254505913100637,-0.021272529565503184,2528129.1625,0.9999999999999998,2019-09,2019-09,0.5521,0.006922,0.702136
3,C3 Hybrid,2019-09,2019-09-30,P_selected,EQD,0.06578471384185919,BUY,1.3185313064918924,1.3185313064918924,1.3185313064918924,265951.0,0.5634599171234764,2019-09,2019-09,0.5521,0.006922,0.702136
3,C3 Hybrid,2019-09,2019-09-30,P_selected,MAB,0.057476259849379596,BUY,1.0293864137730377,1.0293864137730377,1.0293864137730377,1356.0,0.018373454561429057,2019-09,2019-09,0.5521,0.006922,0.702136
3,C3 Hybrid,2019-09,2019-09-30,P_selected,SOT,0.05737957579735406,BUY,1.3766501221391803,1.3766501221391803,1.3766501221391803,152780.0,0.1742904380359942,2019-09,2019-09,0.5521,0.006922,0.702136
3,C3 Hybrid,2019-09,2019-09-30,P_selected,SRM,0.05462865872207982,BUY,0.5938027241812517,0.5938027241812517,0.5938027241812517,2540.95,0.018718540976712127,2019-09,2019-09,0.5521,0.006922,0.702136
3,C3 Hybrid,2019-09,2019-09-30,P_selected,MIC,0.052001752585428676,BUY,0.47101483493344903,0.47101483493344903,0.47101483493344903,760776.8725,0.99971774855949,2019-09,2019-09,0.5521,0.006922,0.702136
3,C3 Hybrid,2019-09,2019-09-30,P_selected,HPS,0.03889560419772033,NEUTRAL,-0.031754750815796706,-0.031754750815796706,-0.015877375407898353,7319342.075,1.0,2019-09,2019-09,0.5521,0.006922,0.702136
3,C3 Hybrid,2019-09,2019-09-30,P_selected,ALM,0.03688357644621289,NEUTRAL,-0.09947880417720989,-0.09947880417720989,-0.049739402088604945,67368.5,0.05107163771450019,2019-09,2019-09,0.5521,0.006922,0.702136
3,C3 Hybrid,2019-09,2019-09-30,P_selected,TQM,0.03683810736955389,NEUTRAL,-0.18791028154433848,-0.18791028154433848,-0.09395514077216924,726070.8,0.9995082915652157,2019-09,2019-09,0.5521,0.006922,0.702136
3,C3 Hybrid,2019-09,2019-09-30,P_selected,LES,0.03429964609630814,NEUTRAL,0.19275959041473348,0.19275959041473348,0.09637979520736674,433523.2475000007,0.9496154225982091,2019-09,2019-09,0.5521,0.006922,0.702136
3,C3 Hybrid,2019-09,2019-09-30,P_selected,MDP,0.02699145138689197,BUY,1.0870311642994326,1.0870311642994326,1.0870311642994326,2769.346000000093,0.01878578258211942,2019-09,2019-09,0.5521,0.006922,0.702136
3,C3 Hybrid,2019-09,2019-09-30,P_selected,MOX,0.020123523261187815,BUY,0.6754760361547587,0.6754760361547587,0.6754760361547587,107.8,0.01801669993888661,2019-09,2019-09,0.5521,0.006922,0.702136
3,C3 Hybrid,2019-09,2019-09-30,P_selected,LBV,0.019788057843165435,NEUTRAL,0.023490142020229005,0.023490142020229005,0.011745071010114502,4409465.65,1.0,2019-09,2019-09,0.5521,0.006922,0.702136
3,C3 Hybrid,2019-09,2019-09-30,P_selected,AFM,0.01977499597527191,NEUTRAL,-0.15889914509324232,-0.15889914509324232,-0.07944957254662116,54691.3,0.04209017921801029,2019-09,2019-09,0.5521,0.006922,0.702136
3,C3 Hybrid,2019-09,2019-09-30,P_selected,CIH,0.019635685593941504,NEUTRAL,-0.16544978131268775,-0.16544978131268775,-0.08272489065634388,362980.09249999997,0.8590814266168381,2019-09,2019-09,0.5521,0.006922,0.702136
3,C3 Hybrid,2019-09,2019-09-30,P_selected,OUL,0.014598428787540573,BUY,0.7760354064911164,0.7760354064911164,0.7760354064911164,40432.5,0.03379445027536107,2019-09,2019-09,0.5521,0.006922,0.702136
3,C3 Hybrid,2019-09,2019-09-30,P_selected,DHO,0.012778784603517664,BUY,0.3360496019425027,0.3360496019425027,0.3360496019425027,126858.76500000009,0.12236098877776666,2019-09,2019-09,0.5521,0.006922,0.702136
3,C3 Hybrid,2019-09,2019-09-30,P_selected,INV,0.01041081034623264,BUY,1.4896213996768213,1.4896213996768213,1.4896213996768213,3419.2825000000025,0.018978428063367542,2019-09,2019-09,0.5521,0.006922,0.702136
3,C3 Hybrid,2019-09,2019-09-30,P_selected,UMR,0.010234105432799605,BUY,0.6066554144965355,0.6066554144965355,0.6066554144965355,0.0,0.01798620996209156,2019-09,2019-09,0.5521,0.006922,0.702136
3,C3 Hybrid,2019-09,2019-09-30,P_selected,JET,0.008512563172279814,NEUTRAL,0.020499724912276585,0.020499724912276585,0.010249862456138292,177600.83500000002,0.23896056466815996,2019-09,2019-09,0.5521,0.006922,0.702136
3,C3 Hybrid,2019-09,2019-09-30,P_selected,ATL,0.00814266897549992,NEUTRAL,0.03891173303104742,0.03891173303104742,0.01945586651552371,72432.72849999985,0.055144429610031104,2019-09,2019-09,0.5521,0.006922,0.702136
3,C3 Hybrid,2019-09,2019-09-30,P_selected,LHM,0.0015655941198518069,NEUTRAL,-0.17188650917070086,-0.17188650917070086,-0.08594325458535043,2202398.2,0.9999999999999729,2019-09,2019-09,0.5521,0.006922,0.702136
3,C3 Hybrid,2019-09,2019-09-30,P_selected,M2M,0.0007345412756199112,NEUTRAL,0.09294424196526047,0.09294424196526047,0.04647212098263023,7030.844999999999,0.02008472614029513,2019-09,2019-09,0.5521,0.006922,0.702136
3,C3 Hybrid,2019-10,2019-10-31,P_selected,ATW,0.1,NEUTRAL,0.04903922077419404,0.04903922077419404,0.02451961038709702,35828428.53249999,1.0,2019-10,2019-10,0.6558,0.007045,0.517068
3,C3 Hybrid,2019-10,2019-10-31,P_selected,MUT,0.0907458330941985,NEUTRAL,0.10188713034638835,0.10188713034638835,0.05094356517319418,976216.5275000001,0.9999910106806958,2019-10,2019-10,0.6558,0.007045,0.517068
3,C3 Hybrid,2019-10,2019-10-31,P_selected,BCP,0.08579368628773543,BUY,0.239863995172096,0.239863995172096,0.239863995172096,28475259.9925,1.0,2019-10,2019-10,0.6558,0.007045,0.517068
3,C3 Hybrid,2019-10,2019-10-31,P_selected,AGM,0.08505062497912118,BUY,4.103684259386841,4.103684259386841,4.103684259386841,4632.6,0.019343260980542988,2019-10,2019-10,0.6558,0.007045,0.517068
3,C3 Hybrid,2019-10,2019-10-31,P_selected,IAM,0.07153217924911204,BUY,0.37671357002915506,0.37671357002915506,0.37671357002915506,20471868.185,1.0,2019-10,2019-10,0.6558,0.007045,0.517068
3,C3 Hybrid,2019-10,2019-10-31,P_selected,CTM,0.0617040527715399,BUY,0.2973652372046477,0.2973652372046477,0.2973652372046477,15902.1,0.02307711240065019,2019-10,2019-10,0.6558,0.007045,0.517068
3,C3 Hybrid,2019-10,2019-10-31,P_selected,LES,0.061589036033421654,NEUTRAL,0.11642453172308445,0.11642453172308445,0.058212265861542226,1544904.0375000008,0.9999999989951873,2019-10,2019-10,0.6558,0.007045,0.517068
3,C3 Hybrid,2019-10,2019-10-31,P_selected,SRM,0.0417345216151935,BUY,0.6077546115942327,0.6077546115942327,0.6077546115942327,245.5075,0.018055722718248818,2019-10,2019-10,0.6558,0.007045,0.517068
3,C3 Hybrid,2019-10,2019-10-31,P_selected,SOT,0.03679278817673916,NEUTRAL,0.02972726756147405,0.02972726756147405,0.014863633780737025,198365.2375,0.30445843435810044,2019-10,2019-10,0.6558,0.007045,0.517068
3,C3 Hybrid,2019-10,2019-10-31,P_selected,MSA,0.036507639564785,NEUTRAL,0.06792130122700898,0.06792130122700898,0.03396065061350449,2946203.47,1.0,2019-10,2019-10,0.6558,0.007045,0.517068
3,C3 Hybrid,2019-10,2019-10-31,P_selected,JET,0.0340658462360419,BUY,0.27876911830410894,0.27876911830410894,0.27876911830410894,148429.565,0.16449901288673235,2019-10,2019-10,0.6558,0.007045,0.517068
3,C3 Hybrid,2019-10,2019-10-31,P_selected,MIC,0.03340746898387685,BUY,0.8016692998633517,0.8016692998633517,0.8016692998633517,306389.7,0.7114086202402908,2019-10,2019-10,0.6558,0.007045,0.517068
3,C3 Hybrid,2019-10,2019-10-31,P_selected,EQD,0.03222430396532974,BUY,0.5411122904688893,0.5411122904688893,0.5411122904688893,1238496.7,0.9999998647238152,2019-10,2019-10,0.6558,0.007045,0.517068
3,C3 Hybrid,2019-10,2019-10-31,P_selected,HPS,0.031705493272019984,NEUTRAL,-0.08932532376794909,-0.08932532376794909,-0.044662661883974546,2346612.3499999996,0.9999999999999973,2019-10,2019-10,0.6558,0.007045,0.517068
3,C3 Hybrid,2019-10,2019-10-31,P_selected,AFM,0.02888181889637244,NEUTRAL,0.145231966966834,0.145231966966834,0.072615983483417,233494.7,0.4343598403229305,2019-10,2019-10,0.6558,0.007045,0.517068
3,C3 Hybrid,2019-10,2019-10-31,P_selected,GAZ,0.024995659784036367,NEUTRAL,-0.07604937775213325,-0.07604937775213325,-0.03802468887606662,344341.6,0.8189819952923785,2019-10,2019-10,0.6558,0.007045,0.517068
3,C3 Hybrid,2019-10,2019-10-31,P_selected,MAB,0.02335867172768493,NEUTRAL,0.12262850865933556,0.12262850865933556,0.06131425432966778,302.5,0.018071897196645887,2019-10,2019-10,0.6558,0.007045,0.517068
3,C3 Hybrid,2019-10,2019-10-31,P_selected,TQM,0.023042727974489207,BUY,0.21565243297597114,0.21565243297597114,0.21565243297597114,2387487.6550000003,0.9999999999999987,2019-10,2019-10,0.6558,0.007045,0.517068
3,C3 Hybrid,2019-10,2019-10-31,P_selected,LHM,0.019726717712727004,NEUTRAL,0.03859622722273212,0.03859622722273212,0.01929811361136606,2825481.1,1.0,2019-10,2019-10,0.6558,0.007045,0.517068
3,C3 Hybrid,2019-10,2019-10-31,P_selected,LBV,0.015642369373372256,NEUTRAL,-0.07190562340475673,-0.07190562340475673,-0.035952811702378365,4346468.9,1.0,2019-10,2019-10,0.6558,0.007045,0.517068
3,C3 Hybrid,2019-10,2019-10-31,P_selected,M2M,0.015313765744009854,NEUTRAL,0.13278645438889614,0.13278645438889614,0.06639322719444807,7743.964999999999,0.020310522505083774,2019-10,2019-10,0.6558,0.007045,0.517068
3,C3 Hybrid,2019-10,2019-10-31,P_selected,NEJ,0.013662595933926523,NEUTRAL,0.1991621581697008,0.1991621581697008,0.0995810790848504,1120.0,0.018305474823764226,2019-10,2019-10,0.6558,0.007045,0.517068
3,C3 Hybrid,2019-10,2019-10-31,P_selected,RIS,0.01092072557863041,NEUTRAL,0.020398478673230136,0.020398478673230136,0.010199239336615068,84879.77000000009,0.06648853734980151,2019-10,2019-10,0.6558,0.007045,0.517068
3,C3 Hybrid,2019-10,2019-10-31,P_selected,SNP,0.007439406546317483,NEUTRAL,0.1728792629415798,0.1728792629415798,0.0864396314707899,70542.18499999991,0.05358940941390174,2019-10,2019-10,0.6558,0.007045,0.517068
3,C3 Hybrid,2019-10,2019-10-31,P_selected,CSR,0.006440186861927505,NEUTRAL,-0.10363694787054491,-0.10363694787054491,-0.051818473935272454,3767552.8175,1.0,2019-10,2019-10,0.6558,0.007045,0.517068
3,C3 Hybrid,2019-10,2019-10-31,P_selected,ATL,0.004401488898211615,BUY,0.28363583663732933,0.28363583663732933,0.28363583663732933,55489.09549999986,0.042607853958305394,2019-10,2019-10,0.6558,0.007045,0.517068
3,C3 Hybrid,2019-10,2019-10-31,P_selected,INV,0.0014639246348690466,NEUTRAL,0.08213461747840775,0.08213461747840775,0.041067308739203875,15112.917500000005,0.022794151821317984,2019-10,2019-10,0.6558,0.007045,0.517068
3,C3 Hybrid,2019-10,2019-10-31,P_selected,DWY,0.0012258849452751023,BUY,0.31979290679323,0.31979290679323,0.31979290679323,326552.99999999965,0.7729155819065125,2019-10,2019-10,0.6558,0.007045,0.517068
3,C3 Hybrid,2019-10,2019-10-31,P_selected,SMI,0.0005093866950860309,BUY,0.3675740541908048,0.3675740541908048,0.3675740541908048,204374.6,0.325193322983311,2019-10,2019-10,0.6558,0.007045,0.517068
3,C3 Hybrid,2019-11,2019-11-29,P_selected,BCP,0.09933293127208331,NEUTRAL,-0.2104818652765872,-0.2104818652765872,-0.1052409326382936,14709094.2975,1.0,2019-11,2019-11,0.7483,0.007614,0.600304
3,C3 Hybrid,2019-11,2019-11-29,P_selected,EQD,0.0961876047846881,BUY,1.3515277530560383,1.3515277530560383,1.3515277530560383,2620213.35,1.0,2019-11,2019-11,0.7483,0.007614,0.600304
3,C3 Hybrid,2019-11,2019-11-29,P_selected,IAM,0.09242946851763782,BUY,1.0682242377452522,1.0682242377452522,1.0682242377452522,27331459.76,1.0,2019-11,2019-11,0.7483,0.007614,0.600304
3,C3 Hybrid,2019-11,2019-11-29,P_selected,UMR,0.0874359547163939,BUY,0.40440142988799976,0.40440142988799976,0.40440142988799976,560.0,0.018145153197380567,2019-11,2019-11,0.7483,0.007614,0.600304
3,C3 Hybrid,2019-11,2019-11-29,P_selected,MUT,0.086750386814356,BUY,0.30616405937588015,0.30616405937588015,0.30616405937588015,559587.5675,0.992990126599821,2019-11,2019-11,0.7483,0.007614,0.600304
3,C3 Hybrid,2019-11,2019-11-29,P_selected,HPS,0.06307922294776475,BUY,1.6516919569384,1.6516919569384,1.6516919569384,1807193.0349999997,0.9999999999848812,2019-11,2019-11,0.7483,0.007614,0.600304
3,C3 Hybrid,2019-11,2019-11-29,P_selected,LBV,0.05665947826440787,BUY,0.4864335243463572,0.4864335243463572,0.4864335243463572,9873392.8,1.0,2019-11,2019-11,0.7483,0.007614,0.600304
3,C3 Hybrid,2019-11,2019-11-29,P_selected,MIC,0.053922732245109885,BUY,2.129138172463982,2.129138172463982,2.129138172463982,150180.6,0.168385863874593,2019-11,2019-11,0.7483,0.007614,0.600304
3,C3 Hybrid,2019-11,2019-11-29,P_selected,LES,0.04754584417296975,NEUTRAL,0.10893762317905126,0.10893762317905126,0.05446881158952563,573662.7725000007,0.9943957184142587,2019-11,2019-11,0.7483,0.007614,0.600304
3,C3 Hybrid,2019-11,2019-11-29,P_selected,CIH,0.04738920498882893,NEUTRAL,-0.1957547082699072,-0.1957547082699072,-0.0978773541349536,1466664.8450000002,0.999999996486445,2019-11,2019-11,0.7483,0.007614,0.600304
3,C3 Hybrid,2019-11,2019-11-29,P_selected,SRM,0.04043902858209965,BUY,1.2626667261151827,1.2626667261151827,1.2626667261151827,230.31499999999997,0.0180514134843204,2019-11,2019-11,0.7483,0.007614,0.600304
3,C3 Hybrid,2019-11,2019-11-29,P_selected,GAZ,0.03691110543247106,NEUTRAL,0.16412542891690943,0.16412542891690943,0.08206271445845471,2148347.0,0.9999999999999356,2019-11,2019-11,0.7483,0.007614,0.600304
3,C3 Hybrid,2019-11,2019-11-29,P_selected,CTM,0.03636685361632245,NEUTRAL,0.0466209533166726,0.0466209533166726,0.0233104766583363,93041.465,0.07506725650781967,2019-11,2019-11,0.7483,0.007614,0.600304
3,C3 Hybrid,2019-11,2019-11-29,P_selected,M2M,0.031804185054902116,NEUTRAL,-0.16363549007580422,-0.16363549007580422,-0.08181774503790211,942436.7300000001,0.9999845670097084,2019-11,2019-11,0.7483,0.007614,0.600304
3,C3 Hybrid,2019-11,2019-11-29,P_selected,JET,0.029230008141522733,NEUTRAL,0.09890926228991109,0.09890926228991109,0.049454631144955546,640053.0525,0.9980555869978202,2019-11,2019-11,0.7483,0.007614,0.600304
3,C3 Hybrid,2019-11,2019-11-29,P_selected,TQM,0.020750207840639235,NEUTRAL,-0.125160469774942,-0.125160469774942,-0.062580234887471,7509215.4,1.0,2019-11,2019-11,0.7483,0.007614,0.600304
3,C3 Hybrid,2019-11,2019-11-29,P_selected,CSR,0.017551071261038238,NEUTRAL,-0.02306401374606165,-0.02306401374606165,-0.011532006873030826,4763300.55,1.0,2019-11,2019-11,0.7483,0.007614,0.600304
3,C3 Hybrid,2019-11,2019-11-29,P_selected,MDP,0.016261439489476136,BUY,1.291610971530639,1.291610971530639,1.291610971530639,32247.119500000095,0.0297695925617745,2019-11,2019-11,0.7483,0.007614,0.600304
3,C3 Hybrid,2019-11,2019-11-29,P_selected,ALM,0.016210006316939026,NEUTRAL,-0.08210787566410786,-0.08210787566410786,-0.04105393783205393,94684.85,0.07691343840835078,2019-11,2019-11,0.7483,0.007614,0.600304
3,C3 Hybrid,2019-11,2019-11-29,P_selected,AFM,0.009426475609180193,NEUTRAL,0.06700251892562425,0.06700251892562425,0.03350125946281213,27544.75,0.02767168047548186,2019-11,2019-11,0.7483,0.007614,0.600304
3,C3 Hybrid,2019-11,2019-11-29,P_selected,S2M,0.005657152048023181,BUY,0.21631656380103403,0.21631656380103403,0.21631656380103403,99392.765,0.08243481529562503,2019-11,2019-11,0.7483,0.007614,0.600304
3,C3 Hybrid,2019-11,2019-11-29,P_selected,ATL,0.004742218268582609,NEUTRAL,0.012022858744165338,0.012022858744165338,0.006011429372082669,490021.1739999998,0.9789656303263581,2019-11,2019-11,0.7483,0.007614,0.600304
3,C3 Hybrid,2019-11,2019-11-29,P_selected,DWY,0.0019334593025280957,BUY,0.5144858347822011,0.5144858347822011,0.5144858347822011,448369.7624999996,0.9598408122380934,2019-11,2019-11,0.7483,0.007614,0.600304
3,C3 Hybrid,2019-11,2019-11-29,P_selected,COL,0.0004785360697342585,NEUTRAL,-0.11667180755357758,-0.11667180755357758,-0.05833590377678879,13994.652000000002,0.022398994051006343,2019-11,2019-11,0.7483,0.007614,0.600304
3,C3 Hybrid,2019-11,2019-11-29,P_selected,SMI,0.00047154886974215744,NEUTRAL,-0.11675679550511969,-0.11675679550511969,-0.058378397752559846,110368.2,0.0967290493696764,2019-11,2019-11,0.7483,0.007614,0.600304
3,C3 Hybrid,2019-11,2019-11-29,P_selected,INV,0.00035525638688175447,BUY,1.345925258767903,1.345925258767903,1.345925258767903,17016.985000000004,0.02348270565628677,2019-11,2019-11,0.7483,0.007614,0.600304
3,C3 Hybrid,2019-11,2019-11-29,P_selected,MSA,0.00030945979955897235,NEUTRAL,-0.1529589621406771,-0.1529589621406771,-0.07647948107033856,4674586.7975,1.0,2019-11,2019-11,0.7483,0.007614,0.600304
3,C3 Hybrid,2019-11,2019-11-29,P_selected,ATH,0.00013033753853194008,NEUTRAL,-0.1904785913631633,-0.1904785913631633,-0.09523929568158165,1112888.848,0.9999989906687523,2019-11,2019-11,0.7483,0.007614,0.600304
3,C3 Hybrid,2019-11,2019-11-29,P_selected,DHO,0.00012053242661295219,NEUTRAL,-0.04011279710327774,-0.04011279710327774,-0.02005639855163887,71114.85450000009,0.05405602538455872,2019-11,2019-11,0.7483,0.007614,0.600304
3,C3 Hybrid,2019-12,2019-12-31,P_selected,ATW,0.1,NEUTRAL,-0.00857261400581319,-0.00857261400581319,-0.004286307002906595,36871659.68499999,1.0,2019-12,2019-12,0.8619,0.007327,0.335853
3,C3 Hybrid,2019-12,2019-12-31,P_selected,IAM,0.1,NEUTRAL,0.05031675949432293,0.05031675949432293,0.025158379747161466,46029091.61,1.0,2019-12,2019-12,0.8619,0.007327,0.335853
3,C3 Hybrid,2019-12,2019-12-31,P_selected,MUT,0.09994481847617649,BUY,0.22253188282504077,0.22253188282504077,0.22253188282504077,7466039.4825,1.0,2019-12,2019-12,0.8619,0.007327,0.335853
3,C3 Hybrid,2019-12,2019-12-31,P_selected,SOT,0.09799212267591635,BUY,0.2442401917217924,0.2442401917217924,0.2442401917217924,1018969.1,0.9999954642047697,2019-12,2019-12,0.8619,0.007327,0.335853
3,C3 Hybrid,2019-12,2019-12-31,P_selected,BCP,0.09145776593152119,BUY,0.22710671335152505,0.22710671335152505,0.22710671335152505,23992460.7025,1.0,2019-12,2019-12,0.8619,0.007327,0.335853
3,C3 Hybrid,2019-12,2019-12-31,P_selected,LES,0.04599287127230054,NEUTRAL,0.18242106685743575,0.18242106685743575,0.09121053342871788,427014.0800000007,0.9443925788052625,2019-12,2019-12,0.8619,0.007327,0.335853
3,C3 Hybrid,2019-12,2019-12-31,P_selected,MOX,0.045287077076674905,BUY,4.402213629106801,4.402213629106801,4.402213629106801,12455.064999999999,0.02186588869672976,2019-12,2019-12,0.8619,0.007327,0.335853
3,C3 Hybrid,2019-12,2019-12-31,P_selected,EQD,0.04440129885405777,NEUTRAL,-0.03143180736808886,-0.03143180736808886,-0.01571590368404443,1718437.1,0.9999999999374463,2019-12,2019-12,0.8619,0.007327,0.335853
3,C3 Hybrid,2019-12,2019-12-31,P_selected,TMA,0.041411713761734546,NEUTRAL,-0.02707326320938437,-0.02707326320938437,-0.013536631604692186,1904463.7875,0.9999999999968114,2019-12,2019-12,0.8619,0.007327,0.335853
3,C3 Hybrid,2019-12,2019-12-31,P_selected,MIC,0.04102715233856047,BUY,0.939226550245624,0.939226550245624,0.939226550245624,304387.3225,0.7047867212368506,2019-12,2019-12,0.8619,0.007327,0.335853
3,C3 Hybrid,2019-12,2019-12-31,P_selected,JET,0.03310876186240444,NEUTRAL,0.08968614735408215,0.08968614735408215,0.04484307367704107,1085589.77,0.9999984378350061,2019-12,2019-12,0.8619,0.007327,0.335853
3,C3 Hybrid,2019-12,2019-12-31,P_selected,CTM,0.03167892935998358,BUY,0.23538020421628508,0.23538020421628508,0.23538020421628508,90420.675,0.07220716436464666,2019-12,2019-12,0.8619,0.007327,0.335853
3,C3 Hybrid,2019-12,2019-12-31,P_selected,CMT,0.031468126971882934,NEUTRAL,-0.16189334438241143,-0.16189334438241143,-0.08094667219120572,2393784.4,0.9999999999999987,2019-12,2019-12,0.8619,0.007327,0.335853
3,C3 Hybrid,2019-12,2019-12-31,P_selected,AFM,0.027796908137776532,BUY,0.3663567373750856,0.3663567373750856,0.3663567373750856,115966.5,0.10484291823773423,2019-12,2019-12,0.8619,0.007327,0.335853
3,C3 Hybrid,2019-12,2019-12-31,P_selected,TQM,0.02684893695270077,NEUTRAL,-0.16051173494831364,-0.16051173494831364,-0.08025586747415682,1962590.2,0.9999999999987419,2019-12,2019-12,0.8619,0.007327,0.335853
3,C3 Hybrid,2019-12,2019-12-31,P_selected,LHM,0.023911266942568055,BUY,0.24442742521291166,0.24442742521291166,0.24442742521291166,17155656.5,1.0,2019-12,2019-12,0.8619,0.007327,0.335853
3,C3 Hybrid,2019-12,2019-12-31,P_selected,CSR,0.01546324519680983,NEUTRAL,-0.04498294941167076,-0.04498294941167076,-0.02249147470583538,9812238.51,1.0,2019-12,2019-12,0.8619,0.007327,0.335853
3,C3 Hybrid,2019-12,2019-12-31,P_selected,HPS,0.013453758153185742,NEUTRAL,-0.16880398363568352,-0.16880398363568352,-0.08440199181784176,2572718.175,1.0,2019-12,2019-12,0.8619,0.007327,0.335853
3,C3 Hybrid,2019-12,2019-12-31,P_selected,M2M,0.012611969673897879,NEUTRAL,-0.1590148480566616,-0.1590148480566616,-0.0795074240283308,941514.0900000001,0.9999843374978836,2019-12,2019-12,0.8619,0.007327,0.335853
3,C3 Hybrid,2019-12,2019-12-31,P_selected,DHO,0.012451004670855047,NEUTRAL,0.11746334458121807,0.11746334458121807,0.058731672290609035,1104394.7615000003,0.9999988437370408,2019-12,2019-12,0.8619,0.007327,0.335853
3,C3 Hybrid,2019-12,2019-12-31,P_selected,CIH,0.011287464887174543,NEUTRAL,0.10435081746061262,0.10435081746061262,0.05217540873030631,1337103.6724999999,0.9999999720726346,2019-12,2019-12,0.8619,0.007327,0.335853
3,C3 Hybrid,2019-12,2019-12-31,P_selected,SNP,0.008871895503894466,NEUTRAL,-0.2000392149558642,-0.2000392149558642,-0.1000196074779321,693181.7699999999,0.9991680519959805,2019-12,2019-12,0.8619,0.007327,0.335853
3,C3 Hybrid,2019-12,2019-12-31,P_selected,DWY,0.00780116800080809,BUY,0.8582485794486506,0.8582485794486506,0.8582485794486506,240478.53249999965,0.4619876192204156,2019-12,2019-12,0.8619,0.007327,0.335853
3,C3 Hybrid,2019-12,2019-12-31,P_selected,SRM,0.0077634534056431285,NEUTRAL,0.15111638426679835,0.15111638426679835,0.07555819213339918,8016.089999999999,0.02039733960590611,2019-12,2019-12,0.8619,0.007327,0.335853
3,C3 Hybrid,2019-12,2019-12-31,P_selected,RIS,0.006516282797655211,NEUTRAL,0.0752896116611786,0.0752896116611786,0.0376448058305893,393270.15250000014,0.9082391875945185,2019-12,2019-12,0.8619,0.007327,0.335853
3,C3 Hybrid,2019-12,2019-12-31,P_selected,SBM,0.005144605104085218,NEUTRAL,-0.15584051479014588,-0.15584051479014588,-0.07792025739507294,1380041.0,0.9999999859501767,2019-12,2019-12,0.8619,0.007327,0.335853
3,C3 Hybrid,2019-12,2019-12-31,P_selected,MDP,0.0049185070828326434,NEUTRAL,-0.07179132864388615,-0.07179132864388615,-0.03589566432194308,57918.7640000001,0.04422214749740718,2019-12,2019-12,0.8619,0.007327,0.335853
3,C3 Hybrid,2019-12,2019-12-31,P_selected,ALM,0.0028632500791505922,NEUTRAL,-0.18566084800551147,-0.18566084800551147,-0.09283042400275573,134652.6,0.13639523564132944,2019-12,2019-12,0.8619,0.007327,0.335853
3,C3 Hybrid,2019-12,2019-12-31,P_selected,ATH,0.002217145894920758,NEUTRAL,-0.037968811369929516,-0.037968811369929516,-0.018984405684964758,2390489.505,0.9999999999999987,2019-12,2019-12,0.8619,0.007327,0.335853
3,C3 Hybrid,2019-12,2019-12-31,P_selected,INV,0.002053060374904407,NEUTRAL,0.16903612646190266,0.16903612646190266,0.08451806323095133,53958.645000000004,0.04162007411412025,2019-12,2019-12,0.8619,0.007327,0.335853
3,C3 Hybrid,2019-12,2019-12-31,P_selected,IBC,0.0018510471692345105,BUY,0.3873090944871989,0.3873090944871989,0.3873090944871989,30639.289499999995,0.029035480832085948,2019-12,2019-12,0.8619,0.007327,0.335853
3,C3 Hybrid,2019-12,2019-12-31,P_selected,COL,0.0011454404188341756,NEUTRAL,0.16849229430253598,0.16849229430253598,0.08424614715126799,108401.7555,0.09401470133927262,2019-12,2019-12,0.8619,0.007327,0.335853
3,C3 Hybrid,2019-12,2019-12-31,P_selected,SID,0.00039220603803222367,BUY,0.39069160248430734,0.39069160248430734,0.39069160248430734,537479.3925000001,0.9900449489549438,2019-12,2019-12,0.8619,0.007327,0.335853
3,C3 Hybrid,2019-12,2019-12-31,P_selected,NKL,0.000353741739981298,NEUTRAL,-0.11975868634717599,-0.11975868634717599,-0.05987934317358799,18473.941,0.02402324317707166,2019-12,2019-12,0.8619,0.007327,0.335853
3,C3 Hybrid,2019-12,2019-12-31,P_selected,ATL,0.0003011382590980933,NEUTRAL,0.09487274177590535,0.09487274177590535,0.047436370887952675,1682792.1009999998,0.9999999998893527,2019-12,2019-12,0.8619,0.007327,0.335853
3,C3 Hybrid,2019-12,2019-12-31,P_selected,MSA,0.00010103668713829788,NEUTRAL,-0.04183031127959125,-0.04183031127959125,-0.020915155639795624,15973326.41,1.0,2019-12,2019-12,0.8619,0.007327,0.335853
3,C3 Hybrid,2019-12,2019-12-31,P_selected,PRO,0.00010039808278288067,NEUTRAL,-0.053797441948069076,-0.053797441948069076,-0.026898720974034538,3335.1150000000002,0.01895337147704665,2019-12,2019-12,0.8619,0.007327,0.335853
3,C3 Hybrid,2020-01,2020-01-31,P_selected,BCP,0.1,NEUTRAL,-0.09994346033969193,-0.09994346033969193,-0.04997173016984596,9755316.620000001,1.0,2020-01,2020-01,0.7611,0.007743,0.444043
3,C3 Hybrid,2020-01,2020-01-31,P_selected,MUT,0.1,BUY,0.26823307340403957,0.26823307340403957,0.26823307340403957,4407419.4725,1.0,2020-01,2020-01,0.7611,0.007743,0.444043
3,C3 Hybrid,2020-01,2020-01-31,P_selected,SOT,0.06991831099361788,NEUTRAL,-0.18477845940584786,-0.18477845940584786,-0.09238922970292393,616089.85,0.9971495889902938,2020-01,2020-01,0.7611,0.007743,0.444043
3,C3 Hybrid,2020-01,2020-01-31,P_selected,RDS,0.05974525298939528,NEUTRAL,0.08291018532093652,0.08291018532093652,0.04145509266046826,6680986.2185,1.0,2020-01,2020-01,0.7611,0.007743,0.444043
3,C3 Hybrid,2020-01,2020-01-31,P_selected,OUL,0.058964606968021804,BUY,0.7210219179607481,0.7210219179607481,0.7210219179607481,518.0,0.018133184784036672,2020-01,2020-01,0.7611,0.007743,0.444043
3,C3 Hybrid,2020-01,2020-01-31,P_selected,MIC,0.05867871392902014,BUY,1.9446754229083745,1.9446754229083745,1.9446754229083745,138078.87,0.1429822565542154,2020-01,2020-01,0.7611,0.007743,0.444043
3,C3 Hybrid,2020-01,2020-01-31,P_selected,EQD,0.058518499543452285,BUY,1.9424686593474547,1.9424686593474547,1.9424686593474547,1333406.05,0.9999999703705438,2020-01,2020-01,0.7611,0.007743,0.444043
3,C3 Hybrid,2020-01,2020-01-31,P_selected,AFM,0.05310111205188388,BUY,0.37789812318260463,0.37789812318260463,0.37789812318260463,574060.9,0.9944311062747159,2020-01,2020-01,0.7611,0.007743,0.444043
3,C3 Hybrid,2020-01,2020-01-31,P_selected,TMA,0.04606189108031278,NEUTRAL,-0.050809218198655776,-0.050809218198655776,-0.025404609099327888,2321400.1125,0.999999999999996,2020-01,2020-01,0.7611,0.007743,0.444043
3,C3 Hybrid,2020-01,2020-01-31,P_selected,DWY,0.042017956752199326,BUY,0.652377318252793,0.652377318252793,0.652377318252793,462973.4099999997,0.967940422199015,2020-01,2020-01,0.7611,0.007743,0.444043
3,C3 Hybrid,2020-01,2020-01-31,P_selected,SMI,0.04088322624611815,BUY,0.8960655703347276,0.8960655703347276,0.8960655703347276,1745267.15,0.9999999999592788,2020-01,2020-01,0.7611,0.007743,0.444043
3,C3 Hybrid,2020-01,2020-01-31,P_selected,REB,0.04023761764205051,NEUTRAL,0.1377865420648922,0.1377865420648922,0.0688932710324461,438.9,0.01811066530685876,2020-01,2020-01,0.7611,0.007743,0.444043
3,C3 Hybrid,2020-01,2020-01-31,P_selected,TQM,0.03326863561762627,NEUTRAL,-0.16841931791823966,-0.16841931791823966,-0.08420965895911983,2628342.525,1.0,2020-01,2020-01,0.7611,0.007743,0.444043
3,C3 Hybrid,2020-01,2020-01-31,P_selected,HPS,0.032093435038499374,NEUTRAL,0.13332450959337666,0.13332450959337666,0.06666225479668833,3397880.375,1.0,2020-01,2020-01,0.7611,0.007743,0.444043
3,C3 Hybrid,2020-01,2020-01-31,P_selected,SRM,0.026377895105823144,BUY,0.7653107604713763,0.7653107604713763,0.7653107604713763,1378.75,0.018380020769437344,2020-01,2020-01,0.7611,0.007743,0.444043
3,C3 Hybrid,2020-01,2020-01-31,P_selected,AGM,0.02460708050072577,BUY,0.311173956389595,0.311173956389595,0.311173956389595,9448.35,0.020860302000005118,2020-01,2020-01,0.7611,0.007743,0.444043
3,C3 Hybrid,2020-01,2020-01-31,P_selected,RIS,0.023955079216751406,BUY,0.319950443959369,0.319950443959369,0.319950443959369,239505.63500000015,0.4581208877734982,2020-01,2020-01,0.7611,0.007743,0.444043
3,C3 Hybrid,2020-01,2020-01-31,P_selected,LBV,0.022076332647955534,BUY,0.34418672496678815,0.34418672496678815,0.34418672496678815,8508473.55,1.0,2020-01,2020-01,0.7611,0.007743,0.444043
3,C3 Hybrid,2020-01,2020-01-31,P_selected,CIH,0.017191501449323344,NEUTRAL,-0.050621601108460035,-0.050621601108460035,-0.025310800554230017,4080834.755,1.0,2020-01,2020-01,0.7611,0.007743,0.444043
3,C3 Hybrid,2020-01,2020-01-31,P_selected,DHO,0.01242885835044986,BUY,0.26774449155115154,0.26774449155115154,0.26774449155115154,404827.9795000001,0.9225313250803971,2020-01,2020-01,0.7611,0.007743,0.444043
3,C3 Hybrid,2020-01,2020-01-31,P_selected,LHM,0.011769164190447092,NEUTRAL,-0.19985636265250784,-0.19985636265250784,-0.09992818132625392,11529543.85,1.0,2020-01,2020-01,0.7611,0.007743,0.444043
3,C3 Hybrid,2020-01,2020-01-31,P_selected,SBM,0.009747833022880154,NEUTRAL,-0.16124543624089785,-0.16124543624089785,-0.08062271812044892,1793282.5,0.9999999999811124,2020-01,2020-01,0.7611,0.007743,0.444043
3,C3 Hybrid,2020-01,2020-01-31,P_selected,INV,0.009515583955951925,BUY,1.1794738227543147,1.1794738227543147,1.1794738227543147,10229.567500000003,0.021117140613169615,2020-01,2020-01,0.7611,0.007743,0.444043
3,C3 Hybrid,2020-01,2020-01-31,P_selected,CMT,0.009100096443734723,BUY,0.49087391450866935,0.49087391450866935,0.49087391450866935,1796759.2,0.9999999999821345,2020-01,2020-01,0.7611,0.007743,0.444043
3,C3 Hybrid,2020-01,2020-01-31,P_selected,MDP,0.008852701183392285,BUY,1.0435263949258629,1.0435263949258629,1.0435263949258629,25224.650000000092,0.026690209647860827,2020-01,2020-01,0.7611,0.007743,0.444043
3,C3 Hybrid,2020-01,2020-01-31,P_selected,ATL,0.0063256458783236226,NEUTRAL,0.08444384490715115,0.08444384490715115,0.042221922453575575,1074620.8614999999,0.9999981381420033,2020-01,2020-01,0.7611,0.007743,0.444043
3,C3 Hybrid,2020-01,2020-01-31,P_selected,CSR,0.005752152133186361,NEUTRAL,-0.11405952126666594,-0.11405952126666594,-0.05702976063333297,6911096.959999999,1.0,2020-01,2020-01,0.7611,0.007743,0.444043
3,C3 Hybrid,2020-01,2020-01-31,P_selected,ALM,0.0048921119220836215,NEUTRAL,-0.1912966146416349,-0.1912966146416349,-0.09564830732081744,200553.8,0.31192411344255844,2020-01,2020-01,0.7611,0.007743,0.444043
3,C3 Hybrid,2020-01,2020-01-31,P_selected,LES,0.0037096434711436084,NEUTRAL,0.07510544934907466,0.07510544934907466,0.03755272467453733,1145709.0775000008,0.9999994029982766,2020-01,2020-01,0.7611,0.007743,0.444043
3,C3 Hybrid,2020-01,2020-01-31,P_selected,SNP,0.003296380136182807,BUY,0.3952857966422935,0.3952857966422935,0.3952857966422935,172612.0799999999,0.22474828631476926,2020-01,2020-01,0.7611,0.007743,0.444043
3,C3 Hybrid,2020-01,2020-01-31,P_selected,ATH,0.002574673564794019,NEUTRAL,-0.007132928707513156,-0.007132928707513156,-0.003566464353756578,1066808.1925000001,0.9999978902333093,2020-01,2020-01,0.7611,0.007743,0.444043
3,C3 Hybrid,2020-01,2020-01-31,P_selected,PRO,0.001669611656741162,BUY,0.3751215347668755,0.3751215347668755,0.3751215347668755,72307.0,0.05503970899781012,2020-01,2020-01,0.7611,0.007743,0.444043
3,C3 Hybrid,2020-01,2020-01-31,P_selected,BCI,0.0011733163963910751,BUY,0.23843091177100265,0.23843091177100265,0.23843091177100265,2165670.555,0.9999999999999512,2020-01,2020-01,0.7611,0.007743,0.444043
3,C3 Hybrid,2020-01,2020-01-31,P_selected,JET,0.0008641118644529431,NEUTRAL,0.14794019228338426,0.14794019228338426,0.07397009614169213,1266801.075,0.9999999139912917,2020-01,2020-01,0.7611,0.007743,0.444043
3,C3 Hybrid,2020-01,2020-01-31,P_selected,MSA,0.0006309675670143768,NEUTRAL,0.036026961879885244,0.036026961879885244,0.018013480939942622,11405273.16,1.0,2020-01,2020-01,0.7611,0.007743,0.444043
3,C3 Hybrid,2020-02,2020-02-28,P_selected,MUT,0.1,BUY,0.5060459108307319,0.5060459108307319,0.5060459108307319,3428438.4949999996,1.0,2020-02,2020-02,0.7173,0.0088,0.59345
3,C3 Hybrid,2020-02,2020-02-28,P_selected,MIC,0.09559588936384966,BUY,1.7961460204734205,1.7961460204734205,1.7961460204734205,1601390.95,0.9999999995930193,2020-02,2020-02,0.7173,0.0088,0.59345
3,C3 Hybrid,2020-02,2020-02-28,P_selected,AGM,0.0750546068869687,BUY,0.23729836217788292,0.23729836217788292,0.23729836217788292,40043.0,0.0335915507689947,2020-02,2020-02,0.7173,0.0088,0.59345
3,C3 Hybrid,2020-02,2020-02-28,P_selected,MSA,0.07356763313051426,BUY,0.30042387317109065,0.30042387317109065,0.30042387317109065,9517217.48,1.0,2020-02,2020-02,0.7173,0.0088,0.59345
3,C3 Hybrid,2020-02,2020-02-28,P_selected,RDS,0.05830859525999688,BUY,0.6468701596470081,0.6468701596470081,0.6468701596470081,453405.75599999994,0.9628341947361193,2020-02,2020-02,0.7173,0.0088,0.59345
3,C3 Hybrid,2020-02,2020-02-28,P_selected,EQD,0.05698961856721214,BUY,2.1491525588864797,2.1491525588864797,2.1491525588864797,198931.7,0.3063811259985233,2020-02,2020-02,0.7173,0.0088,0.59345
3,C3 Hybrid,2020-02,2020-02-28,P_selected,HPS,0.0511652205742313,NEUTRAL,0.14649131891112865,0.14649131891112865,0.07324565945556433,1205720.2799999998,0.9999997714531714,2020-02,2020-02,0.7173,0.0088,0.59345
3,C3 Hybrid,2020-02,2020-02-28,P_selected,CMT,0.048180076934893214,BUY,0.6918093693981101,0.6918093693981101,0.6918093693981101,1461601.95,0.9999999961899793,2020-02,2020-02,0.7173,0.0088,0.59345
3,C3 Hybrid,2020-02,2020-02-28,P_selected,TQM,0.04680549571529703,NEUTRAL,-0.0777277928172185,-0.0777277928172185,-0.03886389640860925,1491478.5,0.9999999976377612,2020-02,2020-02,0.7173,0.0088,0.59345
3,C3 Hybrid,2020-02,2020-02-28,P_selected,GAZ,0.04641295734017839,NEUTRAL,0.05496032377492513,0.05496032377492513,0.027480161887462565,594075.0,0.9959508865913173,2020-02,2020-02,0.7173,0.0088,0.59345
3,C3 Hybrid,2020-02,2020-02-28,P_selected,CIH,0.043142544617570174,NEUTRAL,-0.09398513946896137,-0.09398513946896137,-0.04699256973448068,4169496.472499999,1.0,2020-02,2020-02,0.7173,0.0088,0.59345
3,C3 Hybrid,2020-02,2020-02-28,P_selected,JET,0.037319257665625244,BUY,0.33623382852122224,0.33623382852122224,0.33623382852122224,251459.77000000002,0.5058388145710299,2020-02,2020-02,0.7173,0.0088,0.59345
3,C3 Hybrid,2020-02,2020-02-28,P_selected,LBV,0.033392471764677606,BUY,0.5324349085550807,0.5324349085550807,0.5324349085550807,4701260.55,1.0,2020-02,2020-02,0.7173,0.0088,0.59345
3,C3 Hybrid,2020-02,2020-02-28,P_selected,TMA,0.03132840027540946,NEUTRAL,-0.11406489373352313,-0.11406489373352313,-0.057032446866761566,3545561.4375,1.0,2020-02,2020-02,0.7173,0.0088,0.59345
3,C3 Hybrid,2020-02,2020-02-28,P_selected,MDP,0.028982007520789395,BUY,1.1331293677011227,1.1331293677011227,1.1331293677011227,6954.200500000094,0.02006060488824648,2020-02,2020-02,0.7173,0.0088,0.59345
3,C3 Hybrid,2020-02,2020-02-28,P_selected,AFM,0.025970377100351657,BUY,0.7682823642340794,0.7682823642340794,0.7682823642340794,5908.3,0.01973426554409166,2020-02,2020-02,0.7173,0.0088,0.59345
3,C3 Hybrid,2020-02,2020-02-28,P_selected,INV,0.025228757903027824,BUY,1.6346680650322354,1.6346680650322354,1.6346680650322354,3784.662500000003,0.019087578456655856,2020-02,2020-02,0.7173,0.0088,0.59345
3,C3 Hybrid,2020-02,2020-02-28,P_selected,SBM,0.02516637521005054,NEUTRAL,-0.19703154040059676,-0.19703154040059676,-0.09851577020029838,1296547.5,0.9999999465628722,2020-02,2020-02,0.7173,0.0088,0.59345
3,C3 Hybrid,2020-02,2020-02-28,P_selected,COL,0.023413042683830713,NEUTRAL,-0.04135101350864452,-0.04135101350864452,-0.02067550675432226,19027.648999999998,0.024231838353108052,2020-02,2020-02,0.7173,0.0088,0.59345
3,C3 Hybrid,2020-02,2020-02-28,P_selected,M2M,0.015404313115366402,BUY,0.3282065456259535,0.3282065456259535,0.3282065456259535,154394.11000000002,0.17803842652774104,2020-02,2020-02,0.7173,0.0088,0.59345
3,C3 Hybrid,2020-02,2020-02-28,P_selected,DHO,0.011861012150489745,BUY,0.3530043660054525,0.3530043660054525,0.3530043660054525,445576.7460000001,0.9580823974163675,2020-02,2020-02,0.7173,0.0088,0.59345
3,C3 Hybrid,2020-02,2020-02-28,P_selected,PRO,0.011262332625288985,BUY,0.6234337862310174,0.6234337862310174,0.6234337862310174,58159.104999999996,0.044384966821006365,2020-02,2020-02,0.7173,0.0088,0.59345
3,C3 Hybrid,2020-02,2020-02-28,P_selected,SNP,0.007016126432923091,NEUTRAL,0.04178554512414393,0.04178554512414393,0.020892772562071966,248105.35749999993,0.4924220103107658,2020-02,2020-02,0.7173,0.0088,0.59345
3,C3 Hybrid,2020-02,2020-02-28,P_selected,OUL,0.006981567579197665,NEUTRAL,-0.049802974000839606,-0.049802974000839606,-0.024901487000419803,3884.5,0.019117509952007564,2020-02,2020-02,0.7173,0.0088,0.59345
3,C3 Hybrid,2020-02,2020-02-28,P_selected,CTM,0.006802689161871107,NEUTRAL,-0.045399198012808936,-0.045399198012808936,-0.022699599006404468,40427.665,0.0337919243779255,2020-02,2020-02,0.7173,0.0088,0.59345
3,C3 Hybrid,2020-02,2020-02-28,P_selected,SID,0.005390535385843807,NEUTRAL,-0.21458963175646795,-0.21458963175646795,-0.10729481587823397,175133.69,0.2318559583726463,2020-02,2020-02,0.7173,0.0088,0.59345
3,C3 Hybrid,2020-02,2020-02-28,P_selected,BCI,0.003718358870758242,BUY,0.3624474622475854,0.3624474622475854,0.3624474622475854,913315.9800000001,0.9999754077762452,2020-02,2020-02,0.7173,0.0088,0.59345
3,C3 Hybrid,2020-02,2020-02-28,P_selected,RIS,0.0015248934390469288,NEUTRAL,0.0948458245504527,0.0948458245504527,0.04742291227522635,41583.83000000009,0.034401142185871036,2020-02,2020-02,0.7173,0.0088,0.59345
3,C3 Hybrid,2020-02,2020-02-28,P_selected,NKL,0.0014274003643107642,NEUTRAL,-0.1468730349626515,-0.1468730349626515,-0.07343651748132575,1511.5399999999986,0.018418393190786857,2020-02,2020-02,0.7173,0.0088,0.59345
3,C3 Hybrid,2020-02,2020-02-28,P_selected,ADH,0.0012895284997372653,NEUTRAL,-0.07452032933471477,-0.07452032933471477,-0.03726016466735738,879862.7615000015,0.9999580002202886,2020-02,2020-02,0.7173,0.0088,0.59345
3,C3 Hybrid,2020-02,2020-02-28,P_selected,ATL,0.0012478137520150446,NEUTRAL,0.1490900021936567,0.1490900021936567,0.07454500109682835,285290.3899999999,0.6375269074927264,2020-02,2020-02,0.7173,0.0088,0.59345
3,C3 Hybrid,2020-03,2020-03-31,P_selected,AGM,0.1,BUY,0.43980712243960884,0.43980712243960884,0.43980712243960884,94773.65,0.07701437268452131,2020-03,2020-03,0.5495,0.012891,0.901579
3,C3 Hybrid,2020-03,2020-03-31,P_selected,CDM,0.1,BUY,0.4741856485792723,0.4741856485792723,0.4741856485792723,12582.5,0.021909540047947224,2020-03,2020-03,0.5495,0.012891,0.901579
3,C3 Hybrid,2020-03,2020-03-31,P_selected,SOT,0.1,BUY,3.7508390884066265,3.7508390884066265,3.7508390884066265,261889.1875,0.5474138584353674,2020-03,2020-03,0.5495,0.012891,0.901579
3,C3 Hybrid,2020-03,2020-03-31,P_selected,TMA,0.1,NEUTRAL,-0.09578632404387427,-0.09578632404387427,-0.047893162021937136,4800571.65,1.0,2020-03,2020-03,0.5495,0.012891,0.901579
3,C3 Hybrid,2020-03,2020-03-31,P_selected,INV,0.09532906491411038,BUY,1.7910163615424521,1.7910163615424521,1.7910163615424521,1132.3500000000029,0.0183090261097346,2020-03,2020-03,0.5495,0.012891,0.901579
3,C3 Hybrid,2020-03,2020-03-31,P_selected,EQD,0.09485072863316156,BUY,0.9094794629371762,0.9094794629371762,0.9094794629371762,849406.05,0.9999316292306327,2020-03,2020-03,0.5495,0.012891,0.901579
3,C3 Hybrid,2020-03,2020-03-31,P_selected,RDS,0.0747230802312113,BUY,0.9766181104753662,0.9766181104753662,0.9766181104753662,742460.3395,0.9996216700401849,2020-03,2020-03,0.5495,0.012891,0.901579
3,C3 Hybrid,2020-03,2020-03-31,P_selected,MUT,0.07033697008808518,BUY,0.41840071355514963,0.41840071355514963,0.41840071355514963,3111296.3075,1.0,2020-03,2020-03,0.5495,0.012891,0.901579
3,C3 Hybrid,2020-03,2020-03-31,P_selected,AFM,0.058386965721536496,BUY,0.7650834711398463,0.7650834711398463,0.7650834711398463,77980.35,0.0599560745553538,2020-03,2020-03,0.5495,0.012891,0.901579
3,C3 Hybrid,2020-03,2020-03-31,P_selected,SMI,0.05836531365858663,BUY,0.4251412042104988,0.4251412042104988,0.4251412042104988,147675.35,0.16284718265096315,2020-03,2020-03,0.5495,0.012891,0.901579
3,C3 Hybrid,2020-03,2020-03-31,P_selected,TQM,0.05327240193476031,NEUTRAL,0.03381467285171036,0.03381467285171036,0.01690733642585518,4756859.41,1.0,2020-03,2020-03,0.5495,0.012891,0.901579
3,C3 Hybrid,2020-03,2020-03-31,P_selected,CIH,0.04583954868312373,NEUTRAL,-0.09756629264704114,-0.09756629264704114,-0.04878314632352057,4052100.0575,1.0,2020-03,2020-03,0.5495,0.012891,0.901579
3,C3 Hybrid,2020-03,2020-03-31,P_selected,DWY,0.02218952968596887,BUY,0.42621630997523496,0.42621630997523496,0.42621630997523496,923597.1799999997,0.9999791378853968,2020-03,2020-03,0.5495,0.012891,0.901579
3,C3 Hybrid,2020-03,2020-03-31,P_selected,NKL,0.009643911417605209,NEUTRAL,0.16986964700330226,0.16986964700330226,0.08493482350165113,6734.189999999998,0.01999152158787773,2020-03,2020-03,0.5495,0.012891,0.901579
3,C3 Hybrid,2020-03,2020-03-31,P_selected,MIC,0.005883397197891557,NEUTRAL,0.13251775980736524,0.13251775980736524,0.06625887990368262,895588.695,0.9999673430146108,2020-03,2020-03,0.5495,0.012891,0.901579
3,C3 Hybrid,2020-03,2020-03-31,P_selected,PRO,0.005357849949375722,NEUTRAL,0.11010056318014383,0.11010056318014383,0.055050281590071914,3528.6,0.01901102028040698,2020-03,2020-03,0.5495,0.012891,0.901579
3,C3 Hybrid,2020-03,2020-03-31,P_selected,OUL,0.002675048545505301,BUY,0.3886438522574496,0.3886438522574496,0.3886438522574496,747.1,0.018198563899434687,2020-03,2020-03,0.5495,0.012891,0.901579
3,C3 Hybrid,2020-03,2020-03-31,P_selected,BCI,0.0014063442450107531,NEUTRAL,0.19057771128151585,0.19057771128151585,0.09528885564075792,1820365.0349999997,0.9999999999877542,2020-03,2020-03,0.5495,0.012891,0.901579
3,C3 Hybrid,2020-03,2020-03-31,P_selected,CMT,0.000440371144476283,BUY,0.36102099622427847,0.36102099622427847,0.36102099622427847,1301514.8,0.999999950645498,2020-03,2020-03,0.5495,0.012891,0.901579
3,C3 Hybrid,2020-03,2020-03-31,P_selected,MSA,0.0003549739495210831,NEUTRAL,-0.20940124185491438,-0.20940124185491438,-0.10470062092745719,14670695.834999999,1.0,2020-03,2020-03,0.5495,0.012891,0.901579
3,C3 Hybrid,2020-03,2020-03-31,P_selected,SNP,0.00022018307346484252,BUY,0.24932016561355835,0.24932016561355835,0.24932016561355835,664384.07,0.9986817685101665,2020-03,2020-03,0.5495,0.012891,0.901579
3,C3 Hybrid,2020-03,2020-03-31,P_selected,COL,0.00019931789521600602,NEUTRAL,-0.023708249403787574,-0.023708249403787574,-0.011854124701893787,118724.88149999999,0.10905776516885454,2020-03,2020-03,0.5495,0.012891,0.901579
3,C3 Hybrid,2020-03,2020-03-31,P_selected,CTM,0.00017637229792345096,NEUTRAL,-0.10893111632656291,-0.10893111632656291,-0.054465558163281455,62576.655000000006,0.047481312212962104,2020-03,2020-03,0.5495,0.012891,0.901579
3,C3 Hybrid,2020-04,2020-04-30,P_selected,AGM,0.1,BUY,0.7477660450564018,0.7477660450564018,0.7477660450564018,169606.5,0.21648041107099902,2020-04,2020-04,0.5918,0.013363,0.916439
3,C3 Hybrid,2020-04,2020-04-30,P_selected,CDM,0.1,BUY,1.252071823285954,1.252071823285954,1.252071823285954,684352.5,0.9990419384377116,2020-04,2020-04,0.5918,0.013363,0.916439
3,C3 Hybrid,2020-04,2020-04-30,P_selected,EQD,0.1,BUY,1.5964247922830759,1.5964247922830759,1.5964247922830759,25203.3,0.02668133705154264,2020-04,2020-04,0.5918,0.013363,0.916439
3,C3 Hybrid,2020-04,2020-04-30,P_selected,RDS,0.1,BUY,0.704465081737697,0.704465081737697,0.704465081737697,3741394.8140000002,1.0,2020-04,2020-04,0.5918,0.013363,0.916439
3,C3 Hybrid,2020-04,2020-04-30,P_selected,TMA,0.1,BUY,0.7440613160494025,0.7440613160494025,0.7440613160494025,2275594.65,0.9999999999999916,2020-04,2020-04,0.5918,0.013363,0.916439
3,C3 Hybrid,2020-04,2020-04-30,P_selected,MUT,0.09629759552935037,BUY,0.23776841398271795,0.23776841398271795,0.23776841398271795,931351.9525,0.9999815721908594,2020-04,2020-04,0.5918,0.013363,0.916439
3,C3 Hybrid,2020-04,2020-04-30,P_selected,MOX,0.08898660779502111,BUY,3.1792782980989287,3.1792782980989287,3.1792782980989287,0.0,0.01798620996209156,2020-04,2020-04,0.5918,0.013363,0.916439
3,C3 Hybrid,2020-04,2020-04-30,P_selected,GAZ,0.058010657747583454,NEUTRAL,-0.1637470200535946,-0.1637470200535946,-0.0818735100267973,622503.5,0.9974268705746654,2020-04,2020-04,0.5918,0.013363,0.916439
3,C3 Hybrid,2020-04,2020-04-30,P_selected,INV,0.049189665035715854,BUY,1.4035669479849184,1.4035669479849184,1.4035669479849184,4870.867500000003,0.01941570916434402,2020-04,2020-04,0.5918,0.013363,0.916439
3,C3 Hybrid,2020-04,2020-04-30,P_selected,LBV,0.04910994723396704,NEUTRAL,0.14859099874962692,0.14859099874962692,0.07429549937481346,4322561.55,1.0,2020-04,2020-04,0.5918,0.013363,0.916439
3,C3 Hybrid,2020-04,2020-04-30,P_selected,TQM,0.04688445428659564,NEUTRAL,-0.021390986001141032,-0.021390986001141032,-0.010695493000570516,1640974.325,0.9999999997839668,2020-04,2020-04,0.5918,0.013363,0.916439
3,C3 Hybrid,2020-04,2020-04-30,P_selected,AFM,0.04229519797287286,BUY,0.6611533358696174,0.6611533358696174,0.6611533358696174,18161.75,0.023906406485634125,2020-04,2020-04,0.5918,0.013363,0.916439
3,C3 Hybrid,2020-04,2020-04-30,P_selected,JET,0.016566386672384477,NEUTRAL,-0.20237091971783558,-0.20237091971783558,-0.10118545985891779,78588.2325,0.06050660362786235,2020-04,2020-04,0.5918,0.013363,0.916439
3,C3 Hybrid,2020-04,2020-04-30,P_selected,NKL,0.008951544345685238,NEUTRAL,-0.09508611952640479,-0.09508611952640479,-0.047543059763202396,550.2324999999985,0.018142369137152427,2020-04,2020-04,0.5918,0.013363,0.916439
3,C3 Hybrid,2020-04,2020-04-30,P_selected,DWY,0.008887771105278575,BUY,0.6398960462801677,0.6398960462801677,0.6398960462801677,107556.25749999953,0.09286875517692465,2020-04,2020-04,0.5918,0.013363,0.916439
3,C3 Hybrid,2020-04,2020-04-30,P_selected,MIC,0.006785076828741635,NEUTRAL,0.18373380365053074,0.18373380365053074,0.09186690182526537,66273.9125,0.050229522563295784,2020-04,2020-04,0.5918,0.013363,0.916439
3,C3 Hybrid,2020-04,2020-04-30,P_selected,IBC,0.005637236639903285,NEUTRAL,-0.055925220184926905,-0.055925220184926905,-0.027962610092463452,253.60249999999922,0.01805801921410102,2020-04,2020-04,0.5918,0.013363,0.916439
3,C3 Hybrid,2020-04,2020-04-30,P_selected,CMT,0.0052083340371919095,NEUTRAL,0.12913415910406195,0.12913415910406195,0.06456707955203098,970643.975,0.9999901723766446,2020-04,2020-04,0.5918,0.013363,0.916439
3,C3 Hybrid,2020-04,2020-04-30,P_selected,SNP,0.004318328365464457,BUY,0.8340603198721277,0.8340603198721277,0.8340603198721277,119934.22999999991,0.11095212152195225,2020-04,2020-04,0.5918,0.013363,0.916439
3,C3 Hybrid,2020-04,2020-04-30,P_selected,ALM,0.003558750521855672,BUY,0.4786524134570388,0.4786524134570388,0.4786524134570388,14090.6,0.022432634711844094,2020-04,2020-04,0.5918,0.013363,0.916439
3,C3 Hybrid,2020-04,2020-04-30,P_selected,BCI,0.0025182802138636784,NEUTRAL,-0.07508447607643816,-0.07508447607643816,-0.03754223803821908,793430.7,0.9998325889889225,2020-04,2020-04,0.5918,0.013363,0.916439
3,C3 Hybrid,2020-04,2020-04-30,P_selected,DHO,0.0015529235617179572,BUY,0.23058868631223958,0.23058868631223958,0.23058868631223958,204982.39700000008,0.327330965137829,2020-04,2020-04,0.5918,0.013363,0.916439
3,C3 Hybrid,2020-04,2020-04-30,P_selected,CIH,0.0013946984877415574,NEUTRAL,-0.11707097706782223,-0.11707097706782223,-0.05853548853391111,1160754.2174999998,0.999999530720806,2020-04,2020-04,0.5918,0.013363,0.916439
3,C3 Hybrid,2020-04,2020-04-30,P_selected,ATL,0.0011259542523160975,NEUTRAL,-0.14029181268501414,-0.14029181268501414,-0.07014590634250707,1271837.619,0.9999999206503646,2020-04,2020-04,0.5918,0.013363,0.916439
3,C3 Hybrid,2020-04,2020-04-30,P_selected,COL,0.0008807250156166268,NEUTRAL,0.027259905181323395,0.027259905181323395,0.013629952590661697,10242.880000000001,0.021121544029398354,2020-04,2020-04,0.5918,0.013363,0.916439
3,C3 Hybrid,2020-04,2020-04-30,P_selected,MDP,0.0007832203834595669,BUY,0.8715945682092288,0.8715945682092288,0.8715945682092288,3504.8510000000933,0.019003935025317047,2020-04,2020-04,0.5918,0.013363,0.916439
3,C3 Hybrid,2020-04,2020-04-30,P_selected,SMI,0.0005943267036342461,NEUTRAL,0.13988934813423126,0.13988934813423126,0.06994467406711563,61270.95,0.04654534805396028,2020-04,2020-04,0.5918,0.013363,0.916439
3,C3 Hybrid,2020-04,2020-04-30,P_selected,M2M,0.00046231670536403205,BUY,0.4682929708527125,0.4682929708527125,0.4682929708527125,2276.3324999999995,0.0186409306648364,2020-04,2020-04,0.5918,0.013363,0.916439
3,C3 Hybrid,2020-05,2020-05-29,P_selected,AFM,0.1,BUY,0.9413509645940779,0.9413509645940779,0.9413509645940779,20043.45,0.024619116735429842,2020-05,2020-05,0.5463,0.013494,0.952157
3,C3 Hybrid,2020-05,2020-05-29,P_selected,AGM,0.1,BUY,2.1515012778835985,2.1515012778835985,2.1515012778835985,53175.75,0.04112328518705979,2020-05,2020-05,0.5463,0.013494,0.952157
3,C3 Hybrid,2020-05,2020-05-29,P_selected,EQD,0.1,BUY,1.407724706720193,1.407724706720193,1.407724706720193,381401.35,0.8911383227967002,2020-05,2020-05,0.5463,0.013494,0.952157
3,C3 Hybrid,2020-05,2020-05-29,P_selected,IAM,0.1,NEUTRAL,0.09340052303089286,0.09340052303089286,0.04670026151544643,15121149.232499998,1.0,2020-05,2020-05,0.5463,0.013494,0.952157
3,C3 Hybrid,2020-05,2020-05-29,P_selected,PRO,0.1,BUY,0.46142540610767147,0.46142540610767147,0.46142540610767147,5296.74,0.019545864085483308,2020-05,2020-05,0.5463,0.013494,0.952157
3,C3 Hybrid,2020-05,2020-05-29,P_selected,TMA,0.1,BUY,1.7882903217291268,1.7882903217291268,1.7882903217291268,2098179.75,0.9999999999998563,2020-05,2020-05,0.5463,0.013494,0.952157
3,C3 Hybrid,2020-05,2020-05-29,P_selected,INV,0.0734205350236716,BUY,1.3619202841959028,1.3619202841959028,1.3619202841959028,9825.720000000003,0.02098398486013575,2020-05,2020-05,0.5463,0.013494,0.952157
3,C3 Hybrid,2020-05,2020-05-29,P_selected,TQM,0.0726471451959399,BUY,0.24885372789738597,0.24885372789738597,0.24885372789738597,2492234.445,0.9999999999999998,2020-05,2020-05,0.5463,0.013494,0.952157
3,C3 Hybrid,2020-05,2020-05-29,P_selected,MUT,0.0688486923413174,BUY,0.5262666795865241,0.5262666795865241,0.5262666795865241,629594.77,0.9977022312432804,2020-05,2020-05,0.5463,0.013494,0.952157
3,C3 Hybrid,2020-05,2020-05-29,P_selected,MDP,0.044674983320407174,BUY,1.5880303342526099,1.5880303342526099,1.5880303342526099,9128.233500000093,0.020755943493684738,2020-05,2020-05,0.5463,0.013494,0.952157
3,C3 Hybrid,2020-05,2020-05-29,P_selected,RDS,0.04405764625189569,BUY,0.6062287132779781,0.6062287132779781,0.6062287132779781,396637.7525,0.9126320311257966,2020-05,2020-05,0.5463,0.013494,0.952157
3,C3 Hybrid,2020-05,2020-05-29,P_selected,GAZ,0.04221533069135513,BUY,0.22414237597424852,0.22414237597424852,0.22414237597424852,294368.45,0.670378002426336,2020-05,2020-05,0.5463,0.013494,0.952157
3,C3 Hybrid,2020-05,2020-05-29,P_selected,LBV,0.029540289651002576,BUY,0.2335860231135488,0.2335860231135488,0.2335860231135488,5376988.2,1.0,2020-05,2020-05,0.5463,0.013494,0.952157
3,C3 Hybrid,2020-05,2020-05-29,P_selected,SMI,0.007359301484574085,NEUTRAL,0.09078161872945836,0.09078161872945836,0.04539080936472918,195101.4,0.29351409282277097,2020-05,2020-05,0.5463,0.013494,0.952157
3,C3 Hybrid,2020-05,2020-05-29,P_selected,IBC,0.00502546376262358,BUY,0.6592391918337033,0.6592391918337033,0.6592391918337033,3576.043999999999,0.01902518243763535,2020-05,2020-05,0.5463,0.013494,0.952157
3,C3 Hybrid,2020-05,2020-05-29,P_selected,DHO,0.0034417140410719226,NEUTRAL,0.020749495568798657,0.020749495568798657,0.010374747784399329,205599.86300000007,0.32950997655274344,2020-05,2020-05,0.5463,0.013494,0.952157
3,C3 Hybrid,2020-05,2020-05-29,P_selected,ATL,0.002655412091296183,NEUTRAL,0.21311465601318322,0.21311465601318322,0.10655732800659161,390144.81949999987,0.9039857615401989,2020-05,2020-05,0.5463,0.013494,0.952157
3,C3 Hybrid,2020-05,2020-05-29,P_selected,M2M,0.0017396280237251375,NEUTRAL,0.1382276625696689,0.1382276625696689,0.06911383128483445,77924.6475,0.059905862767034294,2020-05,2020-05,0.5463,0.013494,0.952157
3,C3 Hybrid,2020-05,2020-05-29,P_selected,NKL,0.0017266496414629904,NEUTRAL,-0.1529756232577211,-0.1529756232577211,-0.07648781162886055,2028.2544999999986,0.018568458003270817,2020-05,2020-05,0.5463,0.013494,0.952157
3,C3 Hybrid,2020-05,2020-05-29,P_selected,DWY,0.0006588339190485133,BUY,0.41048991120069395,0.41048991120069395,0.41048991120069395,256567.51499999952,0.5262459141410213,2020-05,2020-05,0.5463,0.013494,0.952157
3,C3 Hybrid,2020-05,2020-05-29,P_selected,OUL,0.0006443353292085774,NEUTRAL,-0.19600965417887117,-0.19600965417887117,-0.09800482708943559,65.4,0.018004701542955175,2020-05,2020-05,0.5463,0.013494,0.952157
3,C3 Hybrid,2020-05,2020-05-29,P_selected,LES,0.0005766752757499444,NEUTRAL,-0.14354562113745978,-0.14354562113745978,-0.07177281056872989,48168.31000000074,0.038077620489704436,2020-05,2020-05,0.5463,0.013494,0.952157
3,C3 Hybrid,2020-05,2020-05-29,P_selected,BCI,0.00032547803410730035,NEUTRAL,0.14031277933522135,0.14031277933522135,0.07015638966761067,293713.155,0.6680570550382775,2020-05,2020-05,0.5463,0.013494,0.952157
3,C3 Hybrid,2020-05,2020-05-29,P_selected,ATH,0.00019354617467869065,NEUTRAL,-0.13444420290785417,-0.13444420290785417,-0.06722210145392708,200687.492,0.3123834016347147,2020-05,2020-05,0.5463,0.013494,0.952157
3,C3 Hybrid,2020-05,2020-05-29,P_selected,MIC,0.00012925244113877522,NEUTRAL,-0.0716102641334778,-0.0716102641334778,-0.0358051320667389,909098.5974999999,0.9999736911156867,2020-05,2020-05,0.5463,0.013494,0.952157
3,C3 Hybrid,2020-05,2020-05-29,P_selected,SNP,0.00011310702890483931,NEUTRAL,0.17313382662128457,0.17313382662128457,0.08656691331064229,360448.8599999999,0.8541068451904579,2020-05,2020-05,0.5463,0.013494,0.952157
3,C3 Hybrid,2020-06,2020-06-30,P_selected,BOA,0.1,NEUTRAL,0.055350037240759986,0.055350037240759986,0.027675018620379993,5289410.52,1.0,2020-06,2020-06,0.6052,0.011985,0.741974
3,C3 Hybrid,2020-06,2020-06-30,P_selected,CDM,0.1,BUY,0.7298509427085702,0.7298509427085702,0.7298509427085702,405775.4,0.9236077628915849,2020-06,2020-06,0.6052,0.011985,0.741974
3,C3 Hybrid,2020-06,2020-06-30,P_selected,OUL,0.1,BUY,0.7043765453217234,0.7043765453217234,0.7043765453217234,826.0,0.018221133399475904,2020-06,2020-06,0.6052,0.011985,0.741974
3,C3 Hybrid,2020-06,2020-06-30,P_selected,NEJ,0.09974989659237803,BUY,0.6457722302820557,0.6457722302820557,0.6457722302820557,114.05,0.01801846923400843,2020-06,2020-06,0.6052,0.011985,0.741974
3,C3 Hybrid,2020-06,2020-06-30,P_selected,SRM,0.08883128182410133,BUY,3.282336050324426,3.282336050324426,3.282336050324426,156.79749999999999,0.018030575078485992,2020-06,2020-06,0.6052,0.011985,0.741974
3,C3 Hybrid,2020-06,2020-06-30,P_selected,MUT,0.08648437818219189,BUY,0.3301452574418123,0.3301452574418123,0.3301452574418123,5212488.3525,1.0,2020-06,2020-06,0.6052,0.011985,0.741974
3,C3 Hybrid,2020-06,2020-06-30,P_selected,IAM,0.06589132967304986,BUY,0.2827142667991581,0.2827142667991581,0.2827142667991581,16048739.127500001,1.0,2020-06,2020-06,0.6052,0.011985,0.741974
3,C3 Hybrid,2020-06,2020-06-30,P_selected,RDS,0.06103666092019885,BUY,0.4142137448693346,0.4142137448693346,0.4142137448693346,433411.0854999999,0.949529489285567,2020-06,2020-06,0.6052,0.011985,0.741974
3,C3 Hybrid,2020-06,2020-06-30,P_selected,LBV,0.04774238210369527,BUY,0.7212172654668788,0.7212172654668788,0.7212172654668788,8313081.45,1.0,2020-06,2020-06,0.6052,0.011985,0.741974
3,C3 Hybrid,2020-06,2020-06-30,P_selected,DWY,0.047398474354474016,BUY,0.577695318910024,0.577695318910024,0.577695318910024,1612478.5299999996,0.9999999996591766,2020-06,2020-06,0.6052,0.011985,0.741974
3,C3 Hybrid,2020-06,2020-06-30,P_selected,EQD,0.04701019019072982,BUY,0.5982468894947772,0.5982468894947772,0.5982468894947772,945652.3,0.9999853409323123,2020-06,2020-06,0.6052,0.011985,0.741974
3,C3 Hybrid,2020-06,2020-06-30,P_selected,MIC,0.04198007477849953,BUY,0.281140894318766,0.281140894318766,0.281140894318766,3977525.7800000003,1.0,2020-06,2020-06,0.6052,0.011985,0.741974
3,C3 Hybrid,2020-06,2020-06-30,P_selected,MOX,0.036841425725253625,BUY,0.9179930633289807,0.9179930633289807,0.9179930633289807,94875.25,0.07713000495184075,2020-06,2020-06,0.6052,0.011985,0.741974
3,C3 Hybrid,2020-06,2020-06-30,P_selected,AFM,0.023730991156151734,BUY,0.8019170015749473,0.8019170015749473,0.8019170015749473,6239.3,0.0198369767381782,2020-06,2020-06,0.6052,0.011985,0.741974
3,C3 Hybrid,2020-06,2020-06-30,P_selected,LES,0.017055135123588517,NEUTRAL,-0.039659429264467264,-0.039659429264467264,-0.019829714632233632,99839.39750000075,0.08297695836021941,2020-06,2020-06,0.6052,0.011985,0.741974
3,C3 Hybrid,2020-06,2020-06-30,P_selected,MDP,0.013926084292291379,BUY,0.6680100823498907,0.6680100823498907,0.6680100823498907,44697.856000000094,0.03609514217649605,2020-06,2020-06,0.6052,0.011985,0.741974
3,C3 Hybrid,2020-06,2020-06-30,P_selected,GAZ,0.0046513252205093334,NEUTRAL,-0.020203179897147924,-0.020203179897147924,-0.010101589948573962,287705.0,0.6464063595220699,2020-06,2020-06,0.6052,0.011985,0.741974
3,C3 Hybrid,2020-06,2020-06-30,P_selected,DHO,0.004575159510901097,NEUTRAL,0.016980386579988696,0.016980386579988696,0.008490193289994348,204526.02000000008,0.32572519601350763,2020-06,2020-06,0.6052,0.011985,0.741974
3,C3 Hybrid,2020-06,2020-06-30,P_selected,INV,0.0035379136561500945,BUY,0.570333124854628,0.570333124854628,0.570333124854628,6637.650000000003,0.019961281643365386,2020-06,2020-06,0.6052,0.011985,0.741974
3,C3 Hybrid,2020-06,2020-06-30,P_selected,PRO,0.0023016907526310798,BUY,0.6504174306018302,0.6504174306018302,0.6504174306018302,4673.205,0.0193555886741072,2020-06,2020-06,0.6052,0.011985,0.741974
3,C3 Hybrid,2020-06,2020-06-30,P_selected,DRI,0.001583424936832659,NEUTRAL,-0.05659744024142458,-0.05659744024142458,-0.02829872012071229,57490.05,0.043933128031693434,2020-06,2020-06,0.6052,0.011985,0.741974
3,C3 Hybrid,2020-06,2020-06-30,P_selected,NKL,0.0015475348009953095,NEUTRAL,0.16230328246945763,0.16230328246945763,0.08115164123472882,28.462499999998546,0.01799425532439212,2020-06,2020-06,0.6052,0.011985,0.741974
3,C3 Hybrid,2020-06,2020-06-30,P_selected,ATL,0.0008513407978178917,NEUTRAL,0.06149579550956098,0.06149579550956098,0.03074789775478049,235170.60849999994,0.4409591605106959,2020-06,2020-06,0.6052,0.011985,0.741974
3,C3 Hybrid,2020-06,2020-06-30,P_selected,BCI,0.0008432663877873087,NEUTRAL,0.08190480913846576,0.08190480913846576,0.04095240456923288,1175081.78,0.9999996268587688,2020-06,2020-06,0.6052,0.011985,0.741974
3,C3 Hybrid,2020-06,2020-06-30,P_selected,MSA,0.0008171553959229155,NEUTRAL,0.10948251463282861,0.10948251463282861,0.054741257316414306,4853221.6525,1.0,2020-06,2020-06,0.6052,0.011985,0.741974
3,C3 Hybrid,2020-06,2020-06-30,P_selected,SMI,0.0007181835697264472,NEUTRAL,-0.03766044691542701,-0.03766044691542701,-0.018830223457713506,358667.8,0.8505199335688716,2020-06,2020-06,0.6052,0.011985,0.741974
3,C3 Hybrid,2020-06,2020-06-30,P_selected,SNP,0.0003321961628618903,NEUTRAL,0.09836350416425207,0.09836350416425207,0.04918175208212604,551528.1149999999,0.9920330116777498,2020-06,2020-06,0.6052,0.011985,0.741974
3,C3 Hybrid,2020-06,2020-06-30,P_selected,HPS,0.00022684421326478007,BUY,0.33334196621076073,0.33334196621076073,0.33334196621076073,1738570.6049999997,0.9999999999546736,2020-06,2020-06,0.6052,0.011985,0.741974
3,C3 Hybrid,2020-06,2020-06-30,P_selected,ALM,0.0001757783195525908,NEUTRAL,0.033407830766990915,0.033407830766990915,0.016703915383495457,4800.0,0.01939413327806055,2020-06,2020-06,0.6052,0.011985,0.741974
3,C3 Hybrid,2020-06,2020-06-30,P_selected,COL,0.00015681275141729036,NEUTRAL,0.01792932573898874,0.01792932573898874,0.00896466286949437,8471.73,0.02054351844696044,2020-06,2020-06,0.6052,0.011985,0.741974
3,C3 Hybrid,2020-07,2020-07-29,P_selected,BOA,0.1,NEUTRAL,-0.03232899572813686,-0.03232899572813686,-0.01616449786406843,1080796.4725,0.9999983133145832,2020-07,2020-07,0.424,0.008976,0.603202
3,C3 Hybrid,2020-07,2020-07-29,P_selected,NEJ,0.1,BUY,0.6366542213221336,0.6366542213221336,0.6366542213221336,33660.8,0.03042989704099385,2020-07,2020-07,0.424,0.008976,0.603202
3,C3 Hybrid,2020-07,2020-07-29,P_selected,SOT,0.1,BUY,0.8878802867896921,0.8878802867896921,0.8878802867896921,37861.25,0.03247659310751169,2020-07,2020-07,0.424,0.008976,0.603202
3,C3 Hybrid,2020-07,2020-07-29,P_selected,UMR,0.09944976469209833,BUY,0.8399427923565982,0.8399427923565982,0.8399427923565982,16.5075,0.01799087563001326,2020-07,2020-07,0.424,0.008976,0.603202
3,C3 Hybrid,2020-07,2020-07-29,P_selected,DRI,0.08883695905321254,BUY,0.6693263352214222,0.6693263352214222,0.6693263352214222,2042.1,0.018572495487104115,2020-07,2020-07,0.424,0.008976,0.603202
3,C3 Hybrid,2020-07,2020-07-29,P_selected,MIC,0.0545769664776041,BUY,0.7142196138639798,0.7142196138639798,0.7142196138639798,857982.2750000004,0.9999403952927607,2020-07,2020-07,0.424,0.008976,0.603202
3,C3 Hybrid,2020-07,2020-07-29,P_selected,M2M,0.054318231718732235,BUY,0.6026627468892556,0.6026627468892556,0.6026627468892556,448843.8,0.9601321539596722,2020-07,2020-07,0.424,0.008976,0.603202
3,C3 Hybrid,2020-07,2020-07-29,P_selected,PRO,0.05286953728575049,BUY,0.41591629023706644,0.41591629023706644,0.41591629023706644,1899.1299999999999,0.018530845470146478,2020-07,2020-07,0.424,0.008976,0.603202
3,C3 Hybrid,2020-07,2020-07-29,P_selected,OUL,0.05071914706073456,BUY,0.5560814089351543,0.5560814089351543,0.5560814089351543,388.8,0.018096416224235103,2020-07,2020-07,0.424,0.008976,0.603202
3,C3 Hybrid,2020-07,2020-07-29,P_selected,MOX,0.04975643410311101,BUY,0.8967396528263707,0.8967396528263707,0.8967396528263707,89688.625,0.07142640639253309,2020-07,2020-07,0.424,0.008976,0.603202
3,C3 Hybrid,2020-07,2020-07-29,P_selected,DWY,0.04940770215103821,BUY,0.6505841774454996,0.6505841774454996,0.6505841774454996,495849.71499999956,0.9808025826232469,2020-07,2020-07,0.424,0.008976,0.603202
3,C3 Hybrid,2020-07,2020-07-29,P_selected,IAM,0.048190055851503544,BUY,0.3944487994075025,0.3944487994075025,0.3944487994075025,9635744.745000001,1.0,2020-07,2020-07,0.424,0.008976,0.603202
3,C3 Hybrid,2020-07,2020-07-29,P_selected,TMA,0.04457589146502809,BUY,0.5515907119497694,0.5515907119497694,0.5515907119497694,1844212.875,0.9999999999916387,2020-07,2020-07,0.424,0.008976,0.603202
3,C3 Hybrid,2020-07,2020-07-29,P_selected,SMI,0.043674633389108646,BUY,0.9550247233522846,0.9550247233522846,0.9550247233522846,573366.8,0.9943692658545167,2020-07,2020-07,0.424,0.008976,0.603202
3,C3 Hybrid,2020-07,2020-07-29,P_selected,CDM,0.02993292345558817,BUY,0.5747933239513691,0.5747933239513691,0.5747933239513691,85197.1,0.06680436749137274,2020-07,2020-07,0.424,0.008976,0.603202
3,C3 Hybrid,2020-07,2020-07-29,P_selected,HPS,0.00825958310718445,BUY,0.46929259124962325,0.46929259124962325,0.46929259124962325,896195.2399999995,0.9999676583984289,2020-07,2020-07,0.424,0.008976,0.603202
3,C3 Hybrid,2020-07,2020-07-29,P_selected,GAZ,0.006119976123396367,BUY,0.24652101039728475,0.24652101039728475,0.24652101039728475,186103.4,0.26457075797671664,2020-07,2020-07,0.424,0.008976,0.603202
3,C3 Hybrid,2020-07,2020-07-29,P_selected,S2M,0.00343645915591779,NEUTRAL,-0.17641451969163857,-0.17641451969163857,-0.08820725984581929,28846.420000000002,0.028237589763605856,2020-07,2020-07,0.424,0.008976,0.603202
3,C3 Hybrid,2020-07,2020-07-29,P_selected,COL,0.002997037094161233,NEUTRAL,-0.1777489881460324,-0.1777489881460324,-0.0888744940730162,34343.93,0.0307540376342584,2020-07,2020-07,0.424,0.008976,0.603202
3,C3 Hybrid,2020-07,2020-07-29,P_selected,CSR,0.0025652955658437204,NEUTRAL,-0.09539213074112836,-0.09539213074112836,-0.04769606537056418,2694980.8649999998,1.0,2020-07,2020-07,0.424,0.008976,0.603202
3,C3 Hybrid,2020-07,2020-07-29,P_selected,MAB,0.001718477512059791,NEUTRAL,0.20414762619136662,0.20414762619136662,0.10207381309568331,801.55,0.01821413649309501,2020-07,2020-07,0.424,0.008976,0.603202
3,C3 Hybrid,2020-07,2020-07-29,P_selected,CIH,0.00168255460040574,BUY,1.1751645932158663,1.1751645932158663,1.1751645932158663,40807.225,0.03399076907598497,2020-07,2020-07,0.424,0.008976,0.603202
3,C3 Hybrid,2020-07,2020-07-29,P_selected,LBV,0.0013539788543504927,BUY,0.22320131604559093,0.22320131604559093,0.22320131604559093,3879441.85,1.0,2020-07,2020-07,0.424,0.008976,0.603202
3,C3 Hybrid,2020-07,2020-07-29,P_selected,MDP,0.001347742346288448,BUY,0.3137633603394917,0.3137633603394917,0.3137633603394917,12449.643500000093,0.021864033512814816,2020-07,2020-07,0.424,0.008976,0.603202
3,C3 Hybrid,2020-07,2020-07-29,P_selected,INV,0.0012937535645507526,NEUTRAL,0.13100642923673986,0.13100642923673986,0.06550321461836993,14273.357500000002,0.022496848569530072,2020-07,2020-07,0.424,0.008976,0.603202
3,C3 Hybrid,2020-07,2020-07-29,P_selected,MNG,0.0007934610018368554,BUY,0.4819735838298578,0.4819735838298578,0.4819735838298578,39444850.440000005,1.0,2020-07,2020-07,0.424,0.008976,0.603202
3,C3 Hybrid,2020-07,2020-07-29,P_selected,LES,0.0007558214149715457,NEUTRAL,-0.14614689531146566,-0.14614689531146566,-0.07307344765573283,133525.96000000075,0.13428577982912496,2020-07,2020-07,0.424,0.008976,0.603202
3,C3 Hybrid,2020-07,2020-07-29,P_selected,NKL,0.00043422523934149134,NEUTRAL,-0.07996323380888645,-0.07996323380888645,-0.039981616904443226,386.79849999999857,0.018095847200611928,2020-07,2020-07,0.424,0.008976,0.603202
3,C3 Hybrid,2020-07,2020-07-29,P_selected,ATL,0.00039816933346154356,BUY,0.6521801488452836,0.6521801488452836,0.6521801488452836,114582.51999999997,0.10278282484076331,2020-07,2020-07,0.424,0.008976,0.603202
3,C3 Hybrid,2020-07,2020-07-29,P_selected,MSA,0.000290349077229551,NEUTRAL,-0.10210975852585182,-0.10210975852585182,-0.05105487926292591,4386906.3149999995,1.0,2020-07,2020-07,0.424,0.008976,0.603202
3,C3 Hybrid,2020-07,2020-07-29,P_selected,SBM,0.00015745220150368162,NEUTRAL,-0.19703685667913973,-0.19703685667913973,-0.09851842833956986,2825.25,0.018802277225641754,2020-07,2020-07,0.424,0.008976,0.603202
3,C3 Hybrid,2020-08,2020-08-31,P_selected,MSA,0.1,BUY,0.3397857808830781,0.3397857808830781,0.3397857808830781,2916280.7125,1.0,2020-08,2020-08,0.5345,0.013363,0.603816
3,C3 Hybrid,2020-08,2020-08-31,P_selected,NEJ,0.1,BUY,0.8035700710624355,0.8035700710624355,0.8035700710624355,2470.8,0.018697935690009757,2020-08,2020-08,0.5345,0.013363,0.603816
3,C3 Hybrid,2020-08,2020-08-31,P_selected,AFM,0.09330841934271775,BUY,1.1030814627850702,1.1030814627850702,1.1030814627850702,4074.35,0.019174554403261945,2020-08,2020-08,0.5345,0.013363,0.603816
3,C3 Hybrid,2020-08,2020-08-31,P_selected,IAM,0.08660764504805774,NEUTRAL,0.08533254988843479,0.08533254988843479,0.042666274944217396,6532424.455,1.0,2020-08,2020-08,0.5345,0.013363,0.603816
3,C3 Hybrid,2020-08,2020-08-31,P_selected,TMA,0.07058139201099646,BUY,0.52833006033844,0.52833006033844,0.52833006033844,474459.5625,0.9731782203433028,2020-08,2020-08,0.5345,0.013363,0.603816
3,C3 Hybrid,2020-08,2020-08-31,P_selected,MOX,0.0656769426013042,BUY,1.0596608069774436,1.0596608069774436,1.0596608069774436,5172.575,0.0195078287843986,2020-08,2020-08,0.5345,0.013363,0.603816
3,C3 Hybrid,2020-08,2020-08-31,P_selected,DWY,0.0587332432662968,BUY,0.7156345337132334,0.7156345337132334,0.7156345337132334,560657.1524999995,0.993108248719246,2020-08,2020-08,0.5345,0.013363,0.603816
3,C3 Hybrid,2020-08,2020-08-31,P_selected,MDP,0.056369450321137424,BUY,1.433971589890281,1.433971589890281,1.433971589890281,19016.443500000092,0.024227599511540562,2020-08,2020-08,0.5345,0.013363,0.603816
3,C3 Hybrid,2020-08,2020-08-31,P_selected,GAZ,0.055852183406582025,BUY,0.5503340517994901,0.5503340517994901,0.5503340517994901,440504.0,0.9546988702424033,2020-08,2020-08,0.5345,0.013363,0.603816
3,C3 Hybrid,2020-08,2020-08-31,P_selected,PRO,0.053565906700876055,BUY,0.3861043405650274,0.3861043405650274,0.3861043405650274,689.095,0.018181988957637018,2020-08,2020-08,0.5345,0.013363,0.603816
3,C3 Hybrid,2020-08,2020-08-31,P_selected,MIC,0.04265131351430949,BUY,0.861466603791694,0.861466603791694,0.861466603791694,302603.1900000004,0.6988128301262434,2020-08,2020-08,0.5345,0.013363,0.603816
3,C3 Hybrid,2020-08,2020-08-31,P_selected,SMI,0.03959260786218799,BUY,1.0054291779131355,1.0054291779131355,1.0054291779131355,1952396.35,0.999999999998519,2020-08,2020-08,0.5345,0.013363,0.603816
3,C3 Hybrid,2020-08,2020-08-31,P_selected,BAL,0.03644316689295917,BUY,0.37203042390072283,0.37203042390072283,0.37203042390072283,0.0,0.01798620996209156,2020-08,2020-08,0.5345,0.013363,0.603816
3,C3 Hybrid,2020-08,2020-08-31,P_selected,TQM,0.03106007018516359,NEUTRAL,-0.07629861669732664,-0.07629861669732664,-0.03814930834866332,587893.725,0.9955318363696094,2020-08,2020-08,0.5345,0.013363,0.603816
3,C3 Hybrid,2020-08,2020-08-31,P_selected,BOA,0.025713028577340646,NEUTRAL,-0.0545710742497862,-0.0545710742497862,-0.0272855371248931,687896.8225,0.9990947096711494,2020-08,2020-08,0.5345,0.013363,0.603816
3,C3 Hybrid,2020-08,2020-08-31,P_selected,BCP,0.024786455766061616,NEUTRAL,-0.17607375032656822,-0.17607375032656822,-0.08803687516328411,3180596.18,1.0,2020-08,2020-08,0.5345,0.013363,0.603816
3,C3 Hybrid,2020-08,2020-08-31,P_selected,MAB,0.016941866908585613,BUY,0.33001059351319073,0.33001059351319073,0.33001059351319073,613.2,0.01816032431868232,2020-08,2020-08,0.5345,0.013363,0.603816
3,C3 Hybrid,2020-08,2020-08-31,P_selected,OUL,0.011967940433684229,BUY,0.3171597902279634,0.3171597902279634,0.3171597902279634,63.8,0.018004248926914077,2020-08,2020-08,0.5345,0.013363,0.603816
3,C3 Hybrid,2020-08,2020-08-31,P_selected,INV,0.006790576078984106,NEUTRAL,0.09823833457880694,0.09823833457880694,0.04911916728940347,5646.405000000003,0.019653367462999612,2020-08,2020-08,0.5345,0.013363,0.603816
3,C3 Hybrid,2020-08,2020-08-31,P_selected,LHM,0.005084853705026681,NEUTRAL,-0.17878770302527847,-0.17878770302527847,-0.08939385151263923,1213429.8,0.9999997979755288,2020-08,2020-08,0.5345,0.013363,0.603816
3,C3 Hybrid,2020-08,2020-08-31,P_selected,CDM,0.005073549924109532,BUY,0.3432308063636825,0.3432308063636825,0.3432308063636825,26714.655,0.02731656141513725,2020-08,2020-08,0.5345,0.013363,0.603816
3,C3 Hybrid,2020-08,2020-08-31,P_selected,ATL,0.0038890982302804775,BUY,0.38474143066709854,0.38474143066709854,0.38474143066709854,67743.16149999996,0.051362938248181056,2020-08,2020-08,0.5345,0.013363,0.603816
3,C3 Hybrid,2020-08,2020-08-31,P_selected,M2M,0.003729630570478133,BUY,0.6205077773952928,0.6205077773952928,0.6205077773952928,115960.56000000001,0.10483399898500509,2020-08,2020-08,0.5345,0.013363,0.603816
3,C3 Hybrid,2020-08,2020-08-31,P_selected,COL,0.0031091958112470994,NEUTRAL,-0.21816227940810906,-0.21816227940810906,-0.10908113970405453,2367.754,0.018667708143135973,2020-08,2020-08,0.5345,0.013363,0.603816
3,C3 Hybrid,2020-08,2020-08-31,P_selected,MNG,0.0015427441624842031,BUY,0.6285102901466184,0.6285102901466184,0.6285102901466184,42319013.305,1.0,2020-08,2020-08,0.5345,0.013363,0.603816
3,C3 Hybrid,2020-08,2020-08-31,P_selected,LBV,0.000385575146205118,BUY,0.4299352284667369,0.4299352284667369,0.4299352284667369,5636801.7,1.0,2020-08,2020-08,0.5345,0.013363,0.603816
3,C3 Hybrid,2020-08,2020-08-31,P_selected,CMT,0.00023824625702806562,NEUTRAL,-0.19699156739258966,-0.19699156739258966,-0.09849578369629483,776849.55,0.999781737280739,2020-08,2020-08,0.5345,0.013363,0.603816
3,C3 Hybrid,2020-09,2020-09-30,P_selected,DRI,0.1,BUY,1.2237699357999965,1.2237699357999965,1.2237699357999965,690.3,0.01818233313590789,2020-09,2020-09,0.4849,0.015367,0.885513
3,C3 Hybrid,2020-09,2020-09-30,P_selected,REB,0.1,BUY,3.4687006165568497,3.4687006165568497,3.4687006165568497,774.5200000000001,0.018206404331861516,2020-09,2020-09,0.4849,0.015367,0.885513
3,C3 Hybrid,2020-09,2020-09-30,P_selected,RIS,0.09362503951734645,BUY,1.8810391100171155,1.8810391100171155,1.8810391100171155,44488.522500000094,0.03597879202142393,2020-09,2020-09,0.4849,0.015367,0.885513
3,C3 Hybrid,2020-09,2020-09-30,P_selected,IAM,0.09130542335855998,BUY,0.5166593645503083,0.5166593645503083,0.5166593645503083,6058549.272499999,1.0,2020-09,2020-09,0.4849,0.015367,0.885513
3,C3 Hybrid,2020-09,2020-09-30,P_selected,HPS,0.08593206326383619,BUY,0.36421500795497924,0.36421500795497924,0.36421500795497924,1210607.3049999997,0.999999788642979,2020-09,2020-09,0.4849,0.015367,0.885513
3,C3 Hybrid,2020-09,2020-09-30,P_selected,UMR,0.08196148584685206,BUY,0.26137837018406007,0.26137837018406007,0.26137837018406007,0.0,0.01798620996209156,2020-09,2020-09,0.4849,0.015367,0.885513
3,C3 Hybrid,2020-09,2020-09-30,P_selected,TQM,0.0816305523241572,NEUTRAL,0.09322126750214815,0.09322126750214815,0.046610633751074076,1204646.55,0.9999997674928901,2020-09,2020-09,0.4849,0.015367,0.885513
3,C3 Hybrid,2020-09,2020-09-30,P_selected,CSR,0.07420669900175458,NEUTRAL,0.007575504768181189,0.007575504768181189,0.0037877523840905945,2260402.0225,0.9999999999999893,2020-09,2020-09,0.4849,0.015367,0.885513
3,C3 Hybrid,2020-09,2020-09-30,P_selected,SLF,0.06493180821704676,BUY,1.0716224356016135,1.0716224356016135,1.0716224356016135,192930.435,0.2863632356059833,2020-09,2020-09,0.4849,0.015367,0.885513
3,C3 Hybrid,2020-09,2020-09-30,P_selected,M2M,0.051118117198782856,BUY,0.5106503274665427,0.5106503274665427,0.5106503274665427,213579.5,0.3583051227609479,2020-09,2020-09,0.4849,0.015367,0.885513
3,C3 Hybrid,2020-09,2020-09-30,P_selected,LBV,0.0473639080761191,BUY,0.47909558948156394,0.47909558948156394,0.47909558948156394,5829384.55,1.0,2020-09,2020-09,0.4849,0.015367,0.885513
3,C3 Hybrid,2020-09,2020-09-30,P_selected,LHM,0.02970124152170409,NEUTRAL,-0.20458060674789474,-0.20458060674789474,-0.10229030337394737,622540.55,0.9974283915523205,2020-09,2020-09,0.4849,0.015367,0.885513
3,C3 Hybrid,2020-09,2020-09-30,P_selected,INV,0.020705256714549706,BUY,0.8381631324529293,0.8381631324529293,0.8381631324529293,4230.305000000003,0.01922153920961917,2020-09,2020-09,0.4849,0.015367,0.885513
3,C3 Hybrid,2020-09,2020-09-30,P_selected,BCP,0.018185835016742848,NEUTRAL,-0.030956657474085672,-0.030956657474085672,-0.015478328737042836,3194063.2725,1.0,2020-09,2020-09,0.4849,0.015367,0.885513
3,C3 Hybrid,2020-09,2020-09-30,P_selected,CTM,0.014208950009556387,NEUTRAL,-0.1783659545856223,-0.1783659545856223,-0.08918297729281115,39074.17,0.0330919523243756,2020-09,2020-09,0.4849,0.015367,0.885513
3,C3 Hybrid,2020-09,2020-09-30,P_selected,FBR,0.012755310260815566,NEUTRAL,-0.059523938941822216,-0.059523938941822216,-0.029761969470911108,3774.01850000002,0.019084390074653505,2020-09,2020-09,0.4849,0.015367,0.885513
3,C3 Hybrid,2020-09,2020-09-30,P_selected,AFM,0.010326761922853187,BUY,0.36930616429103,0.36930616429103,0.36930616429103,7580.45,0.020258529827582094,2020-09,2020-09,0.4849,0.015367,0.885513
3,C3 Hybrid,2020-09,2020-09-30,P_selected,ADH,0.007367205840783225,NEUTRAL,-0.10609436055490604,-0.10609436055490604,-0.05304718027745302,507178.4710000015,0.9839340308588508,2020-09,2020-09,0.4849,0.015367,0.885513
3,C3 Hybrid,2020-09,2020-09-30,P_selected,RDS,0.004563842623920087,NEUTRAL,-0.021210852920677953,-0.021210852920677953,-0.010605426460338976,134936.015,0.13693025926960198,2020-09,2020-09,0.4849,0.015367,0.885513
3,C3 Hybrid,2020-09,2020-09-30,P_selected,MOX,0.003364752343170249,NEUTRAL,-0.14171693887573833,-0.14171693887573833,-0.07085846943786916,1106.1299999999999,0.018301487262332102,2020-09,2020-09,0.4849,0.015367,0.885513
3,C3 Hybrid,2020-09,2020-09-30,P_selected,SID,0.00254233639462885,BUY,0.5841019341960945,0.5841019341960945,0.5841019341960945,101071.7375,0.08448968308264451,2020-09,2020-09,0.4849,0.015367,0.885513
3,C3 Hybrid,2020-09,2020-09-30,P_selected,GAZ,0.0014281382842383822,NEUTRAL,0.17802246762010587,0.17802246762010587,0.08901123381005294,143943.05,0.1548691108132592,2020-09,2020-09,0.4849,0.015367,0.885513
3,C3 Hybrid,2020-09,2020-09-30,P_selected,MIC,0.0013648894505190572,BUY,0.22502935002295926,0.22502935002295926,0.22502935002295926,500656.4900000004,0.9821983800025794,2020-09,2020-09,0.4849,0.015367,0.885513
3,C3 Hybrid,2020-09,2020-09-30,P_selected,PRO,0.0009423307021511532,BUY,0.36028430215581575,0.36028430215581575,0.36028430215581575,1525.825,0.018422525817539795,2020-09,2020-09,0.4849,0.015367,0.885513
3,C3 Hybrid,2020-09,2020-09-30,P_selected,SBM,0.00022582938606514172,NEUTRAL,0.10981791799595597,0.10981791799595597,0.054908958997977986,1193304.6,0.9999997212286371,2020-09,2020-09,0.4849,0.015367,0.885513
3,C3 Hybrid,2020-09,2020-09-30,P_selected,NEJ,0.0001411396855133506,NEUTRAL,0.036835147390137185,0.036835147390137185,0.018417573695068593,199.8,0.018042761193040633,2020-09,2020-09,0.4849,0.015367,0.885513
3,C3 Hybrid,2020-10,2020-10-28,P_selected,IAM,0.1,BUY,0.31877431316232846,0.31877431316232846,0.31877431316232846,7876790.347499999,1.0,2020-10,2020-10,0.5667,0.015032,0.763664
3,C3 Hybrid,2020-10,2020-10-28,P_selected,REB,0.1,BUY,4.544488557973063,4.544488557973063,4.544488557973063,569.25,0.01814779013960672,2020-10,2020-10,0.5667,0.015032,0.763664
3,C3 Hybrid,2020-10,2020-10-28,P_selected,TMA,0.1,BUY,0.30096173216613187,0.30096173216613187,0.30096173216613187,898084.85625,0.9999686215460007,2020-10,2020-10,0.5667,0.015032,0.763664
3,C3 Hybrid,2020-10,2020-10-28,P_selected,CDM,0.07085541190585191,NEUTRAL,-0.01458047604372982,-0.01458047604372982,-0.00729023802186491,185340.15,0.262201472907488,2020-10,2020-10,0.5667,0.015032,0.763664
3,C3 Hybrid,2020-10,2020-10-28,P_selected,SID,0.06862175521834517,BUY,0.2763769317693962,0.2763769317693962,0.2763769317693962,542756.6675,0.9908436278240864,2020-10,2020-10,0.5667,0.015032,0.763664
3,C3 Hybrid,2020-10,2020-10-28,P_selected,CMT,0.06734638603597227,NEUTRAL,-0.07330622760901251,-0.07330622760901251,-0.036653113804506254,609559.1,0.9968366193418823,2020-10,2020-10,0.5667,0.015032,0.763664
3,C3 Hybrid,2020-10,2020-10-28,P_selected,SRM,0.0659509576978704,BUY,0.4369282351159892,0.4369282351159892,0.4369282351159892,2971.2,0.018845407195612993,2020-10,2020-10,0.5667,0.015032,0.763664
3,C3 Hybrid,2020-10,2020-10-28,P_selected,AFM,0.057849063065807095,BUY,0.4170882326943948,0.4170882326943948,0.4170882326943948,8284.0,0.0204831669126771,2020-10,2020-10,0.5667,0.015032,0.763664
3,C3 Hybrid,2020-10,2020-10-28,P_selected,SMI,0.052357966354460356,NEUTRAL,-0.1702735493791568,-0.1702735493791568,-0.0851367746895784,1384219.25,0.9999999868587279,2020-10,2020-10,0.5667,0.015032,0.763664
3,C3 Hybrid,2020-10,2020-10-28,P_selected,DHO,0.04751794026846437,BUY,3.1457422746014454,3.1457422746014454,3.1457422746014454,23757.141500000092,0.026086978031514677,2020-10,2020-10,0.5667,0.015032,0.763664
3,C3 Hybrid,2020-10,2020-10-28,P_selected,MIC,0.04557689231601372,NEUTRAL,0.2125154406285927,0.2125154406285927,0.10625772031429635,415347.69000000035,0.9337369936913557,2020-10,2020-10,0.5667,0.015032,0.763664
3,C3 Hybrid,2020-10,2020-10-28,P_selected,GAZ,0.03944861092553792,BUY,0.4966241418898795,0.4966241418898795,0.4966241418898795,55250.95,0.04245269204622924,2020-10,2020-10,0.5667,0.015032,0.763664
3,C3 Hybrid,2020-10,2020-10-28,P_selected,CSR,0.03940170229078773,NEUTRAL,-0.07367015513324915,-0.07367015513324915,-0.036835077566624574,6783822.472499999,1.0,2020-10,2020-10,0.5667,0.015032,0.763664
3,C3 Hybrid,2020-10,2020-10-28,P_selected,LBV,0.039295293616713765,NEUTRAL,-0.029387013734718304,-0.029387013734718304,-0.014693506867359152,7603780.5,1.0,2020-10,2020-10,0.5667,0.015032,0.763664
3,C3 Hybrid,2020-10,2020-10-28,P_selected,INV,0.02873159900142341,BUY,0.40607044443718454,0.40607044443718454,0.40607044443718454,41588.2625,0.034403498063201206,2020-10,2020-10,0.5667,0.015032,0.763664
3,C3 Hybrid,2020-10,2020-10-28,P_selected,MOX,0.015314182759837489,NEUTRAL,0.06278897668851136,0.06278897668851136,0.03139448834425568,141.525,0.018026249078508052,2020-10,2020-10,0.5667,0.015032,0.763664
3,C3 Hybrid,2020-10,2020-10-28,P_selected,CTM,0.013961740717879244,NEUTRAL,-0.19903987222970548,-0.19903987222970548,-0.09951993611485274,10231.465,0.021117768200138057,2020-10,2020-10,0.5667,0.015032,0.763664
3,C3 Hybrid,2020-10,2020-10-28,P_selected,JET,0.007203233504526429,NEUTRAL,-0.21835481610968577,-0.21835481610968577,-0.10917740805484288,138021.8675,0.14287053308145636,2020-10,2020-10,0.5667,0.015032,0.763664
3,C3 Hybrid,2020-10,2020-10-28,P_selected,DWY,0.007192293605618415,NEUTRAL,-0.025570743947150823,-0.025570743947150823,-0.012785371973575411,383673.26499999955,0.8946149144757662,2020-10,2020-10,0.5667,0.015032,0.763664
3,C3 Hybrid,2020-10,2020-10-28,P_selected,HPS,0.007185639369610069,NEUTRAL,0.0915337438646363,0.0915337438646363,0.04576687193231815,2205172.3399999994,0.999999999999974,2020-10,2020-10,0.5667,0.015032,0.763664
3,C3 Hybrid,2020-10,2020-10-28,P_selected,M2M,0.007104251193370383,NEUTRAL,0.1717926079530678,0.1717926079530678,0.0858963039765339,53229.69,0.04115733019964391,2020-10,2020-10,0.5667,0.015032,0.763664
3,C3 Hybrid,2020-10,2020-10-28,P_selected,MSA,0.007104251193370383,NEUTRAL,0.00470117992501419,0.00470117992501419,0.002350589962507095,6216136.525,1.0,2020-10,2020-10,0.5667,0.015032,0.763664
3,C3 Hybrid,2020-10,2020-10-28,P_selected,SBM,0.007001768572668222,NEUTRAL,0.06799885824003861,0.06799885824003861,0.033999429120019305,1335302.4,0.9999999712560471,2020-10,2020-10,0.5667,0.015032,0.763664
3,C3 Hybrid,2020-10,2020-10-28,P_selected,PRO,0.0019270090286916482,NEUTRAL,0.06292934555141957,0.06292934555141957,0.03146467277570979,181.16500000000002,0.018037479385773682,2020-10,2020-10,0.5667,0.015032,0.763664
3,C3 Hybrid,2020-10,2020-10-28,P_selected,MDP,0.0014608425769183032,NEUTRAL,-0.14873431522689962,-0.14873431522689962,-0.07436715761344981,3082.1970000000933,0.01887827308148116,2020-10,2020-10,0.5667,0.015032,0.763664
3,C3 Hybrid,2020-10,2020-10-28,P_selected,CIH,0.0012018065685545985,NEUTRAL,-0.1719038583937002,-0.1719038583937002,-0.0859519291968501,1093200.2475,0.9999986169306239,2020-10,2020-10,0.5667,0.015032,0.763664
3,C3 Hybrid,2020-10,2020-10-28,P_selected,ADH,0.00038940154242253885,NEUTRAL,-0.16366976774822595,-0.16366976774822595,-0.08183488387411297,651802.6160000016,0.9983882824602861,2020-10,2020-10,0.5667,0.015032,0.763664
3,C3 Hybrid,2020-11,2020-11-30,P_selected,IAM,0.1,BUY,0.9998511705970863,0.9998511705970863,0.9998511705970863,14083128.89,1.0,2020-11,2020-11,0.6025,0.015585,0.89848
3,C3 Hybrid,2020-11,2020-11-30,P_selected,TMA,0.1,BUY,1.2272842095427032,1.2272842095427032,1.2272842095427032,668068.66875,0.9987571427674623,2020-11,2020-11,0.6025,0.015585,0.89848
3,C3 Hybrid,2020-11,2020-11-30,P_selected,INV,0.09862340203235624,BUY,1.2379270253320802,1.2379270253320802,1.2379270253320802,7505.887500000002,0.02023486456546202,2020-11,2020-11,0.6025,0.015585,0.89848
3,C3 Hybrid,2020-11,2020-11-30,P_selected,CMT,0.09478541760485282,BUY,0.503094304166788,0.503094304166788,0.503094304166788,1251521.3,0.9999998901709654,2020-11,2020-11,0.6025,0.015585,0.89848
3,C3 Hybrid,2020-11,2020-11-30,P_selected,CDM,0.09213145644823896,BUY,0.3726832597174151,0.3726832597174151,0.3726832597174151,244218.07,0.4768887603215564,2020-11,2020-11,0.6025,0.015585,0.89848
3,C3 Hybrid,2020-11,2020-11-30,P_selected,RIS,0.09002097972644625,BUY,1.9529054406098514,1.9529054406098514,1.9529054406098514,251055.0270000001,0.5042200077932316,2020-11,2020-11,0.6025,0.015585,0.89848
3,C3 Hybrid,2020-11,2020-11-30,P_selected,SRM,0.08789748734525504,BUY,1.6767427807315127,1.6767427807315127,1.6767427807315127,4367.7075,0.019263028193589656,2020-11,2020-11,0.6025,0.015585,0.89848
3,C3 Hybrid,2020-11,2020-11-30,P_selected,BCP,0.06134982174321326,BUY,0.2959661973384685,0.2959661973384685,0.2959661973384685,6058589.41,1.0,2020-11,2020-11,0.6025,0.015585,0.89848
3,C3 Hybrid,2020-11,2020-11-30,P_selected,CSR,0.0465084891784245,BUY,0.26534144501455964,0.26534144501455964,0.26534144501455964,2998831.155,1.0,2020-11,2020-11,0.6025,0.015585,0.89848
3,C3 Hybrid,2020-11,2020-11-30,P_selected,TQM,0.03670617362657606,NEUTRAL,-0.027169408103641914,-0.027169408103641914,-0.013584704051820957,6512368.674999999,1.0,2020-11,2020-11,0.6025,0.015585,0.89848
3,C3 Hybrid,2020-11,2020-11-30,P_selected,DWY,0.032826773105273356,NEUTRAL,0.07155170600968229,0.07155170600968229,0.035775853004841145,743085.2024999994,0.9996254322554017,2020-11,2020-11,0.6025,0.015585,0.89848
3,C3 Hybrid,2020-11,2020-11-30,P_selected,GAZ,0.031173451932714574,BUY,0.789093941162482,0.789093941162482,0.789093941162482,42493.8,0.034888068225241486,2020-11,2020-11,0.6025,0.015585,0.89848
3,C3 Hybrid,2020-11,2020-11-30,P_selected,M2M,0.030314709493524977,BUY,1.2121053787348899,1.2121053787348899,1.2121053787348899,78044.61,0.06001404925918163,2020-11,2020-11,0.6025,0.015585,0.89848
3,C3 Hybrid,2020-11,2020-11-30,P_selected,MOX,0.02894870079801051,BUY,0.5768947333107728,0.5768947333107728,0.5768947333107728,540.9,0.018139709457979037,2020-11,2020-11,0.6025,0.015585,0.89848
3,C3 Hybrid,2020-11,2020-11-30,P_selected,AFM,0.022591821238750684,BUY,1.087088053659754,1.087088053659754,1.087088053659754,4194.35,0.019210696988910717,2020-11,2020-11,0.6025,0.015585,0.89848
3,C3 Hybrid,2020-11,2020-11-30,P_selected,RDS,0.013218234492602628,NEUTRAL,-0.15461303837683749,-0.15461303837683749,-0.07730651918841874,753970.177,0.999685283271478,2020-11,2020-11,0.6025,0.015585,0.89848
3,C3 Hybrid,2020-11,2020-11-30,P_selected,MIC,0.012681577925844446,BUY,1.090064333579724,1.090064333579724,1.090064333579724,447223.30500000034,0.9591277480781868,2020-11,2020-11,0.6025,0.015585,0.89848
3,C3 Hybrid,2020-11,2020-11-30,P_selected,CTM,0.008475564943618659,NEUTRAL,0.024705646551626645,0.024705646551626645,0.012352823275813322,226292.59,0.40629126261583953,2020-11,2020-11,0.6025,0.015585,0.89848
3,C3 Hybrid,2020-11,2020-11-30,P_selected,ATL,0.006871086251575133,NEUTRAL,0.1351429750558641,0.1351429750558641,0.06757148752793204,98088.6069999999,0.08087017507346496,2020-11,2020-11,0.6025,0.015585,0.89848
3,C3 Hybrid,2020-11,2020-11-30,P_selected,SMI,0.0014482878735700218,NEUTRAL,0.15987831848050793,0.15987831848050793,0.07993915924025397,964019.0,0.9999890734497378,2020-11,2020-11,0.6025,0.015585,0.89848
3,C3 Hybrid,2020-11,2020-11-30,P_selected,SID,0.0013186266525253103,BUY,0.39327847737701804,0.39327847737701804,0.39327847737701804,662263.6849999999,0.9986363407260237,2020-11,2020-11,0.6025,0.015585,0.89848
3,C3 Hybrid,2020-11,2020-11-30,P_selected,PRO,0.0007015925133449579,BUY,0.6756260843233007,0.6756260843233007,0.6756260843233007,45017.78999999999,0.036273665474210105,2020-11,2020-11,0.6025,0.015585,0.89848
3,C3 Hybrid,2020-11,2020-11-30,P_selected,JET,0.000605459828682986,NEUTRAL,0.09996044807323304,0.09996044807323304,0.04998022403661652,489679.3,0.9788526972305558,2020-11,2020-11,0.6025,0.015585,0.89848
3,C3 Hybrid,2020-11,2020-11-30,P_selected,LBV,0.00038687890884451154,NEUTRAL,0.15960355314499086,0.15960355314499086,0.07980177657249543,9780533.9,1.0,2020-11,2020-11,0.6025,0.015585,0.89848
3,C3 Hybrid,2020-11,2020-11-30,P_selected,HPS,0.00035972857566560543,BUY,0.4313208516684393,0.4313208516684393,0.4313208516684393,3800859.659999999,1.0,2020-11,2020-11,0.6025,0.015585,0.89848
3,C3 Hybrid,2020-12,2020-12-31,P_selected,DRI,0.1,BUY,3.0361851273076876,3.0361851273076876,3.0361851273076876,704.85,0.018186489486212074,2020-12,2020-12,0.557,0.01426,1.10053
3,C3 Hybrid,2020-12,2020-12-31,P_selected,DWY,0.1,BUY,0.2663838630434027,0.2663838630434027,0.2663838630434027,1551465.9449999996,0.9999999990953339,2020-12,2020-12,0.557,0.01426,1.10053
3,C3 Hybrid,2020-12,2020-12-31,P_selected,M2M,0.1,BUY,1.2520026745023856,1.2520026745023856,1.2520026745023856,1074881.3800000001,0.9999981458866118,2020-12,2020-12,0.557,0.01426,1.10053
3,C3 Hybrid,2020-12,2020-12-31,P_selected,MOX,0.1,BUY,2.7712673550483156,2.7712673550483156,2.7712673550483156,19103.775,0.02426065461814089,2020-12,2020-12,0.557,0.01426,1.10053
3,C3 Hybrid,2020-12,2020-12-31,P_selected,REB,0.1,BUY,3.231832850782954,3.231832850782954,3.231832850782954,159.4275,0.01803132013991907,2020-12,2020-12,0.557,0.01426,1.10053
3,C3 Hybrid,2020-12,2020-12-31,P_selected,MIC,0.07628906557961967,NEUTRAL,0.1776267913501119,0.1776267913501119,0.08881339567505595,1579039.1000000006,0.9999999994180435,2020-12,2020-12,0.557,0.01426,1.10053
3,C3 Hybrid,2020-12,2020-12-31,P_selected,RDS,0.05352183094003031,NEUTRAL,0.022239859926400735,0.022239859926400735,0.011119929963200367,931034.936,0.9999814784844268,2020-12,2020-12,0.557,0.01426,1.10053
3,C3 Hybrid,2020-12,2020-12-31,P_selected,AFM,0.05186982603289381,BUY,0.36145131958692855,0.36145131958692855,0.36145131958692855,18395.95,0.023994003157779387,2020-12,2020-12,0.557,0.01426,1.10053
3,C3 Hybrid,2020-12,2020-12-31,P_selected,OUL,0.04637044023616695,BUY,0.5099651980958243,0.5099651980958243,0.5099651980958243,702.35,0.01818577527033347,2020-12,2020-12,0.557,0.01426,1.10053
3,C3 Hybrid,2020-12,2020-12-31,P_selected,GAZ,0.034636166157290996,NEUTRAL,-0.16881527680403197,-0.16881527680403197,-0.08440763840201598,1617874.9,0.9999999996873692,2020-12,2020-12,0.557,0.01426,1.10053
3,C3 Hybrid,2020-12,2020-12-31,P_selected,BCP,0.028162731370780472,NEUTRAL,-0.18444107977300256,-0.18444107977300256,-0.09222053988650128,7412080.1,1.0,2020-12,2020-12,0.557,0.01426,1.10053
3,C3 Hybrid,2020-12,2020-12-31,P_selected,CDM,0.02674106934849773,NEUTRAL,0.049791590870839786,0.049791590870839786,0.024895795435419893,161741.615,0.19589766151636065,2020-12,2020-12,0.557,0.01426,1.10053
3,C3 Hybrid,2020-12,2020-12-31,P_selected,TQM,0.023127608871109817,NEUTRAL,-0.09777120606273505,-0.09777120606273505,-0.048885603031367526,10924201.1,1.0,2020-12,2020-12,0.557,0.01426,1.10053
3,C3 Hybrid,2020-12,2020-12-31,P_selected,HPS,0.02304522798214054,NEUTRAL,-0.026519868951652197,-0.026519868951652197,-0.013259934475826098,3505713.1049999995,1.0,2020-12,2020-12,0.557,0.01426,1.10053
3,C3 Hybrid,2020-12,2020-12-31,P_selected,MUT,0.022714398209393468,NEUTRAL,0.06357488031510511,0.06357488031510511,0.031787440157552554,1064826.4175,0.9999978222642282,2020-12,2020-12,0.557,0.01426,1.10053
3,C3 Hybrid,2020-12,2020-12-31,P_selected,MNG,0.022438820360819227,NEUTRAL,-0.13114703618099516,-0.13114703618099516,-0.06557351809049758,32773296.4,1.0,2020-12,2020-12,0.557,0.01426,1.10053
3,C3 Hybrid,2020-12,2020-12-31,P_selected,IAM,0.021831992678455325,NEUTRAL,0.12263991561634342,0.12263991561634342,0.06131995780817171,19445482.1025,1.0,2020-12,2020-12,0.557,0.01426,1.10053
3,C3 Hybrid,2020-12,2020-12-31,P_selected,ATL,0.0213984420640533,NEUTRAL,0.018665384864782114,0.018665384864782114,0.009332692432391057,363327.5099999999,0.8597530211140068,2020-12,2020-12,0.557,0.01426,1.10053
3,C3 Hybrid,2020-12,2020-12-31,P_selected,SRM,0.0129411924146444,NEUTRAL,0.1991872161361663,0.1991872161361663,0.09959360806808315,7057.422500000001,0.02009309713724865,2020-12,2020-12,0.557,0.01426,1.10053
3,C3 Hybrid,2020-12,2020-12-31,P_selected,SMI,0.011239870272724864,NEUTRAL,0.012304451261061528,0.012304451261061528,0.006152225630530764,481823.6,0.9760881232056581,2020-12,2020-12,0.557,0.01426,1.10053
3,C3 Hybrid,2020-12,2020-12-31,P_selected,INV,0.009969819245179519,NEUTRAL,-0.1252352115692664,-0.1252352115692664,-0.0626176057846332,28300.7575,0.027999004300381276,2020-12,2020-12,0.557,0.01426,1.10053
3,C3 Hybrid,2020-12,2020-12-31,P_selected,SID,0.007119405285646539,NEUTRAL,-0.00042562484090837016,-0.00042562484090837016,-0.00021281242045418508,2738899.8274999997,1.0,2020-12,2020-12,0.557,0.01426,1.10053
3,C3 Hybrid,2020-12,2020-12-31,P_selected,MLE,0.0025048594715634826,NEUTRAL,-0.18474867747235596,-0.18474867747235596,-0.09237433873617798,44029.6,0.03572497932465618,2020-12,2020-12,0.557,0.01426,1.10053
3,C3 Hybrid,2020-12,2020-12-31,P_selected,PRO,0.00244408042991344,NEUTRAL,0.08449407737854138,0.08449407737854138,0.04224703868927069,5150.0199999999995,0.01950092733076088,2020-12,2020-12,0.557,0.01426,1.10053
3,C3 Hybrid,2020-12,2020-12-31,P_selected,MDP,0.0009470000997091284,NEUTRAL,-0.11197276393442264,-0.11197276393442264,-0.05598638196721132,24803.112500000097,0.026515557693223654,2020-12,2020-12,0.557,0.01426,1.10053
3,C3 Hybrid,2020-12,2020-12-31,P_selected,ADH,0.0005860104469420307,NEUTRAL,-0.16860454806240555,-0.16860454806240555,-0.08430227403120277,1386619.8320000016,0.9999999873539044,2020-12,2020-12,0.557,0.01426,1.10053
3,C3 Hybrid,2020-12,2020-12-31,P_selected,CMT,0.00010014179424228524,NEUTRAL,-0.07205206837598674,-0.07205206837598674,-0.03602603418799337,1554276.9,0.99999999913512,2020-12,2020-12,0.557,0.01426,1.10053
3,C3 Hybrid,2021-01,2021-01-29,P_selected,AFM,0.1,BUY,1.8073623511383055,1.8073623511383055,1.8073623511383055,39708.7,0.03341834434232474,2021-01,2021-01,0.8406,0.018416,1.117695
3,C3 Hybrid,2021-01,2021-01-29,P_selected,BOA,0.1,NEUTRAL,-0.13753400243084468,-0.13753400243084468,-0.06876700121542234,1152451.1875,0.999999464047091,2021-01,2021-01,0.8406,0.018416,1.117695
3,C3 Hybrid,2021-01,2021-01-29,P_selected,OUL,0.1,BUY,1.6799217489441962,1.6799217489441962,1.6799217489441962,244524.75,0.47811299578961186,2021-01,2021-01,0.8406,0.018416,1.117695
3,C3 Hybrid,2021-01,2021-01-29,P_selected,MIC,0.09094537681801845,BUY,1.226465415678914,1.226465415678914,1.226465415678914,805662.7500000003,0.9998623424759313,2021-01,2021-01,0.8406,0.018416,1.117695
3,C3 Hybrid,2021-01,2021-01-29,P_selected,SID,0.09057402413164656,BUY,3.4455527049935153,3.4455527049935153,3.4455527049935153,4328426.682499999,1.0,2021-01,2021-01,0.8406,0.018416,1.117695
3,C3 Hybrid,2021-01,2021-01-29,P_selected,CMT,0.08938744431704672,BUY,1.4335931597158202,1.4335931597158202,1.4335931597158202,1721076.7,0.9999999999400331,2021-01,2021-01,0.8406,0.018416,1.117695
3,C3 Hybrid,2021-01,2021-01-29,P_selected,TQM,0.08202490319811274,BUY,0.4102728448624282,0.4102728448624282,0.4102728448624282,1440572.335,0.9999999946659623,2021-01,2021-01,0.8406,0.018416,1.117695
3,C3 Hybrid,2021-01,2021-01-29,P_selected,IAM,0.0791474916846906,BUY,0.687987401119464,0.687987401119464,0.687987401119464,11934766.1125,1.0,2021-01,2021-01,0.8406,0.018416,1.117695
3,C3 Hybrid,2021-01,2021-01-29,P_selected,DWY,0.0701904659647042,BUY,0.3597888268858171,0.3597888268858171,0.3597888268858171,1074061.5424999997,0.9999981214052962,2021-01,2021-01,0.8406,0.018416,1.117695
3,C3 Hybrid,2021-01,2021-01-29,P_selected,HPS,0.0603117408251555,BUY,1.514270118104919,1.514270118104919,1.514270118104919,2422437.8449999997,0.9999999999999991,2021-01,2021-01,0.8406,0.018416,1.117695
3,C3 Hybrid,2021-01,2021-01-29,P_selected,GAZ,0.05613933325179248,NEUTRAL,0.01595148154752629,0.01595148154752629,0.007975740773763146,3858520.9,1.0,2021-01,2021-01,0.8406,0.018416,1.117695
3,C3 Hybrid,2021-01,2021-01-29,P_selected,ATL,0.03109752601184988,BUY,0.35190792009630223,0.35190792009630223,0.35190792009630223,677815.0724999999,0.9989364100163012,2021-01,2021-01,0.8406,0.018416,1.117695
3,C3 Hybrid,2021-01,2021-01-29,P_selected,LBV,0.028239819153954945,NEUTRAL,0.14750182581962437,0.14750182581962437,0.07375091290981219,3542077.1,1.0,2021-01,2021-01,0.8406,0.018416,1.117695
3,C3 Hybrid,2021-01,2021-01-29,P_selected,M2M,0.008609175842281954,BUY,0.43932389490840973,0.43932389490840973,0.43932389490840973,189475.66,0.27520163734497105,2021-01,2021-01,0.8406,0.018416,1.117695
3,C3 Hybrid,2021-01,2021-01-29,P_selected,MSA,0.005082291204631588,BUY,0.39153549751007766,0.39153549751007766,0.39153549751007766,5638497.529999999,1.0,2021-01,2021-01,0.8406,0.018416,1.117695
3,C3 Hybrid,2021-01,2021-01-29,P_selected,LHM,0.0015965708207981838,NEUTRAL,0.2152847834953719,0.2152847834953719,0.10764239174768594,5052108.3,1.0,2021-01,2021-01,0.8406,0.018416,1.117695
3,C3 Hybrid,2021-01,2021-01-29,P_selected,EQD,0.0015719149285668243,NEUTRAL,-0.012240899482935719,-0.012240899482935719,-0.006120449741467859,2038.7,0.018571503933923122,2021-01,2021-01,0.8406,0.018416,1.117695
3,C3 Hybrid,2021-01,2021-01-29,P_selected,RIS,0.00145542238466106,NEUTRAL,0.15451793873458275,0.15451793873458275,0.07725896936729137,83979.83499999999,0.06560038470635732,2021-01,2021-01,0.8406,0.018416,1.117695
3,C3 Hybrid,2021-01,2021-01-29,P_selected,CSR,0.0008271750968055284,NEUTRAL,0.10427453466475786,0.10427453466475786,0.05213726733237893,2826444.6075,1.0,2021-01,2021-01,0.8406,0.018416,1.117695
3,C3 Hybrid,2021-01,2021-01-29,P_selected,MNG,0.0008152102600378269,NEUTRAL,-0.19409071467027628,-0.19409071467027628,-0.09704535733513814,55537384.2,1.0,2021-01,2021-01,0.8406,0.018416,1.117695
3,C3 Hybrid,2021-01,2021-01-29,P_selected,ATH,0.000738451121937136,NEUTRAL,-0.16092791680724966,-0.16092791680724966,-0.08046395840362483,166096.577,0.20710666269885564,2021-01,2021-01,0.8406,0.018416,1.117695
3,C3 Hybrid,2021-01,2021-01-29,P_selected,MDP,0.0006922602519061297,NEUTRAL,-0.10133391939233885,-0.10133391939233885,-0.050666959696169425,13412.169000000093,0.022195823172498907,2021-01,2021-01,0.8406,0.018416,1.117695
3,C3 Hybrid,2021-01,2021-01-29,P_selected,BCP,0.00013759216630905604,NEUTRAL,0.0263205061225473,0.0263205061225473,0.01316025306127365,5944838.8225,1.0,2021-01,2021-01,0.8406,0.018416,1.117695
3,C3 Hybrid,2021-01,2021-01-29,P_selected,ATW,0.0001351548317453187,NEUTRAL,-0.09831710631766577,-0.09831710631766577,-0.049158553158832885,16507957.682499986,1.0,2021-01,2021-01,0.8406,0.018416,1.117695
3,C3 Hybrid,2021-01,2021-01-29,P_selected,CTM,0.00012502819657854599,NEUTRAL,0.0395501793286665,0.0395501793286665,0.01977508966433325,178019.805,0.24018178860412903,2021-01,2021-01,0.8406,0.018416,1.117695
3,C3 Hybrid,2021-02,2021-02-26,P_selected,AFM,0.1,BUY,1.3387177920859297,1.3387177920859297,1.3387177920859297,2274.65,0.018640438211641484,2021-02,2021-02,0.602,0.0157,1.022453
3,C3 Hybrid,2021-02,2021-02-26,P_selected,AGM,0.1,NEUTRAL,0.03696097873508505,0.03696097873508505,0.018480489367542523,80597.65,0.062360259369480045,2021-02,2021-02,0.602,0.0157,1.022453
3,C3 Hybrid,2021-02,2021-02-26,P_selected,OUL,0.1,BUY,3.108519361955805,3.108519361955805,3.108519361955805,12906.8,0.02202100977495953,2021-02,2021-02,0.602,0.0157,1.022453
3,C3 Hybrid,2021-02,2021-02-26,P_selected,HPS,0.09188110693448664,BUY,1.4264633810087641,1.4264633810087641,1.4264633810087641,2686500.71,1.0,2021-02,2021-02,0.602,0.0157,1.022453
3,C3 Hybrid,2021-02,2021-02-26,P_selected,SID,0.08197120857081382,BUY,3.158910965113473,3.158910965113473,3.158910965113473,2192378.0875,0.9999999999999682,2021-02,2021-02,0.602,0.0157,1.022453
3,C3 Hybrid,2021-02,2021-02-26,P_selected,SRM,0.08062123380339745,BUY,0.5590197446940369,0.5590197446940369,0.5590197446940369,1172.565,0.018320594760436286,2021-02,2021-02,0.602,0.0157,1.022453
3,C3 Hybrid,2021-02,2021-02-26,P_selected,TQM,0.07295773155536148,NEUTRAL,0.13810641731592868,0.13810641731592868,0.06905320865796434,1069862.91,0.9999979908696056,2021-02,2021-02,0.602,0.0157,1.022453
3,C3 Hybrid,2021-02,2021-02-26,P_selected,DWY,0.07102458483217569,NEUTRAL,0.21792205226513173,0.21792205226513173,0.10896102613256586,808728.8974999996,0.9998689318887535,2021-02,2021-02,0.602,0.0157,1.022453
3,C3 Hybrid,2021-02,2021-02-26,P_selected,LBV,0.06523298069086682,BUY,0.39338982398539357,0.39338982398539357,0.39338982398539357,5268720.05,1.0,2021-02,2021-02,0.602,0.0157,1.022453
3,C3 Hybrid,2021-02,2021-02-26,P_selected,MIC,0.05876945398751247,BUY,1.0848710926606233,1.0848710926606233,1.0848710926606233,898337.6700000003,0.9999687482121518,2021-02,2021-02,0.602,0.0157,1.022453
3,C3 Hybrid,2021-02,2021-02-26,P_selected,IAM,0.05545099085464976,BUY,0.5738886943954958,0.5738886943954958,0.5738886943954958,20446567.677500002,1.0,2021-02,2021-02,0.602,0.0157,1.022453
3,C3 Hybrid,2021-02,2021-02-26,P_selected,ATW,0.02943866481769683,NEUTRAL,-0.12970466948592727,-0.12970466948592727,-0.06485233474296363,13300255.507499987,1.0,2021-02,2021-02,0.602,0.0157,1.022453
3,C3 Hybrid,2021-02,2021-02-26,P_selected,CSR,0.0226296264743552,NEUTRAL,0.06516695237946679,0.06516695237946679,0.032583476189733396,3623458.965,1.0,2021-02,2021-02,0.602,0.0157,1.022453
3,C3 Hybrid,2021-02,2021-02-26,P_selected,BCI,0.016712135731970154,NEUTRAL,-0.07591143814097721,-0.07591143814097721,-0.03795571907048861,568238.46,0.993890701939896,2021-02,2021-02,0.602,0.0157,1.022453
3,C3 Hybrid,2021-02,2021-02-26,P_selected,ATL,0.013800137887974892,NEUTRAL,0.06505509899325179,0.06505509899325179,0.032527549496625896,226984.3984999999,0.40896404173106604,2021-02,2021-02,0.602,0.0157,1.022453
3,C3 Hybrid,2021-02,2021-02-26,P_selected,M2M,0.010416438015411728,BUY,0.46910989496593314,0.46910989496593314,0.46910989496593314,47994.125,0.03797567182279172,2021-02,2021-02,0.602,0.0157,1.022453
3,C3 Hybrid,2021-02,2021-02-26,P_selected,JET,0.010059530030718541,BUY,0.28552431942251344,0.28552431942251344,0.28552431942251344,871160.655,0.999951726063267,2021-02,2021-02,0.602,0.0157,1.022453
3,C3 Hybrid,2021-02,2021-02-26,P_selected,RIS,0.007376351552983522,NEUTRAL,0.04364203729700386,0.04364203729700386,0.02182101864850193,29714.940000000002,0.02862141806688566,2021-02,2021-02,0.602,0.0157,1.022453
3,C3 Hybrid,2021-02,2021-02-26,P_selected,MSA,0.00398754154425235,NEUTRAL,0.22587299984188586,0.22587299984188586,0.11293649992094293,7296750.965000001,1.0,2021-02,2021-02,0.602,0.0157,1.022453
3,C3 Hybrid,2021-02,2021-02-26,P_selected,NKL,0.0028900516859687833,NEUTRAL,-0.18116961078044652,-0.18116961078044652,-0.09058480539022326,4715.227500000012,0.019368354830663678,2021-02,2021-02,0.602,0.0157,1.022453
3,C3 Hybrid,2021-02,2021-02-26,P_selected,BCP,0.00233093535731107,NEUTRAL,-0.07592448758129491,-0.07592448758129491,-0.03796224379064746,4359196.632499999,1.0,2021-02,2021-02,0.602,0.0157,1.022453
3,C3 Hybrid,2021-02,2021-02-26,P_selected,MDP,0.0007967431125154502,NEUTRAL,0.22251374423908973,0.22251374423908973,0.11125687211954487,4073.3480000000936,0.01917425289351182,2021-02,2021-02,0.602,0.0157,1.022453
3,C3 Hybrid,2021-02,2021-02-26,P_selected,SBM,0.0007468790268914445,NEUTRAL,0.047185329662524506,0.047185329662524506,0.023592664831262253,2732700.0,1.0,2021-02,2021-02,0.602,0.0157,1.022453
3,C3 Hybrid,2021-02,2021-02-26,P_selected,ADH,0.00044557354815075157,NEUTRAL,0.1141258502651172,0.1141258502651172,0.0570629251325586,766687.5040000015,0.9997432112731581,2021-02,2021-02,0.602,0.0157,1.022453
3,C3 Hybrid,2021-02,2021-02-26,P_selected,SMI,0.00026297967388901506,NEUTRAL,-0.11993830080528861,-0.11993830080528861,-0.059969150402644306,1696167.9,0.9999999999106703,2021-02,2021-02,0.602,0.0157,1.022453
3,C3 Hybrid,2021-02,2021-02-26,P_selected,CTM,0.00012540387940904616,NEUTRAL,0.10278027845683962,0.10278027845683962,0.05139013922841981,19700.035,0.024487517931477503,2021-02,2021-02,0.602,0.0157,1.022453
3,C3 Hybrid,2021-03,2021-03-31,P_selected,AGM,0.1,BUY,0.27555813750192504,0.27555813750192504,0.27555813750192504,11537.85,0.021554206353159872,2021-03,2021-03,0.7658,0.015378,0.836144
3,C3 Hybrid,2021-03,2021-03-31,P_selected,ARD,0.1,NEUTRAL,-0.004166206769119191,-0.004166206769119191,-0.0020831033845595953,741304.405,0.9996146104603222,2021-03,2021-03,0.7658,0.015378,0.836144
3,C3 Hybrid,2021-03,2021-03-31,P_selected,TQM,0.1,BUY,0.24071161048587347,0.24071161048587347,0.24071161048587347,1341971.3699999999,0.999999974165162,2021-03,2021-03,0.7658,0.015378,0.836144
3,C3 Hybrid,2021-03,2021-03-31,P_selected,BOA,0.09964522209958966,NEUTRAL,-0.00781438893526798,-0.00781438893526798,-0.00390719446763399,2028206.2224999997,0.9999999999995597,2021-03,2021-03,0.7658,0.015378,0.836144
3,C3 Hybrid,2021-03,2021-03-31,P_selected,AFM,0.08154575472419853,BUY,1.3653214455230012,1.3653214455230012,1.3653214455230012,11387.6,0.021503565171619565,2021-03,2021-03,0.7658,0.015378,0.836144
3,C3 Hybrid,2021-03,2021-03-31,P_selected,DWY,0.08003297305725274,BUY,1.2100952754146515,1.2100952754146515,1.2100952754146515,1603112.2799999993,0.9999999996040752,2021-03,2021-03,0.7658,0.015378,0.836144
3,C3 Hybrid,2021-03,2021-03-31,P_selected,MIC,0.07854851841185284,BUY,1.3439557719881328,1.3439557719881328,1.3439557719881328,2088983.6050000004,0.9999999999998335,2021-03,2021-03,0.7658,0.015378,0.836144
3,C3 Hybrid,2021-03,2021-03-31,P_selected,SID,0.07590347270283086,BUY,4.521920477464889,4.521920477464889,4.521920477464889,1582732.4449999998,0.999999999451437,2021-03,2021-03,0.7658,0.015378,0.836144
3,C3 Hybrid,2021-03,2021-03-31,P_selected,CSR,0.07536149160775898,BUY,0.5399432969312148,0.5399432969312148,0.5399432969312148,6056083.4350000005,1.0,2021-03,2021-03,0.7658,0.015378,0.836144
3,C3 Hybrid,2021-03,2021-03-31,P_selected,IAM,0.07525216314382893,BUY,0.56399129417981,0.56399129417981,0.56399129417981,12497116.084999999,1.0,2021-03,2021-03,0.7658,0.015378,0.836144
3,C3 Hybrid,2021-03,2021-03-31,P_selected,M2M,0.023077253287540813,BUY,0.9758098808015361,0.9758098808015361,0.9758098808015361,116742.61000000002,0.10601406769148106,2021-03,2021-03,0.7658,0.015378,0.836144
3,C3 Hybrid,2021-03,2021-03-31,P_selected,SNP,0.019559163431966772,BUY,0.46576644127121114,0.46576644127121114,0.46576644127121114,1865113.77,0.9999999999940152,2021-03,2021-03,0.7658,0.015378,0.836144
3,C3 Hybrid,2021-03,2021-03-31,P_selected,CMT,0.015219952691125879,BUY,0.6389624452066313,0.6389624452066313,0.6389624452066313,2574527.9,1.0,2021-03,2021-03,0.7658,0.015378,0.836144
3,C3 Hybrid,2021-03,2021-03-31,P_selected,LES,0.014659557423625007,NEUTRAL,-0.15759697461817265,-0.15759697461817265,-0.07879848730908633,21427.442500000696,0.025156492957694558,2021-03,2021-03,0.7658,0.015378,0.836144
3,C3 Hybrid,2021-03,2021-03-31,P_selected,MNG,0.014270217296728713,BUY,0.241745788141128,0.241745788141128,0.241745788141128,54303272.8,1.0,2021-03,2021-03,0.7658,0.015378,0.836144
3,C3 Hybrid,2021-03,2021-03-31,P_selected,MSA,0.011092842179986753,NEUTRAL,0.2190371233598656,0.2190371233598656,0.1095185616799328,5362480.62,1.0,2021-03,2021-03,0.7658,0.015378,0.836144
3,C3 Hybrid,2021-03,2021-03-31,P_selected,RIS,0.010333135777641231,NEUTRAL,-0.15403953508077184,-0.15403953508077184,-0.07701976754038592,107537.1375,0.09284298641640318,2021-03,2021-03,0.7658,0.015378,0.836144
3,C3 Hybrid,2021-03,2021-03-31,P_selected,CTM,0.009163070233391331,NEUTRAL,0.03314029773397506,0.03314029773397506,0.01657014886698753,108960.915,0.09477950508607824,2021-03,2021-03,0.7658,0.015378,0.836144
3,C3 Hybrid,2021-03,2021-03-31,P_selected,LBV,0.004793671074823249,NEUTRAL,0.056816532099442756,0.056816532099442756,0.028408266049721378,7040102.7,1.0,2021-03,2021-03,0.7658,0.015378,0.836144
3,C3 Hybrid,2021-03,2021-03-31,P_selected,BCP,0.003159658280484215,NEUTRAL,0.09776769806790778,0.09776769806790778,0.04888384903395389,23549949.2125,1.0,2021-03,2021-03,0.7658,0.015378,0.836144
3,C3 Hybrid,2021-03,2021-03-31,P_selected,FBR,0.0030702623071651738,NEUTRAL,0.01153495517193337,0.01153495517193337,0.005767477585966685,7229.17150000002,0.02014727460998185,2021-03,2021-03,0.7658,0.015378,0.836144
3,C3 Hybrid,2021-03,2021-03-31,P_selected,ATL,0.0024258945289958233,NEUTRAL,-0.025032703562790554,-0.025032703562790554,-0.012516351781395277,1491933.2374999998,0.9999999976548859,2021-03,2021-03,0.7658,0.015378,0.836144
3,C3 Hybrid,2021-03,2021-03-31,P_selected,HPS,0.0008320015224377209,BUY,0.5047044209832781,0.5047044209832781,0.5047044209832781,2731856.0199999996,1.0,2021-03,2021-03,0.7658,0.015378,0.836144
3,C3 Hybrid,2021-03,2021-03-31,P_selected,ADH,0.0006527539962461649,NEUTRAL,0.11895290756590854,0.11895290756590854,0.05947645378295427,299754.1420000015,0.6891323903497143,2021-03,2021-03,0.7658,0.015378,0.836144
3,C3 Hybrid,2021-03,2021-03-31,P_selected,MDP,0.0005145327926552417,NEUTRAL,-0.022551502772839186,-0.022551502772839186,-0.011275751386419593,9434.734500000091,0.020855852886385817,2021-03,2021-03,0.7658,0.015378,0.836144
3,C3 Hybrid,2021-03,2021-03-31,P_selected,LHM,0.0002822577077240922,BUY,0.2786630950715725,0.2786630950715725,0.2786630950715725,4229124.6,1.0,2021-03,2021-03,0.7658,0.015378,0.836144
3,C3 Hybrid,2021-03,2021-03-31,P_selected,IBC,0.00027265443795368357,NEUTRAL,-0.12536491825919419,-0.12536491825919419,-0.06268245912959709,1192.3649999999993,0.018326293262297375,2021-03,2021-03,0.7658,0.015378,0.836144
3,C3 Hybrid,2021-03,2021-03-31,P_selected,BCI,0.0001281996619469937,NEUTRAL,-0.08802317499313475,-0.08802317499313475,-0.044011587496567375,969015.9099999999,0.9999899130156867,2021-03,2021-03,0.7658,0.015378,0.836144
3,C3 Hybrid,2021-03,2021-03-31,P_selected,CIH,0.00012301516682657263,NEUTRAL,-0.09743110757974711,-0.09743110757974711,-0.04871555378987356,1327258.96,0.99999996730826,2021-03,2021-03,0.7658,0.015378,0.836144
3,C3 Hybrid,2021-04,2021-04-30,P_selected,BOA,0.1,NEUTRAL,0.05868677789216596,0.05868677789216596,0.02934338894608298,2254588.6525,0.9999999999999882,2021-04,2021-04,0.8749,0.014376,0.805435
3,C3 Hybrid,2021-04,2021-04-30,P_selected,LES,0.1,NEUTRAL,-0.057984383273561216,-0.057984383273561216,-0.028992191636780608,516571.7525000007,0.9861448745140028,2021-04,2021-04,0.8749,0.014376,0.805435
3,C3 Hybrid,2021-04,2021-04-30,P_selected,OUL,0.1,BUY,2.6478341423281453,2.6478341423281453,2.6478341423281453,299743.75,0.689096768955458,2021-04,2021-04,0.8749,0.014376,0.805435
3,C3 Hybrid,2021-04,2021-04-30,P_selected,SID,0.1,BUY,3.0658646798820035,3.0658646798820035,3.0658646798820035,1511301.0050000001,0.9999999982797843,2021-04,2021-04,0.8749,0.014376,0.805435
3,C3 Hybrid,2021-04,2021-04-30,P_selected,SOT,0.1,BUY,0.9362274559222017,0.9362274559222017,0.9362274559222017,5393381.2125,1.0,2021-04,2021-04,0.8749,0.014376,0.805435
3,C3 Hybrid,2021-04,2021-04-30,P_selected,LBV,0.07732520713417816,NEUTRAL,0.18946008506075307,0.18946008506075307,0.09473004253037653,4851265.4,1.0,2021-04,2021-04,0.8749,0.014376,0.805435
3,C3 Hybrid,2021-04,2021-04-30,P_selected,GAZ,0.07727953427360959,NEUTRAL,-0.0006168112848521368,-0.0006168112848521368,-0.0003084056424260684,3167656.2,1.0,2021-04,2021-04,0.8749,0.014376,0.805435
3,C3 Hybrid,2021-04,2021-04-30,P_selected,IAM,0.07198432291880966,NEUTRAL,0.15709739706908207,0.15709739706908207,0.07854869853454104,6744297.055,1.0,2021-04,2021-04,0.8749,0.014376,0.805435
3,C3 Hybrid,2021-04,2021-04-30,P_selected,DWY,0.06383484693778804,BUY,0.5574094395377873,0.5574094395377873,0.5574094395377873,551145.1349999995,0.9919844351571607,2021-04,2021-04,0.8749,0.014376,0.805435
3,C3 Hybrid,2021-04,2021-04-30,P_selected,AFM,0.04709720045114923,BUY,0.9820370569354666,0.9820370569354666,0.9820370569354666,2301.0,0.018648152094102824,2021-04,2021-04,0.8749,0.014376,0.805435
3,C3 Hybrid,2021-04,2021-04-30,P_selected,TQM,0.041620208648838634,NEUTRAL,0.18957437004342215,0.18957437004342215,0.09478718502171107,2515584.9,0.9999999999999998,2021-04,2021-04,0.8749,0.014376,0.805435
3,C3 Hybrid,2021-04,2021-04-30,P_selected,SNP,0.035532733084379056,BUY,0.2805510607288722,0.2805510607288722,0.2805510607288722,886184.0449999999,0.9999620401934554,2021-04,2021-04,0.8749,0.014376,0.805435
3,C3 Hybrid,2021-04,2021-04-30,P_selected,M2M,0.019685897494604407,BUY,0.9363240078478383,0.9363240078478383,0.9363240078478383,7751.654999999999,0.020312970900144816,2021-04,2021-04,0.8749,0.014376,0.805435
3,C3 Hybrid,2021-04,2021-04-30,P_selected,JET,0.014402177966924425,BUY,0.2838934350600289,0.2838934350600289,0.2838934350600289,293454.8825,0.6671400404635124,2021-04,2021-04,0.8749,0.014376,0.805435
3,C3 Hybrid,2021-04,2021-04-30,P_selected,IBC,0.01237541258900622,NEUTRAL,-0.044232032161724236,-0.044232032161724236,-0.022116016080862118,730.6104999999992,0.01819385051301237,2021-04,2021-04,0.8749,0.014376,0.805435
3,C3 Hybrid,2021-04,2021-04-30,P_selected,SBM,0.008492030138262809,NEUTRAL,-0.1745508465063386,-0.1745508465063386,-0.0872754232531693,294904.25,0.6722695710569249,2021-04,2021-04,0.8749,0.014376,0.805435
3,C3 Hybrid,2021-04,2021-04-30,P_selected,ATL,0.006371103091162213,NEUTRAL,-0.14769907545984862,-0.14769907545984862,-0.07384953772992431,952291.0919999998,0.99998681816291,2021-04,2021-04,0.8749,0.014376,0.805435
3,C3 Hybrid,2021-04,2021-04-30,P_selected,AGM,0.006276551534768595,NEUTRAL,-0.11340744681172962,-0.11340744681172962,-0.05670372340586481,6282.75,0.019850498352377843,2021-04,2021-04,0.8749,0.014376,0.805435
3,C3 Hybrid,2021-04,2021-04-30,P_selected,LHM,0.005727905670174518,BUY,0.7125323375502333,0.7125323375502333,0.7125323375502333,18294993.8,1.0,2021-04,2021-04,0.8749,0.014376,0.805435
3,C3 Hybrid,2021-04,2021-04-30,P_selected,HPS,0.00493561767935988,BUY,0.7362616305336183,0.7362616305336183,0.7362616305336183,3209880.2499999995,1.0,2021-04,2021-04,0.8749,0.014376,0.805435
3,C3 Hybrid,2021-04,2021-04-30,P_selected,MIC,0.001956277652368666,BUY,1.2120827358640072,1.2120827358640072,1.2120827358640072,2944126.95,1.0,2021-04,2021-04,0.8749,0.014376,0.805435
3,C3 Hybrid,2021-04,2021-04-30,P_selected,CIH,0.0016888659380739383,NEUTRAL,-0.22713197867792712,-0.22713197867792712,-0.11356598933896356,768446.1125,0.9997503342405744,2021-04,2021-04,0.8749,0.014376,0.805435
3,C3 Hybrid,2021-04,2021-04-30,P_selected,MSA,0.0011011915768453923,BUY,0.5704721757868918,0.5704721757868918,0.5704721757868918,1824588.9449999998,0.9999999999885545,2021-04,2021-04,0.8749,0.014376,0.805435
3,C3 Hybrid,2021-04,2021-04-30,P_selected,CSR,0.0007189182032433281,BUY,0.6146820886173003,0.6146820886173003,0.6146820886173003,3973098.345,1.0,2021-04,2021-04,0.8749,0.014376,0.805435
3,C3 Hybrid,2021-04,2021-04-30,P_selected,CTM,0.000632280777534011,NEUTRAL,0.2243440812774597,0.2243440812774597,0.11217204063872985,9894.45,0.02100658821349139,2021-04,2021-04,0.8749,0.014376,0.805435
3,C3 Hybrid,2021-04,2021-04-30,P_selected,ADH,0.0005071685812107478,NEUTRAL,0.06612055594590299,0.06612055594590299,0.033060277972951496,474072.2070000015,0.9730159706911127,2021-04,2021-04,0.8749,0.014376,0.805435
3,C3 Hybrid,2021-04,2021-04-30,P_selected,SMI,0.0002734731407379506,NEUTRAL,-0.22246350648155128,-0.22246350648155128,-0.11123175324077564,363463.0,0.8600142106129007,2021-04,2021-04,0.8749,0.014376,0.805435
3,C3 Hybrid,2021-04,2021-04-30,P_selected,MNG,0.00016324237222820973,NEUTRAL,-0.04883348721130726,-0.04883348721130726,-0.02441674360565363,20239408.8,1.0,2021-04,2021-04,0.8749,0.014376,0.805435
3,C3 Hybrid,2021-05,2021-05-31,P_selected,ARD,0.1,NEUTRAL,-0.02763375555559136,-0.02763375555559136,-0.01381687777779568,454967.4699999999,0.9637180891560797,2021-05,2021-05,0.8882,0.01452,0.918928
3,C3 Hybrid,2021-05,2021-05-31,P_selected,BOA,0.1,NEUTRAL,0.03467537074771598,0.03467537074771598,0.01733768537385799,3016055.1900000004,1.0,2021-05,2021-05,0.8882,0.01452,0.918928
3,C3 Hybrid,2021-05,2021-05-31,P_selected,IAM,0.1,BUY,0.4396682468940212,0.4396682468940212,0.4396682468940212,21389419.327499997,1.0,2021-05,2021-05,0.8882,0.01452,0.918928
3,C3 Hybrid,2021-05,2021-05-31,P_selected,OUL,0.1,BUY,3.483383573033234,3.483383573033234,3.483383573033234,52516.2,0.04070917462877593,2021-05,2021-05,0.8882,0.01452,0.918928
3,C3 Hybrid,2021-05,2021-05-31,P_selected,SID,0.1,BUY,2.9445025812457795,2.9445025812457795,2.9445025812457795,5959110.3425,1.0,2021-05,2021-05,0.8882,0.01452,0.918928
3,C3 Hybrid,2021-05,2021-05-31,P_selected,SOT,0.1,BUY,1.9306394739991317,1.9306394739991317,1.9306394739991317,5021039.8125,1.0,2021-05,2021-05,0.8882,0.01452,0.918928
3,C3 Hybrid,2021-05,2021-05-31,P_selected,TQM,0.1,NEUTRAL,0.012589284217812205,0.012589284217812205,0.0062946421089061025,3802830.85,1.0,2021-05,2021-05,0.8882,0.01452,0.918928
3,C3 Hybrid,2021-05,2021-05-31,P_selected,BCI,0.07822307165532258,NEUTRAL,0.09866719110226341,0.09866719110226341,0.049333595551131704,8692517.319999998,1.0,2021-05,2021-05,0.8882,0.01452,0.918928
3,C3 Hybrid,2021-05,2021-05-31,P_selected,ATW,0.04921208252545147,NEUTRAL,-0.08344835272386542,-0.08344835272386542,-0.04172417636193271,18942147.537499987,1.0,2021-05,2021-05,0.8882,0.01452,0.918928
3,C3 Hybrid,2021-05,2021-05-31,P_selected,DWY,0.04841996982283197,BUY,0.3102650747364535,0.3102650747364535,0.3102650747364535,2365690.9299999992,0.999999999999998,2021-05,2021-05,0.8882,0.01452,0.918928
3,C3 Hybrid,2021-05,2021-05-31,P_selected,SMI,0.03978789190721362,NEUTRAL,0.05494872068761436,0.05494872068761436,0.02747436034380718,1366613.4,0.9999999825829186,2021-05,2021-05,0.8882,0.01452,0.918928
3,C3 Hybrid,2021-05,2021-05-31,P_selected,ATL,0.033072919040358986,NEUTRAL,0.1252555318909664,0.1252555318909664,0.0626277659454832,1150212.27,0.9999994444998043,2021-05,2021-05,0.8882,0.01452,0.918928
3,C3 Hybrid,2021-05,2021-05-31,P_selected,SNP,0.017564909226406307,NEUTRAL,-0.03837731522204331,-0.03837731522204331,-0.019188657611021655,3587866.71,1.0,2021-05,2021-05,0.8882,0.01452,0.918928
3,C3 Hybrid,2021-05,2021-05-31,P_selected,CSR,0.00807389382937238,BUY,0.4991189872633887,0.4991189872633887,0.4991189872633887,9009488.45,1.0,2021-05,2021-05,0.8882,0.01452,0.918928
3,C3 Hybrid,2021-05,2021-05-31,P_selected,AFM,0.007633809933771829,BUY,1.3933793113494666,1.3933793113494666,1.3933793113494666,4127.1,0.019190433862360128,2021-05,2021-05,0.8882,0.01452,0.918928
3,C3 Hybrid,2021-05,2021-05-31,P_selected,CIH,0.004646720094294824,NEUTRAL,-0.2226301444625796,-0.2226301444625796,-0.1113150722312898,1636116.4725,0.9999999997665057,2021-05,2021-05,0.8882,0.01452,0.918928
3,C3 Hybrid,2021-05,2021-05-31,P_selected,JET,0.0031341950749187806,NEUTRAL,-0.14021247924349298,-0.14021247924349298,-0.07010623962174649,1110381.9075,0.9999989493605411,2021-05,2021-05,0.8882,0.01452,0.918928
3,C3 Hybrid,2021-05,2021-05-31,P_selected,M2M,0.0030776507569366934,BUY,0.8462535248990539,0.8462535248990539,0.8462535248990539,136104.775,0.1391552929152635,2021-05,2021-05,0.8882,0.01452,0.918928
3,C3 Hybrid,2021-05,2021-05-31,P_selected,MSA,0.0016567739116270595,NEUTRAL,0.20096456034759447,0.20096456034759447,0.10048228017379723,7104592.345000001,1.0,2021-05,2021-05,0.8882,0.01452,0.918928
3,C3 Hybrid,2021-05,2021-05-31,P_selected,CMT,0.0015523238665201596,BUY,0.4801983257015591,0.4801983257015591,0.4801983257015591,1809353.0,0.9999999999853948,2021-05,2021-05,0.8882,0.01452,0.918928
3,C3 Hybrid,2021-05,2021-05-31,P_selected,FBR,0.001276676369157107,NEUTRAL,-0.15356885693997682,-0.15356885693997682,-0.07678442846998841,38944.28400000003,0.03302552166935187,2021-05,2021-05,0.8882,0.01452,0.918928
3,C3 Hybrid,2021-05,2021-05-31,P_selected,MIC,0.0011771677734760172,BUY,0.8994118652134903,0.8994118652134903,0.8994118652134903,844591.8600000003,0.9999261550998045,2021-05,2021-05,0.8882,0.01452,0.918928
3,C3 Hybrid,2021-05,2021-05-31,P_selected,MDP,0.0007150711171185382,NEUTRAL,-0.002634423196735375,-0.002634423196735375,-0.0013172115983676874,8452.983000000093,0.020537483836008955,2021-05,2021-05,0.8882,0.01452,0.918928
3,C3 Hybrid,2021-05,2021-05-31,P_selected,HPS,0.0002626678322668502,BUY,0.25765027724817946,0.25765027724817946,0.25765027724817946,5141267.59,1.0,2021-05,2021-05,0.8882,0.01452,0.918928
3,C3 Hybrid,2021-05,2021-05-31,P_selected,CTM,0.00022117146984398583,NEUTRAL,-0.04296920185537356,-0.04296920185537356,-0.02148460092768678,19154.07,0.024279711305116445,2021-05,2021-05,0.8882,0.01452,0.918928
3,C3 Hybrid,2021-05,2021-05-31,P_selected,LBV,0.00012025347626813489,NEUTRAL,0.014710073008489423,0.014710073008489423,0.007355036504244712,9283198.4,1.0,2021-05,2021-05,0.8882,0.01452,0.918928
3,C3 Hybrid,2021-05,2021-05-31,P_selected,MNG,0.00010485721891725,NEUTRAL,-0.03366870267509678,-0.03366870267509678,-0.01683435133754839,42299176.25,1.0,2021-05,2021-05,0.8882,0.01452,0.918928
3,C3 Hybrid,2021-06,2021-06-30,P_selected,BOA,0.1,NEUTRAL,0.08921361194292486,0.08921361194292486,0.04460680597146243,11408578.47,1.0,2021-06,2021-06,0.9032,0.014297,1.03772
3,C3 Hybrid,2021-06,2021-06-30,P_selected,SOT,0.1,BUY,3.2215568214113444,3.2215568214113444,3.2215568214113444,16200420.0125,1.0,2021-06,2021-06,0.9032,0.014297,1.03772
3,C3 Hybrid,2021-06,2021-06-30,P_selected,AFM,0.0946969558880092,BUY,1.6509673341147266,1.6509673341147266,1.6509673341147266,512997.05,0.9853412817608734,2021-06,2021-06,0.9032,0.014297,1.03772
3,C3 Hybrid,2021-06,2021-06-30,P_selected,TMA,0.09418137238637084,NEUTRAL,-0.0939039939868448,-0.0939039939868448,-0.0469519969934224,1509701.5875,0.9999999982351946,2021-06,2021-06,0.9032,0.014297,1.03772
3,C3 Hybrid,2021-06,2021-06-30,P_selected,SID,0.09391681870369945,BUY,2.612076876914964,2.612076876914964,2.612076876914964,10438631.857499998,1.0,2021-06,2021-06,0.9032,0.014297,1.03772
3,C3 Hybrid,2021-06,2021-06-30,P_selected,DWY,0.09085102869120418,BUY,0.37021739042566365,0.37021739042566365,0.37021739042566365,1490867.2049999996,0.9999999976145433,2021-06,2021-06,0.9032,0.014297,1.03772
3,C3 Hybrid,2021-06,2021-06-30,P_selected,HPS,0.0893551206415967,BUY,0.2406163752137676,0.2406163752137676,0.2406163752137676,13179271.290000001,1.0,2021-06,2021-06,0.9032,0.014297,1.03772
3,C3 Hybrid,2021-06,2021-06-30,P_selected,OUL,0.07566928020085587,BUY,2.9818585054621463,2.9818585054621463,2.9818585054621463,11461.4,0.021528424618452318,2021-06,2021-06,0.9032,0.014297,1.03772
3,C3 Hybrid,2021-06,2021-06-30,P_selected,IAM,0.06541449604578226,NEUTRAL,0.21213188768723146,0.21213188768723146,0.10606594384361573,24701129.7925,1.0,2021-06,2021-06,0.9032,0.014297,1.03772
3,C3 Hybrid,2021-06,2021-06-30,P_selected,TQM,0.04862207964577805,NEUTRAL,0.12884672861091634,0.12884672861091634,0.06442336430545817,4869350.35,1.0,2021-06,2021-06,0.9032,0.014297,1.03772
3,C3 Hybrid,2021-06,2021-06-30,P_selected,SMI,0.040433335468933934,NEUTRAL,0.04163123474224455,0.04163123474224455,0.020815617371122273,606481.25,0.9966774677607264,2021-06,2021-06,0.9032,0.014297,1.03772
3,C3 Hybrid,2021-06,2021-06-30,P_selected,SNP,0.0213440396914043,NEUTRAL,0.06840678527335904,0.06840678527335904,0.03420339263667952,3832756.565,1.0,2021-06,2021-06,0.9032,0.014297,1.03772
3,C3 Hybrid,2021-06,2021-06-30,P_selected,M2M,0.0186120954546015,BUY,0.7149555564872366,0.7149555564872366,0.7149555564872366,222944.01999999996,0.3934350823256033,2021-06,2021-06,0.9032,0.014297,1.03772
3,C3 Hybrid,2021-06,2021-06-30,P_selected,LBV,0.010652991451618875,NEUTRAL,0.2257250030729204,0.2257250030729204,0.1128625015364602,9693920.9,1.0,2021-06,2021-06,0.9032,0.014297,1.03772
3,C3 Hybrid,2021-06,2021-06-30,P_selected,SBM,0.009821276199666842,NEUTRAL,0.08030854662150581,0.08030854662150581,0.04015427331075291,1550967.1,0.9999999990880843,2021-06,2021-06,0.9032,0.014297,1.03772
3,C3 Hybrid,2021-06,2021-06-30,P_selected,SLF,0.008402859952976596,NEUTRAL,-0.21317964752921817,-0.21317964752921817,-0.10658982376460908,1229067.325,0.9999998426947038,2021-06,2021-06,0.9032,0.014297,1.03772
3,C3 Hybrid,2021-06,2021-06-30,P_selected,SRM,0.007301919379898082,NEUTRAL,-0.03586495006618597,-0.03586495006618597,-0.017932475033092986,7461.2,0.020220694255339188,2021-06,2021-06,0.9032,0.014297,1.03772
3,C3 Hybrid,2021-06,2021-06-30,P_selected,ATL,0.006760779938222588,BUY,0.30752124414378923,0.30752124414378923,0.30752124414378923,1071023.1245,0.9999980278218462,2021-06,2021-06,0.9032,0.014297,1.03772
3,C3 Hybrid,2021-06,2021-06-30,P_selected,ATW,0.005891309877767033,NEUTRAL,-0.0800672359141743,-0.0800672359141743,-0.04003361795708715,56016223.10499998,1.0,2021-06,2021-06,0.9032,0.014297,1.03772
3,C3 Hybrid,2021-06,2021-06-30,P_selected,CMT,0.004618289607841034,NEUTRAL,0.16603060120312202,0.16603060120312202,0.08301530060156101,1209446.05,0.9999997846792403,2021-06,2021-06,0.9032,0.014297,1.03772
3,C3 Hybrid,2021-06,2021-06-30,P_selected,CSR,0.004308496607210763,BUY,0.7976058850721562,0.7976058850721562,0.7976058850721562,12589040.555000002,1.0,2021-06,2021-06,0.9032,0.014297,1.03772
3,C3 Hybrid,2021-06,2021-06-30,P_selected,NKL,0.002538100019009536,NEUTRAL,0.10887634176691921,0.10887634176691921,0.054438170883459605,117464.5215,0.10711376752547834,2021-06,2021-06,0.9032,0.014297,1.03772
3,C3 Hybrid,2021-06,2021-06-30,P_selected,MIC,0.002020590776866547,BUY,0.801697945662661,0.801697945662661,0.801697945662661,385845.76500000036,0.897847390188819,2021-06,2021-06,0.9032,0.014297,1.03772
3,C3 Hybrid,2021-06,2021-06-30,P_selected,JET,0.0016494524161002715,NEUTRAL,-0.017504623369332145,-0.017504623369332145,-0.008752311684666073,1892895.7325,0.9999999999961631,2021-06,2021-06,0.9032,0.014297,1.03772
3,C3 Hybrid,2021-06,2021-06-30,P_selected,BCI,0.0008875448157026036,BUY,0.2415642747222963,0.2415642747222963,0.2415642747222963,1171946.67,0.9999996076639572,2021-06,2021-06,0.9032,0.014297,1.03772
3,C3 Hybrid,2021-06,2021-06-30,P_selected,MNG,0.0008454602281680843,NEUTRAL,-0.06891372111050503,-0.06891372111050503,-0.034456860555252516,42816749.65,1.0,2021-06,2021-06,0.9032,0.014297,1.03772
3,C3 Hybrid,2021-06,2021-06-30,P_selected,COL,0.0007632889283892893,NEUTRAL,0.02619021975230952,0.02619021975230952,0.01309510987615476,321757.8765,0.7591684611374802,2021-06,2021-06,0.9032,0.014297,1.03772
3,C3 Hybrid,2021-06,2021-06-30,P_selected,ATH,0.00021354219996065618,NEUTRAL,-0.22631660220234706,-0.22631660220234706,-0.11315830110117353,536180.0599999999,0.9898379491006335,2021-06,2021-06,0.9032,0.014297,1.03772
3,C3 Hybrid,2021-07,2021-07-29,P_selected,TMA,0.1,NEUTRAL,-0.13546116608975878,-0.13546116608975878,-0.06773058304487939,689678.55,0.9991201305877944,2021-07,2021-07,0.7551,0.016948,0.737887
3,C3 Hybrid,2021-07,2021-07-29,P_selected,SOT,0.09989131341814127,BUY,2.4929272882889593,2.4929272882889593,2.4929272882889593,75463.15,0.05772593604189144,2021-07,2021-07,0.7551,0.016948,0.737887
3,C3 Hybrid,2021-07,2021-07-29,P_selected,CSR,0.0670134676953016,BUY,0.8674459392135417,0.8674459392135417,0.8674459392135417,20442191.7425,1.0,2021-07,2021-07,0.7551,0.016948,0.737887
3,C3 Hybrid,2021-07,2021-07-29,P_selected,ADH,0.06511841116008485,BUY,1.405988384382954,1.405988384382954,1.405988384382954,4215033.655500001,1.0,2021-07,2021-07,0.7551,0.016948,0.737887
3,C3 Hybrid,2021-07,2021-07-29,P_selected,SID,0.06508974574562394,BUY,1.7293051857390092,1.7293051857390092,1.7293051857390092,3892889.6949999994,1.0,2021-07,2021-07,0.7551,0.016948,0.737887
3,C3 Hybrid,2021-07,2021-07-29,P_selected,MUT,0.0644168617663395,BUY,0.48672993473316445,0.48672993473316445,0.48672993473316445,5197278.0475,1.0,2021-07,2021-07,0.7551,0.016948,0.737887
3,C3 Hybrid,2021-07,2021-07-29,P_selected,FBR,0.06440701679589154,BUY,1.3575485328790209,1.3575485328790209,1.3575485328790209,155573.06800000003,0.18081568468296377,2021-07,2021-07,0.7551,0.016948,0.737887
3,C3 Hybrid,2021-07,2021-07-29,P_selected,LBV,0.06286693199647989,BUY,0.23883151022732693,0.23883151022732693,0.23883151022732693,7021217.6,1.0,2021-07,2021-07,0.7551,0.016948,0.737887
3,C3 Hybrid,2021-07,2021-07-29,P_selected,RDS,0.05897245566617578,BUY,0.6042453531314135,0.6042453531314135,0.6042453531314135,383478.6265,0.8943209480673066,2021-07,2021-07,0.7551,0.016948,0.737887
3,C3 Hybrid,2021-07,2021-07-29,P_selected,TQM,0.05019794507908973,NEUTRAL,0.21535513827801173,0.21535513827801173,0.10767756913900586,485493.09,0.9774208287553046,2021-07,2021-07,0.7551,0.016948,0.737887
3,C3 Hybrid,2021-07,2021-07-29,P_selected,BOA,0.04783853297141001,NEUTRAL,-0.15049920381085358,-0.15049920381085358,-0.07524960190542679,960991.8099999999,0.9999885312020165,2021-07,2021-07,0.7551,0.016948,0.737887
3,C3 Hybrid,2021-07,2021-07-29,P_selected,ATW,0.04331122597030055,BUY,0.485350311257623,0.485350311257623,0.485350311257623,45388838.25499998,1.0,2021-07,2021-07,0.7551,0.016948,0.737887
3,C3 Hybrid,2021-07,2021-07-29,P_selected,EQD,0.028972343780107393,NEUTRAL,0.15245006395405086,0.15245006395405086,0.07622503197702543,707654.35,0.9993399070575073,2021-07,2021-07,0.7551,0.016948,0.737887
3,C3 Hybrid,2021-07,2021-07-29,P_selected,SBM,0.024260616621287295,NEUTRAL,0.16045903315209356,0.16045903315209356,0.08022951657604678,1037408.0,0.9999966230289083,2021-07,2021-07,0.7551,0.016948,0.737887
3,C3 Hybrid,2021-07,2021-07-29,P_selected,HPS,0.023808042514632796,NEUTRAL,-0.07240243156433981,-0.07240243156433981,-0.03620121578216991,3352012.0450000004,1.0,2021-07,2021-07,0.7551,0.016948,0.737887
3,C3 Hybrid,2021-07,2021-07-29,P_selected,M2M,0.02203788663716192,BUY,0.40731418912764433,0.40731418912764433,0.40731418912764433,21346.260000000002,0.02512465834581044,2021-07,2021-07,0.7551,0.016948,0.737887
3,C3 Hybrid,2021-07,2021-07-29,P_selected,RIS,0.01759897219528753,BUY,0.5063813057212484,0.5063813057212484,0.5063813057212484,115067.98500000002,0.1035013398943076,2021-07,2021-07,0.7551,0.016948,0.737887
3,C3 Hybrid,2021-07,2021-07-29,P_selected,SMI,0.016685767796567108,NEUTRAL,0.1787947869013534,0.1787947869013534,0.0893973934506767,112895.65,0.10032040323331863,2021-07,2021-07,0.7551,0.016948,0.737887
3,C3 Hybrid,2021-07,2021-07-29,P_selected,COL,0.011882080265763277,BUY,0.5148110535486355,0.5148110535486355,0.5148110535486355,174953.21899999998,0.23134208998701286,2021-07,2021-07,0.7551,0.016948,0.737887
3,C3 Hybrid,2021-07,2021-07-29,P_selected,SNP,0.011656201472668529,NEUTRAL,0.15622187514926208,0.15622187514926208,0.07811093757463104,633687.4249999998,0.9978475607801116,2021-07,2021-07,0.7551,0.016948,0.737887
3,C3 Hybrid,2021-07,2021-07-29,P_selected,MDP,0.010050337034036481,BUY,0.33788565487821715,0.33788565487821715,0.33788565487821715,13026.150000000092,0.022062172641534702,2021-07,2021-07,0.7551,0.016948,0.737887
3,C3 Hybrid,2021-07,2021-07-29,P_selected,UMR,0.00822559495084068,NEUTRAL,-0.2314490690605617,-0.2314490690605617,-0.11572453453028085,4021.2574999999997,0.019158584849358666,2021-07,2021-07,0.7551,0.016948,0.737887
3,C3 Hybrid,2021-07,2021-07-29,P_selected,MNG,0.007851542925355205,NEUTRAL,-0.06138181029779782,-0.06138181029779782,-0.03069090514889891,12881045.8,1.0,2021-07,2021-07,0.7551,0.016948,0.737887
3,C3 Hybrid,2021-07,2021-07-29,P_selected,NKL,0.007088089868421874,BUY,0.7134530431721333,0.7134530431721333,0.7134530431721333,44493.90100000001,0.03598177693433182,2021-07,2021-07,0.7551,0.016948,0.737887
3,C3 Hybrid,2021-07,2021-07-29,P_selected,ATL,0.005749968398758008,NEUTRAL,0.1642958709982909,0.1642958709982909,0.08214793549914545,286496.34899999993,0.6419738595735861,2021-07,2021-07,0.7551,0.016948,0.737887
3,C3 Hybrid,2021-07,2021-07-29,P_selected,DWY,0.004044984313535406,NEUTRAL,0.20321946999978716,0.20321946999978716,0.10160973499989358,444364.21499999956,0.9572963020696239,2021-07,2021-07,0.7551,0.016948,0.737887
3,C3 Hybrid,2021-07,2021-07-29,P_selected,ATH,0.0020398502348294425,NEUTRAL,0.22210886604124797,0.22210886604124797,0.11105443302062398,756112.324,0.999695883998741,2021-07,2021-07,0.7551,0.016948,0.737887
3,C3 Hybrid,2021-07,2021-07-29,P_selected,MSA,0.0018503326696788606,BUY,0.7544198445771155,0.7544198445771155,0.7544198445771155,5720293.215000001,1.0,2021-07,2021-07,0.7551,0.016948,0.737887
3,C3 Hybrid,2021-07,2021-07-29,P_selected,CMT,0.0015956310029977116,NEUTRAL,0.17607731506170893,0.17607731506170893,0.08803865753085446,642247.9,0.998122559011271,2021-07,2021-07,0.7551,0.016948,0.737887
3,C3 Hybrid,2021-07,2021-07-29,P_selected,JET,0.0015885303474421776,BUY,0.7386181135402229,0.7386181135402229,0.7386181135402229,2473225.295,0.9999999999999996,2021-07,2021-07,0.7551,0.016948,0.737887
3,C3 Hybrid,2021-07,2021-07-29,P_selected,S2M,0.0010408012379671812,BUY,0.49272353930825397,0.49272353930825397,0.49272353930825397,8068.725,0.020414173845919776,2021-07,2021-07,0.7551,0.016948,0.737887
3,C3 Hybrid,2021-07,2021-07-29,P_selected,SLF,0.0006384883336729982,NEUTRAL,-0.22171538979659455,-0.22171538979659455,-0.11085769489829728,68918.2,0.05228675915256331,2021-07,2021-07,0.7551,0.016948,0.737887
3,C3 Hybrid,2021-07,2021-07-29,P_selected,BCP,0.0006153695482477576,NEUTRAL,-0.17778667804503392,-0.17778667804503392,-0.08889333902251696,7688219.905000001,1.0,2021-07,2021-07,0.7551,0.016948,0.737887
3,C3 Hybrid,2021-07,2021-07-29,P_selected,GAZ,0.00039711733452069635,NEUTRAL,-0.11920535575962839,-0.11920535575962839,-0.05960267787981419,381977.25,0.8920290028206163,2021-07,2021-07,0.7551,0.016948,0.737887
3,C3 Hybrid,2021-07,2021-07-29,P_selected,PRO,0.0003004322357373052,NEUTRAL,-0.16004592467434806,-0.16004592467434806,-0.08002296233717403,8412.76,0.020524542011890152,2021-07,2021-07,0.7551,0.016948,0.737887
3,C3 Hybrid,2021-07,2021-07-29,P_selected,BCI,0.000287471210719223,NEUTRAL,0.06462889578093138,0.06462889578093138,0.03231444789046569,352536.25,0.8376138426660834,2021-07,2021-07,0.7551,0.016948,0.737887
3,C3 Hybrid,2021-07,2021-07-29,P_selected,MIC,0.00027336486314683716,NEUTRAL,0.04644020301936304,0.04644020301936304,0.02322010150968152,391736.0800000004,0.9061729748357925,2021-07,2021-07,0.7551,0.016948,0.737887
3,C3 Hybrid,2021-07,2021-07-29,P_selected,CIH,0.00018607280988187672,NEUTRAL,-0.10046202063357343,-0.10046202063357343,-0.050231010316786714,645940.2549999999,0.9982300705246957,2021-07,2021-07,0.7551,0.016948,0.737887
3,C3 Hybrid,2021-07,2021-07-29,P_selected,IBC,0.00012460095945765131,NEUTRAL,0.022641396438728555,0.022641396438728555,0.011320698219364277,5540.474999999999,0.019620738591129627,2021-07,2021-07,0.7551,0.016948,0.737887
3,C3 Hybrid,2021-08,2021-08-31,P_selected,SLF,0.1,NEUTRAL,0.12848848134507213,0.12848848134507213,0.06424424067253606,2391035.77,0.9999999999999987,2021-08,2021-08,0.8089,0.016658,1.022271
3,C3 Hybrid,2021-08,2021-08-31,P_selected,SOT,0.1,BUY,3.8459426538958366,3.8459426538958366,3.8459426538958366,11231552.9,1.0,2021-08,2021-08,0.8089,0.016658,1.022271
3,C3 Hybrid,2021-08,2021-08-31,P_selected,FBR,0.09611512043269611,BUY,1.2525109702009982,1.2525109702009982,1.2525109702009982,216809.53250000003,0.37027261310627646,2021-08,2021-08,0.8089,0.016658,1.022271
3,C3 Hybrid,2021-08,2021-08-31,P_selected,SID,0.0953440515035898,BUY,2.1599605450630874,2.1599605450630874,2.1599605450630874,3806160.7600000002,1.0,2021-08,2021-08,0.8089,0.016658,1.022271
3,C3 Hybrid,2021-08,2021-08-31,P_selected,TQM,0.09254691492298928,BUY,0.2784842699082291,0.2784842699082291,0.2784842699082291,343126.145,0.8160810222962823,2021-08,2021-08,0.8089,0.016658,1.022271
3,C3 Hybrid,2021-08,2021-08-31,P_selected,ADH,0.07016092338672791,BUY,2.1969736276488563,2.1969736276488563,2.1969736276488563,6067888.015500002,1.0,2021-08,2021-08,0.8089,0.016658,1.022271
3,C3 Hybrid,2021-08,2021-08-31,P_selected,MSA,0.06695777778207505,BUY,0.4212582737278035,0.4212582737278035,0.4212582737278035,5030484.090000001,1.0,2021-08,2021-08,0.8089,0.016658,1.022271
3,C3 Hybrid,2021-08,2021-08-31,P_selected,EQD,0.06692251875052259,BUY,0.3045175757493947,0.3045175757493947,0.3045175757493947,874066.8,0.9999539192323125,2021-08,2021-08,0.8089,0.016658,1.022271
3,C3 Hybrid,2021-08,2021-08-31,P_selected,AFM,0.04819120124033139,NEUTRAL,0.10004337630451167,0.10004337630451167,0.050021688152255835,5509.65,0.019611253759096517,2021-08,2021-08,0.8089,0.016658,1.022271
3,C3 Hybrid,2021-08,2021-08-31,P_selected,DWY,0.04102217328967612,BUY,0.29406578364142805,0.29406578364142805,0.29406578364142805,2024419.5899999999,0.9999999999995322,2021-08,2021-08,0.8089,0.016658,1.022271
3,C3 Hybrid,2021-08,2021-08-31,P_selected,RIS,0.04007812764424385,BUY,0.36682470172089066,0.36682470172089066,0.36682470172089066,743265.7125,0.9996265121027986,2021-08,2021-08,0.8089,0.016658,1.022271
3,C3 Hybrid,2021-08,2021-08-31,P_selected,S2M,0.03794453119328293,BUY,0.731177053653757,0.731177053653757,0.731177053653757,113248.22,0.1008306985800436,2021-08,2021-08,0.8089,0.016658,1.022271
3,C3 Hybrid,2021-08,2021-08-31,P_selected,ATH,0.03603373475329386,NEUTRAL,-0.0998708170341357,-0.0998708170341357,-0.04993540851706785,904364.3209999999,0.9999716208976245,2021-08,2021-08,0.8089,0.016658,1.022271
3,C3 Hybrid,2021-08,2021-08-31,P_selected,LBV,0.027067019514114356,BUY,0.2515081575382595,0.2515081575382595,0.2515081575382595,2167809.65,0.9999999999999529,2021-08,2021-08,0.8089,0.016658,1.022271
3,C3 Hybrid,2021-08,2021-08-31,P_selected,ATL,0.019129571846431877,NEUTRAL,0.0035959581906156377,0.0035959581906156377,0.0017979790953078188,338655.69349999994,0.8051017588754706,2021-08,2021-08,0.8089,0.016658,1.022271
3,C3 Hybrid,2021-08,2021-08-31,P_selected,MDP,0.015756249187361838,BUY,0.49843163551445185,0.49843163551445185,0.49843163551445185,62382.5205000001,0.04734102807715416,2021-08,2021-08,0.8089,0.016658,1.022271
3,C3 Hybrid,2021-08,2021-08-31,P_selected,M2M,0.010559944299912163,BUY,0.3876982766194493,0.3876982766194493,0.3876982766194493,279859.265,0.6172160136425019,2021-08,2021-08,0.8089,0.016658,1.022271
3,C3 Hybrid,2021-08,2021-08-31,P_selected,BCI,0.007618526421515914,NEUTRAL,-0.10250540552989573,-0.10250540552989573,-0.051252702764947866,2060184.9149999998,0.999999999999736,2021-08,2021-08,0.8089,0.016658,1.022271
3,C3 Hybrid,2021-08,2021-08-31,P_selected,IBC,0.006897062396246427,NEUTRAL,-0.13264006952016658,-0.13264006952016658,-0.06632003476008329,3814.8489999999993,0.019096623584122046,2021-08,2021-08,0.8089,0.016658,1.022271
3,C3 Hybrid,2021-08,2021-08-31,P_selected,MUT,0.00469515528778221,BUY,0.2349644973188158,0.2349644973188158,0.2349644973188158,1606633.1575,0.9999999996257625,2021-08,2021-08,0.8089,0.016658,1.022271
3,C3 Hybrid,2021-08,2021-08-31,P_selected,LHM,0.004546187891863428,BUY,0.2844590239518364,0.2844590239518364,0.2844590239518364,6264441.15,1.0,2021-08,2021-08,0.8089,0.016658,1.022271
3,C3 Hybrid,2021-08,2021-08-31,P_selected,MNG,0.004206040269493149,NEUTRAL,-0.14953741337204057,-0.14953741337204057,-0.07476870668602029,7570495.200000001,1.0,2021-08,2021-08,0.8089,0.016658,1.022271
3,C3 Hybrid,2021-08,2021-08-31,P_selected,SNP,0.0021695817268940543,BUY,0.38931179593361404,0.38931179593361404,0.38931179593361404,2082695.4149999998,0.9999999999998159,2021-08,2021-08,0.8089,0.016658,1.022271
3,C3 Hybrid,2021-08,2021-08-31,P_selected,LES,0.0013074047796400514,NEUTRAL,-0.18205521153137944,-0.18205521153137944,-0.09102760576568972,34876.5075000007,0.03100905886274046,2021-08,2021-08,0.8089,0.016658,1.022271
3,C3 Hybrid,2021-08,2021-08-31,P_selected,CMT,0.0012473321255566398,NEUTRAL,-0.00505568820708506,-0.00505568820708506,-0.00252784410354253,840174.05,0.9999207469021388,2021-08,2021-08,0.8089,0.016658,1.022271
3,C3 Hybrid,2021-08,2021-08-31,P_selected,JET,0.000945457930231683,BUY,0.4244128419711177,0.4244128419711177,0.4244128419711177,733913.9425,0.9995662563721824,2021-08,2021-08,0.8089,0.016658,1.022271
3,C3 Hybrid,2021-08,2021-08-31,P_selected,SBM,0.000763766950108683,NEUTRAL,-0.08572470925478096,-0.08572470925478096,-0.04286235462739048,109379.75,0.09535602070449754,2021-08,2021-08,0.8089,0.016658,1.022271
3,C3 Hybrid,2021-08,2021-08-31,P_selected,NKL,0.00042917080035255565,NEUTRAL,0.14158410534545762,0.14158410534545762,0.07079205267272881,14078.827000000014,0.02242850428401656,2021-08,2021-08,0.8089,0.016658,1.022271
3,C3 Hybrid,2021-08,2021-08-31,P_selected,CSR,0.0003553170065883808,NEUTRAL,0.0934951914957343,0.0934951914957343,0.04674759574786715,3490225.3,1.0,2021-08,2021-08,0.8089,0.016658,1.022271
3,C3 Hybrid,2021-08,2021-08-31,P_selected,COL,0.0002647720005131313,NEUTRAL,-0.2141411120054296,-0.2141411120054296,-0.1070705560027148,160885.14250000002,0.1937480442272736,2021-08,2021-08,0.8089,0.016658,1.022271
3,C3 Hybrid,2021-08,2021-08-31,P_selected,RDS,0.00023174296437600202,BUY,0.904642058361667,0.904642058361667,0.904642058361667,722821.2825,0.9994820638523164,2021-08,2021-08,0.8089,0.016658,1.022271
3,C3 Hybrid,2021-08,2021-08-31,P_selected,SMI,0.00022164320729926843,NEUTRAL,-0.20300598086383287,-0.20300598086383287,-0.10150299043191643,337709.25,0.802714628144211,2021-08,2021-08,0.8089,0.016658,1.022271
3,C3 Hybrid,2021-08,2021-08-31,P_selected,HPS,0.00021191692965523518,NEUTRAL,-0.0937596337458046,-0.0937596337458046,-0.0468798168729023,957670.3550000001,0.9999879052341681,2021-08,2021-08,0.8089,0.016658,1.022271
3,C3 Hybrid,2021-09,2021-09-30,P_selected,AFM,0.1,BUY,0.3356468947238885,0.3356468947238885,0.3356468947238885,271658.55,0.5857775107799199,2021-09,2021-09,0.8488,0.014885,0.758986
3,C3 Hybrid,2021-09,2021-09-30,P_selected,BOA,0.1,NEUTRAL,-0.12295174153294605,-0.12295174153294605,-0.061475870766473026,4880230.725,1.0,2021-09,2021-09,0.8488,0.014885,0.758986
3,C3 Hybrid,2021-09,2021-09-30,P_selected,FBR,0.1,BUY,2.183874456517908,2.183874456517908,2.183874456517908,188748.27500000002,0.2728863072499153,2021-09,2021-09,0.8488,0.014885,0.758986
3,C3 Hybrid,2021-09,2021-09-30,P_selected,RDS,0.1,BUY,1.9766911328345032,1.9766911328345032,1.9766911328345032,797772.5029999999,0.9998438223220897,2021-09,2021-09,0.8488,0.014885,0.758986
3,C3 Hybrid,2021-09,2021-09-30,P_selected,SID,0.1,BUY,1.215146631357249,1.215146631357249,1.215146631357249,7019813.13,1.0,2021-09,2021-09,0.8488,0.014885,0.758986
3,C3 Hybrid,2021-09,2021-09-30,P_selected,SOT,0.1,BUY,1.7506101992515055,1.7506101992515055,1.7506101992515055,34741644.8,1.0,2021-09,2021-09,0.8488,0.014885,0.758986
3,C3 Hybrid,2021-09,2021-09-30,P_selected,TMA,0.1,NEUTRAL,-0.1177275275554496,-0.1177275275554496,-0.0588637637777248,554881.51875,0.9924460668819026,2021-09,2021-09,0.8488,0.014885,0.758986
3,C3 Hybrid,2021-09,2021-09-30,P_selected,TQM,0.07443256656923695,NEUTRAL,0.1761616746896607,0.1761616746896607,0.08808083734483035,1206266.15,0.999999773440589,2021-09,2021-09,0.8488,0.014885,0.758986
3,C3 Hybrid,2021-09,2021-09-30,P_selected,IAM,0.061407384732552625,NEUTRAL,0.09532724155029162,0.09532724155029162,0.04766362077514581,21912712.315,1.0,2021-09,2021-09,0.8488,0.014885,0.758986
3,C3 Hybrid,2021-09,2021-09-30,P_selected,SBM,0.02486861975899791,NEUTRAL,0.12147475860562967,0.12147475860562967,0.06073737930281484,2105245.0,0.9999999999998717,2021-09,2021-09,0.8488,0.014885,0.758986
3,C3 Hybrid,2021-09,2021-09-30,P_selected,CSR,0.021438637959130247,NEUTRAL,-0.20997672812048382,-0.20997672812048382,-0.10498836406024191,7226708.7125,1.0,2021-09,2021-09,0.8488,0.014885,0.758986
3,C3 Hybrid,2021-09,2021-09-30,P_selected,LBV,0.02114396156575051,BUY,0.507863471431193,0.507863471431193,0.507863471431193,6928685.4,1.0,2021-09,2021-09,0.8488,0.014885,0.758986
3,C3 Hybrid,2021-09,2021-09-30,P_selected,BCP,0.020689594936011715,NEUTRAL,-0.14084515286788388,-0.14084515286788388,-0.07042257643394194,11252921.477500001,1.0,2021-09,2021-09,0.8488,0.014885,0.758986
3,C3 Hybrid,2021-09,2021-09-30,P_selected,NKL,0.016090452533366738,BUY,0.2422689494020825,0.2422689494020825,0.2422689494020825,33355.40900000001,0.030286063645884872,2021-09,2021-09,0.8488,0.014885,0.758986
3,C3 Hybrid,2021-09,2021-09-30,P_selected,ATL,0.014982460090163702,NEUTRAL,-0.10338040480397201,-0.10338040480397201,-0.051690202401986005,1217974.7775,0.9999998121452216,2021-09,2021-09,0.8488,0.014885,0.758986
3,C3 Hybrid,2021-09,2021-09-30,P_selected,MSA,0.010717599860132838,NEUTRAL,0.1970929007728613,0.1970929007728613,0.09854645038643065,8653504.397499999,1.0,2021-09,2021-09,0.8488,0.014885,0.758986
3,C3 Hybrid,2021-09,2021-09-30,P_selected,COL,0.006906785795981253,NEUTRAL,-0.17357878034791974,-0.17357878034791974,-0.08678939017395987,14588.332999999999,0.022607940380043545,2021-09,2021-09,0.8488,0.014885,0.758986
3,C3 Hybrid,2021-09,2021-09-30,P_selected,INV,0.005179526150280426,NEUTRAL,-0.0008577590713066824,-0.0008577590713066824,-0.0004288795356533412,42791.674,0.035048899365166225,2021-09,2021-09,0.8488,0.014885,0.758986
3,C3 Hybrid,2021-09,2021-09-30,P_selected,ATH,0.00422228844306792,NEUTRAL,0.09701709669910105,0.09701709669910105,0.048508548349550526,6112564.94,1.0,2021-09,2021-09,0.8488,0.014885,0.758986
3,C3 Hybrid,2021-09,2021-09-30,P_selected,S2M,0.0038707409635704033,BUY,0.2855457922408163,0.2855457922408163,0.2855457922408163,28507.9925,0.028089384273571914,2021-09,2021-09,0.8488,0.014885,0.758986
3,C3 Hybrid,2021-09,2021-09-30,P_selected,M2M,0.0024158262750910865,NEUTRAL,-0.13084066125415297,-0.13084066125415297,-0.06542033062707649,21028.61,0.025000473028770454,2021-09,2021-09,0.8488,0.014885,0.758986
3,C3 Hybrid,2021-09,2021-09-30,P_selected,IBC,0.0019451318339787933,NEUTRAL,-0.001903987982931593,-0.001903987982931593,-0.0009519939914657966,7266.4619999999995,0.020159056626977367,2021-09,2021-09,0.8488,0.014885,0.758986
3,C3 Hybrid,2021-09,2021-09-30,P_selected,HPS,0.0018525478093128663,NEUTRAL,0.1866171571652882,0.1866171571652882,0.0933085785826441,7121190.760000001,1.0,2021-09,2021-09,0.8488,0.014885,0.758986
3,C3 Hybrid,2021-09,2021-09-30,P_selected,ATW,0.0017504261158032934,BUY,0.25874047197331373,0.25874047197331373,0.25874047197331373,21229919.942499984,1.0,2021-09,2021-09,0.8488,0.014885,0.758986
3,C3 Hybrid,2021-09,2021-09-30,P_selected,SLF,0.001518062143679205,NEUTRAL,0.20581164828081447,0.20581164828081447,0.10290582414040723,1416715.085,0.999999992186723,2021-09,2021-09,0.8488,0.014885,0.758986
3,C3 Hybrid,2021-09,2021-09-30,P_selected,SNP,0.0011354819547669682,BUY,0.5994894690584377,0.5994894690584377,0.5994894690584377,2813824.9199999995,1.0,2021-09,2021-09,0.8488,0.014885,0.758986
3,C3 Hybrid,2021-09,2021-09-30,P_selected,DHO,0.0007595785459583899,NEUTRAL,-0.18246876180997754,-0.18246876180997754,-0.09123438090498877,734175.5025000002,0.9995680669965327,2021-09,2021-09,0.8488,0.014885,0.758986
3,C3 Hybrid,2021-09,2021-09-30,P_selected,MIC,0.0007475160308692716,NEUTRAL,-0.047205598389728515,-0.047205598389728515,-0.023602799194864257,164202.6350000004,0.20217464129633356,2021-09,2021-09,0.8488,0.014885,0.758986
3,C3 Hybrid,2021-09,2021-09-30,P_selected,MDP,0.0004718153091073935,BUY,0.6723424028061441,0.6723424028061441,0.6723424028061441,253171.4770000001,0.5126831866049117,2021-09,2021-09,0.8488,0.014885,0.758986
3,C3 Hybrid,2021-09,2021-09-30,P_selected,CIH,0.0003427460967073535,NEUTRAL,0.0036720993101665017,0.0036720993101665017,0.0018360496550832509,1278705.0074999998,0.9999999289072299,2021-09,2021-09,0.8488,0.014885,0.758986
3,C3 Hybrid,2021-09,2021-09-30,P_selected,ADH,0.00033775370084124473,BUY,0.7160025038318113,0.7160025038318113,0.7160025038318113,7677205.5135,1.0,2021-09,2021-09,0.8488,0.014885,0.758986
3,C3 Hybrid,2021-09,2021-09-30,P_selected,LHM,0.0003102207667481428,BUY,0.3048210193616884,0.3048210193616884,0.3048210193616884,9753979.45,1.0,2021-09,2021-09,0.8488,0.014885,0.758986
3,C3 Hybrid,2021-09,2021-09-30,P_selected,CMT,0.00013437482480361645,NEUTRAL,0.10144169939188173,0.10144169939188173,0.050720849695940866,1823411.35,0.9999999999883369,2021-09,2021-09,0.8488,0.014885,0.758986
3,C3 Hybrid,2021-09,2021-09-30,P_selected,MNG,0.00013013124345947328,NEUTRAL,0.04509157289692264,0.04509157289692264,0.02254578644846132,49409806.5,1.0,2021-09,2021-09,0.8488,0.014885,0.758986
3,C3 Hybrid,2021-10,2021-10-29,P_selected,BOA,0.1,BUY,0.4168919787708822,0.4168919787708822,0.4168919787708822,25956673.055,1.0,2021-10,2021-10,0.8765,0.014286,0.700241
3,C3 Hybrid,2021-10,2021-10-29,P_selected,FBR,0.1,BUY,2.2526082868325363,2.2526082868325363,2.2526082868325363,487682.63499999995,0.9781811832358824,2021-10,2021-10,0.8765,0.014286,0.700241
3,C3 Hybrid,2021-10,2021-10-29,P_selected,SOT,0.1,BUY,1.2717431862440867,1.2717431862440867,1.2717431862440867,23759791.15,1.0,2021-10,2021-10,0.8765,0.014286,0.700241
3,C3 Hybrid,2021-10,2021-10-29,P_selected,TMA,0.1,NEUTRAL,-0.13467817551514494,-0.13467817551514494,-0.06733908775757247,843897.6375,0.9999253303524056,2021-10,2021-10,0.8765,0.014286,0.700241
3,C3 Hybrid,2021-10,2021-10-29,P_selected,MDP,0.07127623101640891,BUY,1.19410747983042,1.19410747983042,1.19410747983042,575645.6960000001,0.9945697828247653,2021-10,2021-10,0.8765,0.014286,0.700241
3,C3 Hybrid,2021-10,2021-10-29,P_selected,TQM,0.06907455779174117,BUY,0.30733936645717863,0.30733936645717863,0.30733936645717863,1755885.15,0.9999999999656413,2021-10,2021-10,0.8765,0.014286,0.700241
3,C3 Hybrid,2021-10,2021-10-29,P_selected,SID,0.06768901887497662,BUY,0.8910625818481703,0.8910625818481703,0.8910625818481703,4372294.640000001,1.0,2021-10,2021-10,0.8765,0.014286,0.700241
3,C3 Hybrid,2021-10,2021-10-29,P_selected,SBM,0.06471447706686709,BUY,0.33682433825525987,0.33682433825525987,0.33682433825525987,1466651.5,0.9999999964856947,2021-10,2021-10,0.8765,0.014286,0.700241
3,C3 Hybrid,2021-10,2021-10-29,P_selected,MSA,0.0613187987026722,BUY,0.3186383768493757,0.3186383768493757,0.3186383768493757,4551309.1674999995,1.0,2021-10,2021-10,0.8765,0.014286,0.700241
3,C3 Hybrid,2021-10,2021-10-29,P_selected,S2M,0.051570367513064465,BUY,0.4668463957736115,0.4668463957736115,0.4668463957736115,8928.275,0.02069101616583882,2021-10,2021-10,0.8765,0.014286,0.700241
3,C3 Hybrid,2021-10,2021-10-29,P_selected,AFM,0.03699029331149465,BUY,0.46662421229017625,0.46662421229017625,0.46662421229017625,13838.45,0.022344332944226667,2021-10,2021-10,0.8765,0.014286,0.700241
3,C3 Hybrid,2021-10,2021-10-29,P_selected,LBV,0.03378168985517982,BUY,0.671066690252635,0.671066690252635,0.671066690252635,12440135.55,1.0,2021-10,2021-10,0.8765,0.014286,0.700241
3,C3 Hybrid,2021-10,2021-10-29,P_selected,ADH,0.03322541672414944,BUY,0.7221379038887106,0.7221379038887106,0.7221379038887106,2544475.8250000016,0.9999999999999998,2021-10,2021-10,0.8765,0.014286,0.700241
3,C3 Hybrid,2021-10,2021-10-29,P_selected,IMO,0.024981857937390276,NEUTRAL,0.1297612388724761,0.1297612388724761,0.06488061943623805,1169910.047,0.9999995946687315,2021-10,2021-10,0.8765,0.014286,0.700241
3,C3 Hybrid,2021-10,2021-10-29,P_selected,INV,0.0204672417089903,BUY,0.2883060202885627,0.2883060202885627,0.2883060202885627,181847.5125,0.25153547023243233,2021-10,2021-10,0.8765,0.014286,0.700241
3,C3 Hybrid,2021-10,2021-10-29,P_selected,CSR,0.013950422641532114,NEUTRAL,0.09519401765606021,0.09519401765606021,0.047597008828030106,7964444.210000001,1.0,2021-10,2021-10,0.8765,0.014286,0.700241
3,C3 Hybrid,2021-10,2021-10-29,P_selected,M2M,0.012038453228501233,BUY,0.36299847724243944,0.36299847724243944,0.36299847724243944,137421.38499999998,0.1416980178340736,2021-10,2021-10,0.8765,0.014286,0.700241
3,C3 Hybrid,2021-10,2021-10-29,P_selected,CIH,0.01119683822662897,NEUTRAL,0.15683343780348483,0.15683343780348483,0.07841671890174241,2903789.6075,1.0,2021-10,2021-10,0.8765,0.014286,0.700241
3,C3 Hybrid,2021-10,2021-10-29,P_selected,BCP,0.008136884436577733,NEUTRAL,0.03317805318994734,0.03317805318994734,0.01658902659497367,12887243.157499999,1.0,2021-10,2021-10,0.8765,0.014286,0.700241
3,C3 Hybrid,2021-10,2021-10-29,P_selected,IBC,0.004782988099479837,NEUTRAL,0.04774975512172305,0.04774975512172305,0.023874877560861527,5931.178999999999,0.019741348232971218,2021-10,2021-10,0.8765,0.014286,0.700241
3,C3 Hybrid,2021-10,2021-10-29,P_selected,MIC,0.003140811270465563,BUY,0.2864875837719475,0.2864875837719475,0.2864875837719475,576959.5200000003,0.9946821403065479,2021-10,2021-10,0.8765,0.014286,0.700241
3,C3 Hybrid,2021-10,2021-10-29,P_selected,JET,0.0020306673504314203,BUY,0.47885608624380055,0.47885608624380055,0.47885608624380055,279940.2175,0.6175219810753291,2021-10,2021-10,0.8765,0.014286,0.700241
3,C3 Hybrid,2021-10,2021-10-29,P_selected,LES,0.0018953532213559013,NEUTRAL,-0.1911749587288154,-0.1911749587288154,-0.0955874793644077,127431.0750000007,0.12334774886145011,2021-10,2021-10,0.8765,0.014286,0.700241
3,C3 Hybrid,2021-10,2021-10-29,P_selected,SLF,0.0016430703888306436,NEUTRAL,0.22290695474847438,0.22290695474847438,0.11145347737423719,700358.995,0.9992582408434868,2021-10,2021-10,0.8765,0.014286,0.700241
3,C3 Hybrid,2021-10,2021-10-29,P_selected,NKL,0.001534335095383461,NEUTRAL,0.19354354357881942,0.19354354357881942,0.09677177178940971,76768.73950000001,0.05887274201463423,2021-10,2021-10,0.8765,0.014286,0.700241
3,C3 Hybrid,2021-10,2021-10-29,P_selected,RDS,0.000853196153047977,BUY,0.8840112357467386,0.8840112357467386,0.8840112357467386,629248.5185,0.9976894957162447,2021-10,2021-10,0.8765,0.014286,0.700241
3,C3 Hybrid,2021-10,2021-10-29,P_selected,LHM,0.0008301815640162004,BUY,0.27824069009034336,0.27824069009034336,0.27824069009034336,12203419.7,1.0,2021-10,2021-10,0.8765,0.014286,0.700241
3,C3 Hybrid,2021-10,2021-10-29,P_selected,DWY,0.0007128506416854004,NEUTRAL,-0.017611059173810853,-0.017611059173810853,-0.008805529586905426,998168.2949999996,0.9999936730928742,2021-10,2021-10,0.8765,0.014286,0.700241
3,C3 Hybrid,2021-10,2021-10-29,P_selected,COL,0.00039137730554288634,NEUTRAL,0.12356746931853102,0.12356746931853102,0.06178373465926551,1600455.6875,0.9999999995868833,2021-10,2021-10,0.8765,0.014286,0.700241
3,C3 Hybrid,2021-10,2021-10-29,P_selected,ATH,0.0003645183324346597,NEUTRAL,0.12434713913989726,0.12434713913989726,0.06217356956994863,1630130.8599999999,0.9999999997430382,2021-10,2021-10,0.8765,0.014286,0.700241
3,C3 Hybrid,2021-10,2021-10-29,P_selected,ATW,0.0003395932165372369,NEUTRAL,0.11454975371470723,0.11454975371470723,0.057274876857353614,18956993.12249998,1.0,2021-10,2021-10,0.8765,0.014286,0.700241
3,C3 Hybrid,2021-10,2021-10-29,P_selected,MUT,0.0003256149812622715,NEUTRAL,-0.039778399914174575,-0.039778399914174575,-0.019889199957087288,4696774.8149999995,1.0,2021-10,2021-10,0.8765,0.014286,0.700241
3,C3 Hybrid,2021-10,2021-10-29,P_selected,SNP,0.00027098517272444137,BUY,0.29897391570428816,0.29897391570428816,0.29897391570428816,2611945.6149999998,1.0,2021-10,2021-10,0.8765,0.014286,0.700241
3,C3 Hybrid,2021-10,2021-10-29,P_selected,RIS,0.00014867070717978887,NEUTRAL,-0.1960618011468162,-0.1960618011468162,-0.0980309005734081,332067.51,0.788028121647773,2021-10,2021-10,0.8765,0.014286,0.700241
3,C3 Hybrid,2021-10,2021-10-29,P_selected,HPS,0.00012571686581319355,BUY,0.3320314002862228,0.3320314002862228,0.3320314002862228,3163706.91,1.0,2021-10,2021-10,0.8765,0.014286,0.700241
3,C3 Hybrid,2021-11,2021-11-30,P_selected,FBR,0.1,BUY,1.8801385329189062,1.8801385329189062,1.8801385329189062,546154.7725000001,0.991323961551108,2021-11,2021-11,0.8219,0.014066,0.727109
3,C3 Hybrid,2021-11,2021-11-30,P_selected,MDP,0.1,BUY,1.9142539453575018,1.9142539453575018,1.9142539453575018,533358.1520000001,0.9893735988144644,2021-11,2021-11,0.8219,0.014066,0.727109
3,C3 Hybrid,2021-11,2021-11-30,P_selected,PRO,0.1,BUY,0.5127895730138994,0.5127895730138994,0.5127895730138994,4686.05,0.01935949002429227,2021-11,2021-11,0.8219,0.014066,0.727109
3,C3 Hybrid,2021-11,2021-11-30,P_selected,SOT,0.1,BUY,0.5049408212755389,0.5049408212755389,0.5049408212755389,4643792.6,1.0,2021-11,2021-11,0.8219,0.014066,0.727109
3,C3 Hybrid,2021-11,2021-11-30,P_selected,TQM,0.1,BUY,0.7795123856648631,0.7795123856648631,0.7795123856648631,3012718.15,1.0,2021-11,2021-11,0.8219,0.014066,0.727109
3,C3 Hybrid,2021-11,2021-11-30,P_selected,TMA,0.08432526961280541,NEUTRAL,-0.12911121111707455,-0.12911121111707455,-0.06455560555853727,3057880.85625,1.0,2021-11,2021-11,0.8219,0.014066,0.727109
3,C3 Hybrid,2021-11,2021-11-30,P_selected,AFM,0.07974369366156267,BUY,0.3057381552719332,0.3057381552719332,0.3057381552719332,262480.75,0.5497577610385446,2021-11,2021-11,0.8219,0.014066,0.727109
3,C3 Hybrid,2021-11,2021-11-30,P_selected,LBV,0.06473890701401035,BUY,0.3278010637079074,0.3278010637079074,0.3278010637079074,7008397.0,1.0,2021-11,2021-11,0.8219,0.014066,0.727109
3,C3 Hybrid,2021-11,2021-11-30,P_selected,ADH,0.040011176418262226,BUY,0.9815053615341005,0.9815053615341005,0.9815053615341005,2720679.3450000016,1.0,2021-11,2021-11,0.8219,0.014066,0.727109
3,C3 Hybrid,2021-11,2021-11-30,P_selected,HPS,0.035081866739315105,BUY,0.2606385907933047,0.2606385907933047,0.2606385907933047,1848907.525,0.9999999999922438,2021-11,2021-11,0.8219,0.014066,0.727109
3,C3 Hybrid,2021-11,2021-11-30,P_selected,RDS,0.030759385022175068,BUY,0.9119687873421789,0.9119687873421789,0.9119687873421789,473557.907,0.9727990731934705,2021-11,2021-11,0.8219,0.014066,0.727109
3,C3 Hybrid,2021-11,2021-11-30,P_selected,LHM,0.030711948763128886,BUY,0.3151001000966308,0.3151001000966308,0.3151001000966308,6436556.6,1.0,2021-11,2021-11,0.8219,0.014066,0.727109
3,C3 Hybrid,2021-11,2021-11-30,P_selected,SID,0.02714558309115544,BUY,0.6359912589352744,0.6359912589352744,0.6359912589352744,2873365.725,1.0,2021-11,2021-11,0.8219,0.014066,0.727109
3,C3 Hybrid,2021-11,2021-11-30,P_selected,MNG,0.024288735985665402,NEUTRAL,0.020856338115887676,0.020856338115887676,0.010428169057943838,30823490.9,1.0,2021-11,2021-11,0.8219,0.014066,0.727109
3,C3 Hybrid,2021-11,2021-11-30,P_selected,SLF,0.018961103949837497,BUY,0.5324305788617429,0.5324305788617429,0.5324305788617429,181922.61000000002,0.2517617499068083,2021-11,2021-11,0.8219,0.014066,0.727109
3,C3 Hybrid,2021-11,2021-11-30,P_selected,MIC,0.011740232560781345,BUY,0.41921153968076147,0.41921153968076147,0.41921153968076147,832574.9000000004,0.999910501429294,2021-11,2021-11,0.8219,0.014066,0.727109
3,C3 Hybrid,2021-11,2021-11-30,P_selected,GAZ,0.008674123465651815,NEUTRAL,0.10520777167688422,0.10520777167688422,0.05260388583844211,1458429.1,0.9999999959915675,2021-11,2021-11,0.8219,0.014066,0.727109
3,C3 Hybrid,2021-11,2021-11-30,P_selected,CTM,0.008165566214839517,BUY,0.23578114973563336,0.23578114973563336,0.23578114973563336,11013.65,0.021378031461956746,2021-11,2021-11,0.8219,0.014066,0.727109
3,C3 Hybrid,2021-11,2021-11-30,P_selected,IBC,0.005839279556928809,BUY,0.7550753718681811,0.7550753718681811,0.7550753718681811,37268.018,0.03217966569743341,2021-11,2021-11,0.8219,0.014066,0.727109
3,C3 Hybrid,2021-11,2021-11-30,P_selected,INV,0.004975441403232468,BUY,0.30010413948625814,0.30010413948625814,0.30010413948625814,45507.7325,0.0365487015437605,2021-11,2021-11,0.8219,0.014066,0.727109
3,C3 Hybrid,2021-11,2021-11-30,P_selected,CIH,0.004360769843835583,NEUTRAL,0.0947839980175747,0.0947839980175747,0.04739199900878735,921513.585,0.999978430686605,2021-11,2021-11,0.8219,0.014066,0.727109
3,C3 Hybrid,2021-11,2021-11-30,P_selected,LES,0.0038879660265889846,NEUTRAL,-0.09879875166028415,-0.09879875166028415,-0.049399375830142075,489446.6650000008,0.9787755106817588,2021-11,2021-11,0.8219,0.014066,0.727109
3,C3 Hybrid,2021-11,2021-11-30,P_selected,BAL,0.003024245133691915,BUY,0.28063346985064697,0.28063346985064697,0.28063346985064697,2133.94,0.018599298746357934,2021-11,2021-11,0.8219,0.014066,0.727109
3,C3 Hybrid,2021-11,2021-11-30,P_selected,SMI,0.002940750502236201,NEUTRAL,-0.21012729567370192,-0.21012729567370192,-0.10506364783685096,205985.7,0.33087531619142696,2021-11,2021-11,0.8219,0.014066,0.727109
3,C3 Hybrid,2021-11,2021-11-30,P_selected,CMT,0.002789460819999942,NEUTRAL,0.18219865490399637,0.18219865490399637,0.09109932745199818,1867989.6,0.9999999999942846,2021-11,2021-11,0.8219,0.014066,0.727109
3,C3 Hybrid,2021-11,2021-11-30,P_selected,S2M,0.002098469543325216,NEUTRAL,-0.08102032661112193,-0.08102032661112193,-0.04051016330556097,152072.07,0.17266635860535345,2021-11,2021-11,0.8219,0.014066,0.727109
3,C3 Hybrid,2021-11,2021-11-30,P_selected,ATH,0.0020968444440697754,NEUTRAL,-0.05869347468882141,-0.05869347468882141,-0.029346737344410706,209736.08000000007,0.34429261255772986,2021-11,2021-11,0.8219,0.014066,0.727109
3,C3 Hybrid,2021-11,2021-11-30,P_selected,DWY,0.0013487203453718183,NEUTRAL,0.10940176961268112,0.10940176961268112,0.05470088480634056,323783.74499999953,0.7650448689290522,2021-11,2021-11,0.8219,0.014066,0.727109
3,C3 Hybrid,2021-11,2021-11-30,P_selected,CSR,0.0005327188660022458,NEUTRAL,0.20383220440430266,0.20383220440430266,0.10191610220215133,6348710.975,1.0,2021-11,2021-11,0.8219,0.014066,0.727109
3,C3 Hybrid,2021-11,2021-11-30,P_selected,IMO,0.0004696967471220025,NEUTRAL,-0.153147374132154,-0.153147374132154,-0.076573687066077,1645412.2825000002,0.9999999997987747,2021-11,2021-11,0.8219,0.014066,0.727109
3,C3 Hybrid,2021-11,2021-11-30,P_selected,JET,0.000404791194380041,NEUTRAL,0.0839895848603804,0.0839895848603804,0.0419947924301902,1523187.475,0.9999999985777128,2021-11,2021-11,0.8219,0.014066,0.727109
3,C3 Hybrid,2021-11,2021-11-30,P_selected,SNP,0.0002237383026426848,NEUTRAL,0.20242865102235824,0.20242865102235824,0.10121432551117912,1796614.27,0.999999999982093,2021-11,2021-11,0.8219,0.014066,0.727109
3,C3 Hybrid,2021-11,2021-11-30,P_selected,MUT,0.00018431588326228582,NEUTRAL,-0.003410790182702586,-0.003410790182702586,-0.001705395091351293,1793157.8775,0.9999999999810747,2021-11,2021-11,0.8219,0.014066,0.727109
3,C3 Hybrid,2021-11,2021-11-30,P_selected,NKL,0.00015346817430200079,NEUTRAL,0.15944409145297844,0.15944409145297844,0.07972204572648922,35218.35650000001,0.031173828425983183,2021-11,2021-11,0.8219,0.014066,0.727109
3,C3 Hybrid,2021-12,2021-12-31,P_selected,SOT,0.09854755123891935,NEUTRAL,0.2174591209588136,0.2174591209588136,0.1087295604794068,4873997.3,1.0,2021-12,2021-12,0.622,0.012286,0.852274
3,C3 Hybrid,2021-12,2021-12-31,P_selected,AGM,0.09830992005460522,NEUTRAL,-0.05938143344768382,-0.05938143344768382,-0.02969071672384191,585934.0,0.9953901708673523,2021-12,2021-12,0.622,0.012286,0.852274
3,C3 Hybrid,2021-12,2021-12-31,P_selected,MOX,0.09360284298304768,BUY,3.439196649676945,3.439196649676945,3.439196649676945,22372.85,0.025530126934016413,2021-12,2021-12,0.622,0.012286,0.852274
3,C3 Hybrid,2021-12,2021-12-31,P_selected,FBR,0.08963442545000407,BUY,2.3076367551935775,2.3076367551935775,2.3076367551935775,213374.08500000002,0.3575498025051473,2021-12,2021-12,0.622,0.012286,0.852274
3,C3 Hybrid,2021-12,2021-12-31,P_selected,MDP,0.08844039417562055,BUY,1.746072526039812,1.746072526039812,1.746072526039812,219339.0215000001,0.37975796719341026,2021-12,2021-12,0.622,0.012286,0.852274
3,C3 Hybrid,2021-12,2021-12-31,P_selected,AFM,0.08018570307345765,BUY,0.34863246227649647,0.34863246227649647,0.34863246227649647,14271.4,0.02249615982984199,2021-12,2021-12,0.622,0.012286,0.852274
3,C3 Hybrid,2021-12,2021-12-31,P_selected,TQM,0.0779496708737487,BUY,0.6298091882254713,0.6298091882254713,0.6298091882254713,3586396.65,1.0,2021-12,2021-12,0.622,0.012286,0.852274
3,C3 Hybrid,2021-12,2021-12-31,P_selected,LHM,0.06876110860205814,BUY,0.496514010951166,0.496514010951166,0.496514010951166,2977566.7,1.0,2021-12,2021-12,0.622,0.012286,0.852274
3,C3 Hybrid,2021-12,2021-12-31,P_selected,DWY,0.061949312117289365,BUY,0.3407484846911421,0.3407484846911421,0.3407484846911421,1623818.6999999997,0.9999999997157307,2021-12,2021-12,0.622,0.012286,0.852274
3,C3 Hybrid,2021-12,2021-12-31,P_selected,NKL,0.05318343742000257,NEUTRAL,0.1598874923808606,0.1598874923808606,0.0799437461904303,47191.01400000001,0.0375090012739664,2021-12,2021-12,0.622,0.012286,0.852274
3,C3 Hybrid,2021-12,2021-12-31,P_selected,ATL,0.03121586228939173,BUY,0.2468450590100736,0.2468450590100736,0.2468450590100736,1093135.1099999999,0.9999986154884397,2021-12,2021-12,0.622,0.012286,0.852274
3,C3 Hybrid,2021-12,2021-12-31,P_selected,S2M,0.03077769878761536,NEUTRAL,0.12697539550912898,0.12697539550912898,0.06348769775456449,684022.135,0.999036865760179,2021-12,2021-12,0.622,0.012286,0.852274
3,C3 Hybrid,2021-12,2021-12-31,P_selected,GAZ,0.028471418583593356,NEUTRAL,0.22957263675486106,0.22957263675486106,0.11478631837743053,4132757.25,1.0,2021-12,2021-12,0.622,0.012286,0.852274
3,C3 Hybrid,2021-12,2021-12-31,P_selected,ATH,0.017588753486039593,NEUTRAL,-0.21060363784939096,-0.21060363784939096,-0.10530181892469548,443814.26500000013,0.9569351390305096,2021-12,2021-12,0.622,0.012286,0.852274
3,C3 Hybrid,2021-12,2021-12-31,P_selected,INV,0.013030984983632666,BUY,0.5574351454590584,0.5574351454590584,0.5574351454590584,11203.477499999999,0.021441666050146194,2021-12,2021-12,0.622,0.012286,0.852274
3,C3 Hybrid,2021-12,2021-12-31,P_selected,SLF,0.009474045790049467,NEUTRAL,-0.2218801996652792,-0.2218801996652792,-0.1109400998326396,1102379.44,0.9999988058455953,2021-12,2021-12,0.622,0.012286,0.852274
3,C3 Hybrid,2021-12,2021-12-31,P_selected,MIC,0.009348651565548469,NEUTRAL,0.19962179728503154,0.19962179728503154,0.09981089864251577,925599.0950000003,0.9999797955104781,2021-12,2021-12,0.622,0.012286,0.852274
3,C3 Hybrid,2021-12,2021-12-31,P_selected,CTM,0.008601700826038769,NEUTRAL,-0.1518880884235824,-0.1518880884235824,-0.0759440442117912,69416.13,0.05268295186918462,2021-12,2021-12,0.622,0.012286,0.852274
3,C3 Hybrid,2021-12,2021-12-31,P_selected,IBC,0.008083635611181096,BUY,0.8926013305996238,0.8926013305996238,0.8926013305996238,35905.721999999994,0.03150770378300958,2021-12,2021-12,0.622,0.012286,0.852274
3,C3 Hybrid,2021-12,2021-12-31,P_selected,PRO,0.008082482903229927,NEUTRAL,0.11747825808745552,0.11747825808745552,0.05873912904372776,17042.95,0.02349223410850094,2021-12,2021-12,0.622,0.012286,0.852274
3,C3 Hybrid,2021-12,2021-12-31,P_selected,JET,0.006103159078834045,NEUTRAL,-0.038041362327551495,-0.038041362327551495,-0.019020681163775748,787122.2675000001,0.9998148124540854,2021-12,2021-12,0.622,0.012286,0.852274
3,C3 Hybrid,2021-12,2021-12-31,P_selected,M2M,0.005594020727619258,NEUTRAL,-0.13452294872289797,-0.13452294872289797,-0.06726147436144898,207548.145,0.33643325171798566,2021-12,2021-12,0.622,0.012286,0.852274
3,C3 Hybrid,2021-12,2021-12-31,P_selected,IMO,0.004126663764919806,NEUTRAL,-0.2120837917191589,-0.2120837917191589,-0.10604189585957945,793517.72,0.9998328218774886,2021-12,2021-12,0.622,0.012286,0.852274
3,C3 Hybrid,2021-12,2021-12-31,P_selected,MSA,0.0021781384969049924,NEUTRAL,0.03420461576284574,0.03420461576284574,0.01710230788142287,7488972.575,1.0,2021-12,2021-12,0.622,0.012286,0.852274
3,C3 Hybrid,2021-12,2021-12-31,P_selected,BAL,0.002166749206916706,NEUTRAL,0.15324667112709134,0.15324667112709134,0.07662333556354567,2102.4300000000003,0.018590098363099272,2021-12,2021-12,0.622,0.012286,0.852274
3,C3 Hybrid,2021-12,2021-12-31,P_selected,CMT,0.001381431576048932,NEUTRAL,-0.17075869873238364,-0.17075869873238364,-0.08537934936619182,895100.95,0.9999670871735139,2021-12,2021-12,0.622,0.012286,0.852274
3,C3 Hybrid,2021-12,2021-12-31,P_selected,ATW,0.0006618917298938547,NEUTRAL,0.15525777600048257,0.15525777600048257,0.07762888800024129,188606350.49499997,1.0,2021-12,2021-12,0.622,0.012286,0.852274
3,C3 Hybrid,2021-12,2021-12-31,P_selected,SBM,0.0006183553898984065,NEUTRAL,-0.059303858796850614,-0.059303858796850614,-0.029651929398425307,4745425.5,1.0,2021-12,2021-12,0.622,0.012286,0.852274
3,C3 Hybrid,2021-12,2021-12-31,P_selected,DHO,0.0005894822846576047,NEUTRAL,-0.17307592507935474,-0.17307592507935474,-0.08653796253967737,67977.7905,0.05154616258979754,2021-12,2021-12,0.622,0.012286,0.852274
3,C3 Hybrid,2021-12,2021-12-31,P_selected,RDS,0.00047516213464753244,BUY,0.722350740128632,0.722350740128632,0.722350740128632,211629.95349999997,0.35116534282307754,2021-12,2021-12,0.622,0.012286,0.852274
3,C3 Hybrid,2021-12,2021-12-31,P_selected,ADH,0.00037961701543864516,NEUTRAL,-0.08829254439872919,-0.08829254439872919,-0.044146272199364595,3641710.006500001,1.0,2021-12,2021-12,0.622,0.012286,0.852274
3,C3 Hybrid,2021-12,2021-12-31,P_selected,BCI,0.0002624210814941652,NEUTRAL,0.016583707939880406,0.016583707939880406,0.008291853969940203,1678261.155,0.9999999998810334,2021-12,2021-12,0.622,0.012286,0.852274
3,C3 Hybrid,2021-12,2021-12-31,P_selected,COL,0.00017943328864953676,NEUTRAL,0.188087384837163,0.188087384837163,0.0940436924185815,83438.426,0.06507139088476414,2021-12,2021-12,0.622,0.012286,0.852274
3,C3 Hybrid,2022-01,2022-01-31,P_selected,ARD,0.1,BUY,0.27128672759378364,0.27128672759378364,0.27128672759378364,5877236.5600000005,1.0,2022-01,2022-01,0.8304,0.011823,0.682979
3,C3 Hybrid,2022-01,2022-01-31,P_selected,BOA,0.1,NEUTRAL,0.10833290629391061,0.10833290629391061,0.054166453146955305,15766261.892500002,1.0,2022-01,2022-01,0.8304,0.011823,0.682979
3,C3 Hybrid,2022-01,2022-01-31,P_selected,MOX,0.1,BUY,1.99169522792758,1.99169522792758,1.99169522792758,14657.249999999996,0.022632318756777937,2022-01,2022-01,0.8304,0.011823,0.682979
3,C3 Hybrid,2022-01,2022-01-31,P_selected,SOT,0.1,BUY,0.40908896041639553,0.40908896041639553,0.40908896041639553,11055656.95,1.0,2022-01,2022-01,0.8304,0.011823,0.682979
3,C3 Hybrid,2022-01,2022-01-31,P_selected,TQM,0.0913976998316873,BUY,0.46736009484356106,0.46736009484356106,0.46736009484356106,1443315.2,0.9999999948949889,2022-01,2022-01,0.8304,0.011823,0.682979
3,C3 Hybrid,2022-01,2022-01-31,P_selected,CSR,0.08748664840744204,BUY,0.65948765982972,0.65948765982972,0.65948765982972,7426622.365,1.0,2022-01,2022-01,0.8304,0.011823,0.682979
3,C3 Hybrid,2022-01,2022-01-31,P_selected,MDP,0.08499674712865027,BUY,2.125259926161408,2.125259926161408,2.125259926161408,300820.79850000015,0.6927766778029053,2022-01,2022-01,0.8304,0.011823,0.682979
3,C3 Hybrid,2022-01,2022-01-31,P_selected,SLF,0.07313745525294196,BUY,0.4795813022543516,0.4795813022543516,0.4795813022543516,2454338.425,0.9999999999999996,2022-01,2022-01,0.8304,0.011823,0.682979
3,C3 Hybrid,2022-01,2022-01-31,P_selected,GAZ,0.06413518389970703,BUY,0.4961886411601315,0.4961886411601315,0.4961886411601315,327471.35,0.7754842130351951,2022-01,2022-01,0.8304,0.011823,0.682979
3,C3 Hybrid,2022-01,2022-01-31,P_selected,EQD,0.052744075563730064,BUY,0.30388349081997523,0.30388349081997523,0.30388349081997523,430665.3,0.9473820336774851,2022-01,2022-01,0.8304,0.011823,0.682979
3,C3 Hybrid,2022-01,2022-01-31,P_selected,DWY,0.043864097111848535,BUY,0.4808693738326364,0.4808693738326364,0.4808693738326364,1119749.4699999995,0.9999990955984878,2022-01,2022-01,0.8304,0.011823,0.682979
3,C3 Hybrid,2022-01,2022-01-31,P_selected,TMA,0.027575858399122147,NEUTRAL,-0.02452532513237421,-0.02452532513237421,-0.012262662566187105,320007.7875,0.7540118277381122,2022-01,2022-01,0.8304,0.011823,0.682979
3,C3 Hybrid,2022-01,2022-01-31,P_selected,LBV,0.024660823194642387,BUY,0.3858068689490043,0.3858068689490043,0.3858068689490043,9005664.5,1.0,2022-01,2022-01,0.8304,0.011823,0.682979
3,C3 Hybrid,2022-01,2022-01-31,P_selected,INV,0.01508302321512478,BUY,0.7272907095024398,0.7272907095024398,0.7272907095024398,31225.752500000002,0.029301194131725706,2022-01,2022-01,0.8304,0.011823,0.682979
3,C3 Hybrid,2022-01,2022-01-31,P_selected,BCP,0.008633442855034907,BUY,0.2350501455154722,0.2350501455154722,0.2350501455154722,12349372.2625,1.0,2022-01,2022-01,0.8304,0.011823,0.682979
3,C3 Hybrid,2022-01,2022-01-31,P_selected,ATW,0.008278445924831398,BUY,0.2566975729954169,0.2566975729954169,0.2566975729954169,21898173.115000002,1.0,2022-01,2022-01,0.8304,0.011823,0.682979
3,C3 Hybrid,2022-01,2022-01-31,P_selected,CDM,0.008126317046001216,NEUTRAL,-0.009936661918966527,-0.009936661918966527,-0.004968330959483264,278550.58999999997,0.6122570142485553,2022-01,2022-01,0.8304,0.011823,0.682979
3,C3 Hybrid,2022-01,2022-01-31,P_selected,SNP,0.001633667213414986,NEUTRAL,0.17647107208503343,0.17647107208503343,0.08823553604251672,3479388.405,1.0,2022-01,2022-01,0.8304,0.011823,0.682979
3,C3 Hybrid,2022-01,2022-01-31,P_selected,AGM,0.0011081238279929558,NEUTRAL,0.138326640506587,0.138326640506587,0.0691633202532935,12222.5,0.021786445376801414,2022-01,2022-01,0.8304,0.011823,0.682979
3,C3 Hybrid,2022-01,2022-01-31,P_selected,IMO,0.00104100899250031,NEUTRAL,0.05823123912597569,0.05823123912597569,0.029115619562987846,1096795.1875,0.999998694238687,2022-01,2022-01,0.8304,0.011823,0.682979
3,C3 Hybrid,2022-01,2022-01-31,P_selected,CIH,0.0009569661804191412,BUY,0.405574674654484,0.405574674654484,0.405574674654484,1633869.965,0.9999999997579603,2022-01,2022-01,0.8304,0.011823,0.682979
3,C3 Hybrid,2022-01,2022-01-31,P_selected,COL,0.0008374871437825455,NEUTRAL,-0.21820854035339707,-0.21820854035339707,-0.10910427017669853,135599.10749999998,0.1381889280330778,2022-01,2022-01,0.8304,0.011823,0.682979
3,C3 Hybrid,2022-01,2022-01-31,P_selected,RIS,0.0007877310098418391,NEUTRAL,-0.17042896103073624,-0.17042896103073624,-0.08521448051536812,119659.73500000002,0.11051963452648146,2022-01,2022-01,0.8304,0.011823,0.682979
3,C3 Hybrid,2022-01,2022-01-31,P_selected,HPS,0.000675232544499636,BUY,0.2353956417382204,0.2353956417382204,0.2353956417382204,1441962.715,0.9999999947833136,2022-01,2022-01,0.8304,0.011823,0.682979
3,C3 Hybrid,2022-01,2022-01-31,P_selected,IBC,0.00047921492107185805,BUY,0.4491247843408672,0.4491247843408672,0.4491247843408672,11702.024999999996,0.021609674252783,2022-01,2022-01,0.8304,0.011823,0.682979
3,C3 Hybrid,2022-01,2022-01-31,P_selected,S2M,0.0004623987708910301,NEUTRAL,-0.19097115386408844,-0.19097115386408844,-0.09548557693204422,3770.0800000000004,0.01908321043978416,2022-01,2022-01,0.8304,0.011823,0.682979
3,C3 Hybrid,2022-01,2022-01-31,P_selected,ALM,0.0004489535196223861,NEUTRAL,-0.16887292329668893,-0.16887292329668893,-0.08443646164834447,74034.25,0.05649486810377927,2022-01,2022-01,0.8304,0.011823,0.682979
3,C3 Hybrid,2022-01,2022-01-31,P_selected,MSA,0.0003516211901707325,BUY,0.3377843693430265,0.3377843693430265,0.3377843693430265,5762728.140000001,1.0,2022-01,2022-01,0.8304,0.011823,0.682979
3,C3 Hybrid,2022-01,2022-01-31,P_selected,CMT,0.00025536839955005565,NEUTRAL,0.1978986663576135,0.1978986663576135,0.09894933317880675,1382143.7,0.9999999864149949,2022-01,2022-01,0.8304,0.011823,0.682979
3,C3 Hybrid,2022-01,2022-01-31,P_selected,ATL,0.00023616837649183403,BUY,0.2982234411129855,0.2982234411129855,0.2982234411129855,1140649.815,0.9999993526622717,2022-01,2022-01,0.8304,0.011823,0.682979
3,C3 Hybrid,2022-01,2022-01-31,P_selected,SID,0.00016973337687204684,NEUTRAL,0.051882774255823244,0.051882774255823244,0.025941387127911622,6209813.92,1.0,2022-01,2022-01,0.8304,0.011823,0.682979
3,C3 Hybrid,2022-01,2022-01-31,P_selected,OUL,0.0001680180318337979,NEUTRAL,-0.07091368043045962,-0.07091368043045962,-0.03545684021522981,2042.85,0.018572714219062536,2022-01,2022-01,0.8304,0.011823,0.682979
3,C3 Hybrid,2022-01,2022-01-31,P_selected,SBM,0.0001236203500674498,BUY,0.26022958030895926,0.26022958030895926,0.26022958030895926,549954.65,0.9918315523332385,2022-01,2022-01,0.8304,0.011823,0.682979
3,C3 Hybrid,2022-02,2022-02-28,P_selected,ARD,0.1,BUY,0.39112263698392435,0.39112263698392435,0.39112263698392435,6091240.0375,1.0,2022-02,2022-02,0.6635,0.01022,0.780086
3,C3 Hybrid,2022-02,2022-02-28,P_selected,GAZ,0.1,BUY,0.8985755685874907,0.8985755685874907,0.8985755685874907,532671.45,0.9892574614759452,2022-02,2022-02,0.6635,0.01022,0.780086
3,C3 Hybrid,2022-02,2022-02-28,P_selected,MOX,0.1,BUY,2.868769454029189,2.868769454029189,2.868769454029189,13674.072499999998,0.022286951671317102,2022-02,2022-02,0.6635,0.01022,0.780086
3,C3 Hybrid,2022-02,2022-02-28,P_selected,PRO,0.1,BUY,0.38109225850158757,0.38109225850158757,0.38109225850158757,16044.9,0.023128678377343344,2022-02,2022-02,0.6635,0.01022,0.780086
3,C3 Hybrid,2022-02,2022-02-28,P_selected,SOT,0.1,NEUTRAL,0.15174319732742286,0.15174319732742286,0.07587159866371143,19020863.05,1.0,2022-02,2022-02,0.6635,0.01022,0.780086
3,C3 Hybrid,2022-02,2022-02-28,P_selected,ATL,0.08071353695930726,BUY,0.6783215186864104,0.6783215186864104,0.6783215186864104,3569535.715,1.0,2022-02,2022-02,0.6635,0.01022,0.780086
3,C3 Hybrid,2022-02,2022-02-28,P_selected,TMA,0.08039689302262536,BUY,0.3961372463637379,0.3961372463637379,0.3961372463637379,1539045.73125,0.9999999988964479,2022-02,2022-02,0.6635,0.01022,0.780086
3,C3 Hybrid,2022-02,2022-02-28,P_selected,SLF,0.07367993250595782,BUY,0.7850277159884232,0.7850277159884232,0.7850277159884232,568779.3,0.9939430214747238,2022-02,2022-02,0.6635,0.01022,0.780086
3,C3 Hybrid,2022-02,2022-02-28,P_selected,BAL,0.06926635134961388,BUY,0.8731882639811125,0.8731882639811125,0.8731882639811125,235.10250000000002,0.018052771312339625,2022-02,2022-02,0.6635,0.01022,0.780086
3,C3 Hybrid,2022-02,2022-02-28,P_selected,EQD,0.05175896525349461,BUY,0.4158871133047637,0.4158871133047637,0.4158871133047637,291239.9,0.6592240863187823,2022-02,2022-02,0.6635,0.01022,0.780086
3,C3 Hybrid,2022-02,2022-02-28,P_selected,TQM,0.04994942484482442,BUY,0.9201697765048865,0.9201697765048865,0.9201697765048865,2162619.1,0.9999999999999487,2022-02,2022-02,0.6635,0.01022,0.780086
3,C3 Hybrid,2022-02,2022-02-28,P_selected,IBC,0.024382833370036397,BUY,0.37804343143867036,0.37804343143867036,0.37804343143867036,4978.089999999995,0.019448398207269103,2022-02,2022-02,0.6635,0.01022,0.780086
3,C3 Hybrid,2022-02,2022-02-28,P_selected,MDP,0.017602646220259244,BUY,1.3869547904841752,1.3869547904841752,1.3869547904841752,204319.3850000001,0.3249994885367841,2022-02,2022-02,0.6635,0.01022,0.780086
3,C3 Hybrid,2022-02,2022-02-28,P_selected,INV,0.012441044430396671,BUY,0.796187958025337,0.796187958025337,0.796187958025337,33488.1275,0.030348490456690844,2022-02,2022-02,0.6635,0.01022,0.780086
3,C3 Hybrid,2022-02,2022-02-28,P_selected,DWY,0.006840732329455941,BUY,0.28478091433827757,0.28478091433827757,0.28478091433827757,880043.7099999996,0.9999581216361058,2022-02,2022-02,0.6635,0.01022,0.780086
3,C3 Hybrid,2022-02,2022-02-28,P_selected,IMO,0.005318580152641597,NEUTRAL,-0.02487569647871299,-0.02487569647871299,-0.012437848239356494,2747670.0524999998,1.0,2022-02,2022-02,0.6635,0.01022,0.780086
3,C3 Hybrid,2022-02,2022-02-28,P_selected,MNG,0.004984546430200109,NEUTRAL,-0.2223705690544147,-0.2223705690544147,-0.11118528452720736,11403244.7,1.0,2022-02,2022-02,0.6635,0.01022,0.780086
3,C3 Hybrid,2022-02,2022-02-28,P_selected,SNP,0.004535455651204258,NEUTRAL,0.15348646340118505,0.15348646340118505,0.07674323170059252,3813367.19,1.0,2022-02,2022-02,0.6635,0.01022,0.780086
3,C3 Hybrid,2022-02,2022-02-28,P_selected,CTM,0.003783357753229725,NEUTRAL,0.14556795456561822,0.14556795456561822,0.07278397728280911,13514.820000000002,0.022231496790836202,2022-02,2022-02,0.6635,0.01022,0.780086
3,C3 Hybrid,2022-02,2022-02-28,P_selected,MUT,0.003369025132913395,NEUTRAL,-0.10444935132676748,-0.10444935132676748,-0.05222467566338374,7200786.2075000005,1.0,2022-02,2022-02,0.6635,0.01022,0.780086
3,C3 Hybrid,2022-02,2022-02-28,P_selected,BOA,0.0031085234794891625,NEUTRAL,0.18311085692687717,0.18311085692687717,0.09155542846343859,3653751.475,1.0,2022-02,2022-02,0.6635,0.01022,0.780086
3,C3 Hybrid,2022-02,2022-02-28,P_selected,LHM,0.001519006837535054,BUY,0.24739108531074083,0.24739108531074083,0.24739108531074083,6933022.7,1.0,2022-02,2022-02,0.6635,0.01022,0.780086
3,C3 Hybrid,2022-02,2022-02-28,P_selected,MSA,0.001350106077165586,NEUTRAL,0.18338666692475933,0.18338666692475933,0.09169333346237966,5576272.272499999,1.0,2022-02,2022-02,0.6635,0.01022,0.780086
3,C3 Hybrid,2022-02,2022-02-28,P_selected,MLE,0.0012440108502903445,NEUTRAL,-0.06587308993050023,-0.06587308993050023,-0.032936544965250114,309.745,0.018073954347174702,2022-02,2022-02,0.6635,0.01022,0.780086
3,C3 Hybrid,2022-02,2022-02-28,P_selected,SBM,0.0011352564777284086,NEUTRAL,0.043406599666375126,0.043406599666375126,0.021703299833187563,1629677.65,0.9999999997411682,2022-02,2022-02,0.6635,0.01022,0.780086
3,C3 Hybrid,2022-02,2022-02-28,P_selected,CDM,0.0009957234367164503,NEUTRAL,-0.11250784668147237,-0.11250784668147237,-0.05625392334073619,75892.15,0.058100429476909986,2022-02,2022-02,0.6635,0.01022,0.780086
3,C3 Hybrid,2022-02,2022-02-28,P_selected,LBV,0.0005707605160528436,NEUTRAL,0.04675441142858425,0.04675441142858425,0.023377205714292124,4896813.6,1.0,2022-02,2022-02,0.6635,0.01022,0.780086
3,C3 Hybrid,2022-02,2022-02-28,P_selected,ATH,0.0005019372851280528,NEUTRAL,-0.09575625659899487,-0.09575625659899487,-0.04787812829949743,407567.7450000001,0.9256067268287654,2022-02,2022-02,0.6635,0.01022,0.780086
3,C3 Hybrid,2022-02,2022-02-28,P_selected,HPS,0.00018248627060720246,BUY,0.3296591995168111,0.3296591995168111,0.3296591995168111,3158409.04,1.0,2022-02,2022-02,0.6635,0.01022,0.780086
3,C3 Hybrid,2022-02,2022-02-28,P_selected,COL,0.0001339421643297627,NEUTRAL,-0.19826935598744802,-0.19826935598744802,-0.09913467799372401,41047.066,0.03411699904691787,2022-02,2022-02,0.6635,0.01022,0.780086
3,C3 Hybrid,2022-02,2022-02-28,P_selected,CMT,0.00011807060634964566,NEUTRAL,0.21329264260058695,0.21329264260058695,0.10664632130029347,809457.95,0.9998704516978373,2022-02,2022-02,0.6635,0.01022,0.780086
3,C3 Hybrid,2022-03,2022-03-31,P_selected,BAL,0.1,BUY,0.4349044139898979,0.4349044139898979,0.4349044139898979,459.5,0.018116527405625416,2022-03,2022-03,0.7862,0.009455,0.590353
3,C3 Hybrid,2022-03,2022-03-31,P_selected,ARD,0.09158516098666586,BUY,0.41769392985572695,0.41769392985572695,0.41769392985572695,2035963.1975000002,0.999999999999611,2022-03,2022-03,0.7862,0.009455,0.590353
3,C3 Hybrid,2022-03,2022-03-31,P_selected,SOT,0.0745204497156322,NEUTRAL,-0.04838643974282289,-0.04838643974282289,-0.024193219871411445,4983071.85,1.0,2022-03,2022-03,0.7862,0.009455,0.590353
3,C3 Hybrid,2022-03,2022-03-31,P_selected,SLF,0.06981340622503532,BUY,0.4342460156697275,0.4342460156697275,0.4342460156697275,655419.01,0.9984787555511124,2022-03,2022-03,0.7862,0.009455,0.590353
3,C3 Hybrid,2022-03,2022-03-31,P_selected,TMA,0.0632783253547791,BUY,0.6569673088677934,0.6569673088677934,0.6569673088677934,1336361.23125,0.9999999717389053,2022-03,2022-03,0.7862,0.009455,0.590353
3,C3 Hybrid,2022-03,2022-03-31,P_selected,SBM,0.061661093247648235,BUY,0.2762443979425563,0.2762443979425563,0.2762443979425563,1201782.8,0.999999756591575,2022-03,2022-03,0.7862,0.009455,0.590353
3,C3 Hybrid,2022-03,2022-03-31,P_selected,SID,0.060072138800304035,BUY,0.6998075998163471,0.6998075998163471,0.6998075998163471,5048978.779999999,1.0,2022-03,2022-03,0.7862,0.009455,0.590353
3,C3 Hybrid,2022-03,2022-03-31,P_selected,ATL,0.05873732596033532,BUY,1.0978232513587698,1.0978232513587698,1.0978232513587698,1409552.34,0.9999999912379632,2022-03,2022-03,0.7862,0.009455,0.590353
3,C3 Hybrid,2022-03,2022-03-31,P_selected,TQM,0.05818287348075706,BUY,1.2642274211751265,1.2642274211751265,1.2642274211751265,965529.0,0.9999893342689932,2022-03,2022-03,0.7862,0.009455,0.590353
3,C3 Hybrid,2022-03,2022-03-31,P_selected,MOX,0.05586417848676533,BUY,1.036165992256172,1.036165992256172,1.036165992256172,726.4199999999971,0.01819265288438592,2022-03,2022-03,0.7862,0.009455,0.590353
3,C3 Hybrid,2022-03,2022-03-31,P_selected,DWY,0.05424481137373915,BUY,1.2672363075348023,1.2672363075348023,1.2672363075348023,1982437.6649999998,0.9999999999990843,2022-03,2022-03,0.7862,0.009455,0.590353
3,C3 Hybrid,2022-03,2022-03-31,P_selected,GAZ,0.052991324325227816,BUY,1.196342793003755,1.196342793003755,1.196342793003755,2594107.0,1.0,2022-03,2022-03,0.7862,0.009455,0.590353
3,C3 Hybrid,2022-03,2022-03-31,P_selected,IMO,0.04160680205590903,BUY,0.49211171074812826,0.49211171074812826,0.49211171074812826,711497.3724999999,0.9993792479957034,2022-03,2022-03,0.7862,0.009455,0.590353
3,C3 Hybrid,2022-03,2022-03-31,P_selected,NEJ,0.030331021241655477,NEUTRAL,0.019090452859756635,0.019090452859756635,0.009545226429878317,30747.55,0.02908435470134861,2022-03,2022-03,0.7862,0.009455,0.590353
3,C3 Hybrid,2022-03,2022-03-31,P_selected,TGC,0.028926808195941456,NEUTRAL,0.20794233498125786,0.20794233498125786,0.10397116749062893,3514323.7475,1.0,2022-03,2022-03,0.7862,0.009455,0.590353
3,C3 Hybrid,2022-03,2022-03-31,P_selected,MAB,0.018965798826312233,BUY,0.31969261224149453,0.31969261224149453,0.31969261224149453,37091.955,0.03209204794582468,2022-03,2022-03,0.7862,0.009455,0.590353
3,C3 Hybrid,2022-03,2022-03-31,P_selected,LBV,0.01812119863449373,BUY,0.3379524169979873,0.3379524169979873,0.3379524169979873,4373044.05,1.0,2022-03,2022-03,0.7862,0.009455,0.590353
3,C3 Hybrid,2022-03,2022-03-31,P_selected,BOA,0.015388512429322194,BUY,0.5049041226086514,0.5049041226086514,0.5049041226086514,4014839.95,1.0,2022-03,2022-03,0.7862,0.009455,0.590353
3,C3 Hybrid,2022-03,2022-03-31,P_selected,MNG,0.014854977366850913,NEUTRAL,0.19410553630925215,0.19410553630925215,0.09705276815462607,30297693.85,1.0,2022-03,2022-03,0.7862,0.009455,0.590353
3,C3 Hybrid,2022-03,2022-03-31,P_selected,IBC,0.007276516480807913,BUY,0.32358117631388733,0.32358117631388733,0.32358117631388733,2066.0029999999942,0.01857946786384317,2022-03,2022-03,0.7862,0.009455,0.590353
3,C3 Hybrid,2022-03,2022-03-31,P_selected,MSA,0.006576808748318717,BUY,0.32291664949852067,0.32291664949852067,0.32291664949852067,4516602.715000001,1.0,2022-03,2022-03,0.7862,0.009455,0.590353
3,C3 Hybrid,2022-03,2022-03-31,P_selected,CDM,0.004120074985964993,NEUTRAL,0.07745875773914995,0.07745875773914995,0.038729378869574976,49131.725,0.0386462612063239,2022-03,2022-03,0.7862,0.009455,0.590353
3,C3 Hybrid,2022-03,2022-03-31,P_selected,CTM,0.00402670993052646,NEUTRAL,0.1383779337776672,0.1383779337776672,0.0691889668888336,334822.19,0.7952969281009562,2022-03,2022-03,0.7862,0.009455,0.590353
3,C3 Hybrid,2022-03,2022-03-31,P_selected,BCP,0.00254088887781853,NEUTRAL,-0.12960571170527535,-0.12960571170527535,-0.06480285585263768,6361417.735,1.0,2022-03,2022-03,0.7862,0.009455,0.590353
3,C3 Hybrid,2022-03,2022-03-31,P_selected,SNP,0.001743977341655821,BUY,0.39552346289625884,0.39552346289625884,0.39552346289625884,1558134.7999999996,0.9999999991868918,2022-03,2022-03,0.7862,0.009455,0.590353
3,C3 Hybrid,2022-03,2022-03-31,P_selected,LHM,0.0014379855326192292,BUY,0.49084974353057603,0.49084974353057603,0.49084974353057603,4718598.45,1.0,2022-03,2022-03,0.7862,0.009455,0.590353
3,C3 Hybrid,2022-03,2022-03-31,P_selected,CMT,0.0005643164147185896,NEUTRAL,0.08942660474425404,0.08942660474425404,0.04471330237212702,1031210.95,0.9999962710315927,2022-03,2022-03,0.7862,0.009455,0.590353
3,C3 Hybrid,2022-03,2022-03-31,P_selected,MDP,0.000456391117461899,NEUTRAL,0.13505110539307824,0.13505110539307824,0.06752555269653912,276790.25050000014,0.6055498236201543,2022-03,2022-03,0.7862,0.009455,0.590353
3,C3 Hybrid,2022-03,2022-03-31,P_selected,CSR,0.00042604861441546013,NEUTRAL,0.05124433063463403,0.05124433063463403,0.025622165317317015,3473115.3425,1.0,2022-03,2022-03,0.7862,0.009455,0.590353
3,C3 Hybrid,2022-03,2022-03-31,P_selected,MIC,0.000409179171182727,NEUTRAL,-0.03441527949498911,-0.03441527949498911,-0.017207639747494556,458698.1950000004,0.9657484348694101,2022-03,2022-03,0.7862,0.009455,0.590353
3,C3 Hybrid,2022-03,2022-03-31,P_selected,ADH,0.0003373949961186487,NEUTRAL,-0.19601810168524864,-0.19601810168524864,-0.09800905084262432,5163236.230000001,1.0,2022-03,2022-03,0.7862,0.009455,0.590353
3,C3 Hybrid,2022-03,2022-03-31,P_selected,PRO,0.0002982719949076053,NEUTRAL,-0.16673590292705415,-0.16673590292705415,-0.08336795146352707,576.5,0.018149857195093076,2022-03,2022-03,0.7862,0.009455,0.590353
3,C3 Hybrid,2022-03,2022-03-31,P_selected,SRM,0.0001246469063444699,NEUTRAL,-0.14906997643592676,-0.14906997643592676,-0.07453498821796338,1048.9950000000003,0.018285070197931592,2022-03,2022-03,0.7862,0.009455,0.590353
3,C3 Hybrid,2022-03,2022-03-31,P_selected,COL,0.00010686489426091381,NEUTRAL,0.09790124644521964,0.09790124644521964,0.04895062322260982,163223.03999999998,0.19965829937337823,2022-03,2022-03,0.7862,0.009455,0.590353
3,C3 Hybrid,2022-04,2022-04-29,P_selected,CDM,0.1,BUY,1.0418238838862646,1.0418238838862646,1.0418238838862646,498310.45499999996,0.9815300452405266,2022-04,2022-04,0.746,0.008398,0.622301
3,C3 Hybrid,2022-04,2022-04-29,P_selected,MAB,0.1,BUY,0.5488108463252869,0.5488108463252869,0.5488108463252869,9629.0,0.020919420685615857,2022-04,2022-04,0.746,0.008398,0.622301
3,C3 Hybrid,2022-04,2022-04-29,P_selected,SOT,0.07307020211354867,BUY,0.470340397716296,0.470340397716296,0.470340397716296,2024656.1,0.9999999999995339,2022-04,2022-04,0.746,0.008398,0.622301
3,C3 Hybrid,2022-04,2022-04-29,P_selected,TGC,0.07247913785079432,BUY,0.4664374672255147,0.4664374672255147,0.4664374672255147,1481651.9474999998,0.9999999972355693,2022-04,2022-04,0.746,0.008398,0.622301
3,C3 Hybrid,2022-04,2022-04-29,P_selected,GAZ,0.06215578830713519,BUY,1.2436702929893375,1.2436702929893375,1.2436702929893375,1344890.25,0.9999999753439622,2022-04,2022-04,0.746,0.008398,0.622301
3,C3 Hybrid,2022-04,2022-04-29,P_selected,MNG,0.058631154083054075,BUY,0.6975479646410916,0.6975479646410916,0.6975479646410916,24805830.2,1.0,2022-04,2022-04,0.746,0.008398,0.622301
3,C3 Hybrid,2022-04,2022-04-29,P_selected,ARD,0.05715076253060128,BUY,0.4273783110500856,0.4273783110500856,0.4273783110500856,199562.1675,0.3085290107181765,2022-04,2022-04,0.746,0.008398,0.622301
3,C3 Hybrid,2022-04,2022-04-29,P_selected,BOA,0.05485082698459281,BUY,0.9967327679737578,0.9967327679737578,0.9967327679737578,1620564.6,0.999999999700538,2022-04,2022-04,0.746,0.008398,0.622301
3,C3 Hybrid,2022-04,2022-04-29,P_selected,LBV,0.05302899410493145,BUY,0.4286142858907315,0.4286142858907315,0.4286142858907315,4575444.1,1.0,2022-04,2022-04,0.746,0.008398,0.622301
3,C3 Hybrid,2022-04,2022-04-29,P_selected,CMT,0.05147108605530819,BUY,0.5624265469605856,0.5624265469605856,0.5624265469605856,2380697.25,0.9999999999999984,2022-04,2022-04,0.746,0.008398,0.622301
3,C3 Hybrid,2022-04,2022-04-29,P_selected,ATL,0.04738770615297923,BUY,1.134487056664615,1.134487056664615,1.134487056664615,1851268.9975,0.9999999999925313,2022-04,2022-04,0.746,0.008398,0.622301
3,C3 Hybrid,2022-04,2022-04-29,P_selected,BAL,0.04596037995419598,BUY,0.33106363422939833,0.33106363422939833,0.33106363422939833,4656.74,0.019350588965772575,2022-04,2022-04,0.746,0.008398,0.622301
3,C3 Hybrid,2022-04,2022-04-29,P_selected,RIS,0.03863574794316311,BUY,0.6936458075498966,0.6936458075498966,0.6936458075498966,794468.8025,0.9998353462061255,2022-04,2022-04,0.746,0.008398,0.622301
3,C3 Hybrid,2022-04,2022-04-29,P_selected,CTM,0.030443138432664118,BUY,0.3732264777981279,0.3732264777981279,0.3732264777981279,33005.295,0.030121976879574727,2022-04,2022-04,0.746,0.008398,0.622301
3,C3 Hybrid,2022-04,2022-04-29,P_selected,TMA,0.02815234338006966,BUY,0.44657876443795874,0.44657876443795874,0.44657876443795874,233074.06875,0.4327070492209625,2022-04,2022-04,0.746,0.008398,0.622301
3,C3 Hybrid,2022-04,2022-04-29,P_selected,DWY,0.027916029863053415,BUY,0.4303312680340864,0.4303312680340864,0.4303312680340864,1151077.6449999996,0.9999994521382527,2022-04,2022-04,0.746,0.008398,0.622301
3,C3 Hybrid,2022-04,2022-04-29,P_selected,BCP,0.02589199559826583,NEUTRAL,0.04636372361955489,0.04636372361955489,0.023181861809777445,4477244.8149999995,1.0,2022-04,2022-04,0.746,0.008398,0.622301
3,C3 Hybrid,2022-04,2022-04-29,P_selected,SBM,0.01484445362563591,NEUTRAL,0.004245683472158479,0.004245683472158479,0.0021228417360792395,382687.45,0.8931185642698406,2022-04,2022-04,0.746,0.008398,0.622301
3,C3 Hybrid,2022-04,2022-04-29,P_selected,TQM,0.007186366372189609,BUY,0.6591842965954404,0.6591842965954404,0.6591842965954404,429422.4,0.9463818447033336,2022-04,2022-04,0.746,0.008398,0.622301
3,C3 Hybrid,2022-04,2022-04-29,P_selected,AFM,0.0064518136423298384,NEUTRAL,-0.15314586507388311,-0.15314586507388311,-0.07657293253694156,24301.2,0.02630905427907273,2022-04,2022-04,0.746,0.008398,0.622301
3,C3 Hybrid,2022-04,2022-04-29,P_selected,LHM,0.005606214658506984,BUY,0.39806346933902836,0.39806346933902836,0.39806346933902836,5780299.25,1.0,2022-04,2022-04,0.746,0.008398,0.622301
3,C3 Hybrid,2022-04,2022-04-29,P_selected,IMO,0.005585741157374638,NEUTRAL,0.17628210191225155,0.17628210191225155,0.08814105095612577,224622.68,0.39986272500199554,2022-04,2022-04,0.746,0.008398,0.622301
3,C3 Hybrid,2022-04,2022-04-29,P_selected,M2M,0.0053808595626062905,NEUTRAL,-0.04154311904705474,-0.04154311904705474,-0.02077155952352737,36681.515,0.03188868718649972,2022-04,2022-04,0.746,0.008398,0.622301
3,C3 Hybrid,2022-04,2022-04-29,P_selected,MSA,0.00512909957245287,BUY,0.39789640402497173,0.39789640402497173,0.39789640402497173,8309529.365,1.0,2022-04,2022-04,0.746,0.008398,0.622301
3,C3 Hybrid,2022-04,2022-04-29,P_selected,SNP,0.004369719932499605,BUY,0.5118226450809528,0.5118226450809528,0.5118226450809528,1575477.9999999995,0.9999999993839224,2022-04,2022-04,0.746,0.008398,0.622301
3,C3 Hybrid,2022-04,2022-04-29,P_selected,MLE,0.003374165497720915,NEUTRAL,0.18696967725129254,0.18696967725129254,0.09348483862564627,8425.22,0.020528550185946026,2022-04,2022-04,0.746,0.008398,0.622301
3,C3 Hybrid,2022-04,2022-04-29,P_selected,BCI,0.00315028680276359,NEUTRAL,-0.0171159920739161,-0.0171159920739161,-0.00855799603695805,1190643.0899999999,0.9999997091010064,2022-04,2022-04,0.746,0.008398,0.622301
3,C3 Hybrid,2022-04,2022-04-29,P_selected,SID,0.003026725542286215,BUY,0.5480428461189825,0.5480428461189825,0.5480428461189825,5159598.18,1.0,2022-04,2022-04,0.746,0.008398,0.622301
3,C3 Hybrid,2022-04,2022-04-29,P_selected,ATH,0.0027379863972506117,NEUTRAL,0.04413393386526886,0.04413393386526886,0.02206696693263443,284726.7130000001,0.6354402044666908,2022-04,2022-04,0.746,0.008398,0.622301
3,C3 Hybrid,2022-04,2022-04-29,P_selected,CIH,0.0018661745545608332,NEUTRAL,0.08318640648504763,0.08318640648504763,0.041593203242523816,844499.32,0.9999260456891986,2022-04,2022-04,0.746,0.008398,0.622301
3,C3 Hybrid,2022-04,2022-04-29,P_selected,MIC,0.001560126423204586,NEUTRAL,0.20282147905764247,0.20282147905764247,0.10141073952882124,158424.55000000037,0.18767218922794246,2022-04,2022-04,0.746,0.008398,0.622301
3,C3 Hybrid,2022-04,2022-04-29,P_selected,MOX,0.0014939846860355448,NEUTRAL,0.14588305804844737,0.14588305804844737,0.07294152902422368,3746.3699999999967,0.019076110479599572,2022-04,2022-04,0.746,0.008398,0.622301
3,C3 Hybrid,2022-04,2022-04-29,P_selected,HPS,0.0003427387819883182,NEUTRAL,0.028967854798783763,0.028967854798783763,0.014483927399391881,1969703.0550000002,0.9999999999988773,2022-04,2022-04,0.746,0.008398,0.622301
3,C3 Hybrid,2022-04,2022-04-29,P_selected,JET,0.000219298622978845,BUY,0.46425313354269127,0.46425313354269127,0.46425313354269127,284647.33999999997,0.6351459582497001,2022-04,2022-04,0.746,0.008398,0.622301
3,C3 Hybrid,2022-04,2022-04-29,P_selected,IBC,0.00017314554199671995,BUY,0.7029010687456461,0.7029010687456461,0.7029010687456461,2378.539999999994,0.018670869864302744,2022-04,2022-04,0.746,0.008398,0.622301
3,C3 Hybrid,2022-04,2022-04-29,P_selected,ATW,0.00011549564101323863,NEUTRAL,0.06823585136990679,0.06823585136990679,0.03411792568495339,10460014.02,1.0,2022-04,2022-04,0.746,0.008398,0.622301
3,C3 Hybrid,2022-05,2022-05-31,P_selected,ARD,0.1,BUY,0.9030874965166258,0.9030874965166258,0.9030874965166258,2784316.995,1.0,2022-05,2022-05,0.8052,0.00995,0.572879
3,C3 Hybrid,2022-05,2022-05-31,P_selected,CDM,0.1,BUY,1.9369315967352811,1.9369315967352811,1.9369315967352811,51642.0,0.04016644282738975,2022-05,2022-05,0.8052,0.00995,0.572879
3,C3 Hybrid,2022-05,2022-05-31,P_selected,SOT,0.1,NEUTRAL,0.22410689109915033,0.22410689109915033,0.11205344554957516,464450.55,0.9686657785115104,2022-05,2022-05,0.8052,0.00995,0.572879
3,C3 Hybrid,2022-05,2022-05-31,P_selected,BOA,0.07899021446099935,BUY,0.30615933559828984,0.30615933559828984,0.30615933559828984,1656618.385,0.9999999998318045,2022-05,2022-05,0.8052,0.00995,0.572879
3,C3 Hybrid,2022-05,2022-05-31,P_selected,GAZ,0.0771770415657441,BUY,0.3965781355743572,0.3965781355743572,0.3965781355743572,951520.75,0.9999866546873268,2022-05,2022-05,0.8052,0.00995,0.572879
3,C3 Hybrid,2022-05,2022-05-31,P_selected,SID,0.07179048835174598,BUY,0.6546712772393107,0.6546712772393107,0.6546712772393107,6042727.85,1.0,2022-05,2022-05,0.8052,0.00995,0.572879
3,C3 Hybrid,2022-05,2022-05-31,P_selected,MOX,0.06335304892708433,BUY,0.6553594311257045,0.6553594311257045,0.6553594311257045,372.6049999999971,0.01809181251244848,2022-05,2022-05,0.8052,0.00995,0.572879
3,C3 Hybrid,2022-05,2022-05-31,P_selected,DHO,0.05744736746421503,BUY,0.44126707627037354,0.44126707627037354,0.44126707627037354,587058.0774999999,0.9954719665739085,2022-05,2022-05,0.8052,0.00995,0.572879
3,C3 Hybrid,2022-05,2022-05-31,P_selected,CMT,0.05684032195641222,NEUTRAL,0.03639192490754649,0.03639192490754649,0.018195962453773244,2231414.1,0.9999999999999829,2022-05,2022-05,0.8052,0.00995,0.572879
3,C3 Hybrid,2022-05,2022-05-31,P_selected,TGC,0.05558369903392874,BUY,0.3834343927132654,0.3834343927132654,0.3834343927132654,1479260.9475000002,0.9999999971277644,2022-05,2022-05,0.8052,0.00995,0.572879
3,C3 Hybrid,2022-05,2022-05-31,P_selected,BCI,0.04715139929743046,BUY,0.7224617913791717,0.7224617913791717,0.7224617913791717,3025386.62,1.0,2022-05,2022-05,0.8052,0.00995,0.572879
3,C3 Hybrid,2022-05,2022-05-31,P_selected,TQM,0.034043577278059234,BUY,0.5615490454234808,0.5615490454234808,0.5615490454234808,1115162.35,0.9999990267244254,2022-05,2022-05,0.8052,0.00995,0.572879
3,C3 Hybrid,2022-05,2022-05-31,P_selected,MUT,0.03235108413713281,NEUTRAL,-0.09332262347016454,-0.09332262347016454,-0.04666131173508227,760645.75,0.9997171559533301,2022-05,2022-05,0.8052,0.00995,0.572879
3,C3 Hybrid,2022-05,2022-05-31,P_selected,MNG,0.024747057742333656,NEUTRAL,0.18909309539089442,0.18909309539089442,0.09454654769544721,68112747.9,1.0,2022-05,2022-05,0.8052,0.00995,0.572879
3,C3 Hybrid,2022-05,2022-05-31,P_selected,CSR,0.022560605007354077,NEUTRAL,-0.10777612794001272,-0.10777612794001272,-0.05388806397000636,1534542.6149999998,0.9999999988140027,2022-05,2022-05,0.8052,0.00995,0.572879
3,C3 Hybrid,2022-05,2022-05-31,P_selected,ATL,0.019957415101170994,BUY,0.783548417709009,0.783548417709009,0.783548417709009,307663.9475,0.7155762909970304,2022-05,2022-05,0.8052,0.00995,0.572879
3,C3 Hybrid,2022-05,2022-05-31,P_selected,RIS,0.01619490550783604,BUY,0.37285590840664495,0.37285590840664495,0.37285590840664495,824813.7,0.9998986692395552,2022-05,2022-05,0.8052,0.00995,0.572879
3,C3 Hybrid,2022-05,2022-05-31,P_selected,IMO,0.005824110790250135,BUY,0.2690624534719979,0.2690624534719979,0.2690624534719979,290775.5825,0.6575531918585473,2022-05,2022-05,0.8052,0.00995,0.572879
3,C3 Hybrid,2022-05,2022-05-31,P_selected,INV,0.005470736182855534,BUY,1.042647100783967,1.042647100783967,1.042647100783967,2842.9449999999997,0.01880750114784886,2022-05,2022-05,0.8052,0.00995,0.572879
3,C3 Hybrid,2022-05,2022-05-31,P_selected,COL,0.004180013237761239,NEUTRAL,0.07518380105557028,0.07518380105557028,0.03759190052778514,22221.732,0.025470042853982376,2022-05,2022-05,0.8052,0.00995,0.572879
3,C3 Hybrid,2022-05,2022-05-31,P_selected,CTM,0.003836113216429952,NEUTRAL,-0.12487511286942556,-0.12487511286942556,-0.06243755643471278,9166.1,0.0207682613370461,2022-05,2022-05,0.8052,0.00995,0.572879
3,C3 Hybrid,2022-05,2022-05-31,P_selected,CIH,0.002982602117996402,NEUTRAL,0.21975084234189707,0.21975084234189707,0.10987542117094853,300523.37750000006,0.6917629138963353,2022-05,2022-05,0.8052,0.00995,0.572879
3,C3 Hybrid,2022-05,2022-05-31,P_selected,EQD,0.0028448279557617587,BUY,0.5745387376600074,0.5745387376600074,0.5745387376600074,124230.9,0.1179169551442888,2022-05,2022-05,0.8052,0.00995,0.572879
3,C3 Hybrid,2022-05,2022-05-31,P_selected,NEJ,0.0024756566693657617,NEUTRAL,0.04066728943676241,0.04066728943676241,0.020333644718381207,290.0,0.018068348477957498,2022-05,2022-05,0.8052,0.00995,0.572879
3,C3 Hybrid,2022-05,2022-05-31,P_selected,SRM,0.0024492795090223043,NEUTRAL,0.15066533774887056,0.15066533774887056,0.07533266887443528,2073.2200000000003,0.018581573528664345,2022-05,2022-05,0.8052,0.00995,0.572879
3,C3 Hybrid,2022-05,2022-05-31,P_selected,JET,0.0021889614476628986,BUY,0.6273968703940479,0.6273968703940479,0.6273968703940479,99492.9625,0.08255615842629264,2022-05,2022-05,0.8052,0.00995,0.572879
3,C3 Hybrid,2022-05,2022-05-31,P_selected,IBC,0.0018787191705245565,BUY,0.27461104242109946,0.27461104242109946,0.27461104242109946,1822.529999999994,0.018508568075884916,2022-05,2022-05,0.8052,0.00995,0.572879
3,C3 Hybrid,2022-05,2022-05-31,P_selected,DWY,0.001689049595418982,BUY,0.3639178566211105,0.3639178566211105,0.3639178566211105,2217658.4999999995,0.9999999999999787,2022-05,2022-05,0.8052,0.00995,0.572879
3,C3 Hybrid,2022-05,2022-05-31,P_selected,ATW,0.0014497404475503897,NEUTRAL,-0.016267565597299277,-0.016267565597299277,-0.008133782798649639,9090804.05,1.0,2022-05,2022-05,0.8052,0.00995,0.572879
3,C3 Hybrid,2022-05,2022-05-31,P_selected,LBV,0.0013258105724699221,NEUTRAL,0.049057801748240225,0.049057801748240225,0.024528900874120112,3674309.15,1.0,2022-05,2022-05,0.8052,0.00995,0.572879
3,C3 Hybrid,2022-05,2022-05-31,P_selected,MSA,0.0009176995057536435,BUY,0.30583490831330584,0.30583490831330584,0.30583490831330584,5983481.945,1.0,2022-05,2022-05,0.8052,0.00995,0.572879
3,C3 Hybrid,2022-05,2022-05-31,P_selected,MIC,0.0008548461211441795,NEUTRAL,0.027936331004875692,0.027936331004875692,0.013968165502437846,481611.82500000036,0.9760089099051161,2022-05,2022-05,0.8052,0.00995,0.572879
3,C3 Hybrid,2022-05,2022-05-31,P_selected,BCP,0.0004575690632693213,NEUTRAL,0.011305789819260906,0.011305789819260906,0.005652894909630453,4577307.595000001,1.0,2022-05,2022-05,0.8052,0.00995,0.572879
3,C3 Hybrid,2022-05,2022-05-31,P_selected,LHM,0.00042007193602691277,NEUTRAL,-0.1490701372536833,-0.1490701372536833,-0.07453506862684164,13347224.6,1.0,2022-05,2022-05,0.8052,0.00995,0.572879
3,C3 Hybrid,2022-05,2022-05-31,P_selected,SMI,0.00027509846836274495,NEUTRAL,0.023325405882115013,0.023325405882115013,0.011662702941057507,1311138.6,0.9999999576889536,2022-05,2022-05,0.8052,0.00995,0.572879
3,C3 Hybrid,2022-05,2022-05-31,P_selected,SLF,0.00023049854512750627,NEUTRAL,0.08032751152795577,0.08032751152795577,0.04016375576397788,80278.25,0.06206211428803161,2022-05,2022-05,0.8052,0.00995,0.572879
3,C3 Hybrid,2022-06,2022-06-30,P_selected,AFM,0.1,BUY,1.3129621442322916,1.3129621442322916,1.3129621442322916,264173.15,0.5564508923652968,2022-06,2022-06,0.9026,0.010292,0.532329
3,C3 Hybrid,2022-06,2022-06-30,P_selected,SOT,0.1,BUY,0.3562490051423948,0.3562490051423948,0.3562490051423948,3524019.9,1.0,2022-06,2022-06,0.9026,0.010292,0.532329
3,C3 Hybrid,2022-06,2022-06-30,P_selected,ARD,0.07962602916396636,BUY,0.7622283990832665,0.7622283990832665,0.7622283990832665,2867945.9025,1.0,2022-06,2022-06,0.9026,0.010292,0.532329
3,C3 Hybrid,2022-06,2022-06-30,P_selected,CMT,0.07760171824116496,BUY,0.5155226816376433,0.5155226816376433,0.5155226816376433,3984374.3,1.0,2022-06,2022-06,0.9026,0.010292,0.532329
3,C3 Hybrid,2022-06,2022-06-30,P_selected,SBM,0.06856120870047333,NEUTRAL,-0.06920006300231699,-0.06920006300231699,-0.03460003150115849,1063550.9,0.9999977773638745,2022-06,2022-06,0.9026,0.010292,0.532329
3,C3 Hybrid,2022-06,2022-06-30,P_selected,GAZ,0.058267369281387364,BUY,0.6839322557268996,0.6839322557268996,0.6839322557268996,4677292.85,1.0,2022-06,2022-06,0.9026,0.010292,0.532329
3,C3 Hybrid,2022-06,2022-06-30,P_selected,TMA,0.05668472615500224,NEUTRAL,0.19848612715929873,0.19848612715929873,0.09924306357964936,3085921.125,1.0,2022-06,2022-06,0.9026,0.010292,0.532329
3,C3 Hybrid,2022-06,2022-06-30,P_selected,MSA,0.05175614062995901,BUY,0.7843726318973809,0.7843726318973809,0.7843726318973809,6308598.1875,1.0,2022-06,2022-06,0.9026,0.010292,0.532329
3,C3 Hybrid,2022-06,2022-06-30,P_selected,BCI,0.05046303689481559,BUY,0.6394873192276499,0.6394873192276499,0.6394873192276499,7269890.592499999,1.0,2022-06,2022-06,0.9026,0.010292,0.532329
3,C3 Hybrid,2022-06,2022-06-30,P_selected,LBV,0.04531511846916102,NEUTRAL,0.14557413270424285,0.14557413270424285,0.07278706635212143,13681147.3,1.0,2022-06,2022-06,0.9026,0.010292,0.532329
3,C3 Hybrid,2022-06,2022-06-30,P_selected,ATL,0.04068603598346194,BUY,0.9304702435632333,0.9304702435632333,0.9304702435632333,2019473.6349999998,0.9999999999994937,2022-06,2022-06,0.9026,0.010292,0.532329
3,C3 Hybrid,2022-06,2022-06-30,P_selected,BOA,0.03392622651656937,BUY,0.7160849713864672,0.7160849713864672,0.7160849713864672,15686303.5275,1.0,2022-06,2022-06,0.9026,0.010292,0.532329
3,C3 Hybrid,2022-06,2022-06-30,P_selected,MNG,0.03388780338328193,BUY,0.3477046739300531,0.3477046739300531,0.3477046739300531,33236328.75,1.0,2022-06,2022-06,0.9026,0.010292,0.532329
3,C3 Hybrid,2022-06,2022-06-30,P_selected,DWY,0.032941410780210796,BUY,0.8574264978995405,0.8574264978995405,0.8574264978995405,2922014.0449999995,1.0,2022-06,2022-06,0.9026,0.010292,0.532329
3,C3 Hybrid,2022-06,2022-06-30,P_selected,IMO,0.028040227747635062,NEUTRAL,0.13752535408945507,0.13752535408945507,0.06876267704472754,979259.2149999999,0.9999914378223534,2022-06,2022-06,0.9026,0.010292,0.532329
3,C3 Hybrid,2022-06,2022-06-30,P_selected,CIH,0.027299692685995358,BUY,0.504996832000487,0.504996832000487,0.504996832000487,10534704.475,1.0,2022-06,2022-06,0.9026,0.010292,0.532329
3,C3 Hybrid,2022-06,2022-06-30,P_selected,CDM,0.017124224132688593,NEUTRAL,-0.17508372032020672,-0.17508372032020672,-0.08754186016010336,171571.04499999998,0.22185941721996733,2022-06,2022-06,0.9026,0.010292,0.532329
3,C3 Hybrid,2022-06,2022-06-30,P_selected,MUT,0.017094660030308396,BUY,0.4738661491790559,0.4738661491790559,0.4738661491790559,2933251.6224999996,1.0,2022-06,2022-06,0.9026,0.010292,0.532329
3,C3 Hybrid,2022-06,2022-06-30,P_selected,EQD,0.016991704575206698,BUY,0.4516746806809071,0.4516746806809071,0.4516746806809071,68982.75,0.052337961011241184,2022-06,2022-06,0.9026,0.010292,0.532329
3,C3 Hybrid,2022-06,2022-06-30,P_selected,ATH,0.0112687135581064,NEUTRAL,0.1531159198226954,0.1531159198226954,0.0765579599113477,770844.564,0.9997597314546991,2022-06,2022-06,0.9026,0.010292,0.532329
3,C3 Hybrid,2022-06,2022-06-30,P_selected,NKL,0.010577489296311637,BUY,0.4832142113805107,0.4832142113805107,0.4832142113805107,13450.232499999998,0.022209044596329348,2022-06,2022-06,0.9026,0.010292,0.532329
3,C3 Hybrid,2022-06,2022-06-30,P_selected,TQM,0.010169837716223831,BUY,0.515693076747249,0.515693076747249,0.515693076747249,4667687.8,1.0,2022-06,2022-06,0.9026,0.010292,0.532329
3,C3 Hybrid,2022-06,2022-06-30,P_selected,BCP,0.009986243850068053,NEUTRAL,0.07450439993661076,0.07450439993661076,0.03725219996830538,13469837.892500002,1.0,2022-06,2022-06,0.9026,0.010292,0.532329
3,C3 Hybrid,2022-06,2022-06-30,P_selected,MAB,0.006762386870678881,NEUTRAL,0.1503739308437965,0.1503739308437965,0.07518696542189825,5046.38,0.019469245969180194,2022-06,2022-06,0.9026,0.010292,0.532329
3,C3 Hybrid,2022-06,2022-06-30,P_selected,ATW,0.005106833015321608,NEUTRAL,0.13913877140819797,0.13913877140819797,0.06956938570409898,30593427.247500002,1.0,2022-06,2022-06,0.9026,0.010292,0.532329
3,C3 Hybrid,2022-06,2022-06-30,P_selected,SRM,0.003721930827303385,NEUTRAL,-0.20889105391703905,-0.20889105391703905,-0.10444552695851952,277.68750000000034,0.01806485365876634,2022-06,2022-06,0.9026,0.010292,0.532329
3,C3 Hybrid,2022-06,2022-06-30,P_selected,MDP,0.0022240813015205196,NEUTRAL,0.15433549837610913,0.15433549837610913,0.07716774918805457,163368.7720000001,0.2000311559190242,2022-06,2022-06,0.9026,0.010292,0.532329
3,C3 Hybrid,2022-06,2022-06-30,P_selected,TGC,0.0016197476410767003,NEUTRAL,-0.1572621331398249,-0.1572621331398249,-0.07863106656991245,1828019.8475000001,0.9999999999891658,2022-06,2022-06,0.9026,0.010292,0.532329
3,C3 Hybrid,2022-06,2022-06-30,P_selected,COL,0.0006869289164903265,BUY,1.0365685856437987,1.0365685856437987,1.0365685856437987,21557.4205,0.025207543899297472,2022-06,2022-06,0.9026,0.010292,0.532329
3,C3 Hybrid,2022-06,2022-06-30,P_selected,CSR,0.0004795502984599779,BUY,0.22799802993898755,0.22799802993898755,0.22799802993898755,6279543.034999999,1.0,2022-06,2022-06,0.9026,0.010292,0.532329
3,C3 Hybrid,2022-06,2022-06-30,P_selected,CTM,0.00043433045272543475,NEUTRAL,-0.04990111800708316,-0.04990111800708316,-0.02495055900354158,3790.095,0.019089205948950128,2022-06,2022-06,0.9026,0.010292,0.532329
3,C3 Hybrid,2022-06,2022-06-30,P_selected,SNP,0.0004094182680979494,BUY,0.7644036103112437,0.7644036103112437,0.7644036103112437,1529761.3349999997,0.9999999987197128,2022-06,2022-06,0.9026,0.010292,0.532329
3,C3 Hybrid,2022-07,2022-07-29,P_selected,AFM,0.1,BUY,1.4251769050536045,1.4251769050536045,1.4251769050536045,9437.35,0.020856707476770573,2022-07,2022-07,0.716,0.010777,0.685556
3,C3 Hybrid,2022-07,2022-07-29,P_selected,AGM,0.1,BUY,1.617398384998503,1.617398384998503,1.617398384998503,12425.05,0.02185561979142703,2022-07,2022-07,0.716,0.010777,0.685556
3,C3 Hybrid,2022-07,2022-07-29,P_selected,IAM,0.1,BUY,0.5536726236504702,0.5536726236504702,0.5536726236504702,7836986.1425,1.0,2022-07,2022-07,0.716,0.010777,0.685556
3,C3 Hybrid,2022-07,2022-07-29,P_selected,SMI,0.06982896319620792,BUY,0.8650413537016575,0.8650413537016575,0.8650413537016575,1292902.85,0.9999999433540677,2022-07,2022-07,0.716,0.010777,0.685556
3,C3 Hybrid,2022-07,2022-07-29,P_selected,DWY,0.06790183658209964,BUY,0.7502718584486222,0.7502718584486222,0.7502718584486222,408666.79999999964,0.926808576662978,2022-07,2022-07,0.716,0.010777,0.685556
3,C3 Hybrid,2022-07,2022-07-29,P_selected,LBV,0.06714252470859502,NEUTRAL,0.11777055901077103,0.11777055901077103,0.05888527950538552,1805915.9,0.9999999999845692,2022-07,2022-07,0.716,0.010777,0.685556
3,C3 Hybrid,2022-07,2022-07-29,P_selected,TMA,0.06014181395600621,BUY,0.37037596120398053,0.37037596120398053,0.37037596120398053,654925.8,0.9984667218513635,2022-07,2022-07,0.716,0.010777,0.685556
3,C3 Hybrid,2022-07,2022-07-29,P_selected,GAZ,0.057989636798071245,BUY,0.7638102523574029,0.7638102523574029,0.7638102523574029,614453.9,0.9970742150444568,2022-07,2022-07,0.716,0.010777,0.685556
3,C3 Hybrid,2022-07,2022-07-29,P_selected,CMT,0.05077874288903858,BUY,0.5914011954115164,0.5914011954115164,0.5914011954115164,1308147.5,0.9999999556148129,2022-07,2022-07,0.716,0.010777,0.685556
3,C3 Hybrid,2022-07,2022-07-29,P_selected,SNP,0.046845798056874076,BUY,0.47925953281668243,0.47925953281668243,0.47925953281668243,682418.4599999997,0.99901185784668,2022-07,2022-07,0.716,0.010777,0.685556
3,C3 Hybrid,2022-07,2022-07-29,P_selected,SOT,0.04673255704571737,BUY,0.25799859796130814,0.25799859796130814,0.25799859796130814,242563.3,0.47028824653370094,2022-07,2022-07,0.716,0.010777,0.685556
3,C3 Hybrid,2022-07,2022-07-29,P_selected,CIH,0.04580627686243619,NEUTRAL,0.17120652747407625,0.17120652747407625,0.08560326373703812,491903.32,0.9795768797822664,2022-07,2022-07,0.716,0.010777,0.685556
3,C3 Hybrid,2022-07,2022-07-29,P_selected,SBM,0.045206870539314416,NEUTRAL,0.12899340827805006,0.12899340827805006,0.06449670413902503,403519.25,0.9210215206114438,2022-07,2022-07,0.716,0.010777,0.685556
3,C3 Hybrid,2022-07,2022-07-29,P_selected,HPS,0.04014003012102411,BUY,0.8146609570064841,0.8146609570064841,0.8146609570064841,724613.9349999999,0.9994967011280889,2022-07,2022-07,0.716,0.010777,0.685556
3,C3 Hybrid,2022-07,2022-07-29,P_selected,ATL,0.02266464653050311,BUY,0.3314936318204619,0.3314936318204619,0.3314936318204619,236916.9825,0.4478581883507082,2022-07,2022-07,0.716,0.010777,0.685556
3,C3 Hybrid,2022-07,2022-07-29,P_selected,CTM,0.01796874468458479,BUY,1.0798271916167608,1.0798271916167608,1.0798271916167608,17547.635000000002,0.023678191020484664,2022-07,2022-07,0.716,0.010777,0.685556
3,C3 Hybrid,2022-07,2022-07-29,P_selected,TQM,0.015229653864716142,NEUTRAL,-0.07992686244981874,-0.07992686244981874,-0.03996343122490937,548711.35,0.9916687993626581,2022-07,2022-07,0.716,0.010777,0.685556
3,C3 Hybrid,2022-07,2022-07-29,P_selected,SLF,0.014726486503610978,BUY,0.4720497391312337,0.4720497391312337,0.4720497391312337,2626.2599999999998,0.01874362925390965,2022-07,2022-07,0.716,0.010777,0.685556
3,C3 Hybrid,2022-07,2022-07-29,P_selected,SID,0.013809317282880006,BUY,0.2799654726598635,0.2799654726598635,0.2799654726598635,2460851.52,0.9999999999999996,2022-07,2022-07,0.716,0.010777,0.685556
3,C3 Hybrid,2022-07,2022-07-29,P_selected,CDM,0.006008539229004795,BUY,0.285618819637966,0.285618819637966,0.285618819637966,54171.105,0.04175587873371595,2022-07,2022-07,0.716,0.010777,0.685556
3,C3 Hybrid,2022-07,2022-07-29,P_selected,MUT,0.005968033185861995,NEUTRAL,-0.035754832739651285,-0.035754832739651285,-0.017877416369825642,1334520.4625,0.9999999708941727,2022-07,2022-07,0.716,0.010777,0.685556
3,C3 Hybrid,2022-07,2022-07-29,P_selected,IMO,0.000831999261669646,NEUTRAL,0.1254587625272904,0.1254587625272904,0.0627293812636452,372838.485,0.8771178676852796,2022-07,2022-07,0.716,0.010777,0.685556
3,C3 Hybrid,2022-07,2022-07-29,P_selected,COL,0.00074674298827905,BUY,1.3340410425423408,1.3340410425423408,1.3340410425423408,26137.066,0.027072083075766255,2022-07,2022-07,0.716,0.010777,0.685556
3,C3 Hybrid,2022-07,2022-07-29,P_selected,JET,0.0007463826467241659,NEUTRAL,0.11524198089424459,0.11524198089424459,0.057620990447122294,109280.11000000002,0.09521858506957025,2022-07,2022-07,0.716,0.010777,0.685556
3,C3 Hybrid,2022-07,2022-07-29,P_selected,NKL,0.0006002922629834518,NEUTRAL,0.21323944407884704,0.21323944407884704,0.10661972203942352,3006.9145000000003,0.018855976026203498,2022-07,2022-07,0.716,0.010777,0.685556
3,C3 Hybrid,2022-07,2022-07-29,P_selected,EQD,0.00038440405587309963,NEUTRAL,-0.02510117283508216,-0.02510117283508216,-0.01255058641754108,53174.3,0.04112237037067293,2022-07,2022-07,0.716,0.010777,0.685556
3,C3 Hybrid,2022-07,2022-07-29,P_selected,MNG,0.0003322844777356787,NEUTRAL,-0.13384817770270152,-0.13384817770270152,-0.06692408885135076,37189015.2,1.0,2022-07,2022-07,0.716,0.010777,0.685556
3,C3 Hybrid,2022-07,2022-07-29,P_selected,RIS,0.0003255712139515348,BUY,0.42618877572442654,0.42618877572442654,0.42618877572442654,156606.7625,0.18327842538994554,2022-07,2022-07,0.716,0.010777,0.685556
3,C3 Hybrid,2022-07,2022-07-29,P_selected,MSA,0.00023970319583450515,NEUTRAL,0.10833932128430734,0.10833932128430734,0.05416966064215367,2894368.935,1.0,2022-07,2022-07,0.716,0.010777,0.685556
3,C3 Hybrid,2022-07,2022-07-29,P_selected,DHO,0.00021879432906896646,NEUTRAL,-0.12703602377840556,-0.12703602377840556,-0.06351801188920278,13966.1055,0.022388994781581954,2022-07,2022-07,0.716,0.010777,0.685556
3,C3 Hybrid,2022-07,2022-07-29,P_selected,ALM,0.000204336697238403,NEUTRAL,0.045232682995387755,0.045232682995387755,0.022616341497693877,157929.55,0.186467760241085,2022-07,2022-07,0.716,0.010777,0.685556
3,C3 Hybrid,2022-07,2022-07-29,P_selected,MIC,0.0001543200194156048,NEUTRAL,0.020547033150098606,0.020547033150098606,0.010273516575049303,211624.55000000037,0.3511456442287115,2022-07,2022-07,0.716,0.010777,0.685556
3,C3 Hybrid,2022-07,2022-07-29,P_selected,LHM,0.00013103488301486758,NEUTRAL,-0.22090546804569258,-0.22090546804569258,-0.11045273402284629,1873237.65,0.9999999999947449,2022-07,2022-07,0.716,0.010777,0.685556
3,C3 Hybrid,2022-08,2022-08-31,P_selected,DRI,0.1,BUY,0.23723248228742755,0.23723248228742755,0.23723248228742755,18638.75,0.02408514696195234,2022-08,2022-08,0.5866,0.008152,0.71839
3,C3 Hybrid,2022-08,2022-08-31,P_selected,LBV,0.1,BUY,1.2891626773022624,1.2891626773022624,1.2891626773022624,1197716.8,0.9999997402299603,2022-08,2022-08,0.5866,0.008152,0.71839
3,C3 Hybrid,2022-08,2022-08-31,P_selected,MLE,0.1,NEUTRAL,0.17182395349699064,0.17182395349699064,0.08591197674849532,394.5925,0.018098063122772366,2022-08,2022-08,0.5866,0.008152,0.71839
3,C3 Hybrid,2022-08,2022-08-31,P_selected,SOT,0.1,NEUTRAL,0.133739871466239,0.133739871466239,0.0668699357331195,1794795.75,0.9999999999815643,2022-08,2022-08,0.5866,0.008152,0.71839
3,C3 Hybrid,2022-08,2022-08-31,P_selected,SBM,0.08600066054629743,BUY,3.334188345258501,3.334188345258501,3.334188345258501,107355.45,0.09259843929152117,2022-08,2022-08,0.5866,0.008152,0.71839
3,C3 Hybrid,2022-08,2022-08-31,P_selected,AFM,0.07364759952475387,BUY,1.265355156858889,1.265355156858889,1.265355156858889,6571.55,0.019940602496045526,2022-08,2022-08,0.5866,0.008152,0.71839
3,C3 Hybrid,2022-08,2022-08-31,P_selected,ALM,0.0674576886029807,BUY,0.3425124070623388,0.3425124070623388,0.3425124070623388,425896.95,0.9434464270815065,2022-08,2022-08,0.5866,0.008152,0.71839
3,C3 Hybrid,2022-08,2022-08-31,P_selected,CMT,0.06583624461905528,BUY,0.4712397765697828,0.4712397765697828,0.4712397765697828,1839015.55,0.9999999999909137,2022-08,2022-08,0.5866,0.008152,0.71839
3,C3 Hybrid,2022-08,2022-08-31,P_selected,IAM,0.06308320569555817,BUY,0.49215272528134146,0.49215272528134146,0.49215272528134146,6699503.2,1.0,2022-08,2022-08,0.5866,0.008152,0.71839
3,C3 Hybrid,2022-08,2022-08-31,P_selected,TMA,0.062145004476816,BUY,0.7899109147215962,0.7899109147215962,0.7899109147215962,833279.0625,0.999911504026122,2022-08,2022-08,0.5866,0.008152,0.71839
3,C3 Hybrid,2022-08,2022-08-31,P_selected,CIH,0.06008749207600921,NEUTRAL,-0.10598487000506526,-0.10598487000506526,-0.05299243500253263,764408.9225000001,0.9997336792413946,2022-08,2022-08,0.5866,0.008152,0.71839
3,C3 Hybrid,2022-08,2022-08-31,P_selected,TQM,0.027107717229386624,BUY,0.47940475806473587,0.47940475806473587,0.47940475806473587,336671.8,0.8000727003082123,2022-08,2022-08,0.5866,0.008152,0.71839
3,C3 Hybrid,2022-08,2022-08-31,P_selected,DWY,0.021407513619283818,BUY,0.6099461688009737,0.6099461688009737,0.6099461688009737,328229.0349999996,0.7775878714719826,2022-08,2022-08,0.5866,0.008152,0.71839
3,C3 Hybrid,2022-08,2022-08-31,P_selected,IBC,0.013360261292328276,BUY,0.3319025933169239,0.3319025933169239,0.3319025933169239,153.0199999999942,0.018029504990843458,2022-08,2022-08,0.5866,0.008152,0.71839
3,C3 Hybrid,2022-08,2022-08-31,P_selected,PRO,0.013325470128127674,BUY,0.23057021986703402,0.23057021986703402,0.23057021986703402,710.9,0.018188218002565107,2022-08,2022-08,0.5866,0.008152,0.71839
3,C3 Hybrid,2022-08,2022-08-31,P_selected,CDM,0.010739790218944854,NEUTRAL,-0.044373593745953954,-0.044373593745953954,-0.022186796872976977,75008.35,0.057331395817986235,2022-08,2022-08,0.5866,0.008152,0.71839
3,C3 Hybrid,2022-08,2022-08-31,P_selected,LHM,0.008271924540718257,BUY,0.30356555135449437,0.30356555135449437,0.30356555135449437,3886337.3,1.0,2022-08,2022-08,0.5866,0.008152,0.71839
3,C3 Hybrid,2022-08,2022-08-31,P_selected,ARD,0.0076723088824374765,NEUTRAL,0.000807380968706431,0.000807380968706431,0.0004036904843532155,135970.80250000002,0.1388987120721347,2022-08,2022-08,0.5866,0.008152,0.71839
3,C3 Hybrid,2022-08,2022-08-31,P_selected,BCP,0.005607554078668263,NEUTRAL,0.09405562238815528,0.09405562238815528,0.04702781119407764,2906303.2525000004,1.0,2022-08,2022-08,0.5866,0.008152,0.71839
3,C3 Hybrid,2022-08,2022-08-31,P_selected,IMO,0.004703017108415394,BUY,0.3452305012017841,0.3452305012017841,0.3452305012017841,129486.28250000002,0.12694778775563792,2022-08,2022-08,0.5866,0.008152,0.71839
3,C3 Hybrid,2022-08,2022-08-31,P_selected,BCI,0.002478075806283131,BUY,0.319681837106452,0.319681837106452,0.319681837106452,24503.0225,0.026391901962741767,2022-08,2022-08,0.5866,0.008152,0.71839
3,C3 Hybrid,2022-08,2022-08-31,P_selected,CSR,0.0017995357855912267,BUY,0.31400953091617223,0.31400953091617223,0.31400953091617223,968974.0749999996,0.999989906261671,2022-08,2022-08,0.5866,0.008152,0.71839
3,C3 Hybrid,2022-08,2022-08-31,P_selected,ATH,0.0014670503318994785,NEUTRAL,-0.15953176521745846,-0.15953176521745846,-0.07976588260872923,169726.27500000008,0.21680564101496344,2022-08,2022-08,0.5866,0.008152,0.71839
3,C3 Hybrid,2022-08,2022-08-31,P_selected,INV,0.0008144538485787722,NEUTRAL,-0.002178380063306909,-0.002178380063306909,-0.0010891900316534545,846.8799999999999,0.01822711075993725,2022-08,2022-08,0.5866,0.008152,0.71839
3,C3 Hybrid,2022-08,2022-08-31,P_selected,MSA,0.0006644672127534557,NEUTRAL,0.19444206590578852,0.19444206590578852,0.09722103295289426,2281634.4675000003,0.9999999999999925,2022-08,2022-08,0.5866,0.008152,0.71839
3,C3 Hybrid,2022-08,2022-08-31,P_selected,GAZ,0.0004537507253831947,BUY,0.4808680242697469,0.4808680242697469,0.4808680242697469,52945.3,0.040978136675891584,2022-08,2022-08,0.5866,0.008152,0.71839
3,C3 Hybrid,2022-08,2022-08-31,P_selected,NKL,0.0004426497084171018,NEUTRAL,0.010959639106949637,0.010959639106949637,0.005479819553474818,7714.470000000001,0.02030113436389416,2022-08,2022-08,0.5866,0.008152,0.71839
3,C3 Hybrid,2022-08,2022-08-31,P_selected,ATL,0.00042390774735600337,NEUTRAL,0.2144693788527906,0.2144693788527906,0.1072346894263953,188390.8625,0.2717531011024365,2022-08,2022-08,0.5866,0.008152,0.71839
3,C3 Hybrid,2022-08,2022-08-31,P_selected,RIS,0.00038264007704887884,BUY,0.2998006697184711,0.2998006697184711,0.2998006697184711,86045.0975,0.06765520286777334,2022-08,2022-08,0.5866,0.008152,0.71839
3,C3 Hybrid,2022-08,2022-08-31,P_selected,JET,0.00030322382319561924,NEUTRAL,0.006046862979871642,0.006046862979871642,0.003023431489935821,39469.5825,0.033294982816629196,2022-08,2022-08,0.5866,0.008152,0.71839
3,C3 Hybrid,2022-08,2022-08-31,P_selected,BOA,0.00015705849581912877,NEUTRAL,0.05110023697104342,0.05110023697104342,0.02555011848552171,1006810.5125,0.9999944901530384,2022-08,2022-08,0.5866,0.008152,0.71839
3,C3 Hybrid,2022-09,2022-09-30,P_selected,AFM,0.1,BUY,1.1968481183860478,1.1968481183860478,1.1968481183860478,41296.55,0.03424878400801428,2022-09,2022-09,0.7589,0.009839,0.715956
3,C3 Hybrid,2022-09,2022-09-30,P_selected,BAL,0.1,BUY,0.5263831784855448,0.5263831784855448,0.5263831784855448,7815.530000000001,0.020333319035750485,2022-09,2022-09,0.7589,0.009839,0.715956
3,C3 Hybrid,2022-09,2022-09-30,P_selected,CDM,0.1,BUY,0.7588725959559122,0.7588725959559122,0.7588725959559122,558569.955,0.9928758787868259,2022-09,2022-09,0.7589,0.009839,0.715956
3,C3 Hybrid,2022-09,2022-09-30,P_selected,CMT,0.1,BUY,0.46097825806960796,0.46097825806960796,0.46097825806960796,1211548.0,0.9999997918003181,2022-09,2022-09,0.7589,0.009839,0.715956
3,C3 Hybrid,2022-09,2022-09-30,P_selected,CSR,0.1,BUY,3.226675875937077,3.226675875937077,3.226675875937077,5149862.425,1.0,2022-09,2022-09,0.7589,0.009839,0.715956
3,C3 Hybrid,2022-09,2022-09-30,P_selected,LES,0.08800456293183806,NEUTRAL,0.031085141020572755,0.031085141020572755,0.015542570510286378,469936.1100000006,0.9712229473136068,2022-09,2022-09,0.7589,0.009839,0.715956
3,C3 Hybrid,2022-09,2022-09-30,P_selected,IMO,0.06734261391998818,BUY,0.3507842160233896,0.3507842160233896,0.3507842160233896,641752.3600000001,0.9981076425709369,2022-09,2022-09,0.7589,0.009839,0.715956
3,C3 Hybrid,2022-09,2022-09-30,P_selected,TMA,0.06141544852607381,BUY,0.36088891747937096,0.36088891747937096,0.36088891747937096,5867011.575,1.0,2022-09,2022-09,0.7589,0.009839,0.715956
3,C3 Hybrid,2022-09,2022-09-30,P_selected,SOT,0.06069792945477012,NEUTRAL,0.047524304925192495,0.047524304925192495,0.023762152462596248,3378958.2,1.0,2022-09,2022-09,0.7589,0.009839,0.715956
3,C3 Hybrid,2022-09,2022-09-30,P_selected,HPS,0.03983204116339538,NEUTRAL,0.11100706296430464,0.11100706296430464,0.05550353148215232,2963816.3449999997,1.0,2022-09,2022-09,0.7589,0.009839,0.715956
3,C3 Hybrid,2022-09,2022-09-30,P_selected,TGC,0.024158656553406987,BUY,0.3192157109605599,0.3192157109605599,0.3192157109605599,1069144.405,0.9999979676392556,2022-09,2022-09,0.7589,0.009839,0.715956
3,C3 Hybrid,2022-09,2022-09-30,P_selected,MIC,0.01826502022645378,BUY,0.4348657511669418,0.4348657511669418,0.4348657511669418,681068.5050000002,0.9989903043051769,2022-09,2022-09,0.7589,0.009839,0.715956
3,C3 Hybrid,2022-09,2022-09-30,P_selected,DHO,0.018168897375114536,NEUTRAL,0.20005271737439037,0.20005271737439037,0.10002635868719519,442598.27800000005,0.9561261943904845,2022-09,2022-09,0.7589,0.009839,0.715956
3,C3 Hybrid,2022-09,2022-09-30,P_selected,MAB,0.016284913157885425,BUY,0.8115883620365667,0.8115883620365667,0.8115883620365667,9704.75,0.020944259044671627,2022-09,2022-09,0.7589,0.009839,0.715956
3,C3 Hybrid,2022-09,2022-09-30,P_selected,MDP,0.015646718921515892,BUY,0.3984047613780456,0.3984047613780456,0.3984047613780456,776941.4855000001,0.9997820580322773,2022-09,2022-09,0.7589,0.009839,0.715956
3,C3 Hybrid,2022-09,2022-09-30,P_selected,SBM,0.015635049662117553,NEUTRAL,-0.22031169789413138,-0.22031169789413138,-0.11015584894706569,908960.55,0.9999736329429864,2022-09,2022-09,0.7589,0.009839,0.715956
3,C3 Hybrid,2022-09,2022-09-30,P_selected,SNP,0.01440206101635534,BUY,0.479076878083629,0.479076878083629,0.479076878083629,1787359.795,0.999999999979235,2022-09,2022-09,0.7589,0.009839,0.715956
3,C3 Hybrid,2022-09,2022-09-30,P_selected,DWY,0.009931119784419443,NEUTRAL,-0.03665713446837258,-0.03665713446837258,-0.01832856723418629,2181505.5999999996,0.999999999999962,2022-09,2022-09,0.7589,0.009839,0.715956
3,C3 Hybrid,2022-09,2022-09-30,P_selected,MOX,0.007148199677908034,BUY,0.36136503806487036,0.36136503806487036,0.36136503806487036,10598.354999999998,0.02123945841516099,2022-09,2022-09,0.7589,0.009839,0.715956
3,C3 Hybrid,2022-09,2022-09-30,P_selected,ALM,0.006945236529490075,NEUTRAL,0.0073084816816837705,0.0073084816816837705,0.0036542408408418853,25332.35,0.026735011195198756,2022-09,2022-09,0.7589,0.009839,0.715956
3,C3 Hybrid,2022-09,2022-09-30,P_selected,ATH,0.005016025342124779,NEUTRAL,-0.16636783360844956,-0.16636783360844956,-0.08318391680422478,298698.3295000001,0.685501907780345,2022-09,2022-09,0.7589,0.009839,0.715956
3,C3 Hybrid,2022-09,2022-09-30,P_selected,TQM,0.004561193566687444,NEUTRAL,-0.09911546997355361,-0.09911546997355361,-0.049557734986776805,2668385.65,1.0,2022-09,2022-09,0.7589,0.009839,0.715956
3,C3 Hybrid,2022-09,2022-09-30,P_selected,AGM,0.003873885437507297,BUY,0.3988438291961942,0.3988438291961942,0.3988438291961942,4301.75,0.019243101237624866,2022-09,2022-09,0.7589,0.009839,0.715956
3,C3 Hybrid,2022-09,2022-09-30,P_selected,JET,0.0037843654973310314,NEUTRAL,0.17021013539494056,0.17021013539494056,0.08510506769747028,267199.14249999996,0.5683656834122288,2022-09,2022-09,0.7589,0.009839,0.715956
3,C3 Hybrid,2022-09,2022-09-30,P_selected,SMI,0.0033374849498433337,BUY,0.28179016134374324,0.28179016134374324,0.28179016134374324,272584.9,0.5893692245746812,2022-09,2022-09,0.7589,0.009839,0.715956
3,C3 Hybrid,2022-09,2022-09-30,P_selected,ATL,0.0025286898382187715,BUY,0.33105477797698446,0.33105477797698446,0.33105477797698446,706899.8775000001,0.9993318957725678,2022-09,2022-09,0.7589,0.009839,0.715956
3,C3 Hybrid,2022-09,2022-09-30,P_selected,MLE,0.002457971898173711,NEUTRAL,-0.023359430185636403,-0.023359430185636403,-0.011679715092818201,1663.655,0.01846244657668517,2022-09,2022-09,0.7589,0.009839,0.715956
3,C3 Hybrid,2022-09,2022-09-30,P_selected,ADH,0.002338091152078123,NEUTRAL,-0.17837435073882835,-0.17837435073882835,-0.08918717536941417,897589.5870000016,0.9999683719135551,2022-09,2022-09,0.7589,0.009839,0.715956
3,C3 Hybrid,2022-09,2022-09-30,P_selected,MSA,0.0020844887392300997,NEUTRAL,0.046420213744816745,0.046420213744816745,0.023210106872408372,4472417.3575,1.0,2022-09,2022-09,0.7589,0.009839,0.715956
3,C3 Hybrid,2022-09,2022-09-30,P_selected,CIH,0.0012444389640121369,NEUTRAL,-0.03995027183347136,-0.03995027183347136,-0.01997513591673568,1368698.35,0.9999999831543541,2022-09,2022-09,0.7589,0.009839,0.715956
3,C3 Hybrid,2022-09,2022-09-30,P_selected,SID,0.00098754816473938,BUY,0.46549864050953815,0.46549864050953815,0.46549864050953815,1821615.325,0.9999999999879967,2022-09,2022-09,0.7589,0.009839,0.715956
3,C3 Hybrid,2022-09,2022-09-30,P_selected,RIS,0.0009792942277525864,NEUTRAL,0.04309583789884887,0.04309583789884887,0.021547918949424434,478385.105,0.97476984990377,2022-09,2022-09,0.7589,0.009839,0.715956
3,C3 Hybrid,2022-09,2022-09-30,P_selected,GAZ,0.0009588627140264958,NEUTRAL,0.1486859318205987,0.1486859318205987,0.07434296591029935,2947230.5,1.0,2022-09,2022-09,0.7589,0.009839,0.715956
3,C3 Hybrid,2022-09,2022-09-30,P_selected,INV,0.0007947774014995713,BUY,0.3386728196387416,0.3386728196387416,0.3386728196387416,3600.1375,0.019032378370306764,2022-09,2022-09,0.7589,0.009839,0.715956
3,C3 Hybrid,2022-09,2022-09-30,P_selected,CTM,0.0005528335333691882,NEUTRAL,0.05991440143701239,0.05991440143701239,0.029957200718506195,1241.7,0.01834049959691235,2022-09,2022-09,0.7589,0.009839,0.715956
3,C3 Hybrid,2022-09,2022-09-30,P_selected,EQD,0.00026360179134823496,NEUTRAL,-0.006079037345194542,-0.006079037345194542,-0.003039518672597271,121729.6,0.11381752248305026,2022-09,2022-09,0.7589,0.009839,0.715956
3,C3 Hybrid,2022-09,2022-09-30,P_selected,S2M,0.00025364867325935623,NEUTRAL,-0.03140742574117409,-0.03140742574117409,-0.015703712870587045,2110.3,0.018592395850639765,2022-09,2022-09,0.7589,0.009839,0.715956
3,C3 Hybrid,2022-09,2022-09-30,P_selected,FBR,0.00010328415727411358,BUY,0.24662778423486992,0.24662778423486992,0.24662778423486992,184127.7825,0.2584662637789632,2022-09,2022-09,0.7589,0.009839,0.715956
3,C3 Hybrid,2022-10,2022-10-31,P_selected,AFM,0.1,BUY,1.3682054502892673,1.3682054502892673,1.3682054502892673,36725.85,0.03191059367904691,2022-10,2022-10,0.7457,0.011738,0.507852
3,C3 Hybrid,2022-10,2022-10-31,P_selected,CSR,0.1,BUY,2.7071512268866766,2.7071512268866766,2.7071512268866766,13740745.882499998,1.0,2022-10,2022-10,0.7457,0.011738,0.507852
3,C3 Hybrid,2022-10,2022-10-31,P_selected,IMO,0.1,NEUTRAL,-0.014174882338354025,-0.014174882338354025,-0.0070874411691770126,637608.1775,0.9979781750031186,2022-10,2022-10,0.7457,0.011738,0.507852
3,C3 Hybrid,2022-10,2022-10-31,P_selected,SOT,0.1,NEUTRAL,0.2200409303197749,0.2200409303197749,0.11002046515988745,1528768.35,0.9999999986992094,2022-10,2022-10,0.7457,0.011738,0.507852
3,C3 Hybrid,2022-10,2022-10-31,P_selected,CMT,0.07449801426192289,NEUTRAL,0.16778663707253766,0.16778663707253766,0.08389331853626883,584225.0,0.9952629858567763,2022-10,2022-10,0.7457,0.011738,0.507852
3,C3 Hybrid,2022-10,2022-10-31,P_selected,CDM,0.06206084173059815,NEUTRAL,-0.13090228494648154,-0.13090228494648154,-0.06545114247324077,395997.11,0.9118112626987207,2022-10,2022-10,0.7457,0.011738,0.507852
3,C3 Hybrid,2022-10,2022-10-31,P_selected,ATL,0.04201888503054882,NEUTRAL,0.17107126553437407,0.17107126553437407,0.08553563276718704,288609.4225,0.6497068213663114,2022-10,2022-10,0.7457,0.011738,0.507852
3,C3 Hybrid,2022-10,2022-10-31,P_selected,DYT,0.039930438751446556,NEUTRAL,0.21832581146095803,0.21832581146095803,0.10916290573047902,200262.575,0.31092491279152973,2022-10,2022-10,0.7457,0.011738,0.507852
3,C3 Hybrid,2022-10,2022-10-31,P_selected,MIC,0.039087083606210105,BUY,0.6560052683800988,0.6560052683800988,0.6560052683800988,261838.44500000036,0.5472127058694741,2022-10,2022-10,0.7457,0.011738,0.507852
3,C3 Hybrid,2022-10,2022-10-31,P_selected,HPS,0.03877909614874595,NEUTRAL,-0.0751216210195916,-0.0751216210195916,-0.0375608105097958,1425444.95,0.9999999932052746,2022-10,2022-10,0.7457,0.011738,0.507852
3,C3 Hybrid,2022-10,2022-10-31,P_selected,DWY,0.03481811107290149,NEUTRAL,0.1481256849710244,0.1481256849710244,0.0740628424855122,771578.4499999996,0.9997625355648962,2022-10,2022-10,0.7457,0.011738,0.507852
3,C3 Hybrid,2022-10,2022-10-31,P_selected,FBR,0.03369805180423992,BUY,0.5524530702801405,0.5524530702801405,0.5524530702801405,84695.6975,0.06630597093891363,2022-10,2022-10,0.7457,0.011738,0.507852
3,C3 Hybrid,2022-10,2022-10-31,P_selected,SNP,0.03308512744342187,BUY,0.28846481711736516,0.28846481711736516,0.28846481711736516,688848.4899999998,0.9991083776238182,2022-10,2022-10,0.7457,0.011738,0.507852
3,C3 Hybrid,2022-10,2022-10-31,P_selected,CIH,0.03277865405556632,NEUTRAL,-0.07566134970793495,-0.07566134970793495,-0.037830674853967475,1169809.1,0.9999995940135312,2022-10,2022-10,0.7457,0.011738,0.507852
3,C3 Hybrid,2022-10,2022-10-31,P_selected,TQM,0.030329460965727723,BUY,0.6226854329429073,0.6226854329429073,0.6226854329429073,2139924.75,0.9999999999999263,2022-10,2022-10,0.7457,0.011738,0.507852
3,C3 Hybrid,2022-10,2022-10-31,P_selected,LBV,0.028643013032885654,NEUTRAL,-0.13216849094891028,-0.13216849094891028,-0.06608424547445514,2513778.5,0.9999999999999998,2022-10,2022-10,0.7457,0.011738,0.507852
3,C3 Hybrid,2022-10,2022-10-31,P_selected,ARD,0.022456473508336856,NEUTRAL,-0.20069873920776016,-0.20069873920776016,-0.10034936960388008,317844.22000000003,0.7475348147338441,2022-10,2022-10,0.7457,0.011738,0.507852
3,C3 Hybrid,2022-10,2022-10-31,P_selected,CTM,0.02041362203980723,NEUTRAL,0.02476847297930186,0.02476847297930186,0.01238423648965093,40042.8,0.033591446887042575,2022-10,2022-10,0.7457,0.011738,0.507852
3,C3 Hybrid,2022-10,2022-10-31,P_selected,MUT,0.017413327180344013,NEUTRAL,-0.06541577564267337,-0.06541577564267337,-0.032707887821336684,634849.845,0.9978871396124497,2022-10,2022-10,0.7457,0.011738,0.507852
3,C3 Hybrid,2022-10,2022-10-31,P_selected,MAB,0.01018178802085767,NEUTRAL,-0.17448180488476178,-0.17448180488476178,-0.08724090244238089,1431.45,0.018395240128482194,2022-10,2022-10,0.7457,0.011738,0.507852
3,C3 Hybrid,2022-10,2022-10-31,P_selected,EQD,0.00989953789161137,BUY,0.5306151003480368,0.5306151003480368,0.5306151003480368,155209.25,0.17995505861031907,2022-10,2022-10,0.7457,0.011738,0.507852
3,C3 Hybrid,2022-10,2022-10-31,P_selected,MOX,0.007326832997418526,BUY,0.33122884367828276,0.33122884367828276,0.33122884367828276,2710.892499999997,0.0187685508798799,2022-10,2022-10,0.7457,0.011738,0.507852
3,C3 Hybrid,2022-10,2022-10-31,P_selected,GAZ,0.003683101818027608,NEUTRAL,0.16364597963564,0.16364597963564,0.08182298981782,655435.55,0.9984791574677956,2022-10,2022-10,0.7457,0.011738,0.507852
3,C3 Hybrid,2022-10,2022-10-31,P_selected,MDP,0.0036580275314917025,BUY,0.5063691084172348,0.5063691084172348,0.5063691084172348,251681.13400000014,0.5067241305901612,2022-10,2022-10,0.7457,0.011738,0.507852
3,C3 Hybrid,2022-10,2022-10-31,P_selected,ADH,0.0033665687428642665,NEUTRAL,0.09718251455527845,0.09718251455527845,0.04859125727763922,824379.2125000015,0.9998979624262874,2022-10,2022-10,0.7457,0.011738,0.507852
3,C3 Hybrid,2022-10,2022-10-31,P_selected,SLF,0.002544350812576103,NEUTRAL,0.06463157112386338,0.06463157112386338,0.03231578556193169,2774.195,0.0187872127318383,2022-10,2022-10,0.7457,0.011738,0.507852
3,C3 Hybrid,2022-10,2022-10-31,P_selected,NKL,0.0015582756925779557,BUY,0.45297853178443254,0.45297853178443254,0.45297853178443254,2882.0020000000004,0.01881903660419212,2022-10,2022-10,0.7457,0.011738,0.507852
3,C3 Hybrid,2022-10,2022-10-31,P_selected,SBM,0.0015543289332623895,NEUTRAL,0.10448399249610514,0.10448399249610514,0.05224199624805257,313134.8,0.7330508341300992,2022-10,2022-10,0.7457,0.011738,0.507852
3,C3 Hybrid,2022-10,2022-10-31,P_selected,INV,0.0013165958460232574,BUY,0.7626711091961144,0.7626711091961144,0.7626711091961144,2946.7699999999995,0.018838181082768864,2022-10,2022-10,0.7457,0.011738,0.507852
3,C3 Hybrid,2022-10,2022-10-31,P_selected,MSA,0.0011857292613555392,NEUTRAL,0.18689716017069175,0.18689716017069175,0.09344858008534587,3276979.8924999996,1.0,2022-10,2022-10,0.7457,0.011738,0.507852
3,C3 Hybrid,2022-10,2022-10-31,P_selected,LES,0.0010834256918964389,BUY,0.6014611370780238,0.6014611370780238,0.6014611370780238,120115.93500000067,0.11123922523630606,2022-10,2022-10,0.7457,0.011738,0.507852
3,C3 Hybrid,2022-10,2022-10-31,P_selected,BCP,0.0007886856203581534,NEUTRAL,-0.19212482258925417,-0.19212482258925417,-0.09606241129462709,4723376.540000001,1.0,2022-10,2022-10,0.7457,0.011738,0.507852
3,C3 Hybrid,2022-10,2022-10-31,P_selected,JET,0.0005939976891783955,NEUTRAL,0.10214018453645586,0.10214018453645586,0.05107009226822793,133069.805,0.13343957125756167,2022-10,2022-10,0.7457,0.011738,0.507852
3,C3 Hybrid,2022-10,2022-10-31,P_selected,SMI,0.00046127741063832066,BUY,0.23586516362242715,0.23586516362242715,0.23586516362242715,330757.9,0.7845068869698895,2022-10,2022-10,0.7457,0.011738,0.507852
3,C3 Hybrid,2022-10,2022-10-31,P_selected,LHM,0.0004053175473642706,NEUTRAL,-0.1866746679207813,-0.1866746679207813,-0.09333733396039065,3783680.85,1.0,2022-10,2022-10,0.7457,0.011738,0.507852
3,C3 Hybrid,2022-10,2022-10-31,P_selected,BOA,0.00024466086646101205,NEUTRAL,-0.14186937835212834,-0.14186937835212834,-0.07093468917606417,4460274.4,1.0,2022-10,2022-10,0.7457,0.011738,0.507852
3,C3 Hybrid,2022-11,2022-11-30,P_selected,AFM,0.1,BUY,1.187953350107393,1.187953350107393,1.187953350107393,12153.4,0.0217628955084689,2022-11,2022-11,0.4478,0.012084,0.608748
3,C3 Hybrid,2022-11,2022-11-30,P_selected,MSA,0.09040496302859558,BUY,0.4928430536571685,0.4928430536571685,0.4928430536571685,8022149.880000001,1.0,2022-11,2022-11,0.4478,0.012084,0.608748
3,C3 Hybrid,2022-11,2022-11-30,P_selected,ATL,0.07536389085042024,BUY,0.28005077143349755,0.28005077143349755,0.28005077143349755,197707.875,0.3022357400911407,2022-11,2022-11,0.4478,0.012084,0.608748
3,C3 Hybrid,2022-11,2022-11-30,P_selected,MOX,0.07472004963936452,BUY,0.656091003283451,0.656091003283451,0.656091003283451,1166.152499999997,0.01831874959569823,2022-11,2022-11,0.4478,0.012084,0.608748
3,C3 Hybrid,2022-11,2022-11-30,P_selected,CSR,0.0741683701096067,BUY,2.882252961993294,2.882252961993294,2.882252961993294,7063430.704999998,1.0,2022-11,2022-11,0.4478,0.012084,0.608748
3,C3 Hybrid,2022-11,2022-11-30,P_selected,PRO,0.07377088889081766,BUY,0.38858987573393555,0.38858987573393555,0.38858987573393555,5287.7,0.0195430924226994,2022-11,2022-11,0.4478,0.012084,0.608748
3,C3 Hybrid,2022-11,2022-11-30,P_selected,LES,0.07299301661246493,BUY,0.6898277503425521,0.6898277503425521,0.6898277503425521,52312.615000000675,0.040582158546856546,2022-11,2022-11,0.4478,0.012084,0.608748
3,C3 Hybrid,2022-11,2022-11-30,P_selected,LBV,0.07107847508914761,BUY,0.3791957229405566,0.3791957229405566,0.3791957229405566,5418198.1,1.0,2022-11,2022-11,0.4478,0.012084,0.608748
3,C3 Hybrid,2022-11,2022-11-30,P_selected,SOT,0.051836110617952506,NEUTRAL,0.17616687284962562,0.17616687284962562,0.08808343642481281,132863.5,0.13305834073266662,2022-11,2022-11,0.4478,0.012084,0.608748
3,C3 Hybrid,2022-11,2022-11-30,P_selected,TQM,0.047256280717231404,NEUTRAL,0.15871062563398122,0.15871062563398122,0.07935531281699061,438242.7,0.9531080921410103,2022-11,2022-11,0.4478,0.012084,0.608748
3,C3 Hybrid,2022-11,2022-11-30,P_selected,SLF,0.03506923456613973,NEUTRAL,0.06391729564987635,0.06391729564987635,0.03195864782493817,414975.64,0.9333677284044155,2022-11,2022-11,0.4478,0.012084,0.608748
3,C3 Hybrid,2022-11,2022-11-30,P_selected,NKL,0.03266850641221293,BUY,0.4811690264882563,0.4811690264882563,0.4811690264882563,2393.1050000000005,0.018675140164725733,2022-11,2022-11,0.4478,0.012084,0.608748
3,C3 Hybrid,2022-11,2022-11-30,P_selected,CTM,0.03177036342047162,NEUTRAL,0.1394707904009143,0.1394707904009143,0.06973539520045716,6758.375,0.01999910426261815,2022-11,2022-11,0.4478,0.012084,0.608748
3,C3 Hybrid,2022-11,2022-11-30,P_selected,DWY,0.028110880781722823,NEUTRAL,-0.015164808902660004,-0.015164808902660004,-0.007582404451330002,588080.1999999996,0.995545088414011,2022-11,2022-11,0.4478,0.012084,0.608748
3,C3 Hybrid,2022-11,2022-11-30,P_selected,JET,0.02075575172577402,BUY,0.24008357061168004,0.24008357061168004,0.24008357061168004,53605.94,0.041395557212988425,2022-11,2022-11,0.4478,0.012084,0.608748
3,C3 Hybrid,2022-11,2022-11-30,P_selected,ATW,0.020072976196988064,NEUTRAL,-0.029835999100099347,-0.029835999100099347,-0.014917999550049674,12083274.22,1.0,2022-11,2022-11,0.4478,0.012084,0.608748
3,C3 Hybrid,2022-11,2022-11-30,P_selected,BCP,0.019432490329654842,BUY,0.2719447658402464,0.2719447658402464,0.2719447658402464,5846417.720000001,1.0,2022-11,2022-11,0.4478,0.012084,0.608748
3,C3 Hybrid,2022-11,2022-11-30,P_selected,IAM,0.018318443133911493,NEUTRAL,-0.0012526361410672426,-0.0012526361410672426,-0.0006263180705336213,13819430.044999998,1.0,2022-11,2022-11,0.4478,0.012084,0.608748
3,C3 Hybrid,2022-11,2022-11-30,P_selected,EQD,0.016203360182560692,BUY,0.37102781413607255,0.37102781413607255,0.37102781413607255,24799.4,0.026514024474861914,2022-11,2022-11,0.4478,0.012084,0.608748
3,C3 Hybrid,2022-11,2022-11-30,P_selected,SNP,0.01219698829279,BUY,0.5097900321696852,0.5097900321696852,0.5097900321696852,177270.3799999998,0.23800035582340578,2022-11,2022-11,0.4478,0.012084,0.608748
3,C3 Hybrid,2022-11,2022-11-30,P_selected,DHO,0.006008955093998466,BUY,0.29432155500455587,0.29432155500455587,0.29432155500455587,134171.47850000003,0.13549101806914782,2022-11,2022-11,0.4478,0.012084,0.608748
3,C3 Hybrid,2022-11,2022-11-30,P_selected,COL,0.005983450324104416,NEUTRAL,-0.12786002987372666,-0.12786002987372666,-0.06393001493686333,4837.4755,0.019405539910293576,2022-11,2022-11,0.4478,0.012084,0.608748
3,C3 Hybrid,2022-11,2022-11-30,P_selected,DYT,0.00536331419403992,NEUTRAL,0.22012341907352978,0.22012341907352978,0.11006170953676489,56501.54,0.043273573000920516,2022-11,2022-11,0.4478,0.012084,0.608748
3,C3 Hybrid,2022-11,2022-11-30,P_selected,FBR,0.0046308545096637515,BUY,0.7420932172316018,0.7420932172316018,0.7420932172316018,15847.91,0.02305757344676939,2022-11,2022-11,0.4478,0.012084,0.608748
3,C3 Hybrid,2022-11,2022-11-30,P_selected,SRM,0.0023428368346531288,NEUTRAL,0.059607660361259585,0.059607660361259585,0.029803830180629792,2491.3300000000004,0.01870396370007572,2022-11,2022-11,0.4478,0.012084,0.608748
3,C3 Hybrid,2022-11,2022-11-30,P_selected,ALM,0.0022191739011391816,NEUTRAL,-0.2020204681662843,-0.2020204681662843,-0.10101023408314215,103960.4,0.08813408566074837,2022-11,2022-11,0.4478,0.012084,0.608748
3,C3 Hybrid,2022-11,2022-11-30,P_selected,LHM,0.0015662510941657243,NEUTRAL,0.19406234952338747,0.19406234952338747,0.09703117476169373,3541992.15,1.0,2022-11,2022-11,0.4478,0.012084,0.608748
3,C3 Hybrid,2022-11,2022-11-30,P_selected,MIC,0.001027895985268316,BUY,0.3775291306022025,0.3775291306022025,0.3775291306022025,15820.980000000325,0.023047869471969372,2022-11,2022-11,0.4478,0.012084,0.608748
3,C3 Hybrid,2022-11,2022-11-30,P_selected,S2M,0.0009178848743926631,NEUTRAL,0.13030666061943358,0.13030666061943358,0.06515333030971679,134.595,0.018024286462871193,2022-11,2022-11,0.4478,0.012084,0.608748
3,C3 Hybrid,2022-11,2022-11-30,P_selected,TGC,0.0008840704548191043,NEUTRAL,0.1251297467517162,0.1251297467517162,0.0625648733758581,1002824.0649999998,0.9999941272697485,2022-11,2022-11,0.4478,0.012084,0.608748
3,C3 Hybrid,2022-11,2022-11-30,P_selected,RDS,0.0006811471622293782,BUY,0.4478438415574012,0.4478438415574012,0.4478438415574012,38178.497,0.0326364680411177,2022-11,2022-11,0.4478,0.012084,0.608748
3,C3 Hybrid,2022-11,2022-11-30,P_selected,CMT,0.0006760314698872805,NEUTRAL,-0.16163034601450812,-0.16163034601450812,-0.08081517300725406,81216.1,0.06294135785948649,2022-11,2022-11,0.4478,0.012084,0.608748
3,C3 Hybrid,2022-11,2022-11-30,P_selected,CIH,0.0006651222869928239,NEUTRAL,0.0020301334028988705,0.0020301334028988705,0.0010150667014494352,1809842.9925000002,0.9999999999855089,2022-11,2022-11,0.4478,0.012084,0.608748
3,C3 Hybrid,2022-11,2022-11-30,P_selected,ADH,0.0003503737080191589,NEUTRAL,0.10364947573911165,0.10364947573911165,0.051824737869555826,842416.5420000015,0.9999235398704275,2022-11,2022-11,0.4478,0.012084,0.608748
3,C3 Hybrid,2022-11,2022-11-30,P_selected,ATH,0.00031344509241538647,NEUTRAL,-0.01529000124456284,-0.01529000124456284,-0.00764500062228142,483738.3870000001,0.9767928502243481,2022-11,2022-11,0.4478,0.012084,0.608748
3,C3 Hybrid,2022-12,2022-12-30,P_selected,MLE,0.0987796871040782,BUY,0.508159442924015,0.508159442924015,0.508159442924015,582.45,0.01815155377879418,2022-12,2022-12,0.5901,0.010208,0.634833
3,C3 Hybrid,2022-12,2022-12-30,P_selected,LES,0.09264696029889345,BUY,0.5402731315729306,0.5402731315729306,0.5402731315729306,5548929.5525,1.0,2022-12,2022-12,0.5901,0.010208,0.634833
3,C3 Hybrid,2022-12,2022-12-30,P_selected,AGM,0.09152627224253826,BUY,1.5743987842924614,1.5743987842924614,1.5743987842924614,77676.0,0.05968220475594831,2022-12,2022-12,0.5901,0.010208,0.634833
3,C3 Hybrid,2022-12,2022-12-30,P_selected,AFM,0.08994373606102873,BUY,1.022620821540858,1.022620821540858,1.022620821540858,62993.85,0.04778412032134088,2022-12,2022-12,0.5901,0.010208,0.634833
3,C3 Hybrid,2022-12,2022-12-30,P_selected,CSR,0.08161189741798029,BUY,2.6158114504240473,2.6158114504240473,2.6158114504240473,16083508.310000002,1.0,2022-12,2022-12,0.5901,0.010208,0.634833
3,C3 Hybrid,2022-12,2022-12-30,P_selected,GAZ,0.07270431798774674,BUY,0.26892869898771804,0.26892869898771804,0.26892869898771804,12599809.35,1.0,2022-12,2022-12,0.5901,0.010208,0.634833
3,C3 Hybrid,2022-12,2022-12-30,P_selected,MNG,0.0634169297756262,BUY,0.30592326590941527,0.30592326590941527,0.30592326590941527,126130237.95,1.0,2022-12,2022-12,0.5901,0.010208,0.634833
3,C3 Hybrid,2022-12,2022-12-30,P_selected,CMT,0.06131453936263041,NEUTRAL,0.011636026655875499,0.011636026655875499,0.005818013327937749,634306.5,0.9978687306626368,2022-12,2022-12,0.5901,0.010208,0.634833
3,C3 Hybrid,2022-12,2022-12-30,P_selected,TGC,0.05988521033679087,NEUTRAL,0.08137676269950904,0.08137676269950904,0.04068838134975452,906282.6525000001,0.9999724786904788,2022-12,2022-12,0.5901,0.010208,0.634833
3,C3 Hybrid,2022-12,2022-12-30,P_selected,IMO,0.036364791750410186,NEUTRAL,-0.15696869883881132,-0.15696869883881132,-0.07848434941940566,296254.30999999994,0.6770109357077779,2022-12,2022-12,0.5901,0.010208,0.634833
3,C3 Hybrid,2022-12,2022-12-30,P_selected,DWY,0.03566592314445994,NEUTRAL,-0.04695240461662277,-0.04695240461662277,-0.023476202308311385,349676.5799999996,0.8312939035277699,2022-12,2022-12,0.5901,0.010208,0.634833
3,C3 Hybrid,2022-12,2022-12-30,P_selected,DYT,0.035593674680797986,BUY,0.6628090467494384,0.6628090467494384,0.6628090467494384,137328.7375,0.14151782940796312,2022-12,2022-12,0.5901,0.010208,0.634833
3,C3 Hybrid,2022-12,2022-12-30,P_selected,SLF,0.028480423553060116,NEUTRAL,-0.17812535537084356,-0.17812535537084356,-0.08906267768542178,355356.35,0.8436580416982155,2022-12,2022-12,0.5901,0.010208,0.634833
3,C3 Hybrid,2022-12,2022-12-30,P_selected,COL,0.019501630214895642,NEUTRAL,0.07899189933284136,0.07899189933284136,0.03949594966642068,34098.084,0.03063700207568806,2022-12,2022-12,0.5901,0.010208,0.634833
3,C3 Hybrid,2022-12,2022-12-30,P_selected,CIH,0.01917421256773496,NEUTRAL,0.16126142312262184,0.16126142312262184,0.08063071156131092,809421.8275,0.9998703768121675,2022-12,2022-12,0.5901,0.010208,0.634833
3,C3 Hybrid,2022-12,2022-12-30,P_selected,NKL,0.018757925390596095,BUY,0.3324690408857113,0.3324690408857113,0.3324690408857113,2128.375000000001,0.01859767353641719,2022-12,2022-12,0.5901,0.010208,0.634833
3,C3 Hybrid,2022-12,2022-12-30,P_selected,DHO,0.01311864138208606,NEUTRAL,-0.17776331479097632,-0.17776331479097632,-0.08888165739548816,315899.55149999994,0.7416175493532955,2022-12,2022-12,0.5901,0.010208,0.634833
3,C3 Hybrid,2022-12,2022-12-30,P_selected,TQM,0.012658006109885982,BUY,0.32521677766090645,0.32521677766090645,0.32521677766090645,1544028.1,0.9999999989810056,2022-12,2022-12,0.5901,0.010208,0.634833
3,C3 Hybrid,2022-12,2022-12-30,P_selected,INV,0.01105268855886505,NEUTRAL,0.21091769667030588,0.21091769667030588,0.10545884833515294,6638.195,0.019961452231947282,2022-12,2022-12,0.5901,0.010208,0.634833
3,C3 Hybrid,2022-12,2022-12-30,P_selected,MIC,0.010481216890660134,BUY,0.3377721797771159,0.3377721797771159,0.3377721797771159,34787.91000000033,0.030966493038565263,2022-12,2022-12,0.5901,0.010208,0.634833
3,C3 Hybrid,2022-12,2022-12-30,P_selected,FBR,0.009637413573128523,BUY,0.7539411769605293,0.7539411769605293,0.7539411769605293,32019.557499999995,0.029664608324839564,2022-12,2022-12,0.5901,0.010208,0.634833
3,C3 Hybrid,2022-12,2022-12-30,P_selected,ARD,0.00926710694332973,NEUTRAL,-0.1508826809549825,-0.1508826809549825,-0.07544134047749125,277625.69,0.6087381168571889,2022-12,2022-12,0.5901,0.010208,0.634833
3,C3 Hybrid,2022-12,2022-12-30,P_selected,HPS,0.008555729559370454,BUY,0.31542938372568136,0.31542938372568136,0.31542938372568136,311089.945,0.7265997863497946,2022-12,2022-12,0.5901,0.010208,0.634833
3,C3 Hybrid,2022-12,2022-12-30,P_selected,MOX,0.005590149409392676,NEUTRAL,0.0048535753720212165,0.0048535753720212165,0.0024267876860106083,4777.794999999996,0.019387377716291468,2022-12,2022-12,0.5901,0.010208,0.634833
3,C3 Hybrid,2022-12,2022-12-30,P_selected,SRM,0.00251388266401234,NEUTRAL,-0.012387400295732634,-0.012387400295732634,-0.006193700147866317,630.2700000000003,0.01816519483312965,2022-12,2022-12,0.5901,0.010208,0.634833
3,C3 Hybrid,2022-12,2022-12-30,P_selected,BOA,0.0021918471154700023,NEUTRAL,-0.15836450862122242,-0.15836450862122242,-0.07918225431061121,6198932.5075,1.0,2022-12,2022-12,0.5901,0.010208,0.634833
3,C3 Hybrid,2022-12,2022-12-30,P_selected,S2M,0.001807801862011175,NEUTRAL,-0.06537397473131772,-0.06537397473131772,-0.03268698736565886,377.72249999999997,0.018093267127009177,2022-12,2022-12,0.5901,0.010208,0.634833
3,C3 Hybrid,2022-12,2022-12-30,P_selected,MDP,0.0015194099374871146,BUY,0.46574808373665955,0.46574808373665955,0.46574808373665955,14562.416000000094,0.02259877926059185,2022-12,2022-12,0.5901,0.010208,0.634833
3,C3 Hybrid,2022-12,2022-12-30,P_selected,MUT,0.001290353471550114,NEUTRAL,-0.05920340781961054,-0.05920340781961054,-0.02960170390980527,2867728.1449999996,1.0,2022-12,2022-12,0.5901,0.010208,0.634833
3,C3 Hybrid,2022-12,2022-12-30,P_selected,SID,0.0011096183196915538,NEUTRAL,-0.19101813899129833,-0.19101813899129833,-0.09550906949564916,815367.75,0.9998821386787481,2022-12,2022-12,0.5901,0.010208,0.634833
3,C3 Hybrid,2022-12,2022-12-30,P_selected,RDS,0.0009950751370092434,NEUTRAL,-0.10448618398387126,-0.10448618398387126,-0.05224309199193563,621868.7015000001,0.9974006709816856,2022-12,2022-12,0.5901,0.010208,0.634833
3,C3 Hybrid,2022-12,2022-12-30,P_selected,MSA,0.0007640415621013467,NEUTRAL,-0.16013871445600214,-0.16013871445600214,-0.08006935722800107,12301706.364999998,1.0,2022-12,2022-12,0.5901,0.010208,0.634833
3,C3 Hybrid,2022-12,2022-12-30,P_selected,ATL,0.0007281937814504694,BUY,0.27147260312239996,0.27147260312239996,0.27147260312239996,1134965.675,0.9999992910292091,2022-12,2022-12,0.5901,0.010208,0.634833
3,C3 Hybrid,2022-12,2022-12-30,P_selected,TMA,0.0006544603572420762,NEUTRAL,-0.057850804234497726,-0.057850804234497726,-0.028925402117248863,1449301.15,0.9999999953612384,2022-12,2022-12,0.5901,0.010208,0.634833
3,C3 Hybrid,2022-12,2022-12-30,P_selected,JET,0.00033128247668705416,NEUTRAL,0.13638797968104122,0.13638797968104122,0.06819398984052061,581458.7150000001,0.9950496750515017,2022-12,2022-12,0.5901,0.010208,0.634833
3,C3 Hybrid,2022-12,2022-12-30,P_selected,ATH,0.00019419744071535075,NEUTRAL,0.20654762238625057,0.20654762238625057,0.10327381119312529,897068.4030000002,0.9999681070744205,2022-12,2022-12,0.5901,0.010208,0.634833
3,C3 Hybrid,2023-01,2023-01-31,P_selected,AGM,0.09999631498775613,BUY,2.0623009473587235,2.0623009473587235,2.0623009473587235,44944.25,0.03623255506262697,2023-01,2023-01,0.5045,0.011938,0.78008
3,C3 Hybrid,2023-01,2023-01-31,P_selected,CSR,0.09845362932957746,BUY,2.4795890042665394,2.4795890042665394,2.4795890042665394,2767953.9,1.0,2023-01,2023-01,0.5045,0.011938,0.78008
3,C3 Hybrid,2023-01,2023-01-31,P_selected,IMO,0.09751070996536662,BUY,0.27396582883346765,0.27396582883346765,0.27396582883346765,374693.734,0.8802816217194865,2023-01,2023-01,0.5045,0.011938,0.78008
3,C3 Hybrid,2023-01,2023-01-31,P_selected,LES,0.09631365686387773,BUY,0.504516028484552,0.504516028484552,0.504516028484552,363549.22500000073,0.8601802178589719,2023-01,2023-01,0.5045,0.011938,0.78008
3,C3 Hybrid,2023-01,2023-01-31,P_selected,AFM,0.09586595937813694,BUY,0.42419317402215984,0.42419317402215984,0.42419317402215984,6667.95,0.01997076791029023,2023-01,2023-01,0.5045,0.011938,0.78008
3,C3 Hybrid,2023-01,2023-01-31,P_selected,S2M,0.07837436756295856,BUY,1.121818071650039,1.121818071650039,1.121818071650039,10.0,0.01798903621304637,2023-01,2023-01,0.5045,0.011938,0.78008
3,C3 Hybrid,2023-01,2023-01-31,P_selected,CIH,0.07151207753399691,NEUTRAL,0.10445850136102316,0.10445850136102316,0.05222925068051158,640825.5349999999,0.9980794256192659,2023-01,2023-01,0.5045,0.011938,0.78008
3,C3 Hybrid,2023-01,2023-01-31,P_selected,DWY,0.0578039540971503,BUY,0.6200559946912041,0.6200559946912041,0.6200559946912041,278197.66999999963,0.6109156454576943,2023-01,2023-01,0.5045,0.011938,0.78008
3,C3 Hybrid,2023-01,2023-01-31,P_selected,CMA,0.056790263755562,NEUTRAL,-0.013210169738270855,-0.013210169738270855,-0.0066050848691354275,2986329.6,1.0,2023-01,2023-01,0.5045,0.011938,0.78008
3,C3 Hybrid,2023-01,2023-01-31,P_selected,HPS,0.039427886159680195,BUY,0.3602025140402033,0.3602025140402033,0.3602025140402033,140364.41999999998,0.14752210125798318,2023-01,2023-01,0.5045,0.011938,0.78008
3,C3 Hybrid,2023-01,2023-01-31,P_selected,NKL,0.0331129971047117,NEUTRAL,0.15427706492930393,0.15427706492930393,0.07713853246465197,1907.1760000000008,0.018533186995256447,2023-01,2023-01,0.5045,0.011938,0.78008
3,C3 Hybrid,2023-01,2023-01-31,P_selected,M2M,0.032650666448189675,BUY,0.8477399927021004,0.8477399927021004,0.8477399927021004,63022.17,0.04780474186817434,2023-01,2023-01,0.5045,0.011938,0.78008
3,C3 Hybrid,2023-01,2023-01-31,P_selected,BCI,0.028278691163120134,NEUTRAL,0.12461911700634722,0.12461911700634722,0.06230955850317361,1096782.8175000001,0.9999986939802256,2023-01,2023-01,0.5045,0.011938,0.78008
3,C3 Hybrid,2023-01,2023-01-31,P_selected,SAH,0.02375413983720889,BUY,0.3537331936030205,0.3537331936030205,0.3537331936030205,70813.93000000001,0.05381035391020677,2023-01,2023-01,0.5045,0.011938,0.78008
3,C3 Hybrid,2023-01,2023-01-31,P_selected,IAM,0.018553592651803695,BUY,0.2830240400733014,0.2830240400733014,0.2830240400733014,13544039.144499999,1.0,2023-01,2023-01,0.5045,0.011938,0.78008
3,C3 Hybrid,2023-01,2023-01-31,P_selected,AFI,0.017971474468304553,BUY,1.0200258018020165,1.0200258018020165,1.0200258018020165,11583.6,0.02156964936465813,2023-01,2023-01,0.5045,0.011938,0.78008
3,C3 Hybrid,2023-01,2023-01-31,P_selected,PRO,0.010386877253909627,NEUTRAL,-0.01981765023568522,-0.01981765023568522,-0.00990882511784261,51.3,0.01800071324857275,2023-01,2023-01,0.5045,0.011938,0.78008
3,C3 Hybrid,2023-01,2023-01-31,P_selected,COL,0.00738010956042957,BUY,0.35607232905860225,0.35607232905860225,0.35607232905860225,22039.352000000003,0.025397712465584005,2023-01,2023-01,0.5045,0.011938,0.78008
3,C3 Hybrid,2023-01,2023-01-31,P_selected,INV,0.007207122977685614,BUY,0.2858651318766613,0.2858651318766613,0.2858651318766613,1626.6375,0.01845171658509435,2023-01,2023-01,0.5045,0.011938,0.78008
3,C3 Hybrid,2023-01,2023-01-31,P_selected,SBM,0.007120012733090937,BUY,0.3189027806078928,0.3189027806078928,0.3189027806078928,292526.7,0.6638340373477216,2023-01,2023-01,0.5045,0.011938,0.78008
3,C3 Hybrid,2023-01,2023-01-31,P_selected,MAB,0.005646192460210457,NEUTRAL,-0.21582977385229915,-0.21582977385229915,-0.10791488692614958,16659.63,0.023351948616152435,2023-01,2023-01,0.5045,0.011938,0.78008
3,C3 Hybrid,2023-01,2023-01-31,P_selected,FBR,0.003675470051104323,BUY,0.4881038716351498,0.4881038716351498,0.4881038716351498,35098.9925,0.0311161994987651,2023-01,2023-01,0.5045,0.011938,0.78008
3,C3 Hybrid,2023-01,2023-01-31,P_selected,CTM,0.0036594899569503216,NEUTRAL,0.09536545536589933,0.09536545536589933,0.04768272768294966,6032.49,0.019772741188709794,2023-01,2023-01,0.5045,0.011938,0.78008
3,C3 Hybrid,2023-01,2023-01-31,P_selected,CRS,0.002528304601878218,NEUTRAL,-0.057325391380018534,-0.057325391380018534,-0.028662695690009267,2268.5005,0.01863863841475671,2023-01,2023-01,0.5045,0.011938,0.78008
3,C3 Hybrid,2023-01,2023-01-31,P_selected,MSA,0.0013011933934578002,NEUTRAL,0.0674763351881607,0.0674763351881607,0.03373816759408035,6920604.67,1.0,2023-01,2023-01,0.5045,0.011938,0.78008
3,C3 Hybrid,2023-01,2023-01-31,P_selected,SNP,0.001134227419971843,NEUTRAL,-0.20227114569062843,-0.20227114569062843,-0.10113557284531421,737511.5599999998,0.9995905085505339,2023-01,2023-01,0.5045,0.011938,0.78008
3,C3 Hybrid,2023-01,2023-01-31,P_selected,SOT,0.0008869389543397192,NEUTRAL,0.05589561927201091,0.05589561927201091,0.027947809636005454,315208.4,0.7394928682287822,2023-01,2023-01,0.5045,0.011938,0.78008
3,C3 Hybrid,2023-01,2023-01-31,P_selected,MNG,0.0007287318403302989,NEUTRAL,0.1302996451944507,0.1302996451944507,0.06514982259722535,654195.45,0.9984487274378134,2023-01,2023-01,0.5045,0.011938,0.78008
3,C3 Hybrid,2023-01,2023-01-31,P_selected,DHO,0.0005998915816623407,NEUTRAL,0.19197923527259336,0.19197923527259336,0.09598961763629668,35972.405,0.0315402773359196,2023-01,2023-01,0.5045,0.011938,0.78008
3,C3 Hybrid,2023-01,2023-01-31,P_selected,ATW,0.0003756062134486126,BUY,0.23764244695724657,0.23764244695724657,0.23764244695724657,15659908.55,1.0,2023-01,2023-01,0.5045,0.011938,0.78008
3,C3 Hybrid,2023-01,2023-01-31,P_selected,LBV,0.0002950083563345108,NEUTRAL,-0.045008745867843286,-0.045008745867843286,-0.022504372933921643,2657280.1,1.0,2023-01,2023-01,0.5045,0.011938,0.78008
3,C3 Hybrid,2023-01,2023-01-31,P_selected,ATH,0.00019977356979581794,NEUTRAL,-0.19786704429897206,-0.19786704429897206,-0.09893352214948603,200905.9165000001,0.31313457476371154,2023-01,2023-01,0.5045,0.011938,0.78008
3,C3 Hybrid,2023-01,2023-01-31,P_selected,MIC,0.00019197174763803718,BUY,0.43418222630211945,0.43418222630211945,0.43418222630211945,469446.3700000004,0.9710031334170166,2023-01,2023-01,0.5045,0.011938,0.78008
3,C3 Hybrid,2023-01,2023-01-31,P_selected,MDP,0.00013482675950989524,BUY,0.612611403196826,0.612611403196826,0.612611403196826,22477.449500000093,0.025571796202612993,2023-01,2023-01,0.5045,0.011938,0.78008
3,C3 Hybrid,2023-02,2023-02-28,P_selected,AFI,0.1,BUY,0.4337912454060193,0.4337912454060193,0.4337912454060193,3282.0375,0.01893758703785677,2023-02,2023-02,0.503,0.010306,0.725326
3,C3 Hybrid,2023-02,2023-02-28,P_selected,CMT,0.1,BUY,3.514043708874969,3.514043708874969,3.514043708874969,1034067.45,0.9999964376237946,2023-02,2023-02,0.503,0.010306,0.725326
3,C3 Hybrid,2023-02,2023-02-28,P_selected,MAB,0.1,BUY,0.4301414553293024,0.4301414553293024,0.4301414553293024,3087.95,0.018879978059355103,2023-02,2023-02,0.503,0.010306,0.725326
3,C3 Hybrid,2023-02,2023-02-28,P_selected,CSR,0.07779744528654808,BUY,2.1745371503260724,2.1745371503260724,2.1745371503260724,910033.8474999999,0.9999740818607816,2023-02,2023-02,0.503,0.010306,0.725326
3,C3 Hybrid,2023-02,2023-02-28,P_selected,AFM,0.07384619988871398,BUY,0.42486699774789477,0.42486699774789477,0.42486699774789477,6836.2,0.02002352370413436,2023-02,2023-02,0.503,0.010306,0.725326
3,C3 Hybrid,2023-02,2023-02-28,P_selected,CIH,0.06808329003542711,NEUTRAL,-0.10355999969514895,-0.10355999969514895,-0.051779999847574476,1095213.6300000001,0.9999986607749326,2023-02,2023-02,0.503,0.010306,0.725326
3,C3 Hybrid,2023-02,2023-02-28,P_selected,CMA,0.06579301597937694,BUY,0.328279115569612,0.328279115569612,0.328279115569612,1089665.05,0.9999985364451657,2023-02,2023-02,0.503,0.010306,0.725326
3,C3 Hybrid,2023-02,2023-02-28,P_selected,GAZ,0.05489972443260374,NEUTRAL,-0.18981408112755,-0.18981408112755,-0.094907040563775,2997477.45,1.0,2023-02,2023-02,0.503,0.010306,0.725326
3,C3 Hybrid,2023-02,2023-02-28,P_selected,MNG,0.048298955019242425,NEUTRAL,-0.1422497486480408,-0.1422497486480408,-0.0711248743240204,2043125.2,0.9999999999996532,2023-02,2023-02,0.503,0.010306,0.725326
3,C3 Hybrid,2023-02,2023-02-28,P_selected,CRS,0.045039551976914456,NEUTRAL,0.03237313225721885,0.03237313225721885,0.016186566128609425,2345.5474999999997,0.01866120036230652,2023-02,2023-02,0.503,0.010306,0.725326
3,C3 Hybrid,2023-02,2023-02-28,P_selected,ARD,0.04421112285000281,BUY,0.2498700866634078,0.2498700866634078,0.2498700866634078,1171041.635,0.9999996019413807,2023-02,2023-02,0.503,0.010306,0.725326
3,C3 Hybrid,2023-02,2023-02-28,P_selected,INV,0.03147997506846706,BUY,0.465022433628275,0.465022433628275,0.465022433628275,4086.925,0.01917833871579382,2023-02,2023-02,0.503,0.010306,0.725326
3,C3 Hybrid,2023-02,2023-02-28,P_selected,MOX,0.028212010646223747,NEUTRAL,0.14994366396339562,0.14994366396339562,0.07497183198169781,2393.592499999997,0.01867528311102097,2023-02,2023-02,0.503,0.010306,0.725326
3,C3 Hybrid,2023-02,2023-02-28,P_selected,MIC,0.02796429475643008,BUY,0.7594386182782583,0.7594386182782583,0.7594386182782583,111712.74000000034,0.09862503876588453,2023-02,2023-02,0.503,0.010306,0.725326
3,C3 Hybrid,2023-02,2023-02-28,P_selected,JET,0.020815074666298606,BUY,0.4404674448579091,0.4404674448579091,0.4404674448579091,156919.75,0.1840292194219782,2023-02,2023-02,0.503,0.010306,0.725326
3,C3 Hybrid,2023-02,2023-02-28,P_selected,CDM,0.016554796482927042,NEUTRAL,-0.14230576507764384,-0.14230576507764384,-0.07115288253882192,250484.06,0.5019362303213742,2023-02,2023-02,0.503,0.010306,0.725326
3,C3 Hybrid,2023-02,2023-02-28,P_selected,LES,0.015392321576703873,BUY,0.43354486457110736,0.43354486457110736,0.43354486457110736,110241.49250000075,0.09655206202937705,2023-02,2023-02,0.503,0.010306,0.725326
3,C3 Hybrid,2023-02,2023-02-28,P_selected,SOT,0.015272092991273769,NEUTRAL,0.17258911437414384,0.17258911437414384,0.08629455718707192,71553.7,0.05441619026869869,2023-02,2023-02,0.503,0.010306,0.725326
3,C3 Hybrid,2023-02,2023-02-28,P_selected,NKL,0.012887692658771568,NEUTRAL,0.17754523633009167,0.17754523633009167,0.08877261816504584,14028.580000000002,0.02241088402754001,2023-02,2023-02,0.503,0.010306,0.725326
3,C3 Hybrid,2023-02,2023-02-28,P_selected,SAH,0.010635706646413955,NEUTRAL,-0.14730875991063835,-0.14730875991063835,-0.07365437995531918,2543576.1,0.9999999999999998,2023-02,2023-02,0.503,0.010306,0.725326
3,C3 Hybrid,2023-02,2023-02-28,P_selected,OUL,0.010467549175853647,NEUTRAL,-0.1472586919865789,-0.1472586919865789,-0.07362934599328945,2215.85,0.01862323597485192,2023-02,2023-02,0.503,0.010306,0.725326
3,C3 Hybrid,2023-02,2023-02-28,P_selected,COL,0.007906580853412858,BUY,0.44730328182568535,0.44730328182568535,0.44730328182568535,6199.7055,0.019824662812092882,2023-02,2023-02,0.503,0.010306,0.725326
3,C3 Hybrid,2023-02,2023-02-28,P_selected,TGC,0.005115463781005556,BUY,0.6330219458322162,0.6330219458322162,0.6330219458322162,331558.9175,0.7866656527391069,2023-02,2023-02,0.503,0.010306,0.725326
3,C3 Hybrid,2023-02,2023-02-28,P_selected,CTM,0.0033358671776226208,NEUTRAL,0.19241874594701083,0.19241874594701083,0.09620937297350542,1427.2099999999998,0.018394015191442428,2023-02,2023-02,0.503,0.010306,0.725326
3,C3 Hybrid,2023-02,2023-02-28,P_selected,FBR,0.003028735714148772,NEUTRAL,0.06698179689947112,0.06698179689947112,0.03349089844973556,25256.825,0.02670358630016415,2023-02,2023-02,0.503,0.010306,0.725326
3,C3 Hybrid,2023-02,2023-02-28,P_selected,SMI,0.0028680488812064513,BUY,0.3836901371665406,0.3836901371665406,0.3836901371665406,112793.7,0.10017327324247532,2023-02,2023-02,0.503,0.010306,0.725326
3,C3 Hybrid,2023-02,2023-02-28,P_selected,DWY,0.002647917608742558,NEUTRAL,0.03175257304131237,0.03175257304131237,0.015876286520656185,203747.52499999962,0.3229954843924824,2023-02,2023-02,0.503,0.010306,0.725326
3,C3 Hybrid,2023-02,2023-02-28,P_selected,SBM,0.002154579932160893,BUY,0.6188941275788582,0.6188941275788582,0.6188941275788582,128912.9,0.12593447634729552,2023-02,2023-02,0.503,0.010306,0.725326
3,C3 Hybrid,2023-02,2023-02-28,P_selected,HPS,0.0020279556068746266,BUY,0.8873837256081387,0.8873837256081387,0.8873837256081387,54349.78500000001,0.041870419147709476,2023-02,2023-02,0.503,0.010306,0.725326
3,C3 Hybrid,2023-02,2023-02-28,P_selected,MSA,0.0009422409442382362,NEUTRAL,-0.039021396252767786,-0.039021396252767786,-0.019510698126383893,8126108.8225,1.0,2023-02,2023-02,0.503,0.010306,0.725326
3,C3 Hybrid,2023-02,2023-02-28,P_selected,BCP,0.0008575437687372347,NEUTRAL,-0.16830977115775408,-0.16830977115775408,-0.08415488557887704,11828347.8025,1.0,2023-02,2023-02,0.503,0.010306,0.725326
3,C3 Hybrid,2023-02,2023-02-28,P_selected,TQM,0.0005347629968144261,BUY,0.742249500830445,0.742249500830445,0.742249500830445,1453693.8,0.9999999956760686,2023-02,2023-02,0.503,0.010306,0.725326
3,C3 Hybrid,2023-02,2023-02-28,P_selected,DHO,0.0005174906891489133,BUY,0.62025006250326,0.62025006250326,0.62025006250326,23419.6495,0.025950136984731535,2023-02,2023-02,0.503,0.010306,0.725326
3,C3 Hybrid,2023-02,2023-02-28,P_selected,IBC,0.00015062523436577848,BUY,0.5477192210753363,0.5477192210753363,0.5477192210753363,557.5109999999942,0.018144443710330336,2023-02,2023-02,0.503,0.010306,0.725326
3,C3 Hybrid,2023-02,2023-02-28,P_selected,MUT,0.00010873577168513957,NEUTRAL,-0.13695068994024512,-0.13695068994024512,-0.06847534497012256,878192.7599999995,0.9999568629067194,2023-02,2023-02,0.503,0.010306,0.725326
3,C3 Hybrid,2023-03,2023-03-31,P_selected,AKT,0.1,NEUTRAL,0.15684332505585616,0.15684332505585616,0.07842166252792808,835562.8699999999,0.9999146791109752,2023-03,2023-03,0.5995,0.010222,0.80115
3,C3 Hybrid,2023-03,2023-03-31,P_selected,MAB,0.1,BUY,2.6112821968605266,2.6112821968605266,2.6112821968605266,25155.2,0.02666135824656168,2023-03,2023-03,0.5995,0.010222,0.80115
3,C3 Hybrid,2023-03,2023-03-31,P_selected,CSR,0.08457066289286949,BUY,2.149922598830596,2.149922598830596,2.149922598830596,2099710.955,0.9999999999998597,2023-03,2023-03,0.5995,0.010222,0.80115
3,C3 Hybrid,2023-03,2023-03-31,P_selected,DWY,0.07755972147452272,BUY,0.48475200977527655,0.48475200977527655,0.48475200977527655,254638.64999999962,0.5185460875540492,2023-03,2023-03,0.5995,0.010222,0.80115
3,C3 Hybrid,2023-03,2023-03-31,P_selected,AFM,0.07665916788496359,BUY,0.8060771412393994,0.8060771412393994,0.8060771412393994,364454.15,0.8619125219956832,2023-03,2023-03,0.5995,0.010222,0.80115
3,C3 Hybrid,2023-03,2023-03-31,P_selected,CIH,0.07521150169796842,BUY,0.6780567664440629,0.6780567664440629,0.6780567664440629,473028.6525,0.9725740998515132,2023-03,2023-03,0.5995,0.010222,0.80115
3,C3 Hybrid,2023-03,2023-03-31,P_selected,CMT,0.0666102096045235,BUY,0.4428604448618536,0.4428604448618536,0.4428604448618536,507315.95,0.9839687658365996,2023-03,2023-03,0.5995,0.010222,0.80115
3,C3 Hybrid,2023-03,2023-03-31,P_selected,ADI,0.06320543428649925,NEUTRAL,0.08867436416585957,0.08867436416585957,0.044337182082929784,1206786.3105000001,0.9999997753183202,2023-03,2023-03,0.5995,0.010222,0.80115
3,C3 Hybrid,2023-03,2023-03-31,P_selected,AFI,0.054131420116207744,BUY,0.8269570623127245,0.8269570623127245,0.8269570623127245,33094.0,0.03016346830182976,2023-03,2023-03,0.5995,0.010222,0.80115
3,C3 Hybrid,2023-03,2023-03-31,P_selected,CDM,0.050995942205794786,BUY,0.9885469445541079,0.9885469445541079,0.9885469445541079,204704.9,0.32635410301969636,2023-03,2023-03,0.5995,0.010222,0.80115
3,C3 Hybrid,2023-03,2023-03-31,P_selected,BOA,0.048646265804264135,NEUTRAL,0.061293456419630264,0.061293456419630264,0.030646728209815132,2560153.6025,1.0,2023-03,2023-03,0.5995,0.010222,0.80115
3,C3 Hybrid,2023-03,2023-03-31,P_selected,LES,0.04595868759431283,BUY,0.6232106129759193,0.6232106129759193,0.6232106129759193,245767.3775000008,0.48307597767498334,2023-03,2023-03,0.5995,0.010222,0.80115
3,C3 Hybrid,2023-03,2023-03-31,P_selected,JET,0.036693897389713306,NEUTRAL,0.17994779329532484,0.17994779329532484,0.08997389664766242,92105.095,0.0740336291131945,2023-03,2023-03,0.5995,0.010222,0.80115
3,C3 Hybrid,2023-03,2023-03-31,P_selected,DYT,0.014747125193212966,BUY,0.631505196550065,0.631505196550065,0.631505196550065,83522.75,0.06515351951391644,2023-03,2023-03,0.5995,0.010222,0.80115
3,C3 Hybrid,2023-03,2023-03-31,P_selected,FBR,0.014147514018708608,NEUTRAL,-0.07427242016337891,-0.07427242016337891,-0.03713621008168946,11495.1475,0.02153980178877052,2023-03,2023-03,0.5995,0.010222,0.80115
3,C3 Hybrid,2023-03,2023-03-31,P_selected,HPS,0.01149371326402274,BUY,1.3260291822418515,1.3260291822418515,1.3260291822418515,20132.04,0.024653176689290738,2023-03,2023-03,0.5995,0.010222,0.80115
3,C3 Hybrid,2023-03,2023-03-31,P_selected,NKL,0.011428190892189409,NEUTRAL,0.12465670777713046,0.12465670777713046,0.06232835388856523,58212.931500000006,0.0444215099233854,2023-03,2023-03,0.5995,0.010222,0.80115
3,C3 Hybrid,2023-03,2023-03-31,P_selected,MIC,0.009389537217318545,BUY,0.3983464619601721,0.3983464619601721,0.3983464619601721,38996.16500000033,0.03305204092769825,2023-03,2023-03,0.5995,0.010222,0.80115
3,C3 Hybrid,2023-03,2023-03-31,P_selected,OUL,0.009041575784034915,NEUTRAL,-0.07936139725488116,-0.07936139725488116,-0.03968069862744058,661.0,0.018173966132178677,2023-03,2023-03,0.5995,0.010222,0.80115
3,C3 Hybrid,2023-03,2023-03-31,P_selected,CTM,0.008055942488079667,BUY,0.46823062892467937,0.46823062892467937,0.46823062892467937,3562.4049999999997,0.01902111010150071,2023-03,2023-03,0.5995,0.010222,0.80115
3,C3 Hybrid,2023-03,2023-03-31,P_selected,CRS,0.007626287259333515,BUY,0.2750959342190261,0.2750959342190261,0.2750959342190261,675.301,0.018178049500251293,2023-03,2023-03,0.5995,0.010222,0.80115
3,C3 Hybrid,2023-03,2023-03-31,P_selected,MOX,0.006803765336363191,NEUTRAL,0.1487759703377912,0.1487759703377912,0.0743879851688956,543.4599999999971,0.018140438997027775,2023-03,2023-03,0.5995,0.010222,0.80115
3,C3 Hybrid,2023-03,2023-03-31,P_selected,SLF,0.00540875831214764,NEUTRAL,-0.20732446092199958,-0.20732446092199958,-0.10366223046099979,176945.81,0.23705983316910573,2023-03,2023-03,0.5995,0.010222,0.80115
3,C3 Hybrid,2023-03,2023-03-31,P_selected,S2M,0.003718741531765287,BUY,0.7761028837237379,0.7761028837237379,0.7761028837237379,48.5,0.017999921350069614,2023-03,2023-03,0.5995,0.010222,0.80115
3,C3 Hybrid,2023-03,2023-03-31,P_selected,COL,0.003667211639532605,BUY,0.2630436597797414,0.2630436597797414,0.2630436597797414,25667.897,0.026875062979528914,2023-03,2023-03,0.5995,0.010222,0.80115
3,C3 Hybrid,2023-03,2023-03-31,P_selected,BCP,0.0036638640036500054,NEUTRAL,-0.09985682017124538,-0.09985682017124538,-0.04992841008562269,5811499.3625,1.0,2023-03,2023-03,0.5995,0.010222,0.80115
3,C3 Hybrid,2023-03,2023-03-31,P_selected,INV,0.003134863850614959,BUY,0.38587214342150716,0.38587214342150716,0.38587214342150716,1785.194,0.018497719263663243,2023-03,2023-03,0.5995,0.010222,0.80115
3,C3 Hybrid,2023-03,2023-03-31,P_selected,CMA,0.002427087071794969,NEUTRAL,0.08984926121224586,0.08984926121224586,0.04492463060612293,2768078.85,1.0,2023-03,2023-03,0.5995,0.010222,0.80115
3,C3 Hybrid,2023-03,2023-03-31,P_selected,IMO,0.0016768680858105427,NEUTRAL,0.10394901131062864,0.10394901131062864,0.05197450565531432,48729.14,0.03840765700817152,2023-03,2023-03,0.5995,0.010222,0.80115
3,C3 Hybrid,2023-03,2023-03-31,P_selected,GAZ,0.0007535508782949312,NEUTRAL,-0.062038722315052475,-0.062038722315052475,-0.031019361157526237,168954.05,0.21471499019447432,2023-03,2023-03,0.5995,0.010222,0.80115
3,C3 Hybrid,2023-03,2023-03-31,P_selected,EQD,0.0004996916006325905,NEUTRAL,0.0007003879782412877,0.0007003879782412877,0.00035019398912064384,18562.75,0.02405658135271441,2023-03,2023-03,0.5995,0.010222,0.80115
3,C3 Hybrid,2023-03,2023-03-31,P_selected,ATL,0.0004222415835400321,NEUTRAL,-0.010772920732085346,-0.010772920732085346,-0.005386460366042673,2324704.1875,0.9999999999999962,2023-03,2023-03,0.5995,0.010222,0.80115
3,C3 Hybrid,2023-03,2023-03-31,P_selected,SMI,0.00040506891055385976,BUY,0.30350703869503504,0.30350703869503504,0.30350703869503504,36844.75,0.031969415567953414,2023-03,2023-03,0.5995,0.010222,0.80115
3,C3 Hybrid,2023-03,2023-03-31,P_selected,TQM,0.0002765586342071847,NEUTRAL,0.07972586779482714,0.07972586779482714,0.03986293389741357,6903893.63,1.0,2023-03,2023-03,0.5995,0.010222,0.80115
3,C3 Hybrid,2023-03,2023-03-31,P_selected,MNG,0.0002617692448706915,NEUTRAL,-0.023569425738106983,-0.023569425738106983,-0.011784712869053492,1282594.6,0.9999999331967206,2023-03,2023-03,0.5995,0.010222,0.80115
3,C3 Hybrid,2023-03,2023-03-31,P_selected,LHM,0.0002562752202773945,NEUTRAL,-0.20941039725317573,-0.20941039725317573,-0.10470519862658786,4614782.95,1.0,2023-03,2023-03,0.5995,0.010222,0.80115
3,C3 Hybrid,2023-03,2023-03-31,P_selected,IBC,0.00021915641899844008,NEUTRAL,-0.08210909000678783,-0.08210909000678783,-0.041054545003393915,1584.9224999999942,0.01843963229629478,2023-03,2023-03,0.5995,0.010222,0.80115
3,C3 Hybrid,2023-03,2023-03-31,P_selected,TGC,0.00010959268761045667,NEUTRAL,-0.18100755609175265,-0.18100755609175265,-0.09050377804587632,397484.8175,0.9137066539631209,2023-03,2023-03,0.5995,0.010222,0.80115
3,C3 Hybrid,2023-03,2023-03-31,P_selected,ATW,0.00010604779253222745,NEUTRAL,-0.1873872580413537,-0.1873872580413537,-0.09369362902067685,13377655.584999999,1.0,2023-03,2023-03,0.5995,0.010222,0.80115
3,C3 Hybrid,2023-04,2023-04-28,P_selected,AKT,0.1,NEUTRAL,-0.10559395973473304,-0.10559395973473304,-0.05279697986736652,3402391.0424999995,1.0,2023-04,2023-04,0.5057,0.009996,0.779415
3,C3 Hybrid,2023-04,2023-04-28,P_selected,MAB,0.1,BUY,2.9368974644489674,2.9368974644489674,2.9368974644489674,12890.65,0.02201544553788909,2023-04,2023-04,0.5057,0.009996,0.779415
3,C3 Hybrid,2023-04,2023-04-28,P_selected,BCP,0.0967992992058619,BUY,0.35795495260083965,0.35795495260083965,0.35795495260083965,4885693.1899999995,1.0,2023-04,2023-04,0.5057,0.009996,0.779415
3,C3 Hybrid,2023-04,2023-04-28,P_selected,CRS,0.07626255935191995,BUY,1.816741234354399,1.816741234354399,1.816741234354399,781.9065,0.01820851698301981,2023-04,2023-04,0.5057,0.009996,0.779415
3,C3 Hybrid,2023-04,2023-04-28,P_selected,CSR,0.06369670318255609,BUY,2.278276770539482,2.278276770539482,2.278276770539482,3219892.3125,1.0,2023-04,2023-04,0.5057,0.009996,0.779415
3,C3 Hybrid,2023-04,2023-04-28,P_selected,CMT,0.05437799239295228,NEUTRAL,-0.20236802897913686,-0.20236802897913686,-0.10118401448956843,686211.15,0.9990699840753258,2023-04,2023-04,0.5057,0.009996,0.779415
3,C3 Hybrid,2023-04,2023-04-28,P_selected,ADI,0.05394319054232843,BUY,0.4698859781356915,0.4698859781356915,0.4698859781356915,1208116.0579999997,0.9999997800481433,2023-04,2023-04,0.5057,0.009996,0.779415
3,C3 Hybrid,2023-04,2023-04-28,P_selected,CIH,0.05380754235762152,BUY,0.34298703523104584,0.34298703523104584,0.34298703523104584,520413.36500000005,0.9869600757360814,2023-04,2023-04,0.5057,0.009996,0.779415
3,C3 Hybrid,2023-04,2023-04-28,P_selected,CDM,0.04730386376226738,BUY,0.7669593499598759,0.7669593499598759,0.7669593499598759,155155.395,0.17982793449380863,2023-04,2023-04,0.5057,0.009996,0.779415
3,C3 Hybrid,2023-04,2023-04-28,P_selected,DWY,0.0442925488830319,NEUTRAL,0.07653478314399717,0.07653478314399717,0.038267391571998585,98337.37499999962,0.08116652463229079,2023-04,2023-04,0.5057,0.009996,0.779415
3,C3 Hybrid,2023-04,2023-04-28,P_selected,INV,0.04424849250068015,BUY,0.7030402537076088,0.7030402537076088,0.7030402537076088,3328.5294999999996,0.018951412348882077,2023-04,2023-04,0.5057,0.009996,0.779415
3,C3 Hybrid,2023-04,2023-04-28,P_selected,IMO,0.04260973253373778,NEUTRAL,-0.14081385520994055,-0.14081385520994055,-0.07040692760497028,124136.495,0.11775993692213876,2023-04,2023-04,0.5057,0.009996,0.779415
3,C3 Hybrid,2023-04,2023-04-28,P_selected,AFI,0.03544693408720123,BUY,0.5017574409950769,0.5017574409950769,0.5017574409950769,12009.1,0.021713797071572075,2023-04,2023-04,0.5057,0.009996,0.779415
3,C3 Hybrid,2023-04,2023-04-28,P_selected,DRI,0.022034438586556338,NEUTRAL,-0.026190542812483078,-0.026190542812483078,-0.013095271406241539,114325.0,0.1024034764476483,2023-04,2023-04,0.5057,0.009996,0.779415
3,C3 Hybrid,2023-04,2023-04-28,P_selected,BOA,0.021646118730394518,NEUTRAL,0.15375964469749567,0.15375964469749567,0.07687982234874784,1890395.8974999997,0.9999999999960065,2023-04,2023-04,0.5057,0.009996,0.779415
3,C3 Hybrid,2023-04,2023-04-28,P_selected,MIC,0.020929987932015438,BUY,0.8415374995007598,0.8415374995007598,0.8415374995007598,55618.450000000325,0.042692360866044526,2023-04,2023-04,0.5057,0.009996,0.779415
3,C3 Hybrid,2023-04,2023-04-28,P_selected,SID,0.02023997308309295,NEUTRAL,0.07835937681075283,0.07835937681075283,0.03917968840537642,703463.7849999999,0.9992941632968811,2023-04,2023-04,0.5057,0.009996,0.779415
3,C3 Hybrid,2023-04,2023-04-28,P_selected,DYT,0.016154460450738307,BUY,0.7857451255363901,0.7857451255363901,0.7857451255363901,33658.91,0.03042900485517016,2023-04,2023-04,0.5057,0.009996,0.779415
3,C3 Hybrid,2023-04,2023-04-28,P_selected,NKL,0.013383588772080937,NEUTRAL,0.17335018847688405,0.17335018847688405,0.08667509423844202,20493.2075,0.024792509690221856,2023-04,2023-04,0.5057,0.009996,0.779415
3,C3 Hybrid,2023-04,2023-04-28,P_selected,IBC,0.011212891113237838,NEUTRAL,0.05981234125454926,0.05981234125454926,0.02990617062727463,758.2404999999942,0.018201748997030687,2023-04,2023-04,0.5057,0.009996,0.779415
3,C3 Hybrid,2023-04,2023-04-28,P_selected,CTM,0.010925933834397012,BUY,0.7102245666954461,0.7102245666954461,0.7102245666954461,3311.34,0.018946299559915593,2023-04,2023-04,0.5057,0.009996,0.779415
3,C3 Hybrid,2023-04,2023-04-28,P_selected,OUL,0.009708097474396837,NEUTRAL,0.012821478871805675,0.012821478871805675,0.006410739435902838,661.0,0.018173966132178677,2023-04,2023-04,0.5057,0.009996,0.779415
3,C3 Hybrid,2023-04,2023-04-28,P_selected,FBR,0.008188357051910235,BUY,0.5066099040604639,0.5066099040604639,0.5066099040604639,16303.91,0.023222495732235632,2023-04,2023-04,0.5057,0.009996,0.779415
3,C3 Hybrid,2023-04,2023-04-28,P_selected,COL,0.007543237887786902,BUY,0.359631547744507,0.359631547744507,0.359631547744507,9505.569000000003,0.020879009511171814,2023-04,2023-04,0.5057,0.009996,0.779415
3,C3 Hybrid,2023-04,2023-04-28,P_selected,MLE,0.004792772378766006,NEUTRAL,-0.039099156105963956,-0.039099156105963956,-0.019549578052981978,1013.25,0.018274806646398467,2023-04,2023-04,0.5057,0.009996,0.779415
3,C3 Hybrid,2023-04,2023-04-28,P_selected,ATL,0.004592647431598771,NEUTRAL,0.12014974749153437,0.12014974749153437,0.060074873745767185,407767.82999999996,0.9258268688659183,2023-04,2023-04,0.5057,0.009996,0.779415
3,C3 Hybrid,2023-04,2023-04-28,P_selected,TGC,0.0028045373899224604,NEUTRAL,-0.16816460485615772,-0.16816460485615772,-0.08408230242807886,737828.0700000001,0.9995925761960032,2023-04,2023-04,0.5057,0.009996,0.779415
3,C3 Hybrid,2023-04,2023-04-28,P_selected,ATW,0.0025502026534027244,NEUTRAL,0.2061501802156449,0.2061501802156449,0.10307509010782245,19593211.035,1.0,2023-04,2023-04,0.5057,0.009996,0.779415
3,C3 Hybrid,2023-04,2023-04-28,P_selected,IAM,0.002536538835500723,NEUTRAL,0.17746596697834605,0.17746596697834605,0.08873298348917302,9499791.6655,1.0,2023-04,2023-04,0.5057,0.009996,0.779415
3,C3 Hybrid,2023-04,2023-04-28,P_selected,EQD,0.0023210960096317315,BUY,0.42767596219628445,0.42767596219628445,0.42767596219628445,15387.495,0.02289221481978437,2023-04,2023-04,0.5057,0.009996,0.779415
3,C3 Hybrid,2023-04,2023-04-28,P_selected,ARD,0.0021605389019812454,NEUTRAL,-0.1514717165247528,-0.1514717165247528,-0.0757358582623764,291031.1225,0.6584732655408139,2023-04,2023-04,0.5057,0.009996,0.779415
3,C3 Hybrid,2023-04,2023-04-28,P_selected,DHO,0.0020199670289289865,BUY,0.26729628463806554,0.26729628463806554,0.26729628463806554,48736.4505,0.03841197716311838,2023-04,2023-04,0.5057,0.009996,0.779415
3,C3 Hybrid,2023-04,2023-04-28,P_selected,MSA,0.000569498864447968,NEUTRAL,0.03252870004999981,0.03252870004999981,0.016264350024999905,4869166.4375,1.0,2023-04,2023-04,0.5057,0.009996,0.779415
3,C3 Hybrid,2023-04,2023-04-28,P_selected,SNP,0.0002938975412188528,BUY,0.30852530230416364,0.30852530230416364,0.30852530230416364,28862.917499999814,0.02824483378829495,2023-04,2023-04,0.5057,0.009996,0.779415
3,C3 Hybrid,2023-04,2023-04-28,P_selected,BCI,0.0002324307656631388,NEUTRAL,-0.12543907226831216,-0.12543907226831216,-0.06271953613415608,429245.52,0.9462380556978467,2023-04,2023-04,0.5057,0.009996,0.779415
3,C3 Hybrid,2023-04,2023-04-28,P_selected,S2M,0.00015298619308466517,NEUTRAL,-0.16541254272538108,-0.16541254272538108,-0.08270627136269054,488.72749999999996,0.018124847809882657,2023-04,2023-04,0.5057,0.009996,0.779415
3,C3 Hybrid,2023-04,2023-04-28,P_selected,TQM,0.00011521026829464352,NEUTRAL,-0.2131237460401755,-0.2131237460401755,-0.10656187302008775,1271501.99,0.9999999202231057,2023-04,2023-04,0.5057,0.009996,0.779415
3,C3 Hybrid,2023-04,2023-04-28,P_selected,SMI,0.00010173139220216822,NEUTRAL,0.0020297644787718103,0.0020297644787718103,0.0010148822393859051,269058.0,0.5756467631535105,2023-04,2023-04,0.5057,0.009996,0.779415
3,C3 Hybrid,2023-05,2023-05-31,P_selected,REB,0.1,BUY,1.8582580407628835,1.8582580407628835,1.8582580407628835,987.9079999999998,0.018267533559620228,2023-05,2023-05,0.4892,0.009794,0.931019
3,C3 Hybrid,2023-05,2023-05-31,P_selected,CSR,0.09713905811888197,BUY,3.0097316456424466,3.0097316456424466,3.0097316456424466,4808098.57,1.0,2023-05,2023-05,0.4892,0.009794,0.931019
3,C3 Hybrid,2023-05,2023-05-31,P_selected,S2M,0.08282114163163898,BUY,1.0899062266279291,1.0899062266279291,1.0899062266279291,1670.1924999999999,0.01846434218991693,2023-05,2023-05,0.4892,0.009794,0.931019
3,C3 Hybrid,2023-05,2023-05-31,P_selected,CDM,0.07890610794150117,NEUTRAL,0.18063232339949814,0.18063232339949814,0.09031616169974907,2111296.7199999997,0.9999999999998834,2023-05,2023-05,0.4892,0.009794,0.931019
3,C3 Hybrid,2023-05,2023-05-31,P_selected,SBM,0.06952702726626094,BUY,0.6301452238104718,0.6301452238104718,0.6301452238104718,1324841.7,0.9999999660190999,2023-05,2023-05,0.4892,0.009794,0.931019
3,C3 Hybrid,2023-05,2023-05-31,P_selected,ADI,0.058856735757117376,BUY,0.5136937989445514,0.5136937989445514,0.5136937989445514,1961794.8165,0.9999999999987259,2023-05,2023-05,0.4892,0.009794,0.931019
3,C3 Hybrid,2023-05,2023-05-31,P_selected,CRS,0.05591288258697946,BUY,0.30252392236893955,0.30252392236893955,0.30252392236893955,3678.726,0.019055868715107064,2023-05,2023-05,0.4892,0.009794,0.931019
3,C3 Hybrid,2023-05,2023-05-31,P_selected,CMA,0.05004512914571703,BUY,0.7120047921871746,0.7120047921871746,0.7120047921871746,4442305.05,1.0,2023-05,2023-05,0.4892,0.009794,0.931019
3,C3 Hybrid,2023-05,2023-05-31,P_selected,AFI,0.044613968413908314,BUY,1.028354614749961,1.028354614749961,1.028354614749961,22052.802499999998,0.02540303998202494,2023-05,2023-05,0.4892,0.009794,0.931019
3,C3 Hybrid,2023-05,2023-05-31,P_selected,CTM,0.044592549280456625,BUY,0.4941924576992666,0.4941924576992666,0.4941924576992666,14021.0,0.022408227102026685,2023-05,2023-05,0.4892,0.009794,0.931019
3,C3 Hybrid,2023-05,2023-05-31,P_selected,AFM,0.04250036766200666,BUY,1.2265463138348622,1.2265463138348622,1.2265463138348622,1841.75,0.01851415531175559,2023-05,2023-05,0.4892,0.009794,0.931019
3,C3 Hybrid,2023-05,2023-05-31,P_selected,DWY,0.03742905587044524,BUY,0.2326852182709151,0.2326852182709151,0.2326852182709151,547346.6399999997,0.9914864497483077,2023-05,2023-05,0.4892,0.009794,0.931019
3,C3 Hybrid,2023-05,2023-05-31,P_selected,INV,0.03652405689479999,BUY,1.5832785661903581,1.5832785661903581,1.5832785661903581,2075.8025,0.018582327067514164,2023-05,2023-05,0.4892,0.009794,0.931019
3,C3 Hybrid,2023-05,2023-05-31,P_selected,MLE,0.030983078025774824,NEUTRAL,0.12119913580842032,0.12119913580842032,0.06059956790421016,502.5475,0.018128783355400396,2023-05,2023-05,0.4892,0.009794,0.931019
3,C3 Hybrid,2023-05,2023-05-31,P_selected,CMT,0.03011447547365342,NEUTRAL,0.14956897827866122,0.14956897827866122,0.07478448913933061,780695.1,0.999794759246753,2023-05,2023-05,0.4892,0.009794,0.931019
3,C3 Hybrid,2023-05,2023-05-31,P_selected,MOX,0.02808905546210166,BUY,0.9533855772027435,0.9533855772027435,0.9533855772027435,2052.9149999999972,0.01857564984649274,2023-05,2023-05,0.4892,0.009794,0.931019
3,C3 Hybrid,2023-05,2023-05-31,P_selected,MSA,0.022641849271449323,NEUTRAL,0.21698071383759432,0.21698071383759432,0.10849035691879716,3986821.0275,1.0,2023-05,2023-05,0.4892,0.009794,0.931019
3,C3 Hybrid,2023-05,2023-05-31,P_selected,AGM,0.021558919801508723,NEUTRAL,-0.038357670676747,-0.038357670676747,-0.0191788353383735,121712.1,0.11378928387037032,2023-05,2023-05,0.4892,0.009794,0.931019
3,C3 Hybrid,2023-05,2023-05-31,P_selected,ATL,0.01290142660574917,NEUTRAL,0.21598296536919187,0.21598296536919187,0.10799148268459594,535671.9625,0.9897558491320383,2023-05,2023-05,0.4892,0.009794,0.931019
3,C3 Hybrid,2023-05,2023-05-31,P_selected,NKL,0.009878477136223043,NEUTRAL,0.18842358681705584,0.18842358681705584,0.09421179340852792,48375.198,0.03819905141011607,2023-05,2023-05,0.4892,0.009794,0.931019
3,C3 Hybrid,2023-05,2023-05-31,P_selected,FBR,0.007005442998337569,NEUTRAL,0.03206916295289344,0.03206916295289344,0.01603458147644672,48389.69499999999,0.0382075742125495,2023-05,2023-05,0.4892,0.009794,0.931019
3,C3 Hybrid,2023-05,2023-05-31,P_selected,DHO,0.006991820806252467,NEUTRAL,-0.08841715428476155,-0.08841715428476155,-0.04420857714238077,850283.1369999999,0.9999325819392528,2023-05,2023-05,0.4892,0.009794,0.931019
3,C3 Hybrid,2023-05,2023-05-31,P_selected,DYT,0.006555733211947226,BUY,0.5192645643739747,0.5192645643739747,0.5192645643739747,140571.15999999997,0.14793857821069478,2023-05,2023-05,0.4892,0.009794,0.931019
3,C3 Hybrid,2023-05,2023-05-31,P_selected,SOT,0.004536887322468496,NEUTRAL,0.08160991266339371,0.08160991266339371,0.040804956331696854,257728.5,0.5308746684743902,2023-05,2023-05,0.4892,0.009794,0.931019
3,C3 Hybrid,2023-05,2023-05-31,P_selected,SLF,0.0045274904124854845,BUY,0.2795203865637876,0.2795203865637876,0.2795203865637876,338900.275,0.805715073766524,2023-05,2023-05,0.4892,0.009794,0.931019
3,C3 Hybrid,2023-05,2023-05-31,P_selected,SAH,0.004177372021822573,BUY,0.5477323919476512,0.5477323919476512,0.5477323919476512,30471.5,0.02895989017436235,2023-05,2023-05,0.4892,0.009794,0.931019
3,C3 Hybrid,2023-05,2023-05-31,P_selected,SID,0.0028483426343351398,NEUTRAL,0.16742959345183672,0.16742959345183672,0.08371479672591836,789052.735,0.9998204439840488,2023-05,2023-05,0.4892,0.009794,0.931019
3,C3 Hybrid,2023-05,2023-05-31,P_selected,DRI,0.002451162713455331,NEUTRAL,-0.2173677344759219,-0.2173677344759219,-0.10868386723796095,4942.7,0.019437602858779157,2023-05,2023-05,0.4892,0.009794,0.931019
3,C3 Hybrid,2023-05,2023-05-31,P_selected,BAL,0.0022817724490216637,NEUTRAL,-0.1421012048967616,-0.1421012048967616,-0.0710506024483808,25.36,0.017993378183640815,2023-05,2023-05,0.4892,0.009794,0.931019
3,C3 Hybrid,2023-05,2023-05-31,P_selected,TGC,0.0020152973289283456,NEUTRAL,0.1415409101314712,0.1415409101314712,0.0707704550657356,1231054.7525,0.9999998476181343,2023-05,2023-05,0.4892,0.009794,0.931019
3,C3 Hybrid,2023-05,2023-05-31,P_selected,LHM,0.0006592437507660901,NEUTRAL,-0.01488545165868035,-0.01488545165868035,-0.007442725829340175,6990852.45,1.0,2023-05,2023-05,0.4892,0.009794,0.931019
3,C3 Hybrid,2023-05,2023-05-31,P_selected,MIC,0.0003001719696969782,BUY,0.44033447687742266,0.44033447687742266,0.44033447687742266,25875.59500000033,0.026962109889012695,2023-05,2023-05,0.4892,0.009794,0.931019
3,C3 Hybrid,2023-05,2023-05-31,P_selected,SMI,0.0002517070829558478,NEUTRAL,-0.09614186546178789,-0.09614186546178789,-0.048070932730893946,75536.6,0.057789892696914,2023-05,2023-05,0.4892,0.009794,0.931019
3,C3 Hybrid,2023-05,2023-05-31,P_selected,JET,0.00017736006484185584,NEUTRAL,-0.18261835469990872,-0.18261835469990872,-0.09130917734995436,205352.97000000003,0.32863781549524984,2023-05,2023-05,0.4892,0.009794,0.931019
3,C3 Hybrid,2023-05,2023-05-31,P_selected,COL,0.00016013293768805628,NEUTRAL,-0.16053446859538217,-0.16053446859538217,-0.08026723429769109,19935.334500000004,0.02457761200923637,2023-05,2023-05,0.4892,0.009794,0.931019
3,C3 Hybrid,2023-06,2023-06-28,P_selected,AKT,0.1,BUY,0.4223315818906572,0.4223315818906572,0.4223315818906572,3411651.5375,1.0,2023-06,2023-06,0.6903,0.008916,0.733133
3,C3 Hybrid,2023-06,2023-06-28,P_selected,REB,0.1,BUY,1.9448147324862441,1.9448147324862441,1.9448147324862441,965.1224999999998,0.01826099660692118,2023-06,2023-06,0.6903,0.008916,0.733133
3,C3 Hybrid,2023-06,2023-06-28,P_selected,LES,0.08530842333697353,BUY,1.9728378486191849,1.9728378486191849,1.9728378486191849,2605558.6000000006,1.0,2023-06,2023-06,0.6903,0.008916,0.733133
3,C3 Hybrid,2023-06,2023-06-28,P_selected,DWY,0.07261577648024316,NEUTRAL,0.0012014416648780044,0.0012014416648780044,0.0006007208324390022,698752.7749999997,0.9992389456200612,2023-06,2023-06,0.6903,0.008916,0.733133
3,C3 Hybrid,2023-06,2023-06-28,P_selected,IAM,0.0678562692617577,NEUTRAL,0.11720721014800625,0.11720721014800625,0.058603605074003126,44771855.795,1.0,2023-06,2023-06,0.6903,0.008916,0.733133
3,C3 Hybrid,2023-06,2023-06-28,P_selected,CTM,0.0653603226905713,BUY,1.912864907783062,1.912864907783062,1.912864907783062,7360.110000000001,0.020188674683414783,2023-06,2023-06,0.6903,0.008916,0.733133
3,C3 Hybrid,2023-06,2023-06-28,P_selected,ADI,0.06319860806689788,BUY,0.9381681318667228,0.9381681318667228,0.9381681318667228,5938925.788,1.0,2023-06,2023-06,0.6903,0.008916,0.733133
3,C3 Hybrid,2023-06,2023-06-28,P_selected,CDM,0.059995500640399706,NEUTRAL,-0.07723934538032111,-0.07723934538032111,-0.038619672690160554,1552744.55,0.9999999991136532,2023-06,2023-06,0.6903,0.008916,0.733133
3,C3 Hybrid,2023-06,2023-06-28,P_selected,AGM,0.04807837432142411,NEUTRAL,-0.05924279704671451,-0.05924279704671451,-0.029621398523357254,212012.5,0.35256121084887665,2023-06,2023-06,0.6903,0.008916,0.733133
3,C3 Hybrid,2023-06,2023-06-28,P_selected,CMA,0.04631529115204324,BUY,0.3045838875859259,0.3045838875859259,0.3045838875859259,4495991.85,1.0,2023-06,2023-06,0.6903,0.008916,0.733133
3,C3 Hybrid,2023-06,2023-06-28,P_selected,SOT,0.04500864375283904,BUY,0.296650767620487,0.296650767620487,0.296650767620487,410018.9,0.9282625975073556,2023-06,2023-06,0.6903,0.008916,0.733133
3,C3 Hybrid,2023-06,2023-06-28,P_selected,CSR,0.04231588883162769,BUY,1.8131000265743875,1.8131000265743875,1.8131000265743875,2951938.085,1.0,2023-06,2023-06,0.6903,0.008916,0.733133
3,C3 Hybrid,2023-06,2023-06-28,P_selected,AFM,0.03449194764749747,BUY,0.498805360242872,0.498805360242872,0.498805360242872,58517.0,0.04462848301677082,2023-06,2023-06,0.6903,0.008916,0.733133
3,C3 Hybrid,2023-06,2023-06-28,P_selected,ATL,0.029257774451620033,NEUTRAL,0.05515262735067913,0.05515262735067913,0.027576313675339564,853437.7050000001,0.9999359000761471,2023-06,2023-06,0.6903,0.008916,0.733133
3,C3 Hybrid,2023-06,2023-06-28,P_selected,BAL,0.023398041210319548,NEUTRAL,-0.19477559560836838,-0.19477559560836838,-0.09738779780418419,110.275,0.018017400559358042,2023-06,2023-06,0.6903,0.008916,0.733133
3,C3 Hybrid,2023-06,2023-06-28,P_selected,CMT,0.022545706530891663,NEUTRAL,0.1939917109540665,0.1939917109540665,0.09699585547703325,765167.1,0.9997368895744893,2023-06,2023-06,0.6903,0.008916,0.733133
3,C3 Hybrid,2023-06,2023-06-28,P_selected,MOX,0.010780279495955353,BUY,0.6102241753958928,0.6102241753958928,0.6102241753958928,21799.1675,0.02530276244174022,2023-06,2023-06,0.6903,0.008916,0.733133
3,C3 Hybrid,2023-06,2023-06-28,P_selected,SAH,0.010386816892790276,NEUTRAL,-0.006229016350643976,-0.006229016350643976,-0.003114508175321988,814567.125,0.9998806193449075,2023-06,2023-06,0.6903,0.008916,0.733133
3,C3 Hybrid,2023-06,2023-06-28,P_selected,SMI,0.010372521534689804,BUY,0.2885197376681674,0.2885197376681674,0.2885197376681674,94753.2,0.07699111749361562,2023-06,2023-06,0.6903,0.008916,0.733133
3,C3 Hybrid,2023-06,2023-06-28,P_selected,S2M,0.010032629120204913,BUY,0.25932499582975965,0.25932499582975965,0.25932499582975965,2802.875,0.01879567371022022,2023-06,2023-06,0.6903,0.008916,0.733133
3,C3 Hybrid,2023-06,2023-06-28,P_selected,AFI,0.008600294943845021,BUY,0.29224594197622883,0.29224594197622883,0.29224594197622883,14220.8,0.022478363539738998,2023-06,2023-06,0.6903,0.008916,0.733133
3,C3 Hybrid,2023-06,2023-06-28,P_selected,BCI,0.007720661917662785,BUY,0.27912628239030257,0.27912628239030257,0.27912628239030257,7488214.477500001,1.0,2023-06,2023-06,0.6903,0.008916,0.733133
3,C3 Hybrid,2023-06,2023-06-28,P_selected,TGC,0.007351785779789819,NEUTRAL,-0.05254713457432361,-0.05254713457432361,-0.026273567287161806,7693227.525,1.0,2023-06,2023-06,0.6903,0.008916,0.733133
3,C3 Hybrid,2023-06,2023-06-28,P_selected,FBR,0.00614507808964174,BUY,0.4490659944145918,0.4490659944145918,0.4490659944145918,68144.935,0.05167706435878006,2023-06,2023-06,0.6903,0.008916,0.733133
3,C3 Hybrid,2023-06,2023-06-28,P_selected,ARD,0.005410453775400395,NEUTRAL,-0.09714944845358184,-0.09714944845358184,-0.04857472422679092,373815.33249999996,0.8787925497217492,2023-06,2023-06,0.6903,0.008916,0.733133
3,C3 Hybrid,2023-06,2023-06-28,P_selected,COL,0.004597048264167428,NEUTRAL,0.006789007861421337,0.006789007861421337,0.0033945039307106684,83185.776,0.06482589492597289,2023-06,2023-06,0.6903,0.008916,0.733133
3,C3 Hybrid,2023-06,2023-06-28,P_selected,IMO,0.0030001400279022427,NEUTRAL,0.18102628476451801,0.18102628476451801,0.09051314238225901,225260.455,0.40231398417383735,2023-06,2023-06,0.6903,0.008916,0.733133
3,C3 Hybrid,2023-06,2023-06-28,P_selected,NKL,0.0027101506102903735,BUY,0.5225230538681818,0.5225230538681818,0.5225230538681818,79742.0455,0.061564583729995126,2023-06,2023-06,0.6903,0.008916,0.733133
3,C3 Hybrid,2023-06,2023-06-28,P_selected,DRI,0.002686771224208003,NEUTRAL,-0.1011468776808285,-0.1011468776808285,-0.05057343884041425,131262.5,0.13013111208947542,2023-06,2023-06,0.6903,0.008916,0.733133
3,C3 Hybrid,2023-06,2023-06-28,P_selected,MSA,0.0011884770001369701,NEUTRAL,0.17142667239539638,0.17142667239539638,0.08571333619769819,11994691.645000001,1.0,2023-06,2023-06,0.6903,0.008916,0.733133
3,C3 Hybrid,2023-06,2023-06-28,P_selected,MIC,0.0008705840020445323,BUY,0.4038834339034255,0.4038834339034255,0.4038834339034255,88717.88000000032,0.07040308920388115,2023-06,2023-06,0.6903,0.008916,0.733133
3,C3 Hybrid,2023-06,2023-06-28,P_selected,SNP,0.0006901785583394896,BUY,0.2739133564326834,0.2739133564326834,0.2739133564326834,547117.2799999999,0.99145541711152,2023-06,2023-06,0.6903,0.008916,0.733133
3,C3 Hybrid,2023-06,2023-06-28,P_selected,SLF,0.000505789127314162,NEUTRAL,0.002857943639197745,0.002857943639197745,0.0014289718195988725,541188.725,0.9906131990863436,2023-06,2023-06,0.6903,0.008916,0.733133
3,C3 Hybrid,2023-06,2023-06-28,P_selected,CIH,0.00033549551669556134,NEUTRAL,-0.08754190624606228,-0.08754190624606228,-0.04377095312303114,1963144.47,0.999999999998753,2023-06,2023-06,0.6903,0.008916,0.733133
3,C3 Hybrid,2023-06,2023-06-28,P_selected,ATH,0.00023445513264360325,BUY,0.2934987238877732,0.2934987238877732,0.2934987238877732,308256.4025000001,0.7175016302533962,2023-06,2023-06,0.6903,0.008916,0.733133
3,C3 Hybrid,2023-06,2023-06-28,P_selected,MDP,0.00016847699295621172,NEUTRAL,-0.05101320752499394,-0.05101320752499394,-0.02550660376249697,45730.09150000009,0.03667418677881548,2023-06,2023-06,0.6903,0.008916,0.733133
3,C3 Hybrid,2023-06,2023-06-28,P_selected,MNG,0.00011193894784578436,NEUTRAL,-0.19681709239332132,-0.19681709239332132,-0.09840854619666066,2483957.5,0.9999999999999998,2023-06,2023-06,0.6903,0.008916,0.733133
3,C3 Hybrid,2023-06,2023-06-28,P_selected,INV,0.00010099866707308618,BUY,0.31513690198829225,0.31513690198829225,0.31513690198829225,5481.364,0.01960255412917749,2023-06,2023-06,0.6903,0.008916,0.733133
3,C3 Hybrid,2023-07,2023-07-31,P_selected,AFI,0.1,NEUTRAL,0.10948018628886894,0.10948018628886894,0.05474009314443447,29341.9925,0.02845598352098886,2023-07,2023-07,0.8375,0.01231,0.714515
3,C3 Hybrid,2023-07,2023-07-31,P_selected,AKT,0.1,BUY,1.332725034660803,1.332725034660803,1.332725034660803,6380450.305,1.0,2023-07,2023-07,0.8375,0.01231,0.714515
3,C3 Hybrid,2023-07,2023-07-31,P_selected,ADI,0.0930319595619403,BUY,2.3275817473754734,2.3275817473754734,2.3275817473754734,4485967.051000001,1.0,2023-07,2023-07,0.8375,0.01231,0.714515
3,C3 Hybrid,2023-07,2023-07-31,P_selected,CSR,0.08018175201721997,BUY,2.038143050737552,2.038143050737552,2.038143050737552,1551664.3000000003,0.9999999990982005,2023-07,2023-07,0.8375,0.01231,0.714515
3,C3 Hybrid,2023-07,2023-07-31,P_selected,AGM,0.07966669412932205,NEUTRAL,-0.14573619732396081,-0.14573619732396081,-0.07286809866198041,351972.0,0.8363821363061228,2023-07,2023-07,0.8375,0.01231,0.714515
3,C3 Hybrid,2023-07,2023-07-31,P_selected,RDS,0.0625017464903458,BUY,1.4882460353776223,1.4882460353776223,1.4882460353776223,681112.59,0.9989910155346685,2023-07,2023-07,0.8375,0.01231,0.714515
3,C3 Hybrid,2023-07,2023-07-31,P_selected,SOT,0.06102851083609697,BUY,0.24655727673539396,0.24655727673539396,0.24655727673539396,558011.45,0.992812391403546,2023-07,2023-07,0.8375,0.01231,0.714515
3,C3 Hybrid,2023-07,2023-07-31,P_selected,ARD,0.05648186157499335,BUY,0.3060000469938573,0.3060000469938573,0.3060000469938573,934669.3525,0.9999825247875991,2023-07,2023-07,0.8375,0.01231,0.714515
3,C3 Hybrid,2023-07,2023-07-31,P_selected,LBV,0.04683761691113604,NEUTRAL,0.18893179855748216,0.18893179855748216,0.09446589927874108,2436478.15,0.9999999999999993,2023-07,2023-07,0.8375,0.01231,0.714515
3,C3 Hybrid,2023-07,2023-07-31,P_selected,TGC,0.0417311424451543,BUY,0.24840445924997318,0.24840445924997318,0.24840445924997318,2521328.0025,0.9999999999999998,2023-07,2023-07,0.8375,0.01231,0.714515
3,C3 Hybrid,2023-07,2023-07-31,P_selected,TQM,0.038258690493245665,NEUTRAL,0.02413479299564486,0.02413479299564486,0.01206739649782243,2243716.8,0.999999999999986,2023-07,2023-07,0.8375,0.01231,0.714515
3,C3 Hybrid,2023-07,2023-07-31,P_selected,EQD,0.03698111800412136,NEUTRAL,0.026951206686906065,0.026951206686906065,0.013475603343453033,564841.2,0.9935516335702447,2023-07,2023-07,0.8375,0.01231,0.714515
3,C3 Hybrid,2023-07,2023-07-31,P_selected,ADH,0.032899094891927945,BUY,1.0072946460196468,1.0072946460196468,1.0072946460196468,2939856.7405000017,1.0,2023-07,2023-07,0.8375,0.01231,0.714515
3,C3 Hybrid,2023-07,2023-07-31,P_selected,GAZ,0.02906924226606173,NEUTRAL,0.02919436975448131,0.02919436975448131,0.014597184877240654,1530669.3,0.9999999987381776,2023-07,2023-07,0.8375,0.01231,0.714515
3,C3 Hybrid,2023-07,2023-07-31,P_selected,FBR,0.02528037576825879,BUY,0.5264069031693039,0.5264069031693039,0.5264069031693039,80636.08249999999,0.06239622431559398,2023-07,2023-07,0.8375,0.01231,0.714515
3,C3 Hybrid,2023-07,2023-07-31,P_selected,CMA,0.02045341118092799,BUY,0.24659399318861536,0.24659399318861536,0.24659399318861536,2032144.5,0.9999999999995866,2023-07,2023-07,0.8375,0.01231,0.714515
3,C3 Hybrid,2023-07,2023-07-31,P_selected,CIH,0.01773605445649828,BUY,0.2945787706801566,0.2945787706801566,0.2945787706801566,1337855.95,0.9999999724067657,2023-07,2023-07,0.8375,0.01231,0.714515
3,C3 Hybrid,2023-07,2023-07-31,P_selected,RIS,0.01403006803717212,NEUTRAL,0.0008801751543571212,0.0008801751543571212,0.0004400875771785606,895160.8149999998,0.9999671186826061,2023-07,2023-07,0.8375,0.01231,0.714515
3,C3 Hybrid,2023-07,2023-07-31,P_selected,ATW,0.013834822295630407,NEUTRAL,0.1701510772523016,0.1701510772523016,0.0850755386261508,12572968.372499999,1.0,2023-07,2023-07,0.8375,0.01231,0.714515
3,C3 Hybrid,2023-07,2023-07-31,P_selected,NKL,0.012739208496248619,NEUTRAL,-0.044494266362099216,-0.044494266362099216,-0.022247133181049608,33512.14200000001,0.03035979946897184,2023-07,2023-07,0.8375,0.01231,0.714515
3,C3 Hybrid,2023-07,2023-07-31,P_selected,ATL,0.007985931397192746,NEUTRAL,-0.15731190026231787,-0.15731190026231787,-0.07865595013115893,546552.23,0.9913784860220385,2023-07,2023-07,0.8375,0.01231,0.714515
3,C3 Hybrid,2023-07,2023-07-31,P_selected,CDM,0.004802298001893524,NEUTRAL,0.043564494950032034,0.043564494950032034,0.021782247475016017,164615.925,0.20324336135239288,2023-07,2023-07,0.8375,0.01231,0.714515
3,C3 Hybrid,2023-07,2023-07-31,P_selected,DRI,0.002888482070968379,NEUTRAL,-0.04553362548485761,-0.04553362548485761,-0.022766812742428803,4677.5,0.019356893088065794,2023-07,2023-07,0.8375,0.01231,0.714515
3,C3 Hybrid,2023-07,2023-07-31,P_selected,CRS,0.0028079862768395675,NEUTRAL,-0.1044942119116801,-0.1044942119116801,-0.05224710595584005,11544.253999999999,0.021556367386183422,2023-07,2023-07,0.8375,0.01231,0.714515
3,C3 Hybrid,2023-07,2023-07-31,P_selected,DWY,0.002486825273212458,BUY,0.23330322211814197,0.23330322211814197,0.23330322211814197,205104.79999999964,0.32776233253746145,2023-07,2023-07,0.8375,0.01231,0.714515
3,C3 Hybrid,2023-07,2023-07-31,P_selected,JET,0.0018453190179851477,NEUTRAL,0.13519667698312388,0.13519667698312388,0.06759833849156194,328991.645,0.7796909551685902,2023-07,2023-07,0.8375,0.01231,0.714515
3,C3 Hybrid,2023-07,2023-07-31,P_selected,BCI,0.0013527747298916692,BUY,0.532100807704458,0.532100807704458,0.532100807704458,733133.4,0.9995608079146594,2023-07,2023-07,0.8375,0.01231,0.714515
3,C3 Hybrid,2023-07,2023-07-31,P_selected,LHM,0.0012201236350846735,BUY,0.293262452178253,0.293262452178253,0.293262452178253,7031571.25,1.0,2023-07,2023-07,0.8375,0.01231,0.714515
3,C3 Hybrid,2023-07,2023-07-31,P_selected,MIC,0.0012056775543129185,NEUTRAL,0.12268003725512416,0.12268003725512416,0.06134001862756208,535064.2500000003,0.9896567906092791,2023-07,2023-07,0.8375,0.01231,0.714515
3,C3 Hybrid,2023-07,2023-07-31,P_selected,CMT,0.0011626133741762712,NEUTRAL,-0.006918634524393175,-0.006918634524393175,-0.0034593172621965873,2255001.7,0.9999999999999882,2023-07,2023-07,0.8375,0.01231,0.714515
3,C3 Hybrid,2023-07,2023-07-31,P_selected,MDP,0.0011293560423128476,BUY,0.6817519876375336,0.6817519876375336,0.6817519876375336,347813.7140000001,0.827072428212436,2023-07,2023-07,0.8375,0.01231,0.714515
3,C3 Hybrid,2023-07,2023-07-31,P_selected,DHO,0.0010881969393978707,NEUTRAL,-0.041726387987525676,-0.041726387987525676,-0.020863193993762838,1528675.736,0.9999999986972805,2023-07,2023-07,0.8375,0.01231,0.714515
3,C3 Hybrid,2023-07,2023-07-31,P_selected,MOX,0.0009114519255663157,NEUTRAL,0.10511553503230042,0.10511553503230042,0.05255776751615021,11801.447499999998,0.021643332815449754,2023-07,2023-07,0.8375,0.01231,0.714515
3,C3 Hybrid,2023-07,2023-07-31,P_selected,ALM,0.0008842791269315706,NEUTRAL,-0.15149876302161483,-0.15149876302161483,-0.07574938151080741,22992.35,0.025777884196071982,2023-07,2023-07,0.8375,0.01231,0.714515
3,C3 Hybrid,2023-07,2023-07-31,P_selected,SID,0.0008167868450407133,BUY,0.3711130775804292,0.3711130775804292,0.3711130775804292,1996302.0399999998,0.9999999999992664,2023-07,2023-07,0.8375,0.01231,0.714515
3,C3 Hybrid,2023-07,2023-07-31,P_selected,MUT,0.0007514249546221204,BUY,0.2507251246398071,0.2507251246398071,0.2507251246398071,2526895.7175,0.9999999999999998,2023-07,2023-07,0.8375,0.01231,0.714515
3,C3 Hybrid,2023-07,2023-07-31,P_selected,COL,0.0006906421826052329,NEUTRAL,-0.012943092378051246,-0.012943092378051246,-0.006471546189025623,27337.739,0.027582702486814093,2023-07,2023-07,0.8375,0.01231,0.714515
3,C3 Hybrid,2023-07,2023-07-31,P_selected,DYT,0.0006616164168020703,NEUTRAL,0.09214403628823115,0.09214403628823115,0.04607201814411557,132356.09249999997,0.1321246251373978,2023-07,2023-07,0.8375,0.01231,0.714515
3,C3 Hybrid,2023-07,2023-07-31,P_selected,SMI,0.00054579861246512,NEUTRAL,-0.03267868906012253,-0.03267868906012253,-0.016339344530061264,112780.9,0.1001548143710963,2023-07,2023-07,0.8375,0.01231,0.714515
3,C3 Hybrid,2023-07,2023-07-31,P_selected,MNG,0.0005231668247675919,NEUTRAL,0.10752615491162246,0.10752615491162246,0.05376307745581123,915324.9,0.9999761856499245,2023-07,2023-07,0.8375,0.01231,0.714515
3,C3 Hybrid,2023-07,2023-07-31,P_selected,BCP,0.0003256796607539942,NEUTRAL,0.04647949871465365,0.04647949871465365,0.023239749357326825,14000373.75,1.0,2023-07,2023-07,0.8375,0.01231,0.714515
3,C3 Hybrid,2023-07,2023-07-31,P_selected,SBM,0.00031554327243109786,NEUTRAL,-0.18361751933295542,-0.18361751933295542,-0.09180875966647771,1043809.95,0.99999695180897,2023-07,2023-07,0.8375,0.01231,0.714515
3,C3 Hybrid,2023-07,2023-07-31,P_selected,TMA,0.0002834547278008706,BUY,0.2924423148979598,0.2924423148979598,0.2924423148979598,894651.2,0.9999668494864936,2023-07,2023-07,0.8375,0.01231,0.714515
3,C3 Hybrid,2023-07,2023-07-31,P_selected,MSA,0.00020464461804510639,NEUTRAL,-0.16795109806422667,-0.16795109806422667,-0.08397554903211334,5992701.142500001,1.0,2023-07,2023-07,0.8375,0.01231,0.714515
3,C3 Hybrid,2023-07,2023-07-31,P_selected,INV,0.00013279596464962716,BUY,0.22037319694994822,0.22037319694994822,0.22037319694994822,6198.209,0.019824197546121008,2023-07,2023-07,0.8375,0.01231,0.714515
3,C3 Hybrid,2023-07,2023-07-31,P_selected,BOA,0.00011134436268723846,NEUTRAL,0.19788249009229952,0.19788249009229952,0.09894124504614976,3190740.0575,1.0,2023-07,2023-07,0.8375,0.01231,0.714515
3,C3 Hybrid,2023-07,2023-07-31,P_selected,S2M,0.00010478307704612392,NEUTRAL,-0.022801705459862737,-0.022801705459862737,-0.011400852729931368,5201.875,0.019516797670288473,2023-07,2023-07,0.8375,0.01231,0.714515
3,C3 Hybrid,2023-08,2023-08-31,P_selected,AFI,0.1,BUY,0.6843340896531711,0.6843340896531711,0.6843340896531711,102257.5775,0.08596891840224842,2023-08,2023-08,0.7127,0.011421,0.687316
3,C3 Hybrid,2023-08,2023-08-31,P_selected,AKT,0.1,BUY,1.5208261520245565,1.5208261520245565,1.5208261520245565,5632801.665,1.0,2023-08,2023-08,0.7127,0.011421,0.687316
3,C3 Hybrid,2023-08,2023-08-31,P_selected,ADI,0.09831196348616385,BUY,1.8573827344896314,1.8573827344896314,1.8573827344896314,3926191.3200000003,1.0,2023-08,2023-08,0.7127,0.011421,0.687316
3,C3 Hybrid,2023-08,2023-08-31,P_selected,SOT,0.08178402293436975,NEUTRAL,-0.15951989857524218,-0.15951989857524218,-0.07975994928762109,362896.8,0.8589200144525816,2023-08,2023-08,0.7127,0.011421,0.687316
3,C3 Hybrid,2023-08,2023-08-31,P_selected,ADH,0.06445905739075139,BUY,1.230732609491593,1.230732609491593,1.230732609491593,2000368.9580000017,0.9999999999993125,2023-08,2023-08,0.7127,0.011421,0.687316
3,C3 Hybrid,2023-08,2023-08-31,P_selected,CSR,0.05983614506990715,BUY,1.7928064833505213,1.7928064833505213,1.7928064833505213,1371796.12,0.9999999839689431,2023-08,2023-08,0.7127,0.011421,0.687316
3,C3 Hybrid,2023-08,2023-08-31,P_selected,MOX,0.05760403158162541,BUY,0.24351367140186533,0.24351367140186533,0.24351367140186533,4234.674999999997,0.01922285739077971,2023-08,2023-08,0.7127,0.011421,0.687316
3,C3 Hybrid,2023-08,2023-08-31,P_selected,LES,0.05139548733394232,NEUTRAL,-0.1574415996184433,-0.1574415996184433,-0.07872079980922166,3862276.245,1.0,2023-08,2023-08,0.7127,0.011421,0.687316
3,C3 Hybrid,2023-08,2023-08-31,P_selected,ALM,0.049146479805235975,NEUTRAL,0.1071273017515428,0.1071273017515428,0.0535636508757714,182159.85,0.2524774753349501,2023-08,2023-08,0.7127,0.011421,0.687316
3,C3 Hybrid,2023-08,2023-08-31,P_selected,EQD,0.04721224797977129,NEUTRAL,-0.0204381840888119,-0.0204381840888119,-0.01021909204440595,717785.45,0.9994386290991296,2023-08,2023-08,0.7127,0.011421,0.687316
3,C3 Hybrid,2023-08,2023-08-31,P_selected,RIS,0.034612393760234436,BUY,0.3630599363222684,0.3630599363222684,0.3630599363222684,2178454.9825,0.9999999999999603,2023-08,2023-08,0.7127,0.011421,0.687316
3,C3 Hybrid,2023-08,2023-08-31,P_selected,DWY,0.03421613586666587,BUY,0.21472896900031774,0.21472896900031774,0.21472896900031774,636558.1149999996,0.9979439897925694,2023-08,2023-08,0.7127,0.011421,0.687316
3,C3 Hybrid,2023-08,2023-08-31,P_selected,JET,0.02820088257092052,BUY,0.8082746412519752,0.8082746412519752,0.8082746412519752,1309289.895,0.99999995641873,2023-08,2023-08,0.7127,0.011421,0.687316
3,C3 Hybrid,2023-08,2023-08-31,P_selected,AFM,0.02800936471727588,NEUTRAL,0.013856964585438392,0.013856964585438392,0.006928482292719196,8228.45,0.020465341977029844,2023-08,2023-08,0.7127,0.011421,0.687316
3,C3 Hybrid,2023-08,2023-08-31,P_selected,GAZ,0.02609585741285828,BUY,0.2662008501113086,0.2662008501113086,0.2662008501113086,1221689.0,0.9999998229837281,2023-08,2023-08,0.7127,0.011421,0.687316
3,C3 Hybrid,2023-08,2023-08-31,P_selected,IBC,0.024486413539487845,BUY,0.7812014905940777,0.7812014905940777,0.7812014905940777,2356.2634999999946,0.018664340488311965,2023-08,2023-08,0.7127,0.011421,0.687316
3,C3 Hybrid,2023-08,2023-08-31,P_selected,TQM,0.018194569442683026,BUY,0.6745885311556646,0.6745885311556646,0.6745885311556646,506317.4,0.9837147856180503,2023-08,2023-08,0.7127,0.011421,0.687316
3,C3 Hybrid,2023-08,2023-08-31,P_selected,FBR,0.017791236805672725,NEUTRAL,0.14770708269201654,0.14770708269201654,0.07385354134600827,27104.7875,0.027482907104300472,2023-08,2023-08,0.7127,0.011421,0.687316
3,C3 Hybrid,2023-08,2023-08-31,P_selected,MIC,0.01427920984984079,NEUTRAL,-0.17196847572803167,-0.17196847572803167,-0.08598423786401584,115327.44500000033,0.10388717419159686,2023-08,2023-08,0.7127,0.011421,0.687316
3,C3 Hybrid,2023-08,2023-08-31,P_selected,TMA,0.014154088809706656,NEUTRAL,0.02304890648433519,0.02304890648433519,0.011524453242167595,557299.95,0.9927306983541194,2023-08,2023-08,0.7127,0.011421,0.687316
3,C3 Hybrid,2023-08,2023-08-31,P_selected,CIH,0.01187125182674499,NEUTRAL,-0.11495702135694895,-0.11495702135694895,-0.057478510678474475,1067250.58,0.9999979051139026,2023-08,2023-08,0.7127,0.011421,0.687316
3,C3 Hybrid,2023-08,2023-08-31,P_selected,SAH,0.011597945161086608,BUY,0.3803959750520656,0.3803959750520656,0.3803959750520656,719711.1,0.9994556521558494,2023-08,2023-08,0.7127,0.011421,0.687316
3,C3 Hybrid,2023-08,2023-08-31,P_selected,NKL,0.004786388660352701,NEUTRAL,-0.13249811236414444,-0.13249811236414444,-0.06624905618207222,12856.877999999999,0.022003814349969092,2023-08,2023-08,0.7127,0.011421,0.687316
3,C3 Hybrid,2023-08,2023-08-31,P_selected,IAM,0.004347814084086645,BUY,0.29109585636826213,0.29109585636826213,0.29109585636826213,7667448.202500001,1.0,2023-08,2023-08,0.7127,0.011421,0.687316
3,C3 Hybrid,2023-08,2023-08-31,P_selected,TGC,0.004282283207912579,NEUTRAL,0.14592116892441206,0.14592116892441206,0.07296058446220603,659414.665,0.9985728314434288,2023-08,2023-08,0.7127,0.011421,0.687316
3,C3 Hybrid,2023-08,2023-08-31,P_selected,RDS,0.003881662664486593,BUY,1.4095484626988393,1.4095484626988393,1.4095484626988393,407854.3275,0.9259218514532707,2023-08,2023-08,0.7127,0.011421,0.687316
3,C3 Hybrid,2023-08,2023-08-31,P_selected,LBV,0.0024972188624704937,NEUTRAL,-0.07019365958727189,-0.07019365958727189,-0.035096829793635945,2625726.45,1.0,2023-08,2023-08,0.7127,0.011421,0.687316
3,C3 Hybrid,2023-08,2023-08-31,P_selected,CRS,0.0021607054354852743,NEUTRAL,-0.13576440576245385,-0.13576440576245385,-0.06788220288122693,17293.1015,0.023584226435771845,2023-08,2023-08,0.7127,0.011421,0.687316
3,C3 Hybrid,2023-08,2023-08-31,P_selected,CDM,0.0012018782159698995,NEUTRAL,-0.16901425306966383,-0.16901425306966383,-0.08450712653483192,18651.05,0.024089773189593135,2023-08,2023-08,0.7127,0.011421,0.687316
3,C3 Hybrid,2023-08,2023-08-31,P_selected,SNP,0.0011059545645587727,BUY,0.21503427353089055,0.21503427353089055,0.21503427353089055,521857.4949999998,0.9872541266536463,2023-08,2023-08,0.7127,0.011421,0.687316
3,C3 Hybrid,2023-08,2023-08-31,P_selected,DHO,0.0007392458736778667,NEUTRAL,0.19647584252257635,0.19647584252257635,0.09823792126128818,167634.645,0.21117693947962812,2023-08,2023-08,0.7127,0.011421,0.687316
3,C3 Hybrid,2023-08,2023-08-31,P_selected,BOA,0.0003740750333028181,NEUTRAL,0.1519760094896942,0.1519760094896942,0.0759880047448471,4308750.470000001,1.0,2023-08,2023-08,0.7127,0.011421,0.687316
3,C3 Hybrid,2023-08,2023-08-31,P_selected,SID,0.00027483955670001126,NEUTRAL,0.026722887152705488,0.026722887152705488,0.013361443576352744,1203045.67,0.9999997614605088,2023-08,2023-08,0.7127,0.011421,0.687316
3,C3 Hybrid,2023-08,2023-08-31,P_selected,MUT,0.00026765477011597575,NEUTRAL,-0.18031481708876815,-0.18031481708876815,-0.09015740854438407,918897.5449999996,0.9999775087274692,2023-08,2023-08,0.7127,0.011421,0.687316
3,C3 Hybrid,2023-08,2023-08-31,P_selected,MNG,0.00021295662415419587,NEUTRAL,-0.09849147730510681,-0.09849147730510681,-0.049245738652553404,743997.85,0.9996308600834183,2023-08,2023-08,0.7127,0.011421,0.687316
3,C3 Hybrid,2023-08,2023-08-31,P_selected,ATW,0.00018110419079700782,NEUTRAL,-0.14454159404335165,-0.14454159404335165,-0.07227079702167583,15413165.304999998,1.0,2023-08,2023-08,0.7127,0.011421,0.687316
3,C3 Hybrid,2023-08,2023-08-31,P_selected,BCI,0.0001333897451666814,NEUTRAL,0.07862067211453141,0.07862067211453141,0.03931033605726571,4676055.965000001,1.0,2023-08,2023-08,0.7127,0.011421,0.687316
3,C3 Hybrid,2023-08,2023-08-31,P_selected,MDP,0.00010140052687737728,BUY,0.5992693280997139,0.5992693280997139,0.5992693280997139,173329.6810000001,0.22675512306242604,2023-08,2023-08,0.7127,0.011421,0.687316
3,C3 Hybrid,2023-09,2023-09-27,P_selected,AKT,0.1,BUY,0.9192969680137604,0.9192969680137604,0.9192969680137604,8180759.1375,1.0,2023-09,2023-09,0.7885,0.012647,0.684693
3,C3 Hybrid,2023-09,2023-09-27,P_selected,M2M,0.08031847793924052,NEUTRAL,0.12212265985020754,0.12212265985020754,0.06106132992510377,175707.8,0.2334959589220167,2023-09,2023-09,0.7885,0.012647,0.684693
3,C3 Hybrid,2023-09,2023-09-27,P_selected,RIS,0.07705675001943024,BUY,0.9630257036756819,0.9630257036756819,0.9630257036756819,3183156.9175,1.0,2023-09,2023-09,0.7885,0.012647,0.684693
3,C3 Hybrid,2023-09,2023-09-27,P_selected,SMI,0.0770379650103311,BUY,0.4514412479758701,0.4514412479758701,0.4514412479758701,493937.75,0.9802180278723572,2023-09,2023-09,0.7885,0.012647,0.684693
3,C3 Hybrid,2023-09,2023-09-27,P_selected,CSR,0.07616080847086829,BUY,2.0628007742930876,2.0628007742930876,2.0628007742930876,3045668.365,1.0,2023-09,2023-09,0.7885,0.012647,0.684693
3,C3 Hybrid,2023-09,2023-09-27,P_selected,EQD,0.07544571598229774,BUY,0.4892807692498068,0.4892807692498068,0.4892807692498068,1062536.95,0.9999977410116079,2023-09,2023-09,0.7885,0.012647,0.684693
3,C3 Hybrid,2023-09,2023-09-27,P_selected,ADI,0.07429244818565485,BUY,1.82097673949396,1.82097673949396,1.82097673949396,12172992.123,1.0,2023-09,2023-09,0.7885,0.012647,0.684693
3,C3 Hybrid,2023-09,2023-09-27,P_selected,JET,0.07334558886747741,BUY,0.8797216427845294,0.8797216427845294,0.8797216427845294,1171576.085,0.9999996053307462,2023-09,2023-09,0.7885,0.012647,0.684693
3,C3 Hybrid,2023-09,2023-09-27,P_selected,AGM,0.06235202342676999,NEUTRAL,-0.03336248650039346,-0.03336248650039346,-0.01668124325019673,172394.9,0.22414341455442785,2023-09,2023-09,0.7885,0.012647,0.684693
3,C3 Hybrid,2023-09,2023-09-27,P_selected,MIC,0.050065519676294065,BUY,0.45199548990976435,0.45199548990976435,0.45199548990976435,316845.7950000003,0.7445080419360984,2023-09,2023-09,0.7885,0.012647,0.684693
3,C3 Hybrid,2023-09,2023-09-27,P_selected,CMT,0.04620800438403564,NEUTRAL,0.036541938219836145,0.036541938219836145,0.018270969109918073,1098404.15,0.999998727424391,2023-09,2023-09,0.7885,0.012647,0.684693
3,C3 Hybrid,2023-09,2023-09-27,P_selected,SOT,0.04177897209100008,NEUTRAL,-0.12722439249749887,-0.12722439249749887,-0.06361219624874943,724950.345,0.9994994015342568,2023-09,2023-09,0.7885,0.012647,0.684693
3,C3 Hybrid,2023-09,2023-09-27,P_selected,RDS,0.03085134215023827,BUY,1.3442200131200974,1.3442200131200974,1.3442200131200974,1954963.0844999999,0.9999999999985787,2023-09,2023-09,0.7885,0.012647,0.684693
3,C3 Hybrid,2023-09,2023-09-27,P_selected,MOX,0.02056533176783683,BUY,0.24833158644862685,0.24833158644862685,0.24833158644862685,9908.349999999997,0.021011162426024705,2023-09,2023-09,0.7885,0.012647,0.684693
3,C3 Hybrid,2023-09,2023-09-27,P_selected,SID,0.02030661201733044,BUY,0.3541547288646293,0.3541547288646293,0.3541547288646293,2414992.135,0.9999999999999991,2023-09,2023-09,0.7885,0.012647,0.684693
3,C3 Hybrid,2023-09,2023-09-27,P_selected,COL,0.01563554192907216,NEUTRAL,-0.02571499650240895,-0.02571499650240895,-0.012857498251204476,42711.25499999999,0.03500540845059789,2023-09,2023-09,0.7885,0.012647,0.684693
3,C3 Hybrid,2023-09,2023-09-27,P_selected,MAB,0.012329499766429938,NEUTRAL,0.02186858448889549,0.02186858448889549,0.010934292244447745,34038.75,0.030608820659839886,2023-09,2023-09,0.7885,0.012647,0.684693
3,C3 Hybrid,2023-09,2023-09-27,P_selected,S2M,0.010308356907142786,NEUTRAL,-0.11709329823937985,-0.11709329823937985,-0.058546649119689924,1801.4900000000002,0.01850245366445203,2023-09,2023-09,0.7885,0.012647,0.684693
3,C3 Hybrid,2023-09,2023-09-27,P_selected,TGC,0.0077546136189908434,BUY,0.21430810175055068,0.21430810175055068,0.21430810175055068,4125233.915,1.0,2023-09,2023-09,0.7885,0.012647,0.684693
3,C3 Hybrid,2023-09,2023-09-27,P_selected,PRO,0.006505842790245413,NEUTRAL,0.02557568237593394,0.02557568237593394,0.01278784118796697,8198.25,0.020455657746682468,2023-09,2023-09,0.7885,0.012647,0.684693
3,C3 Hybrid,2023-09,2023-09-27,P_selected,CRS,0.00632927870410218,NEUTRAL,-0.1528606999074215,-0.1528606999074215,-0.07643034995371074,13235.733499999998,0.022134638390276573,2023-09,2023-09,0.7885,0.012647,0.684693
3,C3 Hybrid,2023-09,2023-09-27,P_selected,ALM,0.006101023163621581,NEUTRAL,-0.1195835862518945,-0.1195835862518945,-0.05979179312594725,29410.9,0.028486479905666027,2023-09,2023-09,0.7885,0.012647,0.684693
3,C3 Hybrid,2023-09,2023-09-27,P_selected,ADH,0.004901378507963458,BUY,1.1816851190658002,1.1816851190658002,1.1816851190658002,29831905.613000005,1.0,2023-09,2023-09,0.7885,0.012647,0.684693
3,C3 Hybrid,2023-09,2023-09-27,P_selected,IBC,0.004235213085201323,BUY,0.5161679579949683,0.5161679579949683,0.5161679579949683,2021.2164999999943,0.018566405983446114,2023-09,2023-09,0.7885,0.012647,0.684693
3,C3 Hybrid,2023-09,2023-09-27,P_selected,IAM,0.0036633442135734205,NEUTRAL,-0.08350317348808656,-0.08350317348808656,-0.04175158674404328,6901184.76,1.0,2023-09,2023-09,0.7885,0.012647,0.684693
3,C3 Hybrid,2023-09,2023-09-27,P_selected,TMA,0.0033321223597305096,NEUTRAL,-0.1712365741055464,-0.1712365741055464,-0.0856182870527732,597053.0,0.9961385669488584,2023-09,2023-09,0.7885,0.012647,0.684693
3,C3 Hybrid,2023-09,2023-09-27,P_selected,MDP,0.002398243709838755,BUY,0.3714504126431072,0.3714504126431072,0.3714504126431072,148297.9320000001,0.16420975307617391,2023-09,2023-09,0.7885,0.012647,0.684693
3,C3 Hybrid,2023-09,2023-09-27,P_selected,INV,0.0020888541451940753,BUY,0.5736109202581687,0.5736109202581687,0.5736109202581687,44442.976,0.0359535245777611,2023-09,2023-09,0.7885,0.012647,0.684693
3,C3 Hybrid,2023-09,2023-09-27,P_selected,FBR,0.001908243331274166,BUY,0.6874347468200441,0.6874347468200441,0.6874347468200441,119445.834,0.11018364196179077,2023-09,2023-09,0.7885,0.012647,0.684693
3,C3 Hybrid,2023-09,2023-09-27,P_selected,ARD,0.0012694380997766647,NEUTRAL,-0.00455393528376466,-0.00455393528376466,-0.00227696764188233,365714.9475000001,0.8642959883260736,2023-09,2023-09,0.7885,0.012647,0.684693
3,C3 Hybrid,2023-09,2023-09-27,P_selected,CMA,0.001118701484863425,NEUTRAL,0.04258348868673463,0.04258348868673463,0.021291744343367315,2491748.75,0.9999999999999998,2023-09,2023-09,0.7885,0.012647,0.684693
3,C3 Hybrid,2023-09,2023-09-27,P_selected,NKL,0.0007842347565006107,NEUTRAL,0.11246149772910977,0.11246149772910977,0.05623074886455488,43279.198,0.03531367097998102,2023-09,2023-09,0.7885,0.012647,0.684693
3,C3 Hybrid,2023-09,2023-09-27,P_selected,DHO,0.0006344459999700447,NEUTRAL,0.1913030930794179,0.1913030930794179,0.09565154653970895,581665.9195000001,0.9950659787091841,2023-09,2023-09,0.7885,0.012647,0.684693
3,C3 Hybrid,2023-09,2023-09-27,P_selected,ATH,0.0005560047601123214,NEUTRAL,0.18972603935843588,0.18972603935843588,0.09486301967921794,1294029.0925,0.9999999443656786,2023-09,2023-09,0.7885,0.012647,0.684693
3,C3 Hybrid,2023-09,2023-09-27,P_selected,AFI,0.0003566517116956147,NEUTRAL,0.007646523096233954,0.007646523096233954,0.003823261548116977,64551.0,0.04893060316708907,2023-09,2023-09,0.7885,0.012647,0.684693
3,C3 Hybrid,2023-09,2023-09-27,P_selected,GAZ,0.00032827684149175677,NEUTRAL,-0.03572040656628234,-0.03572040656628234,-0.01786020328314117,175401.75,0.2326206952060757,2023-09,2023-09,0.7885,0.012647,0.684693
3,C3 Hybrid,2023-09,2023-09-27,P_selected,LHM,0.00032727004625282536,NEUTRAL,0.06312652658352418,0.06312652658352418,0.03156326329176209,3041841.45,1.0,2023-09,2023-09,0.7885,0.012647,0.684693
3,C3 Hybrid,2023-09,2023-09-27,P_selected,ATL,0.00030654747627444263,NEUTRAL,-0.08793478620442195,-0.08793478620442195,-0.043967393102210976,1336113.415,0.999999971626626,2023-09,2023-09,0.7885,0.012647,0.684693
3,C3 Hybrid,2023-09,2023-09-27,P_selected,SBM,0.0002610883426053299,NEUTRAL,0.13353218619631818,0.13353218619631818,0.06676609309815909,536780.2,0.9899340830464087,2023-09,2023-09,0.7885,0.012647,0.684693
3,C3 Hybrid,2023-09,2023-09-27,P_selected,SNP,0.00022433369837046083,BUY,0.6719794747182053,0.6719794747182053,0.6719794747182053,856346.7099999997,0.9999388150030802,2023-09,2023-09,0.7885,0.012647,0.684693
3,C3 Hybrid,2023-09,2023-09-27,P_selected,BCP,0.00013902155390188578,NEUTRAL,-0.026919705707785922,-0.026919705707785922,-0.013459852853892961,4416649.8774999995,1.0,2023-09,2023-09,0.7885,0.012647,0.684693
3,C3 Hybrid,2023-09,2023-09-27,P_selected,MUT,0.00013255017463828015,NEUTRAL,-0.1684994315697269,-0.1684994315697269,-0.08424971578486345,1555203.025,0.9999999991478414,2023-09,2023-09,0.7885,0.012647,0.684693
3,C3 Hybrid,2023-10,2023-10-31,P_selected,MLE,0.1,BUY,2.3911088862849,2.3911088862849,2.3911088862849,1001.7,0.01827149147465508,2023-10,2023-10,0.8206,0.011264,0.665475
3,C3 Hybrid,2023-10,2023-10-31,P_selected,ADI,0.09773559367154838,BUY,1.455650450154961,1.455650450154961,1.455650450154961,4632337.0475,1.0,2023-10,2023-10,0.8206,0.011264,0.665475
3,C3 Hybrid,2023-10,2023-10-31,P_selected,CMA,0.095406094827319,NEUTRAL,-0.020718554837613104,-0.020718554837613104,-0.010359277418806552,7454566.0,1.0,2023-10,2023-10,0.8206,0.011264,0.665475
3,C3 Hybrid,2023-10,2023-10-31,P_selected,AKT,0.08688600331902037,BUY,0.6447674614857457,0.6447674614857457,0.6447674614857457,8463698.025,1.0,2023-10,2023-10,0.8206,0.011264,0.665475
3,C3 Hybrid,2023-10,2023-10-31,P_selected,LES,0.08238455089693485,NEUTRAL,-0.19213276973444493,-0.19213276973444493,-0.09606638486722247,1577609.0125000007,0.9999999994045741,2023-10,2023-10,0.8206,0.011264,0.665475
3,C3 Hybrid,2023-10,2023-10-31,P_selected,JET,0.08049198139978547,BUY,0.7127836249397331,0.7127836249397331,0.7127836249397331,1179271.565,0.9999996510528605,2023-10,2023-10,0.8206,0.011264,0.665475
3,C3 Hybrid,2023-10,2023-10-31,P_selected,ADH,0.07308348024157613,BUY,1.8344210803489636,1.8344210803489636,1.8344210803489636,11950268.184500001,1.0,2023-10,2023-10,0.8206,0.011264,0.665475
3,C3 Hybrid,2023-10,2023-10-31,P_selected,IMO,0.06985416797075378,NEUTRAL,-0.044480406382032434,-0.044480406382032434,-0.022240203191016217,246494.33,0.4859809953202941,2023-10,2023-10,0.8206,0.011264,0.665475
3,C3 Hybrid,2023-10,2023-10-31,P_selected,SOT,0.0566973363512961,NEUTRAL,0.012791337089990917,0.012791337089990917,0.006395668544995459,1003430.3,0.9999941839581148,2023-10,2023-10,0.8206,0.011264,0.665475
3,C3 Hybrid,2023-10,2023-10-31,P_selected,DWY,0.0558382177708807,NEUTRAL,-0.08593856369183406,-0.08593856369183406,-0.04296928184591703,1102735.3999999997,0.9999988126273957,2023-10,2023-10,0.8206,0.011264,0.665475
3,C3 Hybrid,2023-10,2023-10-31,P_selected,MNG,0.042725243534520674,NEUTRAL,-0.1783605445379623,-0.1783605445379623,-0.08918027226898115,1449553.4,0.9999999953799228,2023-10,2023-10,0.8206,0.011264,0.665475
3,C3 Hybrid,2023-10,2023-10-31,P_selected,BCI,0.022687690002046748,NEUTRAL,0.1307993629710249,0.1307993629710249,0.06539968148551245,740281.755,0.9996082551807979,2023-10,2023-10,0.8206,0.011264,0.665475
3,C3 Hybrid,2023-10,2023-10-31,P_selected,AFI,0.022445472708333622,NEUTRAL,-0.14745218276231128,-0.14745218276231128,-0.07372609138115564,98641.14499999999,0.08152973877138645,2023-10,2023-10,0.8206,0.011264,0.665475
3,C3 Hybrid,2023-10,2023-10-31,P_selected,RDS,0.020418452912649713,BUY,1.6294889669701145,1.6294889669701145,1.6294889669701145,822113.3400000001,0.9998941956844752,2023-10,2023-10,0.8206,0.011264,0.665475
3,C3 Hybrid,2023-10,2023-10-31,P_selected,HPS,0.020391818980149023,NEUTRAL,-0.19892141285113235,-0.19892141285113235,-0.09946070642556618,950247.25,0.9999863799777023,2023-10,2023-10,0.8206,0.011264,0.665475
3,C3 Hybrid,2023-10,2023-10-31,P_selected,MUT,0.015138518373711825,BUY,0.6378664341035551,0.6378664341035551,0.6378664341035551,3860779.0925,1.0,2023-10,2023-10,0.8206,0.011264,0.665475
3,C3 Hybrid,2023-10,2023-10-31,P_selected,AFM,0.010130575438739636,NEUTRAL,0.05493333882084646,0.05493333882084646,0.02746666941042323,23460.25,0.025966562006500035,2023-10,2023-10,0.8206,0.011264,0.665475
3,C3 Hybrid,2023-10,2023-10-31,P_selected,RIS,0.009719730674714877,BUY,0.6229858091763608,0.6229858091763608,0.6229858091763608,2183994.935,0.9999999999999636,2023-10,2023-10,0.8206,0.011264,0.665475
3,C3 Hybrid,2023-10,2023-10-31,P_selected,ATW,0.007085238506296718,NEUTRAL,-0.04037702959324149,-0.04037702959324149,-0.020188514796620746,28185299.9575,1.0,2023-10,2023-10,0.8206,0.011264,0.665475
3,C3 Hybrid,2023-10,2023-10-31,P_selected,PRO,0.0066112215420259446,BUY,0.2610734368113707,0.2610734368113707,0.2610734368113707,17229.45,0.023560785532397866,2023-10,2023-10,0.8206,0.011264,0.665475
3,C3 Hybrid,2023-10,2023-10-31,P_selected,SMI,0.005506399098413582,BUY,0.413633939458269,0.413633939458269,0.413633939458269,154445.3,0.1781583170600557,2023-10,2023-10,0.8206,0.011264,0.665475
3,C3 Hybrid,2023-10,2023-10-31,P_selected,CIH,0.004541003782697042,NEUTRAL,0.12108097421481524,0.12108097421481524,0.06054048710740762,1047085.43,0.999997107443291,2023-10,2023-10,0.8206,0.011264,0.665475
3,C3 Hybrid,2023-10,2023-10-31,P_selected,CSR,0.003803122402044212,NEUTRAL,0.179686500376585,0.179686500376585,0.0898432501882925,15955280.367500002,1.0,2023-10,2023-10,0.8206,0.011264,0.665475
3,C3 Hybrid,2023-10,2023-10-31,P_selected,IAM,0.0027309210282711062,NEUTRAL,0.1263624789424632,0.1263624789424632,0.0631812394712316,7495288.731500002,1.0,2023-10,2023-10,0.8206,0.011264,0.665475
3,C3 Hybrid,2023-10,2023-10-31,P_selected,INV,0.001832849172664837,BUY,0.2610543889450142,0.2610543889450142,0.2610543889450142,13243.925,0.022137475408416932,2023-10,2023-10,0.8206,0.011264,0.665475
3,C3 Hybrid,2023-10,2023-10-31,P_selected,S2M,0.001118580789065638,NEUTRAL,0.07933064359502276,0.07933064359502276,0.03966532179751138,2098.2725,0.01858888477738341,2023-10,2023-10,0.8206,0.011264,0.665475
3,C3 Hybrid,2023-10,2023-10-31,P_selected,SID,0.001043380554008475,BUY,0.6573008957456211,0.6573008957456211,0.6573008957456211,4286500.55,1.0,2023-10,2023-10,0.8206,0.011264,0.665475
3,C3 Hybrid,2023-10,2023-10-31,P_selected,LBV,0.0007909090003512611,NEUTRAL,-0.2088879806741039,-0.2088879806741039,-0.10444399033705196,4748018.9,1.0,2023-10,2023-10,0.8206,0.011264,0.665475
3,C3 Hybrid,2023-10,2023-10-31,P_selected,SNP,0.0007154258444593258,NEUTRAL,0.018395349706270693,0.018395349706270693,0.009197674853135347,378781.0649999998,0.8870039967900452,2023-10,2023-10,0.8206,0.011264,0.665475
3,C3 Hybrid,2023-10,2023-10-31,P_selected,MIC,0.0006094876184656391,NEUTRAL,-0.03058882009657328,-0.03058882009657328,-0.01529441004828664,288524.5800000003,0.6493978126372109,2023-10,2023-10,0.8206,0.011264,0.665475
3,C3 Hybrid,2023-10,2023-10-31,P_selected,DYT,0.00035026965861289497,NEUTRAL,0.10377988770333252,0.10377988770333252,0.05188994385166626,122199.15499999998,0.11457749617457882,2023-10,2023-10,0.8206,0.011264,0.665475
3,C3 Hybrid,2023-10,2023-10-31,P_selected,TQM,0.00033913612624364534,NEUTRAL,0.03212966415930654,0.03212966415930654,0.01606483207965327,1930103.15,0.9999999999978844,2023-10,2023-10,0.8206,0.011264,0.665475
3,C3 Hybrid,2023-10,2023-10-31,P_selected,MDP,0.00023706817885990361,BUY,0.44937029384603244,0.44937029384603244,0.44937029384603244,85977.3005000001,0.06758681098832622,2023-10,2023-10,0.8206,0.011264,0.665475
3,C3 Hybrid,2023-10,2023-10-31,P_selected,CDM,0.0002193332927288085,NEUTRAL,-0.19397307801008548,-0.19397307801008548,-0.09698653900504274,316092.4,0.7422083694456367,2023-10,2023-10,0.8206,0.011264,0.665475
3,C3 Hybrid,2023-10,2023-10-31,P_selected,MSA,0.00017209039636718724,NEUTRAL,-0.17940345579305197,-0.17940345579305197,-0.08970172789652599,9491637.1775,1.0,2023-10,2023-10,0.8206,0.011264,0.665475
3,C3 Hybrid,2023-10,2023-10-31,P_selected,CMT,0.00012348442852220843,NEUTRAL,0.16536734182821464,0.16536734182821464,0.08268367091410732,2200877.15,0.9999999999999722,2023-10,2023-10,0.8206,0.011264,0.665475
3,C3 Hybrid,2023-11,2023-11-30,P_selected,AKT,0.1,BUY,1.1685462002524807,1.1685462002524807,1.1685462002524807,3633133.62,1.0,2023-11,2023-11,0.7703,0.011603,0.72447
3,C3 Hybrid,2023-11,2023-11-30,P_selected,IMO,0.1,BUY,0.6558968635201149,0.6558968635201149,0.6558968635201149,478971.99399999995,0.974999762534491,2023-11,2023-11,0.7703,0.011603,0.72447
3,C3 Hybrid,2023-11,2023-11-30,P_selected,PRO,0.09452073993070834,BUY,0.2764464262159438,0.2764464262159438,0.2764464262159438,6187.55,0.0198208839431261,2023-11,2023-11,0.7703,0.011603,0.72447
3,C3 Hybrid,2023-11,2023-11-30,P_selected,CMT,0.07923209888726702,BUY,1.1176050973004714,1.1176050973004714,1.1176050973004714,2560967.55,1.0,2023-11,2023-11,0.7703,0.011603,0.72447
3,C3 Hybrid,2023-11,2023-11-30,P_selected,BCP,0.06104111063695656,BUY,1.4378336695031266,1.4378336695031266,1.4378336695031266,20457196.2625,1.0,2023-11,2023-11,0.7703,0.011603,0.72447
3,C3 Hybrid,2023-11,2023-11-30,P_selected,ADI,0.06037405227206288,BUY,1.5974490923634805,1.5974490923634805,1.5974490923634805,2184105.7175000003,0.9999999999999636,2023-11,2023-11,0.7703,0.011603,0.72447
3,C3 Hybrid,2023-11,2023-11-30,P_selected,EQD,0.05974321838263945,BUY,0.8802370854803336,0.8802370854803336,0.8802370854803336,877409.7,0.9999563190676561,2023-11,2023-11,0.7703,0.011603,0.72447
3,C3 Hybrid,2023-11,2023-11-30,P_selected,SMI,0.05722199285455684,BUY,0.48849668441199967,0.48849668441199967,0.48849668441199967,538610.45,0.9902217386082243,2023-11,2023-11,0.7703,0.011603,0.72447
3,C3 Hybrid,2023-11,2023-11-30,P_selected,CRS,0.057095728413957686,NEUTRAL,0.16352152311848378,0.16352152311848378,0.08176076155924189,17723.0925,0.023743176191543834,2023-11,2023-11,0.7703,0.011603,0.72447
3,C3 Hybrid,2023-11,2023-11-30,P_selected,ADH,0.04973645982984418,BUY,1.7223068099492516,1.7223068099492516,1.7223068099492516,6251753.325000001,1.0,2023-11,2023-11,0.7703,0.011603,0.72447
3,C3 Hybrid,2023-11,2023-11-30,P_selected,MUT,0.04567838220013731,BUY,0.5528535724125053,0.5528535724125053,0.5528535724125053,951106.2949999996,0.9999865658979424,2023-11,2023-11,0.7703,0.011603,0.72447
3,C3 Hybrid,2023-11,2023-11-30,P_selected,GAZ,0.04419445708526624,NEUTRAL,0.0485767745873614,0.0485767745873614,0.0242883872936807,446798.6,0.9588605288062586,2023-11,2023-11,0.7703,0.011603,0.72447
3,C3 Hybrid,2023-11,2023-11-30,P_selected,BCI,0.026757748957935448,BUY,0.28995426459642126,0.28995426459642126,0.28995426459642126,332245.52999999997,0.7885035141225462,2023-11,2023-11,0.7703,0.011603,0.72447
3,C3 Hybrid,2023-11,2023-11-30,P_selected,ATW,0.021440561480447786,BUY,0.5845547128528552,0.5845547128528552,0.5845547128528552,49640525.457499996,1.0,2023-11,2023-11,0.7703,0.011603,0.72447
3,C3 Hybrid,2023-11,2023-11-30,P_selected,AFM,0.01685921648347865,BUY,0.29989446565864586,0.29989446565864586,0.29989446565864586,21870.65,0.025330984793010814,2023-11,2023-11,0.7703,0.011603,0.72447
3,C3 Hybrid,2023-11,2023-11-30,P_selected,MOX,0.014187774316879228,NEUTRAL,0.08282585473536624,0.08282585473536624,0.04141292736768312,801.6999999999971,0.018214179410860776,2023-11,2023-11,0.7703,0.011603,0.72447
3,C3 Hybrid,2023-11,2023-11-30,P_selected,MNG,0.013586761145960908,NEUTRAL,-0.19655096354733995,-0.19655096354733995,-0.09827548177366997,1531260.2,0.9999999987500512,2023-11,2023-11,0.7703,0.011603,0.72447
3,C3 Hybrid,2023-11,2023-11-30,P_selected,SAH,0.011641697884106158,BUY,0.3624512125898047,0.3624512125898047,0.3624512125898047,431148.1,0.947765781556621,2023-11,2023-11,0.7703,0.011603,0.72447
3,C3 Hybrid,2023-11,2023-11-30,P_selected,RIS,0.011351687788440546,BUY,0.4444709618243173,0.4444709618243173,0.4444709618243173,1074754.545,0.9999981421201349,2023-11,2023-11,0.7703,0.011603,0.72447
3,C3 Hybrid,2023-11,2023-11-30,P_selected,MIC,0.010706784687260957,BUY,0.2228350147370592,0.2228350147370592,0.2228350147370592,570485.6000000003,0.9941051834177338,2023-11,2023-11,0.7703,0.011603,0.72447
3,C3 Hybrid,2023-11,2023-11-30,P_selected,HPS,0.008804160102321951,BUY,0.21457745152368785,0.21457745152368785,0.21457745152368785,3602107.95,1.0,2023-11,2023-11,0.7703,0.011603,0.72447
3,C3 Hybrid,2023-11,2023-11-30,P_selected,MDP,0.008783009922776917,NEUTRAL,-0.14937131528039552,-0.14937131528039552,-0.07468565764019776,24953.841000000095,0.026577879656565682,2023-11,2023-11,0.7703,0.011603,0.72447
3,C3 Hybrid,2023-11,2023-11-30,P_selected,S2M,0.008773429639316184,NEUTRAL,0.03137521986011538,0.03137521986011538,0.01568760993005769,3654.0,0.019048474973955103,2023-11,2023-11,0.7703,0.011603,0.72447
3,C3 Hybrid,2023-11,2023-11-30,P_selected,CTM,0.008622048275641395,NEUTRAL,-0.03352014410853768,-0.03352014410853768,-0.01676007205426884,19458.265,0.024395281747280357,2023-11,2023-11,0.7703,0.011603,0.72447
3,C3 Hybrid,2023-11,2023-11-30,P_selected,CIH,0.00681537233493805,NEUTRAL,0.21145841248702554,0.21145841248702554,0.10572920624351277,2447255.165,0.9999999999999996,2023-11,2023-11,0.7703,0.011603,0.72447
3,C3 Hybrid,2023-11,2023-11-30,P_selected,COL,0.004301397534134997,BUY,0.33533498171668946,0.33533498171668946,0.33533498171668946,29213.8685,0.028399363921856092,2023-11,2023-11,0.7703,0.011603,0.72447
3,C3 Hybrid,2023-11,2023-11-30,P_selected,LBV,0.00404939906980952,BUY,0.4991585470611453,0.4991585470611453,0.4991585470611453,5825327.95,1.0,2023-11,2023-11,0.7703,0.011603,0.72447
3,C3 Hybrid,2023-11,2023-11-30,P_selected,SRM,0.002517474061693067,NEUTRAL,-0.1118259617421977,-0.1118259617421977,-0.05591298087109885,10026.575,0.021050107332836673,2023-11,2023-11,0.7703,0.011603,0.72447
3,C3 Hybrid,2023-11,2023-11-30,P_selected,DYT,0.002271913235258028,NEUTRAL,-0.21136589686049118,-0.21136589686049118,-0.10568294843024559,49654.1775,0.03895803031672604,2023-11,2023-11,0.7703,0.011603,0.72447
3,C3 Hybrid,2023-11,2023-11-30,P_selected,RDS,0.0019951820973335365,BUY,1.5187927923383548,1.5187927923383548,1.5187927923383548,128687.96500000001,0.1255388539153079,2023-11,2023-11,0.7703,0.011603,0.72447
3,C3 Hybrid,2023-11,2023-11-30,P_selected,AGM,0.001508444285517462,NEUTRAL,0.06582985392075397,0.06582985392075397,0.03291492696037698,61553.65,0.046746494820138214,2023-11,2023-11,0.7703,0.011603,0.72447
3,C3 Hybrid,2023-11,2023-11-30,P_selected,DHO,0.000961533275325394,BUY,0.34176959291924197,0.34176959291924197,0.34176959291924197,123718.929,0.1170675957368744,2023-11,2023-11,0.7703,0.011603,0.72447
3,C3 Hybrid,2023-11,2023-11-30,P_selected,BOA,0.0009426420645870856,BUY,0.21680029455613195,0.21680029455613195,0.21680029455613195,6361102.3725000005,1.0,2023-11,2023-11,0.7703,0.011603,0.72447
3,C3 Hybrid,2023-11,2023-11-30,P_selected,LHM,0.0008026977721735642,NEUTRAL,0.025089906262767914,0.025089906262767914,0.012544953131383957,4194738.85,1.0,2023-11,2023-11,0.7703,0.011603,0.72447
3,C3 Hybrid,2023-11,2023-11-30,P_selected,TGC,0.0007505092554127326,BUY,1.065429886132875,1.065429886132875,1.065429886132875,4168308.3,1.0,2023-11,2023-11,0.7703,0.011603,0.72447
3,C3 Hybrid,2023-11,2023-11-30,P_selected,IAM,0.0006856364340543944,BUY,0.37233723193017865,0.37233723193017865,0.37233723193017865,3791502.8405,1.0,2023-11,2023-11,0.7703,0.011603,0.72447
3,C3 Hybrid,2023-11,2023-11-30,P_selected,IBC,0.0005067913872743727,NEUTRAL,0.1559819146827931,0.1559819146827931,0.07799095734139655,2023.777999999994,0.018567152796110965,2023-11,2023-11,0.7703,0.011603,0.72447
3,C3 Hybrid,2023-11,2023-11-30,P_selected,LES,0.0004978763125037477,NEUTRAL,-0.07269288575855676,-0.07269288575855676,-0.03634644287927838,5129099.827500001,1.0,2023-11,2023-11,0.7703,0.011603,0.72447
3,C3 Hybrid,2023-11,2023-11-30,P_selected,MLE,0.00046336664065845326,NEUTRAL,-0.20131770513472272,-0.20131770513472272,-0.10065885256736136,127.30999999999999,0.01802222353535544,2023-11,2023-11,0.7703,0.011603,0.72447
3,C3 Hybrid,2023-11,2023-11-30,P_selected,INV,0.0003926434295002338,NEUTRAL,0.08685314990127907,0.08685314990127907,0.043426574950639535,1378.6100000000001,0.018379980354962785,2023-11,2023-11,0.7703,0.011603,0.72447
3,C3 Hybrid,2023-11,2023-11-30,P_selected,TQM,0.0001165659147601019,NEUTRAL,-0.2116472644972692,-0.2116472644972692,-0.1058236322486346,1741348.25,0.9999999999566438,2023-11,2023-11,0.7703,0.011603,0.72447
3,C3 Hybrid,2023-12,2023-12-29,P_selected,AKT,0.1,BUY,0.7617902578512635,0.7617902578512635,0.7617902578512635,4993683.725,1.0,2023-12,2023-12,0.7757,0.008905,0.845022
3,C3 Hybrid,2023-12,2023-12-29,P_selected,NEJ,0.1,BUY,1.3059298072863295,1.3059298072863295,1.3059298072863295,2546.8,0.018720260313677416,2023-12,2023-12,0.7757,0.008905,0.845022
3,C3 Hybrid,2023-12,2023-12-29,P_selected,SAH,0.07197332403047095,BUY,1.8953404780917424,1.8953404780917424,1.8953404780917424,16341221.15,1.0,2023-12,2023-12,0.7757,0.008905,0.845022
3,C3 Hybrid,2023-12,2023-12-29,P_selected,TGC,0.06877448675669219,BUY,1.005120783022041,1.005120783022041,1.005120783022041,3219010.3649999998,1.0,2023-12,2023-12,0.7757,0.008905,0.845022
3,C3 Hybrid,2023-12,2023-12-29,P_selected,M2M,0.06082988572931999,BUY,0.7109914996135541,0.7109914996135541,0.7109914996135541,1262581.0,0.999999907983331,2023-12,2023-12,0.7757,0.008905,0.845022
3,C3 Hybrid,2023-12,2023-12-29,P_selected,S2M,0.051305565889037556,BUY,1.3957083792219316,1.3957083792219316,1.3957083792219316,315804.26,0.741325284164511,2023-12,2023-12,0.7757,0.008905,0.845022
3,C3 Hybrid,2023-12,2023-12-29,P_selected,PRO,0.04686286409714265,BUY,0.6780410081972339,0.6780410081972339,0.6780410081972339,2084.5,0.018584865101829398,2023-12,2023-12,0.7757,0.008905,0.845022
3,C3 Hybrid,2023-12,2023-12-29,P_selected,LBV,0.04552234731492927,BUY,0.46031372486400146,0.46031372486400146,0.46031372486400146,8614153.1,1.0,2023-12,2023-12,0.7757,0.008905,0.845022
3,C3 Hybrid,2023-12,2023-12-29,P_selected,EQD,0.04503767077629649,BUY,1.210406078817793,1.210406078817793,1.210406078817793,1635925.4300000002,0.9999999997657909,2023-12,2023-12,0.7757,0.008905,0.845022
3,C3 Hybrid,2023-12,2023-12-29,P_selected,CDM,0.04099471051093412,BUY,0.2305983968511838,0.2305983968511838,0.2305983968511838,1770864.5,0.9999999999729634,2023-12,2023-12,0.7757,0.008905,0.845022
3,C3 Hybrid,2023-12,2023-12-29,P_selected,MIC,0.040622303962568926,BUY,0.48531988087114036,0.48531988087114036,0.48531988087114036,527852.0250000004,0.9884063045733789,2023-12,2023-12,0.7757,0.008905,0.845022
3,C3 Hybrid,2023-12,2023-12-29,P_selected,ADI,0.03942871421416059,BUY,0.9489906380924642,0.9489906380924642,0.9489906380924642,5741395.845000001,1.0,2023-12,2023-12,0.7757,0.008905,0.845022
3,C3 Hybrid,2023-12,2023-12-29,P_selected,MNG,0.03184053320177928,BUY,0.47786461835715377,0.47786461835715377,0.47786461835715377,1662092.55,0.9999999998459095,2023-12,2023-12,0.7757,0.008905,0.845022
3,C3 Hybrid,2023-12,2023-12-29,P_selected,CMT,0.030282949125491756,BUY,1.1102980801519489,1.1102980801519489,1.1102980801519489,3518110.9899999998,1.0,2023-12,2023-12,0.7757,0.008905,0.845022
3,C3 Hybrid,2023-12,2023-12-29,P_selected,GAZ,0.029396686658959184,NEUTRAL,0.21226087381748307,0.21226087381748307,0.10613043690874154,2112315.5,0.9999999999998854,2023-12,2023-12,0.7757,0.008905,0.845022
3,C3 Hybrid,2023-12,2023-12-29,P_selected,HPS,0.029310786478638134,BUY,0.9939668902433986,0.9939668902433986,0.9939668902433986,22994789.305,1.0,2023-12,2023-12,0.7757,0.008905,0.845022
3,C3 Hybrid,2023-12,2023-12-29,P_selected,AFM,0.028202132697146956,BUY,0.6686651362680749,0.6686651362680749,0.6686651362680749,239223.85,0.45700186833934314,2023-12,2023-12,0.7757,0.008905,0.845022
3,C3 Hybrid,2023-12,2023-12-29,P_selected,BOA,0.027035260243758456,BUY,0.4263053646590255,0.4263053646590255,0.4263053646590255,19336119.6625,1.0,2023-12,2023-12,0.7757,0.008905,0.845022
3,C3 Hybrid,2023-12,2023-12-29,P_selected,AGM,0.023722773565974895,BUY,0.2680077429168294,0.2680077429168294,0.2680077429168294,48750.1,0.0384200446118334,2023-12,2023-12,0.7757,0.008905,0.845022
3,C3 Hybrid,2023-12,2023-12-29,P_selected,CTM,0.012204428867240148,NEUTRAL,0.08722741973697676,0.08722741973697676,0.04361370986848838,20298.390000000003,0.024717256954898924,2023-12,2023-12,0.7757,0.008905,0.845022
3,C3 Hybrid,2023-12,2023-12-29,P_selected,BCI,0.009175665413676395,BUY,0.33236551323273783,0.33236551323273783,0.33236551323273783,2002401.3,0.9999999999993345,2023-12,2023-12,0.7757,0.008905,0.845022
3,C3 Hybrid,2023-12,2023-12-29,P_selected,DHO,0.00915969971219599,BUY,0.3921129084614366,0.3921129084614366,0.3921129084614366,735953.928,0.9995801792640159,2023-12,2023-12,0.7757,0.008905,0.845022
3,C3 Hybrid,2023-12,2023-12-29,P_selected,MLE,0.008995386138048345,BUY,0.5421085590239784,0.5421085590239784,0.5421085590239784,5414.0,0.019581850912460858,2023-12,2023-12,0.7757,0.008905,0.845022
3,C3 Hybrid,2023-12,2023-12-29,P_selected,TQM,0.007158801090339917,NEUTRAL,-0.17018490289904575,-0.17018490289904575,-0.08509245144952288,5259690.9,1.0,2023-12,2023-12,0.7757,0.008905,0.845022
3,C3 Hybrid,2023-12,2023-12-29,P_selected,IAM,0.006974598590352624,NEUTRAL,0.18872345054984596,0.18872345054984596,0.09436172527492298,19332654.2965,1.0,2023-12,2023-12,0.7757,0.008905,0.845022
3,C3 Hybrid,2023-12,2023-12-29,P_selected,CIH,0.006545301977076445,NEUTRAL,0.16142901402211302,0.16142901402211302,0.08071450701105651,6778233.9375,1.0,2023-12,2023-12,0.7757,0.008905,0.845022
3,C3 Hybrid,2023-12,2023-12-29,P_selected,RIS,0.006477882602177734,BUY,1.1514460603009993,1.1514460603009993,1.1514460603009993,9471936.3375,1.0,2023-12,2023-12,0.7757,0.008905,0.845022
3,C3 Hybrid,2023-12,2023-12-29,P_selected,JET,0.004973963142421881,BUY,0.4833796281230679,0.4833796281230679,0.4833796281230679,650833.655,0.9983631419194613,2023-12,2023-12,0.7757,0.008905,0.845022
3,C3 Hybrid,2023-12,2023-12-29,P_selected,SBM,0.003932840832864433,NEUTRAL,-0.04894630663756666,-0.04894630663756666,-0.02447315331878333,1765079.7,0.9999999999703415,2023-12,2023-12,0.7757,0.008905,0.845022
3,C3 Hybrid,2023-12,2023-12-29,P_selected,OUL,0.0035112497182474855,NEUTRAL,-0.07119645260597113,-0.07119645260597113,-0.035598226302985564,67578.7,0.05123487587991181,2023-12,2023-12,0.7757,0.008905,0.845022
3,C3 Hybrid,2023-12,2023-12-29,P_selected,SID,0.002753964232103827,BUY,0.45968672503576713,0.45968672503576713,0.45968672503576713,1803953.1,0.999999999984077,2023-12,2023-12,0.7757,0.008905,0.845022
3,C3 Hybrid,2023-12,2023-12-29,P_selected,SMI,0.00264825030212202,BUY,0.6498121631221943,0.6498121631221943,0.6498121631221943,232998.55,0.43241046996662813,2023-12,2023-12,0.7757,0.008905,0.845022
3,C3 Hybrid,2023-12,2023-12-29,P_selected,MOX,0.0014154627332436341,NEUTRAL,-0.03877650641220881,-0.03877650641220881,-0.019388253206104406,640.3499999999971,0.0181680715210388,2023-12,2023-12,0.7757,0.008905,0.845022
3,C3 Hybrid,2023-12,2023-12-29,P_selected,MUT,0.001289015360729541,BUY,0.4832535678167885,0.4832535678167885,0.4832535678167885,3589934.7824999997,1.0,2023-12,2023-12,0.7757,0.008905,0.845022
3,C3 Hybrid,2023-12,2023-12-29,P_selected,RDS,0.0006505200590244441,BUY,0.22775931941548178,0.22775931941548178,0.22775931941548178,207678.7995,0.33690010052086405,2023-12,2023-12,0.7757,0.008905,0.845022
3,C3 Hybrid,2023-12,2023-12-29,P_selected,CRS,0.0004973913943096343,NEUTRAL,-0.17685491898192957,-0.17685491898192957,-0.08842745949096478,8666.463500000002,0.02060630541786528,2023-12,2023-12,0.7757,0.008905,0.845022
3,C3 Hybrid,2023-12,2023-12-29,P_selected,COL,0.0003243609365835641,BUY,0.48226006730466464,0.48226006730466464,0.48226006730466464,165024.681,0.20430449072685516,2023-12,2023-12,0.7757,0.008905,0.845022
3,C3 Hybrid,2023-12,2023-12-29,P_selected,INV,0.0001625232011839709,BUY,0.4752293148261363,0.4752293148261363,0.4752293148261363,1421.92,0.018392487021370776,2023-12,2023-12,0.7757,0.008905,0.845022
3,C3 Hybrid,2024-01,2024-01-31,P_selected,ADI,0.1,BUY,3.4303322894805905,3.4303322894805905,3.4303322894805905,15345130.622500002,1.0,2024-01,2024-01,0.8631,0.012121,1.188478
3,C3 Hybrid,2024-01,2024-01-31,P_selected,AKT,0.1,BUY,0.7879127969107942,0.7879127969107942,0.7879127969107942,8142793.784999999,1.0,2024-01,2024-01,0.8631,0.012121,1.188478
3,C3 Hybrid,2024-01,2024-01-31,P_selected,JET,0.1,BUY,2.4478674879231366,2.4478674879231366,2.4478674879231366,2528861.3150000004,0.9999999999999998,2024-01,2024-01,0.8631,0.012121,1.188478
3,C3 Hybrid,2024-01,2024-01-31,P_selected,UMR,0.09745616154942895,BUY,1.8439534023046593,1.8439534023046593,1.8439534023046593,106.7,0.018016388560595085,2024-01,2024-01,0.8631,0.012121,1.188478
3,C3 Hybrid,2024-01,2024-01-31,P_selected,DYT,0.07470130085455273,BUY,1.114812585069528,1.114812585069528,1.114812585069528,580627.6725000001,0.9949837449950952,2024-01,2024-01,0.8631,0.012121,1.188478
3,C3 Hybrid,2024-01,2024-01-31,P_selected,RDS,0.059461920112697415,BUY,1.9955396487015298,1.9955396487015298,1.9955396487015298,1302276.9564999999,0.9999999512436969,2024-01,2024-01,0.8631,0.012121,1.188478
3,C3 Hybrid,2024-01,2024-01-31,P_selected,RIS,0.05395728683737896,BUY,0.2767496183091188,0.2767496183091188,0.2767496183091188,1448157.5425,0.9999999952755783,2024-01,2024-01,0.8631,0.012121,1.188478
3,C3 Hybrid,2024-01,2024-01-31,P_selected,IMO,0.05370084432387075,BUY,0.2688393223429679,0.2688393223429679,0.2688393223429679,405667.2365,0.9234855671959803,2024-01,2024-01,0.8631,0.012121,1.188478
3,C3 Hybrid,2024-01,2024-01-31,P_selected,CDM,0.04996888044975632,NEUTRAL,0.09540188835405677,0.09540188835405677,0.04770094417702839,420847.32999999996,0.9389779819588523,2024-01,2024-01,0.8631,0.012121,1.188478
3,C3 Hybrid,2024-01,2024-01-31,P_selected,SMI,0.04079736730527151,BUY,0.6791828283382638,0.6791828283382638,0.6791828283382638,1967456.6,0.9999999999988363,2024-01,2024-01,0.8631,0.012121,1.188478
3,C3 Hybrid,2024-01,2024-01-31,P_selected,EQD,0.03591612181617077,BUY,0.5635085361627717,0.5635085361627717,0.5635085361627717,705048.0,0.999311817448991,2024-01,2024-01,0.8631,0.012121,1.188478
3,C3 Hybrid,2024-01,2024-01-31,P_selected,ARD,0.0350978040296164,NEUTRAL,0.010186910991009157,0.010186910991009157,0.0050934554955045785,1483984.33,0.9999999973368316,2024-01,2024-01,0.8631,0.012121,1.188478
3,C3 Hybrid,2024-01,2024-01-31,P_selected,INV,0.031883411116048754,BUY,0.6587068235093192,0.6587068235093192,0.6587068235093192,29917.479,0.028711652408231998,2024-01,2024-01,0.8631,0.012121,1.188478
3,C3 Hybrid,2024-01,2024-01-31,P_selected,CIH,0.025625203357863818,NEUTRAL,0.09084716794760746,0.09084716794760746,0.04542358397380373,3252529.8899999997,1.0,2024-01,2024-01,0.8631,0.012121,1.188478
3,C3 Hybrid,2024-01,2024-01-31,P_selected,SAH,0.025441346861225362,NEUTRAL,-0.03177770004326931,-0.03177770004326931,-0.015888850021634655,413681.8,0.9320686478240352,2024-01,2024-01,0.8631,0.012121,1.188478
3,C3 Hybrid,2024-01,2024-01-31,P_selected,BCI,0.025095333721225112,BUY,0.4980922566413414,0.4980922566413414,0.4980922566413414,2784113.5100000002,1.0,2024-01,2024-01,0.8631,0.012121,1.188478
3,C3 Hybrid,2024-01,2024-01-31,P_selected,HPS,0.023671252538283782,NEUTRAL,0.03474715969221347,0.03474715969221347,0.017373579846106733,2613318.2199999997,1.0,2024-01,2024-01,0.8631,0.012121,1.188478
3,C3 Hybrid,2024-01,2024-01-31,P_selected,TMA,0.01646540109701889,BUY,0.2597546964564947,0.2597546964564947,0.2597546964564947,1637733.3,0.9999999997724687,2024-01,2024-01,0.8631,0.012121,1.188478
3,C3 Hybrid,2024-01,2024-01-31,P_selected,MUT,0.012581179977595761,BUY,0.43515769903782964,0.43515769903782964,0.43515769903782964,2527308.9675,0.9999999999999998,2024-01,2024-01,0.8631,0.012121,1.188478
3,C3 Hybrid,2024-01,2024-01-31,P_selected,DWY,0.011374475822471437,NEUTRAL,0.10201095758634249,0.10201095758634249,0.051005478793171244,648790.7849999996,0.9983088476929789,2024-01,2024-01,0.8631,0.012121,1.188478
3,C3 Hybrid,2024-01,2024-01-31,P_selected,SID,0.010780763035434649,BUY,0.3913173115578442,0.3913173115578442,0.3913173115578442,2443983.605,0.9999999999999993,2024-01,2024-01,0.8631,0.012121,1.188478
3,C3 Hybrid,2024-01,2024-01-31,P_selected,CMT,0.005212233976608054,BUY,0.42611244407359766,0.42611244407359766,0.42611244407359766,2800205.45,1.0,2024-01,2024-01,0.8631,0.012121,1.188478
3,C3 Hybrid,2024-01,2024-01-31,P_selected,ADH,0.002641306506395468,BUY,2.749688657974234,2.749688657974234,2.749688657974234,9898389.202000001,1.0,2024-01,2024-01,0.8631,0.012121,1.188478
3,C3 Hybrid,2024-01,2024-01-31,P_selected,TGC,0.0018304014386668099,BUY,0.7143820422130821,0.7143820422130821,0.7143820422130821,7474786.657500001,1.0,2024-01,2024-01,0.8631,0.012121,1.188478
3,C3 Hybrid,2024-01,2024-01-31,P_selected,MIC,0.0015416306616133687,NEUTRAL,0.08048269250517026,0.08048269250517026,0.04024134625258513,746943.9550000003,0.999647850758702,2024-01,2024-01,0.8631,0.012121,1.188478
3,C3 Hybrid,2024-01,2024-01-31,P_selected,BOA,0.0012723658877967575,BUY,0.30180720756699375,0.30180720756699375,0.30180720756699375,3687381.585,1.0,2024-01,2024-01,0.8631,0.012121,1.188478
3,C3 Hybrid,2024-01,2024-01-31,P_selected,TQM,0.0012087652426029383,NEUTRAL,-0.1623147918129733,-0.1623147918129733,-0.08115739590648666,3631281.05,1.0,2024-01,2024-01,0.8631,0.012121,1.188478
3,C3 Hybrid,2024-01,2024-01-31,P_selected,MDP,0.0006010818999642722,NEUTRAL,0.1763344387207555,0.1763344387207555,0.08816721936037775,228221.0830000001,0.41375526869278345,2024-01,2024-01,0.8631,0.012121,1.188478
3,C3 Hybrid,2024-01,2024-01-31,P_selected,BCP,0.0005042419009950147,NEUTRAL,0.004920202676033077,0.004920202676033077,0.0024601013380165385,17885254.73,1.0,2024-01,2024-01,0.8631,0.012121,1.188478
3,C3 Hybrid,2024-01,2024-01-31,P_selected,NEJ,0.0003328710825234001,NEUTRAL,-0.19971149817809947,-0.19971149817809947,-0.09985574908904973,9636.8,0.020921976966906466,2024-01,2024-01,0.8631,0.012121,1.188478
3,C3 Hybrid,2024-01,2024-01-31,P_selected,ATW,0.0003079000690963639,NEUTRAL,-0.020539356095456193,-0.020539356095456193,-0.010269678047728097,23466225.814999998,1.0,2024-01,2024-01,0.8631,0.012121,1.188478
3,C3 Hybrid,2024-01,2024-01-31,P_selected,S2M,0.0002900375867768038,NEUTRAL,-0.15790186112672533,-0.15790186112672533,-0.07895093056336266,8464.5825,0.020541217480410965,2024-01,2024-01,0.8631,0.012121,1.188478
3,C3 Hybrid,2024-01,2024-01-31,P_selected,SNP,0.00028110840858356126,NEUTRAL,-0.08484057699817124,-0.08484057699817124,-0.04242028849908562,883666.9074999997,0.9999604802511665,2024-01,2024-01,0.8631,0.012121,1.188478
3,C3 Hybrid,2024-02,2024-02-29,P_selected,AKT,0.1,BUY,1.1036575795844277,1.1036575795844277,1.1036575795844277,10945682.17,1.0,2024-02,2024-02,0.9095,0.012474,1.208732
3,C3 Hybrid,2024-02,2024-02-29,P_selected,BOA,0.1,BUY,0.29942046423359403,0.29942046423359403,0.29942046423359403,4163997.8575000004,1.0,2024-02,2024-02,0.9095,0.012474,1.208732
3,C3 Hybrid,2024-02,2024-02-29,P_selected,IMO,0.1,BUY,1.1312091014996983,1.1312091014996983,1.1312091014996983,634544.4794999999,0.9978768132095764,2024-02,2024-02,0.9095,0.012474,1.208732
3,C3 Hybrid,2024-02,2024-02-29,P_selected,JET,0.1,BUY,3.1293004353338123,3.1293004353338123,3.1293004353338123,4083213.13,1.0,2024-02,2024-02,0.9095,0.012474,1.208732
3,C3 Hybrid,2024-02,2024-02-29,P_selected,ADI,0.08626765606504956,BUY,3.212650857661238,3.212650857661238,3.212650857661238,6208376.7225,1.0,2024-02,2024-02,0.9095,0.012474,1.208732
3,C3 Hybrid,2024-02,2024-02-29,P_selected,RDS,0.07694301227794725,BUY,2.93048549817982,2.93048549817982,2.93048549817982,2688570.9235,1.0,2024-02,2024-02,0.9095,0.012474,1.208732
3,C3 Hybrid,2024-02,2024-02-29,P_selected,EQD,0.06699975274783633,NEUTRAL,0.026756892856067853,0.026756892856067853,0.013378446428033926,355537.5,0.8440399575178157,2024-02,2024-02,0.9095,0.012474,1.208732
3,C3 Hybrid,2024-02,2024-02-29,P_selected,AFI,0.0658455066908712,BUY,0.26957111847135173,0.26957111847135173,0.26957111847135173,113726.23000000001,0.1015262303608932,2024-02,2024-02,0.9095,0.012474,1.208732
3,C3 Hybrid,2024-02,2024-02-29,P_selected,SMI,0.06421765360222417,BUY,0.44825319076753656,0.44825319076753656,0.44825319076753656,1361851.55,0.9999999812040575,2024-02,2024-02,0.9095,0.012474,1.208732
3,C3 Hybrid,2024-02,2024-02-29,P_selected,RIS,0.05615200825461165,NEUTRAL,0.09643143806269533,0.09643143806269533,0.048215719031347665,1779360.1949999998,0.9999999999763998,2024-02,2024-02,0.9095,0.012474,1.208732
3,C3 Hybrid,2024-02,2024-02-29,P_selected,CMT,0.04886700867636229,BUY,1.0376883595452495,1.0376883595452495,1.0376883595452495,4929366.0,1.0,2024-02,2024-02,0.9095,0.012474,1.208732
3,C3 Hybrid,2024-02,2024-02-29,P_selected,LBV,0.03579231838448146,NEUTRAL,0.15395154253503382,0.15395154253503382,0.07697577126751691,7394740.15,1.0,2024-02,2024-02,0.9095,0.012474,1.208732
3,C3 Hybrid,2024-02,2024-02-29,P_selected,MNG,0.03519557664171166,BUY,0.21633796380850878,0.21633796380850878,0.21633796380850878,2811680.1,1.0,2024-02,2024-02,0.9095,0.012474,1.208732
3,C3 Hybrid,2024-02,2024-02-29,P_selected,DYT,0.029439967015855252,BUY,0.7783452785361558,0.7783452785361558,0.7783452785361558,341638.67000000004,0.8124819696341875,2024-02,2024-02,0.9095,0.012474,1.208732
3,C3 Hybrid,2024-02,2024-02-29,P_selected,S2M,0.014207936370241859,NEUTRAL,-0.20613805798793747,-0.20613805798793747,-0.10306902899396873,6105.5125,0.0197953987951818,2024-02,2024-02,0.9095,0.012474,1.208732
3,C3 Hybrid,2024-02,2024-02-29,P_selected,TMA,0.004197008074550049,NEUTRAL,0.0018442625964662715,0.0018442625964662715,0.0009221312982331357,3163242.05,1.0,2024-02,2024-02,0.9095,0.012474,1.208732
3,C3 Hybrid,2024-02,2024-02-29,P_selected,SID,0.002725176702400757,BUY,0.7153578341610276,0.7153578341610276,0.7153578341610276,2219809.335,0.9999999999999796,2024-02,2024-02,0.9095,0.012474,1.208732
3,C3 Hybrid,2024-02,2024-02-29,P_selected,MUT,0.002551330359954669,BUY,0.4532441631338391,0.4532441631338391,0.4532441631338391,2293581.0324999997,0.9999999999999938,2024-02,2024-02,0.9095,0.012474,1.208732
3,C3 Hybrid,2024-02,2024-02-29,P_selected,IAM,0.002528281737830997,NEUTRAL,-0.050432735090785635,-0.050432735090785635,-0.025216367545392818,21562363.474,1.0,2024-02,2024-02,0.9095,0.012474,1.208732
3,C3 Hybrid,2024-02,2024-02-29,P_selected,TGC,0.002491654068170511,BUY,0.7925356379226637,0.7925356379226637,0.7925356379226637,7327413.1875,1.0,2024-02,2024-02,0.9095,0.012474,1.208732
3,C3 Hybrid,2024-02,2024-02-29,P_selected,ATW,0.0013563950019454102,NEUTRAL,-0.0839707626299872,-0.0839707626299872,-0.0419853813149936,42259225.375,1.0,2024-02,2024-02,0.9095,0.012474,1.208732
3,C3 Hybrid,2024-02,2024-02-29,P_selected,FBR,0.0013163751573201919,NEUTRAL,0.08069961658148397,0.08069961658148397,0.04034980829074199,85526.62899999999,0.06713381273018941,2024-02,2024-02,0.9095,0.012474,1.208732
3,C3 Hybrid,2024-02,2024-02-29,P_selected,ADH,0.0007697344302634148,BUY,2.3409792555849522,2.3409792555849522,2.3409792555849522,10067875.521000002,1.0,2024-02,2024-02,0.9095,0.012474,1.208732
3,C3 Hybrid,2024-02,2024-02-29,P_selected,BCP,0.0006069625326792557,NEUTRAL,0.16295146417511502,0.16295146417511502,0.08147573208755751,22981976.9,1.0,2024-02,2024-02,0.9095,0.012474,1.208732
3,C3 Hybrid,2024-02,2024-02-29,P_selected,TQM,0.0004410091481735465,NEUTRAL,-0.010827876616982212,-0.010827876616982212,-0.005413938308491106,6397307.25,1.0,2024-02,2024-02,0.9095,0.012474,1.208732
3,C3 Hybrid,2024-02,2024-02-29,P_selected,BCI,0.00038524022882338376,BUY,0.41529142923448253,0.41529142923448253,0.41529142923448253,1035423.3800000001,0.9999965140765344,2024-02,2024-02,0.9095,0.012474,1.208732
3,C3 Hybrid,2024-02,2024-02-29,P_selected,CIH,0.0002997047727935494,BUY,0.24912081750202872,0.24912081750202872,0.24912081750202872,2469183.2825,0.9999999999999996,2024-02,2024-02,0.9095,0.012474,1.208732
3,C3 Hybrid,2024-02,2024-02-29,P_selected,LHM,0.00024268288343333422,NEUTRAL,-0.20226848810362227,-0.20226848810362227,-0.10113424405181114,3145116.1,1.0,2024-02,2024-02,0.9095,0.012474,1.208732
3,C3 Hybrid,2024-02,2024-02-29,P_selected,ARD,0.00014477242514177602,NEUTRAL,0.031142944087199143,0.031142944087199143,0.015571472043599571,949676.8875,0.9999862551169507,2024-02,2024-02,0.9095,0.012474,1.208732
3,C3 Hybrid,2024-03,2024-03-29,P_selected,AKT,0.1,BUY,0.7454108258753871,0.7454108258753871,0.7454108258753871,5701409.33,1.0,2024-03,2024-03,0.9845,0.011835,1.138076
3,C3 Hybrid,2024-03,2024-03-29,P_selected,CFG,0.1,NEUTRAL,0.16897124433987037,0.16897124433987037,0.08448562216993519,3098808.275,1.0,2024-03,2024-03,0.9845,0.011835,1.138076
3,C3 Hybrid,2024-03,2024-03-29,P_selected,JET,0.1,BUY,2.9702618144205704,2.9702618144205704,2.9702618144205704,2114080.415,0.9999999999998885,2024-03,2024-03,0.9845,0.011835,1.138076
3,C3 Hybrid,2024-03,2024-03-29,P_selected,DYT,0.09959387223298455,BUY,1.4500456934351067,1.4500456934351067,1.4500456934351067,710520.0700000001,0.9993694712769375,2024-03,2024-03,0.9845,0.011835,1.138076
3,C3 Hybrid,2024-03,2024-03-29,P_selected,CDM,0.09887864840836398,BUY,0.9719635396792737,0.9719635396792737,0.9719635396792737,5514061.404999999,1.0,2024-03,2024-03,0.9845,0.011835,1.138076
3,C3 Hybrid,2024-03,2024-03-29,P_selected,ADI,0.0946958296066485,BUY,3.0230561023291913,3.0230561023291913,3.0230561023291913,8374011.227500001,1.0,2024-03,2024-03,0.9845,0.011835,1.138076
3,C3 Hybrid,2024-03,2024-03-29,P_selected,TGC,0.09005931158687444,BUY,0.9382532305448215,0.9382532305448215,0.9382532305448215,5166311.55,1.0,2024-03,2024-03,0.9845,0.011835,1.138076
3,C3 Hybrid,2024-03,2024-03-29,P_selected,EQD,0.06857189087158426,BUY,0.5553858831618561,0.5553858831618561,0.5553858831618561,2302739.15,0.9999999999999944,2024-03,2024-03,0.9845,0.011835,1.138076
3,C3 Hybrid,2024-03,2024-03-29,P_selected,IMO,0.05538559230050811,BUY,0.39878697517538303,0.39878697517538303,0.39878697517538303,340892.247,0.8106556350025809,2024-03,2024-03,0.9845,0.011835,1.138076
3,C3 Hybrid,2024-03,2024-03-29,P_selected,RIS,0.04686274361648167,BUY,0.5781070287860709,0.5781070287860709,0.5781070287860709,3785209.81,1.0,2024-03,2024-03,0.9845,0.011835,1.138076
3,C3 Hybrid,2024-03,2024-03-29,P_selected,TMA,0.029328714484742065,NEUTRAL,0.08228293612563385,0.08228293612563385,0.041141468062816926,1932797.55,0.9999999999979736,2024-03,2024-03,0.9845,0.011835,1.138076
3,C3 Hybrid,2024-03,2024-03-29,P_selected,CMT,0.024351987490660393,BUY,0.922963541893687,0.922963541893687,0.922963541893687,906131.4,0.999972412008993,2024-03,2024-03,0.9845,0.011835,1.138076
3,C3 Hybrid,2024-03,2024-03-29,P_selected,SID,0.022011881906782934,BUY,0.7322717202407084,0.7322717202407084,0.7322717202407084,2181045.175,0.9999999999999618,2024-03,2024-03,0.9845,0.011835,1.138076
3,C3 Hybrid,2024-03,2024-03-29,P_selected,ARD,0.012164862438920912,BUY,0.21263265808844978,0.21263265808844978,0.21263265808844978,1756048.5850000002,0.999999999965731,2024-03,2024-03,0.9845,0.011835,1.138076
3,C3 Hybrid,2024-03,2024-03-29,P_selected,BCI,0.010708506522783077,NEUTRAL,-0.05351425647751758,-0.05351425647751758,-0.02675712823875879,464620.0,0.9687479654251266,2024-03,2024-03,0.9845,0.011835,1.138076
3,C3 Hybrid,2024-03,2024-03-29,P_selected,ATH,0.008126514791334815,NEUTRAL,0.12680607635080063,0.12680607635080063,0.06340303817540031,1238156.234,0.9999998639848936,2024-03,2024-03,0.9845,0.011835,1.138076
3,C3 Hybrid,2024-03,2024-03-29,P_selected,CSR,0.005691007839071892,NEUTRAL,-0.18350303003878202,-0.18350303003878202,-0.09175151501939101,2228600.15,0.9999999999999822,2024-03,2024-03,0.9845,0.011835,1.138076
3,C3 Hybrid,2024-03,2024-03-29,P_selected,SNP,0.005467222491409292,BUY,0.8927944141896667,0.8927944141896667,0.8927944141896667,2061066.1149999998,0.9999999999997398,2024-03,2024-03,0.9845,0.011835,1.138076
3,C3 Hybrid,2024-03,2024-03-29,P_selected,SMI,0.004097162027095077,BUY,0.7227351212281596,0.7227351212281596,0.7227351212281596,722877.55,0.9994825296888584,2024-03,2024-03,0.9845,0.011835,1.138076
3,C3 Hybrid,2024-03,2024-03-29,P_selected,ATW,0.0037932648055670638,NEUTRAL,0.1102936541815435,0.1102936541815435,0.05514682709077175,12538974.315000001,1.0,2024-03,2024-03,0.9845,0.011835,1.138076
3,C3 Hybrid,2024-03,2024-03-29,P_selected,BOA,0.0037538030098836516,NEUTRAL,0.1362265664884162,0.1362265664884162,0.0681132832442081,2661902.9025,1.0,2024-03,2024-03,0.9845,0.011835,1.138076
3,C3 Hybrid,2024-03,2024-03-29,P_selected,ADH,0.0036342837444015568,BUY,1.0452023811415796,1.0452023811415796,1.0452023811415796,24778300.532,1.0,2024-03,2024-03,0.9845,0.011835,1.138076
3,C3 Hybrid,2024-03,2024-03-29,P_selected,LBV,0.0035273845071601435,NEUTRAL,-0.09238279685199521,-0.09238279685199521,-0.04619139842599761,4552965.35,1.0,2024-03,2024-03,0.9845,0.011835,1.138076
3,C3 Hybrid,2024-03,2024-03-29,P_selected,MOX,0.0034318147016103857,NEUTRAL,-0.18288187973794143,-0.18288187973794143,-0.09144093986897071,1959.2749999999971,0.01854835573177748,2024-03,2024-03,0.9845,0.011835,1.138076
3,C3 Hybrid,2024-03,2024-03-29,P_selected,RDS,0.002183861438563652,BUY,2.6016832561345824,2.6016832561345824,2.6016832561345824,2936320.8575,1.0,2024-03,2024-03,0.9845,0.011835,1.138076
3,C3 Hybrid,2024-03,2024-03-29,P_selected,CIH,0.0016567822853882598,NEUTRAL,0.12764042128161956,0.12764042128161956,0.06382021064080978,3307958.6450000005,1.0,2024-03,2024-03,0.9845,0.011835,1.138076
3,C3 Hybrid,2024-03,2024-03-29,P_selected,CRS,0.000587410600442289,NEUTRAL,-0.1641698949691277,-0.1641698949691277,-0.08208494748456385,28483.2945,0.028078598052255356,2024-03,2024-03,0.9845,0.011835,1.138076
3,C3 Hybrid,2024-03,2024-03-29,P_selected,MUT,0.0005658772652082028,NEUTRAL,0.09451365326862692,0.09451365326862692,0.04725682663431346,604477.7774999996,0.9965696079680872,2024-03,2024-03,0.9845,0.011835,1.138076
3,C3 Hybrid,2024-03,2024-03-29,P_selected,IBC,0.0004560425544401535,NEUTRAL,0.07979544232430485,0.07979544232430485,0.03989772116215243,6369.187999999995,0.019877424662911765,2024-03,2024-03,0.9845,0.011835,1.138076
3,C3 Hybrid,2024-03,2024-03-29,P_selected,AFI,0.00016962097771151948,NEUTRAL,0.014452293174267772,0.014452293174267772,0.007226146587133886,47449.1225,0.03765837841021248,2024-03,2024-03,0.9845,0.011835,1.138076
3,C3 Hybrid,2024-03,2024-03-29,P_selected,MNG,0.00015332929683749212,NEUTRAL,-0.11876801597172258,-0.11876801597172258,-0.05938400798586129,2789222.85,1.0,2024-03,2024-03,0.9845,0.011835,1.138076
3,C3 Hybrid,2024-04,2024-04-30,P_selected,AKT,0.1,BUY,0.818792599754974,0.818792599754974,0.818792599754974,11312012.120000001,1.0,2024-04,2024-04,0.9136,0.011461,1.097827
3,C3 Hybrid,2024-04,2024-04-30,P_selected,CFG,0.1,NEUTRAL,0.0336665480712984,0.0336665480712984,0.0168332740356492,4652391.455,1.0,2024-04,2024-04,0.9136,0.011461,1.097827
3,C3 Hybrid,2024-04,2024-04-30,P_selected,DYT,0.1,BUY,1.5088134582847645,1.5088134582847645,1.5088134582847645,2030098.7274999998,0.9999999999995728,2024-04,2024-04,0.9136,0.011461,1.097827
3,C3 Hybrid,2024-04,2024-04-30,P_selected,IMO,0.1,NEUTRAL,-0.19714411881319927,-0.19714411881319927,-0.09857205940659963,524083.61100000003,0.9876946294827621,2024-04,2024-04,0.9136,0.011461,1.097827
3,C3 Hybrid,2024-04,2024-04-30,P_selected,JET,0.1,BUY,3.1948820610834847,3.1948820610834847,3.1948820610834847,7520058.69,1.0,2024-04,2024-04,0.9136,0.011461,1.097827
3,C3 Hybrid,2024-04,2024-04-30,P_selected,UMR,0.07001722268223395,BUY,1.2387298605726318,1.2387298605726318,1.2387298605726318,114305.525,0.1023748386572572,2024-04,2024-04,0.9136,0.011461,1.097827
3,C3 Hybrid,2024-04,2024-04-30,P_selected,FBR,0.06941407251263057,BUY,0.7281339055097253,0.7281339055097253,0.7281339055097253,541356.7455,0.9906381640699479,2024-04,2024-04,0.9136,0.011461,1.097827
3,C3 Hybrid,2024-04,2024-04-30,P_selected,CMT,0.06547509126310014,BUY,1.2206138410417944,1.2206138410417944,1.2206138410417944,3423620.85,1.0,2024-04,2024-04,0.9136,0.011461,1.097827
3,C3 Hybrid,2024-04,2024-04-30,P_selected,TGC,0.06064410652662523,BUY,1.1299135494073453,1.1299135494073453,1.1299135494073453,56961280.685,1.0,2024-04,2024-04,0.9136,0.011461,1.097827
3,C3 Hybrid,2024-04,2024-04-30,P_selected,ADI,0.059274678128654425,BUY,2.7712139523493464,2.7712139523493464,2.7712139523493464,40987828.1325,1.0,2024-04,2024-04,0.9136,0.011461,1.097827
3,C3 Hybrid,2024-04,2024-04-30,P_selected,ADH,0.03560295753235745,BUY,1.957816192362883,1.957816192362883,1.957816192362883,71808781.5165,1.0,2024-04,2024-04,0.9136,0.011461,1.097827
3,C3 Hybrid,2024-04,2024-04-30,P_selected,BOA,0.020051131465328748,BUY,0.270532221824933,0.270532221824933,0.270532221824933,2797790.9925,1.0,2024-04,2024-04,0.9136,0.011461,1.097827
3,C3 Hybrid,2024-04,2024-04-30,P_selected,ARD,0.016389648329974537,NEUTRAL,0.12178071617906172,0.12178071617906172,0.06089035808953086,3736586.44,1.0,2024-04,2024-04,0.9136,0.011461,1.097827
3,C3 Hybrid,2024-04,2024-04-30,P_selected,IBC,0.014663680426053982,BUY,0.7271233249735491,0.7271233249735491,0.7271233249735491,45105.985,0.03632302754028117,2024-04,2024-04,0.9136,0.011461,1.097827
3,C3 Hybrid,2024-04,2024-04-30,P_selected,RIS,0.013310498640120478,BUY,0.6149882728345135,0.6149882728345135,0.6149882728345135,7575247.3,1.0,2024-04,2024-04,0.9136,0.011461,1.097827
3,C3 Hybrid,2024-04,2024-04-30,P_selected,CSR,0.01272669366561381,NEUTRAL,-0.16854777925738423,-0.16854777925738423,-0.08427388962869212,3788110.8225000002,1.0,2024-04,2024-04,0.9136,0.011461,1.097827
3,C3 Hybrid,2024-04,2024-04-30,P_selected,MUT,0.011727664741101384,NEUTRAL,0.16407455731121345,0.16407455731121345,0.08203727865560673,2138142.5999999996,0.9999999999999241,2024-04,2024-04,0.9136,0.011461,1.097827
3,C3 Hybrid,2024-04,2024-04-30,P_selected,ATH,0.011197587296906068,BUY,0.37935822820341925,0.37935822820341925,0.37935822820341925,2456654.24,0.9999999999999996,2024-04,2024-04,0.9136,0.011461,1.097827
3,C3 Hybrid,2024-04,2024-04-30,P_selected,MDP,0.005916498075236779,BUY,0.24040911410416957,0.24040911410416957,0.24040911410416957,211241.2600000001,0.3497496476695417,2024-04,2024-04,0.9136,0.011461,1.097827
3,C3 Hybrid,2024-04,2024-04-30,P_selected,ATW,0.003997051483991718,NEUTRAL,0.13692808432149106,0.13692808432149106,0.06846404216074553,18544729.095,1.0,2024-04,2024-04,0.9136,0.011461,1.097827
3,C3 Hybrid,2024-04,2024-04-30,P_selected,BCI,0.003867134594780239,NEUTRAL,0.19475698226152427,0.19475698226152427,0.09737849113076213,3620510.15,1.0,2024-04,2024-04,0.9136,0.011461,1.097827
3,C3 Hybrid,2024-04,2024-04-30,P_selected,EQD,0.0036230387115375666,NEUTRAL,0.07559284318347943,0.07559284318347943,0.037796421591739716,285750.6,0.639226750433277,2024-04,2024-04,0.9136,0.011461,1.097827
3,C3 Hybrid,2024-04,2024-04-30,P_selected,MNG,0.002881796490529371,NEUTRAL,0.2106493216915529,0.2106493216915529,0.10532466084577645,4523386.4,1.0,2024-04,2024-04,0.9136,0.011461,1.097827
3,C3 Hybrid,2024-04,2024-04-30,P_selected,DHO,0.0025663242636705633,BUY,0.24229894656752943,0.24229894656752943,0.24229894656752943,3179604.356,1.0,2024-04,2024-04,0.9136,0.011461,1.097827
3,C3 Hybrid,2024-04,2024-04-30,P_selected,LBV,0.0025605021642814813,NEUTRAL,-0.07346466619465719,-0.07346466619465719,-0.036732333097328596,3613116.1,1.0,2024-04,2024-04,0.9136,0.011461,1.097827
3,C3 Hybrid,2024-04,2024-04-30,P_selected,CIH,0.0025021426006332855,NEUTRAL,0.19663536855504338,0.19663536855504338,0.09831768427752169,3504226.425,1.0,2024-04,2024-04,0.9136,0.011461,1.097827
3,C3 Hybrid,2024-04,2024-04-30,P_selected,BCP,0.0023961018798318904,NEUTRAL,0.15719241123344932,0.15719241123344932,0.07859620561672466,22700566.955000002,1.0,2024-04,2024-04,0.9136,0.011461,1.097827
3,C3 Hybrid,2024-04,2024-04-30,P_selected,CDM,0.0023156769154745863,NEUTRAL,-0.04335168591806596,-0.04335168591806596,-0.02167584295903298,278795.5,0.6131868637594339,2024-04,2024-04,0.9136,0.011461,1.097827
3,C3 Hybrid,2024-04,2024-04-30,P_selected,SMI,0.0022591370662990613,BUY,0.3938706867689126,0.3938706867689126,0.3938706867689126,661098.2,0.9986107086157655,2024-04,2024-04,0.9136,0.011461,1.097827
3,C3 Hybrid,2024-04,2024-04-30,P_selected,TMA,0.0016136396911334476,NEUTRAL,0.19087257746688704,0.19087257746688704,0.09543628873344352,1436102.7,0.9999999942705322,2024-04,2024-04,0.9136,0.011461,1.097827
3,C3 Hybrid,2024-04,2024-04-30,P_selected,AFI,0.0009680279870402649,BUY,0.22221339237196028,0.22221339237196028,0.22221339237196028,103592.6725,0.08766238271611228,2024-04,2024-04,0.9136,0.011461,1.097827
3,C3 Hybrid,2024-04,2024-04-30,P_selected,TQM,0.0008504270416653707,NEUTRAL,0.01189094382034396,0.01189094382034396,0.00594547191017198,3067345.3,1.0,2024-04,2024-04,0.9136,0.011461,1.097827
3,C3 Hybrid,2024-04,2024-04-30,P_selected,INV,0.0006714141062094131,NEUTRAL,-0.20208258518830222,-0.20208258518830222,-0.10104129259415111,28475.3515,0.028075130004542596,2024-04,2024-04,0.9136,0.011461,1.097827
3,C3 Hybrid,2024-04,2024-04-30,P_selected,IAM,0.00023125816973470605,NEUTRAL,-0.09431540652263412,-0.09431540652263412,-0.04715770326131706,12905227.779500002,1.0,2024-04,2024-04,0.9136,0.011461,1.097827
3,C3 Hybrid,2024-04,2024-04-30,P_selected,SNP,0.00016043952153254663,BUY,0.35649710471794366,0.35649710471794366,0.35649710471794366,1432720.0799999998,0.9999999939518978,2024-04,2024-04,0.9136,0.011461,1.097827
3,C3 Hybrid,2024-04,2024-04-30,P_selected,LHM,0.00011055276025213864,NEUTRAL,-0.19881007951720836,-0.19881007951720836,-0.09940503975860418,8023706.2,1.0,2024-04,2024-04,0.9136,0.011461,1.097827
3,C3 Hybrid,2024-05,2024-05-31,P_selected,AKT,0.1,NEUTRAL,0.16520183021847817,0.16520183021847817,0.08260091510923909,10812501.37,1.0,2024-05,2024-05,0.8379,0.011373,0.99308
3,C3 Hybrid,2024-05,2024-05-31,P_selected,CFG,0.1,BUY,0.30591304521935725,0.30591304521935725,0.30591304521935725,7738126.6274999995,1.0,2024-05,2024-05,0.8379,0.011373,0.99308
3,C3 Hybrid,2024-05,2024-05-31,P_selected,UMR,0.1,BUY,1.3476992400689043,1.3476992400689043,1.3476992400689043,8.86,0.01798871399842165,2024-05,2024-05,0.8379,0.011373,0.99308
3,C3 Hybrid,2024-05,2024-05-31,P_selected,JET,0.07558657343996628,BUY,2.1571413146006435,2.1571413146006435,2.1571413146006435,1570905.0050000001,0.9999999993371551,2024-05,2024-05,0.8379,0.011373,0.99308
3,C3 Hybrid,2024-05,2024-05-31,P_selected,RDS,0.07395643357909572,BUY,3.495778085044147,3.495778085044147,3.495778085044147,18868393.257,1.0,2024-05,2024-05,0.8379,0.011373,0.99308
3,C3 Hybrid,2024-05,2024-05-31,P_selected,BOA,0.06605015374098384,NEUTRAL,0.16923306803953672,0.16923306803953672,0.08461653401976836,2986016.01,1.0,2024-05,2024-05,0.8379,0.011373,0.99308
3,C3 Hybrid,2024-05,2024-05-31,P_selected,ADI,0.06526879432028077,BUY,2.4642173286813485,2.4642173286813485,2.4642173286813485,10512214.0175,1.0,2024-05,2024-05,0.8379,0.011373,0.99308
3,C3 Hybrid,2024-05,2024-05-31,P_selected,CIH,0.05284810030395777,NEUTRAL,0.1041995912060692,0.1041995912060692,0.0520997956030346,1201983.5025000004,0.9999997573719641,2024-05,2024-05,0.8379,0.011373,0.99308
3,C3 Hybrid,2024-05,2024-05-31,P_selected,ADH,0.04754009483388893,BUY,2.0280413587970414,2.0280413587970414,2.0280413587970414,22250421.9585,1.0,2024-05,2024-05,0.8379,0.011373,0.99308
3,C3 Hybrid,2024-05,2024-05-31,P_selected,EQD,0.04543561598917166,BUY,0.3326893607062743,0.3326893607062743,0.3326893607062743,1168745.5,0.9999995870454972,2024-05,2024-05,0.8379,0.011373,0.99308
3,C3 Hybrid,2024-05,2024-05-31,P_selected,CRS,0.042788518941778694,BUY,1.498272926512804,1.498272926512804,1.498272926512804,105567.3565,0.09022241188307116,2024-05,2024-05,0.8379,0.011373,0.99308
3,C3 Hybrid,2024-05,2024-05-31,P_selected,MUT,0.028009931823870043,BUY,0.5156166483478897,0.5156166483478897,0.5156166483478897,5108377.56,1.0,2024-05,2024-05,0.8379,0.011373,0.99308
3,C3 Hybrid,2024-05,2024-05-31,P_selected,ARD,0.026877474641628936,NEUTRAL,-0.1457037047583194,-0.1457037047583194,-0.0728518523791597,1972050.2199999995,0.9999999999989186,2024-05,2024-05,0.8379,0.011373,0.99308
3,C3 Hybrid,2024-05,2024-05-31,P_selected,GAZ,0.02571106199167833,NEUTRAL,-0.143302671140997,-0.143302671140997,-0.0716513355704985,14083571.45,1.0,2024-05,2024-05,0.8379,0.011373,0.99308
3,C3 Hybrid,2024-05,2024-05-31,P_selected,SID,0.025564548383553792,BUY,0.34860096998485,0.34860096998485,0.34860096998485,2427413.0650000004,0.9999999999999993,2024-05,2024-05,0.8379,0.011373,0.99308
3,C3 Hybrid,2024-05,2024-05-31,P_selected,DHO,0.023393266124348767,NEUTRAL,0.10307816123854527,0.10307816123854527,0.051539080619272634,2500229.9525,0.9999999999999998,2024-05,2024-05,0.8379,0.011373,0.99308
3,C3 Hybrid,2024-05,2024-05-31,P_selected,CMT,0.019098522556789736,BUY,0.9440735819605144,0.9440735819605144,0.9440735819605144,3652362.7,1.0,2024-05,2024-05,0.8379,0.011373,0.99308
3,C3 Hybrid,2024-05,2024-05-31,P_selected,BCI,0.01846452207458837,BUY,0.3171097170437333,0.3171097170437333,0.3171097170437333,658592.8,0.9985539677877936,2024-05,2024-05,0.8379,0.011373,0.99308
3,C3 Hybrid,2024-05,2024-05-31,P_selected,SLF,0.00980343565371369,NEUTRAL,-0.18103923056626123,-0.18103923056626123,-0.09051961528313061,635725.525,0.9979164749800901,2024-05,2024-05,0.8379,0.011373,0.99308
3,C3 Hybrid,2024-05,2024-05-31,P_selected,S2M,0.009520717579863308,NEUTRAL,-0.184284542639189,-0.184284542639189,-0.0921422713195945,35479.2925,0.03130016824438827,2024-05,2024-05,0.8379,0.011373,0.99308
3,C3 Hybrid,2024-05,2024-05-31,P_selected,SRM,0.008128193694747127,BUY,0.5747200906529452,0.5747200906529452,0.5747200906529452,16885.417500000003,0.023434481893645737,2024-05,2024-05,0.8379,0.011373,0.99308
3,C3 Hybrid,2024-05,2024-05-31,P_selected,LES,0.008018731161965212,NEUTRAL,-0.015646418846263277,-0.015646418846263277,-0.007823209423131638,7936371.455000001,1.0,2024-05,2024-05,0.8379,0.011373,0.99308
3,C3 Hybrid,2024-05,2024-05-31,P_selected,LBV,0.005082808570930373,NEUTRAL,0.08923841003924388,0.08923841003924388,0.04461920501962194,10725821.85,1.0,2024-05,2024-05,0.8379,0.011373,0.99308
3,C3 Hybrid,2024-05,2024-05-31,P_selected,MDP,0.0038456797657174828,BUY,0.2578335832715912,0.2578335832715912,0.2578335832715912,200386.7460000001,0.3113507320098545,2024-05,2024-05,0.8379,0.011373,0.99308
3,C3 Hybrid,2024-05,2024-05-31,P_selected,TGC,0.003478596968964467,BUY,0.2827063125579656,0.2827063125579656,0.2827063125579656,7336001.345000001,1.0,2024-05,2024-05,0.8379,0.011373,0.99308
3,C3 Hybrid,2024-05,2024-05-31,P_selected,MNG,0.0032044163941933926,NEUTRAL,0.09490644044536066,0.09490644044536066,0.04745322022268033,5557865.45,1.0,2024-05,2024-05,0.8379,0.011373,0.99308
3,C3 Hybrid,2024-05,2024-05-31,P_selected,TQM,0.0030956714425586927,NEUTRAL,0.023101131869113042,0.023101131869113042,0.011550565934556521,19464618.25,1.0,2024-05,2024-05,0.8379,0.011373,0.99308
3,C3 Hybrid,2024-05,2024-05-31,P_selected,INV,0.002304572603188868,BUY,0.4675405503154423,0.4675405503154423,0.4675405503154423,37469.9545,0.03228044413966971,2024-05,2024-05,0.8379,0.011373,0.99308
3,C3 Hybrid,2024-05,2024-05-31,P_selected,SMI,0.002187217508505129,BUY,0.8873181273934732,0.8873181273934732,0.8873181273934732,2533510.5,0.9999999999999998,2024-05,2024-05,0.8379,0.011373,0.99308
3,C3 Hybrid,2024-05,2024-05-31,P_selected,IBC,0.0019161379597229756,NEUTRAL,-0.07382436159078573,-0.07382436159078573,-0.036912180795392865,8448.092499999995,0.02053590988211091,2024-05,2024-05,0.8379,0.011373,0.99308
3,C3 Hybrid,2024-05,2024-05-31,P_selected,COL,0.0007716627066637723,NEUTRAL,0.05003818144341852,0.05003818144341852,0.02501909072170926,518978.0255000001,0.9866611838295463,2024-05,2024-05,0.8379,0.011373,0.99308
3,C3 Hybrid,2024-05,2024-05-31,P_selected,CDM,0.0005301800852396169,NEUTRAL,-0.022997491526621207,-0.022997491526621207,-0.011498745763310603,117394.64499999999,0.1070068862130098,2024-05,2024-05,0.8379,0.011373,0.99308
3,C3 Hybrid,2024-05,2024-05-31,P_selected,AFI,0.000514603346887152,NEUTRAL,0.18659535873266803,0.18659535873266803,0.09329767936633401,90632.95,0.07243503123544819,2024-05,2024-05,0.8379,0.011373,0.99308
3,C3 Hybrid,2024-05,2024-05-31,P_selected,DYT,0.00033408869982952063,BUY,0.5566742786719288,0.5566742786719288,0.5566742786719288,388909.21,0.9022560778158446,2024-05,2024-05,0.8379,0.011373,0.99308
3,C3 Hybrid,2024-05,2024-05-31,P_selected,BCP,0.0002798309524950372,NEUTRAL,-0.15753859743621731,-0.15753859743621731,-0.07876929871810866,14493002.694999998,1.0,2024-05,2024-05,0.8379,0.011373,0.99308
3,C3 Hybrid,2024-05,2024-05-31,P_selected,ATH,0.0002371645373444243,NEUTRAL,0.06736073566423623,0.06736073566423623,0.03368036783211811,540471.405,0.9905058737660453,2024-05,2024-05,0.8379,0.011373,0.99308
3,C3 Hybrid,2024-05,2024-05-31,P_selected,ATW,0.00011454632486286598,NEUTRAL,-0.12268968924046739,-0.12268968924046739,-0.06134484462023369,24880829.09,1.0,2024-05,2024-05,0.8379,0.011373,0.99308
3,C3 Hybrid,2024-06,2024-06-28,P_selected,AKT,0.1,BUY,0.5658625293474024,0.5658625293474024,0.5658625293474024,5041155.0649999995,1.0,2024-06,2024-06,0.8448,0.010375,0.841196
3,C3 Hybrid,2024-06,2024-06-28,P_selected,CFG,0.1,BUY,0.6070086983598686,0.6070086983598686,0.6070086983598686,10786535.65,1.0,2024-06,2024-06,0.8448,0.010375,0.841196
3,C3 Hybrid,2024-06,2024-06-28,P_selected,UMR,0.1,BUY,1.2764542168026687,1.2764542168026687,1.2764542168026687,88.5,0.018011237431945003,2024-06,2024-06,0.8448,0.010375,0.841196
3,C3 Hybrid,2024-06,2024-06-28,P_selected,JET,0.07137013446922559,BUY,2.3960280318616056,2.3960280318616056,2.3960280318616056,1279827.9049999998,0.9999999301731024,2024-06,2024-06,0.8448,0.010375,0.841196
3,C3 Hybrid,2024-06,2024-06-28,P_selected,CIH,0.06615503710368074,BUY,0.32913542450627836,0.32913542450627836,0.32913542450627836,5399980.12,1.0,2024-06,2024-06,0.8448,0.010375,0.841196
3,C3 Hybrid,2024-06,2024-06-28,P_selected,RDS,0.05273112737582028,BUY,3.22204569283387,3.22204569283387,3.22204569283387,5495935.9745,1.0,2024-06,2024-06,0.8448,0.010375,0.841196
3,C3 Hybrid,2024-06,2024-06-28,P_selected,BOA,0.047674174039820875,NEUTRAL,0.014178037282632061,0.014178037282632061,0.0070890186413160305,1167701.4,0.9999995800889021,2024-06,2024-06,0.8448,0.010375,0.841196
3,C3 Hybrid,2024-06,2024-06-28,P_selected,ADI,0.047452113022424545,BUY,2.0531632519882193,2.0531632519882193,2.0531632519882193,5185035.925,1.0,2024-06,2024-06,0.8448,0.010375,0.841196
3,C3 Hybrid,2024-06,2024-06-28,P_selected,BCP,0.04551718602701423,BUY,0.7653220703150408,0.7653220703150408,0.7653220703150408,57204545.892500006,1.0,2024-06,2024-06,0.8448,0.010375,0.841196
3,C3 Hybrid,2024-06,2024-06-28,P_selected,ARD,0.045140091822136665,BUY,0.26151419808427795,0.26151419808427795,0.26151419808427795,1975660.815,0.9999999999989793,2024-06,2024-06,0.8448,0.010375,0.841196
3,C3 Hybrid,2024-06,2024-06-28,P_selected,ATW,0.03630963407307517,NEUTRAL,-0.09562823009433236,-0.09562823009433236,-0.04781411504716618,20494429.509999998,1.0,2024-06,2024-06,0.8448,0.010375,0.841196
3,C3 Hybrid,2024-06,2024-06-28,P_selected,HPS,0.030812228021961135,NEUTRAL,-0.09121344215248715,-0.09121344215248715,-0.04560672107624358,3264715.725,1.0,2024-06,2024-06,0.8448,0.010375,0.841196
3,C3 Hybrid,2024-06,2024-06-28,P_selected,AFI,0.028549144287509324,BUY,0.31979923100395996,0.31979923100395996,0.31979923100395996,109477.95,0.09549164372097119,2024-06,2024-06,0.8448,0.010375,0.841196
3,C3 Hybrid,2024-06,2024-06-28,P_selected,CMT,0.026662348896294753,BUY,0.8201329634828788,0.8201329634828788,0.8201329634828788,1303764.45,0.999999952390392,2024-06,2024-06,0.8448,0.010375,0.841196
3,C3 Hybrid,2024-06,2024-06-28,P_selected,DYT,0.02598025497925658,BUY,0.8283913675485468,0.8283913675485468,0.8283913675485468,400505.64249999996,0.9174421510268905,2024-06,2024-06,0.8448,0.010375,0.841196
3,C3 Hybrid,2024-06,2024-06-28,P_selected,EQD,0.025974051221272103,BUY,0.24146257871686894,0.24146257871686894,0.24146257871686894,770187.45,0.9997571926037381,2024-06,2024-06,0.8448,0.010375,0.841196
3,C3 Hybrid,2024-06,2024-06-28,P_selected,SBM,0.02412495526662718,NEUTRAL,-0.12310982776090418,-0.12310982776090418,-0.06155491388045209,2489899.15,0.9999999999999998,2024-06,2024-06,0.8448,0.010375,0.841196
3,C3 Hybrid,2024-06,2024-06-28,P_selected,SLF,0.023536043291899074,BUY,0.24341029695579253,0.24341029695579253,0.24341029695579253,1211269.0,0.9999997908688374,2024-06,2024-06,0.8448,0.010375,0.841196
3,C3 Hybrid,2024-06,2024-06-28,P_selected,SID,0.020989067891446868,BUY,0.36728571986563185,0.36728571986563185,0.36728571986563185,1999560.55,0.9999999999993037,2024-06,2024-06,0.8448,0.010375,0.841196
3,C3 Hybrid,2024-06,2024-06-28,P_selected,IBC,0.018366711590721587,NEUTRAL,0.0205722479580335,0.0205722479580335,0.01028612397901675,751.5429999999942,0.01819983409897614,2024-06,2024-06,0.8448,0.010375,0.841196
3,C3 Hybrid,2024-06,2024-06-28,P_selected,TGC,0.010191888369348145,NEUTRAL,0.16821924611199873,0.16821924611199873,0.08410962305599937,3624537.825,1.0,2024-06,2024-06,0.8448,0.010375,0.841196
3,C3 Hybrid,2024-06,2024-06-28,P_selected,MUT,0.009321960666764434,BUY,0.40666433459987017,0.40666433459987017,0.40666433459987017,3076140.6574999997,1.0,2024-06,2024-06,0.8448,0.010375,0.841196
3,C3 Hybrid,2024-06,2024-06-28,P_selected,TMA,0.008727579153554259,NEUTRAL,-0.18564493543885752,-0.18564493543885752,-0.09282246771942876,1394228.95,0.9999999888034844,2024-06,2024-06,0.8448,0.010375,0.841196
3,C3 Hybrid,2024-06,2024-06-28,P_selected,LES,0.008476757406178459,NEUTRAL,0.17499392602984376,0.17499392602984376,0.08749696301492188,4144134.3775000013,1.0,2024-06,2024-06,0.8448,0.010375,0.841196
3,C3 Hybrid,2024-06,2024-06-28,P_selected,ADH,0.0074706035652203516,BUY,2.0683068811767993,2.0683068811767993,2.0683068811767993,9873937.295,1.0,2024-06,2024-06,0.8448,0.010375,0.841196
3,C3 Hybrid,2024-06,2024-06-28,P_selected,ATH,0.004249052225566471,NEUTRAL,0.057534898709032736,0.057534898709032736,0.028767449354516368,204654.823,0.32617797899976814,2024-06,2024-06,0.8448,0.010375,0.841196
3,C3 Hybrid,2024-06,2024-06-28,P_selected,MDP,0.0037205910439270435,BUY,0.2509813814506574,0.2509813814506574,0.2509813814506574,92730.1575000001,0.07472215160330657,2024-06,2024-06,0.8448,0.010375,0.841196
3,C3 Hybrid,2024-06,2024-06-28,P_selected,SRM,0.0021867623652168213,NEUTRAL,-0.11859208003789456,-0.11859208003789456,-0.05929604001894728,10136.082,0.02108624342058657,2024-06,2024-06,0.8448,0.010375,0.841196
3,C3 Hybrid,2024-06,2024-06-28,P_selected,SMI,0.002044644210414635,NEUTRAL,-0.20471891325537175,-0.20471891325537175,-0.10235945662768588,355944.65,0.8448955697472786,2024-06,2024-06,0.8448,0.010375,0.841196
3,C3 Hybrid,2024-06,2024-06-28,P_selected,DHO,0.00176390535914819,NEUTRAL,0.20962070325708398,0.20962070325708398,0.10481035162854199,580121.4380000001,0.9949431558763042,2024-06,2024-06,0.8448,0.010375,0.841196
3,C3 Hybrid,2024-06,2024-06-28,P_selected,S2M,0.0015454422018978515,NEUTRAL,0.02753893447769172,0.02753893447769172,0.01376946723884586,47387.36,0.03762258217763133,2024-06,2024-06,0.8448,0.010375,0.841196
3,C3 Hybrid,2024-06,2024-06-28,P_selected,LBV,0.0011158601396391115,NEUTRAL,0.16867643942293595,0.16867643942293595,0.08433821971146797,7641962.75,1.0,2024-06,2024-06,0.8448,0.010375,0.841196
3,C3 Hybrid,2024-06,2024-06-28,P_selected,TQM,0.0007040947523175753,NEUTRAL,-0.05724666400427215,-0.05724666400427215,-0.028623332002136074,2885243.25,1.0,2024-06,2024-06,0.8448,0.010375,0.841196
3,C3 Hybrid,2024-06,2024-06-28,P_selected,FBR,0.0005899522199565073,BUY,0.4085894803956112,0.4085894803956112,0.4085894803956112,101965.013,0.0856018032100796,2024-06,2024-06,0.8448,0.010375,0.841196
3,C3 Hybrid,2024-06,2024-06-28,P_selected,MNG,0.00020607285725464042,NEUTRAL,0.17658187587776855,0.17658187587776855,0.08829093793888428,3726382.65,1.0,2024-06,2024-06,0.8448,0.010375,0.841196
3,C3 Hybrid,2024-06,2024-06-28,P_selected,INV,0.00016530320867254452,BUY,0.6654446428470006,0.6654446428470006,0.6654446428470006,23392.609,0.02593920330181922,2024-06,2024-06,0.8448,0.010375,0.841196
3,C3 Hybrid,2024-06,2024-06-28,P_selected,RIS,0.00010605597292836157,NEUTRAL,-0.12847463641094536,-0.12847463641094536,-0.06423731820547268,280887.69,0.6210960601250469,2024-06,2024-06,0.8448,0.010375,0.841196
3,C3 Hybrid,2024-07,2024-07-31,P_selected,AKT,0.1,BUY,1.0221648473670784,1.0221648473670784,1.0221648473670784,42614810.38,1.0,2024-07,2024-07,0.9192,0.010702,0.937751
3,C3 Hybrid,2024-07,2024-07-31,P_selected,ARD,0.1,BUY,0.2970810971118659,0.2970810971118659,0.2970810971118659,4326607.075,1.0,2024-07,2024-07,0.9192,0.010702,0.937751
3,C3 Hybrid,2024-07,2024-07-31,P_selected,CFG,0.1,BUY,0.6671574468704621,0.6671574468704621,0.6671574468704621,5355231.279999999,1.0,2024-07,2024-07,0.9192,0.010702,0.937751
3,C3 Hybrid,2024-07,2024-07-31,P_selected,IMO,0.1,BUY,0.5834580804230453,0.5834580804230453,0.5834580804230453,835648.4675,0.9999147958731212,2024-07,2024-07,0.9192,0.010702,0.937751
3,C3 Hybrid,2024-07,2024-07-31,P_selected,JET,0.1,BUY,2.964044125031369,2.964044125031369,2.964044125031369,2106353.9349999996,0.9999999999998739,2024-07,2024-07,0.9192,0.010702,0.937751
3,C3 Hybrid,2024-07,2024-07-31,P_selected,ADI,0.09180245096764722,BUY,2.671725217223597,2.671725217223597,2.671725217223597,7709388.527499999,1.0,2024-07,2024-07,0.9192,0.010702,0.937751
3,C3 Hybrid,2024-07,2024-07-31,P_selected,HPS,0.08738572543306208,BUY,0.4842153184545327,0.4842153184545327,0.4842153184545327,10157353.6375,1.0,2024-07,2024-07,0.9192,0.010702,0.937751
3,C3 Hybrid,2024-07,2024-07-31,P_selected,DWY,0.06395699133722905,NEUTRAL,-0.17455730313278595,-0.17455730313278595,-0.08727865156639297,473467.01999999955,0.9727605672984625,2024-07,2024-07,0.9192,0.010702,0.937751
3,C3 Hybrid,2024-07,2024-07-31,P_selected,CRS,0.0535257984725516,BUY,0.2772026331053514,0.2772026331053514,0.2772026331053514,19788.4175,0.02452132098410186,2024-07,2024-07,0.9192,0.010702,0.937751
3,C3 Hybrid,2024-07,2024-07-31,P_selected,BCI,0.0526679222277906,NEUTRAL,0.005366902925175165,0.005366902925175165,0.0026834514625875827,689026.835,0.9991109160006613,2024-07,2024-07,0.9192,0.010702,0.937751
3,C3 Hybrid,2024-07,2024-07-31,P_selected,CMT,0.03864036307434109,BUY,0.6876829310585153,0.6876829310585153,0.6876829310585153,3454765.85,1.0,2024-07,2024-07,0.9192,0.010702,0.937751
3,C3 Hybrid,2024-07,2024-07-31,P_selected,SID,0.034187080577963394,BUY,0.3940725295950057,0.3940725295950057,0.3940725295950057,4184343.1449999996,1.0,2024-07,2024-07,0.9192,0.010702,0.937751
3,C3 Hybrid,2024-07,2024-07-31,P_selected,MUT,0.023960827097581437,BUY,0.4530809341299556,0.4530809341299556,0.4530809341299556,2142718.9799999995,0.9999999999999296,2024-07,2024-07,0.9192,0.010702,0.937751
3,C3 Hybrid,2024-07,2024-07-31,P_selected,AFI,0.011344250814021161,BUY,0.2335040965026452,0.2335040965026452,0.2335040965026452,113527.80500000001,0.10123699552185417,2024-07,2024-07,0.9192,0.010702,0.937751
3,C3 Hybrid,2024-07,2024-07-31,P_selected,SRM,0.010516018266724061,BUY,0.7910637788269022,0.7910637788269022,0.7910637788269022,31815.3325,0.02957069611691167,2024-07,2024-07,0.9192,0.010702,0.937751
3,C3 Hybrid,2024-07,2024-07-31,P_selected,DHO,0.006239517446568776,BUY,0.2622115380429512,0.2622115380429512,0.2622115380429512,2963079.602,1.0,2024-07,2024-07,0.9192,0.010702,0.937751
3,C3 Hybrid,2024-07,2024-07-31,P_selected,LBV,0.005900738240873998,NEUTRAL,-0.14438782410465903,-0.14438782410465903,-0.07219391205232951,11614603.35,1.0,2024-07,2024-07,0.9192,0.010702,0.937751
3,C3 Hybrid,2024-07,2024-07-31,P_selected,ADH,0.005502489710773719,BUY,2.847093932485498,2.847093932485498,2.847093932485498,8394013.4945,1.0,2024-07,2024-07,0.9192,0.010702,0.937751
3,C3 Hybrid,2024-07,2024-07-31,P_selected,S2M,0.0027814370556639547,NEUTRAL,0.14282668902895534,0.14282668902895534,0.07141334451447767,39441.7325,0.03328064352707635,2024-07,2024-07,0.9192,0.010702,0.937751
3,C3 Hybrid,2024-07,2024-07-31,P_selected,ALM,0.002705020824582089,NEUTRAL,0.06955127863627947,0.06955127863627947,0.034775639318139734,65798.3,0.049867725560755895,2024-07,2024-07,0.9192,0.010702,0.937751
3,C3 Hybrid,2024-07,2024-07-31,P_selected,RDS,0.002370405485616731,BUY,3.4046765706723408,3.4046765706723408,3.4046765706723408,4223484.5695,1.0,2024-07,2024-07,0.9192,0.010702,0.937751
3,C3 Hybrid,2024-07,2024-07-31,P_selected,ATH,0.0014002561445674293,NEUTRAL,-0.02299415485727152,-0.02299415485727152,-0.01149707742863576,668352.7655,0.9987627724403259,2024-07,2024-07,0.9192,0.010702,0.937751
3,C3 Hybrid,2024-07,2024-07-31,P_selected,TGC,0.0011559837362143277,BUY,0.22867509272280298,0.22867509272280298,0.22867509272280298,5667767.225,1.0,2024-07,2024-07,0.9192,0.010702,0.937751
3,C3 Hybrid,2024-07,2024-07-31,P_selected,CIH,0.0011533950398183142,NEUTRAL,0.12929468447169634,0.12929468447169634,0.06464734223584817,3803244.8850000002,1.0,2024-07,2024-07,0.9192,0.010702,0.937751
3,C3 Hybrid,2024-07,2024-07-31,P_selected,BCP,0.0009664377610913628,NEUTRAL,0.005555927718852494,0.005555927718852494,0.002777963859426247,18421993.2525,1.0,2024-07,2024-07,0.9192,0.010702,0.937751
3,C3 Hybrid,2024-07,2024-07-31,P_selected,DYT,0.0006390554679839587,NEUTRAL,0.056081592495925404,0.056081592495925404,0.028040796247962702,158236.09749999997,0.18721294469209607,2024-07,2024-07,0.9192,0.010702,0.937751
3,C3 Hybrid,2024-07,2024-07-31,P_selected,COL,0.00043189693913617185,NEUTRAL,-0.1605729026329269,-0.1605729026329269,-0.08028645131646345,51654.90850000002,0.040174406186658296,2024-07,2024-07,0.9192,0.010702,0.937751
3,C3 Hybrid,2024-07,2024-07-31,P_selected,SMI,0.00017905293933315428,NEUTRAL,-0.09868296510966856,-0.09868296510966856,-0.04934148255483428,429588.25,0.9465163375998418,2024-07,2024-07,0.9192,0.010702,0.937751
3,C3 Hybrid,2024-07,2024-07-31,P_selected,IAM,0.00016954112671611326,NEUTRAL,-0.10751357700628147,-0.10751357700628147,-0.05375678850314074,8428432.7605,1.0,2024-07,2024-07,0.9192,0.010702,0.937751
3,C3 Hybrid,2024-07,2024-07-31,P_selected,MOX,0.00010416356177248626,NEUTRAL,-0.21699234166201795,-0.21699234166201795,-0.10849617083100897,2847.947499999997,0.018808978245212996,2024-07,2024-07,0.9192,0.010702,0.937751
3,C3 Hybrid,2024-08,2024-08-30,P_selected,SRM,0.1,BUY,2.569371801785331,2.569371801785331,2.569371801785331,699615.595,0.9992493720460492,2024-08,2024-08,0.8965,0.010942,1.0663
3,C3 Hybrid,2024-08,2024-08-30,P_selected,AKT,0.09990493834732317,BUY,0.6837960161081631,0.6837960161081631,0.6837960161081631,11937530.819999998,1.0,2024-08,2024-08,0.8965,0.010942,1.0663
3,C3 Hybrid,2024-08,2024-08-30,P_selected,JET,0.09203192032103968,BUY,2.2919266970889103,2.2919266970889103,2.2919266970889103,2660410.56,1.0,2024-08,2024-08,0.8965,0.010942,1.0663
3,C3 Hybrid,2024-08,2024-08-30,P_selected,ARD,0.08474964581114355,NEUTRAL,0.09918296351255237,0.09918296351255237,0.04959148175627619,538114.4,0.9901445896098349,2024-08,2024-08,0.8965,0.010942,1.0663
3,C3 Hybrid,2024-08,2024-08-30,P_selected,IMO,0.07700063415672044,BUY,0.5279098600029551,0.5279098600029551,0.5279098600029551,625743.8495,0.9975565590873477,2024-08,2024-08,0.8965,0.010942,1.0663
3,C3 Hybrid,2024-08,2024-08-30,P_selected,ATH,0.07389585581131934,BUY,0.2320360376311317,0.2320360376311317,0.2320360376311317,1329046.1475000002,0.9999999682298412,2024-08,2024-08,0.8965,0.010942,1.0663
3,C3 Hybrid,2024-08,2024-08-30,P_selected,RDS,0.06530440184015367,BUY,3.6641901048212135,3.6641901048212135,3.6641901048212135,8610768.602000002,1.0,2024-08,2024-08,0.8965,0.010942,1.0663
3,C3 Hybrid,2024-08,2024-08-30,P_selected,CRS,0.05918645335671497,BUY,1.7356307802911939,1.7356307802911939,1.7356307802911939,120769.1865,0.11227677167147611,2024-08,2024-08,0.8965,0.010942,1.0663
3,C3 Hybrid,2024-08,2024-08-30,P_selected,BOA,0.04953248752572313,NEUTRAL,-0.0140032693277648,-0.0140032693277648,-0.0070016346638824,1152916.4300000002,0.9999994680218457,2024-08,2024-08,0.8965,0.010942,1.0663
3,C3 Hybrid,2024-08,2024-08-30,P_selected,TGC,0.03861802917387922,NEUTRAL,0.19586074055875147,0.19586074055875147,0.09793037027937573,7421795.1975,1.0,2024-08,2024-08,0.8965,0.010942,1.0663
3,C3 Hybrid,2024-08,2024-08-30,P_selected,MDP,0.033942443851265,BUY,1.3239583567105024,1.3239583567105024,1.3239583567105024,599557.7605000001,0.9962896956570806,2024-08,2024-08,0.8965,0.010942,1.0663
3,C3 Hybrid,2024-08,2024-08-30,P_selected,MNG,0.03225749055549676,NEUTRAL,-0.10273174287682525,-0.10273174287682525,-0.051365871438412626,3081508.65,1.0,2024-08,2024-08,0.8965,0.010942,1.0663
3,C3 Hybrid,2024-08,2024-08-30,P_selected,ATL,0.027468312581751,NEUTRAL,-0.10474144165096556,-0.10474144165096556,-0.05237072082548278,803587.2175,0.9998576949827374,2024-08,2024-08,0.8965,0.010942,1.0663
3,C3 Hybrid,2024-08,2024-08-30,P_selected,FBR,0.025199951555574633,BUY,0.31592329986419215,0.31592329986419215,0.31592329986419215,364807.66599999997,0.8625843487074972,2024-08,2024-08,0.8965,0.010942,1.0663
3,C3 Hybrid,2024-08,2024-08-30,P_selected,CIH,0.01983355117606565,NEUTRAL,0.10351901517975456,0.10351901517975456,0.05175950758987728,1894588.4825,0.9999999999962654,2024-08,2024-08,0.8965,0.010942,1.0663
3,C3 Hybrid,2024-08,2024-08-30,P_selected,INV,0.017146977107583117,BUY,0.9844785515133652,0.9844785515133652,0.9844785515133652,102456.102,0.08621884224067027,2024-08,2024-08,0.8965,0.010942,1.0663
3,C3 Hybrid,2024-08,2024-08-30,P_selected,RIS,0.016646118000661146,NEUTRAL,-0.12899942356449878,-0.12899942356449878,-0.06449971178224939,254409.445,0.5176304676934964,2024-08,2024-08,0.8965,0.010942,1.0663
3,C3 Hybrid,2024-08,2024-08-30,P_selected,SNP,0.01593385021899397,NEUTRAL,-0.2141369746465958,-0.2141369746465958,-0.1070684873232979,671263.3199999998,0.998819001269447,2024-08,2024-08,0.8965,0.010942,1.0663
3,C3 Hybrid,2024-08,2024-08-30,P_selected,ADH,0.015911542355139318,BUY,1.8031916209397199,1.8031916209397199,1.8031916209397199,10009231.4885,1.0,2024-08,2024-08,0.8965,0.010942,1.0663
3,C3 Hybrid,2024-08,2024-08-30,P_selected,DYT,0.014704316061839855,BUY,0.3472383884697202,0.3472383884697202,0.3472383884697202,142682.50499999998,0.15224767087218377,2024-08,2024-08,0.8965,0.010942,1.0663
3,C3 Hybrid,2024-08,2024-08-30,P_selected,AFI,0.009042231667996602,BUY,0.46493872267812275,0.46493872267812275,0.46493872267812275,130229.37250000001,0.12827137374546618,2024-08,2024-08,0.8965,0.010942,1.0663
3,C3 Hybrid,2024-08,2024-08-30,P_selected,ADI,0.008368720069188209,BUY,1.7850765099848986,1.7850765099848986,1.7850765099848986,8788463.7425,1.0,2024-08,2024-08,0.8965,0.010942,1.0663
3,C3 Hybrid,2024-08,2024-08-30,P_selected,BCI,0.006698423708391837,BUY,0.23347820206973408,0.23347820206973408,0.23347820206973408,1334437.48,0.9999999708555025,2024-08,2024-08,0.8965,0.010942,1.0663
3,C3 Hybrid,2024-08,2024-08-30,P_selected,MUT,0.006464620058053858,BUY,0.47722498558929616,0.47722498558929616,0.47722498558929616,1384733.2649999997,0.9999999869663616,2024-08,2024-08,0.8965,0.010942,1.0663
3,C3 Hybrid,2024-08,2024-08-30,P_selected,SMI,0.002564338153345494,NEUTRAL,-0.13827189939551995,-0.13827189939551995,-0.06913594969775998,748829.25,0.9996583110533012,2024-08,2024-08,0.8965,0.010942,1.0663
3,C3 Hybrid,2024-08,2024-08-30,P_selected,SID,0.0019123584005407805,BUY,0.270350598590166,0.270350598590166,0.270350598590166,2148965.995,0.9999999999999363,2024-08,2024-08,0.8965,0.010942,1.0663
3,C3 Hybrid,2024-08,2024-08-30,P_selected,DWY,0.001222470514411087,NEUTRAL,-0.11876381816578463,-0.11876381816578463,-0.059381909082892315,215256.64499999964,0.3644981142647536,2024-08,2024-08,0.8965,0.010942,1.0663
3,C3 Hybrid,2024-08,2024-08-30,P_selected,BCP,0.0010104576635260843,NEUTRAL,0.020221680553719534,0.020221680553719534,0.010110840276859767,16737158.877500001,1.0,2024-08,2024-08,0.8965,0.010942,1.0663
3,C3 Hybrid,2024-08,2024-08-30,P_selected,HPS,0.000980526203582623,NEUTRAL,-0.1275485981848502,-0.1275485981848502,-0.0637742990924251,6440034.385,1.0,2024-08,2024-08,0.8965,0.010942,1.0663
3,C3 Hybrid,2024-08,2024-08-30,P_selected,CMT,0.0009471826845248371,NEUTRAL,-0.03968790484202669,-0.03968790484202669,-0.019843952421013344,5708164.8,1.0,2024-08,2024-08,0.8965,0.010942,1.0663
3,C3 Hybrid,2024-08,2024-08-30,P_selected,IBC,0.0009262398582050489,NEUTRAL,-0.185747938478657,-0.185747938478657,-0.0928739692393285,23923.440499999993,0.026154664412059776,2024-08,2024-08,0.8965,0.010942,1.0663
3,C3 Hybrid,2024-08,2024-08-30,P_selected,SAH,0.0004196256855870877,NEUTRAL,0.19419013685141182,0.19419013685141182,0.09709506842570591,122932.1,0.11577259458345285,2024-08,2024-08,0.8965,0.010942,1.0663
3,C3 Hybrid,2024-08,2024-08-30,P_selected,ALM,0.0001405053820750882,NEUTRAL,0.02337595070718268,0.02337595070718268,0.01168797535359134,168115.2,0.21246060699157798,2024-08,2024-08,0.8965,0.010942,1.0663
3,C3 Hybrid,2024-09,2024-09-30,P_selected,IMO,0.1,BUY,1.245610717500195,1.245610717500195,1.245610717500195,567851.988,0.9938530406721361,2024-09,2024-09,0.8453,0.011175,1.110279
3,C3 Hybrid,2024-09,2024-09-30,P_selected,SRM,0.1,BUY,3.1415647324519798,3.1415647324519798,3.1415647324519798,376695.6575,0.8836163095115698,2024-09,2024-09,0.8453,0.011175,1.110279
3,C3 Hybrid,2024-09,2024-09-30,P_selected,ADI,0.0688411481973148,BUY,1.401851276023814,1.401851276023814,1.401851276023814,21969093.389999997,1.0,2024-09,2024-09,0.8453,0.011175,1.110279
3,C3 Hybrid,2024-09,2024-09-30,P_selected,RDS,0.0681443072439866,BUY,2.0645543878888692,2.0645543878888692,2.0645543878888692,7745901.719500001,1.0,2024-09,2024-09,0.8453,0.011175,1.110279
3,C3 Hybrid,2024-09,2024-09-30,P_selected,REB,0.06792681126487607,BUY,1.7604984796610634,1.7604984796610634,1.7604984796610634,13171.8555,0.022112527272865782,2024-09,2024-09,0.8453,0.011175,1.110279
3,C3 Hybrid,2024-09,2024-09-30,P_selected,NKL,0.06665667640533296,BUY,0.21959169041695592,0.21959169041695592,0.21959169041695592,961227.5684999998,0.9999885743818966,2024-09,2024-09,0.8453,0.011175,1.110279
3,C3 Hybrid,2024-09,2024-09-30,P_selected,ATH,0.0648326851043672,BUY,1.107491958690256,1.107491958690256,1.107491958690256,3843200.8329999996,1.0,2024-09,2024-09,0.8453,0.011175,1.110279
3,C3 Hybrid,2024-09,2024-09-30,P_selected,MUT,0.06358155343863267,BUY,0.550220766395328,0.550220766395328,0.550220766395328,4026016.7574999994,1.0,2024-09,2024-09,0.8453,0.011175,1.110279
3,C3 Hybrid,2024-09,2024-09-30,P_selected,ARD,0.04890611288614294,NEUTRAL,0.126637081901826,0.126637081901826,0.063318540950913,1275026.855,0.9999999245978278,2024-09,2024-09,0.8453,0.011175,1.110279
3,C3 Hybrid,2024-09,2024-09-30,P_selected,DYT,0.045601040854256675,BUY,1.0043005567613097,1.0043005567613097,1.0043005567613097,680286.7925000001,0.9989776093235639,2024-09,2024-09,0.8453,0.011175,1.110279
3,C3 Hybrid,2024-09,2024-09-30,P_selected,JET,0.044570284297057776,BUY,0.6709537726555087,0.6709537726555087,0.6709537726555087,4833471.675,1.0,2024-09,2024-09,0.8453,0.011175,1.110279
3,C3 Hybrid,2024-09,2024-09-30,P_selected,AKT,0.04406531851418157,NEUTRAL,0.14973425147761407,0.14973425147761407,0.07486712573880704,19365557.67,1.0,2024-09,2024-09,0.8453,0.011175,1.110279
3,C3 Hybrid,2024-09,2024-09-30,P_selected,CRS,0.04371845497497668,BUY,1.252503300037883,1.252503300037883,1.252503300037883,180899.16999999998,0.24868961297957162,2024-09,2024-09,0.8453,0.011175,1.110279
3,C3 Hybrid,2024-09,2024-09-30,P_selected,CFG,0.03510104438957462,NEUTRAL,0.005322977926456654,0.005322977926456654,0.002661488963228327,6574180.4275,1.0,2024-09,2024-09,0.8453,0.011175,1.110279
3,C3 Hybrid,2024-09,2024-09-30,P_selected,SID,0.02939417836507509,BUY,0.2833210529621053,0.2833210529621053,0.2833210529621053,2740958.055,1.0,2024-09,2024-09,0.8453,0.011175,1.110279
3,C3 Hybrid,2024-09,2024-09-30,P_selected,ALM,0.022172264786000925,BUY,0.554048301800955,0.554048301800955,0.554048301800955,78651.4,0.06056408181911349,2024-09,2024-09,0.8453,0.011175,1.110279
3,C3 Hybrid,2024-09,2024-09-30,P_selected,CIH,0.019070877855798078,NEUTRAL,-0.20990071213337932,-0.20990071213337932,-0.10495035606668966,5326917.600000001,1.0,2024-09,2024-09,0.8453,0.011175,1.110279
3,C3 Hybrid,2024-09,2024-09-30,P_selected,FBR,0.018405902633864674,BUY,1.0481347182481704,1.0481347182481704,1.0481347182481704,251552.81749999998,0.5062109505130274,2024-09,2024-09,0.8453,0.011175,1.110279
3,C3 Hybrid,2024-09,2024-09-30,P_selected,MDP,0.01189066934130229,BUY,0.6086529460984735,0.6086529460984735,0.6086529460984735,316645.9135000001,0.7438992364255506,2024-09,2024-09,0.8453,0.011175,1.110279
3,C3 Hybrid,2024-09,2024-09-30,P_selected,DHO,0.009649953175852226,NEUTRAL,-0.14272074898856346,-0.14272074898856346,-0.07136037449428173,1223397.1755000001,0.99999982775621,2024-09,2024-09,0.8453,0.011175,1.110279
3,C3 Hybrid,2024-09,2024-09-30,P_selected,INV,0.009184151729900489,BUY,1.1193295243268924,1.1193295243268924,1.1193295243268924,27907.510000000002,0.02782827582570667,2024-09,2024-09,0.8453,0.011175,1.110279
3,C3 Hybrid,2024-09,2024-09-30,P_selected,TMA,0.00899242647099869,NEUTRAL,-0.16639890420357142,-0.16639890420357142,-0.08319945210178571,1311048.65,0.9999999576280159,2024-09,2024-09,0.8453,0.011175,1.110279
3,C3 Hybrid,2024-09,2024-09-30,P_selected,CSR,0.0025901211115771337,NEUTRAL,-0.20371637436616213,-0.20371637436616213,-0.10185818718308107,6245298.715,1.0,2024-09,2024-09,0.8453,0.011175,1.110279
3,C3 Hybrid,2024-09,2024-09-30,P_selected,BOA,0.002438786462115695,NEUTRAL,0.047009221781124454,0.047009221781124454,0.023504610890562227,2074999.1824999999,0.9999999999997917,2024-09,2024-09,0.8453,0.011175,1.110279
3,C3 Hybrid,2024-09,2024-09-30,P_selected,ADH,0.00125061974017341,BUY,1.9878993115875132,1.9878993115875132,1.9878993115875132,26915085.794,1.0,2024-09,2024-09,0.8453,0.011175,1.110279
3,C3 Hybrid,2024-09,2024-09-30,P_selected,BCI,0.0008035924856549612,NEUTRAL,0.07704703700899052,0.07704703700899052,0.03852351850449526,766811.225,0.9997437189627532,2024-09,2024-09,0.8453,0.011175,1.110279
3,C3 Hybrid,2024-09,2024-09-30,P_selected,MOX,0.0007011835912535057,NEUTRAL,-0.044368763755122304,-0.044368763755122304,-0.022184381877561152,11284.699999999997,0.021468950280049467,2024-09,2024-09,0.8453,0.011175,1.110279
3,C3 Hybrid,2024-09,2024-09-30,P_selected,BCP,0.0006697967406472706,NEUTRAL,0.16052995312498586,0.16052995312498586,0.08026497656249293,20597659.005,1.0,2024-09,2024-09,0.8453,0.011175,1.110279
3,C3 Hybrid,2024-09,2024-09-30,P_selected,IBC,0.0004221967703992559,NEUTRAL,0.012935339587230324,0.012935339587230324,0.006467669793615162,23707.963999999996,0.02606699467497742,2024-09,2024-09,0.8453,0.011175,1.110279
3,C3 Hybrid,2024-09,2024-09-30,P_selected,SNP,0.0002659199480069297,BUY,0.23458158374939958,0.23458158374939958,0.23458158374939958,815909.7724999997,0.9998831562762621,2024-09,2024-09,0.8453,0.011175,1.110279
3,C3 Hybrid,2024-09,2024-09-30,P_selected,AFI,0.0001519208410812294,NEUTRAL,0.20422402463640005,0.20422402463640005,0.10211201231820002,84083.3425,0.06570197291247752,2024-09,2024-09,0.8453,0.011175,1.110279
3,C3 Hybrid,2024-10,2024-10-31,P_selected,AKT,0.1,BUY,0.22877047461026048,0.22877047461026048,0.22877047461026048,15285418.889999997,1.0,2024-10,2024-10,0.7864,0.011065,1.010507
3,C3 Hybrid,2024-10,2024-10-31,P_selected,IMO,0.1,BUY,0.8389632343215079,0.8389632343215079,0.8389632343215079,205912.2775,0.3306152797322968,2024-10,2024-10,0.7864,0.011065,1.010507
3,C3 Hybrid,2024-10,2024-10-31,P_selected,BOA,0.09991175079793818,NEUTRAL,0.0411175194764655,0.0411175194764655,0.02055875973823275,1381344.3175,0.9999999862401252,2024-10,2024-10,0.7864,0.011065,1.010507
3,C3 Hybrid,2024-10,2024-10-31,P_selected,JET,0.09926652577309163,BUY,1.8150262398841228,1.8150262398841228,1.8150262398841228,19715665.4,1.0,2024-10,2024-10,0.7864,0.011065,1.010507
3,C3 Hybrid,2024-10,2024-10-31,P_selected,ARD,0.07852403240757928,BUY,1.2907272996354346,1.2907272996354346,1.2907272996354346,3485858.825,1.0,2024-10,2024-10,0.7864,0.011065,1.010507
3,C3 Hybrid,2024-10,2024-10-31,P_selected,ATH,0.07115814649189353,BUY,0.9456110721469779,0.9456110721469779,0.9456110721469779,2240066.992,0.9999999999999851,2024-10,2024-10,0.7864,0.011065,1.010507
3,C3 Hybrid,2024-10,2024-10-31,P_selected,SRM,0.06992771356031979,BUY,2.1565159425139178,2.1565159425139178,2.1565159425139178,45899.41499999999,0.036770020008880897,2024-10,2024-10,0.7864,0.011065,1.010507
3,C3 Hybrid,2024-10,2024-10-31,P_selected,BCP,0.06643748483714697,BUY,1.633170643292633,1.633170643292633,1.633170643292633,30980904.752499998,1.0,2024-10,2024-10,0.7864,0.011065,1.010507
3,C3 Hybrid,2024-10,2024-10-31,P_selected,DYT,0.06547031915971996,BUY,0.6190225349720627,0.6190225349720627,0.6190225349720627,409649.59750000003,0.9278681239895349,2024-10,2024-10,0.7864,0.011065,1.010507
3,C3 Hybrid,2024-10,2024-10-31,P_selected,MUT,0.06025487960972683,BUY,0.6846125025141555,0.6846125025141555,0.6846125025141555,3969151.2824999997,1.0,2024-10,2024-10,0.7864,0.011065,1.010507
3,C3 Hybrid,2024-10,2024-10-31,P_selected,CIH,0.03835669394740467,NEUTRAL,-0.14897384593758967,-0.14897384593758967,-0.07448692296879483,2127402.417500001,0.9999999999999098,2024-10,2024-10,0.7864,0.011065,1.010507
3,C3 Hybrid,2024-10,2024-10-31,P_selected,RDS,0.037613178147630336,BUY,3.0104039441513595,3.0104039441513595,3.0104039441513595,6890815.06,1.0,2024-10,2024-10,0.7864,0.011065,1.010507
3,C3 Hybrid,2024-10,2024-10-31,P_selected,FBR,0.03756875886376461,BUY,1.4818961356915592,1.4818961356915592,1.4818961356915592,94621.08249999999,0.07684103207403763,2024-10,2024-10,0.7864,0.011065,1.010507
3,C3 Hybrid,2024-10,2024-10-31,P_selected,AFI,0.015137234336190472,BUY,0.4146781646601014,0.4146781646601014,0.4146781646601014,101186.85500000001,0.0846322637472268,2024-10,2024-10,0.7864,0.011065,1.010507
3,C3 Hybrid,2024-10,2024-10-31,P_selected,ALM,0.012109495560206985,BUY,0.5916008796622065,0.5916008796622065,0.5916008796622065,101545.2,0.08507749660959389,2024-10,2024-10,0.7864,0.011065,1.010507
3,C3 Hybrid,2024-10,2024-10-31,P_selected,ADH,0.011449419457840521,BUY,0.9863057197424654,0.9863057197424654,0.9863057197424654,14062915.8905,1.0,2024-10,2024-10,0.7864,0.011065,1.010507
3,C3 Hybrid,2024-10,2024-10-31,P_selected,ADI,0.011060820337740243,BUY,1.3877893037218956,1.3877893037218956,1.3877893037218956,14327048.34,1.0,2024-10,2024-10,0.7864,0.011065,1.010507
3,C3 Hybrid,2024-10,2024-10-31,P_selected,HPS,0.00877458508829998,NEUTRAL,0.15145419514045058,0.15145419514045058,0.07572709757022529,4194418.135,1.0,2024-10,2024-10,0.7864,0.011065,1.010507
3,C3 Hybrid,2024-10,2024-10-31,P_selected,MOX,0.006763215242584212,NEUTRAL,0.18532932440872038,0.18532932440872038,0.09266466220436019,826.1999999999971,0.01822119064475999,2024-10,2024-10,0.7864,0.011065,1.010507
3,C3 Hybrid,2024-10,2024-10-31,P_selected,INV,0.00650691036258074,BUY,0.4941918170958759,0.4941918170958759,0.4941918170958759,7295.994500000001,0.02016839227470215,2024-10,2024-10,0.7864,0.011065,1.010507
3,C3 Hybrid,2024-10,2024-10-31,P_selected,CRS,0.001980948208899323,BUY,0.6089099107921669,0.6089099107921669,0.6089099107921669,32643.895999999997,0.029953504803683025,2024-10,2024-10,0.7864,0.011065,1.010507
3,C3 Hybrid,2024-10,2024-10-31,P_selected,CMT,0.0011407235530046021,NEUTRAL,-0.16305780769027284,-0.16305780769027284,-0.08152890384513642,2515161.75,0.9999999999999998,2024-10,2024-10,0.7864,0.011065,1.010507
3,C3 Hybrid,2024-10,2024-10-31,P_selected,BCI,0.0005257269171507204,NEUTRAL,0.13079125414037143,0.13079125414037143,0.06539562707018572,592294.97,0.9958343952882754,2024-10,2024-10,0.7864,0.011065,1.010507
3,C3 Hybrid,2024-11,2024-11-29,P_selected,BOA,0.1,BUY,0.5285161026096213,0.5285161026096213,0.5285161026096213,23013142.1075,1.0,2024-11,2024-11,0.9284,0.010397,0.988264
3,C3 Hybrid,2024-11,2024-11-29,P_selected,IMO,0.1,BUY,1.5133245121507788,1.5133245121507788,1.5133245121507788,540320.1195,0.9904830837265511,2024-11,2024-11,0.9284,0.010397,0.988264
3,C3 Hybrid,2024-11,2024-11-29,P_selected,ARD,0.08043230380383955,BUY,1.0781649540197162,1.0781649540197162,1.0781649540197162,4393442.380000001,1.0,2024-11,2024-11,0.9284,0.010397,0.988264
3,C3 Hybrid,2024-11,2024-11-29,P_selected,SRM,0.07850728296441682,BUY,3.7987141224683185,3.7987141224683185,3.7987141224683185,1033210.8,0.9999963884604613,2024-11,2024-11,0.9284,0.010397,0.988264
3,C3 Hybrid,2024-11,2024-11-29,P_selected,CFG,0.0751684131616425,NEUTRAL,0.19985002577001804,0.19985002577001804,0.09992501288500902,8520361.28,1.0,2024-11,2024-11,0.9284,0.010397,0.988264
3,C3 Hybrid,2024-11,2024-11-29,P_selected,BCP,0.07460600308785303,BUY,1.1709464830326453,1.1709464830326453,1.1709464830326453,37914058.7275,1.0,2024-11,2024-11,0.9284,0.010397,0.988264
3,C3 Hybrid,2024-11,2024-11-29,P_selected,ATH,0.07369812481761538,BUY,0.25775229037271785,0.25775229037271785,0.25775229037271785,1163208.068,0.9999995487884503,2024-11,2024-11,0.9284,0.010397,0.988264
3,C3 Hybrid,2024-11,2024-11-29,P_selected,ADH,0.05820280385514562,BUY,2.499241118872943,2.499241118872943,2.499241118872943,25718783.5795,1.0,2024-11,2024-11,0.9284,0.010397,0.988264
3,C3 Hybrid,2024-11,2024-11-29,P_selected,JET,0.051477364972495485,BUY,0.7475141719701344,0.7475141719701344,0.7475141719701344,11088081.9,1.0,2024-11,2024-11,0.9284,0.010397,0.988264
3,C3 Hybrid,2024-11,2024-11-29,P_selected,AKT,0.044512867961997604,NEUTRAL,0.0839960174920596,0.0839960174920596,0.0419980087460298,15215770.6,1.0,2024-11,2024-11,0.9284,0.010397,0.988264
3,C3 Hybrid,2024-11,2024-11-29,P_selected,AFI,0.0268139039483706,BUY,0.6009273838705984,0.6009273838705984,0.6009273838705984,193947.02,0.28969873062940693,2024-11,2024-11,0.9284,0.010397,0.988264
3,C3 Hybrid,2024-11,2024-11-29,P_selected,HPS,0.026683509278301806,NEUTRAL,-0.18634475454332955,-0.18634475454332955,-0.09317237727166477,3300165.9850000003,1.0,2024-11,2024-11,0.9284,0.010397,0.988264
3,C3 Hybrid,2024-11,2024-11-29,P_selected,DWY,0.02373466927419506,NEUTRAL,-0.1386331905832792,-0.1386331905832792,-0.0693165952916396,569660.6899999997,0.99402733238879,2024-11,2024-11,0.9284,0.010397,0.988264
3,C3 Hybrid,2024-11,2024-11-29,P_selected,S2M,0.023448748474560216,BUY,0.5344255095978117,0.5344255095978117,0.5344255095978117,585535.0375,0.9953607873156116,2024-11,2024-11,0.9284,0.010397,0.988264
3,C3 Hybrid,2024-11,2024-11-29,P_selected,DYT,0.0233108704604426,BUY,0.48164282812593356,0.48164282812593356,0.48164282812593356,458636.8175,0.9657159356999999,2024-11,2024-11,0.9284,0.010397,0.988264
3,C3 Hybrid,2024-11,2024-11-29,P_selected,CIH,0.02052030844459553,NEUTRAL,-0.12167393842649704,-0.12167393842649704,-0.06083696921324852,2798700.9950000006,1.0,2024-11,2024-11,0.9284,0.010397,0.988264
3,C3 Hybrid,2024-11,2024-11-29,P_selected,ADI,0.01768722529457375,BUY,1.457188821360274,1.457188821360274,1.457188821360274,24280205.552500002,1.0,2024-11,2024-11,0.9284,0.010397,0.988264
3,C3 Hybrid,2024-11,2024-11-29,P_selected,ALM,0.016429985747442876,BUY,0.699629415776774,0.699629415776774,0.699629415776774,43766.7,0.03558035694132052,2024-11,2024-11,0.9284,0.010397,0.988264
3,C3 Hybrid,2024-11,2024-11-29,P_selected,SID,0.016129009784570412,BUY,0.23244898310181905,0.23244898310181905,0.23244898310181905,4757261.905,1.0,2024-11,2024-11,0.9284,0.010397,0.988264
3,C3 Hybrid,2024-11,2024-11-29,P_selected,RDS,0.014458951152764452,BUY,1.4781439905393932,1.4781439905393932,1.4781439905393932,5028492.7505,1.0,2024-11,2024-11,0.9284,0.010397,0.988264
3,C3 Hybrid,2024-11,2024-11-29,P_selected,MAB,0.014331066867654297,NEUTRAL,-0.1511797447414009,-0.1511797447414009,-0.07558987237070044,23502.15,0.025983523353740306,2024-11,2024-11,0.9284,0.010397,0.988264
3,C3 Hybrid,2024-11,2024-11-29,P_selected,INV,0.01430423195930756,NEUTRAL,-0.016916152854624403,-0.016916152854624403,-0.008458076427312201,4188.4529999999995,0.019208919322559304,2024-11,2024-11,0.9284,0.010397,0.988264
3,C3 Hybrid,2024-11,2024-11-29,P_selected,SNP,0.00797761472801967,BUY,0.34052804362688827,0.34052804362688827,0.34052804362688827,2543951.79,0.9999999999999998,2024-11,2024-11,0.9284,0.010397,0.988264
3,C3 Hybrid,2024-11,2024-11-29,P_selected,BCI,0.006350227470367195,NEUTRAL,0.10474354391664156,0.10474354391664156,0.05237177195832078,782391.265,0.9998002532026524,2024-11,2024-11,0.9284,0.010397,0.988264
3,C3 Hybrid,2024-11,2024-11-29,P_selected,MUT,0.004179661418330105,BUY,0.25739908242800646,0.25739908242800646,0.25739908242800646,2312869.6849999996,0.9999999999999953,2024-11,2024-11,0.9284,0.010397,0.988264
3,C3 Hybrid,2024-11,2024-11-29,P_selected,CRS,0.004144490373385603,NEUTRAL,-0.13142275190948272,-0.13142275190948272,-0.06571137595474136,29233.279500000004,0.028407934851044255,2024-11,2024-11,0.9284,0.010397,0.988264
3,C3 Hybrid,2024-11,2024-11-29,P_selected,MOX,0.0021691860732124093,NEUTRAL,-0.06925863313510244,-0.06925863313510244,-0.03462931656755122,19269.539999999997,0.02432351792551128,2024-11,2024-11,0.9284,0.010397,0.988264
3,C3 Hybrid,2024-11,2024-11-29,P_selected,FBR,0.0005942537668570983,NEUTRAL,-0.039308919094429046,-0.039308919094429046,-0.019654459547214523,73364.60500000001,0.05592646698134489,2024-11,2024-11,0.9284,0.010397,0.988264
3,C3 Hybrid,2024-11,2024-11-29,P_selected,CDM,0.00012692054124705958,NEUTRAL,0.16235270577252417,0.16235270577252417,0.08117635288626208,24178378.389999997,1.0,2024-11,2024-11,0.9284,0.010397,0.988264
3,C3 Hybrid,2024-12,2024-12-31,P_selected,BOA,0.1,BUY,1.3284357183038855,1.3284357183038855,1.3284357183038855,32557984.047500003,1.0,2024-12,2024-12,0.8895,0.009913,0.821247
3,C3 Hybrid,2024-12,2024-12-31,P_selected,IMO,0.1,BUY,1.4376178110737818,1.4376178110737818,1.4376178110737818,873454.9809999999,0.9999534659488765,2024-12,2024-12,0.8895,0.009913,0.821247
3,C3 Hybrid,2024-12,2024-12-31,P_selected,ARD,0.07326400799865439,NEUTRAL,0.18789796380011325,0.18789796380011325,0.09394898190005663,1386358.4975000003,0.9999999873009159,2024-12,2024-12,0.8895,0.009913,0.821247
3,C3 Hybrid,2024-12,2024-12-31,P_selected,ATH,0.07300382789771134,NEUTRAL,0.0734301528425585,0.0734301528425585,0.03671507642127925,410128.699,0.9283794957897321,2024-12,2024-12,0.8895,0.009913,0.821247
3,C3 Hybrid,2024-12,2024-12-31,P_selected,RIS,0.05833617489835399,BUY,0.3694995975009452,0.3694995975009452,0.3694995975009452,1871500.9425000001,0.9999999999945968,2024-12,2024-12,0.8895,0.009913,0.821247
3,C3 Hybrid,2024-12,2024-12-31,P_selected,BCP,0.054216691485767125,BUY,0.45233856479039936,0.45233856479039936,0.45233856479039936,29465503.514999997,1.0,2024-12,2024-12,0.8895,0.009913,0.821247
3,C3 Hybrid,2024-12,2024-12-31,P_selected,JET,0.0519390380502596,BUY,1.0450475990116566,1.0450475990116566,1.0450475990116566,9101525.8,1.0,2024-12,2024-12,0.8895,0.009913,0.821247
3,C3 Hybrid,2024-12,2024-12-31,P_selected,CTM,0.04752211595408332,BUY,0.6012209258002292,0.6012209258002292,0.6012209258002292,599350.38,0.9962774099988266,2024-12,2024-12,0.8895,0.009913,0.821247
3,C3 Hybrid,2024-12,2024-12-31,P_selected,INV,0.04223630869471201,BUY,1.3286177415669105,1.3286177415669105,1.3286177415669105,49754.5905,0.03901822678114651,2024-12,2024-12,0.8895,0.009913,0.821247
3,C3 Hybrid,2024-12,2024-12-31,P_selected,ADI,0.04213428871222682,BUY,1.5384310905801841,1.5384310905801841,1.5384310905801841,19234488.669999998,1.0,2024-12,2024-12,0.8895,0.009913,0.821247
3,C3 Hybrid,2024-12,2024-12-31,P_selected,DYT,0.03880115324228929,BUY,0.664930954064291,0.664930954064291,0.664930954064291,426467.21499999997,0.9439312881706896,2024-12,2024-12,0.8895,0.009913,0.821247
3,C3 Hybrid,2024-12,2024-12-31,P_selected,ADH,0.03692384884801287,BUY,1.9802282138952896,1.9802282138952896,1.9802282138952896,23817214.059,1.0,2024-12,2024-12,0.8895,0.009913,0.821247
3,C3 Hybrid,2024-12,2024-12-31,P_selected,LBV,0.03685121167680237,NEUTRAL,-0.21739892695907426,-0.21739892695907426,-0.10869946347953713,4123204.15,1.0,2024-12,2024-12,0.8895,0.009913,0.821247
3,C3 Hybrid,2024-12,2024-12-31,P_selected,RDS,0.035202746513061704,BUY,2.3227124894198408,2.3227124894198408,2.3227124894198408,8458131.6595,1.0,2024-12,2024-12,0.8895,0.009913,0.821247
3,C3 Hybrid,2024-12,2024-12-31,P_selected,DWY,0.030380944279039205,NEUTRAL,-0.2093711818370417,-0.2093711818370417,-0.10468559091852085,352485.82499999966,0.8375040743431231,2024-12,2024-12,0.8895,0.009913,0.821247
3,C3 Hybrid,2024-12,2024-12-31,P_selected,HPS,0.029603705630523402,BUY,0.4912205137056643,0.4912205137056643,0.4912205137056643,9382705.684999999,1.0,2024-12,2024-12,0.8895,0.009913,0.821247
3,C3 Hybrid,2024-12,2024-12-31,P_selected,AFI,0.022700208321322964,BUY,0.5621885886299,0.5621885886299,0.5621885886299,162697.3725,0.1983177102514915,2024-12,2024-12,0.8895,0.009913,0.821247
3,C3 Hybrid,2024-12,2024-12-31,P_selected,LES,0.02189755702273346,NEUTRAL,-0.1896028282676699,-0.1896028282676699,-0.09480141413383494,3461192.307500002,1.0,2024-12,2024-12,0.8895,0.009913,0.821247
3,C3 Hybrid,2024-12,2024-12-31,P_selected,CIH,0.021803770675620657,NEUTRAL,0.12619991350940868,0.12619991350940868,0.06309995675470434,13122116.9525,1.0,2024-12,2024-12,0.8895,0.009913,0.821247
3,C3 Hybrid,2024-12,2024-12-31,P_selected,SNP,0.021556623220062465,BUY,0.7031322319057682,0.7031322319057682,0.7031322319057682,2980050.79,1.0,2024-12,2024-12,0.8895,0.009913,0.821247
3,C3 Hybrid,2024-12,2024-12-31,P_selected,SRM,0.01923601091581589,BUY,2.823293408604017,2.823293408604017,2.823293408604017,77964.495,0.059941778405649994,2024-12,2024-12,0.8895,0.009913,0.821247
3,C3 Hybrid,2024-12,2024-12-31,P_selected,REB,0.01338842278323539,BUY,0.6054599197332278,0.6054599197332278,0.6054599197332278,157.99999999999963,0.01803091573495393,2024-12,2024-12,0.8895,0.009913,0.821247
3,C3 Hybrid,2024-12,2024-12-31,P_selected,BCI,0.010715033184315072,BUY,0.4546955365491766,0.4546955365491766,0.4546955365491766,2761344.01,1.0,2024-12,2024-12,0.8895,0.009913,0.821247
3,C3 Hybrid,2024-12,2024-12-31,P_selected,CRS,0.0061136322697178565,NEUTRAL,0.1506757859660314,0.1506757859660314,0.0753378929830157,19425.666000000005,0.024382871047788652,2024-12,2024-12,0.8895,0.009913,0.821247
3,C3 Hybrid,2024-12,2024-12-31,P_selected,SID,0.0052796517638944605,NEUTRAL,0.19401799251158,0.19401799251158,0.09700899625579,2329903.2800000003,0.9999999999999964,2024-12,2024-12,0.8895,0.009913,0.821247
3,C3 Hybrid,2024-12,2024-12-31,P_selected,CFG,0.0023483180006693216,NEUTRAL,0.03126018314742758,0.03126018314742758,0.01563009157371379,8865253.3,1.0,2024-12,2024-12,0.8895,0.009913,0.821247
3,C3 Hybrid,2024-12,2024-12-31,P_selected,ALM,0.001682905479997434,BUY,0.6478318050288286,0.6478318050288286,0.6478318050288286,13000.2,0.022053216299101737,2024-12,2024-12,0.8895,0.009913,0.821247
3,C3 Hybrid,2024-12,2024-12-31,P_selected,MUT,0.0016494472423646163,BUY,0.24709693774872235,0.24709693774872235,0.24709693774872235,1844883.2374999996,0.999999999991728,2024-12,2024-12,0.8895,0.009913,0.821247
3,C3 Hybrid,2024-12,2024-12-31,P_selected,CMT,0.0004741137506915836,NEUTRAL,0.19720080095462675,0.19720080095462675,0.09860040047731337,2348981.15,0.9999999999999973,2024-12,2024-12,0.8895,0.009913,0.821247
3,C3 Hybrid,2024-12,2024-12-31,P_selected,AKT,0.00033663566939327416,NEUTRAL,0.14239167498501065,0.14239167498501065,0.07119583749250533,9808443.75,1.0,2024-12,2024-12,0.8895,0.009913,0.821247
3,C3 Hybrid,2024-12,2024-12-31,P_selected,IBC,0.000252572825799302,BUY,0.36738506848245844,0.36738506848245844,0.36738506848245844,19089.271999999994,0.024255162166782286,2024-12,2024-12,0.8895,0.009913,0.821247
3,C3 Hybrid,2025-01,2025-01-31,P_selected,CSR,0.1,NEUTRAL,-0.07104636458935132,-0.07104636458935132,-0.03552318229467566,14173975.5475,1.0,2025-01,2025-01,0.9258,0.008818,0.63733
3,C3 Hybrid,2025-01,2025-01-31,P_selected,JET,0.08883320440730054,BUY,2.36140300895914,2.36140300895914,2.36140300895914,17213018.0,1.0,2025-01,2025-01,0.9258,0.008818,0.63733
3,C3 Hybrid,2025-01,2025-01-31,P_selected,ARD,0.0695998149210171,NEUTRAL,-0.08677891650502095,-0.08677891650502095,-0.04338945825251048,3442800.7275000005,1.0,2025-01,2025-01,0.9258,0.008818,0.63733
3,C3 Hybrid,2025-01,2025-01-31,P_selected,DYT,0.05756544242396591,BUY,1.1587108626249327,1.1587108626249327,1.1587108626249327,1492858.6,0.9999999976893514,2025-01,2025-01,0.9258,0.008818,0.63733
3,C3 Hybrid,2025-01,2025-01-31,P_selected,S2M,0.05368929171847456,BUY,1.2098083290705322,1.2098083290705322,1.2098083290705322,710440.4450000001,0.9993686679788972,2025-01,2025-01,0.9258,0.008818,0.63733
3,C3 Hybrid,2025-01,2025-01-31,P_selected,CIH,0.052197851165652995,NEUTRAL,0.08970931367886884,0.08970931367886884,0.04485465683943442,6351091.5200000005,1.0,2025-01,2025-01,0.9258,0.008818,0.63733
3,C3 Hybrid,2025-01,2025-01-31,P_selected,MNG,0.05100522961824784,BUY,0.560856336493595,0.560856336493595,0.560856336493595,5081623.5,1.0,2025-01,2025-01,0.9258,0.008818,0.63733
3,C3 Hybrid,2025-01,2025-01-31,P_selected,CTM,0.049457318194921544,BUY,0.8292092889716707,0.8292092889716707,0.8292092889716707,1445230.8,0.9999999950490819,2025-01,2025-01,0.9258,0.008818,0.63733
3,C3 Hybrid,2025-01,2025-01-31,P_selected,SRM,0.042633019973882726,BUY,1.7386809185414336,1.7386809185414336,1.7386809185414336,585947.4424999999,0.9953911576736926,2025-01,2025-01,0.9258,0.008818,0.63733
3,C3 Hybrid,2025-01,2025-01-31,P_selected,RIS,0.039426400422945825,BUY,0.4528038588877972,0.4528038588877972,0.4528038588877972,4453792.8525,1.0,2025-01,2025-01,0.9258,0.008818,0.63733
3,C3 Hybrid,2025-01,2025-01-31,P_selected,MUT,0.03915381095802344,BUY,0.3874755291952788,0.3874755291952788,0.3874755291952788,7664555.635,1.0,2025-01,2025-01,0.9258,0.008818,0.63733
3,C3 Hybrid,2025-01,2025-01-31,P_selected,FBR,0.03752387641805,BUY,1.1520812255803938,1.1520812255803938,1.1520812255803938,482856.425,0.9764708035808675,2025-01,2025-01,0.9258,0.008818,0.63733
3,C3 Hybrid,2025-01,2025-01-31,P_selected,INV,0.03616657946319779,NEUTRAL,0.1956507317785498,0.1956507317785498,0.0978253658892749,38246.337,0.03267075421430238,2025-01,2025-01,0.9258,0.008818,0.63733
3,C3 Hybrid,2025-01,2025-01-31,P_selected,BOA,0.035484804044821905,NEUTRAL,-0.008886834143884336,-0.008886834143884336,-0.004443417071942168,3689415.745,1.0,2025-01,2025-01,0.9258,0.008818,0.63733
3,C3 Hybrid,2025-01,2025-01-31,P_selected,MIC,0.03358016951946924,NEUTRAL,0.01127597609620929,0.01127597609620929,0.005637988048104645,415686.1550000004,0.9340712729902817,2025-01,2025-01,0.9258,0.008818,0.63733
3,C3 Hybrid,2025-01,2025-01-31,P_selected,DWY,0.033444625239532684,NEUTRAL,0.07730142612658722,0.07730142612658722,0.03865071306329361,584488.6199999996,0.9952828300727027,2025-01,2025-01,0.9258,0.008818,0.63733
3,C3 Hybrid,2025-01,2025-01-31,P_selected,AKT,0.03027545218174236,NEUTRAL,0.16954806958547106,0.16954806958547106,0.08477403479273553,26306633.45,1.0,2025-01,2025-01,0.9258,0.008818,0.63733
3,C3 Hybrid,2025-01,2025-01-31,P_selected,ALM,0.02917507446675722,NEUTRAL,-0.07110017659101212,-0.07110017659101212,-0.03555008829550606,151212.8,0.17071120370441306,2025-01,2025-01,0.9258,0.008818,0.63733
3,C3 Hybrid,2025-01,2025-01-31,P_selected,ATL,0.02885439209101063,NEUTRAL,0.1934831487391877,0.1934831487391877,0.09674157436959385,7158556.58,1.0,2025-01,2025-01,0.9258,0.008818,0.63733
3,C3 Hybrid,2025-01,2025-01-31,P_selected,CFG,0.01878591386190697,BUY,0.39242845423945344,0.39242845423945344,0.39242845423945344,20518734.5775,1.0,2025-01,2025-01,0.9258,0.008818,0.63733
3,C3 Hybrid,2025-01,2025-01-31,P_selected,RDS,0.01873851507176359,BUY,2.284923658692251,2.284923658692251,2.284923658692251,31175995.342,1.0,2025-01,2025-01,0.9258,0.008818,0.63733
3,C3 Hybrid,2025-01,2025-01-31,P_selected,ATH,0.01616979905330036,NEUTRAL,0.21536041920503493,0.21536041920503493,0.10768020960251747,2578353.4235,1.0,2025-01,2025-01,0.9258,0.008818,0.63733
3,C3 Hybrid,2025-01,2025-01-31,P_selected,MDP,0.01327418523589517,NEUTRAL,0.2191932550706535,0.2191932550706535,0.10959662753532674,216316.9160000001,0.3684366792670134,2025-01,2025-01,0.9258,0.008818,0.63733
3,C3 Hybrid,2025-01,2025-01-31,P_selected,ADH,0.006905244814415999,BUY,1.5006224176362144,1.5006224176362144,1.5006224176362144,32709665.888499998,1.0,2025-01,2025-01,0.9258,0.008818,0.63733
3,C3 Hybrid,2025-01,2025-01-31,P_selected,SMI,0.005475175531023392,NEUTRAL,-0.17762299931089215,-0.17762299931089215,-0.08881149965544607,2276995.55,0.9999999999999918,2025-01,2025-01,0.9258,0.008818,0.63733
3,C3 Hybrid,2025-01,2025-01-31,P_selected,MOX,0.002269531637479879,BUY,0.8542570245430756,0.8542570245430756,0.8542570245430756,31977.9,0.029645428813614153,2025-01,2025-01,0.9258,0.008818,0.63733
3,C3 Hybrid,2025-01,2025-01-31,P_selected,BCI,0.0020197331036511863,NEUTRAL,0.026417863296414476,0.026417863296414476,0.013208931648207238,6009433.39,1.0,2025-01,2025-01,0.9258,0.008818,0.63733
3,C3 Hybrid,2025-01,2025-01-31,P_selected,ADI,0.001857954421371552,BUY,2.196469022404814,2.196469022404814,2.196469022404814,40450865.475,1.0,2025-01,2025-01,0.9258,0.008818,0.63733
3,C3 Hybrid,2025-01,2025-01-31,P_selected,TGC,0.0012174750034612085,BUY,0.36663746211250525,0.36663746211250525,0.36663746211250525,29817100.95,1.0,2025-01,2025-01,0.9258,0.008818,0.63733
3,C3 Hybrid,2025-01,2025-01-31,P_selected,CMT,0.0011579093441485932,BUY,0.2805713192364925,0.2805713192364925,0.2805713192364925,2333491.5,0.9999999999999967,2025-01,2025-01,0.9258,0.008818,0.63733
3,C3 Hybrid,2025-01,2025-01-31,P_selected,SID,0.0010416877436078094,BUY,0.5999492791450257,0.5999492791450257,0.5999492791450257,7324944.0,1.0,2025-01,2025-01,0.9258,0.008818,0.63733
3,C3 Hybrid,2025-01,2025-01-31,P_selected,COL,0.0007884766727870939,NEUTRAL,-0.21031383423028752,-0.21031383423028752,-0.10515691711514376,163604.55950000003,0.2006355256643995,2025-01,2025-01,0.9258,0.008818,0.63733
3,C3 Hybrid,2025-01,2025-01-31,P_selected,BCP,0.0007422057087111384,NEUTRAL,-0.10917142062842636,-0.10917142062842636,-0.05458571031421318,16120932.485,1.0,2025-01,2025-01,0.9258,0.008818,0.63733
3,C3 Hybrid,2025-01,2025-01-31,P_selected,SNP,0.0005248168292485746,BUY,0.28228174468664574,0.28228174468664574,0.28228174468664574,2261780.2299999995,0.9999999999999896,2025-01,2025-01,0.9258,0.008818,0.63733
3,C3 Hybrid,2025-01,2025-01-31,P_selected,AFI,0.0004188011822882389,NEUTRAL,-0.02799761842501998,-0.02799761842501998,-0.01399880921250999,146239.8075,0.15974010660876886,2025-01,2025-01,0.9258,0.008818,0.63733
3,C3 Hybrid,2025-01,2025-01-31,P_selected,HPS,0.0002687764690859097,BUY,0.25794276181877757,0.25794276181877757,0.25794276181877757,17476655.43,1.0,2025-01,2025-01,0.9258,0.008818,0.63733
3,C3 Hybrid,2025-01,2025-01-31,P_selected,DHO,0.0001961444324450413,BUY,0.7053427092960107,0.7053427092960107,0.7053427092960107,7035798.239499999,1.0,2025-01,2025-01,0.9258,0.008818,0.63733
3,C3 Hybrid,2025-02,2025-02-28,P_selected,MNG,0.08434644896381596,BUY,0.8724124481465584,0.8724124481465584,0.8724124481465584,5114983.85,1.0,2025-02,2025-02,0.9524,0.008915,0.605767
3,C3 Hybrid,2025-02,2025-02-28,P_selected,MSA,0.07890677718408282,NEUTRAL,0.12462984979996683,0.12462984979996683,0.062314924899983415,34379217.95,1.0,2025-02,2025-02,0.9524,0.008915,0.605767
3,C3 Hybrid,2025-02,2025-02-28,P_selected,BOA,0.07671083710516474,NEUTRAL,-0.20757300170278029,-0.20757300170278029,-0.10378650085139014,3357119.9475000002,1.0,2025-02,2025-02,0.9524,0.008915,0.605767
3,C3 Hybrid,2025-02,2025-02-28,P_selected,ATH,0.059840552002165204,BUY,0.6545162945435608,0.6545162945435608,0.6545162945435608,3644003.9075,1.0,2025-02,2025-02,0.9524,0.008915,0.605767
3,C3 Hybrid,2025-02,2025-02-28,P_selected,AKT,0.05647819801801692,NEUTRAL,0.04082066744969998,0.04082066744969998,0.02041033372484999,26863110.35,1.0,2025-02,2025-02,0.9524,0.008915,0.605767
3,C3 Hybrid,2025-02,2025-02-28,P_selected,S2M,0.05547613404920761,BUY,1.6674335214538907,1.6674335214538907,1.6674335214538907,1653460.0699999998,0.9999999998230866,2025-02,2025-02,0.9524,0.008915,0.605767
3,C3 Hybrid,2025-02,2025-02-28,P_selected,EQD,0.0522105822945776,NEUTRAL,-0.16919036809858343,-0.16919036809858343,-0.08459518404929171,1046541.7,0.9999970821692682,2025-02,2025-02,0.9524,0.008915,0.605767
3,C3 Hybrid,2025-02,2025-02-28,P_selected,ATL,0.05124727742258749,NEUTRAL,-0.04088413389437591,-0.04088413389437591,-0.020442066947187955,2620898.925,1.0,2025-02,2025-02,0.9524,0.008915,0.605767
3,C3 Hybrid,2025-02,2025-02-28,P_selected,FBR,0.049005487752401,BUY,2.574435335327477,2.574435335327477,2.574435335327477,1119974.6800000002,0.9999990988515046,2025-02,2025-02,0.9524,0.008915,0.605767
3,C3 Hybrid,2025-02,2025-02-28,P_selected,CTM,0.047907109181530745,BUY,0.7051801498802943,0.7051801498802943,0.7051801498802943,393147.10000000003,0.9080749710240766,2025-02,2025-02,0.9524,0.008915,0.605767
3,C3 Hybrid,2025-02,2025-02-28,P_selected,JET,0.04389956673778684,BUY,3.4109658149670894,3.4109658149670894,3.4109658149670894,17600333.0,1.0,2025-02,2025-02,0.9524,0.008915,0.605767
3,C3 Hybrid,2025-02,2025-02-28,P_selected,CIH,0.036426785685264106,NEUTRAL,-0.08901715448249559,-0.08901715448249559,-0.04450857724124779,3723531.505,1.0,2025-02,2025-02,0.9524,0.008915,0.605767
3,C3 Hybrid,2025-02,2025-02-28,P_selected,MIC,0.03607950415096225,NEUTRAL,0.043170002640667934,0.043170002640667934,0.021585001320333967,351924.2200000003,0.8362774925621195,2025-02,2025-02,0.9524,0.008915,0.605767
3,C3 Hybrid,2025-02,2025-02-28,P_selected,CFG,0.034555567353712104,NEUTRAL,0.13740120871630357,0.13740120871630357,0.06870060435815178,6187249.0075,1.0,2025-02,2025-02,0.9524,0.008915,0.605767
3,C3 Hybrid,2025-02,2025-02-28,P_selected,SLF,0.03247643944944468,BUY,0.409355108832409,0.409355108832409,0.409355108832409,3731569.3549999995,1.0,2025-02,2025-02,0.9524,0.008915,0.605767
3,C3 Hybrid,2025-02,2025-02-28,P_selected,AFI,0.03201522255346052,NEUTRAL,0.04469169488838768,0.04469169488838768,0.02234584744419384,149997.95500000002,0.1679770418444836,2025-02,2025-02,0.9524,0.008915,0.605767
3,C3 Hybrid,2025-02,2025-02-28,P_selected,HPS,0.030798022922941183,NEUTRAL,-0.05568885134822145,-0.05568885134822145,-0.027844425674110725,3887198.15,1.0,2025-02,2025-02,0.9524,0.008915,0.605767
3,C3 Hybrid,2025-02,2025-02-28,P_selected,RIS,0.024485944053695738,BUY,0.26912820541770255,0.26912820541770255,0.26912820541770255,3234976.3899999997,1.0,2025-02,2025-02,0.9524,0.008915,0.605767
3,C3 Hybrid,2025-02,2025-02-28,P_selected,MOX,0.024331433243338748,BUY,1.3498514580081151,1.3498514580081151,1.3498514580081151,355772.06,0.8445333464383079,2025-02,2025-02,0.9524,0.008915,0.605767
3,C3 Hybrid,2025-02,2025-02-28,P_selected,MUT,0.01831292404539259,NEUTRAL,0.1478400401992534,0.1478400401992534,0.0739200200996267,3306766.2049999996,1.0,2025-02,2025-02,0.9524,0.008915,0.605767
3,C3 Hybrid,2025-02,2025-02-28,P_selected,ADI,0.01712285340870875,BUY,2.0919313522447185,2.0919313522447185,2.0919313522447185,31471320.385,1.0,2025-02,2025-02,0.9524,0.008915,0.605767
3,C3 Hybrid,2025-02,2025-02-28,P_selected,CDM,0.014858566770609842,NEUTRAL,-0.062304385504021106,-0.062304385504021106,-0.031152192752010553,6425465.15,1.0,2025-02,2025-02,0.9524,0.008915,0.605767
3,C3 Hybrid,2025-02,2025-02-28,P_selected,CMT,0.013031964480121122,NEUTRAL,0.006902416849829413,0.006902416849829413,0.0034512084249147066,1911676.95,0.9999999999971589,2025-02,2025-02,0.9524,0.008915,0.605767
3,C3 Hybrid,2025-02,2025-02-28,P_selected,SRM,0.009111963551589526,BUY,0.6891397939859081,0.6891397939859081,0.6891397939859081,221038.30750000002,0.3861826225611625,2025-02,2025-02,0.9524,0.008915,0.605767
3,C3 Hybrid,2025-02,2025-02-28,P_selected,TQM,0.00794780976085212,NEUTRAL,-0.1913734783497191,-0.1913734783497191,-0.09568673917485955,20271351.25,1.0,2025-02,2025-02,0.9524,0.008915,0.605767
3,C3 Hybrid,2025-02,2025-02-28,P_selected,SNP,0.006948331898431377,NEUTRAL,0.012647121775671372,0.012647121775671372,0.006323560887835686,2050044.4049999998,0.9999999999996896,2025-02,2025-02,0.9524,0.008915,0.605767
3,C3 Hybrid,2025-02,2025-02-28,P_selected,DYT,0.002436088858512958,NEUTRAL,0.19036551936035173,0.19036551936035173,0.09518275968017587,293491.4275,0.6672698731542914,2025-02,2025-02,0.9524,0.008915,0.605767
3,C3 Hybrid,2025-02,2025-02-28,P_selected,RDS,0.000888973838863913,BUY,1.4991230752412372,1.4991230752412372,1.4991230752412372,15914818.1125,1.0,2025-02,2025-02,0.9524,0.008915,0.605767
3,C3 Hybrid,2025-02,2025-02-28,P_selected,DHO,0.0006766588621349866,NEUTRAL,-0.009948685615311606,-0.009948685615311606,-0.004974342807655803,1351031.829,0.9999999776515593,2025-02,2025-02,0.9524,0.008915,0.605767
3,C3 Hybrid,2025-02,2025-02-28,P_selected,MDP,0.0006158031268258336,BUY,0.2415794078368437,0.2415794078368437,0.2415794078368437,195569.96650000013,0.29507111381429957,2025-02,2025-02,0.9524,0.008915,0.605767
3,C3 Hybrid,2025-02,2025-02-28,P_selected,BCI,0.0005010736869649396,NEUTRAL,-0.11679782772600981,-0.11679782772600981,-0.05839891386300491,1053016.7149999996,0.9999973693249473,2025-02,2025-02,0.9524,0.008915,0.605767
3,C3 Hybrid,2025-02,2025-02-28,P_selected,SOT,0.00024563689585409244,NEUTRAL,-0.04601561617669256,-0.04601561617669256,-0.02300780808834628,2547633.4,1.0,2025-02,2025-02,0.9524,0.008915,0.605767
3,C3 Hybrid,2025-03,2025-03-28,P_selected,CMG,0.09416934855435946,BUY,0.3808041139111158,0.3808041139111158,0.3808041139111158,13594064.285,1.0,2025-03,2025-03,0.9602,0.007973,0.62625
3,C3 Hybrid,2025-03,2025-03-28,P_selected,ALM,0.09331618033410131,BUY,0.6705431762899631,0.6705431762899631,0.6705431762899631,964551.7,0.9999891661821522,2025-03,2025-03,0.9602,0.007973,0.62625
3,C3 Hybrid,2025-03,2025-03-28,P_selected,CSR,0.08646111729910187,NEUTRAL,0.06766239234711038,0.06766239234711038,0.03383119617355519,13222201.5575,1.0,2025-03,2025-03,0.9602,0.007973,0.62625
3,C3 Hybrid,2025-03,2025-03-28,P_selected,AFI,0.0677689535242469,BUY,0.5977035696262851,0.5977035696262851,0.5977035696262851,337599.97250000003,0.8024375918887647,2025-03,2025-03,0.9602,0.007973,0.62625
3,C3 Hybrid,2025-03,2025-03-28,P_selected,FBR,0.05277626059112618,BUY,3.4163732918131453,3.4163732918131453,3.4163732918131453,2909726.0524999998,1.0,2025-03,2025-03,0.9602,0.007973,0.62625
3,C3 Hybrid,2025-03,2025-03-28,P_selected,CDM,0.05043253865402262,BUY,0.7152532195752659,0.7152532195752659,0.7152532195752659,12319949.05,1.0,2025-03,2025-03,0.9602,0.007973,0.62625
3,C3 Hybrid,2025-03,2025-03-28,P_selected,MNG,0.045889040739759274,BUY,1.1284746570871804,1.1284746570871804,1.1284746570871804,12313694.45,1.0,2025-03,2025-03,0.9602,0.007973,0.62625
3,C3 Hybrid,2025-03,2025-03-28,P_selected,DWY,0.04069445739511826,NEUTRAL,0.1299832796315346,0.1299832796315346,0.0649916398157673,825540.0649999996,0.9998998399553735,2025-03,2025-03,0.9602,0.007973,0.62625
3,C3 Hybrid,2025-03,2025-03-28,P_selected,ARD,0.03834850826699926,NEUTRAL,-0.1545502262022318,-0.1545502262022318,-0.0772751131011159,2902702.087500001,1.0,2025-03,2025-03,0.9602,0.007973,0.62625
3,C3 Hybrid,2025-03,2025-03-28,P_selected,AKT,0.037458461721833765,NEUTRAL,0.14363972633195682,0.14363972633195682,0.07181986316597841,34592520.35,1.0,2025-03,2025-03,0.9602,0.007973,0.62625
3,C3 Hybrid,2025-03,2025-03-28,P_selected,ATH,0.029381189357227448,NEUTRAL,0.1343470983747883,0.1343470983747883,0.06717354918739415,1473696.0514999998,0.9999999968602944,2025-03,2025-03,0.9602,0.007973,0.62625
3,C3 Hybrid,2025-03,2025-03-28,P_selected,EQD,0.02817043683470837,NEUTRAL,0.15022229100962253,0.15022229100962253,0.07511114550481127,1698691.3,0.9999999999142051,2025-03,2025-03,0.9602,0.007973,0.62625
3,C3 Hybrid,2025-03,2025-03-28,P_selected,MIC,0.026508664623094966,NEUTRAL,0.16410502199147892,0.16410502199147892,0.08205251099573946,889842.3650000005,0.9999641982449636,2025-03,2025-03,0.9602,0.007973,0.62625
3,C3 Hybrid,2025-03,2025-03-28,P_selected,MSA,0.02629942429451823,NEUTRAL,0.10498910043759702,0.10498910043759702,0.05249455021879851,38774215.205,1.0,2025-03,2025-03,0.9602,0.007973,0.62625
3,C3 Hybrid,2025-03,2025-03-28,P_selected,RIS,0.02559412450174263,NEUTRAL,0.10042699212728838,0.10042699212728838,0.05021349606364419,2198459.7125,0.9999999999999711,2025-03,2025-03,0.9602,0.007973,0.62625
3,C3 Hybrid,2025-03,2025-03-28,P_selected,DYT,0.02540203422121973,BUY,0.753270517817392,0.753270517817392,0.753270517817392,864606.1074999999,0.9999463887343911,2025-03,2025-03,0.9602,0.007973,0.62625
3,C3 Hybrid,2025-03,2025-03-28,P_selected,TQM,0.024992972834310605,BUY,0.30805001385022074,0.30805001385022074,0.30805001385022074,20194720.4,1.0,2025-03,2025-03,0.9602,0.007973,0.62625
3,C3 Hybrid,2025-03,2025-03-28,P_selected,SID,0.02419638045558522,BUY,1.584221945359237,1.584221945359237,1.584221945359237,13314217.6,1.0,2025-03,2025-03,0.9602,0.007973,0.62625
3,C3 Hybrid,2025-03,2025-03-28,P_selected,SLF,0.02410536530386294,BUY,1.6135565351886902,1.6135565351886902,1.6135565351886902,2379448.65,0.9999999999999984,2025-03,2025-03,0.9602,0.007973,0.62625
3,C3 Hybrid,2025-03,2025-03-28,P_selected,TGC,0.023998062829173484,BUY,0.5718674311575845,0.5718674311575845,0.5718674311575845,44103313.18,1.0,2025-03,2025-03,0.9602,0.007973,0.62625
3,C3 Hybrid,2025-03,2025-03-28,P_selected,S2M,0.023854261625281273,BUY,0.4540156193774031,0.4540156193774031,0.4540156193774031,332058.085,0.78800293095166,2025-03,2025-03,0.9602,0.007973,0.62625
3,C3 Hybrid,2025-03,2025-03-28,P_selected,SNP,0.020519739071715594,NEUTRAL,0.013720293522283017,0.013720293522283017,0.0068601467611415085,2390223.1499999994,0.9999999999999987,2025-03,2025-03,0.9602,0.007973,0.62625
3,C3 Hybrid,2025-03,2025-03-28,P_selected,JET,0.02005163218817356,BUY,2.1513903865794233,2.1513903865794233,2.1513903865794233,22891245.7,1.0,2025-03,2025-03,0.9602,0.007973,0.62625
3,C3 Hybrid,2025-03,2025-03-28,P_selected,ADI,0.018276728492660373,BUY,1.67760376101021,1.67760376101021,1.67760376101021,22098885.755000003,1.0,2025-03,2025-03,0.9602,0.007973,0.62625
3,C3 Hybrid,2025-03,2025-03-28,P_selected,SOT,0.015235793877747277,NEUTRAL,-0.20782593906910415,-0.20782593906910415,-0.10391296953455208,1371903.95,0.9999999839965772,2025-03,2025-03,0.9602,0.007973,0.62625
3,C3 Hybrid,2025-03,2025-03-28,P_selected,CTM,0.009308218851956623,BUY,0.32544183438473256,0.32544183438473256,0.32544183438473256,119519.75000000004,0.11029964681569611,2025-03,2025-03,0.9602,0.007973,0.62625
3,C3 Hybrid,2025-03,2025-03-28,P_selected,MOX,0.008168332577354642,NEUTRAL,0.16071289183858783,0.16071289183858783,0.08035644591929392,39917.28,0.033526311705067084,2025-03,2025-03,0.9602,0.007973,0.62625
3,C3 Hybrid,2025-03,2025-03-28,P_selected,CFG,0.008158672587812754,NEUTRAL,-0.022167146705597773,-0.022167146705597773,-0.011083573352798887,8933682.334999999,1.0,2025-03,2025-03,0.9602,0.007973,0.62625
3,C3 Hybrid,2025-03,2025-03-28,P_selected,SRM,0.0036485619121680544,NEUTRAL,-0.20057923002905664,-0.20057923002905664,-0.10028961501452832,61806.09500000001,0.046926812968251685,2025-03,2025-03,0.9602,0.007973,0.62625
3,C3 Hybrid,2025-03,2025-03-28,P_selected,MDP,0.0018874125434197937,NEUTRAL,0.1238450670824162,0.1238450670824162,0.0619225335412081,160541.3605000001,0.1928902578206131,2025-03,2025-03,0.9602,0.007973,0.62625
3,C3 Hybrid,2025-03,2025-03-28,P_selected,HPS,0.0016411749597943976,NEUTRAL,-0.15280937896402202,-0.15280937896402202,-0.07640468948201101,3962919.1150000007,1.0,2025-03,2025-03,0.9602,0.007973,0.62625
3,C3 Hybrid,2025-03,2025-03-28,P_selected,CMT,0.0014023160468727377,NEUTRAL,0.05111900774716806,0.05111900774716806,0.02555950387358403,955611.55,0.9999875001923263,2025-03,2025-03,0.9602,0.007973,0.62625
3,C3 Hybrid,2025-03,2025-03-28,P_selected,DHO,0.000629215434300844,BUY,0.4418686075176485,0.4418686075176485,0.4418686075176485,3481594.2685000002,1.0,2025-03,2025-03,0.9602,0.007973,0.62625
3,C3 Hybrid,2025-03,2025-03-28,P_selected,MUT,0.00028560340992397687,NEUTRAL,0.004534908795900832,0.004534908795900832,0.002267454397950416,2138027.7249999996,0.9999999999999241,2025-03,2025-03,0.9602,0.007973,0.62625
3,C3 Hybrid,2025-03,2025-03-28,P_selected,COL,0.00028379064685278484,NEUTRAL,-0.12953888419725365,-0.12953888419725365,-0.06476944209862683,318404.71150000003,0.7492235284348953,2025-03,2025-03,0.9602,0.007973,0.62625
3,C3 Hybrid,2025-03,2025-03-28,P_selected,SMI,0.000280030773604642,NEUTRAL,0.0434129741348217,0.0434129741348217,0.02170648706741085,1412121.35,0.9999999915908179,2025-03,2025-03,0.9602,0.007973,0.62625
3,C3 Hybrid,2025-03,2025-03-28,P_selected,ADH,0.0002517869475951959,BUY,1.451293707246782,1.451293707246782,1.451293707246782,21441931.4345,1.0,2025-03,2025-03,0.9602,0.007973,0.62625
3,C3 Hybrid,2025-04,2025-04-30,P_selected,BOA,0.1,NEUTRAL,0.03311306894746636,0.03311306894746636,0.01655653447373318,18157454.18,1.0,2025-04,2025-04,0.9392,0.011465,0.539311
3,C3 Hybrid,2025-04,2025-04-30,P_selected,CMG,0.1,NEUTRAL,0.15020059851820633,0.15020059851820633,0.07510029925910316,7520290.589999999,1.0,2025-04,2025-04,0.9392,0.011465,0.539311
3,C3 Hybrid,2025-04,2025-04-30,P_selected,CSR,0.1,NEUTRAL,-0.09089493154359746,-0.09089493154359746,-0.04544746577179873,11843323.540000001,1.0,2025-04,2025-04,0.9392,0.011465,0.539311
3,C3 Hybrid,2025-04,2025-04-30,P_selected,MNG,0.06672450003537726,BUY,0.79717374415517,0.79717374415517,0.79717374415517,12771294.2,1.0,2025-04,2025-04,0.9392,0.011465,0.539311
3,C3 Hybrid,2025-04,2025-04-30,P_selected,SRM,0.06411075971933562,BUY,2.0724373056732097,2.0724373056732097,2.0724373056732097,528251.6475,0.9884793464143106,2025-04,2025-04,0.9392,0.011465,0.539311
3,C3 Hybrid,2025-04,2025-04-30,P_selected,SID,0.04788537825761086,BUY,1.4785940606391241,1.4785940606391241,1.4785940606391241,14517901.05,1.0,2025-04,2025-04,0.9392,0.011465,0.539311
3,C3 Hybrid,2025-04,2025-04-30,P_selected,ATH,0.043500017139404885,NEUTRAL,0.18049195971608417,0.18049195971608417,0.09024597985804209,1815019.193,0.9999999999866607,2025-04,2025-04,0.9392,0.011465,0.539311
3,C3 Hybrid,2025-04,2025-04-30,P_selected,S2M,0.04318018739604979,BUY,2.8538870956268267,2.8538870956268267,2.8538870956268267,3274747.2249999996,1.0,2025-04,2025-04,0.9392,0.011465,0.539311
3,C3 Hybrid,2025-04,2025-04-30,P_selected,TMA,0.042136512411859645,NEUTRAL,0.024380720517010592,0.024380720517010592,0.012190360258505296,7444221.15,1.0,2025-04,2025-04,0.9392,0.011465,0.539311
3,C3 Hybrid,2025-04,2025-04-30,P_selected,FBR,0.03972723924559653,BUY,2.2283953695175875,2.2283953695175875,2.2283953695175875,1161091.0175,0.9999995332428551,2025-04,2025-04,0.9392,0.011465,0.539311
3,C3 Hybrid,2025-04,2025-04-30,P_selected,SAH,0.033347989124138805,NEUTRAL,0.005262134063993715,0.005262134063993715,0.0026310670319968574,377690.45,0.8852431895291101,2025-04,2025-04,0.9392,0.011465,0.539311
3,C3 Hybrid,2025-04,2025-04-30,P_selected,RIS,0.032352071006014296,NEUTRAL,0.08476763249955543,0.08476763249955543,0.04238381624977772,1843524.1774999998,0.9999999999915461,2025-04,2025-04,0.9392,0.011465,0.539311
3,C3 Hybrid,2025-04,2025-04-30,P_selected,MUT,0.03225756920873829,BUY,0.3031608547318035,0.3031608547318035,0.3031608547318035,4187930.2974999994,1.0,2025-04,2025-04,0.9392,0.011465,0.539311
3,C3 Hybrid,2025-04,2025-04-30,P_selected,AFI,0.027063892162663243,NEUTRAL,0.10571598466544878,0.10571598466544878,0.05285799233272439,133399.3825,0.1340505137147134,2025-04,2025-04,0.9392,0.011465,0.539311
3,C3 Hybrid,2025-04,2025-04-30,P_selected,SNP,0.02695000546026257,BUY,0.2619947819827154,0.2619947819827154,0.2619947819827154,1808713.9649999999,0.9999999999852447,2025-04,2025-04,0.9392,0.011465,0.539311
3,C3 Hybrid,2025-04,2025-04-30,P_selected,BCI,0.026732680524454124,NEUTRAL,-0.032400811697762266,-0.032400811697762266,-0.016200405848881133,3613811.9899999998,1.0,2025-04,2025-04,0.9392,0.011465,0.539311
3,C3 Hybrid,2025-04,2025-04-30,P_selected,MIC,0.01994639619617346,NEUTRAL,-0.0757837225512423,-0.0757837225512423,-0.03789186127562115,186118.16500000036,0.26461672647570034,2025-04,2025-04,0.9392,0.011465,0.539311
3,C3 Hybrid,2025-04,2025-04-30,P_selected,SLF,0.01757049497511327,NEUTRAL,-0.04033094225629994,-0.04033094225629994,-0.02016547112814997,355574.61500000017,0.8441181125717669,2025-04,2025-04,0.9392,0.011465,0.539311
3,C3 Hybrid,2025-04,2025-04-30,P_selected,DYT,0.017511190075481183,BUY,0.9723611536562204,0.9723611536562204,0.9723611536562204,1196268.955,0.9999997341420109,2025-04,2025-04,0.9392,0.011465,0.539311
3,C3 Hybrid,2025-04,2025-04-30,P_selected,DWY,0.017454545061260898,NEUTRAL,-0.12308308908377676,-0.12308308908377676,-0.06154154454188838,285442.23999999964,0.6380881670752226,2025-04,2025-04,0.9392,0.011465,0.539311
3,C3 Hybrid,2025-04,2025-04-30,P_selected,TQM,0.016638319194247343,BUY,0.37689024456119774,0.37689024456119774,0.37689024456119774,18219816.0,1.0,2025-04,2025-04,0.9392,0.011465,0.539311
3,C3 Hybrid,2025-04,2025-04-30,P_selected,CFG,0.016507039466604246,NEUTRAL,0.1499675566885714,0.1499675566885714,0.0749837783442857,7819518.352500001,1.0,2025-04,2025-04,0.9392,0.011465,0.539311
3,C3 Hybrid,2025-04,2025-04-30,P_selected,TGC,0.015724961669586843,BUY,0.7167639892521405,0.7167639892521405,0.7167639892521405,37316632.05499999,1.0,2025-04,2025-04,0.9392,0.011465,0.539311
3,C3 Hybrid,2025-04,2025-04-30,P_selected,GAZ,0.012950380598429964,NEUTRAL,-0.1615858349967983,-0.1615858349967983,-0.08079291749839915,921467.25,0.9999784146903951,2025-04,2025-04,0.9392,0.011465,0.539311
3,C3 Hybrid,2025-04,2025-04-30,P_selected,CTM,0.00906511440425747,BUY,0.23801798842242855,0.23801798842242855,0.23801798842242855,378284.025,0.8862044638203896,2025-04,2025-04,0.9392,0.011465,0.539311
3,C3 Hybrid,2025-04,2025-04-30,P_selected,AKT,0.007524012023463443,BUY,0.5411257734749008,0.5411257734749008,0.5411257734749008,89425939.25,1.0,2025-04,2025-04,0.9392,0.011465,0.539311
3,C3 Hybrid,2025-04,2025-04-30,P_selected,IBC,0.004305278597553589,NEUTRAL,-0.2108560486086757,-0.2108560486086757,-0.10542802430433786,9081.300999999996,0.02074068643516842,2025-04,2025-04,0.9392,0.011465,0.539311
3,C3 Hybrid,2025-04,2025-04-30,P_selected,SOT,0.003399365726665525,NEUTRAL,0.05029272947190738,0.05029272947190738,0.02514636473595369,2642072.95,1.0,2025-04,2025-04,0.9392,0.011465,0.539311
3,C3 Hybrid,2025-04,2025-04-30,P_selected,M2M,0.0032870348436876066,NEUTRAL,-0.1881509140156367,-0.1881509140156367,-0.09407545700781834,193186.87499999997,0.28720246458058785,2025-04,2025-04,0.9392,0.011465,0.539311
3,C3 Hybrid,2025-04,2025-04-30,P_selected,RDS,0.0023889266699179588,BUY,1.0933692716977008,1.0933692716977008,1.0933692716977008,13857697.357499998,1.0,2025-04,2025-04,0.9392,0.011465,0.539311
3,C3 Hybrid,2025-04,2025-04-30,P_selected,LHM,0.0021571292473152844,NEUTRAL,-0.19028237676567702,-0.19028237676567702,-0.09514118838283851,8285084.55,1.0,2025-04,2025-04,0.9392,0.011465,0.539311
3,C3 Hybrid,2025-04,2025-04-30,P_selected,CMT,0.0015853250453401846,NEUTRAL,0.06786185194255821,0.06786185194255821,0.033930925971279106,1613564.85,0.9999999996650493,2025-04,2025-04,0.9392,0.011465,0.539311
3,C3 Hybrid,2025-04,2025-04-30,P_selected,CIH,0.0011655087673023755,NEUTRAL,-0.10679761657919032,-0.10679761657919032,-0.05339880828959516,2805989.1875,1.0,2025-04,2025-04,0.9392,0.011465,0.539311
3,C3 Hybrid,2025-04,2025-04-30,P_selected,ALM,0.0009596605025557203,BUY,0.26775613142237975,0.26775613142237975,0.26775613142237975,196505.55,0.2981943204311273,2025-04,2025-04,0.9392,0.011465,0.539311
3,C3 Hybrid,2025-04,2025-04-30,P_selected,CDM,0.0008153016572291027,NEUTRAL,-0.08291928868548655,-0.08291928868548655,-0.041459644342743275,3530494.05,1.0,2025-04,2025-04,0.9392,0.011465,0.539311
3,C3 Hybrid,2025-04,2025-04-30,P_selected,SMI,0.0006992615818174628,NEUTRAL,0.032120199544712236,0.032120199544712236,0.016060099772356118,1989353.0,0.9999999999991802,2025-04,2025-04,0.9392,0.011465,0.539311
3,C3 Hybrid,2025-04,2025-04-30,P_selected,MDP,0.000510049768571674,NEUTRAL,0.05136413239636281,0.05136413239636281,0.025682066198181405,115533.29650000008,0.10419419317045635,2025-04,2025-04,0.9392,0.011465,0.539311
3,C3 Hybrid,2025-04,2025-04-30,P_selected,MOX,0.0003989554768701887,NEUTRAL,0.09210344174135764,0.09210344174135764,0.04605172087067882,18488.825,0.024028827364478342,2025-04,2025-04,0.9392,0.011465,0.539311
3,C3 Hybrid,2025-04,2025-04-30,P_selected,ADI,0.00037244122473929954,BUY,1.6429935680731336,1.6429935680731336,1.6429935680731336,22713718.6175,1.0,2025-04,2025-04,0.9392,0.011465,0.539311
3,C3 Hybrid,2025-04,2025-04-30,P_selected,JET,0.00032570597221487824,BUY,1.6918782696202905,1.6918782696202905,1.6918782696202905,18997465.15,1.0,2025-04,2025-04,0.9392,0.011465,0.539311
3,C3 Hybrid,2025-04,2025-04-30,P_selected,MSA,0.00029446616434523903,BUY,0.2797329158783204,0.2797329158783204,0.2797329158783204,50689804.875,1.0,2025-04,2025-04,0.9392,0.011465,0.539311
3,C3 Hybrid,2025-04,2025-04-30,P_selected,DHO,0.00023218533503501632,BUY,0.3930122221169089,0.3930122221169089,0.3930122221169089,6295311.591,1.0,2025-04,2025-04,0.9392,0.011465,0.539311
3,C3 Hybrid,2025-04,2025-04-30,P_selected,ADH,0.00021645374008525685,BUY,0.9573264396818295,0.9573264396818295,0.9573264396818295,19890036.5255,1.0,2025-04,2025-04,0.9392,0.011465,0.539311
3,C3 Hybrid,2025-05,2025-05-30,P_selected,BOA,0.09605718762727078,NEUTRAL,-0.06981787003536198,-0.06981787003536198,-0.03490893501768099,7024782.4825,1.0,2025-05,2025-05,0.8971,0.01187,0.595546
3,C3 Hybrid,2025-05,2025-05-30,P_selected,DWY,0.07295211013976642,NEUTRAL,0.01568637767186634,0.01568637767186634,0.00784318883593317,741636.3949999996,0.9996166513778185,2025-05,2025-05,0.8971,0.01187,0.595546
3,C3 Hybrid,2025-05,2025-05-30,P_selected,EQD,0.06742362579104738,NEUTRAL,0.06069579696382282,0.06069579696382282,0.03034789848191141,923517.8,0.9999791113725627,2025-05,2025-05,0.8971,0.01187,0.595546
3,C3 Hybrid,2025-05,2025-05-30,P_selected,CMG,0.06204040618348604,BUY,0.779474022863305,0.779474022863305,0.779474022863305,9064685.364999998,1.0,2025-05,2025-05,0.8971,0.01187,0.595546
3,C3 Hybrid,2025-05,2025-05-30,P_selected,FBR,0.060399455902519945,BUY,2.6506559342005254,2.6506559342005254,2.6506559342005254,939575.5599999999,0.9999838440978368,2025-05,2025-05,0.8971,0.01187,0.595546
3,C3 Hybrid,2025-05,2025-05-30,P_selected,MIC,0.05061390209363763,BUY,0.3930942527557849,0.3930942527557849,0.3930942527557849,845191.4500000004,0.9999268600875737,2025-05,2025-05,0.8971,0.01187,0.595546
3,C3 Hybrid,2025-05,2025-05-30,P_selected,MUT,0.049751125751168114,NEUTRAL,0.21891926014808882,0.21891926014808882,0.10945963007404441,2958387.6724999994,1.0,2025-05,2025-05,0.8971,0.01187,0.595546
3,C3 Hybrid,2025-05,2025-05-30,P_selected,AFI,0.04759055367724855,NEUTRAL,0.21643919106608342,0.21643919106608342,0.10821959553304171,130077.92,0.12800065630232824,2025-05,2025-05,0.8971,0.01187,0.595546
3,C3 Hybrid,2025-05,2025-05-30,P_selected,MNG,0.04692807000375777,BUY,0.8803263758145321,0.8803263758145321,0.8803263758145321,6070304.8,1.0,2025-05,2025-05,0.8971,0.01187,0.595546
3,C3 Hybrid,2025-05,2025-05-30,P_selected,TMA,0.04302984297419467,NEUTRAL,-0.11350814821292478,-0.11350814821292478,-0.05675407410646239,7488419.35,1.0,2025-05,2025-05,0.8971,0.01187,0.595546
3,C3 Hybrid,2025-05,2025-05-30,P_selected,ATH,0.0374222974462891,BUY,0.3064689499477191,0.3064689499477191,0.3064689499477191,1916332.736,0.9999999999973628,2025-05,2025-05,0.8971,0.01187,0.595546
3,C3 Hybrid,2025-05,2025-05-30,P_selected,LBV,0.03620505271785444,BUY,0.35221335192110337,0.35221335192110337,0.35221335192110337,21415882.05,1.0,2025-05,2025-05,0.8971,0.01187,0.595546
3,C3 Hybrid,2025-05,2025-05-30,P_selected,SID,0.03503572826035695,BUY,1.8687645938140904,1.8687645938140904,1.8687645938140904,7997719.5,1.0,2025-05,2025-05,0.8971,0.01187,0.595546
3,C3 Hybrid,2025-05,2025-05-30,P_selected,RIS,0.03435888600793644,NEUTRAL,0.029175184246421404,0.029175184246421404,0.014587592123210702,1320001.765,0.9999999632830845,2025-05,2025-05,0.8971,0.01187,0.595546
3,C3 Hybrid,2025-05,2025-05-30,P_selected,SRM,0.03240612759462781,BUY,1.1927819373228385,1.1927819373228385,1.1927819373228385,83178.3,0.06481864376306255,2025-05,2025-05,0.8971,0.01187,0.595546
3,C3 Hybrid,2025-05,2025-05-30,P_selected,S2M,0.03199541244092437,BUY,1.4741585111113413,1.4741585111113413,1.4741585111113413,684420.8949999999,0.9990429852873827,2025-05,2025-05,0.8971,0.01187,0.595546
3,C3 Hybrid,2025-05,2025-05-30,P_selected,TGC,0.029287287653993247,BUY,1.0949253540538044,1.0949253540538044,1.0949253540538044,43987244.82,1.0,2025-05,2025-05,0.8971,0.01187,0.595546
3,C3 Hybrid,2025-05,2025-05-30,P_selected,AKT,0.028945195668117284,BUY,0.3331269402187196,0.3331269402187196,0.3331269402187196,16301656.05,1.0,2025-05,2025-05,0.8971,0.01187,0.595546
3,C3 Hybrid,2025-05,2025-05-30,P_selected,SOT,0.017914329043800352,BUY,0.4092370984404413,0.4092370984404413,0.4092370984404413,3893552.45,1.0,2025-05,2025-05,0.8971,0.01187,0.595546
3,C3 Hybrid,2025-05,2025-05-30,P_selected,ADI,0.017059057351564377,BUY,1.8850129794294141,1.8850129794294141,1.8850129794294141,17076495.002499998,1.0,2025-05,2025-05,0.8971,0.01187,0.595546
3,C3 Hybrid,2025-05,2025-05-30,P_selected,JET,0.01655859187285924,BUY,2.3722921400029584,2.3722921400029584,2.3722921400029584,18433017.2,1.0,2025-05,2025-05,0.8971,0.01187,0.595546
3,C3 Hybrid,2025-05,2025-05-30,P_selected,CDM,0.014704688858118757,NEUTRAL,-0.10402075246207278,-0.10402075246207278,-0.05201037623103639,5271587.35,1.0,2025-05,2025-05,0.8971,0.01187,0.595546
3,C3 Hybrid,2025-05,2025-05-30,P_selected,TQM,0.014346738448287618,BUY,0.804971457435823,0.804971457435823,0.804971457435823,20907903.1,1.0,2025-05,2025-05,0.8971,0.01187,0.595546
3,C3 Hybrid,2025-05,2025-05-30,P_selected,IBC,0.012964726764884507,NEUTRAL,-0.21132006917772903,-0.21132006917772903,-0.10566003458886451,9682.894499999993,0.02093708968453228,2025-05,2025-05,0.8971,0.01187,0.595546
3,C3 Hybrid,2025-05,2025-05-30,P_selected,DYT,0.008063913295856543,NEUTRAL,0.03274371915676677,0.03274371915676677,0.016371859578383385,241200.925,0.4648617189478853,2025-05,2025-05,0.8971,0.01187,0.595546
3,C3 Hybrid,2025-05,2025-05-30,P_selected,ADH,0.00805972704021164,BUY,1.1555117918166922,1.1555117918166922,1.1555117918166922,13623395.628999999,1.0,2025-05,2025-05,0.8971,0.01187,0.595546
3,C3 Hybrid,2025-05,2025-05-30,P_selected,MOX,0.007479808731117047,NEUTRAL,-0.1718084958285229,-0.1718084958285229,-0.08590424791426145,14204.3475,0.022472580071424386,2025-05,2025-05,0.8971,0.01187,0.595546
3,C3 Hybrid,2025-05,2025-05-30,P_selected,CMT,0.005242322038463661,NEUTRAL,-0.027071316532694192,-0.027071316532694192,-0.013535658266347096,1099009.4,0.9999987396885189,2025-05,2025-05,0.8971,0.01187,0.595546
3,C3 Hybrid,2025-05,2025-05-30,P_selected,HPS,0.004605349987334178,NEUTRAL,-0.07042797008082399,-0.07042797008082399,-0.035213985040411996,6033217.15,1.0,2025-05,2025-05,0.8971,0.01187,0.595546
3,C3 Hybrid,2025-05,2025-05-30,P_selected,MDP,0.004181313207588401,BUY,0.27854328501143966,0.27854328501143966,0.27854328501143966,138846.98200000008,0.14449484485838623,2025-05,2025-05,0.8971,0.01187,0.595546
3,C3 Hybrid,2025-05,2025-05-30,P_selected,CTM,0.003112755298186408,BUY,0.4139964433397816,0.4139964433397816,0.4139964433397816,202895.99500000005,0.32002344084359646,2025-05,2025-05,0.8971,0.01187,0.595546
3,C3 Hybrid,2025-05,2025-05-30,P_selected,DHO,0.0013471446238496512,BUY,0.9115064302023603,0.9115064302023603,0.9115064302023603,16194570.0795,1.0,2025-05,2025-05,0.8971,0.01187,0.595546
3,C3 Hybrid,2025-05,2025-05-30,P_selected,NEJ,0.001029726659822024,NEUTRAL,0.07363303830822254,0.07363303830822254,0.03681651915411127,0.0,0.01798620996209156,2025-05,2025-05,0.8971,0.01187,0.595546
3,C3 Hybrid,2025-05,2025-05-30,P_selected,SNP,0.0005201494604308484,BUY,0.4471949693724798,0.4471949693724798,0.4471949693724798,2363377.03,0.999999999999998,2025-05,2025-05,0.8971,0.01187,0.595546
3,C3 Hybrid,2025-05,2025-05-30,P_selected,ATL,0.00030350099053362393,NEUTRAL,-0.11795921760704818,-0.11795921760704818,-0.05897960880352409,3507186.075,1.0,2025-05,2025-05,0.8971,0.01187,0.595546
3,C3 Hybrid,2025-06,2025-06-30,P_selected,ARD,0.1,BUY,0.4123407570738753,0.4123407570738753,0.4123407570738753,1942854.0150000001,0.9999999999982747,2025-06,2025-06,0.9872,0.011806,0.782753
3,C3 Hybrid,2025-06,2025-06-30,P_selected,BOA,0.1,NEUTRAL,-0.11272528606847734,-0.11272528606847734,-0.05636264303423867,37162078.075,1.0,2025-06,2025-06,0.9872,0.011806,0.782753
3,C3 Hybrid,2025-06,2025-06-30,P_selected,ATH,0.09244590554406307,BUY,0.27948312279321363,0.27948312279321363,0.27948312279321363,1095306.1835,0.9999986627566618,2025-06,2025-06,0.9872,0.011806,0.782753
3,C3 Hybrid,2025-06,2025-06-30,P_selected,MNG,0.07633241350640319,BUY,0.5587510768877598,0.5587510768877598,0.5587510768877598,7154653.15,1.0,2025-06,2025-06,0.9872,0.011806,0.782753
3,C3 Hybrid,2025-06,2025-06-30,P_selected,AFI,0.07301086216919826,BUY,0.9814279181178359,0.9814279181178359,0.9814279181178359,621474.575,0.9973842707703422,2025-06,2025-06,0.9872,0.011806,0.782753
3,C3 Hybrid,2025-06,2025-06-30,P_selected,INV,0.07209081928376011,BUY,2.2634243313045577,2.2634243313045577,2.2634243313045577,388517.376,0.901701788030665,2025-06,2025-06,0.9872,0.011806,0.782753
3,C3 Hybrid,2025-06,2025-06-30,P_selected,CFG,0.06477709620992225,BUY,0.4581646395631233,0.4581646395631233,0.4581646395631233,4551682.8175,1.0,2025-06,2025-06,0.9872,0.011806,0.782753
3,C3 Hybrid,2025-06,2025-06-30,P_selected,SRM,0.056086397631414445,BUY,1.9101351729805638,1.9101351729805638,1.9101351729805638,463137.645,0.9680218660269594,2025-06,2025-06,0.9872,0.011806,0.782753
3,C3 Hybrid,2025-06,2025-06-30,P_selected,S2M,0.049021303786601925,BUY,1.531464280343851,1.531464280343851,1.531464280343851,1125743.47,0.9999991783048232,2025-06,2025-06,0.9872,0.011806,0.782753
3,C3 Hybrid,2025-06,2025-06-30,P_selected,FBR,0.04280422179429368,BUY,2.535419845493476,2.535419845493476,2.535419845493476,2861645.0799999996,1.0,2025-06,2025-06,0.9872,0.011806,0.782753
3,C3 Hybrid,2025-06,2025-06-30,P_selected,JET,0.04071100444732147,BUY,1.6473947873672514,1.6473947873672514,1.6473947873672514,15226401.2,1.0,2025-06,2025-06,0.9872,0.011806,0.782753
3,C3 Hybrid,2025-06,2025-06-30,P_selected,CTM,0.03312397213573526,BUY,0.7027599745910101,0.7027599745910101,0.7027599745910101,719493.7950000002,0.9994537572653089,2025-06,2025-06,0.9872,0.011806,0.782753
3,C3 Hybrid,2025-06,2025-06-30,P_selected,AKT,0.032172793964985964,BUY,0.29543853560207967,0.29543853560207967,0.29543853560207967,19644666.45,1.0,2025-06,2025-06,0.9872,0.011806,0.782753
3,C3 Hybrid,2025-06,2025-06-30,P_selected,SMI,0.022583892281839348,NEUTRAL,-0.07772976205067061,-0.07772976205067061,-0.03886488102533531,1162948.65,0.9999995469117205,2025-06,2025-06,0.9872,0.011806,0.782753
3,C3 Hybrid,2025-06,2025-06-30,P_selected,CMT,0.0215336218864731,BUY,0.4277911044598284,0.4277911044598284,0.4277911044598284,2982476.6,1.0,2025-06,2025-06,0.9872,0.011806,0.782753
3,C3 Hybrid,2025-06,2025-06-30,P_selected,EQD,0.0213520266922234,NEUTRAL,-0.03471208532147134,-0.03471208532147134,-0.01735604266073567,835199.9,0.9999141822092419,2025-06,2025-06,0.9872,0.011806,0.782753
3,C3 Hybrid,2025-06,2025-06-30,P_selected,BCI,0.015554683551336799,NEUTRAL,-0.18909801292463302,-0.18909801292463302,-0.09454900646231651,3773954.8599999994,1.0,2025-06,2025-06,0.9872,0.011806,0.782753
3,C3 Hybrid,2025-06,2025-06-30,P_selected,ATL,0.014756381375555488,NEUTRAL,-0.0518769988920743,-0.0518769988920743,-0.02593849944603715,5286162.535,1.0,2025-06,2025-06,0.9872,0.011806,0.782753
3,C3 Hybrid,2025-06,2025-06-30,P_selected,MDP,0.013625991907012705,BUY,0.7238616602797304,0.7238616602797304,0.7238616602797304,404293.6190000001,0.9219180848001594,2025-06,2025-06,0.9872,0.011806,0.782753
3,C3 Hybrid,2025-06,2025-06-30,P_selected,CDM,0.01253240184593145,BUY,0.5049655738545251,0.5049655738545251,0.5049655738545251,11199656.0,1.0,2025-06,2025-06,0.9872,0.011806,0.782753
3,C3 Hybrid,2025-06,2025-06-30,P_selected,CMG,0.012361864924141718,NEUTRAL,-0.06604060318217736,-0.06604060318217736,-0.03302030159108868,5977554.67,1.0,2025-06,2025-06,0.9872,0.011806,0.782753
3,C3 Hybrid,2025-06,2025-06-30,P_selected,MSA,0.01184692428155934,NEUTRAL,-0.21352950655697822,-0.21352950655697822,-0.10676475327848911,40551737.620000005,1.0,2025-06,2025-06,0.9872,0.011806,0.782753
3,C3 Hybrid,2025-06,2025-06-30,P_selected,LBV,0.006202396382273908,NEUTRAL,0.022818858821181343,0.022818858821181343,0.011409429410590671,15097103.35,1.0,2025-06,2025-06,0.9872,0.011806,0.782753
3,C3 Hybrid,2025-06,2025-06-30,P_selected,RIS,0.0038102192241073712,NEUTRAL,0.0357599555338811,0.0357599555338811,0.01787997776694055,1031681.5225000002,0.9999962990020594,2025-06,2025-06,0.9872,0.011806,0.782753
3,C3 Hybrid,2025-06,2025-06-30,P_selected,MUT,0.0034447126746373446,BUY,0.24902592428266337,0.24902592428266337,0.24902592428266337,5967187.999999999,1.0,2025-06,2025-06,0.9872,0.011806,0.782753
3,C3 Hybrid,2025-06,2025-06-30,P_selected,ALM,0.0013315753791387208,NEUTRAL,-0.05225978579584801,-0.05225978579584801,-0.026129892897924004,94681.75,0.07690991699328326,2025-06,2025-06,0.9872,0.011806,0.782753
3,C3 Hybrid,2025-06,2025-06-30,P_selected,CIH,0.0010910854537199296,NEUTRAL,-0.13774069780918766,-0.13774069780918766,-0.06887034890459383,3604032.0725000002,1.0,2025-06,2025-06,0.9872,0.011806,0.782753
3,C3 Hybrid,2025-06,2025-06-30,P_selected,SID,0.0009893401120376856,BUY,0.6799367200199442,0.6799367200199442,0.6799367200199442,5712427.35,1.0,2025-06,2025-06,0.9872,0.011806,0.782753
3,C3 Hybrid,2025-06,2025-06-30,P_selected,COL,0.0009333987480523024,NEUTRAL,-0.20299824551981896,-0.20299824551981896,-0.10149912275990948,292506.58900000004,0.6637622265426703,2025-06,2025-06,0.9872,0.011806,0.782753
3,C3 Hybrid,2025-06,2025-06-30,P_selected,IBC,0.0008646151052939361,BUY,1.0361454563847126,1.0361454563847126,1.0361454563847126,33224.585999999996,0.03022465017940054,2025-06,2025-06,0.9872,0.011806,0.782753
3,C3 Hybrid,2025-06,2025-06-30,P_selected,DYT,0.0006292987850088755,NEUTRAL,0.15685083697444696,0.15685083697444696,0.07842541848722348,276226.0325,0.6033914828282958,2025-06,2025-06,0.9872,0.011806,0.782753
3,C3 Hybrid,2025-06,2025-06-30,P_selected,SNP,0.0006040678002645838,NEUTRAL,0.17411433406193927,0.17411433406193927,0.08705716703096963,3374089.9249999993,1.0,2025-06,2025-06,0.9872,0.011806,0.782753
3,C3 Hybrid,2025-06,2025-06-30,P_selected,SOT,0.0003948818580057297,NEUTRAL,-0.05594634474683719,-0.05594634474683719,-0.027973172373418596,1852073.2,0.9999999999926268,2025-06,2025-06,0.9872,0.011806,0.782753
3,C3 Hybrid,2025-06,2025-06-30,P_selected,RDS,0.000331745824662086,BUY,0.8581660644387986,0.8581660644387986,0.8581660644387986,15340858.992500002,1.0,2025-06,2025-06,0.9872,0.011806,0.782753
3,C3 Hybrid,2025-06,2025-06-30,P_selected,TGC,0.0003120724038757879,BUY,0.44666137829808,0.44666137829808,0.44666137829808,37492644.615,1.0,2025-06,2025-06,0.9872,0.011806,0.782753
3,C3 Hybrid,2025-06,2025-06-30,P_selected,GAZ,0.00011317445704662873,NEUTRAL,-0.19854015540641679,-0.19854015540641679,-0.09927007770320839,4560438.2,1.0,2025-06,2025-06,0.9872,0.011806,0.782753
3,C3 Hybrid,2025-06,2025-06-30,P_selected,HPS,0.00010397083948746054,NEUTRAL,-0.056765634696702566,-0.056765634696702566,-0.028382817348351283,6378457.455,1.0,2025-06,2025-06,0.9872,0.011806,0.782753
