fold_id,model_id,groupe,metrique,valeur
0,c1_ridge,C1_ridge,rank_ic,0.2047196935596903
0,c1_ridge,C1_ridge,ic_ir,1.328342464212199
0,c1_ridge,C1_ridge,rmse,1.2128968106446354
0,c1_ridge,C1_ridge,hit_ratio_sign,0.5769361413043478
0,c1_ridge,C1_ridge,ret_BUY,0.24624509688683366
0,c1_ridge,C1_ridge,ret_NEUTRAL,-0.015514137626323313
0,c1_ridge,C1_ridge,ret_SELL,-0.2697589999324518
0,c1_ridge,C1_ridge,spread_BUY_SELL,0.5160040968192854
0,c1_ridge,C1_ridge,hit_ratio,0.5339805825242718
0,c1_ridge,C1_ridge,turnover,0.2848568743917581
0,c2_rf,C2_rf,rank_ic,-0.045302867898064425
0,c2_rf,C2_rf,ic_ir,-0.28121382889832414
0,c2_rf,C2_rf,rmse,1.251206926947272
0,c2_rf,C2_rf,hit_ratio_sign,0.4921875
0,c2_rf,C2_rf,ret_BUY,0.0695396773345204
0,c2_rf,C2_rf,ret_NEUTRAL,0.10037652373939329
0,c2_rf,C2_rf,ret_SELL,2.8071131932255615
0,c2_rf,C2_rf,spread_BUY_SELL,-2.7375735158910413
0,c2_rf,C2_rf,hit_ratio,0.41414141414141414
0,c2_rf,C2_rf,turnover,0.13460432516910922
0,c3_lightgbm,C3_lightgbm,rank_ic,0.04813017539874864
0,c3_lightgbm,C3_lightgbm,ic_ir,0.21671144852222543
0,c3_lightgbm,C3_lightgbm,rmse,1.3489892403343908
0,c3_lightgbm,C3_lightgbm,hit_ratio_sign,0.5193614130434783
0,c3_lightgbm,C3_lightgbm,ret_BUY,0.060221944533416595
0,c3_lightgbm,C3_lightgbm,ret_NEUTRAL,0.027566753150535014
0,c3_lightgbm,C3_lightgbm,ret_SELL,0.22822645384414375
0,c3_lightgbm,C3_lightgbm,spread_BUY_SELL,-0.16800450931072716
0,c3_lightgbm,C3_lightgbm,hit_ratio,0.4578313253012048
0,c3_lightgbm,C3_lightgbm,turnover,0.5016036012713754
0,c4_hybrid_tri,C4_hybrid_tri,rank_ic,0.14062820632460835
0,c4_hybrid_tri,C4_hybrid_tri,ic_ir,1.230931547612389
0,c4_hybrid_tri,C4_hybrid_tri,rmse,1.3493919355198527
0,c4_hybrid_tri,C4_hybrid_tri,hit_ratio_sign,0.5492527173913043
0,c4_hybrid_tri,C4_hybrid_tri,ret_BUY,0.09993935134995109
0,c4_hybrid_tri,C4_hybrid_tri,ret_NEUTRAL,0.04826999651513226
0,c4_hybrid_tri,C4_hybrid_tri,ret_SELL,0.13601797761837658
0,c4_hybrid_tri,C4_hybrid_tri,spread_BUY_SELL,-0.03607862626842549
0,c4_hybrid_tri,C4_hybrid_tri,hit_ratio,0.491869918699187
0,c4_hybrid_tri,C4_hybrid_tri,turnover,0.38856150494024244
0,c5_hybrid_tri_regime,C5_hybrid_tri_regime,rank_ic,0.1399395347176921
0,c5_hybrid_tri_regime,C5_hybrid_tri_regime,ic_ir,1.3073974650261355
0,c5_hybrid_tri_regime,C5_hybrid_tri_regime,rmse,1.3611608505527386
0,c5_hybrid_tri_regime,C5_hybrid_tri_regime,hit_ratio_sign,0.5353260869565217
0,c5_hybrid_tri_regime,C5_hybrid_tri_regime,ret_BUY,0.11560108040010426
0,c5_hybrid_tri_regime,C5_hybrid_tri_regime,ret_NEUTRAL,0.09688557657046862
0,c5_hybrid_tri_regime,C5_hybrid_tri_regime,ret_SELL,0.1074506655987717
0,c5_hybrid_tri_regime,C5_hybrid_tri_regime,spread_BUY_SELL,0.008150414801332564
0,c5_hybrid_tri_regime,C5_hybrid_tri_regime,hit_ratio,0.5082644628099173
0,c5_hybrid_tri_regime,C5_hybrid_tri_regime,turnover,0.44621856917537983
1,c1_ridge,C1_ridge,rank_ic,0.2528033901326627
1,c1_ridge,C1_ridge,ic_ir,2.0299134474086067
1,c1_ridge,C1_ridge,rmse,1.124754933773043
1,c1_ridge,C1_ridge,hit_ratio_sign,0.6059676044330776
1,c1_ridge,C1_ridge,ret_BUY,0.19544718268758002
1,c1_ridge,C1_ridge,ret_NEUTRAL,-0.003006943986529901
1,c1_ridge,C1_ridge,ret_SELL,-0.3190659566127269
1,c1_ridge,C1_ridge,spread_BUY_SELL,0.514513139300307
1,c1_ridge,C1_ridge,hit_ratio,0.5515463917525774
1,c1_ridge,C1_ridge,turnover,0.3388894433282704
1,c2_rf,C2_rf,rank_ic,-0.06356851197238454
1,c2_rf,C2_rf,ic_ir,-0.46456545970818536
1,c2_rf,C2_rf,rmse,1.1636149868111656
1,c2_rf,C2_rf,hit_ratio_sign,0.5041773231031543
1,c2_rf,C2_rf,ret_BUY,-0.0031201476843394408
1,c2_rf,C2_rf,ret_NEUTRAL,0.08342523628559016
1,c2_rf,C2_rf,ret_SELL,2.8071131932255615
1,c2_rf,C2_rf,spread_BUY_SELL,-2.810233340909901
1,c2_rf,C2_rf,hit_ratio,0.41237113402061853
1,c2_rf,C2_rf,turnover,0.09224928970270585
1,c3_lightgbm,C3_lightgbm,rank_ic,-0.015700721186219346
1,c3_lightgbm,C3_lightgbm,ic_ir,-0.07070606424883229
1,c3_lightgbm,C3_lightgbm,rmse,1.2372331155567702
1,c3_lightgbm,C3_lightgbm,hit_ratio_sign,0.4895140664961637
1,c3_lightgbm,C3_lightgbm,ret_BUY,0.09071879890565479
1,c3_lightgbm,C3_lightgbm,ret_NEUTRAL,0.04747996657003507
1,c3_lightgbm,C3_lightgbm,ret_SELL,0.06594425597470438
1,c3_lightgbm,C3_lightgbm,spread_BUY_SELL,0.02477454293095041
1,c3_lightgbm,C3_lightgbm,hit_ratio,0.46443514644351463
1,c3_lightgbm,C3_lightgbm,turnover,0.4510243163355975
1,c4_hybrid_tri,C4_hybrid_tri,rank_ic,0.08528770891219592
1,c4_hybrid_tri,C4_hybrid_tri,ic_ir,0.570631556338543
1,c4_hybrid_tri,C4_hybrid_tri,rmse,1.2988957479676044
1,c4_hybrid_tri,C4_hybrid_tri,hit_ratio_sign,0.5202046035805626
1,c4_hybrid_tri,C4_hybrid_tri,ret_BUY,0.13906176590535851
1,c4_hybrid_tri,C4_hybrid_tri,ret_NEUTRAL,0.20363245489474907
1,c4_hybrid_tri,C4_hybrid_tri,ret_SELL,-0.01887224212576185
1,c4_hybrid_tri,C4_hybrid_tri,spread_BUY_SELL,0.15793400803112037
1,c4_hybrid_tri,C4_hybrid_tri,hit_ratio,0.5
1,c4_hybrid_tri,C4_hybrid_tri,turnover,0.37710343775344496
1,c5_hybrid_tri_regime,C5_hybrid_tri_regime,rank_ic,0.07064871636018145
1,c5_hybrid_tri_regime,C5_hybrid_tri_regime,ic_ir,0.48742253722237683
1,c5_hybrid_tri_regime,C5_hybrid_tri_regime,rmse,1.2970424688274156
1,c5_hybrid_tri_regime,C5_hybrid_tri_regime,hit_ratio_sign,0.5145780051150896
1,c5_hybrid_tri_regime,C5_hybrid_tri_regime,ret_BUY,0.19459333561144831
1,c5_hybrid_tri_regime,C5_hybrid_tri_regime,ret_NEUTRAL,-0.15206089532153025
1,c5_hybrid_tri_regime,C5_hybrid_tri_regime,ret_SELL,0.05400932080838457
1,c5_hybrid_tri_regime,C5_hybrid_tri_regime,spread_BUY_SELL,0.14058401480306376
1,c5_hybrid_tri_regime,C5_hybrid_tri_regime,hit_ratio,0.4817813765182186
1,c5_hybrid_tri_regime,C5_hybrid_tri_regime,turnover,0.40920660558245414
2,c1_ridge,C1_ridge,rank_ic,0.2491877906823161
2,c1_ridge,C1_ridge,ic_ir,1.9312885540285274
2,c1_ridge,C1_ridge,rmse,1.0333719796952212
2,c1_ridge,C1_ridge,hit_ratio_sign,0.6037162162162162
2,c1_ridge,C1_ridge,ret_BUY,0.24576014516096298
2,c1_ridge,C1_ridge,ret_NEUTRAL,-0.08167781976449597
2,c1_ridge,C1_ridge,ret_SELL,-0.23312097923684857
2,c1_ridge,C1_ridge,spread_BUY_SELL,0.47888112439781155
2,c1_ridge,C1_ridge,hit_ratio,0.578125
2,c1_ridge,C1_ridge,turnover,0.32895505188494023
2,c2_rf,C2_rf,rank_ic,-0.16954896279833057
2,c2_rf,C2_rf,ic_ir,-1.4919086458865418
2,c2_rf,C2_rf,rmse,1.0698897687738407
2,c2_rf,C2_rf,hit_ratio_sign,0.49324324324324326
2,c2_rf,C2_rf,ret_BUY,0.06252416912331828
2,c2_rf,C2_rf,ret_NEUTRAL,0.07184862462906264
2,c2_rf,C2_rf,ret_SELL,2.6584815576780727
2,c2_rf,C2_rf,spread_BUY_SELL,-2.5959573885547544
2,c2_rf,C2_rf,hit_ratio,0.391304347826087
2,c2_rf,C2_rf,turnover,0.09779095300834431
2,c3_lightgbm,C3_lightgbm,rank_ic,-0.05651237312724831
2,c3_lightgbm,C3_lightgbm,ic_ir,-0.2760821345902419
2,c3_lightgbm,C3_lightgbm,rmse,1.3087324966749792
2,c3_lightgbm,C3_lightgbm,hit_ratio_sign,0.4962837837837838
2,c3_lightgbm,C3_lightgbm,ret_BUY,-0.00721883049273879
2,c3_lightgbm,C3_lightgbm,ret_NEUTRAL,0.047300544458103805
2,c3_lightgbm,C3_lightgbm,ret_SELL,0.2098137189211623
2,c3_lightgbm,C3_lightgbm,spread_BUY_SELL,-0.2170325494139011
2,c3_lightgbm,C3_lightgbm,hit_ratio,0.44841269841269843
2,c3_lightgbm,C3_lightgbm,turnover,0.3981361948986672
2,c4_hybrid_tri,C4_hybrid_tri,rank_ic,0.03192070637777553
2,c4_hybrid_tri,C4_hybrid_tri,ic_ir,0.21309018270563504
2,c4_hybrid_tri,C4_hybrid_tri,rmse,1.2613831988785713
2,c4_hybrid_tri,C4_hybrid_tri,hit_ratio_sign,0.5045608108108108
2,c4_hybrid_tri,C4_hybrid_tri,ret_BUY,0.038305368703647445
2,c4_hybrid_tri,C4_hybrid_tri,ret_NEUTRAL,0.21262864998733502
2,c4_hybrid_tri,C4_hybrid_tri,ret_SELL,0.060469248608982756
2,c4_hybrid_tri,C4_hybrid_tri,spread_BUY_SELL,-0.02216387990533531
2,c4_hybrid_tri,C4_hybrid_tri,hit_ratio,0.46502057613168724
2,c4_hybrid_tri,C4_hybrid_tri,turnover,0.400976733755384
2,c5_hybrid_tri_regime,C5_hybrid_tri_regime,rank_ic,0.0811583320907723
2,c5_hybrid_tri_regime,C5_hybrid_tri_regime,ic_ir,0.5781997001708555
2,c5_hybrid_tri_regime,C5_hybrid_tri_regime,rmse,1.2371852006738397
2,c5_hybrid_tri_regime,C5_hybrid_tri_regime,hit_ratio_sign,0.5266891891891892
2,c5_hybrid_tri_regime,C5_hybrid_tri_regime,ret_BUY,0.1565061583481178
2,c5_hybrid_tri_regime,C5_hybrid_tri_regime,ret_NEUTRAL,0.034344743395124874
2,c5_hybrid_tri_regime,C5_hybrid_tri_regime,ret_SELL,0.04090822135525975
2,c5_hybrid_tri_regime,C5_hybrid_tri_regime,spread_BUY_SELL,0.11559793699285804
2,c5_hybrid_tri_regime,C5_hybrid_tri_regime,hit_ratio,0.49382716049382713
2,c5_hybrid_tri_regime,C5_hybrid_tri_regime,turnover,0.40020703126612817
3,c1_ridge,C1_ridge,rank_ic,0.2120540033352491
3,c1_ridge,C1_ridge,ic_ir,1.4007062798961847
3,c1_ridge,C1_ridge,rmse,1.1028152114558716
3,c1_ridge,C1_ridge,hit_ratio_sign,0.5873493975903614
3,c1_ridge,C1_ridge,ret_BUY,0.2096562292424417
3,c1_ridge,C1_ridge,ret_NEUTRAL,-0.028091132913961925
3,c1_ridge,C1_ridge,ret_SELL,-0.366670860048341
3,c1_ridge,C1_ridge,spread_BUY_SELL,0.5763270892907827
3,c1_ridge,C1_ridge,hit_ratio,0.5736040609137056
3,c1_ridge,C1_ridge,turnover,0.37507104259035073
3,c2_rf,C2_rf,rank_ic,-0.07044253198086052
3,c2_rf,C2_rf,ic_ir,-0.3857159943003587
3,c2_rf,C2_rf,rmse,1.222045134418437
3,c2_rf,C2_rf,hit_ratio_sign,0.4856091030789826
3,c2_rf,C2_rf,ret_BUY,-0.027068072581202102
3,c2_rf,C2_rf,ret_NEUTRAL,0.0678974285367701
3,c2_rf,C2_rf,ret_SELL,2.6584815576780727
3,c2_rf,C2_rf,spread_BUY_SELL,-2.685549630259275
3,c2_rf,C2_rf,hit_ratio,0.36486486486486486
3,c2_rf,C2_rf,turnover,0.044281976010780086
3,c3_lightgbm,C3_lightgbm,rank_ic,-0.09056351069180962
3,c3_lightgbm,C3_lightgbm,ic_ir,-0.5194918733269163
3,c3_lightgbm,C3_lightgbm,rmse,1.5137118683403599
3,c3_lightgbm,C3_lightgbm,hit_ratio_sign,0.4902945113788487
3,c3_lightgbm,C3_lightgbm,ret_BUY,0.0440350217892409
3,c3_lightgbm,C3_lightgbm,ret_NEUTRAL,0.03345627997470441
3,c3_lightgbm,C3_lightgbm,ret_SELL,0.08017252625111036
3,c3_lightgbm,C3_lightgbm,spread_BUY_SELL,-0.03613750446186946
3,c3_lightgbm,C3_lightgbm,hit_ratio,0.46835443037974683
3,c3_lightgbm,C3_lightgbm,turnover,0.4066530676904362
3,c4_hybrid_tri,C4_hybrid_tri,rank_ic,0.007490984542133507
3,c4_hybrid_tri,C4_hybrid_tri,ic_ir,0.038684559437767524
3,c4_hybrid_tri,C4_hybrid_tri,rmse,1.3586934873965666
3,c4_hybrid_tri,C4_hybrid_tri,hit_ratio_sign,0.5145582329317269
3,c4_hybrid_tri,C4_hybrid_tri,ret_BUY,0.07282804944643037
3,c4_hybrid_tri,C4_hybrid_tri,ret_NEUTRAL,0.13136088284294417
3,c4_hybrid_tri,C4_hybrid_tri,ret_SELL,0.01641335079154651
3,c4_hybrid_tri,C4_hybrid_tri,spread_BUY_SELL,0.05641469865488386
3,c4_hybrid_tri,C4_hybrid_tri,hit_ratio,0.502127659574468
3,c4_hybrid_tri,C4_hybrid_tri,turnover,0.358393293344781
3,c5_hybrid_tri_regime,C5_hybrid_tri_regime,rank_ic,0.04112512049639959
3,c5_hybrid_tri_regime,C5_hybrid_tri_regime,ic_ir,0.19368362314634902
3,c5_hybrid_tri_regime,C5_hybrid_tri_regime,rmse,1.3179185634550998
3,c5_hybrid_tri_regime,C5_hybrid_tri_regime,hit_ratio_sign,0.5289491298527443
3,c5_hybrid_tri_regime,C5_hybrid_tri_regime,ret_BUY,0.05901407745619
3,c5_hybrid_tri_regime,C5_hybrid_tri_regime,ret_NEUTRAL,0.08264780815327234
3,c5_hybrid_tri_regime,C5_hybrid_tri_regime,ret_SELL,0.03762638750000182
3,c5_hybrid_tri_regime,C5_hybrid_tri_regime,spread_BUY_SELL,0.02138768995618818
3,c5_hybrid_tri_regime,C5_hybrid_tri_regime,hit_ratio,0.5
3,c5_hybrid_tri_regime,C5_hybrid_tri_regime,turnover,0.4296049582154179
4,c1_ridge,C1_ridge,rank_ic,0.1411879762141164
4,c1_ridge,C1_ridge,ic_ir,0.8048180462400071
4,c1_ridge,C1_ridge,rmse,1.0793319102999186
4,c1_ridge,C1_ridge,hit_ratio_sign,0.5447950059051797
4,c1_ridge,C1_ridge,ret_BUY,0.14104380282391787
4,c1_ridge,C1_ridge,ret_NEUTRAL,-0.024923134716870247
4,c1_ridge,C1_ridge,ret_SELL,-0.3548425848645381
4,c1_ridge,C1_ridge,spread_BUY_SELL,0.495886387688456
4,c1_ridge,C1_ridge,hit_ratio,0.5323383084577115
4,c1_ridge,C1_ridge,turnover,0.39519699772937517
4,c2_rf,C2_rf,rank_ic,-0.06550846894069783
4,c2_rf,C2_rf,ic_ir,-0.3391219080048409
4,c2_rf,C2_rf,rmse,1.0972134873505788
4,c2_rf,C2_rf,hit_ratio_sign,0.4575670659692931
4,c2_rf,C2_rf,ret_BUY,-0.04158036545598476
4,c2_rf,C2_rf,ret_NEUTRAL,0.037935410256575076
4,c2_rf,C2_rf,ret_SELL,2.6584815576780727
4,c2_rf,C2_rf,spread_BUY_SELL,-2.7000619231340575
4,c2_rf,C2_rf,hit_ratio,0.39473684210526316
4,c2_rf,C2_rf,turnover,0.05705505564432484
4,c3_lightgbm,C3_lightgbm,rank_ic,0.10023003253090627
4,c3_lightgbm,C3_lightgbm,ic_ir,0.4310159817998638
4,c3_lightgbm,C3_lightgbm,rmse,1.1991487214934449
4,c3_lightgbm,C3_lightgbm,hit_ratio_sign,0.5426016534503121
4,c3_lightgbm,C3_lightgbm,ret_BUY,0.1857250340888112
4,c3_lightgbm,C3_lightgbm,ret_NEUTRAL,-0.05475200374791236
4,c3_lightgbm,C3_lightgbm,ret_SELL,-0.06386110843393573
4,c3_lightgbm,C3_lightgbm,spread_BUY_SELL,0.2495861425227469
4,c3_lightgbm,C3_lightgbm,hit_ratio,0.5504587155963303
4,c3_lightgbm,C3_lightgbm,turnover,0.5272327810949458
4,c4_hybrid_tri,C4_hybrid_tri,rank_ic,0.0885451378370803
4,c4_hybrid_tri,C4_hybrid_tri,ic_ir,0.371760393575625
4,c4_hybrid_tri,C4_hybrid_tri,rmse,1.2880576919691853
4,c4_hybrid_tri,C4_hybrid_tri,hit_ratio_sign,0.5601484730892525
4,c4_hybrid_tri,C4_hybrid_tri,ret_BUY,0.14763442416803885
4,c4_hybrid_tri,C4_hybrid_tri,ret_NEUTRAL,0.029524639589836872
4,c4_hybrid_tri,C4_hybrid_tri,ret_SELL,-0.04189054789696121
4,c4_hybrid_tri,C4_hybrid_tri,spread_BUY_SELL,0.18952497206500005
4,c4_hybrid_tri,C4_hybrid_tri,hit_ratio,0.5504201680672269
4,c4_hybrid_tri,C4_hybrid_tri,turnover,0.35889923751857145
4,c5_hybrid_tri_regime,C5_hybrid_tri_regime,rank_ic,0.03521906872027662
4,c5_hybrid_tri_regime,C5_hybrid_tri_regime,ic_ir,0.13065523667701515
4,c5_hybrid_tri_regime,C5_hybrid_tri_regime,rmse,1.309192864178151
4,c5_hybrid_tri_regime,C5_hybrid_tri_regime,hit_ratio_sign,0.536527754344525
4,c5_hybrid_tri_regime,C5_hybrid_tri_regime,ret_BUY,0.061062903597560746
4,c5_hybrid_tri_regime,C5_hybrid_tri_regime,ret_NEUTRAL,0.07774266811221771
4,c5_hybrid_tri_regime,C5_hybrid_tri_regime,ret_SELL,-0.017876887086815424
4,c5_hybrid_tri_regime,C5_hybrid_tri_regime,spread_BUY_SELL,0.07893979068437618
4,c5_hybrid_tri_regime,C5_hybrid_tri_regime,hit_ratio,0.49130434782608695
4,c5_hybrid_tri_regime,C5_hybrid_tri_regime,turnover,0.4498184901746419
5,c1_ridge,C1_ridge,rank_ic,0.08472590592234164
5,c1_ridge,C1_ridge,ic_ir,0.45925383410385345
5,c1_ridge,C1_ridge,rmse,1.1075827143563635
5,c1_ridge,C1_ridge,hit_ratio_sign,0.49769963851462373
5,c1_ridge,C1_ridge,ret_BUY,0.03017551920421774
5,c1_ridge,C1_ridge,ret_NEUTRAL,-0.10124256611900202
5,c1_ridge,C1_ridge,ret_SELL,-0.13345478891704135
5,c1_ridge,C1_ridge,spread_BUY_SELL,0.1636303081212591
5,c1_ridge,C1_ridge,hit_ratio,0.507177033492823
5,c1_ridge,C1_ridge,turnover,0.4043169904409497
5,c2_rf,C2_rf,rank_ic,-0.15940167771010277
5,c2_rf,C2_rf,ic_ir,-1.500165421398932
5,c2_rf,C2_rf,rmse,1.1560594746760995
5,c2_rf,C2_rf,hit_ratio_sign,0.43575418994413406
5,c2_rf,C2_rf,ret_BUY,0.0015204745436783185
5,c2_rf,C2_rf,ret_NEUTRAL,-0.07168689410674757
5,c2_rf,C2_rf,ret_SELL,1.5238161200701112
5,c2_rf,C2_rf,spread_BUY_SELL,-1.522295645526433
5,c2_rf,C2_rf,hit_ratio,0.4166666666666667
5,c2_rf,C2_rf,turnover,0.09012102991057662
5,c3_lightgbm,C3_lightgbm,rank_ic,0.03187575051471737
5,c3_lightgbm,C3_lightgbm,ic_ir,0.13867387887523536
5,c3_lightgbm,C3_lightgbm,rmse,1.2595734976568738
5,c3_lightgbm,C3_lightgbm,hit_ratio_sign,0.5093657574761749
5,c3_lightgbm,C3_lightgbm,ret_BUY,-0.0956691786182372
5,c3_lightgbm,C3_lightgbm,ret_NEUTRAL,0.047827510779519224
5,c3_lightgbm,C3_lightgbm,ret_SELL,0.004507886574608068
5,c3_lightgbm,C3_lightgbm,spread_BUY_SELL,-0.10017706519284528
5,c3_lightgbm,C3_lightgbm,hit_ratio,0.46638655462184875
5,c3_lightgbm,C3_lightgbm,turnover,0.433290934320074
5,c4_hybrid_tri,C4_hybrid_tri,rank_ic,0.02462817639804095
5,c4_hybrid_tri,C4_hybrid_tri,ic_ir,0.11461372371968083
5,c4_hybrid_tri,C4_hybrid_tri,rmse,1.3198115299641902
5,c4_hybrid_tri,C4_hybrid_tri,hit_ratio_sign,0.5274400262898455
5,c4_hybrid_tri,C4_hybrid_tri,ret_BUY,-0.011070708954318388
5,c4_hybrid_tri,C4_hybrid_tri,ret_NEUTRAL,-0.11777013068123264
5,c4_hybrid_tri,C4_hybrid_tri,ret_SELL,-0.006617775796274063
5,c4_hybrid_tri,C4_hybrid_tri,spread_BUY_SELL,-0.004452933158044325
5,c4_hybrid_tri,C4_hybrid_tri,hit_ratio,0.5168067226890757
5,c4_hybrid_tri,C4_hybrid_tri,turnover,0.3825778600061671
5,c5_hybrid_tri_regime,C5_hybrid_tri_regime,rank_ic,0.01706667507088706
5,c5_hybrid_tri_regime,C5_hybrid_tri_regime,ic_ir,0.07428911520135519
5,c5_hybrid_tri_regime,C5_hybrid_tri_regime,rmse,1.3303233648717414
5,c5_hybrid_tri_regime,C5_hybrid_tri_regime,hit_ratio_sign,0.5279329608938548
5,c5_hybrid_tri_regime,C5_hybrid_tri_regime,ret_BUY,-0.10316654518005054
5,c5_hybrid_tri_regime,C5_hybrid_tri_regime,ret_NEUTRAL,0.10497794515231552
5,c5_hybrid_tri_regime,C5_hybrid_tri_regime,ret_SELL,-0.03315127226903188
5,c5_hybrid_tri_regime,C5_hybrid_tri_regime,spread_BUY_SELL,-0.07001527291101867
5,c5_hybrid_tri_regime,C5_hybrid_tri_regime,hit_ratio,0.5148936170212766
5,c5_hybrid_tri_regime,C5_hybrid_tri_regime,turnover,0.3909111933395004
6,c1_ridge,C1_ridge,rank_ic,0.0079178783074448
6,c1_ridge,C1_ridge,ic_ir,0.04827227833453447
6,c1_ridge,C1_ridge,rmse,1.0956897570051574
6,c1_ridge,C1_ridge,hit_ratio_sign,0.4665988470668023
6,c1_ridge,C1_ridge,ret_BUY,-0.13627111855703822
6,c1_ridge,C1_ridge,ret_NEUTRAL,-0.08599952508448168
6,c1_ridge,C1_ridge,ret_SELL,-0.07071667213948572
6,c1_ridge,C1_ridge,spread_BUY_SELL,-0.0655544464175525
6,c1_ridge,C1_ridge,hit_ratio,0.45714285714285713
6,c1_ridge,C1_ridge,turnover,0.3985097272446949
6,c2_rf,C2_rf,rank_ic,-0.08053774486700148
6,c2_rf,C2_rf,ic_ir,-0.5234010990037721
6,c2_rf,C2_rf,rmse,1.0656102859944145
6,c2_rf,C2_rf,hit_ratio_sign,0.4084435401831129
6,c2_rf,C2_rf,ret_BUY,-0.308206880805784
6,c2_rf,C2_rf,ret_NEUTRAL,-0.08754569407071994
6,c2_rf,C2_rf,ret_SELL,
6,c2_rf,C2_rf,spread_BUY_SELL,
6,c2_rf,C2_rf,hit_ratio,0.3888888888888889
6,c2_rf,C2_rf,turnover,0.03858310206598828
6,c3_lightgbm,C3_lightgbm,rank_ic,-0.07693845818496725
6,c3_lightgbm,C3_lightgbm,ic_ir,-0.5539051296130654
6,c3_lightgbm,C3_lightgbm,rmse,1.1442596705251507
6,c3_lightgbm,C3_lightgbm,hit_ratio_sign,0.45930824008138355
6,c3_lightgbm,C3_lightgbm,ret_BUY,-0.3747443972146618
6,c3_lightgbm,C3_lightgbm,ret_NEUTRAL,-0.017967162691841815
6,c3_lightgbm,C3_lightgbm,ret_SELL,0.3385599054651928
6,c3_lightgbm,C3_lightgbm,spread_BUY_SELL,-0.7133043026798547
6,c3_lightgbm,C3_lightgbm,hit_ratio,0.352
6,c3_lightgbm,C3_lightgbm,turnover,0.29223887814313343
6,c4_hybrid_tri,C4_hybrid_tri,rank_ic,-0.04677885173423391
6,c4_hybrid_tri,C4_hybrid_tri,ic_ir,-0.26453873094318536
6,c4_hybrid_tri,C4_hybrid_tri,rmse,1.3705522480143713
6,c4_hybrid_tri,C4_hybrid_tri,hit_ratio_sign,0.5215327229569345
6,c4_hybrid_tri,C4_hybrid_tri,ret_BUY,-0.263129705756021
6,c4_hybrid_tri,C4_hybrid_tri,ret_NEUTRAL,-0.26645361704038145
6,c4_hybrid_tri,C4_hybrid_tri,ret_SELL,-0.002241943657676168
6,c4_hybrid_tri,C4_hybrid_tri,spread_BUY_SELL,-0.26088776209834486
6,c4_hybrid_tri,C4_hybrid_tri,hit_ratio,0.47540983606557374
6,c4_hybrid_tri,C4_hybrid_tri,turnover,0.3617077341406666
6,c5_hybrid_tri_regime,C5_hybrid_tri_regime,rank_ic,-0.03631756093554219
6,c5_hybrid_tri_regime,C5_hybrid_tri_regime,ic_ir,-0.2096568410050642
6,c5_hybrid_tri_regime,C5_hybrid_tri_regime,rmse,1.3686769032311175
6,c5_hybrid_tri_regime,C5_hybrid_tri_regime,hit_ratio_sign,0.5232282129535436
6,c5_hybrid_tri_regime,C5_hybrid_tri_regime,ret_BUY,-0.26806689746241286
6,c5_hybrid_tri_regime,C5_hybrid_tri_regime,ret_NEUTRAL,-0.10315890917640777
6,c5_hybrid_tri_regime,C5_hybrid_tri_regime,ret_SELL,-0.050972337844812095
6,c5_hybrid_tri_regime,C5_hybrid_tri_regime,spread_BUY_SELL,-0.21709455961760077
6,c5_hybrid_tri_regime,C5_hybrid_tri_regime,hit_ratio,0.4940239043824701
6,c5_hybrid_tri_regime,C5_hybrid_tri_regime,turnover,0.33155432680178293
7,c1_ridge,C1_ridge,rank_ic,0.008855794699072597
7,c1_ridge,C1_ridge,ic_ir,0.05402631150110063
7,c1_ridge,C1_ridge,rmse,1.0999323362623727
7,c1_ridge,C1_ridge,hit_ratio_sign,0.4659738518270198
7,c1_ridge,C1_ridge,ret_BUY,-0.09714919870064526
7,c1_ridge,C1_ridge,ret_NEUTRAL,-0.11959992238473922
7,c1_ridge,C1_ridge,ret_SELL,0.0302618469223931
7,c1_ridge,C1_ridge,spread_BUY_SELL,-0.12741104562303834
7,c1_ridge,C1_ridge,hit_ratio,0.44976076555023925
7,c1_ridge,C1_ridge,turnover,0.4133069828722003
7,c2_rf,C2_rf,rank_ic,-0.12260158638876897
7,c2_rf,C2_rf,ic_ir,-0.7587127472040075
7,c2_rf,C2_rf,rmse,1.0817712453638864
7,c2_rf,C2_rf,hit_ratio_sign,0.3995977204156889
7,c2_rf,C2_rf,ret_BUY,-0.15446890353550055
7,c2_rf,C2_rf,ret_NEUTRAL,-0.08086490266085304
7,c2_rf,C2_rf,ret_SELL,
7,c2_rf,C2_rf,spread_BUY_SELL,
7,c2_rf,C2_rf,hit_ratio,0.4117647058823529
7,c2_rf,C2_rf,turnover,0.039163372859025034
7,c3_lightgbm,C3_lightgbm,rank_ic,0.07054401110171223
7,c3_lightgbm,C3_lightgbm,ic_ir,0.45198539714601105
7,c3_lightgbm,C3_lightgbm,rmse,1.1302532304019945
7,c3_lightgbm,C3_lightgbm,hit_ratio_sign,0.49899430103922227
7,c3_lightgbm,C3_lightgbm,ret_BUY,-0.02435660523860319
7,c3_lightgbm,C3_lightgbm,ret_NEUTRAL,-0.09860060498910087
7,c3_lightgbm,C3_lightgbm,ret_SELL,-0.17881466502192062
7,c3_lightgbm,C3_lightgbm,spread_BUY_SELL,0.15445805978331742
7,c3_lightgbm,C3_lightgbm,hit_ratio,0.49489795918367346
7,c3_lightgbm,C3_lightgbm,turnover,0.3484189723320158
7,c4_hybrid_tri,C4_hybrid_tri,rank_ic,0.060437028236289075
7,c4_hybrid_tri,C4_hybrid_tri,ic_ir,0.34463981679003775
7,c4_hybrid_tri,C4_hybrid_tri,rmse,1.3116755196146823
7,c4_hybrid_tri,C4_hybrid_tri,hit_ratio_sign,0.5665437479047938
7,c4_hybrid_tri,C4_hybrid_tri,ret_BUY,-0.08863079686818402
7,c4_hybrid_tri,C4_hybrid_tri,ret_NEUTRAL,0.012405048288955226
7,c4_hybrid_tri,C4_hybrid_tri,ret_SELL,-0.12557112998313533
7,c4_hybrid_tri,C4_hybrid_tri,spread_BUY_SELL,0.036940333114951304
7,c4_hybrid_tri,C4_hybrid_tri,hit_ratio,0.5423728813559322
7,c4_hybrid_tri,C4_hybrid_tri,turnover,0.37205204216073784
7,c5_hybrid_tri_regime,C5_hybrid_tri_regime,rank_ic,0.07173074043329783
7,c5_hybrid_tri_regime,C5_hybrid_tri_regime,ic_ir,0.45306682308677737
7,c5_hybrid_tri_regime,C5_hybrid_tri_regime,rmse,1.3140780829497438
7,c5_hybrid_tri_regime,C5_hybrid_tri_regime,hit_ratio_sign,0.5641971169963125
7,c5_hybrid_tri_regime,C5_hybrid_tri_regime,ret_BUY,-0.07102349476008218
7,c5_hybrid_tri_regime,C5_hybrid_tri_regime,ret_NEUTRAL,0.01168717422231191
7,c5_hybrid_tri_regime,C5_hybrid_tri_regime,ret_SELL,-0.13487259770756016
7,c5_hybrid_tri_regime,C5_hybrid_tri_regime,spread_BUY_SELL,0.06384910294747798
7,c5_hybrid_tri_regime,C5_hybrid_tri_regime,hit_ratio,0.5485232067510548
7,c5_hybrid_tri_regime,C5_hybrid_tri_regime,turnover,0.367868906455863
8,c1_ridge,C1_ridge,rank_ic,0.02815055911243241
8,c1_ridge,C1_ridge,ic_ir,0.159763737400815
8,c1_ridge,C1_ridge,rmse,1.0946944273304748
8,c1_ridge,C1_ridge,hit_ratio_sign,0.4700737437832276
8,c1_ridge,C1_ridge,ret_BUY,0.03375328984477815
8,c1_ridge,C1_ridge,ret_NEUTRAL,-0.1347672134153702
8,c1_ridge,C1_ridge,ret_SELL,0.004742892550040862
8,c1_ridge,C1_ridge,spread_BUY_SELL,0.029010397294737287
8,c1_ridge,C1_ridge,hit_ratio,0.5047619047619047
8,c1_ridge,C1_ridge,turnover,0.41197299077733857
8,c2_rf,C2_rf,rank_ic,-0.028582587344466906
8,c2_rf,C2_rf,ic_ir,-0.2007789533862599
8,c2_rf,C2_rf,rmse,1.0731672365067182
8,c2_rf,C2_rf,hit_ratio_sign,0.4597839135654262
8,c2_rf,C2_rf,ret_BUY,-0.02668658247392829
8,c2_rf,C2_rf,ret_NEUTRAL,-0.027866731638849198
8,c2_rf,C2_rf,ret_SELL,1.5628453555120074
8,c2_rf,C2_rf,spread_BUY_SELL,-1.5895319379859356
8,c2_rf,C2_rf,hit_ratio,0.40816326530612246
8,c2_rf,C2_rf,turnover,0.025757575757575757
8,c3_lightgbm,C3_lightgbm,rank_ic,0.17032357688285618
8,c3_lightgbm,C3_lightgbm,ic_ir,0.9757715477463076
8,c3_lightgbm,C3_lightgbm,rmse,1.1285340694233026
8,c3_lightgbm,C3_lightgbm,hit_ratio_sign,0.5726290516206483
8,c3_lightgbm,C3_lightgbm,ret_BUY,-0.06270483303934357
8,c3_lightgbm,C3_lightgbm,ret_NEUTRAL,0.054807514323450594
8,c3_lightgbm,C3_lightgbm,ret_SELL,-0.013196040950869832
8,c3_lightgbm,C3_lightgbm,spread_BUY_SELL,-0.04950879208847374
8,c3_lightgbm,C3_lightgbm,hit_ratio,0.5203619909502263
8,c3_lightgbm,C3_lightgbm,turnover,0.35765810276679844
8,c4_hybrid_tri,C4_hybrid_tri,rank_ic,0.07496736275795576
8,c4_hybrid_tri,C4_hybrid_tri,ic_ir,0.47991414589217835
8,c4_hybrid_tri,C4_hybrid_tri,rmse,1.2974111005021418
8,c4_hybrid_tri,C4_hybrid_tri,hit_ratio_sign,0.5553078374206826
8,c4_hybrid_tri,C4_hybrid_tri,ret_BUY,0.02132921642802391
8,c4_hybrid_tri,C4_hybrid_tri,ret_NEUTRAL,-0.06728696158426502
8,c4_hybrid_tri,C4_hybrid_tri,ret_SELL,-0.033486758466884786
8,c4_hybrid_tri,C4_hybrid_tri,spread_BUY_SELL,0.05481597489490869
8,c4_hybrid_tri,C4_hybrid_tri,hit_ratio,0.5153846153846153
8,c4_hybrid_tri,C4_hybrid_tri,turnover,0.2688241106719368
8,c5_hybrid_tri_regime,C5_hybrid_tri_regime,rank_ic,0.08233646763502651
8,c5_hybrid_tri_regime,C5_hybrid_tri_regime,ic_ir,0.4838172658148064
8,c5_hybrid_tri_regime,C5_hybrid_tri_regime,rmse,1.2901224204567803
8,c5_hybrid_tri_regime,C5_hybrid_tri_regime,hit_ratio_sign,0.5575373006345395
8,c5_hybrid_tri_regime,C5_hybrid_tri_regime,ret_BUY,0.015719299195784502
8,c5_hybrid_tri_regime,C5_hybrid_tri_regime,ret_NEUTRAL,0.21266709823185978
8,c5_hybrid_tri_regime,C5_hybrid_tri_regime,ret_SELL,-0.10833787166320674
8,c5_hybrid_tri_regime,C5_hybrid_tri_regime,spread_BUY_SELL,0.12405717085899125
8,c5_hybrid_tri_regime,C5_hybrid_tri_regime,hit_ratio,0.5425101214574899
8,c5_hybrid_tri_regime,C5_hybrid_tri_regime,turnover,0.33682476943346507
9,c1_ridge,C1_ridge,rank_ic,0.09088028895260954
9,c1_ridge,C1_ridge,ic_ir,0.44717626373114494
9,c1_ridge,C1_ridge,rmse,1.0463938780763986
9,c1_ridge,C1_ridge,hit_ratio_sign,0.49759367480233757
9,c1_ridge,C1_ridge,ret_BUY,0.05630685627476487
9,c1_ridge,C1_ridge,ret_NEUTRAL,-0.13590165165604057
9,c1_ridge,C1_ridge,ret_SELL,0.11617718189458737
9,c1_ridge,C1_ridge,spread_BUY_SELL,-0.059870325619822494
9,c1_ridge,C1_ridge,hit_ratio,0.5096153846153846
9,c1_ridge,C1_ridge,turnover,0.4037110232762407
9,c2_rf,C2_rf,rank_ic,0.08538007993835986
9,c2_rf,C2_rf,ic_ir,0.7131202565784037
9,c2_rf,C2_rf,rmse,1.0241684930563382
9,c2_rf,C2_rf,hit_ratio_sign,0.4742179443107597
9,c2_rf,C2_rf,ret_BUY,0.2200860480640649
9,c2_rf,C2_rf,ret_NEUTRAL,-0.05513353130375844
9,c2_rf,C2_rf,ret_SELL,0.13044394949630056
9,c2_rf,C2_rf,spread_BUY_SELL,0.08964209856776434
9,c2_rf,C2_rf,hit_ratio,0.5232558139534884
9,c2_rf,C2_rf,turnover,0.17405357927097057
9,c3_lightgbm,C3_lightgbm,rank_ic,0.16132445866127784
9,c3_lightgbm,C3_lightgbm,ic_ir,1.0146154410885475
9,c3_lightgbm,C3_lightgbm,rmse,1.0544640891861146
9,c3_lightgbm,C3_lightgbm,hit_ratio_sign,0.5599862495702991
9,c3_lightgbm,C3_lightgbm,ret_BUY,0.07914722050933853
9,c3_lightgbm,C3_lightgbm,ret_NEUTRAL,-0.013400355003542207
9,c3_lightgbm,C3_lightgbm,ret_SELL,-0.04293894420500254
9,c3_lightgbm,C3_lightgbm,spread_BUY_SELL,0.12208616471434108
9,c3_lightgbm,C3_lightgbm,hit_ratio,0.5198019801980198
9,c3_lightgbm,C3_lightgbm,turnover,0.4395696091348265
9,c4_hybrid_tri,C4_hybrid_tri,rank_ic,0.13341769239065532
9,c4_hybrid_tri,C4_hybrid_tri,ic_ir,0.7715196779777245
9,c4_hybrid_tri,C4_hybrid_tri,rmse,1.2598932748643996
9,c4_hybrid_tri,C4_hybrid_tri,hit_ratio_sign,0.5551735991749742
9,c4_hybrid_tri,C4_hybrid_tri,ret_BUY,0.1315124006662486
9,c4_hybrid_tri,C4_hybrid_tri,ret_NEUTRAL,-0.18714780991124486
9,c4_hybrid_tri,C4_hybrid_tri,ret_SELL,-0.030812357212267015
9,c4_hybrid_tri,C4_hybrid_tri,spread_BUY_SELL,0.16232475787851564
9,c4_hybrid_tri,C4_hybrid_tri,hit_ratio,0.5371900826446281
9,c4_hybrid_tri,C4_hybrid_tri,turnover,0.3944137022397892
9,c5_hybrid_tri_regime,C5_hybrid_tri_regime,rank_ic,0.12777873634298112
9,c5_hybrid_tri_regime,C5_hybrid_tri_regime,ic_ir,0.7558075023816518
9,c5_hybrid_tri_regime,C5_hybrid_tri_regime,rmse,1.2621403195230247
9,c5_hybrid_tri_regime,C5_hybrid_tri_regime,hit_ratio_sign,0.5517359917497422
9,c5_hybrid_tri_regime,C5_hybrid_tri_regime,ret_BUY,0.11840454155409035
9,c5_hybrid_tri_regime,C5_hybrid_tri_regime,ret_NEUTRAL,-0.2516068230982159
9,c5_hybrid_tri_regime,C5_hybrid_tri_regime,ret_SELL,-0.0015680402009184617
9,c5_hybrid_tri_regime,C5_hybrid_tri_regime,spread_BUY_SELL,0.1199725817550088
9,c5_hybrid_tri_regime,C5_hybrid_tri_regime,hit_ratio,0.5425101214574899
9,c5_hybrid_tri_regime,C5_hybrid_tri_regime,turnover,0.41190601668862536
10,c1_ridge,C1_ridge,rank_ic,0.09109287091515429
10,c1_ridge,C1_ridge,ic_ir,0.4551740591216924
10,c1_ridge,C1_ridge,rmse,1.0883251185430576
10,c1_ridge,C1_ridge,hit_ratio_sign,0.5062740505270202
10,c1_ridge,C1_ridge,ret_BUY,0.09277300174644369
10,c1_ridge,C1_ridge,ret_NEUTRAL,-0.09111666377379922
10,c1_ridge,C1_ridge,ret_SELL,0.07741895276899471
10,c1_ridge,C1_ridge,spread_BUY_SELL,0.015354048977448978
10,c1_ridge,C1_ridge,hit_ratio,0.5365853658536586
10,c1_ridge,C1_ridge,turnover,0.4159638942617666
10,c2_rf,C2_rf,rank_ic,-0.00947499121223852
10,c2_rf,C2_rf,ic_ir,-0.04799323057924458
10,c2_rf,C2_rf,rmse,1.0698538824441113
10,c2_rf,C2_rf,hit_ratio_sign,0.4616028107746361
10,c2_rf,C2_rf,ret_BUY,-0.2747753513477231
10,c2_rf,C2_rf,ret_NEUTRAL,0.0682254597153393
10,c2_rf,C2_rf,ret_SELL,
10,c2_rf,C2_rf,spread_BUY_SELL,
10,c2_rf,C2_rf,hit_ratio,0.35714285714285715
10,c2_rf,C2_rf,turnover,0.053169997850848916
10,c3_lightgbm,C3_lightgbm,rank_ic,0.18213547135376953
10,c3_lightgbm,C3_lightgbm,ic_ir,1.0698215478380915
10,c3_lightgbm,C3_lightgbm,rmse,1.0451815631342998
10,c3_lightgbm,C3_lightgbm,hit_ratio_sign,0.5578049188556132
10,c3_lightgbm,C3_lightgbm,ret_BUY,0.125063673851828
10,c3_lightgbm,C3_lightgbm,ret_NEUTRAL,0.039974805882373635
10,c3_lightgbm,C3_lightgbm,ret_SELL,-0.046270788455751215
10,c3_lightgbm,C3_lightgbm,spread_BUY_SELL,0.17133446230757923
10,c3_lightgbm,C3_lightgbm,hit_ratio,0.5363636363636364
10,c3_lightgbm,C3_lightgbm,turnover,0.4738813668600903
10,c4_hybrid_tri,C4_hybrid_tri,rank_ic,0.15690230503599237
10,c4_hybrid_tri,C4_hybrid_tri,ic_ir,0.9239854264357995
10,c4_hybrid_tri,C4_hybrid_tri,rmse,1.2426056676147048
10,c4_hybrid_tri,C4_hybrid_tri,hit_ratio_sign,0.5578049188556132
10,c4_hybrid_tri,C4_hybrid_tri,ret_BUY,0.1225473733723686
10,c4_hybrid_tri,C4_hybrid_tri,ret_NEUTRAL,-0.03285461248744752
10,c4_hybrid_tri,C4_hybrid_tri,ret_SELL,-0.003083316806003627
10,c4_hybrid_tri,C4_hybrid_tri,spread_BUY_SELL,0.12563069017837222
10,c4_hybrid_tri,C4_hybrid_tri,hit_ratio,0.5284552845528455
10,c4_hybrid_tri,C4_hybrid_tri,turnover,0.3881990113905007
10,c5_hybrid_tri_regime,C5_hybrid_tri_regime,rank_ic,0.13331597136937973
10,c5_hybrid_tri_regime,C5_hybrid_tri_regime,ic_ir,0.790261586291674
10,c5_hybrid_tri_regime,C5_hybrid_tri_regime,rmse,1.2215895338900502
10,c5_hybrid_tri_regime,C5_hybrid_tri_regime,hit_ratio_sign,0.5479337460264346
10,c5_hybrid_tri_regime,C5_hybrid_tri_regime,ret_BUY,0.13436816689010572
10,c5_hybrid_tri_regime,C5_hybrid_tri_regime,ret_NEUTRAL,0.00799755963686365
10,c5_hybrid_tri_regime,C5_hybrid_tri_regime,ret_SELL,-0.022576859360249748
10,c5_hybrid_tri_regime,C5_hybrid_tri_regime,spread_BUY_SELL,0.15694502625035547
10,c5_hybrid_tri_regime,C5_hybrid_tri_regime,hit_ratio,0.5375
10,c5_hybrid_tri_regime,C5_hybrid_tri_regime,turnover,0.4100687728347303
11,c1_ridge,C1_ridge,rank_ic,0.1127181510506056
11,c1_ridge,C1_ridge,ic_ir,0.6597649833386143
11,c1_ridge,C1_ridge,rmse,1.0575441917837614
11,c1_ridge,C1_ridge,hit_ratio_sign,0.5336538461538461
11,c1_ridge,C1_ridge,ret_BUY,0.10646050167683055
11,c1_ridge,C1_ridge,ret_NEUTRAL,-0.027776552891936077
11,c1_ridge,C1_ridge,ret_SELL,-0.016399731347123192
11,c1_ridge,C1_ridge,spread_BUY_SELL,0.12286023302395374
11,c1_ridge,C1_ridge,hit_ratio,0.5327102803738317
11,c1_ridge,C1_ridge,turnover,0.41231407507078177
11,c2_rf,C2_rf,rank_ic,0.09513781870173746
11,c2_rf,C2_rf,ic_ir,0.6752141683031677
11,c2_rf,C2_rf,rmse,1.0872793989849845
11,c2_rf,C2_rf,hit_ratio_sign,0.5255837912087912
11,c2_rf,C2_rf,ret_BUY,0.5492034867857939
11,c2_rf,C2_rf,ret_NEUTRAL,-0.0261299474960485
11,c2_rf,C2_rf,ret_SELL,-0.10365139156630511
11,c2_rf,C2_rf,spread_BUY_SELL,0.652854878352099
11,c2_rf,C2_rf,hit_ratio,0.5909090909090909
11,c2_rf,C2_rf,turnover,0.13715274857735543
11,c3_lightgbm,C3_lightgbm,rank_ic,0.13718993715828892
11,c3_lightgbm,C3_lightgbm,ic_ir,0.5074239484907391
11,c3_lightgbm,C3_lightgbm,rmse,1.0714102520344193
11,c3_lightgbm,C3_lightgbm,hit_ratio_sign,0.5424107142857143
11,c3_lightgbm,C3_lightgbm,ret_BUY,0.14872709270196816
11,c3_lightgbm,C3_lightgbm,ret_NEUTRAL,0.050028267308740916
11,c3_lightgbm,C3_lightgbm,ret_SELL,-0.03234301274669265
11,c3_lightgbm,C3_lightgbm,spread_BUY_SELL,0.1810701054486608
11,c3_lightgbm,C3_lightgbm,hit_ratio,0.5483870967741935
11,c3_lightgbm,C3_lightgbm,turnover,0.5302386492118223
11,c4_hybrid_tri,C4_hybrid_tri,rank_ic,0.14343232219888652
11,c4_hybrid_tri,C4_hybrid_tri,ic_ir,0.6534634898049069
11,c4_hybrid_tri,C4_hybrid_tri,rmse,1.1715742357471057
11,c4_hybrid_tri,C4_hybrid_tri,hit_ratio_sign,0.537603021978022
11,c4_hybrid_tri,C4_hybrid_tri,ret_BUY,0.1961189728486029
11,c4_hybrid_tri,C4_hybrid_tri,ret_NEUTRAL,0.04578426224633736
11,c4_hybrid_tri,C4_hybrid_tri,ret_SELL,-0.04631398318883759
11,c4_hybrid_tri,C4_hybrid_tri,spread_BUY_SELL,0.2424329560374405
11,c4_hybrid_tri,C4_hybrid_tri,hit_ratio,0.5375494071146245
11,c4_hybrid_tri,C4_hybrid_tri,turnover,0.3880482904904737
11,c5_hybrid_tri_regime,C5_hybrid_tri_regime,rank_ic,0.13652019750769076
11,c5_hybrid_tri_regime,C5_hybrid_tri_regime,ic_ir,0.6738488534539736
11,c5_hybrid_tri_regime,C5_hybrid_tri_regime,rmse,1.1996924000938247
11,c5_hybrid_tri_regime,C5_hybrid_tri_regime,hit_ratio_sign,0.5362293956043956
11,c5_hybrid_tri_regime,C5_hybrid_tri_regime,ret_BUY,0.21036617402713342
11,c5_hybrid_tri_regime,C5_hybrid_tri_regime,ret_NEUTRAL,-0.11413065077727456
11,c5_hybrid_tri_regime,C5_hybrid_tri_regime,ret_SELL,-0.007379801772599226
11,c5_hybrid_tri_regime,C5_hybrid_tri_regime,spread_BUY_SELL,0.21774597579973265
11,c5_hybrid_tri_regime,C5_hybrid_tri_regime,hit_ratio,0.5378486055776892
11,c5_hybrid_tri_regime,C5_hybrid_tri_regime,turnover,0.3531224362029172
12,c1_ridge,C1_ridge,rank_ic,0.14607948212994093
12,c1_ridge,C1_ridge,ic_ir,0.8947230538995681
12,c1_ridge,C1_ridge,rmse,1.1824698988370916
12,c1_ridge,C1_ridge,hit_ratio_sign,0.545648604269294
12,c1_ridge,C1_ridge,ret_BUY,0.15702370454546374
12,c1_ridge,C1_ridge,ret_NEUTRAL,0.054130754268269694
12,c1_ridge,C1_ridge,ret_SELL,-0.10211459179001832
12,c1_ridge,C1_ridge,spread_BUY_SELL,0.2591382963354821
12,c1_ridge,C1_ridge,hit_ratio,0.5614035087719298
12,c1_ridge,C1_ridge,turnover,0.332459750137826
12,c2_rf,C2_rf,rank_ic,0.11049602852392107
12,c2_rf,C2_rf,ic_ir,0.6946198639730571
12,c2_rf,C2_rf,rmse,1.1628221652902824
12,c2_rf,C2_rf,hit_ratio_sign,0.5574712643678161
12,c2_rf,C2_rf,ret_BUY,0.27113180326360475
12,c2_rf,C2_rf,ret_NEUTRAL,0.0729933812698765
12,c2_rf,C2_rf,ret_SELL,-0.24323640822997705
12,c2_rf,C2_rf,spread_BUY_SELL,0.5143682114935818
12,c2_rf,C2_rf,hit_ratio,0.5897435897435898
12,c2_rf,C2_rf,turnover,0.14423410796213756
12,c3_lightgbm,C3_lightgbm,rank_ic,0.13054363697007232
12,c3_lightgbm,C3_lightgbm,ic_ir,0.5896474523611949
12,c3_lightgbm,C3_lightgbm,rmse,1.1799372514003157
12,c3_lightgbm,C3_lightgbm,hit_ratio_sign,0.5218390804597701
12,c3_lightgbm,C3_lightgbm,ret_BUY,0.2845030539436983
12,c3_lightgbm,C3_lightgbm,ret_NEUTRAL,0.04395648623404249
12,c3_lightgbm,C3_lightgbm,ret_SELL,-0.026635745227870673
12,c3_lightgbm,C3_lightgbm,spread_BUY_SELL,0.31113879917156895
12,c3_lightgbm,C3_lightgbm,hit_ratio,0.5540540540540541
12,c3_lightgbm,C3_lightgbm,turnover,0.44584326147693404
12,c4_hybrid_tri,C4_hybrid_tri,rank_ic,0.13095411475980767
12,c4_hybrid_tri,C4_hybrid_tri,ic_ir,0.6319787341044668
12,c4_hybrid_tri,C4_hybrid_tri,rmse,1.2591675978885015
12,c4_hybrid_tri,C4_hybrid_tri,hit_ratio_sign,0.532512315270936
12,c4_hybrid_tri,C4_hybrid_tri,ret_BUY,0.25424667950739094
12,c4_hybrid_tri,C4_hybrid_tri,ret_NEUTRAL,0.021996897618001568
12,c4_hybrid_tri,C4_hybrid_tri,ret_SELL,0.017280528165329646
12,c4_hybrid_tri,C4_hybrid_tri,spread_BUY_SELL,0.23696615134206128
12,c4_hybrid_tri,C4_hybrid_tri,hit_ratio,0.5483870967741935
12,c4_hybrid_tri,C4_hybrid_tri,turnover,0.3579746587054635
12,c5_hybrid_tri_regime,C5_hybrid_tri_regime,rank_ic,0.10968693625736987
12,c5_hybrid_tri_regime,C5_hybrid_tri_regime,ic_ir,0.5228377825851096
12,c5_hybrid_tri_regime,C5_hybrid_tri_regime,rmse,1.250026983302999
12,c5_hybrid_tri_regime,C5_hybrid_tri_regime,hit_ratio_sign,0.5206896551724138
12,c5_hybrid_tri_regime,C5_hybrid_tri_regime,ret_BUY,0.19730492660315382
12,c5_hybrid_tri_regime,C5_hybrid_tri_regime,ret_NEUTRAL,0.006436195274663348
12,c5_hybrid_tri_regime,C5_hybrid_tri_regime,ret_SELL,0.04737239022511865
12,c5_hybrid_tri_regime,C5_hybrid_tri_regime,spread_BUY_SELL,0.14993253637803516
12,c5_hybrid_tri_regime,C5_hybrid_tri_regime,hit_ratio,0.5252918287937743
12,c5_hybrid_tri_regime,C5_hybrid_tri_regime,turnover,0.3741216980162401
13,c1_ridge,C1_ridge,rank_ic,0.07388648891956565
13,c1_ridge,C1_ridge,ic_ir,0.5088691144542438
13,c1_ridge,C1_ridge,rmse,1.2856818257735185
13,c1_ridge,C1_ridge,hit_ratio_sign,0.5371065079106182
13,c1_ridge,C1_ridge,ret_BUY,0.1746707764033245
13,c1_ridge,C1_ridge,ret_NEUTRAL,0.06071325857896102
13,c1_ridge,C1_ridge,ret_SELL,0.15394339401079613
13,c1_ridge,C1_ridge,spread_BUY_SELL,0.020727382392528387
13,c1_ridge,C1_ridge,hit_ratio,0.542016806722689
13,c1_ridge,C1_ridge,turnover,0.378698478774797
13,c2_rf,C2_rf,rank_ic,0.1246296733195173
13,c2_rf,C2_rf,ic_ir,0.7444579571714286
13,c2_rf,C2_rf,rmse,1.2376810137291165
13,c2_rf,C2_rf,hit_ratio_sign,0.5390637742619475
13,c2_rf,C2_rf,ret_BUY,0.5038744477670108
13,c2_rf,C2_rf,ret_NEUTRAL,0.04735343390339829
13,c2_rf,C2_rf,ret_SELL,-0.4330641443989695
13,c2_rf,C2_rf,spread_BUY_SELL,0.9369385921659803
13,c2_rf,C2_rf,hit_ratio,0.65
13,c2_rf,C2_rf,turnover,0.15077397471477028
13,c3_lightgbm,C3_lightgbm,rank_ic,0.051321178001369955
13,c3_lightgbm,C3_lightgbm,ic_ir,0.2239083241274524
13,c3_lightgbm,C3_lightgbm,rmse,1.2748726360018905
13,c3_lightgbm,C3_lightgbm,hit_ratio_sign,0.5010601859403033
13,c3_lightgbm,C3_lightgbm,ret_BUY,0.23655297282766918
13,c3_lightgbm,C3_lightgbm,ret_NEUTRAL,0.050428900846246745
13,c3_lightgbm,C3_lightgbm,ret_SELL,0.09811912575101474
13,c3_lightgbm,C3_lightgbm,spread_BUY_SELL,0.13843384707665446
13,c3_lightgbm,C3_lightgbm,hit_ratio,0.4977578475336323
13,c3_lightgbm,C3_lightgbm,turnover,0.4691019118100524
13,c4_hybrid_tri,C4_hybrid_tri,rank_ic,0.07215822424051373
13,c4_hybrid_tri,C4_hybrid_tri,ic_ir,0.3482914216822181
13,c4_hybrid_tri,C4_hybrid_tri,rmse,1.3421382078674604
13,c4_hybrid_tri,C4_hybrid_tri,hit_ratio_sign,0.5044854020551297
13,c4_hybrid_tri,C4_hybrid_tri,ret_BUY,0.33147208635416514
13,c4_hybrid_tri,C4_hybrid_tri,ret_NEUTRAL,-0.0634965372984703
13,c4_hybrid_tri,C4_hybrid_tri,ret_SELL,0.0958001869713502
13,c4_hybrid_tri,C4_hybrid_tri,spread_BUY_SELL,0.23567189938281494
13,c4_hybrid_tri,C4_hybrid_tri,hit_ratio,0.5220883534136547
13,c4_hybrid_tri,C4_hybrid_tri,turnover,0.3734972761846027
13,c5_hybrid_tri_regime,C5_hybrid_tri_regime,rank_ic,0.09516501137112564
13,c5_hybrid_tri_regime,C5_hybrid_tri_regime,ic_ir,0.5113288020685984
13,c5_hybrid_tri_regime,C5_hybrid_tri_regime,rmse,1.348509749476571
13,c5_hybrid_tri_regime,C5_hybrid_tri_regime,hit_ratio_sign,0.5163921056923829
13,c5_hybrid_tri_regime,C5_hybrid_tri_regime,ret_BUY,0.3598467169894818
13,c5_hybrid_tri_regime,C5_hybrid_tri_regime,ret_NEUTRAL,-0.0180842097507762
13,c5_hybrid_tri_regime,C5_hybrid_tri_regime,ret_SELL,0.06024086473811872
13,c5_hybrid_tri_regime,C5_hybrid_tri_regime,spread_BUY_SELL,0.29960585225136305
13,c5_hybrid_tri_regime,C5_hybrid_tri_regime,hit_ratio,0.5421686746987951
13,c5_hybrid_tri_regime,C5_hybrid_tri_regime,turnover,0.3904378661732963
14,c1_ridge,C1_ridge,rank_ic,0.03988504507523748
14,c1_ridge,C1_ridge,ic_ir,0.3004642306345715
14,c1_ridge,C1_ridge,rmse,1.3472391010349174
14,c1_ridge,C1_ridge,hit_ratio_sign,0.527117031398668
14,c1_ridge,C1_ridge,ret_BUY,0.16643037473294214
14,c1_ridge,C1_ridge,ret_NEUTRAL,-0.0231453453210539
14,c1_ridge,C1_ridge,ret_SELL,0.29898645907534693
14,c1_ridge,C1_ridge,spread_BUY_SELL,-0.1325560843424048
14,c1_ridge,C1_ridge,hit_ratio,0.5020080321285141
14,c1_ridge,C1_ridge,turnover,0.3090040086339808
14,c2_rf,C2_rf,rank_ic,0.12006990650818258
14,c2_rf,C2_rf,ic_ir,0.7319856222036637
14,c2_rf,C2_rf,rmse,1.3199559852756244
14,c2_rf,C2_rf,hit_ratio_sign,0.556454170631145
14,c2_rf,C2_rf,ret_BUY,0.31955883711266564
14,c2_rf,C2_rf,ret_NEUTRAL,0.09403113317347211
14,c2_rf,C2_rf,ret_SELL,
14,c2_rf,C2_rf,spread_BUY_SELL,
14,c2_rf,C2_rf,hit_ratio,0.6309523809523809
14,c2_rf,C2_rf,turnover,0.05524205982115325
14,c3_lightgbm,C3_lightgbm,rank_ic,0.14494264028743303
14,c3_lightgbm,C3_lightgbm,ic_ir,0.7196489480439401
14,c3_lightgbm,C3_lightgbm,rmse,1.3447325301039048
14,c3_lightgbm,C3_lightgbm,hit_ratio_sign,0.5450364732001268
14,c3_lightgbm,C3_lightgbm,ret_BUY,0.22426900215540763
14,c3_lightgbm,C3_lightgbm,ret_NEUTRAL,0.20976999722193668
14,c3_lightgbm,C3_lightgbm,ret_SELL,0.049859734414021084
14,c3_lightgbm,C3_lightgbm,spread_BUY_SELL,0.17440926774138654
14,c3_lightgbm,C3_lightgbm,hit_ratio,0.547085201793722
14,c3_lightgbm,C3_lightgbm,turnover,0.503627042861548
14,c4_hybrid_tri,C4_hybrid_tri,rank_ic,0.08973637977456687
14,c4_hybrid_tri,C4_hybrid_tri,ic_ir,0.5416017507065607
14,c4_hybrid_tri,C4_hybrid_tri,rmse,1.384304382342912
14,c4_hybrid_tri,C4_hybrid_tri,hit_ratio_sign,0.5012686330478909
14,c4_hybrid_tri,C4_hybrid_tri,ret_BUY,0.24548031050627067
14,c4_hybrid_tri,C4_hybrid_tri,ret_NEUTRAL,0.13336943026731374
14,c4_hybrid_tri,C4_hybrid_tri,ret_SELL,0.10848998106438672
14,c4_hybrid_tri,C4_hybrid_tri,spread_BUY_SELL,0.13699032944188394
14,c4_hybrid_tri,C4_hybrid_tri,hit_ratio,0.5101214574898786
14,c4_hybrid_tri,C4_hybrid_tri,turnover,0.339072617946346
14,c5_hybrid_tri_regime,C5_hybrid_tri_regime,rank_ic,0.08902656603144875
14,c5_hybrid_tri_regime,C5_hybrid_tri_regime,ic_ir,0.4601382176942601
14,c5_hybrid_tri_regime,C5_hybrid_tri_regime,rmse,1.375719657463224
14,c5_hybrid_tri_regime,C5_hybrid_tri_regime,hit_ratio_sign,0.509197589597209
14,c5_hybrid_tri_regime,C5_hybrid_tri_regime,ret_BUY,0.3215657771698628
14,c5_hybrid_tri_regime,C5_hybrid_tri_regime,ret_NEUTRAL,0.008282278895380373
14,c5_hybrid_tri_regime,C5_hybrid_tri_regime,ret_SELL,0.10268336649390974
14,c5_hybrid_tri_regime,C5_hybrid_tri_regime,spread_BUY_SELL,0.21888241067595304
14,c5_hybrid_tri_regime,C5_hybrid_tri_regime,hit_ratio,0.5271966527196653
14,c5_hybrid_tri_regime,C5_hybrid_tri_regime,turnover,0.4198581560283688
15,c1_ridge,C1_ridge,rank_ic,0.016082406362136713
15,c1_ridge,C1_ridge,ic_ir,0.1441392751951136
15,c1_ridge,C1_ridge,rmse,1.2778418607654682
15,c1_ridge,C1_ridge,hit_ratio_sign,0.5153037199811646
15,c1_ridge,C1_ridge,ret_BUY,0.1866429832517421
15,c1_ridge,C1_ridge,ret_NEUTRAL,-0.01560670732265383
15,c1_ridge,C1_ridge,ret_SELL,0.28482629700662676
15,c1_ridge,C1_ridge,spread_BUY_SELL,-0.09818331375488465
15,c1_ridge,C1_ridge,hit_ratio,0.510548523206751
15,c1_ridge,C1_ridge,turnover,0.3206213382670367
15,c2_rf,C2_rf,rank_ic,0.07251357760405708
15,c2_rf,C2_rf,ic_ir,0.37025348620212956
15,c2_rf,C2_rf,rmse,1.2853040352947738
15,c2_rf,C2_rf,hit_ratio_sign,0.5917438392716999
15,c2_rf,C2_rf,ret_BUY,0.18800460196409818
15,c2_rf,C2_rf,ret_NEUTRAL,0.15382131441528446
15,c2_rf,C2_rf,ret_SELL,
15,c2_rf,C2_rf,spread_BUY_SELL,
15,c2_rf,C2_rf,hit_ratio,0.5573770491803278
15,c2_rf,C2_rf,turnover,0.09690487203206907
15,c3_lightgbm,C3_lightgbm,rank_ic,0.06107509345384288
15,c3_lightgbm,C3_lightgbm,ic_ir,0.4756870636751537
15,c3_lightgbm,C3_lightgbm,rmse,1.2959773154882448
15,c3_lightgbm,C3_lightgbm,hit_ratio_sign,0.5211112855124784
15,c3_lightgbm,C3_lightgbm,ret_BUY,0.3115464986884981
15,c3_lightgbm,C3_lightgbm,ret_NEUTRAL,0.1323866854638865
15,c3_lightgbm,C3_lightgbm,ret_SELL,0.001997791768983683
15,c3_lightgbm,C3_lightgbm,spread_BUY_SELL,0.3095487069195144
15,c3_lightgbm,C3_lightgbm,hit_ratio,0.5510204081632653
15,c3_lightgbm,C3_lightgbm,turnover,0.4726025285229726
15,c4_hybrid_tri,C4_hybrid_tri,rank_ic,0.04258651976499857
15,c4_hybrid_tri,C4_hybrid_tri,ic_ir,0.3047573434788168
15,c4_hybrid_tri,C4_hybrid_tri,rmse,1.4101398029418253
15,c4_hybrid_tri,C4_hybrid_tri,hit_ratio_sign,0.4829697064824988
15,c4_hybrid_tri,C4_hybrid_tri,ret_BUY,0.29746108710902214
15,c4_hybrid_tri,C4_hybrid_tri,ret_NEUTRAL,0.23424778351561903
15,c4_hybrid_tri,C4_hybrid_tri,ret_SELL,0.06866975331245331
15,c4_hybrid_tri,C4_hybrid_tri,spread_BUY_SELL,0.22879133379656882
15,c4_hybrid_tri,C4_hybrid_tri,hit_ratio,0.4785992217898833
15,c4_hybrid_tri,C4_hybrid_tri,turnover,0.3382824545174221
15,c5_hybrid_tri_regime,C5_hybrid_tri_regime,rank_ic,0.05057751113765542
15,c5_hybrid_tri_regime,C5_hybrid_tri_regime,ic_ir,0.29858661133555675
15,c5_hybrid_tri_regime,C5_hybrid_tri_regime,rmse,1.388797918023674
15,c5_hybrid_tri_regime,C5_hybrid_tri_regime,hit_ratio_sign,0.48485324124941137
15,c5_hybrid_tri_regime,C5_hybrid_tri_regime,ret_BUY,0.3741459351309244
15,c5_hybrid_tri_regime,C5_hybrid_tri_regime,ret_NEUTRAL,0.23816549008891813
15,c5_hybrid_tri_regime,C5_hybrid_tri_regime,ret_SELL,0.025107734464658252
15,c5_hybrid_tri_regime,C5_hybrid_tri_regime,spread_BUY_SELL,0.3490382006662662
15,c5_hybrid_tri_regime,C5_hybrid_tri_regime,hit_ratio,0.5042016806722689
15,c5_hybrid_tri_regime,C5_hybrid_tri_regime,turnover,0.39678923835954366
16,c1_ridge,C1_ridge,rank_ic,0.005884169719311852
16,c1_ridge,C1_ridge,ic_ir,0.05763144420226491
16,c1_ridge,C1_ridge,rmse,1.2548444806758998
16,c1_ridge,C1_ridge,hit_ratio_sign,0.52296367418787
16,c1_ridge,C1_ridge,ret_BUY,0.21170712909483017
16,c1_ridge,C1_ridge,ret_NEUTRAL,0.006265481034344544
16,c1_ridge,C1_ridge,ret_SELL,0.2085764026433475
16,c1_ridge,C1_ridge,spread_BUY_SELL,0.003130726451482657
16,c1_ridge,C1_ridge,hit_ratio,0.5458715596330275
16,c1_ridge,C1_ridge,turnover,0.24910756501182033
16,c2_rf,C2_rf,rank_ic,0.08532157764409427
16,c2_rf,C2_rf,ic_ir,0.5235800802455951
16,c2_rf,C2_rf,rmse,1.261631075449079
16,c2_rf,C2_rf,hit_ratio_sign,0.5084013442150744
16,c2_rf,C2_rf,ret_BUY,0.160522619894852
16,c2_rf,C2_rf,ret_NEUTRAL,0.19746374421032514
16,c2_rf,C2_rf,ret_SELL,-0.6234113328154169
16,c2_rf,C2_rf,spread_BUY_SELL,0.7839339527102689
16,c2_rf,C2_rf,hit_ratio,0.6170212765957447
16,c2_rf,C2_rf,turnover,0.11440898345153665
16,c3_lightgbm,C3_lightgbm,rank_ic,0.1350937514956156
16,c3_lightgbm,C3_lightgbm,ic_ir,0.575213458459173
16,c3_lightgbm,C3_lightgbm,rmse,1.283553970090058
16,c3_lightgbm,C3_lightgbm,hit_ratio_sign,0.57033125300048
16,c3_lightgbm,C3_lightgbm,ret_BUY,0.15956418650083373
16,c3_lightgbm,C3_lightgbm,ret_NEUTRAL,0.2472754769739493
16,c3_lightgbm,C3_lightgbm,ret_SELL,0.0688130230649575
16,c3_lightgbm,C3_lightgbm,spread_BUY_SELL,0.09075116343587623
16,c3_lightgbm,C3_lightgbm,hit_ratio,0.5943396226415094
16,c3_lightgbm,C3_lightgbm,turnover,0.4315070921985815
16,c4_hybrid_tri,C4_hybrid_tri,rank_ic,0.089167237390592
16,c4_hybrid_tri,C4_hybrid_tri,ic_ir,0.767220972640213
16,c4_hybrid_tri,C4_hybrid_tri,rmse,1.3586461334728708
16,c4_hybrid_tri,C4_hybrid_tri,hit_ratio_sign,0.5312850056008962
16,c4_hybrid_tri,C4_hybrid_tri,ret_BUY,0.31075276003529906
16,c4_hybrid_tri,C4_hybrid_tri,ret_NEUTRAL,0.007440835159165304
16,c4_hybrid_tri,C4_hybrid_tri,ret_SELL,0.09280076961482195
16,c4_hybrid_tri,C4_hybrid_tri,spread_BUY_SELL,0.2179519904204771
16,c4_hybrid_tri,C4_hybrid_tri,hit_ratio,0.5650406504065041
16,c4_hybrid_tri,C4_hybrid_tri,turnover,0.34770685579196214
16,c5_hybrid_tri_regime,C5_hybrid_tri_regime,rank_ic,0.09228317805685927
16,c5_hybrid_tri_regime,C5_hybrid_tri_regime,ic_ir,0.736657565525451
16,c5_hybrid_tri_regime,C5_hybrid_tri_regime,rmse,1.3411174849080618
16,c5_hybrid_tri_regime,C5_hybrid_tri_regime,hit_ratio_sign,0.5191230596895503
16,c5_hybrid_tri_regime,C5_hybrid_tri_regime,ret_BUY,0.34671191778037447
16,c5_hybrid_tri_regime,C5_hybrid_tri_regime,ret_NEUTRAL,0.07694866104684803
16,c5_hybrid_tri_regime,C5_hybrid_tri_regime,ret_SELL,0.026806069063697115
16,c5_hybrid_tri_regime,C5_hybrid_tri_regime,spread_BUY_SELL,0.3199058487166774
16,c5_hybrid_tri_regime,C5_hybrid_tri_regime,hit_ratio,0.5767634854771784
16,c5_hybrid_tri_regime,C5_hybrid_tri_regime,turnover,0.3508628841607565
17,c1_ridge,C1_ridge,rank_ic,0.01933279764427611
17,c1_ridge,C1_ridge,ic_ir,0.15633012362108423
17,c1_ridge,C1_ridge,rmse,1.2954345619233265
17,c1_ridge,C1_ridge,hit_ratio_sign,0.5307334296260632
17,c1_ridge,C1_ridge,ret_BUY,0.18469694768386927
17,c1_ridge,C1_ridge,ret_NEUTRAL,-0.0062266236013867795
17,c1_ridge,C1_ridge,ret_SELL,0.13252921911032212
17,c1_ridge,C1_ridge,spread_BUY_SELL,0.05216772857354715
17,c1_ridge,C1_ridge,hit_ratio,0.5507246376811594
17,c1_ridge,C1_ridge,turnover,0.27088501291989664
17,c2_rf,C2_rf,rank_ic,0.035573463912838235
17,c2_rf,C2_rf,ic_ir,0.2441402567189731
17,c2_rf,C2_rf,rmse,1.311013135550499
17,c2_rf,C2_rf,hit_ratio_sign,0.5170919595570534
17,c2_rf,C2_rf,ret_BUY,-0.14772845159776496
17,c2_rf,C2_rf,ret_NEUTRAL,0.17902331832230556
17,c2_rf,C2_rf,ret_SELL,-0.14244170511252183
17,c2_rf,C2_rf,spread_BUY_SELL,-0.005286746485243132
17,c2_rf,C2_rf,hit_ratio,0.5576923076923077
17,c2_rf,C2_rf,turnover,0.08089793281653747
17,c3_lightgbm,C3_lightgbm,rank_ic,0.1534514528030289
17,c3_lightgbm,C3_lightgbm,ic_ir,0.57357875364602
17,c3_lightgbm,C3_lightgbm,rmse,1.295363760747692
17,c3_lightgbm,C3_lightgbm,hit_ratio_sign,0.5978173647889584
17,c3_lightgbm,C3_lightgbm,ret_BUY,0.23435871101339636
17,c3_lightgbm,C3_lightgbm,ret_NEUTRAL,0.04759836905127541
17,c3_lightgbm,C3_lightgbm,ret_SELL,-0.020573700689261037
17,c3_lightgbm,C3_lightgbm,spread_BUY_SELL,0.2549324117026574
17,c3_lightgbm,C3_lightgbm,hit_ratio,0.616822429906542
17,c3_lightgbm,C3_lightgbm,turnover,0.427467700258398
17,c4_hybrid_tri,C4_hybrid_tri,rank_ic,0.1042822696062273
17,c4_hybrid_tri,C4_hybrid_tri,ic_ir,0.7746493508913715
17,c4_hybrid_tri,C4_hybrid_tri,rmse,1.4488324791436489
17,c4_hybrid_tri,C4_hybrid_tri,hit_ratio_sign,0.5552880757502808
17,c4_hybrid_tri,C4_hybrid_tri,ret_BUY,0.18961389636513648
17,c4_hybrid_tri,C4_hybrid_tri,ret_NEUTRAL,0.11531721856910902
17,c4_hybrid_tri,C4_hybrid_tri,ret_SELL,0.047777682094333175
17,c4_hybrid_tri,C4_hybrid_tri,spread_BUY_SELL,0.1418362142708033
17,c4_hybrid_tri,C4_hybrid_tri,hit_ratio,0.5697211155378487
17,c4_hybrid_tri,C4_hybrid_tri,turnover,0.2635206718346253
17,c5_hybrid_tri_regime,C5_hybrid_tri_regime,rank_ic,0.09090187682937281
17,c5_hybrid_tri_regime,C5_hybrid_tri_regime,ic_ir,0.7735063634812939
17,c5_hybrid_tri_regime,C5_hybrid_tri_regime,rmse,1.435142715799716
17,c5_hybrid_tri_regime,C5_hybrid_tri_regime,hit_ratio_sign,0.5435724602792489
17,c5_hybrid_tri_regime,C5_hybrid_tri_regime,ret_BUY,0.24165725067837132
17,c5_hybrid_tri_regime,C5_hybrid_tri_regime,ret_NEUTRAL,0.24424874540544492
17,c5_hybrid_tri_regime,C5_hybrid_tri_regime,ret_SELL,-0.05560876630535275
17,c5_hybrid_tri_regime,C5_hybrid_tri_regime,spread_BUY_SELL,0.29726601698372407
17,c5_hybrid_tri_regime,C5_hybrid_tri_regime,hit_ratio,0.5778688524590164
17,c5_hybrid_tri_regime,C5_hybrid_tri_regime,turnover,0.3540697674418605
18,c1_ridge,C1_ridge,rank_ic,0.013100705636325915
18,c1_ridge,C1_ridge,ic_ir,0.09636376800725109
18,c1_ridge,C1_ridge,rmse,1.239429792186324
18,c1_ridge,C1_ridge,hit_ratio_sign,0.5228189001773907
18,c1_ridge,C1_ridge,ret_BUY,0.11978839610869835
18,c1_ridge,C1_ridge,ret_NEUTRAL,-0.084071096190802
18,c1_ridge,C1_ridge,ret_SELL,0.1793195115513664
18,c1_ridge,C1_ridge,spread_BUY_SELL,-0.059531115442668064
18,c1_ridge,C1_ridge,hit_ratio,0.4975609756097561
18,c1_ridge,C1_ridge,turnover,0.3485594315245478
18,c2_rf,C2_rf,rank_ic,0.030924868735968388
18,c2_rf,C2_rf,ic_ir,0.10646185008891879
18,c2_rf,C2_rf,rmse,1.2355789175874898
18,c2_rf,C2_rf,hit_ratio_sign,0.5570069343654249
18,c2_rf,C2_rf,ret_BUY,-0.1667335237340964
18,c2_rf,C2_rf,ret_NEUTRAL,0.1121656413941678
18,c2_rf,C2_rf,ret_SELL,-0.14238003007259886
18,c2_rf,C2_rf,spread_BUY_SELL,-0.024353493661497527
18,c2_rf,C2_rf,hit_ratio,0.4375
18,c2_rf,C2_rf,turnover,0.07457364341085272
18,c3_lightgbm,C3_lightgbm,rank_ic,0.25219244928126594
18,c3_lightgbm,C3_lightgbm,ic_ir,1.2619886582994988
18,c3_lightgbm,C3_lightgbm,rmse,1.1657267370756343
18,c3_lightgbm,C3_lightgbm,hit_ratio_sign,0.6029672633446218
18,c3_lightgbm,C3_lightgbm,ret_BUY,0.2248745787087834
18,c3_lightgbm,C3_lightgbm,ret_NEUTRAL,0.023794944691161612
18,c3_lightgbm,C3_lightgbm,ret_SELL,-0.2622663949947943
18,c3_lightgbm,C3_lightgbm,spread_BUY_SELL,0.48714097370357773
18,c3_lightgbm,C3_lightgbm,hit_ratio,0.6103286384976526
18,c3_lightgbm,C3_lightgbm,turnover,0.4741020671834625
18,c4_hybrid_tri,C4_hybrid_tri,rank_ic,0.15554133991756547
18,c4_hybrid_tri,C4_hybrid_tri,ic_ir,0.6742959604040739
18,c4_hybrid_tri,C4_hybrid_tri,rmse,1.3313914223423495
18,c4_hybrid_tri,C4_hybrid_tri,hit_ratio_sign,0.5589421061119174
18,c4_hybrid_tri,C4_hybrid_tri,ret_BUY,0.23471671741684
18,c4_hybrid_tri,C4_hybrid_tri,ret_NEUTRAL,0.21521671692212646
18,c4_hybrid_tri,C4_hybrid_tri,ret_SELL,-0.1346944101610501
18,c4_hybrid_tri,C4_hybrid_tri,spread_BUY_SELL,0.3694111275778901
18,c4_hybrid_tri,C4_hybrid_tri,hit_ratio,0.5612648221343873
18,c4_hybrid_tri,C4_hybrid_tri,turnover,0.32072351421188633
18,c5_hybrid_tri_regime,C5_hybrid_tri_regime,rank_ic,0.14459592695962856
18,c5_hybrid_tri_regime,C5_hybrid_tri_regime,ic_ir,0.6796785656924853
18,c5_hybrid_tri_regime,C5_hybrid_tri_regime,rmse,1.340569379522982
18,c5_hybrid_tri_regime,C5_hybrid_tri_regime,hit_ratio_sign,0.5570069343654249
18,c5_hybrid_tri_regime,C5_hybrid_tri_regime,ret_BUY,0.19308232932100683
18,c5_hybrid_tri_regime,C5_hybrid_tri_regime,ret_NEUTRAL,0.24346579975347335
18,c5_hybrid_tri_regime,C5_hybrid_tri_regime,ret_SELL,-0.11545794835115215
18,c5_hybrid_tri_regime,C5_hybrid_tri_regime,spread_BUY_SELL,0.30854027767215897
18,c5_hybrid_tri_regime,C5_hybrid_tri_regime,hit_ratio,0.551440329218107
18,c5_hybrid_tri_regime,C5_hybrid_tri_regime,turnover,0.32016795865633074
19,c1_ridge,C1_ridge,rank_ic,-0.015336398162295432
19,c1_ridge,C1_ridge,ic_ir,-0.1033636634373005
19,c1_ridge,C1_ridge,rmse,1.1670038982704845
19,c1_ridge,C1_ridge,hit_ratio_sign,0.49732446894762444
19,c1_ridge,C1_ridge,ret_BUY,-0.02313316154642351
19,c1_ridge,C1_ridge,ret_NEUTRAL,-0.13729200425499022
19,c1_ridge,C1_ridge,ret_SELL,0.04722009830558008
19,c1_ridge,C1_ridge,spread_BUY_SELL,-0.07035325985200358
19,c1_ridge,C1_ridge,hit_ratio,0.4790697674418605
19,c1_ridge,C1_ridge,turnover,0.33285463797922266
19,c2_rf,C2_rf,rank_ic,-0.11899896157044437
19,c2_rf,C2_rf,ic_ir,-0.3949263566927053
19,c2_rf,C2_rf,rmse,1.1501704261905354
19,c2_rf,C2_rf,hit_ratio_sign,0.4780282146910978
19,c2_rf,C2_rf,ret_BUY,-0.38229154160154594
19,c2_rf,C2_rf,ret_NEUTRAL,0.06282090491837052
19,c2_rf,C2_rf,ret_SELL,-4.157039706912844
19,c2_rf,C2_rf,spread_BUY_SELL,3.774748165311298
19,c2_rf,C2_rf,hit_ratio,0.3870967741935484
19,c2_rf,C2_rf,turnover,0.16766057585825025
19,c3_lightgbm,C3_lightgbm,rank_ic,0.2248594524343282
19,c3_lightgbm,C3_lightgbm,ic_ir,0.8260064113507027
19,c3_lightgbm,C3_lightgbm,rmse,1.127556765812243
19,c3_lightgbm,C3_lightgbm,hit_ratio_sign,0.5547267715258635
19,c3_lightgbm,C3_lightgbm,ret_BUY,0.09040843914087436
19,c3_lightgbm,C3_lightgbm,ret_NEUTRAL,-0.07077443893423714
19,c3_lightgbm,C3_lightgbm,ret_SELL,-0.27631953271197407
19,c3_lightgbm,C3_lightgbm,spread_BUY_SELL,0.36672797185284844
19,c3_lightgbm,C3_lightgbm,hit_ratio,0.5545851528384279
19,c3_lightgbm,C3_lightgbm,turnover,0.3703686125613036
19,c4_hybrid_tri,C4_hybrid_tri,rank_ic,0.04888799322098943
19,c4_hybrid_tri,C4_hybrid_tri,ic_ir,0.17779196374826306
19,c4_hybrid_tri,C4_hybrid_tri,rmse,1.3004722261674622
19,c4_hybrid_tri,C4_hybrid_tri,hit_ratio_sign,0.5218096319117885
19,c4_hybrid_tri,C4_hybrid_tri,ret_BUY,-0.04482518193270015
19,c4_hybrid_tri,C4_hybrid_tri,ret_NEUTRAL,0.03369109423783684
19,c4_hybrid_tri,C4_hybrid_tri,ret_SELL,-0.06518045732880035
19,c4_hybrid_tri,C4_hybrid_tri,spread_BUY_SELL,0.020355275396100193
19,c4_hybrid_tri,C4_hybrid_tri,hit_ratio,0.5059760956175299
19,c4_hybrid_tri,C4_hybrid_tri,turnover,0.3551187839476876
19,c5_hybrid_tri_regime,C5_hybrid_tri_regime,rank_ic,0.05922724438090536
19,c5_hybrid_tri_regime,C5_hybrid_tri_regime,ic_ir,0.22935127977548025
19,c5_hybrid_tri_regime,C5_hybrid_tri_regime,rmse,1.3141080625145753
19,c5_hybrid_tri_regime,C5_hybrid_tri_regime,hit_ratio_sign,0.5276471542078807
19,c5_hybrid_tri_regime,C5_hybrid_tri_regime,ret_BUY,0.035856912450001714
19,c5_hybrid_tri_regime,C5_hybrid_tri_regime,ret_NEUTRAL,-0.04291598746144703
19,c5_hybrid_tri_regime,C5_hybrid_tri_regime,ret_SELL,-0.0982114056053559
19,c5_hybrid_tri_regime,C5_hybrid_tri_regime,spread_BUY_SELL,0.13406831805535763
19,c5_hybrid_tri_regime,C5_hybrid_tri_regime,hit_ratio,0.5433070866141733
19,c5_hybrid_tri_regime,C5_hybrid_tri_regime,turnover,0.3549970996150399
20,c1_ridge,C1_ridge,rank_ic,-0.08141081770848321
20,c1_ridge,C1_ridge,ic_ir,-0.551667121098184
20,c1_ridge,C1_ridge,rmse,1.0773180045905788
20,c1_ridge,C1_ridge,hit_ratio_sign,0.4719466579931696
20,c1_ridge,C1_ridge,ret_BUY,-0.23225875869423915
20,c1_ridge,C1_ridge,ret_NEUTRAL,-0.12767512913627582
20,c1_ridge,C1_ridge,ret_SELL,-0.006598964183233469
20,c1_ridge,C1_ridge,spread_BUY_SELL,-0.22565979451100568
20,c1_ridge,C1_ridge,hit_ratio,0.4253393665158371
20,c1_ridge,C1_ridge,turnover,0.379927470093583
20,c2_rf,C2_rf,rank_ic,-0.0848934289695033
20,c2_rf,C2_rf,ic_ir,-0.5225321375860399
20,c2_rf,C2_rf,rmse,1.1290483702776593
20,c2_rf,C2_rf,hit_ratio_sign,0.4644657667913482
20,c2_rf,C2_rf,ret_BUY,-0.5205088800830407
20,c2_rf,C2_rf,ret_NEUTRAL,0.027569310629828495
20,c2_rf,C2_rf,ret_SELL,-1.0761447690291532
20,c2_rf,C2_rf,spread_BUY_SELL,0.5556358889461125
20,c2_rf,C2_rf,hit_ratio,0.3333333333333333
20,c2_rf,C2_rf,turnover,0.12067426851480008
20,c3_lightgbm,C3_lightgbm,rank_ic,0.10801801148685843
20,c3_lightgbm,C3_lightgbm,ic_ir,0.5195077993000924
20,c3_lightgbm,C3_lightgbm,rmse,1.1926266769882654
20,c3_lightgbm,C3_lightgbm,hit_ratio_sign,0.49943080175638316
20,c3_lightgbm,C3_lightgbm,ret_BUY,-0.14159709034180176
20,c3_lightgbm,C3_lightgbm,ret_NEUTRAL,-0.12248038425934354
20,c3_lightgbm,C3_lightgbm,ret_SELL,-0.23387694776868237
20,c3_lightgbm,C3_lightgbm,spread_BUY_SELL,0.09227985742688061
20,c3_lightgbm,C3_lightgbm,hit_ratio,0.45867768595041325
20,c3_lightgbm,C3_lightgbm,turnover,0.2732212932877385
20,c4_hybrid_tri,C4_hybrid_tri,rank_ic,-0.016531610446471223
20,c4_hybrid_tri,C4_hybrid_tri,ic_ir,-0.08450707681598273
20,c4_hybrid_tri,C4_hybrid_tri,rmse,1.3113546087923236
20,c4_hybrid_tri,C4_hybrid_tri,hit_ratio_sign,0.5195966823873801
20,c4_hybrid_tri,C4_hybrid_tri,ret_BUY,-0.2580815367277448
20,c4_hybrid_tri,C4_hybrid_tri,ret_NEUTRAL,0.026118220282347726
20,c4_hybrid_tri,C4_hybrid_tri,ret_SELL,-0.15124581988729102
20,c4_hybrid_tri,C4_hybrid_tri,spread_BUY_SELL,-0.10683571684045379
20,c4_hybrid_tri,C4_hybrid_tri,hit_ratio,0.5217391304347826
20,c4_hybrid_tri,C4_hybrid_tri,turnover,0.31306787712103323
20,c5_hybrid_tri_regime,C5_hybrid_tri_regime,rank_ic,-0.015849985744842573
20,c5_hybrid_tri_regime,C5_hybrid_tri_regime,ic_ir,-0.08510845744579087
20,c5_hybrid_tri_regime,C5_hybrid_tri_regime,rmse,1.326386069218973
20,c5_hybrid_tri_regime,C5_hybrid_tri_regime,hit_ratio_sign,0.5267523174499918
20,c5_hybrid_tri_regime,C5_hybrid_tri_regime,ret_BUY,-0.23046176205964494
20,c5_hybrid_tri_regime,C5_hybrid_tri_regime,ret_NEUTRAL,0.016833083789738076
20,c5_hybrid_tri_regime,C5_hybrid_tri_regime,ret_SELL,-0.15209697148875362
20,c5_hybrid_tri_regime,C5_hybrid_tri_regime,spread_BUY_SELL,-0.07836479057089132
20,c5_hybrid_tri_regime,C5_hybrid_tri_regime,hit_ratio,0.5189393939393939
20,c5_hybrid_tri_regime,C5_hybrid_tri_regime,turnover,0.2990568678276319
21,c1_ridge,C1_ridge,rank_ic,-0.14282354174256062
21,c1_ridge,C1_ridge,ic_ir,-1.104706270318757
21,c1_ridge,C1_ridge,rmse,1.1659135297670138
21,c1_ridge,C1_ridge,hit_ratio_sign,0.43303138142995795
21,c1_ridge,C1_ridge,ret_BUY,-0.33982687458543964
21,c1_ridge,C1_ridge,ret_NEUTRAL,-0.19453096785353444
21,c1_ridge,C1_ridge,ret_SELL,-0.03822109138654408
21,c1_ridge,C1_ridge,spread_BUY_SELL,-0.3016057831988956
21,c1_ridge,C1_ridge,hit_ratio,0.38967136150234744
21,c1_ridge,C1_ridge,turnover,0.379870821316004
21,c2_rf,C2_rf,rank_ic,-0.15987646731968344
21,c2_rf,C2_rf,ic_ir,-1.6719461466168104
21,c2_rf,C2_rf,rmse,1.1383745310019249
21,c2_rf,C2_rf,hit_ratio_sign,0.45082497573600777
21,c2_rf,C2_rf,ret_BUY,-0.3521750234831456
21,c2_rf,C2_rf,ret_NEUTRAL,-0.15295460448143644
21,c2_rf,C2_rf,ret_SELL,-0.45892469060175095
21,c2_rf,C2_rf,spread_BUY_SELL,0.10674966711860534
21,c2_rf,C2_rf,hit_ratio,0.30708661417322836
21,c2_rf,C2_rf,turnover,0.11208836844218903
21,c3_lightgbm,C3_lightgbm,rank_ic,0.20115086593627743
21,c3_lightgbm,C3_lightgbm,ic_ir,0.980340266057808
21,c3_lightgbm,C3_lightgbm,rmse,1.18498546536235
21,c3_lightgbm,C3_lightgbm,hit_ratio_sign,0.5315431899061792
21,c3_lightgbm,C3_lightgbm,ret_BUY,-0.11998148256965921
21,c3_lightgbm,C3_lightgbm,ret_NEUTRAL,-0.2538476793310248
21,c3_lightgbm,C3_lightgbm,ret_SELL,-0.4549668430973281
21,c3_lightgbm,C3_lightgbm,spread_BUY_SELL,0.3349853605276689
21,c3_lightgbm,C3_lightgbm,hit_ratio,0.49356223175965663
21,c3_lightgbm,C3_lightgbm,turnover,0.4269862059313887
21,c4_hybrid_tri,C4_hybrid_tri,rank_ic,-0.05881162188913293
21,c4_hybrid_tri,C4_hybrid_tri,ic_ir,-0.4530994647831114
21,c4_hybrid_tri,C4_hybrid_tri,rmse,1.3765710101312771
21,c4_hybrid_tri,C4_hybrid_tri,hit_ratio_sign,0.5011323196376577
21,c4_hybrid_tri,C4_hybrid_tri,ret_BUY,-0.2761736448981695
21,c4_hybrid_tri,C4_hybrid_tri,ret_NEUTRAL,-0.03349981490746769
21,c4_hybrid_tri,C4_hybrid_tri,ret_SELL,-0.26219061739223853
21,c4_hybrid_tri,C4_hybrid_tri,spread_BUY_SELL,-0.013983027505930945
21,c4_hybrid_tri,C4_hybrid_tri,hit_ratio,0.5114503816793893
21,c4_hybrid_tri,C4_hybrid_tri,turnover,0.2962349250970514
21,c5_hybrid_tri_regime,C5_hybrid_tri_regime,rank_ic,-0.10569965141227954
21,c5_hybrid_tri_regime,C5_hybrid_tri_regime,ic_ir,-0.7336151169541043
21,c5_hybrid_tri_regime,C5_hybrid_tri_regime,rmse,1.4086417336662838
21,c5_hybrid_tri_regime,C5_hybrid_tri_regime,hit_ratio_sign,0.4959560012940796
21,c5_hybrid_tri_regime,C5_hybrid_tri_regime,ret_BUY,-0.3398305159949594
21,c5_hybrid_tri_regime,C5_hybrid_tri_regime,ret_NEUTRAL,-0.039640288192567645
21,c5_hybrid_tri_regime,C5_hybrid_tri_regime,ret_SELL,-0.20799260714390164
21,c5_hybrid_tri_regime,C5_hybrid_tri_regime,spread_BUY_SELL,-0.13183790885105776
21,c5_hybrid_tri_regime,C5_hybrid_tri_regime,hit_ratio,0.47509578544061304
21,c5_hybrid_tri_regime,C5_hybrid_tri_regime,turnover,0.31020195197936057
22,c1_ridge,C1_ridge,rank_ic,-0.13099011713781494
22,c1_ridge,C1_ridge,ic_ir,-1.0279691041119428
22,c1_ridge,C1_ridge,rmse,1.306960792755396
22,c1_ridge,C1_ridge,hit_ratio_sign,0.4271986970684039
22,c1_ridge,C1_ridge,ret_BUY,-0.3046030022236553
22,c1_ridge,C1_ridge,ret_NEUTRAL,-0.13834506587956785
22,c1_ridge,C1_ridge,ret_SELL,-0.039047547531101644
22,c1_ridge,C1_ridge,spread_BUY_SELL,-0.26555545469255365
22,c1_ridge,C1_ridge,hit_ratio,0.4028436018957346
22,c1_ridge,C1_ridge,turnover,0.37522086899693463
22,c2_rf,C2_rf,rank_ic,-0.04954209418827146
22,c2_rf,C2_rf,ic_ir,-0.4342831421597623
22,c2_rf,C2_rf,rmse,1.3314903862395542
22,c2_rf,C2_rf,hit_ratio_sign,0.48957654723127036
22,c2_rf,C2_rf,ret_BUY,-0.2779107088196238
22,c2_rf,C2_rf,ret_NEUTRAL,-0.13848771218999228
22,c2_rf,C2_rf,ret_SELL,-0.5555574175492336
22,c2_rf,C2_rf,spread_BUY_SELL,0.2776467087296098
22,c2_rf,C2_rf,hit_ratio,0.38016528925619836
22,c2_rf,C2_rf,turnover,0.18548695655326036
22,c3_lightgbm,C3_lightgbm,rank_ic,0.24630485699622917
22,c3_lightgbm,C3_lightgbm,ic_ir,0.9453563529504717
22,c3_lightgbm,C3_lightgbm,rmse,1.2707898300908589
22,c3_lightgbm,C3_lightgbm,hit_ratio_sign,0.5299674267100977
22,c3_lightgbm,C3_lightgbm,ret_BUY,-0.09221956454181704
22,c3_lightgbm,C3_lightgbm,ret_NEUTRAL,-0.1690322042188587
22,c3_lightgbm,C3_lightgbm,ret_SELL,-0.44025607472922257
22,c3_lightgbm,C3_lightgbm,spread_BUY_SELL,0.34803651018740556
22,c3_lightgbm,C3_lightgbm,hit_ratio,0.5129310344827587
22,c3_lightgbm,C3_lightgbm,turnover,0.41582040459010844
22,c4_hybrid_tri,C4_hybrid_tri,rank_ic,0.021602847673730913
22,c4_hybrid_tri,C4_hybrid_tri,ic_ir,0.12634846302472055
22,c4_hybrid_tri,C4_hybrid_tri,rmse,1.4316514051102653
22,c4_hybrid_tri,C4_hybrid_tri,hit_ratio_sign,0.5472312703583062
22,c4_hybrid_tri,C4_hybrid_tri,ret_BUY,-0.22224182231969872
22,c4_hybrid_tri,C4_hybrid_tri,ret_NEUTRAL,-0.12888207272446497
22,c4_hybrid_tri,C4_hybrid_tri,ret_SELL,-0.21383356590693667
22,c4_hybrid_tri,C4_hybrid_tri,spread_BUY_SELL,-0.00840825641276205
22,c4_hybrid_tri,C4_hybrid_tri,hit_ratio,0.5335968379446641
22,c4_hybrid_tri,C4_hybrid_tri,turnover,0.34623282133620015
22,c5_hybrid_tri_regime,C5_hybrid_tri_regime,rank_ic,0.012648386724425649
22,c5_hybrid_tri_regime,C5_hybrid_tri_regime,ic_ir,0.07553093986341863
22,c5_hybrid_tri_regime,C5_hybrid_tri_regime,rmse,1.4605823155947326
22,c5_hybrid_tri_regime,C5_hybrid_tri_regime,hit_ratio_sign,0.5555374592833876
22,c5_hybrid_tri_regime,C5_hybrid_tri_regime,ret_BUY,-0.21510909882753732
22,c5_hybrid_tri_regime,C5_hybrid_tri_regime,ret_NEUTRAL,-0.15373415048431355
22,c5_hybrid_tri_regime,C5_hybrid_tri_regime,ret_SELL,-0.2089226330411834
22,c5_hybrid_tri_regime,C5_hybrid_tri_regime,spread_BUY_SELL,-0.0061864657863539285
22,c5_hybrid_tri_regime,C5_hybrid_tri_regime,hit_ratio,0.5390625
22,c5_hybrid_tri_regime,C5_hybrid_tri_regime,turnover,0.327676640823421
23,c1_ridge,C1_ridge,rank_ic,-0.11612329237374024
23,c1_ridge,C1_ridge,ic_ir,-0.8397856624203379
23,c1_ridge,C1_ridge,rmse,1.2620043454698646
23,c1_ridge,C1_ridge,hit_ratio_sign,0.4373488147073053
23,c1_ridge,C1_ridge,ret_BUY,-0.20461244415242233
23,c1_ridge,C1_ridge,ret_NEUTRAL,-0.062287644666399966
23,c1_ridge,C1_ridge,ret_SELL,-0.03129708639403555
23,c1_ridge,C1_ridge,spread_BUY_SELL,-0.17331535775838677
23,c1_ridge,C1_ridge,hit_ratio,0.4207920792079208
23,c1_ridge,C1_ridge,turnover,0.3582211608047475
23,c2_rf,C2_rf,rank_ic,0.11116580252471488
23,c2_rf,C2_rf,ic_ir,0.6941123538766126
23,c2_rf,C2_rf,rmse,1.2662262075787758
23,c2_rf,C2_rf,hit_ratio_sign,0.46750524109014674
23,c2_rf,C2_rf,ret_BUY,-0.1709525071608325
23,c2_rf,C2_rf,ret_NEUTRAL,-0.09645520380851169
23,c2_rf,C2_rf,ret_SELL,-0.24867262815891836
23,c2_rf,C2_rf,spread_BUY_SELL,0.07772012099808587
23,c2_rf,C2_rf,hit_ratio,0.47572815533980584
23,c2_rf,C2_rf,turnover,0.19642272620996024
23,c3_lightgbm,C3_lightgbm,rank_ic,0.23658647701959043
23,c3_lightgbm,C3_lightgbm,ic_ir,0.9412761573945739
23,c3_lightgbm,C3_lightgbm,rmse,1.2891027000836122
23,c3_lightgbm,C3_lightgbm,hit_ratio_sign,0.5670053217223029
23,c3_lightgbm,C3_lightgbm,ret_BUY,-0.0524505804419272
23,c3_lightgbm,C3_lightgbm,ret_NEUTRAL,-0.049850722241291376
23,c3_lightgbm,C3_lightgbm,ret_SELL,-0.3297741530089416
23,c3_lightgbm,C3_lightgbm,spread_BUY_SELL,0.2773235725670144
23,c3_lightgbm,C3_lightgbm,hit_ratio,0.5473251028806584
23,c3_lightgbm,C3_lightgbm,turnover,0.4879386697395816
23,c4_hybrid_tri,C4_hybrid_tri,rank_ic,0.0950526050764975
23,c4_hybrid_tri,C4_hybrid_tri,ic_ir,0.4786761502987456
23,c4_hybrid_tri,C4_hybrid_tri,rmse,1.3847534445329992
23,c4_hybrid_tri,C4_hybrid_tri,hit_ratio_sign,0.5687792291565876
23,c4_hybrid_tri,C4_hybrid_tri,ret_BUY,-0.05332702185945105
23,c4_hybrid_tri,C4_hybrid_tri,ret_NEUTRAL,-0.07927231506951052
23,c4_hybrid_tri,C4_hybrid_tri,ret_SELL,-0.1673068775685285
23,c4_hybrid_tri,C4_hybrid_tri,spread_BUY_SELL,0.11397985570907745
23,c4_hybrid_tri,C4_hybrid_tri,hit_ratio,0.582089552238806
23,c4_hybrid_tri,C4_hybrid_tri,turnover,0.312925726755514
23,c5_hybrid_tri_regime,C5_hybrid_tri_regime,rank_ic,0.08433501413678687
23,c5_hybrid_tri_regime,C5_hybrid_tri_regime,ic_ir,0.6296498634811093
23,c5_hybrid_tri_regime,C5_hybrid_tri_regime,rmse,1.3792423592942884
23,c5_hybrid_tri_regime,C5_hybrid_tri_regime,hit_ratio_sign,0.5653926786002258
23,c5_hybrid_tri_regime,C5_hybrid_tri_regime,ret_BUY,-0.08287698641589637
23,c5_hybrid_tri_regime,C5_hybrid_tri_regime,ret_NEUTRAL,0.017498953134222367
23,c5_hybrid_tri_regime,C5_hybrid_tri_regime,ret_SELL,-0.17286552407475198
23,c5_hybrid_tri_regime,C5_hybrid_tri_regime,spread_BUY_SELL,0.0899885376588556
23,c5_hybrid_tri_regime,C5_hybrid_tri_regime,hit_ratio,0.5781818181818181
23,c5_hybrid_tri_regime,C5_hybrid_tri_regime,turnover,0.336153094625739
24,c1_ridge,C1_ridge,rank_ic,-0.07703762877389449
24,c1_ridge,C1_ridge,ic_ir,-0.4573443696215697
24,c1_ridge,C1_ridge,rmse,1.2561447546888647
24,c1_ridge,C1_ridge,hit_ratio_sign,0.45158742694676984
24,c1_ridge,C1_ridge,ret_BUY,-0.13208599307864663
24,c1_ridge,C1_ridge,ret_NEUTRAL,-0.05200340397462762
24,c1_ridge,C1_ridge,ret_SELL,-0.025805478874995666
24,c1_ridge,C1_ridge,spread_BUY_SELL,-0.10628051420365096
24,c1_ridge,C1_ridge,hit_ratio,0.44751381215469616
24,c1_ridge,C1_ridge,turnover,0.29018003273322424
24,c2_rf,C2_rf,rank_ic,0.07177032317018538
24,c2_rf,C2_rf,ic_ir,0.3390660483217526
24,c2_rf,C2_rf,rmse,1.2319021447104097
24,c2_rf,C2_rf,hit_ratio_sign,0.5460432791028274
24,c2_rf,C2_rf,ret_BUY,-0.013240652039352464
24,c2_rf,C2_rf,ret_NEUTRAL,-0.11682801578138942
24,c2_rf,C2_rf,ret_SELL,-0.05515387412242064
24,c2_rf,C2_rf,spread_BUY_SELL,0.04191322208306818
24,c2_rf,C2_rf,hit_ratio,0.504
24,c2_rf,C2_rf,turnover,0.22513638843426081
24,c3_lightgbm,C3_lightgbm,rank_ic,0.20338009380185357
24,c3_lightgbm,C3_lightgbm,ic_ir,0.7785624916688226
24,c3_lightgbm,C3_lightgbm,rmse,1.2810931331612525
24,c3_lightgbm,C3_lightgbm,hit_ratio_sign,0.5822145000789765
24,c3_lightgbm,C3_lightgbm,ret_BUY,0.014170681086762458
24,c3_lightgbm,C3_lightgbm,ret_NEUTRAL,-0.15074604597267127
24,c3_lightgbm,C3_lightgbm,ret_SELL,-0.1816756406008537
24,c3_lightgbm,C3_lightgbm,spread_BUY_SELL,0.19584632168761615
24,c3_lightgbm,C3_lightgbm,hit_ratio,0.5601659751037344
24,c3_lightgbm,C3_lightgbm,turnover,0.4814307146753955
24,c4_hybrid_tri,C4_hybrid_tri,rank_ic,0.08314426108756288
24,c4_hybrid_tri,C4_hybrid_tri,ic_ir,0.44150317323390814
24,c4_hybrid_tri,C4_hybrid_tri,rmse,1.412623132498435
24,c4_hybrid_tri,C4_hybrid_tri,hit_ratio_sign,0.5354604327910283
24,c4_hybrid_tri,C4_hybrid_tri,ret_BUY,-0.16656430502070846
24,c4_hybrid_tri,C4_hybrid_tri,ret_NEUTRAL,0.042961195198954194
24,c4_hybrid_tri,C4_hybrid_tri,ret_SELL,-0.048094727486917524
24,c4_hybrid_tri,C4_hybrid_tri,spread_BUY_SELL,-0.11846957753379093
24,c4_hybrid_tri,C4_hybrid_tri,hit_ratio,0.5384615384615384
24,c4_hybrid_tri,C4_hybrid_tri,turnover,0.3931669394435352
24,c5_hybrid_tri_regime,C5_hybrid_tri_regime,rank_ic,0.07736610053515379
24,c5_hybrid_tri_regime,C5_hybrid_tri_regime,ic_ir,0.3973204572480372
24,c5_hybrid_tri_regime,C5_hybrid_tri_regime,rmse,1.404765734462671
24,c5_hybrid_tri_regime,C5_hybrid_tri_regime,hit_ratio_sign,0.5413046912020218
24,c5_hybrid_tri_regime,C5_hybrid_tri_regime,ret_BUY,-0.171847828479442
24,c5_hybrid_tri_regime,C5_hybrid_tri_regime,ret_NEUTRAL,0.21980343167059838
24,c5_hybrid_tri_regime,C5_hybrid_tri_regime,ret_SELL,-0.10328368401962011
24,c5_hybrid_tri_regime,C5_hybrid_tri_regime,spread_BUY_SELL,-0.06856414445982188
24,c5_hybrid_tri_regime,C5_hybrid_tri_regime,hit_ratio,0.5393258426966292
24,c5_hybrid_tri_regime,C5_hybrid_tri_regime,turnover,0.3805441898527005
25,c1_ridge,C1_ridge,rank_ic,-0.04982335291255078
25,c1_ridge,C1_ridge,ic_ir,-0.35876536749699195
25,c1_ridge,C1_ridge,rmse,1.2883055592056767
25,c1_ridge,C1_ridge,hit_ratio_sign,0.47628998553287255
25,c1_ridge,C1_ridge,ret_BUY,0.008219905651752235
25,c1_ridge,C1_ridge,ret_NEUTRAL,-0.047202283462234644
25,c1_ridge,C1_ridge,ret_SELL,0.08473136219687198
25,c1_ridge,C1_ridge,spread_BUY_SELL,-0.07651145654511975
25,c1_ridge,C1_ridge,hit_ratio,0.4161073825503356
25,c1_ridge,C1_ridge,turnover,0.2344224924012158
25,c2_rf,C2_rf,rank_ic,0.03670109625495701
25,c2_rf,C2_rf,ic_ir,0.28951642303907227
25,c2_rf,C2_rf,rmse,1.2753706185278246
25,c2_rf,C2_rf,hit_ratio_sign,0.5137437710978943
25,c2_rf,C2_rf,ret_BUY,0.14174145465443136
25,c2_rf,C2_rf,ret_NEUTRAL,-0.07003167863564809
25,c2_rf,C2_rf,ret_SELL,-0.19326967070558893
25,c2_rf,C2_rf,spread_BUY_SELL,0.3350111253600203
25,c2_rf,C2_rf,hit_ratio,0.5045871559633027
25,c2_rf,C2_rf,turnover,0.13778404979012882
25,c3_lightgbm,C3_lightgbm,rank_ic,0.10775408382629911
25,c3_lightgbm,C3_lightgbm,ic_ir,0.41415978224292704
25,c3_lightgbm,C3_lightgbm,rmse,1.3040720908664425
25,c3_lightgbm,C3_lightgbm,hit_ratio_sign,0.5460536891175052
25,c3_lightgbm,C3_lightgbm,ret_BUY,0.026764769116256627
25,c3_lightgbm,C3_lightgbm,ret_NEUTRAL,-0.26457923939924793
25,c3_lightgbm,C3_lightgbm,ret_SELL,0.058826000712486004
25,c3_lightgbm,C3_lightgbm,spread_BUY_SELL,-0.03206123159622938
25,c3_lightgbm,C3_lightgbm,hit_ratio,0.5019011406844106
25,c3_lightgbm,C3_lightgbm,turnover,0.4264835721522651
25,c4_hybrid_tri,C4_hybrid_tri,rank_ic,0.04605548741752096
25,c4_hybrid_tri,C4_hybrid_tri,ic_ir,0.26021630691407516
25,c4_hybrid_tri,C4_hybrid_tri,rmse,1.4329657749411582
25,c4_hybrid_tri,C4_hybrid_tri,hit_ratio_sign,0.5237100144671275
25,c4_hybrid_tri,C4_hybrid_tri,ret_BUY,0.026261326211999378
25,c4_hybrid_tri,C4_hybrid_tri,ret_NEUTRAL,-0.2487011469586556
25,c4_hybrid_tri,C4_hybrid_tri,ret_SELL,0.03197841928225187
25,c4_hybrid_tri,C4_hybrid_tri,spread_BUY_SELL,-0.005717093070252491
25,c4_hybrid_tri,C4_hybrid_tri,hit_ratio,0.49063670411985016
25,c4_hybrid_tri,C4_hybrid_tri,turnover,0.3057985960341584
25,c5_hybrid_tri_regime,C5_hybrid_tri_regime,rank_ic,0.0617031613616556
25,c5_hybrid_tri_regime,C5_hybrid_tri_regime,ic_ir,0.3664090941621641
25,c5_hybrid_tri_regime,C5_hybrid_tri_regime,rmse,1.405761571986194
25,c5_hybrid_tri_regime,C5_hybrid_tri_regime,hit_ratio_sign,0.5270856775438032
25,c5_hybrid_tri_regime,C5_hybrid_tri_regime,ret_BUY,0.019301402144759113
25,c5_hybrid_tri_regime,C5_hybrid_tri_regime,ret_NEUTRAL,-0.05231518734458908
25,c5_hybrid_tri_regime,C5_hybrid_tri_regime,ret_SELL,-0.01654616939939276
25,c5_hybrid_tri_regime,C5_hybrid_tri_regime,spread_BUY_SELL,0.03584757154415187
25,c5_hybrid_tri_regime,C5_hybrid_tri_regime,hit_ratio,0.5
25,c5_hybrid_tri_regime,C5_hybrid_tri_regime,turnover,0.2847915762049501
26,c1_ridge,C1_ridge,rank_ic,-0.05264995270176048
26,c1_ridge,C1_ridge,ic_ir,-0.4418941566476829
26,c1_ridge,C1_ridge,rmse,1.3103963909626113
26,c1_ridge,C1_ridge,hit_ratio_sign,0.48822681403171553
26,c1_ridge,C1_ridge,ret_BUY,0.1380369982712158
26,c1_ridge,C1_ridge,ret_NEUTRAL,-0.03755841319496075
26,c1_ridge,C1_ridge,ret_SELL,0.049895219480559985
26,c1_ridge,C1_ridge,spread_BUY_SELL,0.08814177879065581
26,c1_ridge,C1_ridge,hit_ratio,0.49673202614379086
26,c1_ridge,C1_ridge,turnover,0.27934578086553774
26,c2_rf,C2_rf,rank_ic,-0.04768039575731906
26,c2_rf,C2_rf,ic_ir,-0.3368364499793963
26,c2_rf,C2_rf,rmse,1.308346507102694
26,c2_rf,C2_rf,hit_ratio_sign,0.46452026269421753
26,c2_rf,C2_rf,ret_BUY,0.014564761615806034
26,c2_rf,C2_rf,ret_NEUTRAL,0.031203263652488555
26,c2_rf,C2_rf,ret_SELL,0.14368340433310947
26,c2_rf,C2_rf,spread_BUY_SELL,-0.12911864271730344
26,c2_rf,C2_rf,hit_ratio,0.44155844155844154
26,c2_rf,C2_rf,turnover,0.07520263424518744
26,c3_lightgbm,C3_lightgbm,rank_ic,0.07307486761559388
26,c3_lightgbm,C3_lightgbm,ic_ir,0.30780176948497434
26,c3_lightgbm,C3_lightgbm,rmse,1.3011617193541047
26,c3_lightgbm,C3_lightgbm,hit_ratio_sign,0.5351593785039244
26,c3_lightgbm,C3_lightgbm,ret_BUY,0.01797139526634286
26,c3_lightgbm,C3_lightgbm,ret_NEUTRAL,0.10388293147270575
26,c3_lightgbm,C3_lightgbm,ret_SELL,0.010692130034549788
26,c3_lightgbm,C3_lightgbm,spread_BUY_SELL,0.007279265231793071
26,c3_lightgbm,C3_lightgbm,hit_ratio,0.49387755102040815
26,c3_lightgbm,C3_lightgbm,turnover,0.38737878129975395
26,c4_hybrid_tri,C4_hybrid_tri,rank_ic,-0.005280581633969829
26,c4_hybrid_tri,C4_hybrid_tri,ic_ir,-0.034736246402731964
26,c4_hybrid_tri,C4_hybrid_tri,rmse,1.4526016400774118
26,c4_hybrid_tri,C4_hybrid_tri,hit_ratio_sign,0.4968765016818837
26,c4_hybrid_tri,C4_hybrid_tri,ret_BUY,-0.02013883318491308
26,c4_hybrid_tri,C4_hybrid_tri,ret_NEUTRAL,-0.06502297101833654
26,c4_hybrid_tri,C4_hybrid_tri,ret_SELL,0.1006509729849835
26,c4_hybrid_tri,C4_hybrid_tri,spread_BUY_SELL,-0.12078980616989658
26,c4_hybrid_tri,C4_hybrid_tri,hit_ratio,0.4606741573033708
26,c4_hybrid_tri,C4_hybrid_tri,turnover,0.25790997249963815
26,c5_hybrid_tri_regime,C5_hybrid_tri_regime,rank_ic,-0.01337124898975103
26,c5_hybrid_tri_regime,C5_hybrid_tri_regime,ic_ir,-0.08888268148852732
26,c5_hybrid_tri_regime,C5_hybrid_tri_regime,rmse,1.467774237062254
26,c5_hybrid_tri_regime,C5_hybrid_tri_regime,hit_ratio_sign,0.5031234983181163
26,c5_hybrid_tri_regime,C5_hybrid_tri_regime,ret_BUY,-0.05931090693680456
26,c5_hybrid_tri_regime,C5_hybrid_tri_regime,ret_NEUTRAL,0.06497139695837671
26,c5_hybrid_tri_regime,C5_hybrid_tri_regime,ret_SELL,0.09619316270775342
26,c5_hybrid_tri_regime,C5_hybrid_tri_regime,spread_BUY_SELL,-0.15550406964455799
26,c5_hybrid_tri_regime,C5_hybrid_tri_regime,hit_ratio,0.46332046332046334
26,c5_hybrid_tri_regime,C5_hybrid_tri_regime,turnover,0.2830058619192358
27,c1_ridge,C1_ridge,rank_ic,-0.013257545453058548
27,c1_ridge,C1_ridge,ic_ir,-0.10045906606079563
27,c1_ridge,C1_ridge,rmse,1.3987261407763873
27,c1_ridge,C1_ridge,hit_ratio_sign,0.504045692527368
27,c1_ridge,C1_ridge,ret_BUY,0.18058777577424795
27,c1_ridge,C1_ridge,ret_NEUTRAL,0.18144033171768778
27,c1_ridge,C1_ridge,ret_SELL,-0.045484757619848465
27,c1_ridge,C1_ridge,spread_BUY_SELL,0.22607253339409641
27,c1_ridge,C1_ridge,hit_ratio,0.5098039215686274
27,c1_ridge,C1_ridge,turnover,0.3059252424374005
27,c2_rf,C2_rf,rank_ic,-0.12097811662609398
27,c2_rf,C2_rf,ic_ir,-1.009476613141526
27,c2_rf,C2_rf,rmse,1.431157939563875
27,c2_rf,C2_rf,hit_ratio_sign,0.4394732666983976
27,c2_rf,C2_rf,ret_BUY,-0.030134279140957218
27,c2_rf,C2_rf,ret_NEUTRAL,0.2608865980654207
27,c2_rf,C2_rf,ret_SELL,0.16748589788265175
27,c2_rf,C2_rf,spread_BUY_SELL,-0.19762017702360896
27,c2_rf,C2_rf,hit_ratio,0.4431137724550898
27,c2_rf,C2_rf,turnover,0.08666413373860182
27,c3_lightgbm,C3_lightgbm,rank_ic,0.021872381811924333
27,c3_lightgbm,C3_lightgbm,ic_ir,0.13346724081926964
27,c3_lightgbm,C3_lightgbm,rmse,1.3929807026975405
27,c3_lightgbm,C3_lightgbm,hit_ratio_sign,0.48722830398223066
27,c3_lightgbm,C3_lightgbm,ret_BUY,-0.04104839463039342
27,c3_lightgbm,C3_lightgbm,ret_NEUTRAL,0.2608805132328984
27,c3_lightgbm,C3_lightgbm,ret_SELL,0.18850163769705894
27,c3_lightgbm,C3_lightgbm,spread_BUY_SELL,-0.22955003232745236
27,c3_lightgbm,C3_lightgbm,hit_ratio,0.46846846846846846
27,c3_lightgbm,C3_lightgbm,turnover,0.3970111448834853
27,c4_hybrid_tri,C4_hybrid_tri,rank_ic,-0.04316133484167433
27,c4_hybrid_tri,C4_hybrid_tri,ic_ir,-0.35316826918787236
27,c4_hybrid_tri,C4_hybrid_tri,rmse,1.5283791349480018
27,c4_hybrid_tri,C4_hybrid_tri,hit_ratio_sign,0.47025226082817706
27,c4_hybrid_tri,C4_hybrid_tri,ret_BUY,-0.0430704791474945
27,c4_hybrid_tri,C4_hybrid_tri,ret_NEUTRAL,0.3729352852010563
27,c4_hybrid_tri,C4_hybrid_tri,ret_SELL,0.17919796266119725
27,c4_hybrid_tri,C4_hybrid_tri,spread_BUY_SELL,-0.22226844180869176
27,c4_hybrid_tri,C4_hybrid_tri,hit_ratio,0.45
27,c4_hybrid_tri,C4_hybrid_tri,turnover,0.35142929512230425
27,c5_hybrid_tri_regime,C5_hybrid_tri_regime,rank_ic,-0.02038572558257239
27,c5_hybrid_tri_regime,C5_hybrid_tri_regime,ic_ir,-0.1680346961162304
27,c5_hybrid_tri_regime,C5_hybrid_tri_regime,rmse,1.515712808514003
27,c5_hybrid_tri_regime,C5_hybrid_tri_regime,hit_ratio_sign,0.48088211962557514
27,c5_hybrid_tri_regime,C5_hybrid_tri_regime,ret_BUY,0.10280188155400441
27,c5_hybrid_tri_regime,C5_hybrid_tri_regime,ret_NEUTRAL,0.22327873507538296
27,c5_hybrid_tri_regime,C5_hybrid_tri_regime,ret_SELL,0.10719314878279558
27,c5_hybrid_tri_regime,C5_hybrid_tri_regime,spread_BUY_SELL,-0.004391267228791171
27,c5_hybrid_tri_regime,C5_hybrid_tri_regime,hit_ratio,0.4541832669322709
27,c5_hybrid_tri_regime,C5_hybrid_tri_regime,turnover,0.38034447821681866
28,c1_ridge,C1_ridge,rank_ic,0.04123861856739735
28,c1_ridge,C1_ridge,ic_ir,0.2928404753594026
28,c1_ridge,C1_ridge,rmse,1.380624650598472
28,c1_ridge,C1_ridge,hit_ratio_sign,0.5090455396132252
28,c1_ridge,C1_ridge,ret_BUY,0.4568259911135076
28,c1_ridge,C1_ridge,ret_NEUTRAL,0.05387294279571074
28,c1_ridge,C1_ridge,ret_SELL,-0.12301030221659313
28,c1_ridge,C1_ridge,spread_BUY_SELL,0.5798362933301007
28,c1_ridge,C1_ridge,hit_ratio,0.567741935483871
28,c1_ridge,C1_ridge,turnover,0.35533000434216244
28,c2_rf,C2_rf,rank_ic,0.08263169381418511
28,c2_rf,C2_rf,ic_ir,0.516263833833294
28,c2_rf,C2_rf,rmse,1.5445693506403844
28,c2_rf,C2_rf,hit_ratio_sign,0.4914223331253899
28,c2_rf,C2_rf,ret_BUY,0.14972668889099305
28,c2_rf,C2_rf,ret_NEUTRAL,0.19655035898779813
28,c2_rf,C2_rf,ret_SELL,-0.00987230689794915
28,c2_rf,C2_rf,spread_BUY_SELL,0.1595989957889422
28,c2_rf,C2_rf,hit_ratio,0.5075757575757576
28,c2_rf,C2_rf,turnover,0.07051128962223187
28,c3_lightgbm,C3_lightgbm,rank_ic,0.15256000436432898
28,c3_lightgbm,C3_lightgbm,ic_ir,0.5688571463908848
28,c3_lightgbm,C3_lightgbm,rmse,1.3744244638010168
28,c3_lightgbm,C3_lightgbm,hit_ratio_sign,0.5463194011228946
28,c3_lightgbm,C3_lightgbm,ret_BUY,0.36343353628177183
28,c3_lightgbm,C3_lightgbm,ret_NEUTRAL,0.24995591392262095
28,c3_lightgbm,C3_lightgbm,ret_SELL,-0.036631441302307714
28,c3_lightgbm,C3_lightgbm,spread_BUY_SELL,0.40006497758407955
28,c3_lightgbm,C3_lightgbm,hit_ratio,0.5347826086956522
28,c3_lightgbm,C3_lightgbm,turnover,0.3305851063829787
28,c4_hybrid_tri,C4_hybrid_tri,rank_ic,0.10275674107742865
28,c4_hybrid_tri,C4_hybrid_tri,ic_ir,0.4971801065853565
28,c4_hybrid_tri,C4_hybrid_tri,rmse,1.4466160873493112
28,c4_hybrid_tri,C4_hybrid_tri,hit_ratio_sign,0.5293200249532127
28,c4_hybrid_tri,C4_hybrid_tri,ret_BUY,0.372686830805111
28,c4_hybrid_tri,C4_hybrid_tri,ret_NEUTRAL,0.13270172348724474
28,c4_hybrid_tri,C4_hybrid_tri,ret_SELL,-0.00023619180350253617
28,c4_hybrid_tri,C4_hybrid_tri,spread_BUY_SELL,0.37292302260861354
28,c4_hybrid_tri,C4_hybrid_tri,hit_ratio,0.52734375
28,c4_hybrid_tri,C4_hybrid_tri,turnover,0.2483608336951802
28,c5_hybrid_tri_regime,C5_hybrid_tri_regime,rank_ic,0.10411641131503041
28,c5_hybrid_tri_regime,C5_hybrid_tri_regime,ic_ir,0.5179363708705959
28,c5_hybrid_tri_regime,C5_hybrid_tri_regime,rmse,1.4337203825612603
28,c5_hybrid_tri_regime,C5_hybrid_tri_regime,hit_ratio_sign,0.5333749220212103
28,c5_hybrid_tri_regime,C5_hybrid_tri_regime,ret_BUY,0.3800405598601
28,c5_hybrid_tri_regime,C5_hybrid_tri_regime,ret_NEUTRAL,0.06351372007810421
28,c5_hybrid_tri_regime,C5_hybrid_tri_regime,ret_SELL,0.024676727863319713
28,c5_hybrid_tri_regime,C5_hybrid_tri_regime,spread_BUY_SELL,0.3553638319967803
28,c5_hybrid_tri_regime,C5_hybrid_tri_regime,hit_ratio,0.5362903225806451
28,c5_hybrid_tri_regime,C5_hybrid_tri_regime,turnover,0.3517802865827182
29,c1_ridge,C1_ridge,rank_ic,0.045633398413728536
29,c1_ridge,C1_ridge,ic_ir,0.33607469134929835
29,c1_ridge,C1_ridge,rmse,1.496546439477013
29,c1_ridge,C1_ridge,hit_ratio_sign,0.5168730650154799
29,c1_ridge,C1_ridge,ret_BUY,0.31260805918815493
29,c1_ridge,C1_ridge,ret_NEUTRAL,0.135152413052523
29,c1_ridge,C1_ridge,ret_SELL,-0.2897123704695264
29,c1_ridge,C1_ridge,spread_BUY_SELL,0.6023204296576814
29,c1_ridge,C1_ridge,hit_ratio,0.5641025641025641
29,c1_ridge,C1_ridge,turnover,0.34100640256102444
29,c2_rf,C2_rf,rank_ic,0.08872536428809892
29,c2_rf,C2_rf,ic_ir,0.5782334626560527
29,c2_rf,C2_rf,rmse,1.587835034636453
29,c2_rf,C2_rf,hit_ratio_sign,0.503405572755418
29,c2_rf,C2_rf,ret_BUY,0.2204592833695158
29,c2_rf,C2_rf,ret_NEUTRAL,0.16649355185189557
29,c2_rf,C2_rf,ret_SELL,-1.0249341595331511
29,c2_rf,C2_rf,spread_BUY_SELL,1.245393442902667
29,c2_rf,C2_rf,hit_ratio,0.5333333333333333
29,c2_rf,C2_rf,turnover,0.053156262505001994
29,c3_lightgbm,C3_lightgbm,rank_ic,0.1869359504627079
29,c3_lightgbm,C3_lightgbm,ic_ir,0.9362776251745765
29,c3_lightgbm,C3_lightgbm,rmse,1.5513337987104063
29,c3_lightgbm,C3_lightgbm,hit_ratio_sign,0.573374613003096
29,c3_lightgbm,C3_lightgbm,ret_BUY,0.1673539504132058
29,c3_lightgbm,C3_lightgbm,ret_NEUTRAL,0.17784736705291618
29,c3_lightgbm,C3_lightgbm,ret_SELL,0.008206944127447076
29,c3_lightgbm,C3_lightgbm,spread_BUY_SELL,0.15914700628575873
29,c3_lightgbm,C3_lightgbm,hit_ratio,0.5766129032258065
29,c3_lightgbm,C3_lightgbm,turnover,0.43165266106442574
29,c4_hybrid_tri,C4_hybrid_tri,rank_ic,0.1351622489801675
29,c4_hybrid_tri,C4_hybrid_tri,ic_ir,0.9620545674188764
29,c4_hybrid_tri,C4_hybrid_tri,rmse,1.5608923337012415
29,c4_hybrid_tri,C4_hybrid_tri,hit_ratio_sign,0.5543343653250774
29,c4_hybrid_tri,C4_hybrid_tri,ret_BUY,0.272254188743132
29,c4_hybrid_tri,C4_hybrid_tri,ret_NEUTRAL,0.43689709609554805
29,c4_hybrid_tri,C4_hybrid_tri,ret_SELL,-0.10526613858139361
29,c4_hybrid_tri,C4_hybrid_tri,spread_BUY_SELL,0.3775203273245256
29,c4_hybrid_tri,C4_hybrid_tri,hit_ratio,0.5622641509433962
29,c4_hybrid_tri,C4_hybrid_tri,turnover,0.28073229291716684
29,c5_hybrid_tri_regime,C5_hybrid_tri_regime,rank_ic,0.1356145483809333
29,c5_hybrid_tri_regime,C5_hybrid_tri_regime,ic_ir,0.9888239887380766
29,c5_hybrid_tri_regime,C5_hybrid_tri_regime,rmse,1.5613371128041411
29,c5_hybrid_tri_regime,C5_hybrid_tri_regime,hit_ratio_sign,0.563312693498452
29,c5_hybrid_tri_regime,C5_hybrid_tri_regime,ret_BUY,0.3011727471819571
29,c5_hybrid_tri_regime,C5_hybrid_tri_regime,ret_NEUTRAL,0.41673559608495614
29,c5_hybrid_tri_regime,C5_hybrid_tri_regime,ret_SELL,-0.1084159498702709
29,c5_hybrid_tri_regime,C5_hybrid_tri_regime,spread_BUY_SELL,0.409588697052228
29,c5_hybrid_tri_regime,C5_hybrid_tri_regime,hit_ratio,0.5572519083969466
29,c5_hybrid_tri_regime,C5_hybrid_tri_regime,turnover,0.26415066026410566
30,c1_ridge,C1_ridge,rank_ic,0.06428931895555436
30,c1_ridge,C1_ridge,ic_ir,0.5212330450302609
30,c1_ridge,C1_ridge,rmse,1.5259703529561481
30,c1_ridge,C1_ridge,hit_ratio_sign,0.5281484890320601
30,c1_ridge,C1_ridge,ret_BUY,0.3305797080526676
30,c1_ridge,C1_ridge,ret_NEUTRAL,0.07518124369090945
30,c1_ridge,C1_ridge,ret_SELL,-0.25634472453166796
30,c1_ridge,C1_ridge,spread_BUY_SELL,0.5869244325843356
30,c1_ridge,C1_ridge,hit_ratio,0.577922077922078
30,c1_ridge,C1_ridge,turnover,0.3422068827531012
30,c2_rf,C2_rf,rank_ic,0.004954363624867093
30,c2_rf,C2_rf,ic_ir,0.04024864806343066
30,c2_rf,C2_rf,rmse,1.5510999164656039
30,c2_rf,C2_rf,hit_ratio_sign,0.49838932351587667
30,c2_rf,C2_rf,ret_BUY,0.026658459659847998
30,c2_rf,C2_rf,ret_NEUTRAL,0.2411803844157039
30,c2_rf,C2_rf,ret_SELL,-0.9498832359092966
30,c2_rf,C2_rf,spread_BUY_SELL,0.9765416955691446
30,c2_rf,C2_rf,hit_ratio,0.5
30,c2_rf,C2_rf,turnover,0.023934573829531812
30,c3_lightgbm,C3_lightgbm,rank_ic,0.1413260300275072
30,c3_lightgbm,C3_lightgbm,ic_ir,0.5676827088291619
30,c3_lightgbm,C3_lightgbm,rmse,1.574976584783557
30,c3_lightgbm,C3_lightgbm,hit_ratio_sign,0.5603620187145267
30,c3_lightgbm,C3_lightgbm,ret_BUY,0.19325706490528333
30,c3_lightgbm,C3_lightgbm,ret_NEUTRAL,0.19289142834667694
30,c3_lightgbm,C3_lightgbm,ret_SELL,-0.08535650859113483
30,c3_lightgbm,C3_lightgbm,spread_BUY_SELL,0.27861357349641813
30,c3_lightgbm,C3_lightgbm,hit_ratio,0.5856573705179283
30,c3_lightgbm,C3_lightgbm,turnover,0.4248499399759904
30,c4_hybrid_tri,C4_hybrid_tri,rank_ic,0.11593782097297367
30,c4_hybrid_tri,C4_hybrid_tri,ic_ir,0.9130444568900412
30,c4_hybrid_tri,C4_hybrid_tri,rmse,1.569457515328032
30,c4_hybrid_tri,C4_hybrid_tri,hit_ratio_sign,0.5554532903819605
30,c4_hybrid_tri,C4_hybrid_tri,ret_BUY,0.31092157507496304
30,c4_hybrid_tri,C4_hybrid_tri,ret_NEUTRAL,-0.03209835077677806
30,c4_hybrid_tri,C4_hybrid_tri,ret_SELL,-0.002366373774627702
30,c4_hybrid_tri,C4_hybrid_tri,spread_BUY_SELL,0.31328794884959077
30,c4_hybrid_tri,C4_hybrid_tri,hit_ratio,0.5676691729323309
30,c4_hybrid_tri,C4_hybrid_tri,turnover,0.2585634253701481
30,c5_hybrid_tri_regime,C5_hybrid_tri_regime,rank_ic,0.1448800339693822
30,c5_hybrid_tri_regime,C5_hybrid_tri_regime,ic_ir,1.121443330212339
30,c5_hybrid_tri_regime,C5_hybrid_tri_regime,rmse,1.5364310966385943
30,c5_hybrid_tri_regime,C5_hybrid_tri_regime,hit_ratio_sign,0.5595950299125633
30,c5_hybrid_tri_regime,C5_hybrid_tri_regime,ret_BUY,0.4397803406784794
30,c5_hybrid_tri_regime,C5_hybrid_tri_regime,ret_NEUTRAL,0.004444179122744344
30,c5_hybrid_tri_regime,C5_hybrid_tri_regime,ret_SELL,-0.10663148617948902
30,c5_hybrid_tri_regime,C5_hybrid_tri_regime,spread_BUY_SELL,0.5464118268579684
30,c5_hybrid_tri_regime,C5_hybrid_tri_regime,hit_ratio,0.5836575875486382
30,c5_hybrid_tri_regime,C5_hybrid_tri_regime,turnover,0.3271608643457383
31,c1_ridge,C1_ridge,rank_ic,0.09856070978014089
31,c1_ridge,C1_ridge,ic_ir,0.939737645976141
31,c1_ridge,C1_ridge,rmse,1.5471543396707412
31,c1_ridge,C1_ridge,hit_ratio_sign,0.5380902096847187
31,c1_ridge,C1_ridge,ret_BUY,0.24650577261224974
31,c1_ridge,C1_ridge,ret_NEUTRAL,0.02446332148245419
31,c1_ridge,C1_ridge,ret_SELL,-0.30315621071210014
31,c1_ridge,C1_ridge,spread_BUY_SELL,0.5496619833243499
31,c1_ridge,C1_ridge,hit_ratio,0.5408805031446541
31,c1_ridge,C1_ridge,turnover,0.33939742563692143
31,c2_rf,C2_rf,rank_ic,0.058283719446461664
31,c2_rf,C2_rf,ic_ir,0.659956797819041
31,c2_rf,C2_rf,rmse,1.5120183508155287
31,c2_rf,C2_rf,hit_ratio_sign,0.47865439734499926
31,c2_rf,C2_rf,ret_BUY,0.11625849540095054
31,c2_rf,C2_rf,ret_NEUTRAL,0.13810059432585942
31,c2_rf,C2_rf,ret_SELL,-1.2290031638438792
31,c2_rf,C2_rf,spread_BUY_SELL,1.3452616592448297
31,c2_rf,C2_rf,hit_ratio,0.5113636363636364
31,c2_rf,C2_rf,turnover,0.12504446222933618
31,c3_lightgbm,C3_lightgbm,rank_ic,0.10730366669062588
31,c3_lightgbm,C3_lightgbm,ic_ir,0.5114388330343572
31,c3_lightgbm,C3_lightgbm,rmse,1.6466916090330248
31,c3_lightgbm,C3_lightgbm,hit_ratio_sign,0.5362799818977221
31,c3_lightgbm,C3_lightgbm,ret_BUY,0.17756043500073693
31,c3_lightgbm,C3_lightgbm,ret_NEUTRAL,0.021493248545590295
31,c3_lightgbm,C3_lightgbm,ret_SELL,-0.1529522462594997
31,c3_lightgbm,C3_lightgbm,spread_BUY_SELL,0.33051268126023664
31,c3_lightgbm,C3_lightgbm,hit_ratio,0.5555555555555556
31,c3_lightgbm,C3_lightgbm,turnover,0.36834956204704106
31,c4_hybrid_tri,C4_hybrid_tri,rank_ic,0.1249391346157696
31,c4_hybrid_tri,C4_hybrid_tri,ic_ir,1.2386434852630912
31,c4_hybrid_tri,C4_hybrid_tri,rmse,1.5794034440309757
31,c4_hybrid_tri,C4_hybrid_tri,hit_ratio_sign,0.5524211796651078
31,c4_hybrid_tri,C4_hybrid_tri,ret_BUY,0.208665316355498
31,c4_hybrid_tri,C4_hybrid_tri,ret_NEUTRAL,0.30336434259155065
31,c4_hybrid_tri,C4_hybrid_tri,ret_SELL,-0.16525308520855803
31,c4_hybrid_tri,C4_hybrid_tri,spread_BUY_SELL,0.37391840156405604
31,c4_hybrid_tri,C4_hybrid_tri,hit_ratio,0.5627376425855514
31,c4_hybrid_tri,C4_hybrid_tri,turnover,0.35927759992886044
31,c5_hybrid_tri_regime,C5_hybrid_tri_regime,rank_ic,0.0960012532635407
31,c5_hybrid_tri_regime,C5_hybrid_tri_regime,ic_ir,0.9122859628400054
31,c5_hybrid_tri_regime,C5_hybrid_tri_regime,rmse,1.5876882954066154
31,c5_hybrid_tri_regime,C5_hybrid_tri_regime,hit_ratio_sign,0.5284356614874038
31,c5_hybrid_tri_regime,C5_hybrid_tri_regime,ret_BUY,0.19392038569634193
31,c5_hybrid_tri_regime,C5_hybrid_tri_regime,ret_NEUTRAL,0.05200729791656555
31,c5_hybrid_tri_regime,C5_hybrid_tri_regime,ret_SELL,-0.0725033550040764
31,c5_hybrid_tri_regime,C5_hybrid_tri_regime,spread_BUY_SELL,0.2664237407004183
31,c5_hybrid_tri_regime,C5_hybrid_tri_regime,hit_ratio,0.5298507462686567
31,c5_hybrid_tri_regime,C5_hybrid_tri_regime,turnover,0.35866457694188786
32,c1_ridge,C1_ridge,rank_ic,0.08236582180263816
32,c1_ridge,C1_ridge,ic_ir,0.5836477426307862
32,c1_ridge,C1_ridge,rmse,1.6039948421146064
32,c1_ridge,C1_ridge,hit_ratio_sign,0.5204036207152396
32,c1_ridge,C1_ridge,ret_BUY,0.18798718473744078
32,c1_ridge,C1_ridge,ret_NEUTRAL,0.15762389586338463
32,c1_ridge,C1_ridge,ret_SELL,-0.3772902939157465
32,c1_ridge,C1_ridge,spread_BUY_SELL,0.5652774786531872
32,c1_ridge,C1_ridge,hit_ratio,0.5592105263157895
32,c1_ridge,C1_ridge,turnover,0.3628832442067736
32,c2_rf,C2_rf,rank_ic,0.06936360980160858
32,c2_rf,C2_rf,ic_ir,0.5316951631159254
32,c2_rf,C2_rf,rmse,1.5559668690208184
32,c2_rf,C2_rf,hit_ratio_sign,0.4976999554830093
32,c2_rf,C2_rf,ret_BUY,0.5138803976646824
32,c2_rf,C2_rf,ret_NEUTRAL,0.06174547684550751
32,c2_rf,C2_rf,ret_SELL,-1.4803273803013806
32,c2_rf,C2_rf,spread_BUY_SELL,1.994207777966063
32,c2_rf,C2_rf,hit_ratio,0.5555555555555556
32,c2_rf,C2_rf,turnover,0.30604872251931076
32,c3_lightgbm,C3_lightgbm,rank_ic,0.17662702172806025
32,c3_lightgbm,C3_lightgbm,ic_ir,0.9550609115534868
32,c3_lightgbm,C3_lightgbm,rmse,1.639521653786986
32,c3_lightgbm,C3_lightgbm,hit_ratio_sign,0.5687787505564624
32,c3_lightgbm,C3_lightgbm,ret_BUY,0.31491805309663456
32,c3_lightgbm,C3_lightgbm,ret_NEUTRAL,-0.19920382303668446
32,c3_lightgbm,C3_lightgbm,ret_SELL,-0.14362236098584003
32,c3_lightgbm,C3_lightgbm,spread_BUY_SELL,0.4585404140824746
32,c3_lightgbm,C3_lightgbm,hit_ratio,0.5703703703703704
32,c3_lightgbm,C3_lightgbm,turnover,0.42438700732818385
32,c4_hybrid_tri,C4_hybrid_tri,rank_ic,0.15507367685827425
32,c4_hybrid_tri,C4_hybrid_tri,ic_ir,1.4193858452811723
32,c4_hybrid_tri,C4_hybrid_tri,rmse,1.5750846947470287
32,c4_hybrid_tri,C4_hybrid_tri,hit_ratio_sign,0.5520106840777563
32,c4_hybrid_tri,C4_hybrid_tri,ret_BUY,0.2888442830092326
32,c4_hybrid_tri,C4_hybrid_tri,ret_NEUTRAL,0.2172170674047989
32,c4_hybrid_tri,C4_hybrid_tri,ret_SELL,-0.18404147251547912
32,c4_hybrid_tri,C4_hybrid_tri,spread_BUY_SELL,0.4728857555247117
32,c4_hybrid_tri,C4_hybrid_tri,hit_ratio,0.5905797101449275
32,c4_hybrid_tri,C4_hybrid_tri,turnover,0.40118884927708465
32,c5_hybrid_tri_regime,C5_hybrid_tri_regime,rank_ic,0.14628292385819605
32,c5_hybrid_tri_regime,C5_hybrid_tri_regime,ic_ir,1.3562673737264617
32,c5_hybrid_tri_regime,C5_hybrid_tri_regime,rmse,1.569493740272412
32,c5_hybrid_tri_regime,C5_hybrid_tri_regime,hit_ratio_sign,0.5416233862590889
32,c5_hybrid_tri_regime,C5_hybrid_tri_regime,ret_BUY,0.27033404676639794
32,c5_hybrid_tri_regime,C5_hybrid_tri_regime,ret_NEUTRAL,0.24076981015576288
32,c5_hybrid_tri_regime,C5_hybrid_tri_regime,ret_SELL,-0.1761625839505389
32,c5_hybrid_tri_regime,C5_hybrid_tri_regime,spread_BUY_SELL,0.44649663071693685
32,c5_hybrid_tri_regime,C5_hybrid_tri_regime,hit_ratio,0.587360594795539
32,c5_hybrid_tri_regime,C5_hybrid_tri_regime,turnover,0.4550717963953258
33,c1_ridge,C1_ridge,rank_ic,0.08651582346732255
33,c1_ridge,C1_ridge,ic_ir,0.5824435218610928
33,c1_ridge,C1_ridge,rmse,1.526033103587644
33,c1_ridge,C1_ridge,hit_ratio_sign,0.5219117647058824
33,c1_ridge,C1_ridge,ret_BUY,0.2794271830799071
33,c1_ridge,C1_ridge,ret_NEUTRAL,0.07117447357643507
33,c1_ridge,C1_ridge,ret_SELL,-0.017479942514003727
33,c1_ridge,C1_ridge,spread_BUY_SELL,0.29690712559391086
33,c1_ridge,C1_ridge,hit_ratio,0.5588235294117647
33,c1_ridge,C1_ridge,turnover,0.40239727592668767
33,c2_rf,C2_rf,rank_ic,0.13711233568111122
33,c2_rf,C2_rf,ic_ir,1.012780436714615
33,c2_rf,C2_rf,rmse,1.4492707279662587
33,c2_rf,C2_rf,hit_ratio_sign,0.5107352941176471
33,c2_rf,C2_rf,ret_BUY,0.820035884259075
33,c2_rf,C2_rf,ret_NEUTRAL,0.1573750052760473
33,c2_rf,C2_rf,ret_SELL,-1.3829556533949965
33,c2_rf,C2_rf,spread_BUY_SELL,2.2029915376540714
33,c2_rf,C2_rf,hit_ratio,0.6739130434782609
33,c2_rf,C2_rf,turnover,0.07219616984322867
33,c3_lightgbm,C3_lightgbm,rank_ic,0.1970020282701769
33,c3_lightgbm,C3_lightgbm,ic_ir,0.8329400871486611
33,c3_lightgbm,C3_lightgbm,rmse,1.4969431995818965
33,c3_lightgbm,C3_lightgbm,hit_ratio_sign,0.5426470588235294
33,c3_lightgbm,C3_lightgbm,ret_BUY,0.36619843062645063
33,c3_lightgbm,C3_lightgbm,ret_NEUTRAL,-0.2414859475242044
33,c3_lightgbm,C3_lightgbm,ret_SELL,-0.13922388096857763
33,c3_lightgbm,C3_lightgbm,spread_BUY_SELL,0.5054223115950283
33,c3_lightgbm,C3_lightgbm,hit_ratio,0.5760869565217391
33,c3_lightgbm,C3_lightgbm,turnover,0.45042156100979625
33,c4_hybrid_tri,C4_hybrid_tri,rank_ic,0.19683429342942993
33,c4_hybrid_tri,C4_hybrid_tri,ic_ir,0.9999136533209014
33,c4_hybrid_tri,C4_hybrid_tri,rmse,1.4706114840118396
33,c4_hybrid_tri,C4_hybrid_tri,hit_ratio_sign,0.5566176470588236
33,c4_hybrid_tri,C4_hybrid_tri,ret_BUY,0.32707646733269047
33,c4_hybrid_tri,C4_hybrid_tri,ret_NEUTRAL,0.07859793172846959
33,c4_hybrid_tri,C4_hybrid_tri,ret_SELL,-0.14200338155563816
33,c4_hybrid_tri,C4_hybrid_tri,spread_BUY_SELL,0.46907984888832865
33,c4_hybrid_tri,C4_hybrid_tri,hit_ratio,0.5919117647058824
33,c4_hybrid_tri,C4_hybrid_tri,turnover,0.45239788533906183
33,c5_hybrid_tri_regime,C5_hybrid_tri_regime,rank_ic,0.19236598169244215
33,c5_hybrid_tri_regime,C5_hybrid_tri_regime,ic_ir,1.1572039219206267
33,c5_hybrid_tri_regime,C5_hybrid_tri_regime,rmse,1.4842483013593086
33,c5_hybrid_tri_regime,C5_hybrid_tri_regime,hit_ratio_sign,0.5602941176470588
33,c5_hybrid_tri_regime,C5_hybrid_tri_regime,ret_BUY,0.2733977443157711
33,c5_hybrid_tri_regime,C5_hybrid_tri_regime,ret_NEUTRAL,0.16860622160311514
33,c5_hybrid_tri_regime,C5_hybrid_tri_regime,ret_SELL,-0.146653356054642
33,c5_hybrid_tri_regime,C5_hybrid_tri_regime,spread_BUY_SELL,0.42005110037041304
33,c5_hybrid_tri_regime,C5_hybrid_tri_regime,hit_ratio,0.5775193798449613
33,c5_hybrid_tri_regime,C5_hybrid_tri_regime,turnover,0.4571825342413577
34,c1_ridge,C1_ridge,rank_ic,0.06254445218180543
34,c1_ridge,C1_ridge,ic_ir,0.33461764701647984
34,c1_ridge,C1_ridge,rmse,1.4480883850561161
34,c1_ridge,C1_ridge,hit_ratio_sign,0.5100671140939598
34,c1_ridge,C1_ridge,ret_BUY,0.16186785567931453
34,c1_ridge,C1_ridge,ret_NEUTRAL,0.01780512253714692
34,c1_ridge,C1_ridge,ret_SELL,0.22948430165411385
34,c1_ridge,C1_ridge,spread_BUY_SELL,-0.06761644597479932
34,c1_ridge,C1_ridge,hit_ratio,0.52
34,c1_ridge,C1_ridge,turnover,0.39270198211374685
34,c2_rf,C2_rf,rank_ic,0.10591411231409564
34,c2_rf,C2_rf,ic_ir,0.6314592051022823
34,c2_rf,C2_rf,rmse,1.419189183484187
34,c2_rf,C2_rf,hit_ratio_sign,0.49903057419835944
34,c2_rf,C2_rf,ret_BUY,0.49147585671636074
34,c2_rf,C2_rf,ret_NEUTRAL,0.18174782965586342
34,c2_rf,C2_rf,ret_SELL,-0.9181520459152951
34,c2_rf,C2_rf,spread_BUY_SELL,1.4096279026316558
34,c2_rf,C2_rf,hit_ratio,0.6862745098039216
34,c2_rf,C2_rf,turnover,0.0870023005317123
34,c3_lightgbm,C3_lightgbm,rank_ic,0.20116991784277877
34,c3_lightgbm,C3_lightgbm,ic_ir,0.7919759917038901
34,c3_lightgbm,C3_lightgbm,rmse,1.425765652506844
34,c3_lightgbm,C3_lightgbm,hit_ratio_sign,0.5358687546607009
34,c3_lightgbm,C3_lightgbm,ret_BUY,0.27269789698964525
34,c3_lightgbm,C3_lightgbm,ret_NEUTRAL,0.0355241283793232
34,c3_lightgbm,C3_lightgbm,ret_SELL,-0.25283483795551387
34,c3_lightgbm,C3_lightgbm,spread_BUY_SELL,0.5255327349451591
34,c3_lightgbm,C3_lightgbm,hit_ratio,0.5601374570446735
34,c3_lightgbm,C3_lightgbm,turnover,0.36810213751390225
34,c4_hybrid_tri,C4_hybrid_tri,rank_ic,0.16704929702630872
34,c4_hybrid_tri,C4_hybrid_tri,ic_ir,0.7613722485430542
34,c4_hybrid_tri,C4_hybrid_tri,rmse,1.4564955914858668
34,c4_hybrid_tri,C4_hybrid_tri,hit_ratio_sign,0.5446681580909769
34,c4_hybrid_tri,C4_hybrid_tri,ret_BUY,0.35759696448189526
34,c4_hybrid_tri,C4_hybrid_tri,ret_NEUTRAL,-0.013384559653540316
34,c4_hybrid_tri,C4_hybrid_tri,ret_SELL,-0.0811091492364327
34,c4_hybrid_tri,C4_hybrid_tri,spread_BUY_SELL,0.43870611371832796
34,c4_hybrid_tri,C4_hybrid_tri,hit_ratio,0.6015325670498084
34,c4_hybrid_tri,C4_hybrid_tri,turnover,0.49318920730685434
34,c5_hybrid_tri_regime,C5_hybrid_tri_regime,rank_ic,0.1564822458707895
34,c5_hybrid_tri_regime,C5_hybrid_tri_regime,ic_ir,0.8161153956025674
34,c5_hybrid_tri_regime,C5_hybrid_tri_regime,rmse,1.4591425218179843
34,c5_hybrid_tri_regime,C5_hybrid_tri_regime,hit_ratio_sign,0.5415361670395228
34,c5_hybrid_tri_regime,C5_hybrid_tri_regime,ret_BUY,0.26443960014662565
34,c5_hybrid_tri_regime,C5_hybrid_tri_regime,ret_NEUTRAL,0.19320667864072258
34,c5_hybrid_tri_regime,C5_hybrid_tri_regime,ret_SELL,-0.1024074678941523
34,c5_hybrid_tri_regime,C5_hybrid_tri_regime,spread_BUY_SELL,0.36684706804077793
34,c5_hybrid_tri_regime,C5_hybrid_tri_regime,hit_ratio,0.5891472868217055
34,c5_hybrid_tri_regime,C5_hybrid_tri_regime,turnover,0.4887295275530569
35,c1_ridge,C1_ridge,rank_ic,0.023709154587182115
35,c1_ridge,C1_ridge,ic_ir,0.11976336321638766
35,c1_ridge,C1_ridge,rmse,1.3841089157698818
35,c1_ridge,C1_ridge,hit_ratio_sign,0.501232419892707
35,c1_ridge,C1_ridge,ret_BUY,0.14435121520059915
35,c1_ridge,C1_ridge,ret_NEUTRAL,0.06739938915968782
35,c1_ridge,C1_ridge,ret_SELL,0.3517568896687974
35,c1_ridge,C1_ridge,spread_BUY_SELL,-0.20740567446819827
35,c1_ridge,C1_ridge,hit_ratio,0.5025641025641026
35,c1_ridge,C1_ridge,turnover,0.37294483294483294
35,c2_rf,C2_rf,rank_ic,0.039274193955483254
35,c2_rf,C2_rf,ic_ir,0.2334054494336704
35,c2_rf,C2_rf,rmse,1.3835501990587644
35,c2_rf,C2_rf,hit_ratio_sign,0.4960127591706539
35,c2_rf,C2_rf,ret_BUY,0.1957694974345623
35,c2_rf,C2_rf,ret_NEUTRAL,0.20191865897766542
35,c2_rf,C2_rf,ret_SELL,-0.17559886657573656
35,c2_rf,C2_rf,spread_BUY_SELL,0.3713683640102988
35,c2_rf,C2_rf,hit_ratio,0.5740740740740741
35,c2_rf,C2_rf,turnover,0.06404299404299403
35,c3_lightgbm,C3_lightgbm,rank_ic,0.17190222895647522
35,c3_lightgbm,C3_lightgbm,ic_ir,0.7953778896514726
35,c3_lightgbm,C3_lightgbm,rmse,1.4897138767666578
35,c3_lightgbm,C3_lightgbm,hit_ratio_sign,0.5545889517181383
35,c3_lightgbm,C3_lightgbm,ret_BUY,0.3300822065182824
35,c3_lightgbm,C3_lightgbm,ret_NEUTRAL,0.12888231076374754
35,c3_lightgbm,C3_lightgbm,ret_SELL,-0.04757263759148469
35,c3_lightgbm,C3_lightgbm,spread_BUY_SELL,0.3776548441097671
35,c3_lightgbm,C3_lightgbm,hit_ratio,0.5862068965517241
35,c3_lightgbm,C3_lightgbm,turnover,0.3745040145040145
35,c4_hybrid_tri,C4_hybrid_tri,rank_ic,0.0980477910782773
35,c4_hybrid_tri,C4_hybrid_tri,ic_ir,0.5358226517249215
35,c4_hybrid_tri,C4_hybrid_tri,rmse,1.4635993087558408
35,c4_hybrid_tri,C4_hybrid_tri,hit_ratio_sign,0.5167464114832536
35,c4_hybrid_tri,C4_hybrid_tri,ret_BUY,0.11238410481460945
35,c4_hybrid_tri,C4_hybrid_tri,ret_NEUTRAL,0.3410204402378121
35,c4_hybrid_tri,C4_hybrid_tri,ret_SELL,0.12736816503170162
35,c4_hybrid_tri,C4_hybrid_tri,spread_BUY_SELL,-0.014984060217092171
35,c4_hybrid_tri,C4_hybrid_tri,hit_ratio,0.5396825396825397
35,c4_hybrid_tri,C4_hybrid_tri,turnover,0.37116032116032116
35,c5_hybrid_tri_regime,C5_hybrid_tri_regime,rank_ic,0.09147370163598947
35,c5_hybrid_tri_regime,C5_hybrid_tri_regime,ic_ir,0.47891464554225666
35,c5_hybrid_tri_regime,C5_hybrid_tri_regime,rmse,1.4608940442575113
35,c5_hybrid_tri_regime,C5_hybrid_tri_regime,hit_ratio_sign,0.5122517036392634
35,c5_hybrid_tri_regime,C5_hybrid_tri_regime,ret_BUY,0.21443077442246075
35,c5_hybrid_tri_regime,C5_hybrid_tri_regime,ret_NEUTRAL,0.2591292003710594
35,c5_hybrid_tri_regime,C5_hybrid_tri_regime,ret_SELL,0.0624232715214441
35,c5_hybrid_tri_regime,C5_hybrid_tri_regime,spread_BUY_SELL,0.15200750290101667
35,c5_hybrid_tri_regime,C5_hybrid_tri_regime,hit_ratio,0.546875
35,c5_hybrid_tri_regime,C5_hybrid_tri_regime,turnover,0.44758093758093753
36,c1_ridge,C1_ridge,rank_ic,-0.09374244541609869
36,c1_ridge,C1_ridge,ic_ir,-0.4237032343843826
36,c1_ridge,C1_ridge,rmse,1.4222271752879583
36,c1_ridge,C1_ridge,hit_ratio_sign,0.4697560271401761
36,c1_ridge,C1_ridge,ret_BUY,0.13266595752258284
36,c1_ridge,C1_ridge,ret_NEUTRAL,0.031961329036186446
36,c1_ridge,C1_ridge,ret_SELL,0.4832541123714
36,c1_ridge,C1_ridge,spread_BUY_SELL,-0.3505881548488171
36,c1_ridge,C1_ridge,hit_ratio,0.45714285714285713
36,c1_ridge,C1_ridge,turnover,0.4020292914632537
36,c2_rf,C2_rf,rank_ic,-0.025136780995356805
36,c2_rf,C2_rf,ic_ir,-0.16746515773811982
36,c2_rf,C2_rf,rmse,1.4957670907965182
36,c2_rf,C2_rf,hit_ratio_sign,0.5224483903565758
36,c2_rf,C2_rf,ret_BUY,-0.008229134963623767
36,c2_rf,C2_rf,ret_NEUTRAL,0.27487745873722713
36,c2_rf,C2_rf,ret_SELL,-0.19753633122073286
36,c2_rf,C2_rf,spread_BUY_SELL,0.1893071962571091
36,c2_rf,C2_rf,hit_ratio,0.56
36,c2_rf,C2_rf,turnover,0.06823855389893127
36,c3_lightgbm,C3_lightgbm,rank_ic,0.11886010108615641
36,c3_lightgbm,C3_lightgbm,ic_ir,0.6247307496185591
36,c3_lightgbm,C3_lightgbm,rmse,1.4434200185628778
36,c3_lightgbm,C3_lightgbm,hit_ratio_sign,0.5505991049516386
36,c3_lightgbm,C3_lightgbm,ret_BUY,0.4072050071104469
36,c3_lightgbm,C3_lightgbm,ret_NEUTRAL,0.1322721082729081
36,c3_lightgbm,C3_lightgbm,ret_SELL,-0.24270083626033842
36,c3_lightgbm,C3_lightgbm,spread_BUY_SELL,0.6499058433707853
36,c3_lightgbm,C3_lightgbm,hit_ratio,0.5933609958506224
36,c3_lightgbm,C3_lightgbm,turnover,0.383516295025729
36,c4_hybrid_tri,C4_hybrid_tri,rank_ic,0.00032215976331673304
36,c4_hybrid_tri,C4_hybrid_tri,ic_ir,0.0015191168891137462
36,c4_hybrid_tri,C4_hybrid_tri,rmse,1.590136012230685
36,c4_hybrid_tri,C4_hybrid_tri,hit_ratio_sign,0.4940089504836148
36,c4_hybrid_tri,C4_hybrid_tri,ret_BUY,0.20362989755906893
36,c4_hybrid_tri,C4_hybrid_tri,ret_NEUTRAL,0.1635892231155375
36,c4_hybrid_tri,C4_hybrid_tri,ret_SELL,0.27601842077361616
36,c4_hybrid_tri,C4_hybrid_tri,spread_BUY_SELL,-0.07238852321454722
36,c4_hybrid_tri,C4_hybrid_tri,hit_ratio,0.5138339920948617
36,c4_hybrid_tri,C4_hybrid_tri,turnover,0.4241944847605225
36,c5_hybrid_tri_regime,C5_hybrid_tri_regime,rank_ic,-0.011198844431903518
36,c5_hybrid_tri_regime,C5_hybrid_tri_regime,ic_ir,-0.053964950446256994
36,c5_hybrid_tri_regime,C5_hybrid_tri_regime,rmse,1.6049991969207584
36,c5_hybrid_tri_regime,C5_hybrid_tri_regime,hit_ratio_sign,0.4880900822867042
36,c5_hybrid_tri_regime,C5_hybrid_tri_regime,ret_BUY,0.22123174408255353
36,c5_hybrid_tri_regime,C5_hybrid_tri_regime,ret_NEUTRAL,0.15842400523869263
36,c5_hybrid_tri_regime,C5_hybrid_tri_regime,ret_SELL,0.2579043638567527
36,c5_hybrid_tri_regime,C5_hybrid_tri_regime,spread_BUY_SELL,-0.03667261977419917
36,c5_hybrid_tri_regime,C5_hybrid_tri_regime,hit_ratio,0.5116279069767442
36,c5_hybrid_tri_regime,C5_hybrid_tri_regime,turnover,0.40574614065180103
37,c1_ridge,C1_ridge,rank_ic,-0.18276909750060347
37,c1_ridge,C1_ridge,ic_ir,-1.034788616973374
37,c1_ridge,C1_ridge,rmse,1.4249469323119057
37,c1_ridge,C1_ridge,hit_ratio_sign,0.4477397063057875
37,c1_ridge,C1_ridge,ret_BUY,0.06462682429801693
37,c1_ridge,C1_ridge,ret_NEUTRAL,0.09949433098257217
37,c1_ridge,C1_ridge,ret_SELL,0.7212072813520555
37,c1_ridge,C1_ridge,spread_BUY_SELL,-0.6565804570540386
37,c1_ridge,C1_ridge,hit_ratio,0.4046511627906977
37,c1_ridge,C1_ridge,turnover,0.3983309143686502
37,c2_rf,C2_rf,rank_ic,-0.06637602569048756
37,c2_rf,C2_rf,ic_ir,-0.4800901543058999
37,c2_rf,C2_rf,rmse,1.5346558438301503
37,c2_rf,C2_rf,hit_ratio_sign,0.5328246472790095
37,c2_rf,C2_rf,ret_BUY,-0.1796738306696584
37,c2_rf,C2_rf,ret_NEUTRAL,0.3111678444970578
37,c2_rf,C2_rf,ret_SELL,1.161668387495978
37,c2_rf,C2_rf,spread_BUY_SELL,-1.3413422181656363
37,c2_rf,C2_rf,hit_ratio,0.42857142857142855
37,c2_rf,C2_rf,turnover,0.0688679245283019
37,c3_lightgbm,C3_lightgbm,rank_ic,0.14716803208878038
37,c3_lightgbm,C3_lightgbm,ic_ir,0.7920220652047392
37,c3_lightgbm,C3_lightgbm,rmse,1.4339433413536595
37,c3_lightgbm,C3_lightgbm,hit_ratio_sign,0.5817736826950763
37,c3_lightgbm,C3_lightgbm,ret_BUY,0.43397830674513765
37,c3_lightgbm,C3_lightgbm,ret_NEUTRAL,0.020780769373894833
37,c3_lightgbm,C3_lightgbm,ret_SELL,0.26215640858840034
37,c3_lightgbm,C3_lightgbm,spread_BUY_SELL,0.17182189815673732
37,c3_lightgbm,C3_lightgbm,hit_ratio,0.6129032258064516
37,c3_lightgbm,C3_lightgbm,turnover,0.4369375907111757
37,c4_hybrid_tri,C4_hybrid_tri,rank_ic,-0.04477141412072028
37,c4_hybrid_tri,C4_hybrid_tri,ic_ir,-0.24251377378638653
37,c4_hybrid_tri,C4_hybrid_tri,rmse,1.6034191968176033
37,c4_hybrid_tri,C4_hybrid_tri,hit_ratio_sign,0.5001439677512237
37,c4_hybrid_tri,C4_hybrid_tri,ret_BUY,0.1797636265461953
37,c4_hybrid_tri,C4_hybrid_tri,ret_NEUTRAL,0.11978370459038322
37,c4_hybrid_tri,C4_hybrid_tri,ret_SELL,0.6179826068221784
37,c4_hybrid_tri,C4_hybrid_tri,spread_BUY_SELL,-0.43821898027598316
37,c4_hybrid_tri,C4_hybrid_tri,hit_ratio,0.4763779527559055
37,c4_hybrid_tri,C4_hybrid_tri,turnover,0.4330914368650218
37,c5_hybrid_tri_regime,C5_hybrid_tri_regime,rank_ic,-0.042676869284251615
37,c5_hybrid_tri_regime,C5_hybrid_tri_regime,ic_ir,-0.22691041821027477
37,c5_hybrid_tri_regime,C5_hybrid_tri_regime,rmse,1.614067678970704
37,c5_hybrid_tri_regime,C5_hybrid_tri_regime,hit_ratio_sign,0.5018715807659084
37,c5_hybrid_tri_regime,C5_hybrid_tri_regime,ret_BUY,0.20204085397306748
37,c5_hybrid_tri_regime,C5_hybrid_tri_regime,ret_NEUTRAL,0.094188688341431
37,c5_hybrid_tri_regime,C5_hybrid_tri_regime,ret_SELL,0.6029870803513453
37,c5_hybrid_tri_regime,C5_hybrid_tri_regime,spread_BUY_SELL,-0.4009462263782778
37,c5_hybrid_tri_regime,C5_hybrid_tri_regime,hit_ratio,0.4669260700389105
37,c5_hybrid_tri_regime,C5_hybrid_tri_regime,turnover,0.44441219158200285
38,c1_ridge,C1_ridge,rank_ic,-0.2210119100553068
38,c1_ridge,C1_ridge,ic_ir,-1.3397528202553939
38,c1_ridge,C1_ridge,rmse,1.4335753167759289
38,c1_ridge,C1_ridge,hit_ratio_sign,0.444142468888571
38,c1_ridge,C1_ridge,ret_BUY,-0.005955958329709751
38,c1_ridge,C1_ridge,ret_NEUTRAL,0.011274013398207293
38,c1_ridge,C1_ridge,ret_SELL,0.7140168448775037
38,c1_ridge,C1_ridge,spread_BUY_SELL,-0.7199728032072135
38,c1_ridge,C1_ridge,hit_ratio,0.38596491228070173
38,c1_ridge,C1_ridge,turnover,0.3669296740994854
38,c2_rf,C2_rf,rank_ic,-0.03972667322284062
38,c2_rf,C2_rf,ic_ir,-0.3276187131817228
38,c2_rf,C2_rf,rmse,1.6997533301408037
38,c2_rf,C2_rf,hit_ratio_sign,0.5102274352739237
38,c2_rf,C2_rf,ret_BUY,0.27630593962263267
38,c2_rf,C2_rf,ret_NEUTRAL,0.23567218969786155
38,c2_rf,C2_rf,ret_SELL,1.124229946236804
38,c2_rf,C2_rf,spread_BUY_SELL,-0.8479240066141713
38,c2_rf,C2_rf,hit_ratio,0.5043478260869565
38,c2_rf,C2_rf,turnover,0.08334872674495317
38,c3_lightgbm,C3_lightgbm,rank_ic,0.09643869868178165
38,c3_lightgbm,C3_lightgbm,ic_ir,0.4069939920441572
38,c3_lightgbm,C3_lightgbm,rmse,1.668759614034967
38,c3_lightgbm,C3_lightgbm,hit_ratio_sign,0.571305964811901
38,c3_lightgbm,C3_lightgbm,ret_BUY,0.3809720856866899
38,c3_lightgbm,C3_lightgbm,ret_NEUTRAL,0.20324352859389822
38,c3_lightgbm,C3_lightgbm,ret_SELL,0.242930556594877
38,c3_lightgbm,C3_lightgbm,spread_BUY_SELL,0.1380415290918129
38,c3_lightgbm,C3_lightgbm,hit_ratio,0.5892857142857143
38,c3_lightgbm,C3_lightgbm,turnover,0.48928882438316396
38,c4_hybrid_tri,C4_hybrid_tri,rank_ic,-0.10070474871116328
38,c4_hybrid_tri,C4_hybrid_tri,ic_ir,-0.4882859775165083
38,c4_hybrid_tri,C4_hybrid_tri,rmse,1.682417429882407
38,c4_hybrid_tri,C4_hybrid_tri,hit_ratio_sign,0.4900586468316407
38,c4_hybrid_tri,C4_hybrid_tri,ret_BUY,0.1558976927960963
38,c4_hybrid_tri,C4_hybrid_tri,ret_NEUTRAL,0.20865991754937266
38,c4_hybrid_tri,C4_hybrid_tri,ret_SELL,0.5329597608345353
38,c4_hybrid_tri,C4_hybrid_tri,spread_BUY_SELL,-0.377062068038439
38,c4_hybrid_tri,C4_hybrid_tri,hit_ratio,0.4666666666666667
38,c4_hybrid_tri,C4_hybrid_tri,turnover,0.4282504288164666
38,c5_hybrid_tri_regime,C5_hybrid_tri_regime,rank_ic,-0.08805031639079669
38,c5_hybrid_tri_regime,C5_hybrid_tri_regime,ic_ir,-0.43932440932088795
38,c5_hybrid_tri_regime,C5_hybrid_tri_regime,rmse,1.6828553266306578
38,c5_hybrid_tri_regime,C5_hybrid_tri_regime,hit_ratio_sign,0.4994993563152625
38,c5_hybrid_tri_regime,C5_hybrid_tri_regime,ret_BUY,0.09137107374259054
38,c5_hybrid_tri_regime,C5_hybrid_tri_regime,ret_NEUTRAL,0.33438014337985555
38,c5_hybrid_tri_regime,C5_hybrid_tri_regime,ret_SELL,0.5746400023394013
38,c5_hybrid_tri_regime,C5_hybrid_tri_regime,spread_BUY_SELL,-0.4832689285968107
38,c5_hybrid_tri_regime,C5_hybrid_tri_regime,hit_ratio,0.46332046332046334
38,c5_hybrid_tri_regime,C5_hybrid_tri_regime,turnover,0.3674218234595593
39,c1_ridge,C1_ridge,rank_ic,-0.22768215499282762
39,c1_ridge,C1_ridge,ic_ir,-1.6195806485958724
39,c1_ridge,C1_ridge,rmse,1.362730178046578
39,c1_ridge,C1_ridge,hit_ratio_sign,0.4413052691058059
39,c1_ridge,C1_ridge,ret_BUY,-0.017497212902104653
39,c1_ridge,C1_ridge,ret_NEUTRAL,0.06296158258520028
39,c1_ridge,C1_ridge,ret_SELL,0.6558763451403359
39,c1_ridge,C1_ridge,spread_BUY_SELL,-0.6733735580424405
39,c1_ridge,C1_ridge,hit_ratio,0.4199134199134199
39,c1_ridge,C1_ridge,turnover,0.4011977644996513
39,c2_rf,C2_rf,rank_ic,-0.11354759528788956
39,c2_rf,C2_rf,ic_ir,-0.8825623143512588
39,c2_rf,C2_rf,rmse,1.6578930783233243
39,c2_rf,C2_rf,hit_ratio_sign,0.5311484672976409
39,c2_rf,C2_rf,ret_BUY,0.08959399420638545
39,c2_rf,C2_rf,ret_NEUTRAL,0.2293283966369389
39,c2_rf,C2_rf,ret_SELL,1.203004665155811
39,c2_rf,C2_rf,spread_BUY_SELL,-1.1134106709494256
39,c2_rf,C2_rf,hit_ratio,0.41304347826086957
39,c2_rf,C2_rf,turnover,0.06761681714511904
39,c3_lightgbm,C3_lightgbm,rank_ic,0.015321910431689985
39,c3_lightgbm,C3_lightgbm,ic_ir,0.10331225876923092
39,c3_lightgbm,C3_lightgbm,rmse,1.6035936679952527
39,c3_lightgbm,C3_lightgbm,hit_ratio_sign,0.5466873852239017
39,c3_lightgbm,C3_lightgbm,ret_BUY,0.2827604090755421
39,c3_lightgbm,C3_lightgbm,ret_NEUTRAL,0.22973732954565548
39,c3_lightgbm,C3_lightgbm,ret_SELL,0.3714769663636588
39,c3_lightgbm,C3_lightgbm,spread_BUY_SELL,-0.08871655728811667
39,c3_lightgbm,C3_lightgbm,hit_ratio,0.5775193798449613
39,c3_lightgbm,C3_lightgbm,turnover,0.38786637890411474
39,c4_hybrid_tri,C4_hybrid_tri,rank_ic,-0.1487603992150846
39,c4_hybrid_tri,C4_hybrid_tri,ic_ir,-1.0169505536156418
39,c4_hybrid_tri,C4_hybrid_tri,rmse,1.6722661795469635
39,c4_hybrid_tri,C4_hybrid_tri,hit_ratio_sign,0.48834581155530443
39,c4_hybrid_tri,C4_hybrid_tri,ret_BUY,0.12134290168964569
39,c4_hybrid_tri,C4_hybrid_tri,ret_NEUTRAL,0.24963443961310877
39,c4_hybrid_tri,C4_hybrid_tri,ret_SELL,0.5515238391424254
39,c4_hybrid_tri,C4_hybrid_tri,spread_BUY_SELL,-0.43018093745277974
39,c4_hybrid_tri,C4_hybrid_tri,hit_ratio,0.5
39,c4_hybrid_tri,C4_hybrid_tri,turnover,0.4211005032703146
39,c5_hybrid_tri_regime,C5_hybrid_tri_regime,rank_ic,-0.17789685306215075
39,c5_hybrid_tri_regime,C5_hybrid_tri_regime,ic_ir,-1.2673423602123763
39,c5_hybrid_tri_regime,C5_hybrid_tri_regime,rmse,1.6733095210324747
39,c5_hybrid_tri_regime,C5_hybrid_tri_regime,hit_ratio_sign,0.47746856900692186
39,c5_hybrid_tri_regime,C5_hybrid_tri_regime,ret_BUY,0.13315551453740268
39,c5_hybrid_tri_regime,C5_hybrid_tri_regime,ret_NEUTRAL,0.23767422151889328
39,c5_hybrid_tri_regime,C5_hybrid_tri_regime,ret_SELL,0.5735987856695766
39,c5_hybrid_tri_regime,C5_hybrid_tri_regime,spread_BUY_SELL,-0.44044327113217385
39,c5_hybrid_tri_regime,C5_hybrid_tri_regime,hit_ratio,0.5055350553505535
39,c5_hybrid_tri_regime,C5_hybrid_tri_regime,turnover,0.3769572879950239
40,c1_ridge,C1_ridge,rank_ic,-0.20340396004708886
40,c1_ridge,C1_ridge,ic_ir,-1.5612888444545565
40,c1_ridge,C1_ridge,rmse,1.3227877279598468
40,c1_ridge,C1_ridge,hit_ratio_sign,0.45733646798506433
40,c1_ridge,C1_ridge,ret_BUY,0.029485620449813687
40,c1_ridge,C1_ridge,ret_NEUTRAL,0.09293052223206447
40,c1_ridge,C1_ridge,ret_SELL,0.6514411634484429
40,c1_ridge,C1_ridge,spread_BUY_SELL,-0.6219555429986292
40,c1_ridge,C1_ridge,hit_ratio,0.41810344827586204
40,c1_ridge,C1_ridge,turnover,0.42702137485156355
40,c2_rf,C2_rf,rank_ic,-0.09881495240014533
40,c2_rf,C2_rf,ic_ir,-0.8785019414374684
40,c2_rf,C2_rf,rmse,1.6224359158685056
40,c2_rf,C2_rf,hit_ratio_sign,0.5367169132900014
40,c2_rf,C2_rf,ret_BUY,0.18028439882012365
40,c2_rf,C2_rf,ret_NEUTRAL,0.21170825498591714
40,c2_rf,C2_rf,ret_SELL,1.2192117069849342
40,c2_rf,C2_rf,spread_BUY_SELL,-1.0389273081648105
40,c2_rf,C2_rf,hit_ratio,0.44086021505376344
40,c2_rf,C2_rf,turnover,0.07009697849320491
40,c3_lightgbm,C3_lightgbm,rank_ic,0.13973665913064848
40,c3_lightgbm,C3_lightgbm,ic_ir,0.4479129848593093
40,c3_lightgbm,C3_lightgbm,rmse,1.4319786036821747
40,c3_lightgbm,C3_lightgbm,hit_ratio_sign,0.5674180611257088
40,c3_lightgbm,C3_lightgbm,ret_BUY,0.3521291974269872
40,c3_lightgbm,C3_lightgbm,ret_NEUTRAL,0.13912240183392124
40,c3_lightgbm,C3_lightgbm,ret_SELL,0.25974238342012074
40,c3_lightgbm,C3_lightgbm,spread_BUY_SELL,0.09238681400686644
40,c3_lightgbm,C3_lightgbm,hit_ratio,0.5661764705882353
40,c3_lightgbm,C3_lightgbm,turnover,0.4610423538725425
40,c4_hybrid_tri,C4_hybrid_tri,rank_ic,-0.0944799645254355
40,c4_hybrid_tri,C4_hybrid_tri,ic_ir,-0.4964628283291515
40,c4_hybrid_tri,C4_hybrid_tri,rmse,1.5746106837436973
40,c4_hybrid_tri,C4_hybrid_tri,hit_ratio_sign,0.4891439634905269
40,c4_hybrid_tri,C4_hybrid_tri,ret_BUY,0.13815804677801385
40,c4_hybrid_tri,C4_hybrid_tri,ret_NEUTRAL,0.2785251106292421
40,c4_hybrid_tri,C4_hybrid_tri,ret_SELL,0.49285323932458786
40,c4_hybrid_tri,C4_hybrid_tri,spread_BUY_SELL,-0.354695192546574
40,c4_hybrid_tri,C4_hybrid_tri,hit_ratio,0.501779359430605
40,c4_hybrid_tri,C4_hybrid_tri,turnover,0.39424942981546757
40,c5_hybrid_tri_regime,C5_hybrid_tri_regime,rank_ic,-0.10598298672933665
40,c5_hybrid_tri_regime,C5_hybrid_tri_regime,ic_ir,-0.5900002037995888
40,c5_hybrid_tri_regime,C5_hybrid_tri_regime,rmse,1.57026468957768
40,c5_hybrid_tri_regime,C5_hybrid_tri_regime,hit_ratio_sign,0.4884524961969299
40,c5_hybrid_tri_regime,C5_hybrid_tri_regime,ret_BUY,0.109833893024346
40,c5_hybrid_tri_regime,C5_hybrid_tri_regime,ret_NEUTRAL,0.37127446817857357
40,c5_hybrid_tri_regime,C5_hybrid_tri_regime,ret_SELL,0.49991767403949305
40,c5_hybrid_tri_regime,C5_hybrid_tri_regime,spread_BUY_SELL,-0.39008378101514707
40,c5_hybrid_tri_regime,C5_hybrid_tri_regime,hit_ratio,0.49642857142857144
40,c5_hybrid_tri_regime,C5_hybrid_tri_regime,turnover,0.4310053154392778
41,c1_ridge,C1_ridge,rank_ic,-0.22547203011445338
41,c1_ridge,C1_ridge,ic_ir,-1.7460758392940232
41,c1_ridge,C1_ridge,rmse,1.2731296762768096
41,c1_ridge,C1_ridge,hit_ratio_sign,0.44141386028388535
41,c1_ridge,C1_ridge,ret_BUY,-0.014281581053531212
41,c1_ridge,C1_ridge,ret_NEUTRAL,0.07015295438408554
41,c1_ridge,C1_ridge,ret_SELL,0.5733428928333159
41,c1_ridge,C1_ridge,spread_BUY_SELL,-0.587624473886847
41,c1_ridge,C1_ridge,hit_ratio,0.4189189189189189
41,c1_ridge,C1_ridge,turnover,0.41338661338661337
41,c2_rf,C2_rf,rank_ic,0.0281066332012766
41,c2_rf,C2_rf,ic_ir,0.18913499545747403
41,c2_rf,C2_rf,rmse,1.3321190053243532
41,c2_rf,C2_rf,hit_ratio_sign,0.5567770665182299
41,c2_rf,C2_rf,ret_BUY,0.2619464668448029
41,c2_rf,C2_rf,ret_NEUTRAL,0.020813432512348483
41,c2_rf,C2_rf,ret_SELL,0.5460720092734681
41,c2_rf,C2_rf,spread_BUY_SELL,-0.2841255424286652
41,c2_rf,C2_rf,hit_ratio,0.5601659751037344
41,c2_rf,C2_rf,turnover,0.04717282717282717
41,c3_lightgbm,C3_lightgbm,rank_ic,0.228157410340651
41,c3_lightgbm,C3_lightgbm,ic_ir,0.8198687566056913
41,c3_lightgbm,C3_lightgbm,rmse,1.2645580222696398
41,c3_lightgbm,C3_lightgbm,hit_ratio_sign,0.5993598664069023
41,c3_lightgbm,C3_lightgbm,ret_BUY,0.37304302859103544
41,c3_lightgbm,C3_lightgbm,ret_NEUTRAL,0.020647053881733508
41,c3_lightgbm,C3_lightgbm,ret_SELL,0.08412656478130853
41,c3_lightgbm,C3_lightgbm,spread_BUY_SELL,0.2889164638097269
41,c3_lightgbm,C3_lightgbm,hit_ratio,0.6174242424242424
41,c3_lightgbm,C3_lightgbm,turnover,0.44034465534465533
41,c4_hybrid_tri,C4_hybrid_tri,rank_ic,-0.006269453334405213
41,c4_hybrid_tri,C4_hybrid_tri,ic_ir,-0.030972453187440765
41,c4_hybrid_tri,C4_hybrid_tri,rmse,1.4284822751846726
41,c4_hybrid_tri,C4_hybrid_tri,hit_ratio_sign,0.5050097411633733
41,c4_hybrid_tri,C4_hybrid_tri,ret_BUY,0.21039790143790385
41,c4_hybrid_tri,C4_hybrid_tri,ret_NEUTRAL,0.14055487830616262
41,c4_hybrid_tri,C4_hybrid_tri,ret_SELL,0.2454411456930898
41,c4_hybrid_tri,C4_hybrid_tri,spread_BUY_SELL,-0.03504324425518596
41,c4_hybrid_tri,C4_hybrid_tri,hit_ratio,0.49814126394052044
41,c4_hybrid_tri,C4_hybrid_tri,turnover,0.4264935064935065
41,c5_hybrid_tri_regime,C5_hybrid_tri_regime,rank_ic,0.00033208798692525404
41,c5_hybrid_tri_regime,C5_hybrid_tri_regime,ic_ir,0.0017789394399873222
41,c5_hybrid_tri_regime,C5_hybrid_tri_regime,rmse,1.4215961285570304
41,c5_hybrid_tri_regime,C5_hybrid_tri_regime,hit_ratio_sign,0.5130809908154745
41,c5_hybrid_tri_regime,C5_hybrid_tri_regime,ret_BUY,0.2599604258835275
41,c5_hybrid_tri_regime,C5_hybrid_tri_regime,ret_NEUTRAL,0.223220158127333
41,c5_hybrid_tri_regime,C5_hybrid_tri_regime,ret_SELL,0.14803981372493932
41,c5_hybrid_tri_regime,C5_hybrid_tri_regime,spread_BUY_SELL,0.1119206121585882
41,c5_hybrid_tri_regime,C5_hybrid_tri_regime,hit_ratio,0.516245487364621
41,c5_hybrid_tri_regime,C5_hybrid_tri_regime,turnover,0.45450049950049953
42,c1_ridge,C1_ridge,rank_ic,-0.15311584845221626
42,c1_ridge,C1_ridge,ic_ir,-1.1500073207109922
42,c1_ridge,C1_ridge,rmse,1.1958072602496177
42,c1_ridge,C1_ridge,hit_ratio_sign,0.4651876656899679
42,c1_ridge,C1_ridge,ret_BUY,-0.005887390244557007
42,c1_ridge,C1_ridge,ret_NEUTRAL,0.10598284957951831
42,c1_ridge,C1_ridge,ret_SELL,0.41831634999222417
42,c1_ridge,C1_ridge,spread_BUY_SELL,-0.4242037402367812
42,c1_ridge,C1_ridge,hit_ratio,0.4258373205741627
42,c1_ridge,C1_ridge,turnover,0.4398901098901099
42,c2_rf,C2_rf,rank_ic,0.01164883001906877
42,c2_rf,C2_rf,ic_ir,0.08552421818629154
42,c2_rf,C2_rf,rmse,1.374156314225616
42,c2_rf,C2_rf,hit_ratio_sign,0.5643923538440072
42,c2_rf,C2_rf,ret_BUY,0.13521871240734223
42,c2_rf,C2_rf,ret_NEUTRAL,0.09470229343536024
42,c2_rf,C2_rf,ret_SELL,0.6621314259450785
42,c2_rf,C2_rf,spread_BUY_SELL,-0.5269127135377363
42,c2_rf,C2_rf,hit_ratio,0.5529411764705883
42,c2_rf,C2_rf,turnover,0.03975524475524476
42,c3_lightgbm,C3_lightgbm,rank_ic,0.2271114682963795
42,c3_lightgbm,C3_lightgbm,ic_ir,0.9730072228979336
42,c3_lightgbm,C3_lightgbm,rmse,1.309359284715848
42,c3_lightgbm,C3_lightgbm,hit_ratio_sign,0.6108553090553928
42,c3_lightgbm,C3_lightgbm,ret_BUY,0.2431859081540158
42,c3_lightgbm,C3_lightgbm,ret_NEUTRAL,0.027901463386981268
42,c3_lightgbm,C3_lightgbm,ret_SELL,0.05297375519966321
42,c3_lightgbm,C3_lightgbm,spread_BUY_SELL,0.1902121529543526
42,c3_lightgbm,C3_lightgbm,hit_ratio,0.602112676056338
42,c3_lightgbm,C3_lightgbm,turnover,0.37133866133866134
42,c4_hybrid_tri,C4_hybrid_tri,rank_ic,0.012251193750381516
42,c4_hybrid_tri,C4_hybrid_tri,ic_ir,0.05803661519964524
42,c4_hybrid_tri,C4_hybrid_tri,rmse,1.3757210957258716
42,c4_hybrid_tri,C4_hybrid_tri,hit_ratio_sign,0.5271382726384819
42,c4_hybrid_tri,C4_hybrid_tri,ret_BUY,0.12680992715030606
42,c4_hybrid_tri,C4_hybrid_tri,ret_NEUTRAL,0.1423357645714111
42,c4_hybrid_tri,C4_hybrid_tri,ret_SELL,0.21763554243221636
42,c4_hybrid_tri,C4_hybrid_tri,spread_BUY_SELL,-0.0908256152819103
42,c4_hybrid_tri,C4_hybrid_tri,hit_ratio,0.48863636363636365
42,c4_hybrid_tri,C4_hybrid_tri,turnover,0.41102897102897107
42,c5_hybrid_tri_regime,C5_hybrid_tri_regime,rank_ic,0.007528281879069096
42,c5_hybrid_tri_regime,C5_hybrid_tri_regime,ic_ir,0.03460779171519659
42,c5_hybrid_tri_regime,C5_hybrid_tri_regime,rmse,1.385583445449414
42,c5_hybrid_tri_regime,C5_hybrid_tri_regime,hit_ratio_sign,0.52420817636389
42,c5_hybrid_tri_regime,C5_hybrid_tri_regime,ret_BUY,0.1579575156001282
42,c5_hybrid_tri_regime,C5_hybrid_tri_regime,ret_NEUTRAL,0.14359680333395677
42,c5_hybrid_tri_regime,C5_hybrid_tri_regime,ret_SELL,0.1748624300989878
42,c5_hybrid_tri_regime,C5_hybrid_tri_regime,spread_BUY_SELL,-0.016904914498859613
42,c5_hybrid_tri_regime,C5_hybrid_tri_regime,hit_ratio,0.5074626865671642
42,c5_hybrid_tri_regime,C5_hybrid_tri_regime,turnover,0.4368031968031968
43,c1_ridge,C1_ridge,rank_ic,-0.13261632789398953
43,c1_ridge,C1_ridge,ic_ir,-1.012264296405655
43,c1_ridge,C1_ridge,rmse,1.095836230600714
43,c1_ridge,C1_ridge,hit_ratio_sign,0.47317279256442757
43,c1_ridge,C1_ridge,ret_BUY,0.08416493202969864
43,c1_ridge,C1_ridge,ret_NEUTRAL,0.09992994402141918
43,c1_ridge,C1_ridge,ret_SELL,0.44617637412165206
43,c1_ridge,C1_ridge,spread_BUY_SELL,-0.3620114420919534
43,c1_ridge,C1_ridge,hit_ratio,0.4603174603174603
43,c1_ridge,C1_ridge,turnover,0.4134615384615385
43,c2_rf,C2_rf,rank_ic,-0.017919678885491792
43,c2_rf,C2_rf,ic_ir,-0.12936249689220974
43,c2_rf,C2_rf,rmse,1.2244676728417216
43,c2_rf,C2_rf,hit_ratio_sign,0.5369666244190959
43,c2_rf,C2_rf,ret_BUY,0.09907562377525406
43,c2_rf,C2_rf,ret_NEUTRAL,0.18547205702651237
43,c2_rf,C2_rf,ret_SELL,0.9106699083246482
43,c2_rf,C2_rf,spread_BUY_SELL,-0.8115942845493942
43,c2_rf,C2_rf,hit_ratio,0.5587044534412956
43,c2_rf,C2_rf,turnover,0.033791208791208796
43,c3_lightgbm,C3_lightgbm,rank_ic,0.13960906658852676
43,c3_lightgbm,C3_lightgbm,ic_ir,0.6479270564656798
43,c3_lightgbm,C3_lightgbm,rmse,1.2085712719701824
43,c3_lightgbm,C3_lightgbm,hit_ratio_sign,0.5772426418814252
43,c3_lightgbm,C3_lightgbm,ret_BUY,0.1494880375714877
43,c3_lightgbm,C3_lightgbm,ret_NEUTRAL,0.09255025655261884
43,c3_lightgbm,C3_lightgbm,ret_SELL,0.31965984206291126
43,c3_lightgbm,C3_lightgbm,spread_BUY_SELL,-0.17017180449142355
43,c3_lightgbm,C3_lightgbm,hit_ratio,0.5884615384615385
43,c3_lightgbm,C3_lightgbm,turnover,0.3244505494505494
43,c4_hybrid_tri,C4_hybrid_tri,rank_ic,-0.009281744525729543
43,c4_hybrid_tri,C4_hybrid_tri,ic_ir,-0.046310454562703086
43,c4_hybrid_tri,C4_hybrid_tri,rmse,1.3203150697586032
43,c4_hybrid_tri,C4_hybrid_tri,hit_ratio_sign,0.5186593437544008
43,c4_hybrid_tri,C4_hybrid_tri,ret_BUY,0.08785916529532059
43,c4_hybrid_tri,C4_hybrid_tri,ret_NEUTRAL,0.1936313405094102
43,c4_hybrid_tri,C4_hybrid_tri,ret_SELL,0.2900863066365586
43,c4_hybrid_tri,C4_hybrid_tri,spread_BUY_SELL,-0.202227141341238
43,c4_hybrid_tri,C4_hybrid_tri,hit_ratio,0.5347985347985348
43,c4_hybrid_tri,C4_hybrid_tri,turnover,0.3763736263736264
43,c5_hybrid_tri_regime,C5_hybrid_tri_regime,rank_ic,0.002983945020437855
43,c5_hybrid_tri_regime,C5_hybrid_tri_regime,ic_ir,0.014043734654876319
43,c5_hybrid_tri_regime,C5_hybrid_tri_regime,rmse,1.3087213050236508
43,c5_hybrid_tri_regime,C5_hybrid_tri_regime,hit_ratio_sign,0.5255597803126321
43,c5_hybrid_tri_regime,C5_hybrid_tri_regime,ret_BUY,0.11801501769498042
43,c5_hybrid_tri_regime,C5_hybrid_tri_regime,ret_NEUTRAL,0.08608158527070493
43,c5_hybrid_tri_regime,C5_hybrid_tri_regime,ret_SELL,0.31095250176813255
43,c5_hybrid_tri_regime,C5_hybrid_tri_regime,spread_BUY_SELL,-0.19293748407315214
43,c5_hybrid_tri_regime,C5_hybrid_tri_regime,hit_ratio,0.5375939849624061
43,c5_hybrid_tri_regime,C5_hybrid_tri_regime,turnover,0.36813186813186816
44,c1_ridge,C1_ridge,rank_ic,-0.07225956690422285
44,c1_ridge,C1_ridge,ic_ir,-0.4313351412899166
44,c1_ridge,C1_ridge,rmse,1.099543618316387
44,c1_ridge,C1_ridge,hit_ratio_sign,0.5057407663577258
44,c1_ridge,C1_ridge,ret_BUY,0.11948124790766135
44,c1_ridge,C1_ridge,ret_NEUTRAL,0.11576111074340813
44,c1_ridge,C1_ridge,ret_SELL,0.3795052263112649
44,c1_ridge,C1_ridge,spread_BUY_SELL,-0.26002397840360353
44,c1_ridge,C1_ridge,hit_ratio,0.5440414507772021
44,c1_ridge,C1_ridge,turnover,0.37046433958198666
44,c2_rf,C2_rf,rank_ic,-0.041055401401385194
44,c2_rf,C2_rf,ic_ir,-0.30160062322961956
44,c2_rf,C2_rf,rmse,1.208467072125487
44,c2_rf,C2_rf,hit_ratio_sign,0.5477936090745608
44,c2_rf,C2_rf,ret_BUY,0.09784152390458578
44,c2_rf,C2_rf,ret_NEUTRAL,0.1891184035957939
44,c2_rf,C2_rf,ret_SELL,1.2008773442500271
44,c2_rf,C2_rf,spread_BUY_SELL,-1.1030358203454413
44,c2_rf,C2_rf,hit_ratio,0.5670995670995671
44,c2_rf,C2_rf,turnover,0.07859836242189183
44,c3_lightgbm,C3_lightgbm,rank_ic,0.14546944723687327
44,c3_lightgbm,C3_lightgbm,ic_ir,0.5923647983940085
44,c3_lightgbm,C3_lightgbm,rmse,1.3193391925082931
44,c3_lightgbm,C3_lightgbm,hit_ratio_sign,0.5800248997095034
44,c3_lightgbm,C3_lightgbm,ret_BUY,0.18449168940747965
44,c3_lightgbm,C3_lightgbm,ret_NEUTRAL,-0.0029417056017280933
44,c3_lightgbm,C3_lightgbm,ret_SELL,0.22686468708172505
44,c3_lightgbm,C3_lightgbm,spread_BUY_SELL,-0.042372997674245405
44,c3_lightgbm,C3_lightgbm,hit_ratio,0.5806451612903226
44,c3_lightgbm,C3_lightgbm,turnover,0.3882245205774617
44,c4_hybrid_tri,C4_hybrid_tri,rank_ic,0.028565135221673314
44,c4_hybrid_tri,C4_hybrid_tri,ic_ir,0.13019630969142437
44,c4_hybrid_tri,C4_hybrid_tri,rmse,1.3116705492659722
44,c4_hybrid_tri,C4_hybrid_tri,hit_ratio_sign,0.536727071517499
44,c4_hybrid_tri,C4_hybrid_tri,ret_BUY,0.15459133320582116
44,c4_hybrid_tri,C4_hybrid_tri,ret_NEUTRAL,0.004602529347473445
44,c4_hybrid_tri,C4_hybrid_tri,ret_SELL,0.24617855621359094
44,c4_hybrid_tri,C4_hybrid_tri,spread_BUY_SELL,-0.09158722300776978
44,c4_hybrid_tri,C4_hybrid_tri,hit_ratio,0.5266903914590747
44,c4_hybrid_tri,C4_hybrid_tri,turnover,0.3204858866623572
44,c5_hybrid_tri_regime,C5_hybrid_tri_regime,rank_ic,0.03615651586302711
44,c5_hybrid_tri_regime,C5_hybrid_tri_regime,ic_ir,0.15964128368623415
44,c5_hybrid_tri_regime,C5_hybrid_tri_regime,rmse,1.3036293260446628
44,c5_hybrid_tri_regime,C5_hybrid_tri_regime,hit_ratio_sign,0.531193802738968
44,c5_hybrid_tri_regime,C5_hybrid_tri_regime,ret_BUY,0.14912751230625104
44,c5_hybrid_tri_regime,C5_hybrid_tri_regime,ret_NEUTRAL,0.04880256409909748
44,c5_hybrid_tri_regime,C5_hybrid_tri_regime,ret_SELL,0.24103098692483674
44,c5_hybrid_tri_regime,C5_hybrid_tri_regime,spread_BUY_SELL,-0.0919034746185857
44,c5_hybrid_tri_regime,C5_hybrid_tri_regime,hit_ratio,0.5384615384615384
44,c5_hybrid_tri_regime,C5_hybrid_tri_regime,turnover,0.3931157078215902
45,c1_ridge,C1_ridge,rank_ic,-0.05831480274666983
45,c1_ridge,C1_ridge,ic_ir,-0.31812316893617165
45,c1_ridge,C1_ridge,rmse,1.139029712059487
45,c1_ridge,C1_ridge,hit_ratio_sign,0.5190335721309173
45,c1_ridge,C1_ridge,ret_BUY,0.08663691072344602
45,c1_ridge,C1_ridge,ret_NEUTRAL,0.15348307288810795
45,c1_ridge,C1_ridge,ret_SELL,0.3451232178780701
45,c1_ridge,C1_ridge,spread_BUY_SELL,-0.25848630715462406
45,c1_ridge,C1_ridge,hit_ratio,0.5416666666666666
45,c1_ridge,C1_ridge,turnover,0.44133148986090165
45,c2_rf,C2_rf,rank_ic,-0.028792756562978375
45,c2_rf,C2_rf,ic_ir,-0.24987358488109082
45,c2_rf,C2_rf,rmse,1.211352510146246
45,c2_rf,C2_rf,hit_ratio_sign,0.5378564405113078
45,c2_rf,C2_rf,ret_BUY,0.03911000869466881
45,c2_rf,C2_rf,ret_NEUTRAL,0.2813340038601831
45,c2_rf,C2_rf,ret_SELL,0.4955231919421976
45,c2_rf,C2_rf,spread_BUY_SELL,-0.45641318324752883
45,c2_rf,C2_rf,hit_ratio,0.5308056872037915
45,c2_rf,C2_rf,turnover,0.20130299983241162
45,c3_lightgbm,C3_lightgbm,rank_ic,0.10421166374850338
45,c3_lightgbm,C3_lightgbm,ic_ir,0.7093174713961937
45,c3_lightgbm,C3_lightgbm,rmse,1.2568646653605593
45,c3_lightgbm,C3_lightgbm,hit_ratio_sign,0.5693215339233039
45,c3_lightgbm,C3_lightgbm,ret_BUY,0.1485571624486269
45,c3_lightgbm,C3_lightgbm,ret_NEUTRAL,0.31722704418248765
45,c3_lightgbm,C3_lightgbm,ret_SELL,0.07927941772194404
45,c3_lightgbm,C3_lightgbm,spread_BUY_SELL,0.06927774472668287
45,c3_lightgbm,C3_lightgbm,hit_ratio,0.5622641509433962
45,c3_lightgbm,C3_lightgbm,turnover,0.49786624051329936
45,c4_hybrid_tri,C4_hybrid_tri,rank_ic,0.004580930519913991
45,c4_hybrid_tri,C4_hybrid_tri,ic_ir,0.029008208352563597
45,c4_hybrid_tri,C4_hybrid_tri,rmse,1.31954317165406
45,c4_hybrid_tri,C4_hybrid_tri,hit_ratio_sign,0.5173479421267032
45,c4_hybrid_tri,C4_hybrid_tri,ret_BUY,0.12784193821789308
45,c4_hybrid_tri,C4_hybrid_tri,ret_NEUTRAL,0.08225523757650971
45,c4_hybrid_tri,C4_hybrid_tri,ret_SELL,0.23353964241584865
45,c4_hybrid_tri,C4_hybrid_tri,spread_BUY_SELL,-0.10569770419795557
45,c4_hybrid_tri,C4_hybrid_tri,hit_ratio,0.508833922261484
45,c4_hybrid_tri,C4_hybrid_tri,turnover,0.38249658837894135
45,c5_hybrid_tri_regime,C5_hybrid_tri_regime,rank_ic,0.018642473432894442
45,c5_hybrid_tri_regime,C5_hybrid_tri_regime,ic_ir,0.12034684722932583
45,c5_hybrid_tri_regime,C5_hybrid_tri_regime,rmse,1.342709610691316
45,c5_hybrid_tri_regime,C5_hybrid_tri_regime,hit_ratio_sign,0.5266189071498806
45,c5_hybrid_tri_regime,C5_hybrid_tri_regime,ret_BUY,0.12286389028547759
45,c5_hybrid_tri_regime,C5_hybrid_tri_regime,ret_NEUTRAL,0.11858294614371073
45,c5_hybrid_tri_regime,C5_hybrid_tri_regime,ret_SELL,0.2217717892397287
45,c5_hybrid_tri_regime,C5_hybrid_tri_regime,spread_BUY_SELL,-0.09890789895425112
45,c5_hybrid_tri_regime,C5_hybrid_tri_regime,hit_ratio,0.508833922261484
45,c5_hybrid_tri_regime,C5_hybrid_tri_regime,turnover,0.4057895807895807
46,c1_ridge,C1_ridge,rank_ic,-0.06411802610287454
46,c1_ridge,C1_ridge,ic_ir,-0.3398551151564004
46,c1_ridge,C1_ridge,rmse,1.0863291311717524
46,c1_ridge,C1_ridge,hit_ratio_sign,0.5355980184005662
46,c1_ridge,C1_ridge,ret_BUY,0.023198098698480493
46,c1_ridge,C1_ridge,ret_NEUTRAL,0.2606433929623048
46,c1_ridge,C1_ridge,ret_SELL,0.21434393464086995
46,c1_ridge,C1_ridge,spread_BUY_SELL,-0.19114583594238946
46,c1_ridge,C1_ridge,hit_ratio,0.5408163265306123
46,c1_ridge,C1_ridge,turnover,0.4508714596949891
46,c2_rf,C2_rf,rank_ic,-0.04310371830587941
46,c2_rf,C2_rf,ic_ir,-0.3717416303427229
46,c2_rf,C2_rf,rmse,1.1084374010208062
46,c2_rf,C2_rf,hit_ratio_sign,0.5077140835102618
46,c2_rf,C2_rf,ret_BUY,0.08210915364590357
46,c2_rf,C2_rf,ret_NEUTRAL,0.172780361432937
46,c2_rf,C2_rf,ret_SELL,0.5907139235048278
46,c2_rf,C2_rf,spread_BUY_SELL,-0.5086047698589242
46,c2_rf,C2_rf,hit_ratio,0.547945205479452
46,c2_rf,C2_rf,turnover,0.1762359644712586
46,c3_lightgbm,C3_lightgbm,rank_ic,0.09599815245872084
46,c3_lightgbm,C3_lightgbm,ic_ir,0.5724739327781312
46,c3_lightgbm,C3_lightgbm,rmse,1.174097831009624
46,c3_lightgbm,C3_lightgbm,hit_ratio_sign,0.5575371549893843
46,c3_lightgbm,C3_lightgbm,ret_BUY,0.09478735827865292
46,c3_lightgbm,C3_lightgbm,ret_NEUTRAL,0.16278524803526356
46,c3_lightgbm,C3_lightgbm,ret_SELL,0.2436466243350653
46,c3_lightgbm,C3_lightgbm,spread_BUY_SELL,-0.14885926605641236
46,c3_lightgbm,C3_lightgbm,hit_ratio,0.5128205128205128
46,c3_lightgbm,C3_lightgbm,turnover,0.4878247025305849
46,c4_hybrid_tri,C4_hybrid_tri,rank_ic,-0.005783617355812106
46,c4_hybrid_tri,C4_hybrid_tri,ic_ir,-0.03743759059989291
46,c4_hybrid_tri,C4_hybrid_tri,rmse,1.251026089606987
46,c4_hybrid_tri,C4_hybrid_tri,hit_ratio_sign,0.49766454352441614
46,c4_hybrid_tri,C4_hybrid_tri,ret_BUY,0.038582781526529296
46,c4_hybrid_tri,C4_hybrid_tri,ret_NEUTRAL,0.2305139263268934
46,c4_hybrid_tri,C4_hybrid_tri,ret_SELL,0.23846411123360478
46,c4_hybrid_tri,C4_hybrid_tri,spread_BUY_SELL,-0.19988132970707548
46,c4_hybrid_tri,C4_hybrid_tri,hit_ratio,0.4758364312267658
46,c4_hybrid_tri,C4_hybrid_tri,turnover,0.4389726830903301
46,c5_hybrid_tri_regime,C5_hybrid_tri_regime,rank_ic,-0.008213292122977786
46,c5_hybrid_tri_regime,C5_hybrid_tri_regime,ic_ir,-0.05195299792785242
46,c5_hybrid_tri_regime,C5_hybrid_tri_regime,rmse,1.2624742134698574
46,c5_hybrid_tri_regime,C5_hybrid_tri_regime,hit_ratio_sign,0.49992922859164896
46,c5_hybrid_tri_regime,C5_hybrid_tri_regime,ret_BUY,0.059269552104999616
46,c5_hybrid_tri_regime,C5_hybrid_tri_regime,ret_NEUTRAL,0.2528910934683846
46,c5_hybrid_tri_regime,C5_hybrid_tri_regime,ret_SELL,0.2059343140402831
46,c5_hybrid_tri_regime,C5_hybrid_tri_regime,spread_BUY_SELL,-0.14666476193528347
46,c5_hybrid_tri_regime,C5_hybrid_tri_regime,hit_ratio,0.4925925925925926
46,c5_hybrid_tri_regime,C5_hybrid_tri_regime,turnover,0.394084129378247
47,c1_ridge,C1_ridge,rank_ic,-0.029365974345108112
47,c1_ridge,C1_ridge,ic_ir,-0.19733880128990672
47,c1_ridge,C1_ridge,rmse,1.0358942153163144
47,c1_ridge,C1_ridge,hit_ratio_sign,0.556743074110533
47,c1_ridge,C1_ridge,ret_BUY,0.08071871471412388
47,c1_ridge,C1_ridge,ret_NEUTRAL,0.31387397614111406
47,c1_ridge,C1_ridge,ret_SELL,0.001465439454061965
47,c1_ridge,C1_ridge,spread_BUY_SELL,0.07925327526006191
47,c1_ridge,C1_ridge,hit_ratio,0.5583756345177665
47,c1_ridge,C1_ridge,turnover,0.4440422322775264
47,c2_rf,C2_rf,rank_ic,-0.15442498848120967
47,c2_rf,C2_rf,ic_ir,-1.241022973508809
47,c2_rf,C2_rf,rmse,1.077622907932903
47,c2_rf,C2_rf,hit_ratio_sign,0.5918998734355224
47,c2_rf,C2_rf,ret_BUY,0.01610088508575295
47,c2_rf,C2_rf,ret_NEUTRAL,0.18510498733859046
47,c2_rf,C2_rf,ret_SELL,1.591439274767557
47,c2_rf,C2_rf,spread_BUY_SELL,-1.575338389681804
47,c2_rf,C2_rf,hit_ratio,0.5144927536231884
47,c2_rf,C2_rf,turnover,0.18719624601977544
47,c3_lightgbm,C3_lightgbm,rank_ic,0.10878015643641403
47,c3_lightgbm,C3_lightgbm,ic_ir,0.6292513377591252
47,c3_lightgbm,C3_lightgbm,rmse,1.10391216176385
47,c3_lightgbm,C3_lightgbm,hit_ratio_sign,0.5553368021375334
47,c3_lightgbm,C3_lightgbm,ret_BUY,0.16893925555730982
47,c3_lightgbm,C3_lightgbm,ret_NEUTRAL,0.20556178765716893
47,c3_lightgbm,C3_lightgbm,ret_SELL,0.13937192617915298
47,c3_lightgbm,C3_lightgbm,spread_BUY_SELL,0.029567329378156842
47,c3_lightgbm,C3_lightgbm,hit_ratio,0.5650557620817844
47,c3_lightgbm,C3_lightgbm,turnover,0.5017512988101223
47,c4_hybrid_tri,C4_hybrid_tri,rank_ic,-0.010692382081398208
47,c4_hybrid_tri,C4_hybrid_tri,ic_ir,-0.08030315650510694
47,c4_hybrid_tri,C4_hybrid_tri,rmse,1.2168246316918339
47,c4_hybrid_tri,C4_hybrid_tri,hit_ratio_sign,0.5021797215581494
47,c4_hybrid_tri,C4_hybrid_tri,ret_BUY,0.11419327069919762
47,c4_hybrid_tri,C4_hybrid_tri,ret_NEUTRAL,0.08857292811381255
47,c4_hybrid_tri,C4_hybrid_tri,ret_SELL,0.2855217748311748
47,c4_hybrid_tri,C4_hybrid_tri,spread_BUY_SELL,-0.1713285041319772
47,c4_hybrid_tri,C4_hybrid_tri,hit_ratio,0.49049429657794674
47,c4_hybrid_tri,C4_hybrid_tri,turnover,0.4364923747276689
47,c5_hybrid_tri_regime,C5_hybrid_tri_regime,rank_ic,-0.001435202097407935
47,c5_hybrid_tri_regime,C5_hybrid_tri_regime,ic_ir,-0.011288688469952882
47,c5_hybrid_tri_regime,C5_hybrid_tri_regime,rmse,1.2263702190557164
47,c5_hybrid_tri_regime,C5_hybrid_tri_regime,hit_ratio_sign,0.5051328927014485
47,c5_hybrid_tri_regime,C5_hybrid_tri_regime,ret_BUY,0.07563722996238409
47,c5_hybrid_tri_regime,C5_hybrid_tri_regime,ret_NEUTRAL,0.14918621194828535
47,c5_hybrid_tri_regime,C5_hybrid_tri_regime,ret_SELL,0.2786765360960244
47,c5_hybrid_tri_regime,C5_hybrid_tri_regime,spread_BUY_SELL,-0.2030393061336403
47,c5_hybrid_tri_regime,C5_hybrid_tri_regime,hit_ratio,0.5074626865671642
47,c5_hybrid_tri_regime,C5_hybrid_tri_regime,turnover,0.4858555387967153
48,c1_ridge,C1_ridge,rank_ic,-0.032708196598548504
48,c1_ridge,C1_ridge,ic_ir,-0.2317696475316139
48,c1_ridge,C1_ridge,rmse,0.9877195059232834
48,c1_ridge,C1_ridge,hit_ratio_sign,0.5522533835635551
48,c1_ridge,C1_ridge,ret_BUY,0.044061809977383286
48,c1_ridge,C1_ridge,ret_NEUTRAL,0.28231385143086457
48,c1_ridge,C1_ridge,ret_SELL,0.10835756753644547
48,c1_ridge,C1_ridge,spread_BUY_SELL,-0.0642957575590622
48,c1_ridge,C1_ridge,hit_ratio,0.574468085106383
48,c1_ridge,C1_ridge,turnover,0.5027325730112108
48,c2_rf,C2_rf,rank_ic,-0.11462516352242082
48,c2_rf,C2_rf,ic_ir,-0.8550905978902986
48,c2_rf,C2_rf,rmse,1.0061416072621323
48,c2_rf,C2_rf,hit_ratio_sign,0.6055532300823218
48,c2_rf,C2_rf,ret_BUY,0.20199608604577296
48,c2_rf,C2_rf,ret_NEUTRAL,0.07814768222516759
48,c2_rf,C2_rf,ret_SELL,1.4955746142125292
48,c2_rf,C2_rf,spread_BUY_SELL,-1.2935785281667562
48,c2_rf,C2_rf,hit_ratio,0.5729166666666666
48,c2_rf,C2_rf,turnover,0.21172016264895524
48,c3_lightgbm,C3_lightgbm,rank_ic,0.05427389015857753
48,c3_lightgbm,C3_lightgbm,ic_ir,0.2175316442486408
48,c3_lightgbm,C3_lightgbm,rmse,1.1121648085988727
48,c3_lightgbm,C3_lightgbm,hit_ratio_sign,0.5341146923398912
48,c3_lightgbm,C3_lightgbm,ret_BUY,0.20053193391940988
48,c3_lightgbm,C3_lightgbm,ret_NEUTRAL,0.012660991417966793
48,c3_lightgbm,C3_lightgbm,ret_SELL,0.20074136662813208
48,c3_lightgbm,C3_lightgbm,spread_BUY_SELL,-0.00020943270872220143
48,c3_lightgbm,C3_lightgbm,hit_ratio,0.5132075471698113
48,c3_lightgbm,C3_lightgbm,turnover,0.48258094960881337
48,c4_hybrid_tri,C4_hybrid_tri,rank_ic,-0.03402764287296407
48,c4_hybrid_tri,C4_hybrid_tri,ic_ir,-0.20277643905486628
48,c4_hybrid_tri,C4_hybrid_tri,rmse,1.1771222261902012
48,c4_hybrid_tri,C4_hybrid_tri,hit_ratio_sign,0.49407004325380216
48,c4_hybrid_tri,C4_hybrid_tri,ret_BUY,0.08268253675387117
48,c4_hybrid_tri,C4_hybrid_tri,ret_NEUTRAL,0.2050330849257068
48,c4_hybrid_tri,C4_hybrid_tri,ret_SELL,0.22580403621855644
48,c4_hybrid_tri,C4_hybrid_tri,spread_BUY_SELL,-0.14312149946468528
48,c4_hybrid_tri,C4_hybrid_tri,hit_ratio,0.5018450184501845
48,c4_hybrid_tri,C4_hybrid_tri,turnover,0.4839878101488009
48,c5_hybrid_tri_regime,C5_hybrid_tri_regime,rank_ic,-0.007522277973990538
48,c5_hybrid_tri_regime,C5_hybrid_tri_regime,ic_ir,-0.04575771983968261
48,c5_hybrid_tri_regime,C5_hybrid_tri_regime,rmse,1.1616894842629164
48,c5_hybrid_tri_regime,C5_hybrid_tri_regime,hit_ratio_sign,0.5039765592298032
48,c5_hybrid_tri_regime,C5_hybrid_tri_regime,ret_BUY,0.12831638183997082
48,c5_hybrid_tri_regime,C5_hybrid_tri_regime,ret_NEUTRAL,0.12558240593277228
48,c5_hybrid_tri_regime,C5_hybrid_tri_regime,ret_SELL,0.21538976622270065
48,c5_hybrid_tri_regime,C5_hybrid_tri_regime,spread_BUY_SELL,-0.08707338438272982
48,c5_hybrid_tri_regime,C5_hybrid_tri_regime,hit_ratio,0.5202952029520295
48,c5_hybrid_tri_regime,C5_hybrid_tri_regime,turnover,0.507058558916144
49,c1_ridge,C1_ridge,rank_ic,-0.012795778898119748
49,c1_ridge,C1_ridge,ic_ir,-0.08595222833571346
49,c1_ridge,C1_ridge,rmse,0.9694018135495296
49,c1_ridge,C1_ridge,hit_ratio_sign,0.5519331806547219
49,c1_ridge,C1_ridge,ret_BUY,0.023869019699848077
49,c1_ridge,C1_ridge,ret_NEUTRAL,0.12452608802946098
49,c1_ridge,C1_ridge,ret_SELL,0.061557947999216045
49,c1_ridge,C1_ridge,spread_BUY_SELL,-0.03768892829936797
49,c1_ridge,C1_ridge,hit_ratio,0.5422885572139303
49,c1_ridge,C1_ridge,turnover,0.4992378529583611
49,c2_rf,C2_rf,rank_ic,-0.01682264046796564
49,c2_rf,C2_rf,ic_ir,-0.10183097343534865
49,c2_rf,C2_rf,rmse,1.0118949465103877
49,c2_rf,C2_rf,hit_ratio_sign,0.4891553280344874
49,c2_rf,C2_rf,ret_BUY,0.0026041073741935
49,c2_rf,C2_rf,ret_NEUTRAL,0.08866065327265257
49,c2_rf,C2_rf,ret_SELL,0.03872738184631899
49,c2_rf,C2_rf,spread_BUY_SELL,-0.036123274472125495
49,c2_rf,C2_rf,hit_ratio,0.48717948717948717
49,c2_rf,C2_rf,turnover,0.21287738946541124
49,c3_lightgbm,C3_lightgbm,rank_ic,0.09310102627374682
49,c3_lightgbm,C3_lightgbm,ic_ir,0.4104919321730909
49,c3_lightgbm,C3_lightgbm,rmse,1.0011286408015116
49,c3_lightgbm,C3_lightgbm,hit_ratio_sign,0.5546275090933585
49,c3_lightgbm,C3_lightgbm,ret_BUY,0.09895207279324882
49,c3_lightgbm,C3_lightgbm,ret_NEUTRAL,-0.000478722968135235
49,c3_lightgbm,C3_lightgbm,ret_SELL,0.06892958442228651
49,c3_lightgbm,C3_lightgbm,spread_BUY_SELL,0.030022488370962302
49,c3_lightgbm,C3_lightgbm,hit_ratio,0.5384615384615384
49,c3_lightgbm,C3_lightgbm,turnover,0.45109668512572326
49,c4_hybrid_tri,C4_hybrid_tri,rank_ic,0.03398932781802722
49,c4_hybrid_tri,C4_hybrid_tri,ic_ir,0.17236788083359902
49,c4_hybrid_tri,C4_hybrid_tri,rmse,1.105507924848264
49,c4_hybrid_tri,C4_hybrid_tri,hit_ratio_sign,0.49831604472585206
49,c4_hybrid_tri,C4_hybrid_tri,ret_BUY,0.06232018740177645
49,c4_hybrid_tri,C4_hybrid_tri,ret_NEUTRAL,0.1169750376985349
49,c4_hybrid_tri,C4_hybrid_tri,ret_SELL,0.05054961421933692
49,c4_hybrid_tri,C4_hybrid_tri,spread_BUY_SELL,0.011770573182439528
49,c4_hybrid_tri,C4_hybrid_tri,hit_ratio,0.5056179775280899
49,c4_hybrid_tri,C4_hybrid_tri,turnover,0.5058924204114766
49,c5_hybrid_tri_regime,C5_hybrid_tri_regime,rank_ic,0.015433820939020675
49,c5_hybrid_tri_regime,C5_hybrid_tri_regime,ic_ir,0.07056156151871316
49,c5_hybrid_tri_regime,C5_hybrid_tri_regime,rmse,1.1179725116214343
49,c5_hybrid_tri_regime,C5_hybrid_tri_regime,hit_ratio_sign,0.5088239256365351
49,c5_hybrid_tri_regime,C5_hybrid_tri_regime,ret_BUY,0.0694283481301419
49,c5_hybrid_tri_regime,C5_hybrid_tri_regime,ret_NEUTRAL,0.10276209639148408
49,c5_hybrid_tri_regime,C5_hybrid_tri_regime,ret_SELL,0.04995314274499322
49,c5_hybrid_tri_regime,C5_hybrid_tri_regime,spread_BUY_SELL,0.01947520538514868
49,c5_hybrid_tri_regime,C5_hybrid_tri_regime,hit_ratio,0.4828897338403042
49,c5_hybrid_tri_regime,C5_hybrid_tri_regime,turnover,0.48796671165092215
50,c1_ridge,C1_ridge,rank_ic,-0.01493458541092334
50,c1_ridge,C1_ridge,ic_ir,-0.11320242976353509
50,c1_ridge,C1_ridge,rmse,0.8042741642711849
50,c1_ridge,C1_ridge,hit_ratio_sign,0.5224042236361175
50,c1_ridge,C1_ridge,ret_BUY,0.02963811130998208
50,c1_ridge,C1_ridge,ret_NEUTRAL,0.06116563295320965
50,c1_ridge,C1_ridge,ret_SELL,0.12598814517361775
50,c1_ridge,C1_ridge,spread_BUY_SELL,-0.09635003386363568
50,c1_ridge,C1_ridge,hit_ratio,0.5409090909090909
50,c1_ridge,C1_ridge,turnover,0.4447559733403653
50,c2_rf,C2_rf,rank_ic,-0.023914771766522937
50,c2_rf,C2_rf,ic_ir,-0.12886008922667172
50,c2_rf,C2_rf,rmse,0.8091248291822589
50,c2_rf,C2_rf,hit_ratio_sign,0.5684310274807094
50,c2_rf,C2_rf,ret_BUY,0.0784195599257381
50,c2_rf,C2_rf,ret_NEUTRAL,0.07359781442894209
50,c2_rf,C2_rf,ret_SELL,-0.4408469498077447
50,c2_rf,C2_rf,spread_BUY_SELL,0.5192665097334828
50,c2_rf,C2_rf,hit_ratio,0.4642857142857143
50,c2_rf,C2_rf,turnover,0.06503771955677581
50,c3_lightgbm,C3_lightgbm,rank_ic,-0.008179507190163271
50,c3_lightgbm,C3_lightgbm,ic_ir,-0.034520611537433674
50,c3_lightgbm,C3_lightgbm,rmse,1.032850068221966
50,c3_lightgbm,C3_lightgbm,hit_ratio_sign,0.5252470556382834
50,c3_lightgbm,C3_lightgbm,ret_BUY,0.04428184050928665
50,c3_lightgbm,C3_lightgbm,ret_NEUTRAL,0.07917741120206089
50,c3_lightgbm,C3_lightgbm,ret_SELL,0.0509462936557512
50,c3_lightgbm,C3_lightgbm,spread_BUY_SELL,-0.0066644531464645496
50,c3_lightgbm,C3_lightgbm,hit_ratio,0.5033783783783784
50,c3_lightgbm,C3_lightgbm,turnover,0.393917766712685
50,c4_hybrid_tri,C4_hybrid_tri,rank_ic,-0.021045018678646436
50,c4_hybrid_tri,C4_hybrid_tri,ic_ir,-0.12392220773751499
50,c4_hybrid_tri,C4_hybrid_tri,rmse,1.021257290019658
50,c4_hybrid_tri,C4_hybrid_tri,hit_ratio_sign,0.48923785027751454
50,c4_hybrid_tri,C4_hybrid_tri,ret_BUY,0.03445555853899646
50,c4_hybrid_tri,C4_hybrid_tri,ret_NEUTRAL,0.039325564658815246
50,c4_hybrid_tri,C4_hybrid_tri,ret_SELL,0.0800362568627741
50,c4_hybrid_tri,C4_hybrid_tri,spread_BUY_SELL,-0.04558069832377764
50,c4_hybrid_tri,C4_hybrid_tri,hit_ratio,0.4664310954063604
50,c4_hybrid_tri,C4_hybrid_tri,turnover,0.4320228437288328
50,c5_hybrid_tri_regime,C5_hybrid_tri_regime,rank_ic,-0.017985501592275913
50,c5_hybrid_tri_regime,C5_hybrid_tri_regime,ic_ir,-0.10054074751995733
50,c5_hybrid_tri_regime,C5_hybrid_tri_regime,rmse,1.0301010526434655
50,c5_hybrid_tri_regime,C5_hybrid_tri_regime,hit_ratio_sign,0.49384053066197375
50,c5_hybrid_tri_regime,C5_hybrid_tri_regime,ret_BUY,0.022425519863041293
50,c5_hybrid_tri_regime,C5_hybrid_tri_regime,ret_NEUTRAL,0.10597430657044728
50,c5_hybrid_tri_regime,C5_hybrid_tri_regime,ret_SELL,0.04127832143250798
50,c5_hybrid_tri_regime,C5_hybrid_tri_regime,spread_BUY_SELL,-0.018852801569466688
50,c5_hybrid_tri_regime,C5_hybrid_tri_regime,hit_ratio,0.47692307692307695
50,c5_hybrid_tri_regime,C5_hybrid_tri_regime,turnover,0.5080311890838207
51,c1_ridge,C1_ridge,rank_ic,-0.04629369788286121
51,c1_ridge,C1_ridge,ic_ir,-0.3694639284189251
51,c1_ridge,C1_ridge,rmse,0.922985575802935
51,c1_ridge,C1_ridge,hit_ratio_sign,0.4955321944809461
51,c1_ridge,C1_ridge,ret_BUY,-0.1417274917130838
51,c1_ridge,C1_ridge,ret_NEUTRAL,-0.029890568344994598
51,c1_ridge,C1_ridge,ret_SELL,0.06964860067544591
51,c1_ridge,C1_ridge,spread_BUY_SELL,-0.21137609238852972
51,c1_ridge,C1_ridge,hit_ratio,0.48095238095238096
51,c1_ridge,C1_ridge,turnover,0.4476639210758993
51,c2_rf,C2_rf,rank_ic,0.010502872591814101
51,c2_rf,C2_rf,ic_ir,0.06707140877051071
51,c2_rf,C2_rf,rmse,0.9426655026603004
51,c2_rf,C2_rf,hit_ratio_sign,0.47017082785808145
51,c2_rf,C2_rf,ret_BUY,-0.4330464574819417
51,c2_rf,C2_rf,ret_NEUTRAL,0.017853438431740313
51,c2_rf,C2_rf,ret_SELL,-0.3089618517924255
51,c2_rf,C2_rf,spread_BUY_SELL,-0.12408460568951618
51,c2_rf,C2_rf,hit_ratio,0.5465116279069767
51,c2_rf,C2_rf,turnover,0.11557541067522918
51,c3_lightgbm,C3_lightgbm,rank_ic,0.01650026012071132
51,c3_lightgbm,C3_lightgbm,ic_ir,0.11525667486663897
51,c3_lightgbm,C3_lightgbm,rmse,1.0907451319394519
51,c3_lightgbm,C3_lightgbm,hit_ratio_sign,0.5216819973718791
51,c3_lightgbm,C3_lightgbm,ret_BUY,-0.0008034703187846507
51,c3_lightgbm,C3_lightgbm,ret_NEUTRAL,-0.025008020160241406
51,c3_lightgbm,C3_lightgbm,ret_SELL,-0.1923160810219574
51,c3_lightgbm,C3_lightgbm,spread_BUY_SELL,0.19151261070317277
51,c3_lightgbm,C3_lightgbm,hit_ratio,0.5034013605442177
51,c3_lightgbm,C3_lightgbm,turnover,0.4078928754246358
51,c4_hybrid_tri,C4_hybrid_tri,rank_ic,-0.03532815434270677
51,c4_hybrid_tri,C4_hybrid_tri,ic_ir,-0.2600063529195329
51,c4_hybrid_tri,C4_hybrid_tri,rmse,1.1005201105679236
51,c4_hybrid_tri,C4_hybrid_tri,hit_ratio_sign,0.48475689881734557
51,c4_hybrid_tri,C4_hybrid_tri,ret_BUY,-0.13218718413634725
51,c4_hybrid_tri,C4_hybrid_tri,ret_NEUTRAL,-0.16512189121385473
51,c4_hybrid_tri,C4_hybrid_tri,ret_SELL,0.05742176806623319
51,c4_hybrid_tri,C4_hybrid_tri,spread_BUY_SELL,-0.18960895220258045
51,c4_hybrid_tri,C4_hybrid_tri,hit_ratio,0.4580152671755725
51,c4_hybrid_tri,C4_hybrid_tri,turnover,0.5146898413141608
51,c5_hybrid_tri_regime,C5_hybrid_tri_regime,rank_ic,-0.06231283473735279
51,c5_hybrid_tri_regime,C5_hybrid_tri_regime,ic_ir,-0.4912495209465333
51,c5_hybrid_tri_regime,C5_hybrid_tri_regime,rmse,1.108180734596553
51,c5_hybrid_tri_regime,C5_hybrid_tri_regime,hit_ratio_sign,0.47161629434954006
51,c5_hybrid_tri_regime,C5_hybrid_tri_regime,ret_BUY,-0.11613549376735277
51,c5_hybrid_tri_regime,C5_hybrid_tri_regime,ret_NEUTRAL,-0.07595215711451975
51,c5_hybrid_tri_regime,C5_hybrid_tri_regime,ret_SELL,-0.02927446793649598
51,c5_hybrid_tri_regime,C5_hybrid_tri_regime,spread_BUY_SELL,-0.0868610258308568
51,c5_hybrid_tri_regime,C5_hybrid_tri_regime,hit_ratio,0.4552238805970149
51,c5_hybrid_tri_regime,C5_hybrid_tri_regime,turnover,0.5129145144027176
52,c1_ridge,C1_ridge,rank_ic,-0.1017452690147699
52,c1_ridge,C1_ridge,ic_ir,-0.7298786890593654
52,c1_ridge,C1_ridge,rmse,1.006147089831651
52,c1_ridge,C1_ridge,hit_ratio_sign,0.48982806142538393
52,c1_ridge,C1_ridge,ret_BUY,-0.2996583909069091
52,c1_ridge,C1_ridge,ret_NEUTRAL,0.02579464603179881
52,c1_ridge,C1_ridge,ret_SELL,0.0500248799757158
52,c1_ridge,C1_ridge,spread_BUY_SELL,-0.3496832708826249
52,c1_ridge,C1_ridge,hit_ratio,0.45374449339207046
52,c1_ridge,C1_ridge,turnover,0.4182746316404688
52,c2_rf,C2_rf,rank_ic,0.026902709196032146
52,c2_rf,C2_rf,ic_ir,0.15685500922586193
52,c2_rf,C2_rf,rmse,1.0311318538384984
52,c2_rf,C2_rf,hit_ratio_sign,0.5051844074025462
52,c2_rf,C2_rf,ret_BUY,-0.7879121616630145
52,c2_rf,C2_rf,ret_NEUTRAL,-0.013349163295866022
52,c2_rf,C2_rf,ret_SELL,-0.551511270957372
52,c2_rf,C2_rf,spread_BUY_SELL,-0.23640089070564252
52,c2_rf,C2_rf,hit_ratio,0.4931506849315068
52,c2_rf,C2_rf,turnover,0.15703200139448562
52,c3_lightgbm,C3_lightgbm,rank_ic,0.04476081068651109
52,c3_lightgbm,C3_lightgbm,ic_ir,0.20374510058697243
52,c3_lightgbm,C3_lightgbm,rmse,1.1378648735416697
52,c3_lightgbm,C3_lightgbm,hit_ratio_sign,0.5202782517390734
52,c3_lightgbm,C3_lightgbm,ret_BUY,-0.2556592228618832
52,c3_lightgbm,C3_lightgbm,ret_NEUTRAL,-0.05311230208859011
52,c3_lightgbm,C3_lightgbm,ret_SELL,-0.09961995716081747
52,c3_lightgbm,C3_lightgbm,spread_BUY_SELL,-0.15603926570106574
52,c3_lightgbm,C3_lightgbm,hit_ratio,0.49280575539568344
52,c3_lightgbm,C3_lightgbm,turnover,0.46609472248710615
52,c4_hybrid_tri,C4_hybrid_tri,rank_ic,-0.05502905889732575
52,c4_hybrid_tri,C4_hybrid_tri,ic_ir,-0.34979278511268186
52,c4_hybrid_tri,C4_hybrid_tri,rmse,1.2091577678746195
52,c4_hybrid_tri,C4_hybrid_tri,hit_ratio_sign,0.4915343220895131
52,c4_hybrid_tri,C4_hybrid_tri,ret_BUY,-0.4425982611199023
52,c4_hybrid_tri,C4_hybrid_tri,ret_NEUTRAL,-0.12636460251213627
52,c4_hybrid_tri,C4_hybrid_tri,ret_SELL,0.06255273682320296
52,c4_hybrid_tri,C4_hybrid_tri,spread_BUY_SELL,-0.5051509979431053
52,c4_hybrid_tri,C4_hybrid_tri,hit_ratio,0.4539249146757679
52,c4_hybrid_tri,C4_hybrid_tri,turnover,0.4291981707629682
52,c5_hybrid_tri_regime,C5_hybrid_tri_regime,rank_ic,-0.03626264694031032
52,c5_hybrid_tri_regime,C5_hybrid_tri_regime,ic_ir,-0.20757636245250038
52,c5_hybrid_tri_regime,C5_hybrid_tri_regime,rmse,1.179633827725951
52,c5_hybrid_tri_regime,C5_hybrid_tri_regime,hit_ratio_sign,0.49507809423808896
52,c5_hybrid_tri_regime,C5_hybrid_tri_regime,ret_BUY,-0.3809332383609582
52,c5_hybrid_tri_regime,C5_hybrid_tri_regime,ret_NEUTRAL,-0.03387779280114203
52,c5_hybrid_tri_regime,C5_hybrid_tri_regime,ret_SELL,0.0074280844157003645
52,c5_hybrid_tri_regime,C5_hybrid_tri_regime,spread_BUY_SELL,-0.3883613227766586
52,c5_hybrid_tri_regime,C5_hybrid_tri_regime,hit_ratio,0.48398576512455516
52,c5_hybrid_tri_regime,C5_hybrid_tri_regime,turnover,0.4655100638797462
53,c1_ridge,C1_ridge,rank_ic,-0.1136462150345512
53,c1_ridge,C1_ridge,ic_ir,-0.8964542252592416
53,c1_ridge,C1_ridge,rmse,1.1071888420225833
53,c1_ridge,C1_ridge,hit_ratio_sign,0.46352370001277626
53,c1_ridge,C1_ridge,ret_BUY,-0.2726106042321288
53,c1_ridge,C1_ridge,ret_NEUTRAL,-0.07240064514638683
53,c1_ridge,C1_ridge,ret_SELL,0.148593189674652
53,c1_ridge,C1_ridge,spread_BUY_SELL,-0.42120379390678075
53,c1_ridge,C1_ridge,hit_ratio,0.44206008583690987
53,c1_ridge,C1_ridge,turnover,0.3983459964932788
53,c2_rf,C2_rf,rank_ic,-0.012522297805705693
53,c2_rf,C2_rf,ic_ir,-0.09086399785407417
53,c2_rf,C2_rf,rmse,1.0820038747885414
53,c2_rf,C2_rf,hit_ratio_sign,0.47796090456113455
53,c2_rf,C2_rf,ret_BUY,-1.0715920938716257
53,c2_rf,C2_rf,ret_NEUTRAL,-0.0486383991557235
53,c2_rf,C2_rf,ret_SELL,-0.7611724434743551
53,c2_rf,C2_rf,spread_BUY_SELL,-0.3104196503972706
53,c2_rf,C2_rf,hit_ratio,0.42857142857142855
53,c2_rf,C2_rf,turnover,0.13871809857782974
53,c3_lightgbm,C3_lightgbm,rank_ic,0.019255198321184313
53,c3_lightgbm,C3_lightgbm,ic_ir,0.09551960335994224
53,c3_lightgbm,C3_lightgbm,rmse,1.1280382753132017
53,c3_lightgbm,C3_lightgbm,hit_ratio_sign,0.5170563434266002
53,c3_lightgbm,C3_lightgbm,ret_BUY,-0.37987136908530056
53,c3_lightgbm,C3_lightgbm,ret_NEUTRAL,-0.018564044959022547
53,c3_lightgbm,C3_lightgbm,ret_SELL,-0.05063399781278007
53,c3_lightgbm,C3_lightgbm,spread_BUY_SELL,-0.3292373712725205
53,c3_lightgbm,C3_lightgbm,hit_ratio,0.46586345381526106
53,c3_lightgbm,C3_lightgbm,turnover,0.41518605104227546
53,c4_hybrid_tri,C4_hybrid_tri,rank_ic,-0.07082692753757318
53,c4_hybrid_tri,C4_hybrid_tri,ic_ir,-0.43506077547768124
53,c4_hybrid_tri,C4_hybrid_tri,rmse,1.2686420572739185
53,c4_hybrid_tri,C4_hybrid_tri,hit_ratio_sign,0.486521016992462
53,c4_hybrid_tri,C4_hybrid_tri,ret_BUY,-0.4480242276885989
53,c4_hybrid_tri,C4_hybrid_tri,ret_NEUTRAL,-0.10098245083786118
53,c4_hybrid_tri,C4_hybrid_tri,ret_SELL,0.04156699553141249
53,c4_hybrid_tri,C4_hybrid_tri,spread_BUY_SELL,-0.48959122322001136
53,c4_hybrid_tri,C4_hybrid_tri,hit_ratio,0.46885245901639344
53,c4_hybrid_tri,C4_hybrid_tri,turnover,0.42593025521137734
53,c5_hybrid_tri_regime,C5_hybrid_tri_regime,rank_ic,-0.044681759367232524
53,c5_hybrid_tri_regime,C5_hybrid_tri_regime,ic_ir,-0.2950977932689229
53,c5_hybrid_tri_regime,C5_hybrid_tri_regime,rmse,1.2529561016104704
53,c5_hybrid_tri_regime,C5_hybrid_tri_regime,hit_ratio_sign,0.4935479749584771
53,c5_hybrid_tri_regime,C5_hybrid_tri_regime,ret_BUY,-0.3145994151615337
53,c5_hybrid_tri_regime,C5_hybrid_tri_regime,ret_NEUTRAL,-0.2693293569654054
53,c5_hybrid_tri_regime,C5_hybrid_tri_regime,ret_SELL,0.017684108623769106
53,c5_hybrid_tri_regime,C5_hybrid_tri_regime,spread_BUY_SELL,-0.33228352378530285
53,c5_hybrid_tri_regime,C5_hybrid_tri_regime,hit_ratio,0.486013986013986
53,c5_hybrid_tri_regime,C5_hybrid_tri_regime,turnover,0.4731092928112215
54,c1_ridge,C1_ridge,rank_ic,-0.13251477843804027
54,c1_ridge,C1_ridge,ic_ir,-1.0286700582427812
54,c1_ridge,C1_ridge,rmse,1.1396915374015777
54,c1_ridge,C1_ridge,hit_ratio_sign,0.428241631396691
54,c1_ridge,C1_ridge,ret_BUY,-0.2696533978637963
54,c1_ridge,C1_ridge,ret_NEUTRAL,-0.07961710794346509
54,c1_ridge,C1_ridge,ret_SELL,0.17185711644957943
54,c1_ridge,C1_ridge,spread_BUY_SELL,-0.44151051431337573
54,c1_ridge,C1_ridge,hit_ratio,0.39669421487603307
54,c1_ridge,C1_ridge,turnover,0.40299435028248587
54,c2_rf,C2_rf,rank_ic,-0.06270101612210773
54,c2_rf,C2_rf,ic_ir,-0.42021933776186565
54,c2_rf,C2_rf,rmse,1.1172468750331215
54,c2_rf,C2_rf,hit_ratio_sign,0.4582531742978069
54,c2_rf,C2_rf,ret_BUY,-1.0396096358712434
54,c2_rf,C2_rf,ret_NEUTRAL,-0.05524468440485033
54,c2_rf,C2_rf,ret_SELL,-0.0384630523849956
54,c2_rf,C2_rf,spread_BUY_SELL,-1.0011465834862479
54,c2_rf,C2_rf,hit_ratio,0.3442622950819672
54,c2_rf,C2_rf,turnover,0.14440677966101695
54,c3_lightgbm,C3_lightgbm,rank_ic,-0.10879299588537593
54,c3_lightgbm,C3_lightgbm,ic_ir,-0.4772599067317665
54,c3_lightgbm,C3_lightgbm,rmse,1.2774619013140456
54,c3_lightgbm,C3_lightgbm,hit_ratio_sign,0.455559830704117
54,c3_lightgbm,C3_lightgbm,ret_BUY,-0.3228045618132367
54,c3_lightgbm,C3_lightgbm,ret_NEUTRAL,-0.09426566859590513
54,c3_lightgbm,C3_lightgbm,ret_SELL,0.1070675193290877
54,c3_lightgbm,C3_lightgbm,spread_BUY_SELL,-0.4298720811423244
54,c3_lightgbm,C3_lightgbm,hit_ratio,0.41836734693877553
54,c3_lightgbm,C3_lightgbm,turnover,0.4427118644067797
54,c4_hybrid_tri,C4_hybrid_tri,rank_ic,-0.12582915173013084
54,c4_hybrid_tri,C4_hybrid_tri,ic_ir,-0.847823299927818
54,c4_hybrid_tri,C4_hybrid_tri,rmse,1.3349649914945092
54,c4_hybrid_tri,C4_hybrid_tri,hit_ratio_sign,0.481210722072592
54,c4_hybrid_tri,C4_hybrid_tri,ret_BUY,-0.5147780990298173
54,c4_hybrid_tri,C4_hybrid_tri,ret_NEUTRAL,0.0385221595581381
54,c4_hybrid_tri,C4_hybrid_tri,ret_SELL,0.0389663583786317
54,c4_hybrid_tri,C4_hybrid_tri,spread_BUY_SELL,-0.553744457408449
54,c4_hybrid_tri,C4_hybrid_tri,hit_ratio,0.4477124183006536
54,c4_hybrid_tri,C4_hybrid_tri,turnover,0.4426553672316384
54,c5_hybrid_tri_regime,C5_hybrid_tri_regime,rank_ic,-0.13366388541269472
54,c5_hybrid_tri_regime,C5_hybrid_tri_regime,ic_ir,-0.9646959694268086
54,c5_hybrid_tri_regime,C5_hybrid_tri_regime,rmse,1.3472171107932573
54,c5_hybrid_tri_regime,C5_hybrid_tri_regime,hit_ratio_sign,0.4782608695652174
54,c5_hybrid_tri_regime,C5_hybrid_tri_regime,ret_BUY,-0.5361405367866966
54,c5_hybrid_tri_regime,C5_hybrid_tri_regime,ret_NEUTRAL,-0.08907646234479176
54,c5_hybrid_tri_regime,C5_hybrid_tri_regime,ret_SELL,0.1105844452354972
54,c5_hybrid_tri_regime,C5_hybrid_tri_regime,spread_BUY_SELL,-0.6467249820221938
54,c5_hybrid_tri_regime,C5_hybrid_tri_regime,hit_ratio,0.41721854304635764
54,c5_hybrid_tri_regime,C5_hybrid_tri_regime,turnover,0.4396045197740113
55,c1_ridge,C1_ridge,rank_ic,-0.05197385737357182
55,c1_ridge,C1_ridge,ic_ir,-0.3891279329766597
55,c1_ridge,C1_ridge,rmse,1.172138483960397
55,c1_ridge,C1_ridge,hit_ratio_sign,0.43963086388105616
55,c1_ridge,C1_ridge,ret_BUY,-0.18934156544835698
55,c1_ridge,C1_ridge,ret_NEUTRAL,-0.0442916000840715
55,c1_ridge,C1_ridge,ret_SELL,-0.15269063536298402
55,c1_ridge,C1_ridge,spread_BUY_SELL,-0.03665093008537296
55,c1_ridge,C1_ridge,hit_ratio,0.42276422764227645
55,c1_ridge,C1_ridge,turnover,0.4296610169491525
55,c2_rf,C2_rf,rank_ic,-0.03618934768438466
55,c2_rf,C2_rf,ic_ir,-0.21008808439317248
55,c2_rf,C2_rf,rmse,1.127710965192691
55,c2_rf,C2_rf,hit_ratio_sign,0.4470648551653422
55,c2_rf,C2_rf,ret_BUY,-0.718063356283774
55,c2_rf,C2_rf,ret_NEUTRAL,-0.04315248865139814
55,c2_rf,C2_rf,ret_SELL,-0.2622397139168503
55,c2_rf,C2_rf,spread_BUY_SELL,-0.45582364236692374
55,c2_rf,C2_rf,hit_ratio,0.4675324675324675
55,c2_rf,C2_rf,turnover,0.14846045197740115
55,c3_lightgbm,C3_lightgbm,rank_ic,-0.05125140542701205
55,c3_lightgbm,C3_lightgbm,ic_ir,-0.2002305245300105
55,c3_lightgbm,C3_lightgbm,rmse,1.3056134630827037
55,c3_lightgbm,C3_lightgbm,hit_ratio_sign,0.4694950012817226
55,c3_lightgbm,C3_lightgbm,ret_BUY,-0.26064287999539304
55,c3_lightgbm,C3_lightgbm,ret_NEUTRAL,-0.09997998836744416
55,c3_lightgbm,C3_lightgbm,ret_SELL,0.07388307409143284
55,c3_lightgbm,C3_lightgbm,spread_BUY_SELL,-0.3345259540868259
55,c3_lightgbm,C3_lightgbm,hit_ratio,0.43006993006993005
55,c3_lightgbm,C3_lightgbm,turnover,0.42149717514124296
55,c4_hybrid_tri,C4_hybrid_tri,rank_ic,-0.05556466860655421
55,c4_hybrid_tri,C4_hybrid_tri,ic_ir,-0.31807435594069333
55,c4_hybrid_tri,C4_hybrid_tri,rmse,1.346873709383729
55,c4_hybrid_tri,C4_hybrid_tri,hit_ratio_sign,0.49333504229684694
55,c4_hybrid_tri,C4_hybrid_tri,ret_BUY,-0.33192811771475306
55,c4_hybrid_tri,C4_hybrid_tri,ret_NEUTRAL,-0.06533482279334792
55,c4_hybrid_tri,C4_hybrid_tri,ret_SELL,0.024974901852164885
55,c4_hybrid_tri,C4_hybrid_tri,spread_BUY_SELL,-0.35690301956691795
55,c4_hybrid_tri,C4_hybrid_tri,hit_ratio,0.4602649006622517
55,c4_hybrid_tri,C4_hybrid_tri,turnover,0.4460063559322034
55,c5_hybrid_tri_regime,C5_hybrid_tri_regime,rank_ic,-0.06221310037473766
55,c5_hybrid_tri_regime,C5_hybrid_tri_regime,ic_ir,-0.37731221163260864
55,c5_hybrid_tri_regime,C5_hybrid_tri_regime,rmse,1.3415088107047288
55,c5_hybrid_tri_regime,C5_hybrid_tri_regime,hit_ratio_sign,0.4921814919251474
55,c5_hybrid_tri_regime,C5_hybrid_tri_regime,ret_BUY,-0.40901755781903376
55,c5_hybrid_tri_regime,C5_hybrid_tri_regime,ret_NEUTRAL,-0.017629318723344462
55,c5_hybrid_tri_regime,C5_hybrid_tri_regime,ret_SELL,0.06579981294819127
55,c5_hybrid_tri_regime,C5_hybrid_tri_regime,spread_BUY_SELL,-0.474817370767225
55,c5_hybrid_tri_regime,C5_hybrid_tri_regime,hit_ratio,0.4533333333333333
55,c5_hybrid_tri_regime,C5_hybrid_tri_regime,turnover,0.4302860169491526
56,c1_ridge,C1_ridge,rank_ic,0.017571921735246326
56,c1_ridge,C1_ridge,ic_ir,0.12848906992251974
56,c1_ridge,C1_ridge,rmse,1.1875553784145327
56,c1_ridge,C1_ridge,hit_ratio_sign,0.4553030303030303
56,c1_ridge,C1_ridge,ret_BUY,-0.08912961358215678
56,c1_ridge,C1_ridge,ret_NEUTRAL,-0.11323028460251827
56,c1_ridge,C1_ridge,ret_SELL,-0.2282658257607541
56,c1_ridge,C1_ridge,spread_BUY_SELL,0.13913621217859734
56,c1_ridge,C1_ridge,hit_ratio,0.4473684210526316
56,c1_ridge,C1_ridge,turnover,0.4613824993274146
56,c2_rf,C2_rf,rank_ic,-0.05067493542937035
56,c2_rf,C2_rf,ic_ir,-0.26379444451469025
56,c2_rf,C2_rf,rmse,1.1703683208929991
56,c2_rf,C2_rf,hit_ratio_sign,0.42285353535353537
56,c2_rf,C2_rf,ret_BUY,-0.550639643862948
56,c2_rf,C2_rf,ret_NEUTRAL,-0.047217133692362974
56,c2_rf,C2_rf,ret_SELL,-0.17726110220725755
56,c2_rf,C2_rf,spread_BUY_SELL,-0.3733785416556904
56,c2_rf,C2_rf,hit_ratio,0.4125
56,c2_rf,C2_rf,turnover,0.12384651600753296
56,c3_lightgbm,C3_lightgbm,rank_ic,0.08749814482938498
56,c3_lightgbm,C3_lightgbm,ic_ir,0.33555825783182197
56,c3_lightgbm,C3_lightgbm,rmse,1.2462015493791523
56,c3_lightgbm,C3_lightgbm,hit_ratio_sign,0.5157828282828283
56,c3_lightgbm,C3_lightgbm,ret_BUY,-0.08042227856793635
56,c3_lightgbm,C3_lightgbm,ret_NEUTRAL,-0.12139624728678461
56,c3_lightgbm,C3_lightgbm,ret_SELL,-0.17598684385119806
56,c3_lightgbm,C3_lightgbm,spread_BUY_SELL,0.09556456528326171
56,c3_lightgbm,C3_lightgbm,hit_ratio,0.5035460992907801
56,c3_lightgbm,C3_lightgbm,turnover,0.45813878800107605
56,c4_hybrid_tri,C4_hybrid_tri,rank_ic,0.04290191501396138
56,c4_hybrid_tri,C4_hybrid_tri,ic_ir,0.2442623582678991
56,c4_hybrid_tri,C4_hybrid_tri,rmse,1.2907896390793
56,c4_hybrid_tri,C4_hybrid_tri,hit_ratio_sign,0.5012626262626263
56,c4_hybrid_tri,C4_hybrid_tri,ret_BUY,-0.13278626997037832
56,c4_hybrid_tri,C4_hybrid_tri,ret_NEUTRAL,-0.19207927214478418
56,c4_hybrid_tri,C4_hybrid_tri,ret_SELL,-0.06085625493627267
56,c4_hybrid_tri,C4_hybrid_tri,spread_BUY_SELL,-0.07193001503410565
56,c4_hybrid_tri,C4_hybrid_tri,hit_ratio,0.47770700636942676
56,c4_hybrid_tri,C4_hybrid_tri,turnover,0.4822864541296744
56,c5_hybrid_tri_regime,C5_hybrid_tri_regime,rank_ic,0.0408680414882458
56,c5_hybrid_tri_regime,C5_hybrid_tri_regime,ic_ir,0.22911397547210932
56,c5_hybrid_tri_regime,C5_hybrid_tri_regime,rmse,1.293333614908094
56,c5_hybrid_tri_regime,C5_hybrid_tri_regime,hit_ratio_sign,0.5079545454545454
56,c5_hybrid_tri_regime,C5_hybrid_tri_regime,ret_BUY,-0.16969883521504628
56,c5_hybrid_tri_regime,C5_hybrid_tri_regime,ret_NEUTRAL,0.03629748547420886
56,c5_hybrid_tri_regime,C5_hybrid_tri_regime,ret_SELL,-0.12637946736844546
56,c5_hybrid_tri_regime,C5_hybrid_tri_regime,spread_BUY_SELL,-0.043319367846600815
56,c5_hybrid_tri_regime,C5_hybrid_tri_regime,hit_ratio,0.4838709677419355
56,c5_hybrid_tri_regime,C5_hybrid_tri_regime,turnover,0.4781409739036858
57,c1_ridge,C1_ridge,rank_ic,0.12933973082549513
57,c1_ridge,C1_ridge,ic_ir,1.0917518371503743
57,c1_ridge,C1_ridge,rmse,1.1457708055169322
57,c1_ridge,C1_ridge,hit_ratio_sign,0.47802481902792143
57,c1_ridge,C1_ridge,ret_BUY,0.06248839560832331
57,c1_ridge,C1_ridge,ret_NEUTRAL,-0.08939375827376793
57,c1_ridge,C1_ridge,ret_SELL,-0.33747431295420893
57,c1_ridge,C1_ridge,spread_BUY_SELL,0.39996270856253224
57,c1_ridge,C1_ridge,hit_ratio,0.4897959183673469
57,c1_ridge,C1_ridge,turnover,0.4497129741727199
57,c2_rf,C2_rf,rank_ic,-0.03810898669276107
57,c2_rf,C2_rf,ic_ir,-0.19984374279553072
57,c2_rf,C2_rf,rmse,1.1073286785658172
57,c2_rf,C2_rf,hit_ratio_sign,0.5482161323681489
57,c2_rf,C2_rf,ret_BUY,-0.207239625132662
57,c2_rf,C2_rf,ret_NEUTRAL,-0.0708011987394842
57,c2_rf,C2_rf,ret_SELL,0.02313023095529972
57,c2_rf,C2_rf,spread_BUY_SELL,-0.23036985608796173
57,c2_rf,C2_rf,hit_ratio,0.47474747474747475
57,c2_rf,C2_rf,turnover,0.23964487489911215
57,c3_lightgbm,C3_lightgbm,rank_ic,0.16771482308555993
57,c3_lightgbm,C3_lightgbm,ic_ir,0.6999481768946775
57,c3_lightgbm,C3_lightgbm,rmse,1.1454081886348892
57,c3_lightgbm,C3_lightgbm,hit_ratio_sign,0.5514477766287487
57,c3_lightgbm,C3_lightgbm,ret_BUY,0.046410560900506104
57,c3_lightgbm,C3_lightgbm,ret_NEUTRAL,-0.07586681529177867
57,c3_lightgbm,C3_lightgbm,ret_SELL,-0.1489116547607357
57,c3_lightgbm,C3_lightgbm,spread_BUY_SELL,0.1953222156612418
57,c3_lightgbm,C3_lightgbm,hit_ratio,0.5271966527196653
57,c3_lightgbm,C3_lightgbm,turnover,0.49759163976324994
57,c4_hybrid_tri,C4_hybrid_tri,rank_ic,0.1493683851150128
57,c4_hybrid_tri,C4_hybrid_tri,ic_ir,0.7837587114680107
57,c4_hybrid_tri,C4_hybrid_tri,rmse,1.1816934254609932
57,c4_hybrid_tri,C4_hybrid_tri,hit_ratio_sign,0.5197776628748707
57,c4_hybrid_tri,C4_hybrid_tri,ret_BUY,-0.0017680717355612774
57,c4_hybrid_tri,C4_hybrid_tri,ret_NEUTRAL,-0.04849397343841068
57,c4_hybrid_tri,C4_hybrid_tri,ret_SELL,-0.13496089667255282
57,c4_hybrid_tri,C4_hybrid_tri,spread_BUY_SELL,0.13319282493699153
57,c4_hybrid_tri,C4_hybrid_tri,hit_ratio,0.5160256410256411
57,c4_hybrid_tri,C4_hybrid_tri,turnover,0.482453591606134
57,c5_hybrid_tri_regime,C5_hybrid_tri_regime,rank_ic,0.122640973928297
57,c5_hybrid_tri_regime,C5_hybrid_tri_regime,ic_ir,0.6048996946146719
57,c5_hybrid_tri_regime,C5_hybrid_tri_regime,rmse,1.1888560346173136
57,c5_hybrid_tri_regime,C5_hybrid_tri_regime,hit_ratio_sign,0.5065925542916235
57,c5_hybrid_tri_regime,C5_hybrid_tri_regime,ret_BUY,0.006589699880674918
57,c5_hybrid_tri_regime,C5_hybrid_tri_regime,ret_NEUTRAL,-0.08265507944745852
57,c5_hybrid_tri_regime,C5_hybrid_tri_regime,ret_SELL,-0.1262913651827624
57,c5_hybrid_tri_regime,C5_hybrid_tri_regime,spread_BUY_SELL,0.13288106506343733
57,c5_hybrid_tri_regime,C5_hybrid_tri_regime,hit_ratio,0.5121107266435986
57,c5_hybrid_tri_regime,C5_hybrid_tri_regime,turnover,0.5017164379876244
58,c1_ridge,C1_ridge,rank_ic,0.13549028984296405
58,c1_ridge,C1_ridge,ic_ir,1.3105990498448121
58,c1_ridge,C1_ridge,rmse,1.1226378222094116
58,c1_ridge,C1_ridge,hit_ratio_sign,0.4881623449830891
58,c1_ridge,C1_ridge,ret_BUY,0.1320361270417504
58,c1_ridge,C1_ridge,ret_NEUTRAL,-0.08530239902020852
58,c1_ridge,C1_ridge,ret_SELL,-0.028982313514810346
58,c1_ridge,C1_ridge,spread_BUY_SELL,0.16101844055656075
58,c1_ridge,C1_ridge,hit_ratio,0.47619047619047616
58,c1_ridge,C1_ridge,turnover,0.4309457129846474
58,c2_rf,C2_rf,rank_ic,-0.13997759706013313
58,c2_rf,C2_rf,ic_ir,-0.7451554395191946
58,c2_rf,C2_rf,rmse,1.1763951615198107
58,c2_rf,C2_rf,hit_ratio_sign,0.46310910685206064
58,c2_rf,C2_rf,ret_BUY,-0.45972988377715746
58,c2_rf,C2_rf,ret_NEUTRAL,-0.002209041599845205
58,c2_rf,C2_rf,ret_SELL,0.3242334949844047
58,c2_rf,C2_rf,spread_BUY_SELL,-0.7839633787615621
58,c2_rf,C2_rf,hit_ratio,0.34951456310679613
58,c2_rf,C2_rf,turnover,0.24204609029404106
58,c3_lightgbm,C3_lightgbm,rank_ic,0.22074646302335982
58,c3_lightgbm,C3_lightgbm,ic_ir,1.225188621740042
58,c3_lightgbm,C3_lightgbm,rmse,1.168898492337243
58,c3_lightgbm,C3_lightgbm,hit_ratio_sign,0.5694601027182763
58,c3_lightgbm,C3_lightgbm,ret_BUY,0.16175182092645857
58,c3_lightgbm,C3_lightgbm,ret_NEUTRAL,-0.07643049657914178
58,c3_lightgbm,C3_lightgbm,ret_SELL,-0.1244236198591952
58,c3_lightgbm,C3_lightgbm,spread_BUY_SELL,0.28617544078565377
58,c3_lightgbm,C3_lightgbm,hit_ratio,0.5753424657534246
58,c3_lightgbm,C3_lightgbm,turnover,0.5022488940931564
58,c4_hybrid_tri,C4_hybrid_tri,rank_ic,0.16058139652362952
58,c4_hybrid_tri,C4_hybrid_tri,ic_ir,1.0223252012444983
58,c4_hybrid_tri,C4_hybrid_tri,rmse,1.20999754793094
58,c4_hybrid_tri,C4_hybrid_tri,hit_ratio_sign,0.5252411374170112
58,c4_hybrid_tri,C4_hybrid_tri,ret_BUY,0.06473422750138981
58,c4_hybrid_tri,C4_hybrid_tri,ret_NEUTRAL,-0.07776378074813853
58,c4_hybrid_tri,C4_hybrid_tri,ret_SELL,-0.03297285494317154
58,c4_hybrid_tri,C4_hybrid_tri,spread_BUY_SELL,0.09770708244456135
58,c4_hybrid_tri,C4_hybrid_tri,hit_ratio,0.5163398692810458
58,c4_hybrid_tri,C4_hybrid_tri,turnover,0.48502211813687224
58,c5_hybrid_tri_regime,C5_hybrid_tri_regime,rank_ic,0.18451475545331159
58,c5_hybrid_tri_regime,C5_hybrid_tri_regime,ic_ir,1.1503143983196369
58,c5_hybrid_tri_regime,C5_hybrid_tri_regime,rmse,1.205364189127377
58,c5_hybrid_tri_regime,C5_hybrid_tri_regime,hit_ratio_sign,0.5393962169610422
58,c5_hybrid_tri_regime,C5_hybrid_tri_regime,ret_BUY,0.0763549787299965
58,c5_hybrid_tri_regime,C5_hybrid_tri_regime,ret_NEUTRAL,-0.0551194759835751
58,c5_hybrid_tri_regime,C5_hybrid_tri_regime,ret_SELL,-0.04708379294070538
58,c5_hybrid_tri_regime,C5_hybrid_tri_regime,spread_BUY_SELL,0.12343877167070189
58,c5_hybrid_tri_regime,C5_hybrid_tri_regime,hit_ratio,0.5217391304347826
58,c5_hybrid_tri_regime,C5_hybrid_tri_regime,turnover,0.5080326242518864
59,c1_ridge,C1_ridge,rank_ic,0.15377679997846544
59,c1_ridge,C1_ridge,ic_ir,1.5825741506704993
59,c1_ridge,C1_ridge,rmse,1.0751090854326442
59,c1_ridge,C1_ridge,hit_ratio_sign,0.5022865853658537
59,c1_ridge,C1_ridge,ret_BUY,0.2178788864939133
59,c1_ridge,C1_ridge,ret_NEUTRAL,-0.12188105279034193
59,c1_ridge,C1_ridge,ret_SELL,-0.01662546000174313
59,c1_ridge,C1_ridge,spread_BUY_SELL,0.23450434649565643
59,c1_ridge,C1_ridge,hit_ratio,0.5078534031413613
59,c1_ridge,C1_ridge,turnover,0.42273395222217813
59,c2_rf,C2_rf,rank_ic,0.18178002048619482
59,c2_rf,C2_rf,ic_ir,1.5131680762718371
59,c2_rf,C2_rf,rmse,1.0964225435558788
59,c2_rf,C2_rf,hit_ratio_sign,0.5715193089430894
59,c2_rf,C2_rf,ret_BUY,-0.011493836001935482
59,c2_rf,C2_rf,ret_NEUTRAL,0.014111405876254455
59,c2_rf,C2_rf,ret_SELL,-0.07854744547188709
59,c2_rf,C2_rf,spread_BUY_SELL,0.0670536094699516
59,c2_rf,C2_rf,hit_ratio,0.45121951219512196
59,c2_rf,C2_rf,turnover,0.16496392295919943
59,c3_lightgbm,C3_lightgbm,rank_ic,0.1672814426105002
59,c3_lightgbm,C3_lightgbm,ic_ir,0.8456313186455606
59,c3_lightgbm,C3_lightgbm,rmse,1.182579732590077
59,c3_lightgbm,C3_lightgbm,hit_ratio_sign,0.5802845528455285
59,c3_lightgbm,C3_lightgbm,ret_BUY,0.04635727513333237
59,c3_lightgbm,C3_lightgbm,ret_NEUTRAL,-0.10952175901177821
59,c3_lightgbm,C3_lightgbm,ret_SELL,0.03025696095489288
59,c3_lightgbm,C3_lightgbm,spread_BUY_SELL,0.01610031417843949
59,c3_lightgbm,C3_lightgbm,hit_ratio,0.5050167224080268
59,c3_lightgbm,C3_lightgbm,turnover,0.5151839052514587
59,c4_hybrid_tri,C4_hybrid_tri,rank_ic,0.21502122750408953
59,c4_hybrid_tri,C4_hybrid_tri,ic_ir,1.490268244371878
59,c4_hybrid_tri,C4_hybrid_tri,rmse,1.1441558057282761
59,c4_hybrid_tri,C4_hybrid_tri,hit_ratio_sign,0.5476371951219512
59,c4_hybrid_tri,C4_hybrid_tri,ret_BUY,0.1100216855485709
59,c4_hybrid_tri,C4_hybrid_tri,ret_NEUTRAL,-0.04231066247932362
59,c4_hybrid_tri,C4_hybrid_tri,ret_SELL,-0.07873070711504279
59,c4_hybrid_tri,C4_hybrid_tri,spread_BUY_SELL,0.1887523926636137
59,c4_hybrid_tri,C4_hybrid_tri,hit_ratio,0.5140845070422535
59,c4_hybrid_tri,C4_hybrid_tri,turnover,0.5461201331278088
59,c5_hybrid_tri_regime,C5_hybrid_tri_regime,rank_ic,0.22845040959525206
59,c5_hybrid_tri_regime,C5_hybrid_tri_regime,ic_ir,1.34630620880856
59,c5_hybrid_tri_regime,C5_hybrid_tri_regime,rmse,1.1095357000256816
59,c5_hybrid_tri_regime,C5_hybrid_tri_regime,hit_ratio_sign,0.5561483739837398
59,c5_hybrid_tri_regime,C5_hybrid_tri_regime,ret_BUY,0.11484847512172686
59,c5_hybrid_tri_regime,C5_hybrid_tri_regime,ret_NEUTRAL,0.02012854571996864
59,c5_hybrid_tri_regime,C5_hybrid_tri_regime,ret_SELL,-0.13035892546967337
59,c5_hybrid_tri_regime,C5_hybrid_tri_regime,spread_BUY_SELL,0.24520740059140023
59,c5_hybrid_tri_regime,C5_hybrid_tri_regime,hit_ratio,0.5481727574750831
59,c5_hybrid_tri_regime,C5_hybrid_tri_regime,turnover,0.5234842708733025
60,c1_ridge,C1_ridge,rank_ic,0.16469600795834952
60,c1_ridge,C1_ridge,ic_ir,1.7087920075731795
60,c1_ridge,C1_ridge,rmse,1.0824085973666047
60,c1_ridge,C1_ridge,hit_ratio_sign,0.5159547738693467
60,c1_ridge,C1_ridge,ret_BUY,0.29113873319403094
60,c1_ridge,C1_ridge,ret_NEUTRAL,-0.18502933943603814
60,c1_ridge,C1_ridge,ret_SELL,0.12106144523521094
60,c1_ridge,C1_ridge,spread_BUY_SELL,0.17007728795882
60,c1_ridge,C1_ridge,hit_ratio,0.5052083333333334
60,c1_ridge,C1_ridge,turnover,0.4237588042533861
60,c2_rf,C2_rf,rank_ic,0.11737088720905606
60,c2_rf,C2_rf,ic_ir,0.8524397398009627
60,c2_rf,C2_rf,rmse,1.1018244023262893
60,c2_rf,C2_rf,hit_ratio_sign,0.5105527638190954
60,c2_rf,C2_rf,ret_BUY,0.06893705956962164
60,c2_rf,C2_rf,ret_NEUTRAL,-0.020537350091535407
60,c2_rf,C2_rf,ret_SELL,0.10562931217365756
60,c2_rf,C2_rf,spread_BUY_SELL,-0.03669225260403593
60,c2_rf,C2_rf,hit_ratio,0.42073170731707316
60,c2_rf,C2_rf,turnover,0.2045250664867225
60,c3_lightgbm,C3_lightgbm,rank_ic,0.16950645630246436
60,c3_lightgbm,C3_lightgbm,ic_ir,0.7419580568646388
60,c3_lightgbm,C3_lightgbm,rmse,1.225171164621307
60,c3_lightgbm,C3_lightgbm,hit_ratio_sign,0.5520100502512563
60,c3_lightgbm,C3_lightgbm,ret_BUY,0.0747489831425325
60,c3_lightgbm,C3_lightgbm,ret_NEUTRAL,-0.05223324339988998
60,c3_lightgbm,C3_lightgbm,ret_SELL,0.0071775465386855405
60,c3_lightgbm,C3_lightgbm,spread_BUY_SELL,0.06757143660384696
60,c3_lightgbm,C3_lightgbm,hit_ratio,0.5162337662337663
60,c3_lightgbm,C3_lightgbm,turnover,0.4579843607351248
60,c4_hybrid_tri,C4_hybrid_tri,rank_ic,0.19107592517795505
60,c4_hybrid_tri,C4_hybrid_tri,ic_ir,1.3857260418647557
60,c4_hybrid_tri,C4_hybrid_tri,rmse,1.1355177793160594
60,c4_hybrid_tri,C4_hybrid_tri,hit_ratio_sign,0.5512562814070352
60,c4_hybrid_tri,C4_hybrid_tri,ret_BUY,0.12228301947587801
60,c4_hybrid_tri,C4_hybrid_tri,ret_NEUTRAL,-0.10282683496468212
60,c4_hybrid_tri,C4_hybrid_tri,ret_SELL,-0.0029974631078165453
60,c4_hybrid_tri,C4_hybrid_tri,spread_BUY_SELL,0.12528048258369456
60,c4_hybrid_tri,C4_hybrid_tri,hit_ratio,0.5230263157894737
60,c4_hybrid_tri,C4_hybrid_tri,turnover,0.4917644672020887
60,c5_hybrid_tri_regime,C5_hybrid_tri_regime,rank_ic,0.20040791656181825
60,c5_hybrid_tri_regime,C5_hybrid_tri_regime,ic_ir,1.6128453494461643
60,c5_hybrid_tri_regime,C5_hybrid_tri_regime,rmse,1.1495877811553261
60,c5_hybrid_tri_regime,C5_hybrid_tri_regime,hit_ratio_sign,0.5498743718592964
60,c5_hybrid_tri_regime,C5_hybrid_tri_regime,ret_BUY,0.11841072009829469
60,c5_hybrid_tri_regime,C5_hybrid_tri_regime,ret_NEUTRAL,-0.14557683144623323
60,c5_hybrid_tri_regime,C5_hybrid_tri_regime,ret_SELL,0.024077248153508736
60,c5_hybrid_tri_regime,C5_hybrid_tri_regime,spread_BUY_SELL,0.09433347194478595
60,c5_hybrid_tri_regime,C5_hybrid_tri_regime,hit_ratio,0.5033333333333333
60,c5_hybrid_tri_regime,C5_hybrid_tri_regime,turnover,0.46986861429762233
61,c1_ridge,C1_ridge,rank_ic,0.17622112029551362
61,c1_ridge,C1_ridge,ic_ir,1.7382801829798487
61,c1_ridge,C1_ridge,rmse,1.2418970437601589
61,c1_ridge,C1_ridge,hit_ratio_sign,0.5295802715157554
61,c1_ridge,C1_ridge,ret_BUY,0.4149742492450955
61,c1_ridge,C1_ridge,ret_NEUTRAL,-0.19328697739172115
61,c1_ridge,C1_ridge,ret_SELL,-0.028987152307341644
61,c1_ridge,C1_ridge,spread_BUY_SELL,0.4439614015524372
61,c1_ridge,C1_ridge,hit_ratio,0.5282051282051282
61,c1_ridge,C1_ridge,turnover,0.42359176558676415
61,c2_rf,C2_rf,rank_ic,0.2619869295249812
61,c2_rf,C2_rf,ic_ir,2.4066308479812775
61,c2_rf,C2_rf,rmse,1.2573242702271936
61,c2_rf,C2_rf,hit_ratio_sign,0.6165151326441649
61,c2_rf,C2_rf,ret_BUY,0.5461768587313075
61,c2_rf,C2_rf,ret_NEUTRAL,-0.030289092562543227
61,c2_rf,C2_rf,ret_SELL,-0.2852037073107426
61,c2_rf,C2_rf,spread_BUY_SELL,0.8313805660420501
61,c2_rf,C2_rf,hit_ratio,0.6285714285714286
61,c2_rf,C2_rf,turnover,0.2575412991195153
61,c3_lightgbm,C3_lightgbm,rank_ic,0.11961144737760931
61,c3_lightgbm,C3_lightgbm,ic_ir,0.4187734136884772
61,c3_lightgbm,C3_lightgbm,rmse,1.43744317168999
61,c3_lightgbm,C3_lightgbm,hit_ratio_sign,0.5541163283098767
61,c3_lightgbm,C3_lightgbm,ret_BUY,0.12440323414855199
61,c3_lightgbm,C3_lightgbm,ret_NEUTRAL,-0.12157925746637546
61,c3_lightgbm,C3_lightgbm,ret_SELL,0.024042048070218636
61,c3_lightgbm,C3_lightgbm,spread_BUY_SELL,0.10036118607833336
61,c3_lightgbm,C3_lightgbm,hit_ratio,0.5144694533762058
61,c3_lightgbm,C3_lightgbm,turnover,0.48150640135080264
61,c4_hybrid_tri,C4_hybrid_tri,rank_ic,0.21898861540802808
61,c4_hybrid_tri,C4_hybrid_tri,ic_ir,1.458077771710386
61,c4_hybrid_tri,C4_hybrid_tri,rmse,1.3124368750046187
61,c4_hybrid_tri,C4_hybrid_tri,hit_ratio_sign,0.5792751276622244
61,c4_hybrid_tri,C4_hybrid_tri,ret_BUY,0.2560765684236913
61,c4_hybrid_tri,C4_hybrid_tri,ret_NEUTRAL,0.10203256495000769
61,c4_hybrid_tri,C4_hybrid_tri,ret_SELL,-0.20121714471459903
61,c4_hybrid_tri,C4_hybrid_tri,spread_BUY_SELL,0.45729371313829037
61,c4_hybrid_tri,C4_hybrid_tri,hit_ratio,0.5845697329376854
61,c4_hybrid_tri,C4_hybrid_tri,turnover,0.40267206227750824
61,c5_hybrid_tri_regime,C5_hybrid_tri_regime,rank_ic,0.22020061833581403
61,c5_hybrid_tri_regime,C5_hybrid_tri_regime,ic_ir,1.644988151978211
61,c5_hybrid_tri_regime,C5_hybrid_tri_regime,rmse,1.314061164384032
61,c5_hybrid_tri_regime,C5_hybrid_tri_regime,hit_ratio_sign,0.5704321833354091
61,c5_hybrid_tri_regime,C5_hybrid_tri_regime,ret_BUY,0.2515958471770046
61,c5_hybrid_tri_regime,C5_hybrid_tri_regime,ret_NEUTRAL,-0.16471572295161216
61,c5_hybrid_tri_regime,C5_hybrid_tri_regime,ret_SELL,-0.12779293244236115
61,c5_hybrid_tri_regime,C5_hybrid_tri_regime,spread_BUY_SELL,0.3793887796193658
61,c5_hybrid_tri_regime,C5_hybrid_tri_regime,hit_ratio,0.5795795795795796
61,c5_hybrid_tri_regime,C5_hybrid_tri_regime,turnover,0.4249070950043442
62,c1_ridge,C1_ridge,rank_ic,0.20427350163641492
62,c1_ridge,C1_ridge,ic_ir,1.848321221596461
62,c1_ridge,C1_ridge,rmse,1.337575266203685
62,c1_ridge,C1_ridge,hit_ratio_sign,0.5435700099304865
62,c1_ridge,C1_ridge,ret_BUY,0.5278956000392172
62,c1_ridge,C1_ridge,ret_NEUTRAL,-0.1181907166827111
62,c1_ridge,C1_ridge,ret_SELL,-0.025796107118381876
62,c1_ridge,C1_ridge,spread_BUY_SELL,0.5536917071575991
62,c1_ridge,C1_ridge,hit_ratio,0.5522388059701493
62,c1_ridge,C1_ridge,turnover,0.45538593110140757
62,c2_rf,C2_rf,rank_ic,0.29068157946990103
62,c2_rf,C2_rf,ic_ir,2.787865780104085
62,c2_rf,C2_rf,rmse,1.3540495347994408
62,c2_rf,C2_rf,hit_ratio_sign,0.6245034756703078
62,c2_rf,C2_rf,ret_BUY,0.7131395571738742
62,c2_rf,C2_rf,ret_NEUTRAL,0.23997273046259546
62,c2_rf,C2_rf,ret_SELL,-0.14314973156355718
62,c2_rf,C2_rf,spread_BUY_SELL,0.8562892887374314
62,c2_rf,C2_rf,hit_ratio,0.6078947368421053
62,c2_rf,C2_rf,turnover,0.230180394148163
62,c3_lightgbm,C3_lightgbm,rank_ic,0.08583162967891139
62,c3_lightgbm,C3_lightgbm,ic_ir,0.37857020793839163
62,c3_lightgbm,C3_lightgbm,rmse,1.5429016474701016
62,c3_lightgbm,C3_lightgbm,hit_ratio_sign,0.5455561072492552
62,c3_lightgbm,C3_lightgbm,ret_BUY,0.2371477518179914
62,c3_lightgbm,C3_lightgbm,ret_NEUTRAL,-0.08232832762635868
62,c3_lightgbm,C3_lightgbm,ret_SELL,0.17005629995976415
62,c3_lightgbm,C3_lightgbm,spread_BUY_SELL,0.06709145185822724
62,c3_lightgbm,C3_lightgbm,hit_ratio,0.5272727272727272
62,c3_lightgbm,C3_lightgbm,turnover,0.4908591979167139
62,c4_hybrid_tri,C4_hybrid_tri,rank_ic,0.20179599746879978
62,c4_hybrid_tri,C4_hybrid_tri,ic_ir,1.4768437147129863
62,c4_hybrid_tri,C4_hybrid_tri,rmse,1.4115164629706132
62,c4_hybrid_tri,C4_hybrid_tri,hit_ratio_sign,0.5778301886792453
62,c4_hybrid_tri,C4_hybrid_tri,ret_BUY,0.3654769151184102
62,c4_hybrid_tri,C4_hybrid_tri,ret_NEUTRAL,0.17969794141034212
62,c4_hybrid_tri,C4_hybrid_tri,ret_SELL,-0.10404565962420968
62,c4_hybrid_tri,C4_hybrid_tri,spread_BUY_SELL,0.4695225747426199
62,c4_hybrid_tri,C4_hybrid_tri,hit_ratio,0.5723076923076923
62,c4_hybrid_tri,C4_hybrid_tri,turnover,0.40868030552387313
62,c5_hybrid_tri_regime,C5_hybrid_tri_regime,rank_ic,0.20304001337902577
62,c5_hybrid_tri_regime,C5_hybrid_tri_regime,ic_ir,1.510200927182535
62,c5_hybrid_tri_regime,C5_hybrid_tri_regime,rmse,1.4149368649761576
62,c5_hybrid_tri_regime,C5_hybrid_tri_regime,hit_ratio_sign,0.583416087388282
62,c5_hybrid_tri_regime,C5_hybrid_tri_regime,ret_BUY,0.35558644293634006
62,c5_hybrid_tri_regime,C5_hybrid_tri_regime,ret_NEUTRAL,0.28173181885588067
62,c5_hybrid_tri_regime,C5_hybrid_tri_regime,ret_SELL,-0.13672283222766704
62,c5_hybrid_tri_regime,C5_hybrid_tri_regime,spread_BUY_SELL,0.49230927516400713
62,c5_hybrid_tri_regime,C5_hybrid_tri_regime,hit_ratio,0.5869565217391305
62,c5_hybrid_tri_regime,C5_hybrid_tri_regime,turnover,0.40244864641085815
63,c1_ridge,C1_ridge,rank_ic,0.21836301050378604
63,c1_ridge,C1_ridge,ic_ir,1.9990236723429478
63,c1_ridge,C1_ridge,rmse,1.3770430061521994
63,c1_ridge,C1_ridge,hit_ratio_sign,0.5407578896064336
63,c1_ridge,C1_ridge,ret_BUY,0.6663384470504466
63,c1_ridge,C1_ridge,ret_NEUTRAL,0.008984473458103034
63,c1_ridge,C1_ridge,ret_SELL,-0.16417950904785072
63,c1_ridge,C1_ridge,spread_BUY_SELL,0.8305179560982974
63,c1_ridge,C1_ridge,hit_ratio,0.5606060606060606
63,c1_ridge,C1_ridge,turnover,0.48743151387219186
63,c2_rf,C2_rf,rank_ic,0.24692992011539594
63,c2_rf,C2_rf,ic_ir,3.2176499639433076
63,c2_rf,C2_rf,rmse,1.4713856613280076
63,c2_rf,C2_rf,hit_ratio_sign,0.5942488119897649
63,c2_rf,C2_rf,ret_BUY,0.7162465317088235
63,c2_rf,C2_rf,ret_NEUTRAL,0.098407119525191
63,c2_rf,C2_rf,ret_SELL,-0.10908762760962841
63,c2_rf,C2_rf,spread_BUY_SELL,0.8253341593184519
63,c2_rf,C2_rf,hit_ratio,0.609271523178808
63,c2_rf,C2_rf,turnover,0.2220670102026034
63,c3_lightgbm,C3_lightgbm,rank_ic,-0.043014810808593595
63,c3_lightgbm,C3_lightgbm,ic_ir,-0.31774309229898406
63,c3_lightgbm,C3_lightgbm,rmse,1.5983459482728035
63,c3_lightgbm,C3_lightgbm,hit_ratio_sign,0.5065188253929572
63,c3_lightgbm,C3_lightgbm,ret_BUY,0.2592036142717426
63,c3_lightgbm,C3_lightgbm,ret_NEUTRAL,0.0016186783660761277
63,c3_lightgbm,C3_lightgbm,ret_SELL,0.29960869446064836
63,c3_lightgbm,C3_lightgbm,spread_BUY_SELL,-0.04040508018890576
63,c3_lightgbm,C3_lightgbm,hit_ratio,0.49834983498349833
63,c3_lightgbm,C3_lightgbm,turnover,0.2898236979592912
63,c4_hybrid_tri,C4_hybrid_tri,rank_ic,0.16819573929809079
63,c4_hybrid_tri,C4_hybrid_tri,ic_ir,1.984475917466914
63,c4_hybrid_tri,C4_hybrid_tri,rmse,1.4915681858843095
63,c4_hybrid_tri,C4_hybrid_tri,hit_ratio_sign,0.5810893140002437
63,c4_hybrid_tri,C4_hybrid_tri,ret_BUY,0.6529806076519687
63,c4_hybrid_tri,C4_hybrid_tri,ret_NEUTRAL,0.05469966261523701
63,c4_hybrid_tri,C4_hybrid_tri,ret_SELL,-0.07769652825794647
63,c4_hybrid_tri,C4_hybrid_tri,spread_BUY_SELL,0.7306771359099152
63,c4_hybrid_tri,C4_hybrid_tri,hit_ratio,0.5930232558139535
63,c4_hybrid_tri,C4_hybrid_tri,turnover,0.3180530204259018
63,c5_hybrid_tri_regime,C5_hybrid_tri_regime,rank_ic,0.1919481679245698
63,c5_hybrid_tri_regime,C5_hybrid_tri_regime,ic_ir,2.321979430868771
63,c5_hybrid_tri_regime,C5_hybrid_tri_regime,rmse,1.4767574244464572
63,c5_hybrid_tri_regime,C5_hybrid_tri_regime,hit_ratio_sign,0.5918118679176313
63,c5_hybrid_tri_regime,C5_hybrid_tri_regime,ret_BUY,0.6744388770225899
63,c5_hybrid_tri_regime,C5_hybrid_tri_regime,ret_NEUTRAL,0.04665694169342286
63,c5_hybrid_tri_regime,C5_hybrid_tri_regime,ret_SELL,-0.07435348132637744
63,c5_hybrid_tri_regime,C5_hybrid_tri_regime,spread_BUY_SELL,0.7487923583489673
63,c5_hybrid_tri_regime,C5_hybrid_tri_regime,hit_ratio,0.5948275862068966
63,c5_hybrid_tri_regime,C5_hybrid_tri_regime,turnover,0.33487574572320333
64,c1_ridge,C1_ridge,rank_ic,0.22334667543931086
64,c1_ridge,C1_ridge,ic_ir,2.2787998314301983
64,c1_ridge,C1_ridge,rmse,1.3992974358856052
64,c1_ridge,C1_ridge,hit_ratio_sign,0.5477730778800697
64,c1_ridge,C1_ridge,ret_BUY,0.6243172474827686
64,c1_ridge,C1_ridge,ret_NEUTRAL,0.10334351101658402
64,c1_ridge,C1_ridge,ret_SELL,-0.3816933945672428
64,c1_ridge,C1_ridge,spread_BUY_SELL,1.0060106420500114
64,c1_ridge,C1_ridge,hit_ratio,0.5942028985507246
64,c1_ridge,C1_ridge,turnover,0.44282245532245534
64,c2_rf,C2_rf,rank_ic,0.2876244345905745
64,c2_rf,C2_rf,ic_ir,2.013809118522836
64,c2_rf,C2_rf,rmse,1.451900562601153
64,c2_rf,C2_rf,hit_ratio_sign,0.6149539686489176
64,c2_rf,C2_rf,ret_BUY,0.8734730960719984
64,c2_rf,C2_rf,ret_NEUTRAL,-0.06774719962658798
64,c2_rf,C2_rf,ret_SELL,-0.05080727812514901
64,c2_rf,C2_rf,spread_BUY_SELL,0.9242803741971474
64,c2_rf,C2_rf,hit_ratio,0.6258741258741258
64,c2_rf,C2_rf,turnover,0.22600788100788102
64,c3_lightgbm,C3_lightgbm,rank_ic,0.23389812997704126
64,c3_lightgbm,C3_lightgbm,ic_ir,1.1174900329576969
64,c3_lightgbm,C3_lightgbm,rmse,1.4576381652251957
64,c3_lightgbm,C3_lightgbm,hit_ratio_sign,0.5823587957203284
64,c3_lightgbm,C3_lightgbm,ret_BUY,0.41435534031016863
64,c3_lightgbm,C3_lightgbm,ret_NEUTRAL,0.14436873824082994
64,c3_lightgbm,C3_lightgbm,ret_SELL,-0.0009186338924565585
64,c3_lightgbm,C3_lightgbm,spread_BUY_SELL,0.4152739742026252
64,c3_lightgbm,C3_lightgbm,hit_ratio,0.5529801324503312
64,c3_lightgbm,C3_lightgbm,turnover,0.46172133422133416
64,c4_hybrid_tri,C4_hybrid_tri,rank_ic,0.2954440053106343
64,c4_hybrid_tri,C4_hybrid_tri,ic_ir,1.8385391739043706
64,c4_hybrid_tri,C4_hybrid_tri,rmse,1.3836088766755472
64,c4_hybrid_tri,C4_hybrid_tri,hit_ratio_sign,0.6194326947001741
64,c4_hybrid_tri,C4_hybrid_tri,ret_BUY,0.7176225105340417
64,c4_hybrid_tri,C4_hybrid_tri,ret_NEUTRAL,-0.07603901738130049
64,c4_hybrid_tri,C4_hybrid_tri,ret_SELL,-0.08549031527324255
64,c4_hybrid_tri,C4_hybrid_tri,spread_BUY_SELL,0.8031128258072843
64,c4_hybrid_tri,C4_hybrid_tri,hit_ratio,0.6024096385542169
64,c4_hybrid_tri,C4_hybrid_tri,turnover,0.3403946053946054
64,c5_hybrid_tri_regime,C5_hybrid_tri_regime,rank_ic,0.2920569746071722
64,c5_hybrid_tri_regime,C5_hybrid_tri_regime,ic_ir,1.9137696542164258
64,c5_hybrid_tri_regime,C5_hybrid_tri_regime,rmse,1.394536538119694
64,c5_hybrid_tri_regime,C5_hybrid_tri_regime,hit_ratio_sign,0.6227917392386165
64,c5_hybrid_tri_regime,C5_hybrid_tri_regime,ret_BUY,0.7239335225145987
64,c5_hybrid_tri_regime,C5_hybrid_tri_regime,ret_NEUTRAL,-0.1506541169535325
64,c5_hybrid_tri_regime,C5_hybrid_tri_regime,ret_SELL,-0.09274428189378554
64,c5_hybrid_tri_regime,C5_hybrid_tri_regime,spread_BUY_SELL,0.8166778044083843
64,c5_hybrid_tri_regime,C5_hybrid_tri_regime,hit_ratio,0.6112759643916914
64,c5_hybrid_tri_regime,C5_hybrid_tri_regime,turnover,0.34645819458319455
65,c1_ridge,C1_ridge,rank_ic,0.21370503920389644
65,c1_ridge,C1_ridge,ic_ir,2.0992281064344205
65,c1_ridge,C1_ridge,rmse,1.4200834544039245
65,c1_ridge,C1_ridge,hit_ratio_sign,0.5520378457059679
65,c1_ridge,C1_ridge,ret_BUY,0.609003885639109
65,c1_ridge,C1_ridge,ret_NEUTRAL,0.09355444544604578
65,c1_ridge,C1_ridge,ret_SELL,-0.3010281123565596
65,c1_ridge,C1_ridge,spread_BUY_SELL,0.9100319979956686
65,c1_ridge,C1_ridge,hit_ratio,0.5904761904761905
65,c1_ridge,C1_ridge,turnover,0.4430230186480187
65,c2_rf,C2_rf,rank_ic,0.2280059485149251
65,c2_rf,C2_rf,ic_ir,1.3193649982412272
65,c2_rf,C2_rf,rmse,1.441306779552338
65,c2_rf,C2_rf,hit_ratio_sign,0.5851528384279476
65,c2_rf,C2_rf,ret_BUY,0.7252617076723615
65,c2_rf,C2_rf,ret_NEUTRAL,-0.08365472615382244
65,c2_rf,C2_rf,ret_SELL,0.01684118292413468
65,c2_rf,C2_rf,spread_BUY_SELL,0.7084205247482268
65,c2_rf,C2_rf,hit_ratio,0.6096774193548387
65,c2_rf,C2_rf,turnover,0.1998222610722611
65,c3_lightgbm,C3_lightgbm,rank_ic,0.19235314770821546
65,c3_lightgbm,C3_lightgbm,ic_ir,1.2304684969047524
65,c3_lightgbm,C3_lightgbm,rmse,1.527905349410802
65,c3_lightgbm,C3_lightgbm,hit_ratio_sign,0.5642891800097041
65,c3_lightgbm,C3_lightgbm,ret_BUY,0.5231187735953793
65,c3_lightgbm,C3_lightgbm,ret_NEUTRAL,0.18155102600393877
65,c3_lightgbm,C3_lightgbm,ret_SELL,-0.05665764013172183
65,c3_lightgbm,C3_lightgbm,spread_BUY_SELL,0.5797764137271011
65,c3_lightgbm,C3_lightgbm,hit_ratio,0.5724137931034483
65,c3_lightgbm,C3_lightgbm,turnover,0.38810460372960376
65,c4_hybrid_tri,C4_hybrid_tri,rank_ic,0.23756333975596555
65,c4_hybrid_tri,C4_hybrid_tri,ic_ir,1.4233955343624762
65,c4_hybrid_tri,C4_hybrid_tri,rmse,1.448134593763114
65,c4_hybrid_tri,C4_hybrid_tri,hit_ratio_sign,0.598981077147016
65,c4_hybrid_tri,C4_hybrid_tri,ret_BUY,0.5765321158716208
65,c4_hybrid_tri,C4_hybrid_tri,ret_NEUTRAL,0.05174321044656481
65,c4_hybrid_tri,C4_hybrid_tri,ret_SELL,-0.0493998638269065
65,c4_hybrid_tri,C4_hybrid_tri,spread_BUY_SELL,0.6259319796985273
65,c4_hybrid_tri,C4_hybrid_tri,hit_ratio,0.5924855491329479
65,c4_hybrid_tri,C4_hybrid_tri,turnover,0.30738782051282054
65,c5_hybrid_tri_regime,C5_hybrid_tri_regime,rank_ic,0.21889891845003726
65,c5_hybrid_tri_regime,C5_hybrid_tri_regime,ic_ir,1.2907011403592556
65,c5_hybrid_tri_regime,C5_hybrid_tri_regime,rmse,1.4617453247889942
65,c5_hybrid_tri_regime,C5_hybrid_tri_regime,hit_ratio_sign,0.5878214459000485
65,c5_hybrid_tri_regime,C5_hybrid_tri_regime,ret_BUY,0.5911996520838207
65,c5_hybrid_tri_regime,C5_hybrid_tri_regime,ret_NEUTRAL,0.051775545436574116
65,c5_hybrid_tri_regime,C5_hybrid_tri_regime,ret_SELL,-0.05623412907809555
65,c5_hybrid_tri_regime,C5_hybrid_tri_regime,spread_BUY_SELL,0.6474337811619163
65,c5_hybrid_tri_regime,C5_hybrid_tri_regime,hit_ratio,0.5865102639296188
65,c5_hybrid_tri_regime,C5_hybrid_tri_regime,turnover,0.3231512237762238
66,c1_ridge,C1_ridge,rank_ic,0.21529878276266343
66,c1_ridge,C1_ridge,ic_ir,2.1144829466117177
66,c1_ridge,C1_ridge,rmse,1.495700173218196
66,c1_ridge,C1_ridge,hit_ratio_sign,0.5612232264454624
66,c1_ridge,C1_ridge,ret_BUY,0.6860463679914732
66,c1_ridge,C1_ridge,ret_NEUTRAL,0.01892164842901303
66,c1_ridge,C1_ridge,ret_SELL,-0.21964253041760176
66,c1_ridge,C1_ridge,spread_BUY_SELL,0.905688898409075
66,c1_ridge,C1_ridge,hit_ratio,0.6435185185185185
66,c1_ridge,C1_ridge,turnover,0.38157634032634036
66,c2_rf,C2_rf,rank_ic,0.1809322110980719
66,c2_rf,C2_rf,ic_ir,1.5723150645050852
66,c2_rf,C2_rf,rmse,1.6497807616786855
66,c2_rf,C2_rf,hit_ratio_sign,0.6002228550204284
66,c2_rf,C2_rf,ret_BUY,0.6206373183212367
66,c2_rf,C2_rf,ret_NEUTRAL,-0.03027096269608111
66,c2_rf,C2_rf,ret_SELL,0.024664325274298796
66,c2_rf,C2_rf,spread_BUY_SELL,0.5959729930469378
66,c2_rf,C2_rf,hit_ratio,0.6113207547169811
66,c2_rf,C2_rf,turnover,0.18429632867132867
66,c3_lightgbm,C3_lightgbm,rank_ic,0.23203922998471901
66,c3_lightgbm,C3_lightgbm,ic_ir,2.0828828460887876
66,c3_lightgbm,C3_lightgbm,rmse,1.5635331899613718
66,c3_lightgbm,C3_lightgbm,hit_ratio_sign,0.6106227559737526
66,c3_lightgbm,C3_lightgbm,ret_BUY,0.8346046211067492
66,c3_lightgbm,C3_lightgbm,ret_NEUTRAL,0.05912139227185672
66,c3_lightgbm,C3_lightgbm,ret_SELL,-0.017590361296464414
66,c3_lightgbm,C3_lightgbm,spread_BUY_SELL,0.8521949824032136
66,c3_lightgbm,C3_lightgbm,hit_ratio,0.6626016260162602
66,c3_lightgbm,C3_lightgbm,turnover,0.29848776223776224
66,c4_hybrid_tri,C4_hybrid_tri,rank_ic,0.20815151704982945
66,c4_hybrid_tri,C4_hybrid_tri,ic_ir,1.7783987849737644
66,c4_hybrid_tri,C4_hybrid_tri,rmse,1.5849007242707682
66,c4_hybrid_tri,C4_hybrid_tri,hit_ratio_sign,0.6185464900334282
66,c4_hybrid_tri,C4_hybrid_tri,ret_BUY,0.7515099242042879
66,c4_hybrid_tri,C4_hybrid_tri,ret_NEUTRAL,-0.034158460862848405
66,c4_hybrid_tri,C4_hybrid_tri,ret_SELL,-0.02356038211899568
66,c4_hybrid_tri,C4_hybrid_tri,spread_BUY_SELL,0.7750703063232836
66,c4_hybrid_tri,C4_hybrid_tri,hit_ratio,0.6363636363636364
66,c4_hybrid_tri,C4_hybrid_tri,turnover,0.2826791958041958
66,c5_hybrid_tri_regime,C5_hybrid_tri_regime,rank_ic,0.21199900539941655
66,c5_hybrid_tri_regime,C5_hybrid_tri_regime,ic_ir,1.82362121773129
66,c5_hybrid_tri_regime,C5_hybrid_tri_regime,rmse,1.5835191868035576
66,c5_hybrid_tri_regime,C5_hybrid_tri_regime,hit_ratio_sign,0.6118608394205769
66,c5_hybrid_tri_regime,C5_hybrid_tri_regime,ret_BUY,0.7194597672677956
66,c5_hybrid_tri_regime,C5_hybrid_tri_regime,ret_NEUTRAL,-0.12970371373138223
66,c5_hybrid_tri_regime,C5_hybrid_tri_regime,ret_SELL,0.007567890872392555
66,c5_hybrid_tri_regime,C5_hybrid_tri_regime,spread_BUY_SELL,0.7118918763954031
66,c5_hybrid_tri_regime,C5_hybrid_tri_regime,hit_ratio,0.6314199395770392
66,c5_hybrid_tri_regime,C5_hybrid_tri_regime,turnover,0.2767118298368299
67,c1_ridge,C1_ridge,rank_ic,0.21050462676359938
67,c1_ridge,C1_ridge,ic_ir,1.8564060280491075
67,c1_ridge,C1_ridge,rmse,1.4867311059301462
67,c1_ridge,C1_ridge,hit_ratio_sign,0.5762524557956779
67,c1_ridge,C1_ridge,ret_BUY,0.580176955564291
67,c1_ridge,C1_ridge,ret_NEUTRAL,0.05368569431827018
67,c1_ridge,C1_ridge,ret_SELL,-0.14734576369075741
67,c1_ridge,C1_ridge,spread_BUY_SELL,0.7275227192550484
67,c1_ridge,C1_ridge,hit_ratio,0.6198347107438017
67,c1_ridge,C1_ridge,turnover,0.3705288461538462
67,c2_rf,C2_rf,rank_ic,0.19842732715261233
67,c2_rf,C2_rf,ic_ir,1.8767141470098057
67,c2_rf,C2_rf,rmse,1.5919815348938557
67,c2_rf,C2_rf,hit_ratio_sign,0.6030206286836935
67,c2_rf,C2_rf,ret_BUY,0.47511980986834834
67,c2_rf,C2_rf,ret_NEUTRAL,-0.05870897398316269
67,c2_rf,C2_rf,ret_SELL,0.07174369161069079
67,c2_rf,C2_rf,spread_BUY_SELL,0.40337611825765757
67,c2_rf,C2_rf,hit_ratio,0.6141479099678456
67,c2_rf,C2_rf,turnover,0.21572115384615387
67,c3_lightgbm,C3_lightgbm,rank_ic,0.2596470158543024
67,c3_lightgbm,C3_lightgbm,ic_ir,1.527607382578936
67,c3_lightgbm,C3_lightgbm,rmse,1.643967685843284
67,c3_lightgbm,C3_lightgbm,hit_ratio_sign,0.6165275049115914
67,c3_lightgbm,C3_lightgbm,ret_BUY,0.5070960058523861
67,c3_lightgbm,C3_lightgbm,ret_NEUTRAL,-0.0018387413180285766
67,c3_lightgbm,C3_lightgbm,ret_SELL,0.1261127842277724
67,c3_lightgbm,C3_lightgbm,spread_BUY_SELL,0.38098322162461373
67,c3_lightgbm,C3_lightgbm,hit_ratio,0.6125461254612546
67,c3_lightgbm,C3_lightgbm,turnover,0.2840384615384616
67,c4_hybrid_tri,C4_hybrid_tri,rank_ic,0.2235243241116051
67,c4_hybrid_tri,C4_hybrid_tri,ic_ir,1.8501321453344002
67,c4_hybrid_tri,C4_hybrid_tri,rmse,1.6030605451497557
67,c4_hybrid_tri,C4_hybrid_tri,hit_ratio_sign,0.6065815324165029
67,c4_hybrid_tri,C4_hybrid_tri,ret_BUY,0.674394615037217
67,c4_hybrid_tri,C4_hybrid_tri,ret_NEUTRAL,0.048894405060165805
67,c4_hybrid_tri,C4_hybrid_tri,ret_SELL,0.003501374830000621
67,c4_hybrid_tri,C4_hybrid_tri,spread_BUY_SELL,0.6708932402072164
67,c4_hybrid_tri,C4_hybrid_tri,hit_ratio,0.649390243902439
67,c4_hybrid_tri,C4_hybrid_tri,turnover,0.2775961538461539
67,c5_hybrid_tri_regime,C5_hybrid_tri_regime,rank_ic,0.223848013114887
67,c5_hybrid_tri_regime,C5_hybrid_tri_regime,ic_ir,1.8585701735369993
67,c5_hybrid_tri_regime,C5_hybrid_tri_regime,rmse,1.597823252703839
67,c5_hybrid_tri_regime,C5_hybrid_tri_regime,hit_ratio_sign,0.6047396856581533
67,c5_hybrid_tri_regime,C5_hybrid_tri_regime,ret_BUY,0.6230445805737341
67,c5_hybrid_tri_regime,C5_hybrid_tri_regime,ret_NEUTRAL,0.0937925736772407
67,c5_hybrid_tri_regime,C5_hybrid_tri_regime,ret_SELL,0.00797263608854778
67,c5_hybrid_tri_regime,C5_hybrid_tri_regime,spread_BUY_SELL,0.6150719444851863
67,c5_hybrid_tri_regime,C5_hybrid_tri_regime,hit_ratio,0.6404833836858006
67,c5_hybrid_tri_regime,C5_hybrid_tri_regime,turnover,0.29000000000000004
68,c1_ridge,C1_ridge,rank_ic,0.16702359864170505
68,c1_ridge,C1_ridge,ic_ir,1.4638694684747335
68,c1_ridge,C1_ridge,rmse,1.5041384651206342
68,c1_ridge,C1_ridge,hit_ratio_sign,0.5555832813474735
68,c1_ridge,C1_ridge,ret_BUY,0.32524986542539447
68,c1_ridge,C1_ridge,ret_NEUTRAL,-0.11025692745966119
68,c1_ridge,C1_ridge,ret_SELL,-0.1288836316401115
68,c1_ridge,C1_ridge,spread_BUY_SELL,0.454133497065506
68,c1_ridge,C1_ridge,hit_ratio,0.5665399239543726
68,c1_ridge,C1_ridge,turnover,0.3386136624569461
68,c2_rf,C2_rf,rank_ic,0.2568798684556006
68,c2_rf,C2_rf,ic_ir,2.3846569479190984
68,c2_rf,C2_rf,rmse,1.515618973732522
68,c2_rf,C2_rf,hit_ratio_sign,0.6258265751715534
68,c2_rf,C2_rf,ret_BUY,0.4700566517939
68,c2_rf,C2_rf,ret_NEUTRAL,-0.14287471875119048
68,c2_rf,C2_rf,ret_SELL,-0.14410081465709693
68,c2_rf,C2_rf,spread_BUY_SELL,0.6141574664509969
68,c2_rf,C2_rf,hit_ratio,0.6360655737704918
68,c2_rf,C2_rf,turnover,0.23620551090700345
68,c3_lightgbm,C3_lightgbm,rank_ic,0.2656804646606431
68,c3_lightgbm,C3_lightgbm,ic_ir,1.2885530717686948
68,c3_lightgbm,C3_lightgbm,rmse,1.616939784791996
68,c3_lightgbm,C3_lightgbm,hit_ratio_sign,0.6208359326263256
68,c3_lightgbm,C3_lightgbm,ret_BUY,0.24376879441809238
68,c3_lightgbm,C3_lightgbm,ret_NEUTRAL,-0.14461417799260456
68,c3_lightgbm,C3_lightgbm,ret_SELL,0.07121316359914678
68,c3_lightgbm,C3_lightgbm,spread_BUY_SELL,0.1725556308189456
68,c3_lightgbm,C3_lightgbm,hit_ratio,0.5873015873015873
68,c3_lightgbm,C3_lightgbm,turnover,0.3749375717566016
68,c4_hybrid_tri,C4_hybrid_tri,rank_ic,0.2599854957606444
68,c4_hybrid_tri,C4_hybrid_tri,ic_ir,1.9427361164626715
68,c4_hybrid_tri,C4_hybrid_tri,rmse,1.551603897341878
68,c4_hybrid_tri,C4_hybrid_tri,hit_ratio_sign,0.627573300062383
68,c4_hybrid_tri,C4_hybrid_tri,ret_BUY,0.6882668971668549
68,c4_hybrid_tri,C4_hybrid_tri,ret_NEUTRAL,-0.13072277833931756
68,c4_hybrid_tri,C4_hybrid_tri,ret_SELL,-0.1461524697847117
68,c4_hybrid_tri,C4_hybrid_tri,spread_BUY_SELL,0.8344193669515665
68,c4_hybrid_tri,C4_hybrid_tri,hit_ratio,0.6574074074074074
68,c4_hybrid_tri,C4_hybrid_tri,turnover,0.2944611079219288
68,c5_hybrid_tri_regime,C5_hybrid_tri_regime,rank_ic,0.26044638016343596
68,c5_hybrid_tri_regime,C5_hybrid_tri_regime,ic_ir,2.046563492137115
68,c5_hybrid_tri_regime,C5_hybrid_tri_regime,rmse,1.5444211782954722
68,c5_hybrid_tri_regime,C5_hybrid_tri_regime,hit_ratio_sign,0.6281971303805365
68,c5_hybrid_tri_regime,C5_hybrid_tri_regime,ret_BUY,0.6820441898066493
68,c5_hybrid_tri_regime,C5_hybrid_tri_regime,ret_NEUTRAL,-0.11828587538080093
68,c5_hybrid_tri_regime,C5_hybrid_tri_regime,ret_SELL,-0.1547517287368188
68,c5_hybrid_tri_regime,C5_hybrid_tri_regime,spread_BUY_SELL,0.8367959185434681
68,c5_hybrid_tri_regime,C5_hybrid_tri_regime,hit_ratio,0.6553846153846153
68,c5_hybrid_tri_regime,C5_hybrid_tri_regime,turnover,0.27650688863375433
69,c1_ridge,C1_ridge,rank_ic,0.06721295629080255
69,c1_ridge,C1_ridge,ic_ir,0.7487675285652746
69,c1_ridge,C1_ridge,rmse,1.4928154460795742
69,c1_ridge,C1_ridge,hit_ratio_sign,0.5223163484637754
69,c1_ridge,C1_ridge,ret_BUY,0.059801679108656344
69,c1_ridge,C1_ridge,ret_NEUTRAL,-0.183331112127387
69,c1_ridge,C1_ridge,ret_SELL,-0.05175608526584535
69,c1_ridge,C1_ridge,spread_BUY_SELL,0.1115577643745017
69,c1_ridge,C1_ridge,hit_ratio,0.5142857142857142
69,c1_ridge,C1_ridge,turnover,0.3903378213825975
69,c2_rf,C2_rf,rank_ic,0.21292596169558245
69,c2_rf,C2_rf,ic_ir,2.448467951195677
69,c2_rf,C2_rf,rmse,1.5219465289436613
69,c2_rf,C2_rf,hit_ratio_sign,0.6334555569604249
69,c2_rf,C2_rf,ret_BUY,0.47825951150617185
69,c2_rf,C2_rf,ret_NEUTRAL,-0.31186268798120637
69,c2_rf,C2_rf,ret_SELL,-0.15070670713099774
69,c2_rf,C2_rf,spread_BUY_SELL,0.6289662186371696
69,c2_rf,C2_rf,hit_ratio,0.6230769230769231
69,c2_rf,C2_rf,turnover,0.35083533382040843
69,c3_lightgbm,C3_lightgbm,rank_ic,0.20077441934416138
69,c3_lightgbm,C3_lightgbm,ic_ir,2.267515753590533
69,c3_lightgbm,C3_lightgbm,rmse,1.537858039246115
69,c3_lightgbm,C3_lightgbm,hit_ratio_sign,0.5779491718295613
69,c3_lightgbm,C3_lightgbm,ret_BUY,0.06636089724766546
69,c3_lightgbm,C3_lightgbm,ret_NEUTRAL,-0.04041913375401242
69,c3_lightgbm,C3_lightgbm,ret_SELL,-0.1929750677593254
69,c3_lightgbm,C3_lightgbm,spread_BUY_SELL,0.25933596500699085
69,c3_lightgbm,C3_lightgbm,hit_ratio,0.5770750988142292
69,c3_lightgbm,C3_lightgbm,turnover,0.35363671154715937
69,c4_hybrid_tri,C4_hybrid_tri,rank_ic,0.1299945412002239
69,c4_hybrid_tri,C4_hybrid_tri,ic_ir,1.45473853768391
69,c4_hybrid_tri,C4_hybrid_tri,rmse,1.5415663853580048
69,c4_hybrid_tri,C4_hybrid_tri,hit_ratio_sign,0.6407889745859148
69,c4_hybrid_tri,C4_hybrid_tri,ret_BUY,0.2882994257126115
69,c4_hybrid_tri,C4_hybrid_tri,ret_NEUTRAL,-0.14239172645127088
69,c4_hybrid_tri,C4_hybrid_tri,ret_SELL,-0.13516065097363392
69,c4_hybrid_tri,C4_hybrid_tri,spread_BUY_SELL,0.4234600766862454
69,c4_hybrid_tri,C4_hybrid_tri,hit_ratio,0.6517857142857143
69,c4_hybrid_tri,C4_hybrid_tri,turnover,0.27419754374978256
69,c5_hybrid_tri_regime,C5_hybrid_tri_regime,rank_ic,0.1386571466889105
69,c5_hybrid_tri_regime,C5_hybrid_tri_regime,ic_ir,1.5523875422041375
69,c5_hybrid_tri_regime,C5_hybrid_tri_regime,rmse,1.537897948662751
69,c5_hybrid_tri_regime,C5_hybrid_tri_regime,hit_ratio_sign,0.6491338980907827
69,c5_hybrid_tri_regime,C5_hybrid_tri_regime,ret_BUY,0.3668678361243225
69,c5_hybrid_tri_regime,C5_hybrid_tri_regime,ret_NEUTRAL,-0.2776530135111344
69,c5_hybrid_tri_regime,C5_hybrid_tri_regime,ret_SELL,-0.12807590064538152
69,c5_hybrid_tri_regime,C5_hybrid_tri_regime,spread_BUY_SELL,0.49494373676970405
69,c5_hybrid_tri_regime,C5_hybrid_tri_regime,hit_ratio,0.6567164179104478
69,c5_hybrid_tri_regime,C5_hybrid_tri_regime,turnover,0.28342970462373446
70,c1_ridge,C1_ridge,rank_ic,0.07700638917577107
70,c1_ridge,C1_ridge,ic_ir,0.9275123962550881
70,c1_ridge,C1_ridge,rmse,1.4890015623736674
70,c1_ridge,C1_ridge,hit_ratio_sign,0.5198001705860851
70,c1_ridge,C1_ridge,ret_BUY,0.11721334965326556
70,c1_ridge,C1_ridge,ret_NEUTRAL,-0.17891602476505505
70,c1_ridge,C1_ridge,ret_SELL,-0.11085421637709694
70,c1_ridge,C1_ridge,spread_BUY_SELL,0.2280675660303625
70,c1_ridge,C1_ridge,hit_ratio,0.50187265917603
70,c1_ridge,C1_ridge,turnover,0.36323364005598
70,c2_rf,C2_rf,rank_ic,0.2539663263211805
70,c2_rf,C2_rf,ic_ir,2.9857274907612332
70,c2_rf,C2_rf,rmse,1.4860018353201965
70,c2_rf,C2_rf,hit_ratio_sign,0.6658949677104911
70,c2_rf,C2_rf,ret_BUY,0.40817407588466414
70,c2_rf,C2_rf,ret_NEUTRAL,-0.14479351754269693
70,c2_rf,C2_rf,ret_SELL,-0.2667479977867074
70,c2_rf,C2_rf,spread_BUY_SELL,0.6749220736713715
70,c2_rf,C2_rf,hit_ratio,0.6145454545454545
70,c2_rf,C2_rf,turnover,0.30679442848918054
70,c3_lightgbm,C3_lightgbm,rank_ic,0.2058155818064603
70,c3_lightgbm,C3_lightgbm,ic_ir,1.2751918591834843
70,c3_lightgbm,C3_lightgbm,rmse,1.702591272334513
70,c3_lightgbm,C3_lightgbm,hit_ratio_sign,0.523211892287072
70,c3_lightgbm,C3_lightgbm,ret_BUY,0.012707985694637281
70,c3_lightgbm,C3_lightgbm,ret_NEUTRAL,0.001506351384855653
70,c3_lightgbm,C3_lightgbm,ret_SELL,-0.1531118178996237
70,c3_lightgbm,C3_lightgbm,spread_BUY_SELL,0.16581980359426096
70,c3_lightgbm,C3_lightgbm,hit_ratio,0.4725609756097561
70,c3_lightgbm,C3_lightgbm,turnover,0.3437451811549067
70,c4_hybrid_tri,C4_hybrid_tri,rank_ic,0.22067692428642524
70,c4_hybrid_tri,C4_hybrid_tri,ic_ir,2.631250793260745
70,c4_hybrid_tri,C4_hybrid_tri,rmse,1.5247233244436977
70,c4_hybrid_tri,C4_hybrid_tri,hit_ratio_sign,0.6502985256488364
70,c4_hybrid_tri,C4_hybrid_tri,ret_BUY,0.4122160959683495
70,c4_hybrid_tri,C4_hybrid_tri,ret_NEUTRAL,-0.22249242699073304
70,c4_hybrid_tri,C4_hybrid_tri,ret_SELL,-0.1920094355914934
70,c4_hybrid_tri,C4_hybrid_tri,spread_BUY_SELL,0.6042255315598429
70,c4_hybrid_tri,C4_hybrid_tri,hit_ratio,0.6260869565217392
70,c4_hybrid_tri,C4_hybrid_tri,turnover,0.20773111658041846
70,c5_hybrid_tri_regime,C5_hybrid_tri_regime,rank_ic,0.21767480023413568
70,c5_hybrid_tri_regime,C5_hybrid_tri_regime,ic_ir,2.6183940652048077
70,c5_hybrid_tri_regime,C5_hybrid_tri_regime,rmse,1.5179142578976907
70,c5_hybrid_tri_regime,C5_hybrid_tri_regime,hit_ratio_sign,0.6490800536127695
70,c5_hybrid_tri_regime,C5_hybrid_tri_regime,ret_BUY,0.37803708517439394
70,c5_hybrid_tri_regime,C5_hybrid_tri_regime,ret_NEUTRAL,-0.1817315817544005
70,c5_hybrid_tri_regime,C5_hybrid_tri_regime,ret_SELL,-0.1816045350070965
70,c5_hybrid_tri_regime,C5_hybrid_tri_regime,spread_BUY_SELL,0.5596416201814904
70,c5_hybrid_tri_regime,C5_hybrid_tri_regime,hit_ratio,0.6265060240963856
70,c5_hybrid_tri_regime,C5_hybrid_tri_regime,turnover,0.24892218357793708
71,c1_ridge,C1_ridge,rank_ic,0.06435991501142725
71,c1_ridge,C1_ridge,ic_ir,0.8668140439700524
71,c1_ridge,C1_ridge,rmse,1.4640172730664862
71,c1_ridge,C1_ridge,hit_ratio_sign,0.507328784432651
71,c1_ridge,C1_ridge,ret_BUY,0.08366399149115994
71,c1_ridge,C1_ridge,ret_NEUTRAL,-0.14530621020215284
71,c1_ridge,C1_ridge,ret_SELL,-0.11455849380350167
71,c1_ridge,C1_ridge,spread_BUY_SELL,0.1982224852946616
71,c1_ridge,C1_ridge,hit_ratio,0.5
71,c1_ridge,C1_ridge,turnover,0.3261890861505691
71,c2_rf,C2_rf,rank_ic,0.2422971631649968
71,c2_rf,C2_rf,ic_ir,2.381041559956909
71,c2_rf,C2_rf,rmse,1.4421326694851004
71,c2_rf,C2_rf,hit_ratio_sign,0.6638867829163507
71,c2_rf,C2_rf,ret_BUY,0.42265093884899974
71,c2_rf,C2_rf,ret_NEUTRAL,-0.11733603225486923
71,c2_rf,C2_rf,ret_SELL,-0.4512760252269648
71,c2_rf,C2_rf,spread_BUY_SELL,0.8739269640759646
71,c2_rf,C2_rf,hit_ratio,0.6074766355140186
71,c2_rf,C2_rf,turnover,0.33901444727636354
71,c3_lightgbm,C3_lightgbm,rank_ic,0.21450000502710845
71,c3_lightgbm,C3_lightgbm,ic_ir,0.9400391874500462
71,c3_lightgbm,C3_lightgbm,rmse,1.55579817279689
71,c3_lightgbm,C3_lightgbm,hit_ratio_sign,0.5620419509729593
71,c3_lightgbm,C3_lightgbm,ret_BUY,0.03467515981615088
71,c3_lightgbm,C3_lightgbm,ret_NEUTRAL,-0.032797311166272346
71,c3_lightgbm,C3_lightgbm,ret_SELL,-0.2034725306958402
71,c3_lightgbm,C3_lightgbm,spread_BUY_SELL,0.23814769051199108
71,c3_lightgbm,C3_lightgbm,hit_ratio,0.5339506172839507
71,c3_lightgbm,C3_lightgbm,turnover,0.34528965818325474
71,c4_hybrid_tri,C4_hybrid_tri,rank_ic,0.1943418924790499
71,c4_hybrid_tri,C4_hybrid_tri,ic_ir,1.5406429114845714
71,c4_hybrid_tri,C4_hybrid_tri,rmse,1.4735156998730272
71,c4_hybrid_tri,C4_hybrid_tri,hit_ratio_sign,0.6358352287086176
71,c4_hybrid_tri,C4_hybrid_tri,ret_BUY,0.38701735516887703
71,c4_hybrid_tri,C4_hybrid_tri,ret_NEUTRAL,-0.22879769803928132
71,c4_hybrid_tri,C4_hybrid_tri,ret_SELL,-0.22311186284574688
71,c4_hybrid_tri,C4_hybrid_tri,spread_BUY_SELL,0.6101292180146239
71,c4_hybrid_tri,C4_hybrid_tri,hit_ratio,0.640117994100295
71,c4_hybrid_tri,C4_hybrid_tri,turnover,0.24656667037023322
71,c5_hybrid_tri_regime,C5_hybrid_tri_regime,rank_ic,0.21824725127415784
71,c5_hybrid_tri_regime,C5_hybrid_tri_regime,ic_ir,1.9104957181636604
71,c5_hybrid_tri_regime,C5_hybrid_tri_regime,rmse,1.4541498321489021
71,c5_hybrid_tri_regime,C5_hybrid_tri_regime,hit_ratio_sign,0.6439221632549912
71,c5_hybrid_tri_regime,C5_hybrid_tri_regime,ret_BUY,0.41832279102401443
71,c5_hybrid_tri_regime,C5_hybrid_tri_regime,ret_NEUTRAL,-0.16333914131368638
71,c5_hybrid_tri_regime,C5_hybrid_tri_regime,ret_SELL,-0.2449758374319582
71,c5_hybrid_tri_regime,C5_hybrid_tri_regime,spread_BUY_SELL,0.6632986284559726
71,c5_hybrid_tri_regime,C5_hybrid_tri_regime,hit_ratio,0.6404833836858006
71,c5_hybrid_tri_regime,C5_hybrid_tri_regime,turnover,0.29006445328063046
72,c1_ridge,C1_ridge,rank_ic,0.03659435976113105
72,c1_ridge,C1_ridge,ic_ir,0.4650568417979956
72,c1_ridge,C1_ridge,rmse,1.4877324629860853
72,c1_ridge,C1_ridge,hit_ratio_sign,0.48878481636677346
72,c1_ridge,C1_ridge,ret_BUY,-0.12742545264608193
72,c1_ridge,C1_ridge,ret_NEUTRAL,-0.12722255954100248
72,c1_ridge,C1_ridge,ret_SELL,0.13254223679674093
72,c1_ridge,C1_ridge,spread_BUY_SELL,-0.2599676894428229
72,c1_ridge,C1_ridge,hit_ratio,0.42971887550200805
72,c1_ridge,C1_ridge,turnover,0.33824863950044504
72,c2_rf,C2_rf,rank_ic,0.24898280917591792
72,c2_rf,C2_rf,ic_ir,1.7825744406034474
72,c2_rf,C2_rf,rmse,1.410207942703448
72,c2_rf,C2_rf,hit_ratio_sign,0.6453044121271876
72,c2_rf,C2_rf,ret_BUY,0.1875696250941776
72,c2_rf,C2_rf,ret_NEUTRAL,0.18943514755326363
72,c2_rf,C2_rf,ret_SELL,-0.29924375564847433
72,c2_rf,C2_rf,spread_BUY_SELL,0.4868133807426519
72,c2_rf,C2_rf,hit_ratio,0.6044303797468354
72,c2_rf,C2_rf,turnover,0.21818035920106219
72,c3_lightgbm,C3_lightgbm,rank_ic,0.18568649636907036
72,c3_lightgbm,C3_lightgbm,ic_ir,0.5357829174083028
72,c3_lightgbm,C3_lightgbm,rmse,1.597489473121617
72,c3_lightgbm,C3_lightgbm,hit_ratio_sign,0.5379590830663051
72,c3_lightgbm,C3_lightgbm,ret_BUY,-0.02794637543726225
72,c3_lightgbm,C3_lightgbm,ret_NEUTRAL,0.061035240572215634
72,c3_lightgbm,C3_lightgbm,ret_SELL,-0.24802163126529278
72,c3_lightgbm,C3_lightgbm,spread_BUY_SELL,0.22007525582803053
72,c3_lightgbm,C3_lightgbm,hit_ratio,0.4678362573099415
72,c3_lightgbm,C3_lightgbm,turnover,0.29270363723902487
72,c4_hybrid_tri,C4_hybrid_tri,rank_ic,0.15812618022906944
72,c4_hybrid_tri,C4_hybrid_tri,ic_ir,0.9447641787613449
72,c4_hybrid_tri,C4_hybrid_tri,rmse,1.451265537490623
72,c4_hybrid_tri,C4_hybrid_tri,hit_ratio_sign,0.6149864431846191
72,c4_hybrid_tri,C4_hybrid_tri,ret_BUY,0.15005691151210102
72,c4_hybrid_tri,C4_hybrid_tri,ret_NEUTRAL,-0.062389770562398104
72,c4_hybrid_tri,C4_hybrid_tri,ret_SELL,-0.18557495077796177
72,c4_hybrid_tri,C4_hybrid_tri,spread_BUY_SELL,0.3356318622900628
72,c4_hybrid_tri,C4_hybrid_tri,hit_ratio,0.5805555555555556
72,c4_hybrid_tri,C4_hybrid_tri,turnover,0.2047504413416787
72,c5_hybrid_tri_regime,C5_hybrid_tri_regime,rank_ic,0.16442870896825584
72,c5_hybrid_tri_regime,C5_hybrid_tri_regime,ic_ir,0.9597253166047358
72,c5_hybrid_tri_regime,C5_hybrid_tri_regime,rmse,1.4489303231973485
72,c5_hybrid_tri_regime,C5_hybrid_tri_regime,hit_ratio_sign,0.6212718757702737
72,c5_hybrid_tri_regime,C5_hybrid_tri_regime,ret_BUY,0.13384167671827657
72,c5_hybrid_tri_regime,C5_hybrid_tri_regime,ret_NEUTRAL,0.20807114475291788
72,c5_hybrid_tri_regime,C5_hybrid_tri_regime,ret_SELL,-0.21188752215245632
72,c5_hybrid_tri_regime,C5_hybrid_tri_regime,spread_BUY_SELL,0.3457291988707329
72,c5_hybrid_tri_regime,C5_hybrid_tri_regime,hit_ratio,0.5897435897435898
72,c5_hybrid_tri_regime,C5_hybrid_tri_regime,turnover,0.20505099137742372
73,c1_ridge,C1_ridge,rank_ic,-0.023854130826576492
73,c1_ridge,C1_ridge,ic_ir,-0.19820637103566793
73,c1_ridge,C1_ridge,rmse,1.4649043788737761
73,c1_ridge,C1_ridge,hit_ratio_sign,0.46052957188814647
73,c1_ridge,C1_ridge,ret_BUY,-0.25894113042013994
73,c1_ridge,C1_ridge,ret_NEUTRAL,-0.02497549123506429
73,c1_ridge,C1_ridge,ret_SELL,0.09211259348313013
73,c1_ridge,C1_ridge,spread_BUY_SELL,-0.35105372390327005
73,c1_ridge,C1_ridge,hit_ratio,0.41132075471698115
73,c1_ridge,C1_ridge,turnover,0.39586816649888384
73,c2_rf,C2_rf,rank_ic,0.15712654135571782
73,c2_rf,C2_rf,ic_ir,0.9353878930045618
73,c2_rf,C2_rf,rmse,1.4452794226341656
73,c2_rf,C2_rf,hit_ratio_sign,0.6020786933927246
73,c2_rf,C2_rf,ret_BUY,0.14892657459979003
73,c2_rf,C2_rf,ret_NEUTRAL,-0.21770594474624233
73,c2_rf,C2_rf,ret_SELL,-0.2713402205038452
73,c2_rf,C2_rf,spread_BUY_SELL,0.42026679510363524
73,c2_rf,C2_rf,hit_ratio,0.5598958333333334
73,c2_rf,C2_rf,turnover,0.15576953939977528
73,c3_lightgbm,C3_lightgbm,rank_ic,0.19553688711593378
73,c3_lightgbm,C3_lightgbm,ic_ir,0.8252154108897678
73,c3_lightgbm,C3_lightgbm,rmse,1.4966120971957773
73,c3_lightgbm,C3_lightgbm,hit_ratio_sign,0.5403365503588221
73,c3_lightgbm,C3_lightgbm,ret_BUY,0.039543786795995586
73,c3_lightgbm,C3_lightgbm,ret_NEUTRAL,-0.1674383045972325
73,c3_lightgbm,C3_lightgbm,ret_SELL,-0.3695417749894302
73,c3_lightgbm,C3_lightgbm,spread_BUY_SELL,0.40908556178542577
73,c3_lightgbm,C3_lightgbm,hit_ratio,0.5045871559633027
73,c3_lightgbm,C3_lightgbm,turnover,0.3667016822048117
73,c4_hybrid_tri,C4_hybrid_tri,rank_ic,0.11857549756748328
73,c4_hybrid_tri,C4_hybrid_tri,ic_ir,0.7133994715125118
73,c4_hybrid_tri,C4_hybrid_tri,rmse,1.464002575798366
73,c4_hybrid_tri,C4_hybrid_tri,hit_ratio_sign,0.5852511754516209
73,c4_hybrid_tri,C4_hybrid_tri,ret_BUY,0.08630947413033169
73,c4_hybrid_tri,C4_hybrid_tri,ret_NEUTRAL,-0.26458592569477934
73,c4_hybrid_tri,C4_hybrid_tri,ret_SELL,-0.18565009591286105
73,c4_hybrid_tri,C4_hybrid_tri,spread_BUY_SELL,0.2719595700431927
73,c4_hybrid_tri,C4_hybrid_tri,hit_ratio,0.5454545454545454
73,c4_hybrid_tri,C4_hybrid_tri,turnover,0.21178856450883413
73,c5_hybrid_tri_regime,C5_hybrid_tri_regime,rank_ic,0.12701379656593617
73,c5_hybrid_tri_regime,C5_hybrid_tri_regime,ic_ir,0.7659486004277549
73,c5_hybrid_tri_regime,C5_hybrid_tri_regime,rmse,1.4660595272251251
73,c5_hybrid_tri_regime,C5_hybrid_tri_regime,hit_ratio_sign,0.5919326899282356
73,c5_hybrid_tri_regime,C5_hybrid_tri_regime,ret_BUY,0.1428428118597832
73,c5_hybrid_tri_regime,C5_hybrid_tri_regime,ret_NEUTRAL,-0.17117760204168728
73,c5_hybrid_tri_regime,C5_hybrid_tri_regime,ret_SELL,-0.23788767461406554
73,c5_hybrid_tri_regime,C5_hybrid_tri_regime,spread_BUY_SELL,0.3807304864738488
73,c5_hybrid_tri_regime,C5_hybrid_tri_regime,hit_ratio,0.5623268698060941
73,c5_hybrid_tri_regime,C5_hybrid_tri_regime,turnover,0.20910403991771348
74,c1_ridge,C1_ridge,rank_ic,-0.061396756947870536
74,c1_ridge,C1_ridge,ic_ir,-0.4945307393514951
74,c1_ridge,C1_ridge,rmse,1.458526236946348
74,c1_ridge,C1_ridge,hit_ratio_sign,0.45367880713761916
74,c1_ridge,C1_ridge,ret_BUY,-0.20815869053831948
74,c1_ridge,C1_ridge,ret_NEUTRAL,0.017032662269602265
74,c1_ridge,C1_ridge,ret_SELL,0.061439890606433276
74,c1_ridge,C1_ridge,spread_BUY_SELL,-0.26959858114475277
74,c1_ridge,C1_ridge,hit_ratio,0.41198501872659177
74,c1_ridge,C1_ridge,turnover,0.40723611543799026
74,c2_rf,C2_rf,rank_ic,0.08420347321228105
74,c2_rf,C2_rf,ic_ir,0.4975820378297939
74,c2_rf,C2_rf,rmse,1.6065209386760504
74,c2_rf,C2_rf,hit_ratio_sign,0.5541432412613053
74,c2_rf,C2_rf,ret_BUY,-0.20632218687115503
74,c2_rf,C2_rf,ret_NEUTRAL,0.49992321578648646
74,c2_rf,C2_rf,ret_SELL,-0.1966768457516978
74,c2_rf,C2_rf,spread_BUY_SELL,-0.009645341119457224
74,c2_rf,C2_rf,hit_ratio,0.5123456790123457
74,c2_rf,C2_rf,turnover,0.14260811691070266
74,c3_lightgbm,C3_lightgbm,rank_ic,0.06116207010372076
74,c3_lightgbm,C3_lightgbm,ic_ir,0.24861512048726364
74,c3_lightgbm,C3_lightgbm,rmse,1.659194554452806
74,c3_lightgbm,C3_lightgbm,hit_ratio_sign,0.49071131752627717
74,c3_lightgbm,C3_lightgbm,ret_BUY,-0.049163606681313594
74,c3_lightgbm,C3_lightgbm,ret_NEUTRAL,0.22139347275906585
74,c3_lightgbm,C3_lightgbm,ret_SELL,-0.3897278126924066
74,c3_lightgbm,C3_lightgbm,spread_BUY_SELL,0.340564206011093
74,c3_lightgbm,C3_lightgbm,hit_ratio,0.4537313432835821
74,c3_lightgbm,C3_lightgbm,turnover,0.29533121866946105
74,c4_hybrid_tri,C4_hybrid_tri,rank_ic,0.024410475789316703
74,c4_hybrid_tri,C4_hybrid_tri,ic_ir,0.1405556216089029
74,c4_hybrid_tri,C4_hybrid_tri,rmse,1.5584137840101882
74,c4_hybrid_tri,C4_hybrid_tri,hit_ratio_sign,0.5598875580542655
74,c4_hybrid_tri,C4_hybrid_tri,ret_BUY,-0.06947499894865389
74,c4_hybrid_tri,C4_hybrid_tri,ret_NEUTRAL,0.1379583602900926
74,c4_hybrid_tri,C4_hybrid_tri,ret_SELL,-0.11099697024127186
74,c4_hybrid_tri,C4_hybrid_tri,spread_BUY_SELL,0.041521971292617976
74,c4_hybrid_tri,C4_hybrid_tri,hit_ratio,0.5210084033613446
74,c4_hybrid_tri,C4_hybrid_tri,turnover,0.19433855390976804
74,c5_hybrid_tri_regime,C5_hybrid_tri_regime,rank_ic,0.03717048003580411
74,c5_hybrid_tri_regime,C5_hybrid_tri_regime,ic_ir,0.2117949881359307
74,c5_hybrid_tri_regime,C5_hybrid_tri_regime,rmse,1.5676692204442766
74,c5_hybrid_tri_regime,C5_hybrid_tri_regime,hit_ratio_sign,0.556465411879736
74,c5_hybrid_tri_regime,C5_hybrid_tri_regime,ret_BUY,-0.11385562676182237
74,c5_hybrid_tri_regime,C5_hybrid_tri_regime,ret_NEUTRAL,0.3962921568324064
74,c5_hybrid_tri_regime,C5_hybrid_tri_regime,ret_SELL,-0.1321309302831715
74,c5_hybrid_tri_regime,C5_hybrid_tri_regime,spread_BUY_SELL,0.018275303521349123
74,c5_hybrid_tri_regime,C5_hybrid_tri_regime,hit_ratio,0.5196629213483146
74,c5_hybrid_tri_regime,C5_hybrid_tri_regime,turnover,0.1819167917528109
75,c1_ridge,C1_ridge,rank_ic,-0.06952364286874343
75,c1_ridge,C1_ridge,ic_ir,-0.6168918053867732
75,c1_ridge,C1_ridge,rmse,1.4247192841326624
75,c1_ridge,C1_ridge,hit_ratio_sign,0.4686668279699976
75,c1_ridge,C1_ridge,ret_BUY,-0.17113838749705265
75,c1_ridge,C1_ridge,ret_NEUTRAL,0.09249087729804586
75,c1_ridge,C1_ridge,ret_SELL,0.06842873725812035
75,c1_ridge,C1_ridge,spread_BUY_SELL,-0.239567124755173
75,c1_ridge,C1_ridge,hit_ratio,0.45353159851301117
75,c1_ridge,C1_ridge,turnover,0.4092724234614404
75,c2_rf,C2_rf,rank_ic,0.011511182774928163
75,c2_rf,C2_rf,ic_ir,0.0654536335497051
75,c2_rf,C2_rf,rmse,1.4765920850521104
75,c2_rf,C2_rf,hit_ratio_sign,0.5445197193322042
75,c2_rf,C2_rf,ret_BUY,0.09813158516908951
75,c2_rf,C2_rf,ret_NEUTRAL,-0.1547783708718293
75,c2_rf,C2_rf,ret_SELL,-0.13102588095613096
75,c2_rf,C2_rf,spread_BUY_SELL,0.22915746612522048
75,c2_rf,C2_rf,hit_ratio,0.5404040404040404
75,c2_rf,C2_rf,turnover,0.11026225608201874
75,c3_lightgbm,C3_lightgbm,rank_ic,0.0432391927337822
75,c3_lightgbm,C3_lightgbm,ic_ir,0.30147625933351613
75,c3_lightgbm,C3_lightgbm,rmse,1.5445988823970467
75,c3_lightgbm,C3_lightgbm,hit_ratio_sign,0.5234696346479555
75,c3_lightgbm,C3_lightgbm,ret_BUY,-0.025165250366492864
75,c3_lightgbm,C3_lightgbm,ret_NEUTRAL,0.08609872965064702
75,c3_lightgbm,C3_lightgbm,ret_SELL,-0.10421657165784856
75,c3_lightgbm,C3_lightgbm,spread_BUY_SELL,0.0790513212913557
75,c3_lightgbm,C3_lightgbm,hit_ratio,0.4968944099378882
75,c3_lightgbm,C3_lightgbm,turnover,0.3556515336033306
75,c4_hybrid_tri,C4_hybrid_tri,rank_ic,0.013651538023142985
75,c4_hybrid_tri,C4_hybrid_tri,ic_ir,0.08877297480786782
75,c4_hybrid_tri,C4_hybrid_tri,rmse,1.558175861820302
75,c4_hybrid_tri,C4_hybrid_tri,hit_ratio_sign,0.5407694168884587
75,c4_hybrid_tri,C4_hybrid_tri,ret_BUY,-0.08131298238367768
75,c4_hybrid_tri,C4_hybrid_tri,ret_NEUTRAL,0.6150957109965767
75,c4_hybrid_tri,C4_hybrid_tri,ret_SELL,-0.10467444429901852
75,c4_hybrid_tri,C4_hybrid_tri,spread_BUY_SELL,0.023361461915340845
75,c4_hybrid_tri,C4_hybrid_tri,hit_ratio,0.5429362880886427
75,c4_hybrid_tri,C4_hybrid_tri,turnover,0.20454841541816532
75,c5_hybrid_tri_regime,C5_hybrid_tri_regime,rank_ic,0.009338522799757566
75,c5_hybrid_tri_regime,C5_hybrid_tri_regime,ic_ir,0.05232971523149033
75,c5_hybrid_tri_regime,C5_hybrid_tri_regime,rmse,1.535901522742104
75,c5_hybrid_tri_regime,C5_hybrid_tri_regime,hit_ratio_sign,0.5445197193322042
75,c5_hybrid_tri_regime,C5_hybrid_tri_regime,ret_BUY,0.010373628555067049
75,c5_hybrid_tri_regime,C5_hybrid_tri_regime,ret_NEUTRAL,0.23046059298072322
75,c5_hybrid_tri_regime,C5_hybrid_tri_regime,ret_SELL,-0.09574303355222648
75,c5_hybrid_tri_regime,C5_hybrid_tri_regime,spread_BUY_SELL,0.10611666210729352
75,c5_hybrid_tri_regime,C5_hybrid_tri_regime,hit_ratio,0.5506849315068493
75,c5_hybrid_tri_regime,C5_hybrid_tri_regime,turnover,0.20426378543714066
76,c1_ridge,C1_ridge,rank_ic,0.02682678769882863
76,c1_ridge,C1_ridge,ic_ir,0.19775892250721602
76,c1_ridge,C1_ridge,rmse,1.3608836856554247
76,c1_ridge,C1_ridge,hit_ratio_sign,0.5151515151515151
76,c1_ridge,C1_ridge,ret_BUY,-0.06721405834716038
76,c1_ridge,C1_ridge,ret_NEUTRAL,0.10489176582562428
76,c1_ridge,C1_ridge,ret_SELL,-0.12397272161323179
76,c1_ridge,C1_ridge,spread_BUY_SELL,0.056758663266071416
76,c1_ridge,C1_ridge,hit_ratio,0.5075187969924813
76,c1_ridge,C1_ridge,turnover,0.4057322495680988
76,c2_rf,C2_rf,rank_ic,0.09995002075775519
76,c2_rf,C2_rf,ic_ir,0.5682739439049029
76,c2_rf,C2_rf,rmse,1.3700972461114689
76,c2_rf,C2_rf,hit_ratio_sign,0.581256109481916
76,c2_rf,C2_rf,ret_BUY,0.11636778814158433
76,c2_rf,C2_rf,ret_NEUTRAL,0.08385443089021748
76,c2_rf,C2_rf,ret_SELL,-0.13394261686445064
76,c2_rf,C2_rf,spread_BUY_SELL,0.25031040500603496
76,c2_rf,C2_rf,hit_ratio,0.5623268698060941
76,c2_rf,C2_rf,turnover,0.17396131297969358
76,c3_lightgbm,C3_lightgbm,rank_ic,0.23604538139609016
76,c3_lightgbm,C3_lightgbm,ic_ir,0.9269781400563177
76,c3_lightgbm,C3_lightgbm,rmse,1.401388362035248
76,c3_lightgbm,C3_lightgbm,hit_ratio_sign,0.5749022482893451
76,c3_lightgbm,C3_lightgbm,ret_BUY,0.2717107878369907
76,c3_lightgbm,C3_lightgbm,ret_NEUTRAL,-0.13485767316377048
76,c3_lightgbm,C3_lightgbm,ret_SELL,-0.2850466516052837
76,c3_lightgbm,C3_lightgbm,spread_BUY_SELL,0.5567574394422744
76,c3_lightgbm,C3_lightgbm,hit_ratio,0.5558659217877095
76,c3_lightgbm,C3_lightgbm,turnover,0.27184570506103256
76,c4_hybrid_tri,C4_hybrid_tri,rank_ic,0.16697486648023055
76,c4_hybrid_tri,C4_hybrid_tri,ic_ir,0.7899398314679511
76,c4_hybrid_tri,C4_hybrid_tri,rmse,1.4254874187575377
76,c4_hybrid_tri,C4_hybrid_tri,hit_ratio_sign,0.592741935483871
76,c4_hybrid_tri,C4_hybrid_tri,ret_BUY,0.15345356793681883
76,c4_hybrid_tri,C4_hybrid_tri,ret_NEUTRAL,0.3325598865038479
76,c4_hybrid_tri,C4_hybrid_tri,ret_SELL,-0.20910762203486835
76,c4_hybrid_tri,C4_hybrid_tri,spread_BUY_SELL,0.3625611899716872
76,c4_hybrid_tri,C4_hybrid_tri,hit_ratio,0.5734072022160664
76,c4_hybrid_tri,C4_hybrid_tri,turnover,0.2645841003710102
76,c5_hybrid_tri_regime,C5_hybrid_tri_regime,rank_ic,0.16386550731769878
76,c5_hybrid_tri_regime,C5_hybrid_tri_regime,ic_ir,0.7975619464047494
76,c5_hybrid_tri_regime,C5_hybrid_tri_regime,rmse,1.4234180740082856
76,c5_hybrid_tri_regime,C5_hybrid_tri_regime,hit_ratio_sign,0.5835777126099707
76,c5_hybrid_tri_regime,C5_hybrid_tri_regime,ret_BUY,0.12309547890936583
76,c5_hybrid_tri_regime,C5_hybrid_tri_regime,ret_NEUTRAL,0.19367157910312072
76,c5_hybrid_tri_regime,C5_hybrid_tri_regime,ret_SELL,-0.1677092130187516
76,c5_hybrid_tri_regime,C5_hybrid_tri_regime,spread_BUY_SELL,0.2908046919281174
76,c5_hybrid_tri_regime,C5_hybrid_tri_regime,hit_ratio,0.5653409090909091
76,c5_hybrid_tri_regime,C5_hybrid_tri_regime,turnover,0.30000991248690134
77,c1_ridge,C1_ridge,rank_ic,0.0534391864626851
77,c1_ridge,C1_ridge,ic_ir,0.4213335824722775
77,c1_ridge,C1_ridge,rmse,1.3660691658394826
77,c1_ridge,C1_ridge,hit_ratio_sign,0.5322102265986475
77,c1_ridge,C1_ridge,ret_BUY,-0.02196434416285355
77,c1_ridge,C1_ridge,ret_NEUTRAL,0.15298346830637152
77,c1_ridge,C1_ridge,ret_SELL,-0.09093302117432145
77,c1_ridge,C1_ridge,spread_BUY_SELL,0.0689686770114679
77,c1_ridge,C1_ridge,hit_ratio,0.5168918918918919
77,c1_ridge,C1_ridge,turnover,0.36663740122914834
77,c2_rf,C2_rf,rank_ic,0.15276261442362166
77,c2_rf,C2_rf,ic_ir,1.1673188400400203
77,c2_rf,C2_rf,rmse,1.4193174318657338
77,c2_rf,C2_rf,hit_ratio_sign,0.5726657966544074
77,c2_rf,C2_rf,ret_BUY,0.11386447160830787
77,c2_rf,C2_rf,ret_NEUTRAL,0.989515655498353
77,c2_rf,C2_rf,ret_SELL,-0.13502235147908434
77,c2_rf,C2_rf,spread_BUY_SELL,0.2488868230873922
77,c2_rf,C2_rf,hit_ratio,0.576530612244898
77,c2_rf,C2_rf,turnover,0.15970149253731342
77,c3_lightgbm,C3_lightgbm,rank_ic,0.29387662124451885
77,c3_lightgbm,C3_lightgbm,ic_ir,1.2202781715633546
77,c3_lightgbm,C3_lightgbm,rmse,1.4060285500851077
77,c3_lightgbm,C3_lightgbm,hit_ratio_sign,0.5694625696998458
77,c3_lightgbm,C3_lightgbm,ret_BUY,0.35605846367803734
77,c3_lightgbm,C3_lightgbm,ret_NEUTRAL,-0.2786293027983233
77,c3_lightgbm,C3_lightgbm,ret_SELL,-0.3364648043143574
77,c3_lightgbm,C3_lightgbm,spread_BUY_SELL,0.6925232679923947
77,c3_lightgbm,C3_lightgbm,hit_ratio,0.5669515669515669
77,c3_lightgbm,C3_lightgbm,turnover,0.3166812993854259
77,c4_hybrid_tri,C4_hybrid_tri,rank_ic,0.2259832388967515
77,c4_hybrid_tri,C4_hybrid_tri,ic_ir,1.2068208131798035
77,c4_hybrid_tri,C4_hybrid_tri,rmse,1.421193851331575
77,c4_hybrid_tri,C4_hybrid_tri,hit_ratio_sign,0.6029184956697117
77,c4_hybrid_tri,C4_hybrid_tri,ret_BUY,0.2141260302462521
77,c4_hybrid_tri,C4_hybrid_tri,ret_NEUTRAL,0.14142726565883337
77,c4_hybrid_tri,C4_hybrid_tri,ret_SELL,-0.1751154261613899
77,c4_hybrid_tri,C4_hybrid_tri,spread_BUY_SELL,0.38924145640764196
77,c4_hybrid_tri,C4_hybrid_tri,hit_ratio,0.5787965616045845
77,c4_hybrid_tri,C4_hybrid_tri,turnover,0.2694468832309043
77,c5_hybrid_tri_regime,C5_hybrid_tri_regime,rank_ic,0.2270080982451114
77,c5_hybrid_tri_regime,C5_hybrid_tri_regime,ic_ir,1.2520633858648011
77,c5_hybrid_tri_regime,C5_hybrid_tri_regime,rmse,1.4138156892473737
77,c5_hybrid_tri_regime,C5_hybrid_tri_regime,hit_ratio_sign,0.6096808636848974
77,c5_hybrid_tri_regime,C5_hybrid_tri_regime,ret_BUY,0.241549187003625
77,c5_hybrid_tri_regime,C5_hybrid_tri_regime,ret_NEUTRAL,0.15589552605934842
77,c5_hybrid_tri_regime,C5_hybrid_tri_regime,ret_SELL,-0.18679351403995728
77,c5_hybrid_tri_regime,C5_hybrid_tri_regime,spread_BUY_SELL,0.4283427010435823
77,c5_hybrid_tri_regime,C5_hybrid_tri_regime,hit_ratio,0.5921787709497207
77,c5_hybrid_tri_regime,C5_hybrid_tri_regime,turnover,0.2574187884108867
78,c1_ridge,C1_ridge,rank_ic,0.06047404522610182
78,c1_ridge,C1_ridge,ic_ir,0.5827156682814943
78,c1_ridge,C1_ridge,rmse,1.29666048821173
78,c1_ridge,C1_ridge,hit_ratio_sign,0.5351994233541566
78,c1_ridge,C1_ridge,ret_BUY,0.017889035102410755
78,c1_ridge,C1_ridge,ret_NEUTRAL,0.06238205207297624
78,c1_ridge,C1_ridge,ret_SELL,-0.014950826311326746
78,c1_ridge,C1_ridge,spread_BUY_SELL,0.0328398614137375
78,c1_ridge,C1_ridge,hit_ratio,0.5390070921985816
78,c1_ridge,C1_ridge,turnover,0.3529677814137867
78,c2_rf,C2_rf,rank_ic,0.1798429604995286
78,c2_rf,C2_rf,ic_ir,2.044583777263844
78,c2_rf,C2_rf,rmse,1.4351389677215705
78,c2_rf,C2_rf,hit_ratio_sign,0.5902210475732821
78,c2_rf,C2_rf,ret_BUY,0.08842803237346657
78,c2_rf,C2_rf,ret_NEUTRAL,0.15679679660839926
78,c2_rf,C2_rf,ret_SELL,-0.049185783440712345
78,c2_rf,C2_rf,spread_BUY_SELL,0.13761381581417892
78,c2_rf,C2_rf,hit_ratio,0.5738161559888579
78,c2_rf,C2_rf,turnover,0.19304014685928644
78,c3_lightgbm,C3_lightgbm,rank_ic,0.2675297505171134
78,c3_lightgbm,C3_lightgbm,ic_ir,2.384733750724467
78,c3_lightgbm,C3_lightgbm,rmse,1.3644930374929036
78,c3_lightgbm,C3_lightgbm,hit_ratio_sign,0.6128063431042768
78,c3_lightgbm,C3_lightgbm,ret_BUY,0.19623412442444868
78,c3_lightgbm,C3_lightgbm,ret_NEUTRAL,0.10168543853970662
78,c3_lightgbm,C3_lightgbm,ret_SELL,-0.14497625406616602
78,c3_lightgbm,C3_lightgbm,spread_BUY_SELL,0.3412103784906147
78,c3_lightgbm,C3_lightgbm,hit_ratio,0.5858895705521472
78,c3_lightgbm,C3_lightgbm,turnover,0.2578763934339
78,c4_hybrid_tri,C4_hybrid_tri,rank_ic,0.19359321963071166
78,c4_hybrid_tri,C4_hybrid_tri,ic_ir,1.8919109859165655
78,c4_hybrid_tri,C4_hybrid_tri,rmse,1.3995015005547082
78,c4_hybrid_tri,C4_hybrid_tri,hit_ratio_sign,0.5850552618933205
78,c4_hybrid_tri,C4_hybrid_tri,ret_BUY,0.07573852965782109
78,c4_hybrid_tri,C4_hybrid_tri,ret_NEUTRAL,0.02361546507747148
78,c4_hybrid_tri,C4_hybrid_tri,ret_SELL,-0.022752302056262948
78,c4_hybrid_tri,C4_hybrid_tri,spread_BUY_SELL,0.09849083171408404
78,c4_hybrid_tri,C4_hybrid_tri,hit_ratio,0.5648414985590778
78,c4_hybrid_tri,C4_hybrid_tri,turnover,0.2521736238593131
78,c5_hybrid_tri_regime,C5_hybrid_tri_regime,rank_ic,0.20255123712726217
78,c5_hybrid_tri_regime,C5_hybrid_tri_regime,ic_ir,2.042718064531759
78,c5_hybrid_tri_regime,C5_hybrid_tri_regime,rmse,1.3972782858572874
78,c5_hybrid_tri_regime,C5_hybrid_tri_regime,hit_ratio_sign,0.5850552618933205
78,c5_hybrid_tri_regime,C5_hybrid_tri_regime,ret_BUY,0.10480376515301675
78,c5_hybrid_tri_regime,C5_hybrid_tri_regime,ret_NEUTRAL,-0.014978885587994598
78,c5_hybrid_tri_regime,C5_hybrid_tri_regime,ret_SELL,-0.03333522880514774
78,c5_hybrid_tri_regime,C5_hybrid_tri_regime,spread_BUY_SELL,0.13813899395816448
78,c5_hybrid_tri_regime,C5_hybrid_tri_regime,hit_ratio,0.5751445086705202
78,c5_hybrid_tri_regime,C5_hybrid_tri_regime,turnover,0.2522175220155905
79,c1_ridge,C1_ridge,rank_ic,0.0738772740235148
79,c1_ridge,C1_ridge,ic_ir,0.6356192980600565
79,c1_ridge,C1_ridge,rmse,1.2178117995181574
79,c1_ridge,C1_ridge,hit_ratio_sign,0.5464064731080438
79,c1_ridge,C1_ridge,ret_BUY,0.11491824212692103
79,c1_ridge,C1_ridge,ret_NEUTRAL,-0.016268214112853396
79,c1_ridge,C1_ridge,ret_SELL,0.10481220461913394
79,c1_ridge,C1_ridge,spread_BUY_SELL,0.010106037507787088
79,c1_ridge,C1_ridge,hit_ratio,0.5571955719557196
79,c1_ridge,C1_ridge,turnover,0.3055112139835582
79,c2_rf,C2_rf,rank_ic,0.2233084196101818
79,c2_rf,C2_rf,ic_ir,2.597939602746438
79,c2_rf,C2_rf,rmse,1.3159405154005726
79,c2_rf,C2_rf,hit_ratio_sign,0.5625892432175155
79,c2_rf,C2_rf,ret_BUY,0.13560127661243118
79,c2_rf,C2_rf,ret_NEUTRAL,0.24207748070664845
79,c2_rf,C2_rf,ret_SELL,-0.08480145254530327
79,c2_rf,C2_rf,spread_BUY_SELL,0.22040272915773446
79,c2_rf,C2_rf,hit_ratio,0.6006711409395973
79,c2_rf,C2_rf,turnover,0.16639263575172267
79,c3_lightgbm,C3_lightgbm,rank_ic,0.2629734968582466
79,c3_lightgbm,C3_lightgbm,ic_ir,2.5968635619014644
79,c3_lightgbm,C3_lightgbm,rmse,1.2854615039878645
79,c3_lightgbm,C3_lightgbm,hit_ratio_sign,0.5918610185625892
79,c3_lightgbm,C3_lightgbm,ret_BUY,0.18143105493938813
79,c3_lightgbm,C3_lightgbm,ret_NEUTRAL,0.142039694235777
79,c3_lightgbm,C3_lightgbm,ret_SELL,-0.06812030233878548
79,c3_lightgbm,C3_lightgbm,spread_BUY_SELL,0.24955135727817362
79,c3_lightgbm,C3_lightgbm,hit_ratio,0.5913312693498453
79,c3_lightgbm,C3_lightgbm,turnover,0.30234788623726294
79,c4_hybrid_tri,C4_hybrid_tri,rank_ic,0.21696683720595156
79,c4_hybrid_tri,C4_hybrid_tri,ic_ir,2.2145762930286783
79,c4_hybrid_tri,C4_hybrid_tri,rmse,1.3475308304868083
79,c4_hybrid_tri,C4_hybrid_tri,hit_ratio_sign,0.5912660637791528
79,c4_hybrid_tri,C4_hybrid_tri,ret_BUY,0.11345990781662199
79,c4_hybrid_tri,C4_hybrid_tri,ret_NEUTRAL,0.3148700470423664
79,c4_hybrid_tri,C4_hybrid_tri,ret_SELL,-0.026683162479382926
79,c4_hybrid_tri,C4_hybrid_tri,spread_BUY_SELL,0.14014307029600492
79,c4_hybrid_tri,C4_hybrid_tri,hit_ratio,0.5950413223140496
79,c4_hybrid_tri,C4_hybrid_tri,turnover,0.21367095006252163
79,c5_hybrid_tri_regime,C5_hybrid_tri_regime,rank_ic,0.22431840880236734
79,c5_hybrid_tri_regime,C5_hybrid_tri_regime,ic_ir,2.331760428200389
79,c5_hybrid_tri_regime,C5_hybrid_tri_regime,rmse,1.3390050544286383
79,c5_hybrid_tri_regime,C5_hybrid_tri_regime,hit_ratio_sign,0.5930509281294621
79,c5_hybrid_tri_regime,C5_hybrid_tri_regime,ret_BUY,0.129791575891978
79,c5_hybrid_tri_regime,C5_hybrid_tri_regime,ret_NEUTRAL,0.33410570915813514
79,c5_hybrid_tri_regime,C5_hybrid_tri_regime,ret_SELL,-0.039980306354925034
79,c5_hybrid_tri_regime,C5_hybrid_tri_regime,spread_BUY_SELL,0.16977188224690304
79,c5_hybrid_tri_regime,C5_hybrid_tri_regime,hit_ratio,0.5972602739726027
79,c5_hybrid_tri_regime,C5_hybrid_tri_regime,turnover,0.21077367174821085
80,c1_ridge,C1_ridge,rank_ic,0.09080511427508532
80,c1_ridge,C1_ridge,ic_ir,0.6675035677221401
80,c1_ridge,C1_ridge,rmse,1.1517524176774303
80,c1_ridge,C1_ridge,hit_ratio_sign,0.5589502546024285
80,c1_ridge,C1_ridge,ret_BUY,0.15183423900657594
80,c1_ridge,C1_ridge,ret_NEUTRAL,-0.026357914269900622
80,c1_ridge,C1_ridge,ret_SELL,0.18049098788484302
80,c1_ridge,C1_ridge,spread_BUY_SELL,-0.02865674887826708
80,c1_ridge,C1_ridge,hit_ratio,0.5347222222222222
80,c1_ridge,C1_ridge,turnover,0.31984890705736607
80,c2_rf,C2_rf,rank_ic,0.23496900813391175
80,c2_rf,C2_rf,ic_ir,1.9347017219772875
80,c2_rf,C2_rf,rmse,1.1659841569934661
80,c2_rf,C2_rf,hit_ratio_sign,0.578273926100013
80,c2_rf,C2_rf,ret_BUY,0.21400154434958532
80,c2_rf,C2_rf,ret_NEUTRAL,0.21712305885342323
80,c2_rf,C2_rf,ret_SELL,-0.01772338219201278
80,c2_rf,C2_rf,spread_BUY_SELL,0.2317249265415981
80,c2_rf,C2_rf,hit_ratio,0.6
80,c2_rf,C2_rf,turnover,0.18634021244625512
80,c3_lightgbm,C3_lightgbm,rank_ic,0.27244969673730973
80,c3_lightgbm,C3_lightgbm,ic_ir,1.7060043909847797
80,c3_lightgbm,C3_lightgbm,rmse,1.1566157160823736
80,c3_lightgbm,C3_lightgbm,hit_ratio_sign,0.5952474213343778
80,c3_lightgbm,C3_lightgbm,ret_BUY,0.24108574333567206
80,c3_lightgbm,C3_lightgbm,ret_NEUTRAL,0.18596152354556036
80,c3_lightgbm,C3_lightgbm,ret_SELL,-0.008648619206519133
80,c3_lightgbm,C3_lightgbm,spread_BUY_SELL,0.2497343625421912
80,c3_lightgbm,C3_lightgbm,hit_ratio,0.6070381231671554
80,c3_lightgbm,C3_lightgbm,turnover,0.22163288417248794
80,c4_hybrid_tri,C4_hybrid_tri,rank_ic,0.23371307107823333
80,c4_hybrid_tri,C4_hybrid_tri,ic_ir,1.7025517727236925
80,c4_hybrid_tri,C4_hybrid_tri,rmse,1.270151795159606
80,c4_hybrid_tri,C4_hybrid_tri,hit_ratio_sign,0.5824520172346259
80,c4_hybrid_tri,C4_hybrid_tri,ret_BUY,0.14998550636621893
80,c4_hybrid_tri,C4_hybrid_tri,ret_NEUTRAL,0.29029813746797867
80,c4_hybrid_tri,C4_hybrid_tri,ret_SELL,0.03804433483749248
80,c4_hybrid_tri,C4_hybrid_tri,spread_BUY_SELL,0.11194117152872646
80,c4_hybrid_tri,C4_hybrid_tri,hit_ratio,0.5835616438356165
80,c4_hybrid_tri,C4_hybrid_tri,turnover,0.2220268686791571
80,c5_hybrid_tri_regime,C5_hybrid_tri_regime,rank_ic,0.2294879535826095
80,c5_hybrid_tri_regime,C5_hybrid_tri_regime,ic_ir,1.6204927564553275
80,c5_hybrid_tri_regime,C5_hybrid_tri_regime,rmse,1.2787855146748295
80,c5_hybrid_tri_regime,C5_hybrid_tri_regime,hit_ratio_sign,0.585063324193759
80,c5_hybrid_tri_regime,C5_hybrid_tri_regime,ret_BUY,0.15809758046182967
80,c5_hybrid_tri_regime,C5_hybrid_tri_regime,ret_NEUTRAL,0.10703922012864966
80,c5_hybrid_tri_regime,C5_hybrid_tri_regime,ret_SELL,0.07429045116702417
80,c5_hybrid_tri_regime,C5_hybrid_tri_regime,spread_BUY_SELL,0.08380712929480551
80,c5_hybrid_tri_regime,C5_hybrid_tri_regime,hit_ratio,0.5777777777777777
80,c5_hybrid_tri_regime,C5_hybrid_tri_regime,turnover,0.2099961133648197
