cell,configuration,mois,date_rebalance,portfolio,ticker,weight,recommendation,predicted_return,conviction_score,score_opt,liquidity_vmq_20j,L_sigmoid,held,sell_mode,eligible_vmq,n_candidates,n_positions,expected_alpha_raw,cvar_95,liquidity_L_weighted,status,portfolio_ret_month,turnover,liquidite_ponderee,n_titres,ret_holding,contribution,eligible,min_vmq_threshold,protocol_window
1,C1 Ridge,2023-01,2023-01-31,P_selected,ADI,0.24744607453259784,NEUTRAL,-0.07246722287651061,-0.07246722287651061,-0.036233611438255306,1233006.9115,0.999999852304148,1,exclude,1,22,18,0.219402,0.01392,0.9998,ok,0.06409355893903568,0.9998865022218554,0.9998865022218554,18,0.07692307692307687,0.019034313425584436,1,500000.0,2023-01_2025-06
1,C1 Ridge,2023-01,2023-01-31,P_selected,CMA,0.17067215234409805,BUY,0.19108295778065082,0.19108295778065082,0.19108295778065082,2986329.6,1.0,1,exclude,1,22,18,0.219402,0.01392,0.9998,ok,0.06409355893903568,0.9998865022218554,0.9998865022218554,18,0.05551149881046791,0.009474266981829396,1,500000.0,2023-01_2025-06
1,C1 Ridge,2023-01,2023-01-31,P_selected,CSR,0.12947940700762295,BUY,0.8647683893090082,0.8647683893090082,0.8647683893090082,2767953.9,1.0,1,exclude,1,22,18,0.219402,0.01392,0.9998,ok,0.06409355893903568,0.9998865022218554,0.9998865022218554,18,0.04651162790697683,0.006022298000354567,1,500000.0,2023-01_2025-06
1,C1 Ridge,2023-01,2023-01-31,P_selected,LBV,0.1264164992084983,BUY,0.16998654107301625,0.16998654107301625,0.16998654107301625,2657280.1,1.0,1,exclude,1,22,18,0.219402,0.01392,0.9998,ok,0.06409355893903568,0.9998865022218554,0.9998865022218554,18,0.06024096385542177,0.0076154517595481,1,500000.0,2023-01_2025-06
1,C1 Ridge,2023-01,2023-01-31,P_selected,IAM,0.06798719091510855,BUY,0.43277034582085794,0.43277034582085794,0.43277034582085794,13544039.144499999,1.0,1,exclude,1,22,18,0.219402,0.01392,0.9998,ok,0.06409355893903568,0.9998865022218554,0.9998865022218554,18,-0.022105263157894628,-0.0015028747465444974,1,500000.0,2023-01_2025-06
1,C1 Ridge,2023-01,2023-01-31,P_selected,CMT,0.04095064295776778,NEUTRAL,0.08217798912977184,0.08217798912977184,0.04108899456488592,1487451.35,0.9999999974805409,1,exclude,1,22,18,0.219402,0.01392,0.9998,ok,0.06409355893903568,0.9998865022218554,0.9998865022218554,18,0.10256410256410264,0.004200065944386442,1,500000.0,2023-01_2025-06
1,C1 Ridge,2023-01,2023-01-31,P_selected,ATW,0.039007750859653176,BUY,0.3984766275224063,0.3984766275224063,0.3984766275224063,15659908.55,1.0,1,exclude,1,22,18,0.219402,0.01392,0.9998,ok,0.06409355893903568,0.9998865022218554,0.9998865022218554,18,0.15616438356164375,0.006091621367123917,1,500000.0,2023-01_2025-06
1,C1 Ridge,2023-01,2023-01-31,P_selected,CIH,0.036610971135717096,BUY,0.22325483022522735,0.22325483022522735,0.22325483022522735,640825.5349999999,0.9980794256192659,1,exclude,1,22,18,0.219402,0.01392,0.9998,ok,0.06409355893903568,0.9998865022218554,0.9998865022218554,18,0.10154263434480426,0.003717574455042304,1,500000.0,2023-01_2025-06
1,C1 Ridge,2023-01,2023-01-31,P_selected,BOA,0.0357609796600895,BUY,0.2123534373015419,0.2123534373015419,0.2123534373015419,2365189.8625,0.999999999999998,1,exclude,1,22,18,0.219402,0.01392,0.9998,ok,0.06409355893903568,0.9998865022218554,0.9998865022218554,18,0.050000000000000044,0.0017880489830044766,1,500000.0,2023-01_2025-06
1,C1 Ridge,2023-01,2023-01-31,P_selected,ARD,0.030418657754071193,NEUTRAL,0.0787250751174563,0.0787250751174563,0.03936253755872815,1139534.2349999999,0.9999993410040309,1,exclude,1,22,18,0.219402,0.01392,0.9998,ok,0.06409355893903568,0.9998865022218554,0.9998865022218554,18,0.047601010101010255,0.0014479588350107167,1,500000.0,2023-01_2025-06
1,C1 Ridge,2023-01,2023-01-31,P_selected,EQD,0.030225438376361966,NEUTRAL,-0.03695534581443524,-0.03695534581443524,-0.01847767290721762,628779.08,0.9976721166948841,1,exclude,1,22,18,0.219402,0.01392,0.9998,ok,0.06409355893903568,0.9998865022218554,0.9998865022218554,18,0.0986254295532647,0.0029809968433044303,1,500000.0,2023-01_2025-06
1,C1 Ridge,2023-01,2023-01-31,P_selected,GAZ,0.029537855736940427,NEUTRAL,0.061276381366186364,0.061276381366186364,0.030638190683093182,1628466.1,0.9999999997361018,1,exclude,1,22,18,0.219402,0.01392,0.9998,ok,0.06409355893903568,0.9998865022218554,0.9998865022218554,18,0.03402298850574703,0.001004966126222338,1,500000.0,2023-01_2025-06
1,C1 Ridge,2023-01,2023-01-31,P_selected,BCI,0.007750779780073606,BUY,0.24814874816356763,0.24814874816356763,0.24814874816356763,1096782.8175000001,0.9999986939802256,1,exclude,1,22,18,0.219402,0.01392,0.9998,ok,0.06409355893903568,0.9998865022218554,0.9998865022218554,18,0.32432432432432434,0.0025137664151590076,1,500000.0,2023-01_2025-06
1,C1 Ridge,2023-01,2023-01-31,P_selected,TQM,0.003288614090713623,BUY,0.5169882408441534,0.5169882408441534,0.5169882408441534,574601.905,0.9944788380348597,1,exclude,1,22,18,0.219402,0.01392,0.9998,ok,0.06409355893903568,0.9998865022218554,0.9998865022218554,18,0.042105263157894646,0.0001384679617142575,1,500000.0,2023-01_2025-06
1,C1 Ridge,2023-01,2023-01-31,P_selected,SNP,0.0021933895201231663,BUY,0.11422847735289651,0.11422847735289651,0.11422847735289651,737511.5599999999,0.9995905085505339,1,exclude,1,22,18,0.219402,0.01392,0.9998,ok,0.06409355893903568,0.9998865022218554,0.9998865022218554,18,0.09505703422053235,0.00020849710267330487,1,500000.0,2023-01_2025-06
1,C1 Ridge,2023-01,2023-01-31,P_selected,SID,0.000783227838928725,NEUTRAL,0.021470593751835437,0.021470593751835437,0.010735296875917719,900803.6300000001,0.9999699572179318,1,exclude,1,22,18,0.219402,0.01392,0.9998,ok,0.06409355893903568,0.9998865022218554,0.9998865022218554,18,0.025423728813559254,1.9912572176153972e-05,1,500000.0,2023-01_2025-06
1,C1 Ridge,2023-01,2023-01-31,P_selected,LHM,0.0007313383356955692,NEUTRAL,0.04260577503308599,0.04260577503308599,0.021302887516542995,3795742.9,1.0,1,exclude,1,22,18,0.219402,0.01392,0.9998,ok,0.06409355893903568,0.9998865022218554,0.9998865022218554,18,0.008759124087591275,6.405883232369974e-06,1,500000.0,2023-01_2025-06
1,C1 Ridge,2023-01,2023-01-31,P_selected,MSA,0.000625532167794086,BUY,0.23139863802201768,0.23139863802201768,0.23139863802201768,6920604.67,1.0,1,exclude,1,22,18,0.219402,0.01392,0.9998,ok,0.06409355893903568,0.9998865022218554,0.9998865022218554,18,0.06341463414634152,3.966789356742988e-05,1,500000.0,2023-01_2025-06
1,C1 Ridge,2023-02,2023-02-28,P_selected,CMA,0.19660831619313082,BUY,0.31301178374396704,0.31301178374396704,0.31301178374396704,1089665.05,0.9999985364451657,1,exclude,1,20,18,0.232979,0.014286,0.9999,ok,-0.04474463820838881,0.7971153462536211,0.999952808612926,18,-0.10188679245283017,-0.02003179070646993,1,500000.0,2023-01_2025-06
1,C1 Ridge,2023-02,2023-02-28,P_selected,CMT,0.12050823814731004,BUY,0.2554616160212115,0.2554616160212115,0.2554616160212115,1034067.45,0.9999964376237946,1,exclude,1,20,18,0.232979,0.014286,0.9999,ok,-0.04474463820838881,0.7971153462536211,0.999952808612926,18,-0.037837837837837784,-0.004559771173141455,1,500000.0,2023-01_2025-06
1,C1 Ridge,2023-02,2023-02-28,P_selected,ARD,0.10582607402049977,BUY,0.2873679606351309,0.2873679606351309,0.2873679606351309,1171041.635,0.9999996019413807,1,exclude,1,20,18,0.232979,0.014286,0.9999,ok,-0.04474463820838881,0.7971153462536211,0.999952808612926,18,0.00518259611907923,0.0005484538005160335,1,500000.0,2023-01_2025-06
1,C1 Ridge,2023-02,2023-02-28,P_selected,LBV,0.08856843731063195,NEUTRAL,0.06816172016047096,0.06816172016047096,0.03408086008023548,3061243.25,1.0,1,exclude,1,20,18,0.232979,0.014286,0.9999,ok,-0.04474463820838881,0.7971153462536211,0.999952808612926,18,-0.011363636363636354,-0.001006459514893544,1,500000.0,2023-01_2025-06
1,C1 Ridge,2023-02,2023-02-28,P_selected,CIH,0.0844302623788187,BUY,0.16652481642225148,0.16652481642225148,0.16652481642225148,1095213.6300000001,0.9999986607749326,1,exclude,1,20,18,0.232979,0.014286,0.9999,ok,-0.04474463820838881,0.7971153462536211,0.999952808612926,18,-0.012618296529968487,-0.001065366086798977,1,500000.0,2023-01_2025-06
1,C1 Ridge,2023-02,2023-02-28,P_selected,GAZ,0.07160074790239435,BUY,0.10186616219341664,0.10186616219341664,0.10186616219341664,2997477.45,1.0,1,exclude,1,20,18,0.232979,0.014286,0.9999,ok,-0.04474463820838881,0.7971153462536211,0.999952808612926,18,-0.1235955056179775,-0.00884953063962177,1,500000.0,2023-01_2025-06
1,C1 Ridge,2023-02,2023-02-28,P_selected,CSR,0.0710379938831918,BUY,0.6653368176720945,0.6653368176720945,0.6653368176720945,910033.8474999999,0.9999740818607816,1,exclude,1,20,18,0.232979,0.014286,0.9999,ok,-0.04474463820838881,0.7971153462536211,0.999952808612926,18,-0.0444444444444444,-0.003157244172586299,1,500000.0,2023-01_2025-06
1,C1 Ridge,2023-02,2023-02-28,P_selected,BOA,0.06989200302340656,BUY,0.25232934450408684,0.25232934450408684,0.25232934450408684,9772784.5,1.0,1,exclude,1,20,18,0.232979,0.014286,0.9999,ok,-0.04474463820838881,0.7971153462536211,0.999952808612926,18,-0.026946107784431184,-0.0018833174467385034,1,500000.0,2023-01_2025-06
1,C1 Ridge,2023-02,2023-02-28,P_selected,SAH,0.06408292394501593,BUY,0.10645773217331851,0.10645773217331851,0.10645773217331851,2543576.1,0.9999999999999998,1,exclude,1,20,18,0.232979,0.014286,0.9999,ok,-0.04474463820838881,0.7971153462536211,0.999952808612926,18,-0.09134615384615385,-0.005853728629592801,1,500000.0,2023-01_2025-06
1,C1 Ridge,2023-02,2023-02-28,P_selected,ADI,0.05330669293115937,NEUTRAL,-0.04040965887803369,-0.04040965887803369,-0.020204829439016844,686830.9269999999,0.9990791524884367,1,exclude,1,20,18,0.232979,0.014286,0.9999,ok,-0.04474463820838881,0.7971153462536211,0.999952808612926,18,0.1294545454545455,0.006900793703088269,1,500000.0,2023-01_2025-06
1,C1 Ridge,2023-02,2023-02-28,P_selected,IAM,0.028656259575969536,BUY,0.3054080588547984,0.3054080588547984,0.3054080588547984,19150457.830000002,1.0,1,exclude,1,20,18,0.232979,0.014286,0.9999,ok,-0.04474463820838881,0.7971153462536211,0.999952808612926,18,-0.07608695652173914,-0.002180367576432465,1,500000.0,2023-01_2025-06
1,C1 Ridge,2023-02,2023-02-28,P_selected,ATL,0.017363829879676558,NEUTRAL,0.08437741603041839,0.08437741603041839,0.04218870801520919,1271202.9575,0.999999919840497,1,exclude,1,20,18,0.232979,0.014286,0.9999,ok,-0.04474463820838881,0.7971153462536211,0.999952808612926,18,-0.07072987208427395,-0.0012281414662826168,1,500000.0,2023-01_2025-06
1,C1 Ridge,2023-02,2023-02-28,P_selected,ATW,0.013802791970024396,NEUTRAL,0.07116095848613449,0.07116095848613449,0.035580479243067245,17845090.095,1.0,1,exclude,1,20,18,0.232979,0.014286,0.9999,ok,-0.04474463820838881,0.7971153462536211,0.999952808612926,18,-0.04542168674698799,-0.0006269460930962893,1,500000.0,2023-01_2025-06
1,C1 Ridge,2023-02,2023-02-28,P_selected,MUT,0.00730927373781978,BUY,0.09795728621752615,0.09795728621752615,0.09795728621752615,878192.76,0.9999568629067194,1,exclude,1,20,18,0.232979,0.014286,0.9999,ok,-0.04474463820838881,0.7971153462536211,0.999952808612926,18,-0.022685185185185253,-0.0001658122283116529,1,500000.0,2023-01_2025-06
1,C1 Ridge,2023-02,2023-02-28,P_selected,MSA,0.004649385843326084,BUY,0.1648282842338654,0.1648282842338654,0.1648282842338654,8126108.8225,1.0,1,exclude,1,20,18,0.232979,0.014286,0.9999,ok,-0.04474463820838881,0.7971153462536211,0.999952808612926,18,-0.01834862385321101,-8.530983198763458e-05,1,500000.0,2023-01_2025-06
1,C1 Ridge,2023-02,2023-02-28,P_selected,TQM,0.0009584016000900493,BUY,0.5017236212396823,0.5017236212396823,0.5017236212396823,1453693.8,0.9999999956760686,1,exclude,1,20,18,0.232979,0.014286,0.9999,ok,-0.04474463820838881,0.7971153462536211,0.999952808612926,18,-0.03903903903903905,-3.741507748099292e-05,1,500000.0,2023-01_2025-06
1,C1 Ridge,2023-02,2023-02-28,P_selected,TMA,0.000896563007425373,NEUTRAL,0.05438035982196639,0.05438035982196639,0.027190179910983193,780465.8,0.9997940050319032,1,exclude,1,20,18,0.232979,0.014286,0.9999,ok,-0.04474463820838881,0.7971153462536211,0.999952808612926,18,0.06820049301561215,6.114603912597038e-05,1,500000.0,2023-01_2025-06
1,C1 Ridge,2023-02,2023-02-28,P_selected,LHM,0.0004546132630350013,BUY,0.1394504025819606,0.1394504025819606,0.1394504025819606,3813937.35,1.0,1,exclude,1,20,18,0.232979,0.014286,0.9999,ok,-0.04474463820838881,0.7971153462536211,0.999952808612926,18,-0.013561741613133504,-6.1653476071841844e-06,1,500000.0,2023-01_2025-06
1,C1 Ridge,2023-03,2023-03-31,P_selected,AKT,0.387919928198087,BUY,0.24031452859443814,0.24031452859443814,0.24031452859443814,835562.8699999999,0.9999146791109752,1,exclude,1,18,14,0.24446,0.010877,0.9992,ok,0.02511697541471669,1.2765390110303942,0.9999816281499553,14,0.03672413793103435,0.014246024949343489,1,500000.0,2023-01_2025-06
1,C1 Ridge,2023-03,2023-03-31,P_selected,ADI,0.16853366054182145,BUY,0.20899138364288153,0.20899138364288153,0.20899138364288153,1206786.3105000001,0.9999997753183202,1,exclude,1,18,14,0.24446,0.010877,0.9992,ok,0.02511697541471669,1.2765390110303942,0.9999816281499553,14,0.06788079470198682,0.01144019881161372,1,500000.0,2023-01_2025-06
1,C1 Ridge,2023-03,2023-03-31,P_selected,BOA,0.12879085881095811,BUY,0.17395693702809006,0.17395693702809006,0.17395693702809006,2560153.6025,1.0,1,exclude,1,18,14,0.24446,0.010877,0.9992,ok,0.02511697541471669,1.2765390110303942,0.9999816281499553,14,-0.006134969325153339,-0.0007901279681653827,1,500000.0,2023-01_2025-06
1,C1 Ridge,2023-03,2023-03-31,P_selected,CMA,0.09448314671106409,BUY,0.2123715434250913,0.2123715434250913,0.2123715434250913,2768078.85,1.0,1,exclude,1,18,14,0.24446,0.010877,0.9992,ok,0.02511697541471669,1.2765390110303942,0.9999816281499553,14,0.03813559322033888,0.0036031708491507395,1,500000.0,2023-01_2025-06
1,C1 Ridge,2023-03,2023-03-31,P_selected,CSR,0.05950328007274472,BUY,0.7597770460927851,0.7597770460927851,0.7597770460927851,2099710.955,0.9999999999998597,1,exclude,1,18,14,0.24446,0.010877,0.9992,ok,0.02511697541471669,1.2765390110303942,0.9999816281499553,14,-0.013486934532171868,-0.000802516842790595,1,500000.0,2023-01_2025-06
1,C1 Ridge,2023-03,2023-03-31,P_selected,ATL,0.039257293947194016,BUY,0.2207820392037121,0.2207820392037121,0.2207820392037121,2324704.1875,0.9999999999999962,1,exclude,1,18,14,0.24446,0.010877,0.9992,ok,0.02511697541471669,1.2765390110303942,0.9999816281499553,14,0.05734038226921512,0.0022510282417870496,1,500000.0,2023-01_2025-06
1,C1 Ridge,2023-03,2023-03-31,P_selected,DHO,0.035321355850253665,BUY,0.12735390367592572,0.12735390367592572,0.12735390367592572,576016.742,0.9946017515741817,1,exclude,1,18,14,0.24446,0.010877,0.9992,ok,0.02511697541471669,1.2765390110303942,0.9999816281499553,14,-0.02617397998460358,-0.0009245004610536,1,500000.0,2023-01_2025-06
1,C1 Ridge,2023-03,2023-03-31,P_selected,CMT,0.03449375744173979,BUY,0.31302053820031084,0.31302053820031084,0.31302053820031084,507315.95,0.9839687658365996,1,exclude,1,18,14,0.24446,0.010877,0.9992,ok,0.02511697541471669,1.2765390110303942,0.9999816281499553,14,-0.026790595954073293,-0.0009241083185594596,1,500000.0,2023-01_2025-06
1,C1 Ridge,2023-03,2023-03-31,P_selected,LBV,0.031415536535843336,NEUTRAL,0.028787193338065745,0.028787193338065745,0.014393596669032872,1053892.0,0.9999974059095249,1,exclude,1,18,14,0.24446,0.010877,0.9992,ok,0.02511697541471669,1.2765390110303942,0.9999816281499553,14,0.020689655172413834,0.0006499766179829669,1,500000.0,2023-01_2025-06
1,C1 Ridge,2023-03,2023-03-31,P_selected,MNG,0.018301528521144233,BUY,0.18148393598134377,0.18148393598134377,0.18148393598134377,1282594.6,0.9999999331967206,1,exclude,1,18,14,0.24446,0.010877,0.9992,ok,0.02511697541471669,1.2765390110303942,0.9999816281499553,14,-0.04315417810906241,-0.0007897874214695439,1,500000.0,2023-01_2025-06
1,C1 Ridge,2023-03,2023-03-31,P_selected,MSA,0.001069435631951405,NEUTRAL,0.027936669812480594,0.027936669812480594,0.013968334906240297,1824206.9225,0.9999999999884843,1,exclude,1,18,14,0.24446,0.010877,0.9992,ok,0.02511697541471669,1.2765390110303942,0.9999816281499553,14,0.09205607476635502,9.844804649272267e-05,1,500000.0,2023-01_2025-06
1,C1 Ridge,2023-03,2023-03-31,P_selected,SID,0.0004064860104948126,NEUTRAL,0.058233808991403194,0.058233808991403194,0.029116904495701597,1376367.56,0.9999999850996477,1,exclude,1,18,14,0.24446,0.010877,0.9992,ok,0.02511697541471669,1.2765390110303942,0.9999816281499553,14,-0.03539823008849563,-1.4388885327250027e-05,1,500000.0,2023-01_2025-06
1,C1 Ridge,2023-03,2023-03-31,P_selected,BCP,0.00031532923800089887,BUY,0.13011957699578183,0.13011957699578183,0.13011957699578183,5811499.3625,1.0,1,exclude,1,18,14,0.24446,0.010877,0.9992,ok,0.02511697541471669,1.2765390110303942,0.9999816281499553,14,-0.030303030303030165,-9.55543145457265e-06,1,500000.0,2023-01_2025-06
1,C1 Ridge,2023-03,2023-03-31,P_selected,TQM,0.00017003063865778323,BUY,0.3011894843570172,0.3011894843570172,0.3011894843570172,6903893.63,1.0,1,exclude,1,18,14,0.24446,0.010877,0.9992,ok,0.02511697541471669,1.2765390110303942,0.9999816281499553,14,0.0,0.0,1,500000.0,2023-01_2025-06
1,C1 Ridge,2023-04,2023-04-28,P_selected,AKT,0.3210467001736955,BUY,0.20173573904787262,0.20173573904787262,0.20173573904787262,3402391.0424999995,1.0,1,exclude,1,24,23,0.284402,0.011609,0.9994,ok,0.06427121241473821,0.7268514986872764,0.9999993928774009,23,0.0738255033557047,0.02370143424101108,1,500000.0,2023-01_2025-06
1,C1 Ridge,2023-04,2023-04-28,P_selected,ADI,0.21811577938639304,BUY,0.3862550344879762,0.3862550344879762,0.3862550344879762,1208116.0579999997,0.9999997800481433,1,exclude,1,24,23,0.284402,0.011609,0.9994,ok,0.06427121241473821,0.7268514986872764,0.9999993928774009,23,0.09062499999999996,0.01976674250689186,1,500000.0,2023-01_2025-06
1,C1 Ridge,2023-04,2023-04-28,P_selected,AFM,0.12995488136394545,BUY,0.13112173957780643,0.13112173957780643,0.13112173957780643,4337626.75,1.0,1,exclude,1,24,23,0.284402,0.011609,0.9994,ok,0.06427121241473821,0.7268514986872764,0.9999993928774009,23,-0.0077821011673151474,-0.0010113220339606614,1,500000.0,2023-01_2025-06
1,C1 Ridge,2023-04,2023-04-28,P_selected,CSR,0.09787144280418342,BUY,0.8120539646405889,0.8120539646405889,0.8120539646405889,3219892.3125,1.0,1,exclude,1,24,23,0.284402,0.011609,0.9994,ok,0.06427121241473821,0.7268514986872764,0.9999993928774009,23,0.027934537246049773,0.0027339934643380915,1,500000.0,2023-01_2025-06
1,C1 Ridge,2023-04,2023-04-28,P_selected,CIH,0.04655891345773531,BUY,0.3278302058279764,0.3278302058279764,0.3278302058279764,520413.36500000005,0.9869600757360814,1,exclude,1,24,23,0.284402,0.011609,0.9994,ok,0.06427121241473821,0.7268514986872764,0.9999993928774009,23,0.14631428116541945,0.006812233954411515,1,500000.0,2023-01_2025-06
1,C1 Ridge,2023-04,2023-04-28,P_selected,CMT,0.035402395348444304,BUY,0.13433048569328732,0.13433048569328732,0.13433048569328732,686211.15,0.9990699840753258,1,exclude,1,24,23,0.284402,0.011609,0.9994,ok,0.06427121241473821,0.7268514986872764,0.9999993928774009,23,0.03285543608124253,0.0011631611374936896,1,500000.0,2023-01_2025-06
1,C1 Ridge,2023-04,2023-04-28,P_selected,CMA,0.03440725353722475,BUY,0.10918168702553693,0.10918168702553693,0.10918168702553693,2487721.45,0.9999999999999998,1,exclude,1,24,23,0.284402,0.011609,0.9994,ok,0.06427121241473821,0.7268514986872764,0.9999993928774009,23,0.14113873295910184,0.004856196168846476,1,500000.0,2023-01_2025-06
1,C1 Ridge,2023-04,2023-04-28,P_selected,MSA,0.031999825812099154,BUY,0.18480605003323847,0.18480605003323847,0.18480605003323847,4869166.4375,1.0,1,exclude,1,24,23,0.284402,0.011609,0.9994,ok,0.06427121241473821,0.7268514986872764,0.9999993928774009,23,0.13025780189959302,0.004168226971453895,1,500000.0,2023-01_2025-06
1,C1 Ridge,2023-04,2023-04-28,P_selected,GAZ,0.01909562380050047,BUY,0.11642533053635515,0.11642533053635515,0.11642533053635515,2067982.95,0.9999999999997671,1,exclude,1,24,23,0.284402,0.011609,0.9994,ok,0.06427121241473821,0.7268514986872764,0.9999993928774009,23,0.038691249026227004,0.0007388335357763111,1,500000.0,2023-01_2025-06
1,C1 Ridge,2023-04,2023-04-28,P_selected,SBM,0.010015750163874858,NEUTRAL,0.07021282629882498,0.07021282629882498,0.03510641314941249,1084722.7,0.9999984160119108,1,exclude,1,24,23,0.284402,0.011609,0.9994,ok,0.06427121241473821,0.7268514986872764,0.9999993928774009,23,0.09959183673469396,0.000997486955096109,1,500000.0,2023-01_2025-06
1,C1 Ridge,2023-04,2023-04-28,P_selected,AGM,0.009432458351071479,NEUTRAL,-0.01252114859028397,-0.01252114859028397,-0.006260574295141985,763217.7,0.9997285559944294,1,exclude,1,24,23,0.284402,0.011609,0.9994,ok,0.06427121241473821,0.7268514986872764,0.9999993928774009,23,0.008695652173912993,8.202137696583847e-05,1,500000.0,2023-01_2025-06
1,C1 Ridge,2023-04,2023-04-28,P_selected,MNG,0.009220582282334595,NEUTRAL,0.0501340440384721,0.0501340440384721,0.02506702201923605,1320150.35,0.9999999633702701,1,exclude,1,24,23,0.284402,0.011609,0.9994,ok,0.06427121241473821,0.7268514986872764,0.9999993928774009,23,-0.09952809952809949,-0.0009177070311032283,1,500000.0,2023-01_2025-06
1,C1 Ridge,2023-04,2023-04-28,P_selected,LHM,0.008991614990525086,BUY,0.1397496551891368,0.1397496551891368,0.1397496551891368,8846665.1,1.0,1,exclude,1,24,23,0.284402,0.011609,0.9994,ok,0.06427121241473821,0.7268514986872764,0.9999993928774009,23,0.06912442396313367,0.0006215402067183242,1,500000.0,2023-01_2025-06
1,C1 Ridge,2023-04,2023-04-28,P_selected,IAM,0.008597998153567196,BUY,0.18465316148375732,0.18465316148375732,0.18465316148375732,9499791.6655,1.0,1,exclude,1,24,23,0.284402,0.011609,0.9994,ok,0.06427121241473821,0.7268514986872764,0.9999993928774009,23,0.11012658227848116,0.0009468681510890469,1,500000.0,2023-01_2025-06
1,C1 Ridge,2023-04,2023-04-28,P_selected,SID,0.008179770825120482,BUY,0.24433467575887974,0.24433467575887974,0.24433467575887974,703463.7849999999,0.9992941632968811,1,exclude,1,24,23,0.284402,0.011609,0.9994,ok,0.06427121241473821,0.7268514986872764,0.9999993928774009,23,0.048214285714285765,0.00039438180763973793,1,500000.0,2023-01_2025-06
1,C1 Ridge,2023-04,2023-04-28,P_selected,LBV,0.007398245601374297,NEUTRAL,0.04212263319263568,0.04212263319263568,0.02106131659631784,5734240.6,1.0,1,exclude,1,24,23,0.284402,0.011609,0.9994,ok,0.06427121241473821,0.7268514986872764,0.9999993928774009,23,0.08404966571155681,0.0006218200696475052,1,500000.0,2023-01_2025-06
1,C1 Ridge,2023-04,2023-04-28,P_selected,BCP,0.001447886049668411,BUY,0.2417090242367982,0.2417090242367982,0.2417090242367982,4885693.1899999995,1.0,1,exclude,1,24,23,0.284402,0.011609,0.9994,ok,0.06427121241473821,0.7268514986872764,0.9999993928774009,23,0.022100656455142254,3.199923216991459e-05,1,500000.0,2023-01_2025-06
1,C1 Ridge,2023-04,2023-04-28,P_selected,ATW,0.0011498642210121869,BUY,0.28227021772958016,0.28227021772958016,0.28227021772958016,19593211.035,1.0,1,exclude,1,24,23,0.284402,0.011609,0.9994,ok,0.06427121241473821,0.7268514986872764,0.9999993928774009,23,0.06848287928017993,7.874601263617572e-05,1,500000.0,2023-01_2025-06
1,C1 Ridge,2023-04,2023-04-28,P_selected,TQM,0.0003477998054024827,BUY,0.10898464749939893,0.10898464749939893,0.10898464749939893,1271501.99,0.9999999202231057,1,exclude,1,24,23,0.284402,0.011609,0.9994,ok,0.06427121241473821,0.7268514986872764,0.9999993928774009,23,0.05714285714285716,1.987427459442759e-05,1,500000.0,2023-01_2025-06
1,C1 Ridge,2023-04,2023-04-28,P_selected,MUT,0.0002777244795290552,NEUTRAL,0.029831399647424317,0.029831399647424317,0.014915699823712159,1574639.5325,0.9999999993756017,1,exclude,1,24,23,0.284402,0.011609,0.9994,ok,0.06427121241473821,0.7268514986872764,0.9999993928774009,23,0.09302325581395343,2.5834835305028376e-05,1,500000.0,2023-01_2025-06
1,C1 Ridge,2023-04,2023-04-28,P_selected,ATH,0.00025360258023830875,NEUTRAL,0.06055038169624999,0.06055038169624999,0.030275190848124994,632503.8579999999,0.9978065017507025,1,exclude,1,24,23,0.284402,0.011609,0.9994,ok,0.06427121241473821,0.7268514986872764,0.9999993928774009,23,0.06722450716210449,1.7048308471558366e-05,1,500000.0,2023-01_2025-06
1,C1 Ridge,2023-04,2023-04-28,P_selected,TGC,0.00012098808979159399,BUY,0.15650684898710798,0.15650684898710798,0.15650684898710798,737828.0700000001,0.9995925761960032,1,exclude,1,24,23,0.284402,0.011609,0.9994,ok,0.06427121241473821,0.7268514986872764,0.9999993928774009,23,0.022222222222222143,2.688624217590968e-06,1,500000.0,2023-01_2025-06
1,C1 Ridge,2023-04,2023-04-28,P_selected,ADH,0.00011229159966980574,NEUTRAL,0.008720316038457576,0.008720316038457576,0.004360158019228788,1443043.845,0.9999999948727762,1,exclude,1,24,23,0.284402,0.011609,0.9994,ok,0.06427121241473821,0.7268514986872764,0.9999993928774009,23,0.1770992366412214,1.9886756582744224e-05,1,500000.0,2023-01_2025-06
1,C1 Ridge,2023-05,2023-05-31,P_selected,AKT,0.29833224537402037,BUY,0.15935526299267636,0.15935526299267636,0.15935526299267636,4337656.9475,1.0,1,exclude,1,28,22,0.33822,0.011884,0.999,ok,0.07123195540856586,0.8752484774772835,0.9998479734777942,22,0.10282450015867961,0.0306758640118002,1,500000.0,2023-01_2025-06
1,C1 Ridge,2023-05,2023-05-31,P_selected,CMA,0.14136330081259782,BUY,0.5244991357874209,0.5244991357874209,0.5244991357874209,4442305.05,1.0,1,exclude,1,28,22,0.33822,0.011884,0.999,ok,0.07123195540856586,0.8752484774772835,0.9998479734777942,22,0.08203677510608198,0.011596989317016504,1,500000.0,2023-01_2025-06
1,C1 Ridge,2023-05,2023-05-31,P_selected,CSR,0.12065142759178699,BUY,0.6614989295529783,0.6614989295529783,0.6614989295529783,4808098.57,1.0,1,exclude,1,28,22,0.33822,0.011884,0.999,ok,0.07123195540856586,0.8752484774772835,0.9998479734777942,22,0.0652827096421742,0.007876452115388434,1,500000.0,2023-01_2025-06
1,C1 Ridge,2023-05,2023-05-31,P_selected,ADI,0.08998506982661934,BUY,0.40876635235753306,0.40876635235753306,0.40876635235753306,1961794.8165,0.9999999999987259,1,exclude,1,28,22,0.33822,0.011884,0.999,ok,0.07123195540856586,0.8752484774772835,0.9998479734777942,22,0.1683453237410073,0.01514856571181938,1,500000.0,2023-01_2025-06
1,C1 Ridge,2023-05,2023-05-31,P_selected,CDM,0.08539788120004961,BUY,0.29714502534424847,0.29714502534424847,0.29714502534424847,2111296.7199999997,0.9999999999998834,1,exclude,1,28,22,0.33822,0.011884,0.999,ok,0.07123195540856586,0.8752484774772835,0.9998479734777942,22,0.05957446808510647,0.00508753334808807,1,500000.0,2023-01_2025-06
1,C1 Ridge,2023-05,2023-05-31,P_selected,SBM,0.07982193701109945,BUY,0.43375025668787726,0.43375025668787726,0.43375025668787726,1324841.7,0.9999999660190999,1,exclude,1,28,22,0.33822,0.011884,0.999,ok,0.07123195540856586,0.8752484774772835,0.9998479734777942,22,-0.041353383458646586,-0.0033009071696319297,1,500000.0,2023-01_2025-06
1,C1 Ridge,2023-05,2023-05-31,P_selected,ATL,0.03668301117840123,BUY,0.29994051012990347,0.29994051012990347,0.29994051012990347,535671.9625,0.9897558491320383,1,exclude,1,28,22,0.33822,0.011884,0.999,ok,0.07123195540856586,0.8752484774772835,0.9998479734777942,22,-0.03943771964076537,-0.0014466943104328499,1,500000.0,2023-01_2025-06
1,C1 Ridge,2023-05,2023-05-31,P_selected,DWY,0.03003593379376485,BUY,0.3014948644522411,0.3014948644522411,0.3014948644522411,547346.64,0.9914864497483079,1,exclude,1,28,22,0.33822,0.011884,0.999,ok,0.07123195540856586,0.8752484774772835,0.9998479734777942,22,-0.01388888888888884,-0.00041716574713562143,1,500000.0,2023-01_2025-06
1,C1 Ridge,2023-05,2023-05-31,P_selected,BOA,0.028871301309401815,BUY,0.19287048444585755,0.19287048444585755,0.19287048444585755,2292785.1825,0.9999999999999936,1,exclude,1,28,22,0.33822,0.011884,0.999,ok,0.07123195540856586,0.8752484774772835,0.9998479734777942,22,0.06626506024096379,0.001913158520502528,1,500000.0,2023-01_2025-06
1,C1 Ridge,2023-05,2023-05-31,P_selected,CMT,0.022668819412332265,BUY,0.25786766070337874,0.25786766070337874,0.25786766070337874,780695.1,0.999794759246753,1,exclude,1,28,22,0.33822,0.011884,0.999,ok,0.07123195540856586,0.8752484774772835,0.9998479734777942,22,0.05882352941176472,0.00133345996543131,1,500000.0,2023-01_2025-06
1,C1 Ridge,2023-05,2023-05-31,P_selected,HPS,0.022467621954894622,NEUTRAL,0.08160690989089306,0.08160690989089306,0.04080345494544653,513894.9,0.985547335993131,1,exclude,1,28,22,0.33822,0.011884,0.999,ok,0.07123195540856586,0.8752484774772835,0.9998479734777942,22,0.05269784172661862,0.0011839951857525385,1,500000.0,2023-01_2025-06
1,C1 Ridge,2023-05,2023-05-31,P_selected,DHO,0.019817501246717235,BUY,0.19866349827394716,0.19866349827394716,0.19866349827394716,850283.1369999999,0.9999325819392528,1,exclude,1,28,22,0.33822,0.011884,0.999,ok,0.07123195540856586,0.8752484774772835,0.9998479734777942,22,0.15241635687732358,0.003020511342436459,1,500000.0,2023-01_2025-06
1,C1 Ridge,2023-05,2023-05-31,P_selected,ARD,0.009058156338522208,NEUTRAL,0.0827477071023791,0.0827477071023791,0.04137385355118955,2783074.87,1.0,1,exclude,1,28,22,0.33822,0.011884,0.999,ok,0.07123195540856586,0.8752484774772835,0.9998479734777942,22,0.0352831940575673,0.00031960068789586236,1,500000.0,2023-01_2025-06
1,C1 Ridge,2023-05,2023-05-31,P_selected,GAZ,0.004909575013546048,NEUTRAL,0.04724693825770257,0.04724693825770257,0.023623469128851285,2430464.6,0.9999999999999993,1,exclude,1,28,22,0.33822,0.011884,0.999,ok,0.07123195540856586,0.8752484774772835,0.9998479734777942,22,0.043695380774032566,0.00021452574965557066,1,500000.0,2023-01_2025-06
1,C1 Ridge,2023-05,2023-05-31,P_selected,ATW,0.002350428333805164,BUY,0.1441066659588888,0.1441066659588888,0.1441066659588888,15531869.4225,1.0,1,exclude,1,28,22,0.33822,0.011884,0.999,ok,0.07123195540856586,0.8752484774772835,0.9998479734777942,22,0.03883949461862435,9.128944862228786e-05,1,500000.0,2023-01_2025-06
1,C1 Ridge,2023-05,2023-05-31,P_selected,SNP,0.002248480016826409,BUY,0.1166064421446501,0.1166064421446501,0.1166064421446501,911006.96,0.9999744822655285,1,exclude,1,28,22,0.33822,0.011884,0.999,ok,0.07123195540856586,0.8752484774772835,0.9998479734777942,22,0.017585457419482253,3.9540549594457554e-05,1,500000.0,2023-01_2025-06
1,C1 Ridge,2023-05,2023-05-31,P_selected,BCI,0.001997654682237158,BUY,0.1587000939231631,0.1587000939231631,0.1587000939231631,792041.0599999999,0.9998288256874388,1,exclude,1,28,22,0.33822,0.011884,0.999,ok,0.07123195540856586,0.8752484774772835,0.9998479734777942,22,0.002188183807439792,4.371235628527632e-06,1,500000.0,2023-01_2025-06
1,C1 Ridge,2023-05,2023-05-31,P_selected,SID,0.0012459415420129109,BUY,0.2996524230948176,0.2996524230948176,0.2996524230948176,789052.735,0.9998204439840488,1,exclude,1,28,22,0.33822,0.011884,0.999,ok,0.07123195540856586,0.8752484774772835,0.9998479734777942,22,0.033868092691622165,4.219766363323592e-05,1,500000.0,2023-01_2025-06
1,C1 Ridge,2023-05,2023-05-31,P_selected,MSA,0.0011194227626675126,BUY,0.229970679498197,0.229970679498197,0.229970679498197,3986821.0275,1.0,1,exclude,1,28,22,0.33822,0.011884,0.999,ok,0.07123195540856586,0.8752484774772835,0.9998479734777942,22,0.012861736334405016,1.439772042016079e-05,1,500000.0,2023-01_2025-06
1,C1 Ridge,2023-05,2023-05-31,P_selected,LHM,0.0004730716916705869,BUY,0.23071614083449224,0.23071614083449224,0.23071614083449224,6990852.45,1.0,1,exclude,1,28,22,0.33822,0.011884,0.999,ok,0.07123195540856586,0.8752484774772835,0.9998479734777942,22,0.09876543209876543,4.6723130041539446e-05,1,500000.0,2023-01_2025-06
1,C1 Ridge,2023-05,2023-05-31,P_selected,TMA,0.00019294591126874997,NEUTRAL,-0.013153920807089992,-0.013153920807089992,-0.006576960403544996,657255.25,0.9985227342380372,1,exclude,1,28,22,0.33822,0.011884,0.999,ok,0.07123195540856586,0.8752484774772835,0.9998479734777942,22,-0.03703703703703709,-7.146144861805565e-06,1,500000.0,2023-01_2025-06
1,C1 Ridge,2023-05,2023-05-31,P_selected,TGC,0.00015624647355170682,BUY,0.2609547719021176,0.2609547719021176,0.2609547719021176,1231054.7525,0.9999998476181343,1,exclude,1,28,22,0.33822,0.011884,0.999,ok,0.07123195540856586,0.8752484774772835,0.9998479734777942,22,0.05776173285198549,9.025067064358506e-06,1,500000.0,2023-01_2025-06
1,C1 Ridge,2023-06,2023-06-28,P_selected,AKT,0.3884454243577643,BUY,0.46853030139790736,0.46853030139790736,0.46853030139790736,3411651.5375,1.0,1,exclude,1,29,24,0.415618,0.010563,0.9996,ok,0.08129656100265836,0.6390977868947221,0.99987144352806,24,0.15107913669064743,0.05868599936340322,1,500000.0,2023-01_2025-06
1,C1 Ridge,2023-06,2023-06-28,P_selected,ADI,0.11693900594076456,BUY,0.5826927831183135,0.5826927831183135,0.5826927831183135,5938925.788,1.0,1,exclude,1,29,24,0.415618,0.010563,0.9996,ok,0.08129656100265836,0.6390977868947221,0.99987144352806,24,0.08227770261960399,0.00962147275542633,1,500000.0,2023-01_2025-06
1,C1 Ridge,2023-06,2023-06-28,P_selected,CSR,0.0888659637630534,BUY,0.8001655271836472,0.8001655271836472,0.8001655271836472,2951938.085,1.0,1,exclude,1,29,24,0.415618,0.010563,0.9996,ok,0.08129656100265836,0.6390977868947221,0.99987144352806,24,0.10230769230769221,0.009091671677296994,1,500000.0,2023-01_2025-06
1,C1 Ridge,2023-06,2023-06-28,P_selected,CDM,0.08191362925017605,BUY,0.1650783310469468,0.1650783310469468,0.1650783310469468,1552744.55,0.9999999991136532,1,exclude,1,29,24,0.415618,0.010563,0.9996,ok,0.08129656100265836,0.6390977868947221,0.99987144352806,24,-0.004016064257028162,-0.0003289703985950886,1,500000.0,2023-01_2025-06
1,C1 Ridge,2023-06,2023-06-28,P_selected,LES,0.08113334163253283,BUY,0.31208034103487275,0.31208034103487275,0.31208034103487275,2605558.6,1.0,1,exclude,1,29,24,0.415618,0.010563,0.9996,ok,0.08129656100265836,0.6390977868947221,0.99987144352806,24,0.02544731610337969,0.0020646257910465586,1,500000.0,2023-01_2025-06
1,C1 Ridge,2023-06,2023-06-28,P_selected,CMA,0.055944408299842326,BUY,0.31749040850915383,0.31749040850915383,0.31749040850915383,4495991.85,1.0,1,exclude,1,29,24,0.415618,0.010563,0.9996,ok,0.08129656100265836,0.6390977868947221,0.99987144352806,24,-0.019607843137254943,-0.0010969491823498519,1,500000.0,2023-01_2025-06
1,C1 Ridge,2023-06,2023-06-28,P_selected,DWY,0.05355000063816955,BUY,0.20078012901811018,0.20078012901811018,0.20078012901811018,698752.775,0.9992389456200612,1,exclude,1,29,24,0.415618,0.010563,0.9996,ok,0.08129656100265836,0.6390977868947221,0.99987144352806,24,0.0028169014084507005,0.0001508450722201957,1,500000.0,2023-01_2025-06
1,C1 Ridge,2023-06,2023-06-28,P_selected,SAH,0.042974522851062236,BUY,0.22655164598990374,0.22655164598990374,0.22655164598990374,814567.125,0.9998806193449075,1,exclude,1,29,24,0.415618,0.010563,0.9996,ok,0.08129656100265836,0.6390977868947221,0.99987144352806,24,0.05499999999999994,0.0023635987568084204,1,500000.0,2023-01_2025-06
1,C1 Ridge,2023-06,2023-06-28,P_selected,SLF,0.03380650990811602,BUY,0.2343245767930464,0.2343245767930464,0.2343245767930464,541188.725,0.9906131990863436,1,exclude,1,29,24,0.415618,0.010563,0.9996,ok,0.08129656100265836,0.6390977868947221,0.99987144352806,24,0.036363636363636376,0.001229327633022401,1,500000.0,2023-01_2025-06
1,C1 Ridge,2023-06,2023-06-28,P_selected,ATL,0.022632377851223,BUY,0.25719198147248135,0.25719198147248135,0.25719198147248135,853437.7050000001,0.9999359000761471,1,exclude,1,29,24,0.415618,0.010563,0.9996,ok,0.08129656100265836,0.6390977868947221,0.99987144352806,24,-0.008130081300813052,-0.0001840030719611636,1,500000.0,2023-01_2025-06
1,C1 Ridge,2023-06,2023-06-28,P_selected,LBV,0.012115678342971956,NEUTRAL,0.03820396896166327,0.03820396896166327,0.019101984480831634,5713665.0,1.0,1,exclude,1,29,24,0.415618,0.010563,0.9996,ok,0.08129656100265836,0.6390977868947221,0.99987144352806,24,0.026086956521739202,0.0003160611741644867,1,500000.0,2023-01_2025-06
1,C1 Ridge,2023-06,2023-06-28,P_selected,CMT,0.007759134270312231,BUY,0.283906564643079,0.283906564643079,0.283906564643079,765167.1,0.9997368895744893,1,exclude,1,29,24,0.415618,0.010563,0.9996,ok,0.08129656100265836,0.6390977868947221,0.99987144352806,24,0.11388888888888893,0.00088367918078556,1,500000.0,2023-01_2025-06
1,C1 Ridge,2023-06,2023-06-28,P_selected,TGC,0.0051397024133403,BUY,0.15894841984557934,0.15894841984557934,0.15894841984557934,7693227.525,1.0,1,exclude,1,29,24,0.415618,0.010563,0.9996,ok,0.08129656100265836,0.6390977868947221,0.99987144352806,24,0.03344709897610931,0.0001719081353267409,1,500000.0,2023-01_2025-06
1,C1 Ridge,2023-06,2023-06-28,P_selected,DHO,0.0029858280376218274,NEUTRAL,-0.051570135103589626,-0.051570135103589626,-0.025785067551794813,1658773.8290000001,0.9999999998375062,1,exclude,1,29,24,0.415618,0.010563,0.9996,ok,0.08129656100265836,0.6390977868947221,0.99987144352806,24,0.07645161290322577,0.00022827136932786218,1,500000.0,2023-01_2025-06
1,C1 Ridge,2023-06,2023-06-28,P_selected,JET,0.0016418600736196067,NEUTRAL,-0.04322188489887302,-0.04322188489887302,-0.02161094244943651,652693.1,0.9984110467564967,1,exclude,1,29,24,0.415618,0.010563,0.9996,ok,0.08129656100265836,0.6390977868947221,0.99987144352806,24,0.10906976744186037,0.00017907729640176623,1,500000.0,2023-01_2025-06
1,C1 Ridge,2023-06,2023-06-28,P_selected,LHM,0.001578860433785663,NEUTRAL,0.042312177247443,0.042312177247443,0.0211560886237215,11847597.7,1.0,1,exclude,1,29,24,0.415618,0.010563,0.9996,ok,0.08129656100265836,0.6390977868947221,0.99987144352806,24,0.008426966292134797,1.3305003655497106e-05,1,500000.0,2023-01_2025-06
1,C1 Ridge,2023-06,2023-06-28,P_selected,SBM,0.0007109931999224694,BUY,0.13157433561021137,0.13157433561021137,0.13157433561021137,623495.0,0.9974672660492686,1,exclude,1,29,24,0.415618,0.010563,0.9996,ok,0.08129656100265836,0.6390977868947221,0.99987144352806,24,0.11764705882352944,8.364625881440818e-05,1,500000.0,2023-01_2025-06
1,C1 Ridge,2023-06,2023-06-28,P_selected,BCP,0.0007025957391627424,NEUTRAL,0.028626152647077102,0.028626152647077102,0.014313076323538551,19701190.240000002,1.0,1,exclude,1,29,24,0.415618,0.010563,0.9996,ok,0.08129656100265836,0.6390977868947221,0.99987144352806,24,-0.006439393939393856,-4.52429074460851e-06,1,500000.0,2023-01_2025-06
1,C1 Ridge,2023-06,2023-06-28,P_selected,TMA,0.00028822037983791335,NEUTRAL,-0.07390551830633812,-0.07390551830633812,-0.03695275915316906,1448614.7,0.9999999953100092,1,exclude,1,29,24,0.415618,0.010563,0.9996,ok,0.08129656100265836,0.6390977868947221,0.99987144352806,24,-0.0024291497975708065,-7.001304773390482e-07,1,500000.0,2023-01_2025-06
1,C1 Ridge,2023-06,2023-06-28,P_selected,ATW,0.00020655889165556261,NEUTRAL,0.04211538791966177,0.04211538791966177,0.021057693959830884,14421475.765,1.0,1,exclude,1,29,24,0.415618,0.010563,0.9996,ok,0.08129656100265836,0.6390977868947221,0.99987144352806,24,0.024774774774774855,5.117450018493685e-06,1,500000.0,2023-01_2025-06
1,C1 Ridge,2023-06,2023-06-28,P_selected,MUT,0.00017302950172771477,BUY,0.09610515797479341,0.09610515797479341,0.09610515797479341,1311488.7449999999,0.9999999579253309,1,exclude,1,29,24,0.415618,0.010563,0.9996,ok,0.08129656100265836,0.6390977868947221,0.99987144352806,24,0.06465517241379315,1.1187252266878117e-05,1,500000.0,2023-01_2025-06
1,C1 Ridge,2023-06,2023-06-28,P_selected,CIH,0.00013484340953886985,BUY,0.15301777649013476,0.15301777649013476,0.15301777649013476,1963144.47,0.999999999998753,1,exclude,1,29,24,0.415618,0.010563,0.9996,ok,0.08129656100265836,0.6390977868947221,0.99987144352806,24,-0.010317675807765436,-1.3912705844358045e-06,1,500000.0,2023-01_2025-06
1,C1 Ridge,2023-06,2023-06-28,P_selected,GAZ,0.00011640842086344982,NEUTRAL,-0.04763184152850469,-0.04763184152850469,-0.023815920764252346,4302162.3,1.0,1,exclude,1,29,24,0.415618,0.010563,0.9996,ok,0.08129656100265836,0.6390977868947221,0.99987144352806,24,0.07655502392344493,8.911649444091846e-06,1,500000.0,2023-01_2025-06
1,C1 Ridge,2023-06,2023-06-28,P_selected,IAM,0.00011254592099531754,BUY,0.3265982328168121,0.3265982328168121,0.3265982328168121,44771855.795,1.0,1,exclude,1,29,24,0.415618,0.010563,0.9996,ok,0.08129656100265836,0.6390977868947221,0.99987144352806,24,0.15368421052631565,1.729653101612247e-05,1,500000.0,2023-01_2025-06
1,C1 Ridge,2023-07,2023-07-31,P_selected,AKT,0.38812710315973964,BUY,0.773267888220872,0.773267888220872,0.773267888220872,6380450.305,1.0,1,exclude,1,33,24,0.586788,0.010073,0.9981,ok,0.0195074248724858,0.8267522773558806,0.9998950369231374,24,0.022474685107434,0.008723034425175701,1,500000.0,2023-01_2025-06
1,C1 Ridge,2023-07,2023-07-31,P_selected,ADI,0.1533584053589683,BUY,1.2430949332337462,1.2430949332337462,1.2430949332337462,4485967.051000001,1.0,1,exclude,1,33,24,0.586788,0.010073,0.9981,ok,0.0195074248724858,0.8267522773558806,0.9998950369231374,24,0.10344827586206895,0.015864662623341547,1,500000.0,2023-01_2025-06
1,C1 Ridge,2023-07,2023-07-31,P_selected,SOT,0.07694253980356086,BUY,0.2559308623140895,0.2559308623140895,0.2559308623140895,558011.45,0.992812391403546,1,exclude,1,33,24,0.586788,0.010073,0.9981,ok,0.0195074248724858,0.8267522773558806,0.9998950369231374,24,-0.04503753127606336,-0.0034653020428626223,1,500000.0,2023-01_2025-06
1,C1 Ridge,2023-07,2023-07-31,P_selected,MIC,0.07004158908997286,BUY,0.26989123376694946,0.26989123376694946,0.26989123376694946,535064.25,0.9896567906092791,1,exclude,1,33,24,0.586788,0.010073,0.9981,ok,0.0195074248724858,0.8267522773558806,0.9998950369231374,24,-0.011194029850746245,-0.0007840476390668587,1,500000.0,2023-01_2025-06
1,C1 Ridge,2023-07,2023-07-31,P_selected,EQD,0.06682289312954046,BUY,0.22718663039664286,0.22718663039664286,0.22718663039664286,564841.2,0.9935516335702447,1,exclude,1,33,24,0.586788,0.010073,0.9981,ok,0.0195074248724858,0.8267522773558806,0.9998950369231374,24,0.044074436826640584,0.002945181381811286,1,500000.0,2023-01_2025-06
1,C1 Ridge,2023-07,2023-07-31,P_selected,GAZ,0.040396276573894954,NEUTRAL,0.08773477882221878,0.08773477882221878,0.04386738941110939,1530669.3,0.9999999987381776,1,exclude,1,33,24,0.586788,0.010073,0.9981,ok,0.0195074248724858,0.8267522773558806,0.9998950369231374,24,-0.022222222222222254,-0.0008976950349754447,1,500000.0,2023-01_2025-06
1,C1 Ridge,2023-07,2023-07-31,P_selected,CMT,0.032783556606489586,NEUTRAL,0.04670156119529905,0.04670156119529905,0.023350780597649525,2255001.7,0.9999999999999882,1,exclude,1,33,24,0.586788,0.010073,0.9981,ok,0.0195074248724858,0.8267522773558806,0.9998950369231374,24,-0.007492507492507516,-0.0002456310435051675,1,500000.0,2023-01_2025-06
1,C1 Ridge,2023-07,2023-07-31,P_selected,CMA,0.030659645257531936,BUY,0.2156261395684724,0.2156261395684724,0.2156261395684724,2032144.5,0.9999999999995866,1,exclude,1,33,24,0.586788,0.010073,0.9981,ok,0.0195074248724858,0.8267522773558806,0.9998950369231374,24,-0.032471835652750136,-0.000995574961974197,1,500000.0,2023-01_2025-06
1,C1 Ridge,2023-07,2023-07-31,P_selected,TMA,0.028353040840134788,BUY,0.2823933298413242,0.2823933298413242,0.2823933298413242,894651.2,0.9999668494864936,1,exclude,1,33,24,0.586788,0.010073,0.9981,ok,0.0195074248724858,0.8267522773558806,0.9998950369231374,24,-0.06396255850234012,-0.0018135330334563598,1,500000.0,2023-01_2025-06
1,C1 Ridge,2023-07,2023-07-31,P_selected,CIH,0.02812932935255475,BUY,0.2876729971636845,0.2876729971636845,0.2876729971636845,1337855.95,0.9999999724067657,1,exclude,1,33,24,0.586788,0.010073,0.9981,ok,0.0195074248724858,0.8267522773558806,0.9998950369231374,24,0.016124661246612382,0.00045357590690433576,1,500000.0,2023-01_2025-06
1,C1 Ridge,2023-07,2023-07-31,P_selected,RIS,0.02708525585209721,BUY,0.10214360636598205,0.10214360636598205,0.10214360636598205,895160.8149999998,0.9999671186826061,1,exclude,1,33,24,0.586788,0.010073,0.9981,ok,0.0195074248724858,0.8267522773558806,0.9998950369231374,24,0.11512648425400118,0.003118230281372063,1,500000.0,2023-01_2025-06
1,C1 Ridge,2023-07,2023-07-31,P_selected,ATL,0.020835472424262726,BUY,0.12989849906528064,0.12989849906528064,0.12989849906528064,546552.23,0.9913784860220385,1,exclude,1,33,24,0.586788,0.010073,0.9981,ok,0.0195074248724858,0.8267522773558806,0.9998950369231374,24,0.0,0.0,1,500000.0,2023-01_2025-06
1,C1 Ridge,2023-07,2023-07-31,P_selected,LBV,0.013012802289690529,BUY,0.15368826923833862,0.15368826923833862,0.15368826923833862,2436478.15,0.9999999999999993,1,exclude,1,33,24,0.586788,0.010073,0.9981,ok,0.0195074248724858,0.8267522773558806,0.9998950369231374,24,-0.0527291452111226,-0.0006861539415367206,1,500000.0,2023-01_2025-06
1,C1 Ridge,2023-07,2023-07-31,P_selected,DHO,0.006018049297280733,NEUTRAL,0.04029658445035204,0.04029658445035204,0.02014829222517602,1528675.736,0.9999999986972805,1,exclude,1,33,24,0.586788,0.010073,0.9981,ok,0.0195074248724858,0.8267522773558806,0.9998950369231374,24,-0.06598373003916835,-0.0003970933401941787,1,500000.0,2023-01_2025-06
1,C1 Ridge,2023-07,2023-07-31,P_selected,SBM,0.005407990420903469,NEUTRAL,0.005254026928738907,0.005254026928738907,0.0026270134643694536,1043809.95,0.99999695180897,1,exclude,1,33,24,0.586788,0.010073,0.9981,ok,0.0195074248724858,0.8267522773558806,0.9998950369231374,24,0.0,0.0,1,500000.0,2023-01_2025-06
1,C1 Ridge,2023-07,2023-07-31,P_selected,CSR,0.004575349706980967,BUY,0.9878061438323912,0.9878061438323912,0.9878061438323912,1551664.3000000003,0.9999999990982005,1,exclude,1,33,24,0.586788,0.010073,0.9981,ok,0.0195074248724858,0.8267522773558806,0.9998950369231374,24,-0.07572637840311147,-0.0003464746632374059,1,500000.0,2023-01_2025-06
1,C1 Ridge,2023-07,2023-07-31,P_selected,ATH,0.0037931792548322168,BUY,0.3522520860787299,0.3522520860787299,0.3522520860787299,764456.9664999999,0.999733883830103,1,exclude,1,33,24,0.586788,0.010073,0.9981,ok,0.0195074248724858,0.8267522773558806,0.9998950369231374,24,-0.05063291139240511,-0.00019205970910542887,1,500000.0,2023-01_2025-06
1,C1 Ridge,2023-07,2023-07-31,P_selected,TGC,0.0007672846829311253,BUY,0.16238884019317287,0.16238884019317287,0.16238884019317287,2521328.0025,0.9999999999999998,1,exclude,1,33,24,0.586788,0.010073,0.9981,ok,0.0195074248724858,0.8267522773558806,0.9998950369231374,24,-0.030526668903052778,-2.3422645470222292e-05,1,500000.0,2023-01_2025-06
1,C1 Ridge,2023-07,2023-07-31,P_selected,MUT,0.0007577794073956094,BUY,0.310733832350173,0.310733832350173,0.310733832350173,2526895.7175000003,0.9999999999999998,1,exclude,1,33,24,0.586788,0.010073,0.9981,ok,0.0195074248724858,0.8267522773558806,0.9998950369231374,24,-0.028340080971659964,-2.1475529764248074e-05,1,500000.0,2023-01_2025-06
1,C1 Ridge,2023-07,2023-07-31,P_selected,IAM,0.00044604337043460364,NEUTRAL,-0.04116138623344064,-0.04116138623344064,-0.02058069311672032,9461099.1035,1.0,1,exclude,1,33,24,0.586788,0.010073,0.9981,ok,0.0195074248724858,0.8267522773558806,0.9998950369231374,24,-0.040723981900452455,-1.816466214439561e-05,1,500000.0,2023-01_2025-06
1,C1 Ridge,2023-07,2023-07-31,P_selected,BOA,0.000425623016465161,BUY,0.11634735195541371,0.11634735195541371,0.11634735195541371,3190740.0575,1.0,1,exclude,1,33,24,0.586788,0.010073,0.9981,ok,0.0195074248724858,0.8267522773558806,0.9998950369231374,24,-0.0027917364600781314,-1.1882272933142248e-06,1,500000.0,2023-01_2025-06
1,C1 Ridge,2023-07,2023-07-31,P_selected,ATW,0.0004241571867715291,BUY,0.20875878021141467,0.20875878021141467,0.20875878021141467,12572968.372499999,1.0,1,exclude,1,33,24,0.586788,0.010073,0.9981,ok,0.0195074248724858,0.8267522773558806,0.9998950369231374,24,-0.004565217391304444,-1.936369765696152e-06,1,500000.0,2023-01_2025-06
1,C1 Ridge,2023-07,2023-07-31,P_selected,RDS,0.00037593966347730385,BUY,0.6852688137715113,0.6852688137715113,0.6852688137715113,681112.59,0.9989910155346685,1,exclude,1,33,24,0.586788,0.010073,0.9981,ok,0.0195074248724858,0.8267522773558806,0.9998950369231374,24,-0.10326659641728142,-3.8822009505559326e-05,1,500000.0,2023-01_2025-06
1,C1 Ridge,2023-07,2023-07-31,P_selected,ARD,0.00035573117722594776,BUY,0.268718907600093,0.268718907600093,0.268718907600093,934669.3525,0.9999825247875991,1,exclude,1,33,24,0.586788,0.010073,0.9981,ok,0.0195074248724858,0.8267522773558806,0.9998950369231374,24,-0.03679653679653683,-1.308967535246995e-05,1,500000.0,2023-01_2025-06
1,C1 Ridge,2023-08,2023-08-31,P_selected,AKT,0.4,BUY,0.8539653728754693,0.8539653728754693,0.8539653728754693,5632801.665,1.0,1,exclude,1,30,22,0.573759,0.010145,0.9995,ok,0.07099676086958384,0.7447050411895414,0.9998904622777758,22,0.15393880992531916,0.061575523970127666,1,500000.0,2023-01_2025-06
1,C1 Ridge,2023-08,2023-08-31,P_selected,ADI,0.1087798269012489,BUY,0.9474175969650296,0.9474175969650296,0.9474175969650296,3926191.3200000003,1.0,1,exclude,1,30,22,0.573759,0.010145,0.9995,ok,0.07099676086958384,0.7447050411895414,0.9998904622777758,22,0.20947368421052648,0.022786511108787946,1,500000.0,2023-01_2025-06
1,C1 Ridge,2023-08,2023-08-31,P_selected,SAH,0.08020032328011872,BUY,0.3675844384612584,0.3675844384612584,0.3675844384612584,719711.1,0.9994556521558494,1,exclude,1,30,22,0.573759,0.010145,0.9995,ok,0.07099676086958384,0.7447050411895414,0.9998904622777758,22,0.0,0.0,1,500000.0,2023-01_2025-06
1,C1 Ridge,2023-08,2023-08-31,P_selected,DWY,0.06215146584041976,BUY,0.2186604794802032,0.2186604794802032,0.2186604794802032,636558.115,0.9979439897925694,1,exclude,1,30,22,0.573759,0.010145,0.9995,ok,0.07099676086958384,0.7447050411895414,0.9998904622777758,22,-0.014104372355430161,-0.0008766074166490785,1,500000.0,2023-01_2025-06
1,C1 Ridge,2023-08,2023-08-31,P_selected,CMA,0.05835259162973534,NEUTRAL,-0.03827129759593,-0.03827129759593,-0.019135648797965,2339678.7,0.9999999999999969,1,exclude,1,30,22,0.573759,0.010145,0.9995,ok,0.07099676086958384,0.7447050411895414,0.9998904622777758,22,0.020547945205479534,0.0011990258554055255,1,500000.0,2023-01_2025-06
1,C1 Ridge,2023-08,2023-08-31,P_selected,JET,0.0540288186128507,BUY,0.4399633859883011,0.4399633859883011,0.4399633859883011,1309289.895,0.99999995641873,1,exclude,1,30,22,0.573759,0.010145,0.9995,ok,0.07099676086958384,0.7447050411895414,0.9998904622777758,22,-0.072039072039072,-0.003892185956237106,1,500000.0,2023-01_2025-06
1,C1 Ridge,2023-08,2023-08-31,P_selected,MNG,0.047094682113014937,BUY,0.11073278287085414,0.11073278287085414,0.11073278287085414,743997.85,0.9996308600834183,1,exclude,1,30,22,0.573759,0.010145,0.9995,ok,0.07099676086958384,0.7447050411895414,0.9998904622777758,22,-0.0776536312849162,-0.0036570730802844,1,500000.0,2023-01_2025-06
1,C1 Ridge,2023-08,2023-08-31,P_selected,LBV,0.04685637776227445,NEUTRAL,0.0689101486126879,0.0689101486126879,0.03445507430634395,2625726.45,1.0,1,exclude,1,30,22,0.573759,0.010145,0.9995,ok,0.07099676086958384,0.7447050411895414,0.9998904622777758,22,0.0006525995214270441,3.05784497034651e-05,1,500000.0,2023-01_2025-06
1,C1 Ridge,2023-08,2023-08-31,P_selected,RIS,0.040682654179659716,BUY,0.3300835165932268,0.3300835165932268,0.3300835165932268,2178454.9825,0.9999999999999603,1,exclude,1,30,22,0.573759,0.010145,0.9995,ok,0.07099676086958384,0.7447050411895414,0.9998904622777758,22,-0.009433962264150941,-0.00038379862433641235,1,500000.0,2023-01_2025-06
1,C1 Ridge,2023-08,2023-08-31,P_selected,CSR,0.028186722273293042,BUY,0.9425296248596045,0.9425296248596045,0.9425296248596045,1371796.12,0.9999999839689431,1,exclude,1,30,22,0.573759,0.010145,0.9995,ok,0.07099676086958384,0.7447050411895414,0.9998904622777758,22,-0.0478515625,-0.001348778702530624,1,500000.0,2023-01_2025-06
1,C1 Ridge,2023-08,2023-08-31,P_selected,GAZ,0.01996307540065611,BUY,0.274115867810213,0.274115867810213,0.274115867810213,1221689.0,0.9999998229837281,1,exclude,1,30,22,0.573759,0.010145,0.9995,ok,0.07099676086958384,0.7447050411895414,0.9998904622777758,22,-0.045454545454545414,-0.0009074125182116405,1,500000.0,2023-01_2025-06
1,C1 Ridge,2023-08,2023-08-31,P_selected,TMA,0.016886956892573923,BUY,0.15886116876385747,0.15886116876385747,0.15886116876385747,557299.95,0.9927306983541194,1,exclude,1,30,22,0.573759,0.010145,0.9995,ok,0.07099676086958384,0.7447050411895414,0.9998904622777758,22,-0.04006677796327207,-0.0006766059522901063,1,500000.0,2023-01_2025-06
1,C1 Ridge,2023-08,2023-08-31,P_selected,CMT,0.014675185231705856,BUY,0.16103078240916813,0.16103078240916813,0.16103078240916813,557922.65,0.9928022455479221,1,exclude,1,30,22,0.573759,0.010145,0.9995,ok,0.07099676086958384,0.7447050411895414,0.9998904622777758,22,-0.06988436400201103,-0.0010255659865294688,1,500000.0,2023-01_2025-06
1,C1 Ridge,2023-08,2023-08-31,P_selected,LES,0.007387708865158493,BUY,0.14795780473096243,0.14795780473096243,0.14795780473096243,3862276.2449999996,1.0,1,exclude,1,30,22,0.573759,0.010145,0.9995,ok,0.07099676086958384,0.7447050411895414,0.9998904622777758,22,0.095617529880478,0.0007063944731625644,1,500000.0,2023-01_2025-06
1,C1 Ridge,2023-08,2023-08-31,P_selected,TQM,0.004653777635676918,BUY,0.5096710505331951,0.5096710505331951,0.5096710505331951,506317.4,0.9837147856180503,1,exclude,1,30,22,0.573759,0.010145,0.9995,ok,0.07099676086958384,0.7447050411895414,0.9998904622777758,22,-0.05727272727272725,-0.00026653453731604156,1,500000.0,2023-01_2025-06
1,C1 Ridge,2023-08,2023-08-31,P_selected,MUT,0.0038391701175918215,BUY,0.10352634457858156,0.10352634457858156,0.10352634457858156,918897.5449999999,0.9999775087274692,1,exclude,1,30,22,0.573759,0.010145,0.9995,ok,0.07099676086958384,0.7447050411895414,0.9998904622777758,22,0.02114164904862581,8.116638726409777e-05,1,500000.0,2023-01_2025-06
1,C1 Ridge,2023-08,2023-08-31,P_selected,TGC,0.002003638181762261,BUY,0.17258438966320525,0.17258438966320525,0.17258438966320525,659414.665,0.9985728314434288,1,exclude,1,30,22,0.573759,0.010145,0.9995,ok,0.07099676086958384,0.7447050411895414,0.9998904622777758,22,0.0714285714285714,0.00014311701298301858,1,500000.0,2023-01_2025-06
1,C1 Ridge,2023-08,2023-08-31,P_selected,ADH,0.0015491935050300249,BUY,0.6915555333035891,0.6915555333035891,0.6915555333035891,2000368.958,0.9999999999993125,1,exclude,1,30,22,0.573759,0.010145,0.9995,ok,0.07099676086958384,0.7447050411895414,0.9998904622777758,22,0.3451400329489289,0.0005346886973703295,1,500000.0,2023-01_2025-06
1,C1 Ridge,2023-08,2023-08-31,P_selected,EQD,0.0010761060619766225,BUY,0.09264373445781346,0.09264373445781346,0.09264373445781346,717785.45,0.9994386290991296,1,exclude,1,30,22,0.573759,0.010145,0.9995,ok,0.07099676086958384,0.7447050411895414,0.9998904622777758,22,0.031894934333958735,3.43223321831193e-05,1,500000.0,2023-01_2025-06
1,C1 Ridge,2023-08,2023-08-31,P_selected,ATH,0.0008229385915635752,NEUTRAL,0.0734162140771498,0.0734162140771498,0.0367081070385749,813922.7579999999,0.9998793823283061,1,exclude,1,30,22,0.573759,0.010145,0.9995,ok,0.07099676086958384,0.7447050411895414,0.9998904622777758,22,-0.05533488563210531,-4.553721284641626e-05,1,500000.0,2023-01_2025-06
1,C1 Ridge,2023-08,2023-08-31,P_selected,ATW,0.0003509195695938712,NEUTRAL,0.07477726260155845,0.07477726260155845,0.037388631300779226,15413165.304999998,1.0,1,exclude,1,30,22,0.573759,0.010145,0.9995,ok,0.07099676086958384,0.7447050411895414,0.9998904622777758,22,0.00219780219780219,7.712518013052086e-07,1,500000.0,2023-01_2025-06
1,C1 Ridge,2023-08,2023-08-31,P_selected,SNP,0.0003483296318707352,BUY,0.2215798507219933,0.2215798507219933,0.2215798507219933,521857.495,0.9872541266536463,1,exclude,1,30,22,0.573759,0.010145,0.9995,ok,0.07099676086958384,0.7447050411895414,0.9998904622777758,22,-0.15591397849462363,-5.430945873253397e-05,1,500000.0,2023-01_2025-06
1,C1 Ridge,2023-09,2023-09-27,P_selected,AKT,0.31219340784960226,BUY,0.4082063177312502,0.4082063177312502,0.4082063177312502,8180759.1375,1.0,1,exclude,1,33,24,0.384341,0.011134,0.9996,ok,0.039088819773037686,0.8599962469606145,0.9998093510804282,24,0.05427974947807934,0.016945779966784258,1,500000.0,2023-01_2025-06
1,C1 Ridge,2023-09,2023-09-27,P_selected,ADI,0.10298382390728329,BUY,0.6985333938192863,0.6985333938192863,0.6985333938192863,12172992.123,1.0,1,exclude,1,33,24,0.384341,0.011134,0.9996,ok,0.039088819773037686,0.8599962469606145,0.9998093510804282,24,-0.0013636363636364557,-0.0001404324871463049,1,500000.0,2023-01_2025-06
1,C1 Ridge,2023-09,2023-09-27,P_selected,CSR,0.08875252221588543,BUY,0.9139446357331027,0.9139446357331027,0.9139446357331027,3045668.365,1.0,1,exclude,1,33,24,0.384341,0.011134,0.9996,ok,0.039088819773037686,0.8599962469606145,0.9998093510804282,24,0.03589743589743599,0.003185987976980511,1,500000.0,2023-01_2025-06
1,C1 Ridge,2023-09,2023-09-27,P_selected,CDM,0.081540454596878,BUY,0.09466276386483588,0.09466276386483588,0.09466276386483588,1013687.75,0.9999950642648803,1,exclude,1,33,24,0.384341,0.011134,0.9996,ok,0.039088819773037686,0.8599962469606145,0.9998093510804282,24,0.08571428571428563,0.006989181822589536,1,500000.0,2023-01_2025-06
1,C1 Ridge,2023-09,2023-09-27,P_selected,SOT,0.06697432923515122,NEUTRAL,0.07756595120523746,0.07756595120523746,0.03878297560261873,724950.345,0.9994994015342568,1,exclude,1,33,24,0.384341,0.011134,0.9996,ok,0.039088819773037686,0.8599962469606145,0.9998093510804282,24,0.03003003003003002,0.0020112411181727086,1,500000.0,2023-01_2025-06
1,C1 Ridge,2023-09,2023-09-27,P_selected,LES,0.05677776698697637,BUY,0.11772724092281334,0.11772724092281334,0.11772724092281334,2002314.6675,0.9999999999993336,1,exclude,1,33,24,0.384341,0.011134,0.9996,ok,0.039088819773037686,0.8599962469606145,0.9998093510804282,24,0.009090909090909038,0.0005161615180634186,1,500000.0,2023-01_2025-06
1,C1 Ridge,2023-09,2023-09-27,P_selected,EQD,0.051289412400778445,BUY,0.3138014944284478,0.3138014944284478,0.3138014944284478,1062536.95,0.9999977410116079,1,exclude,1,33,24,0.384341,0.011134,0.9996,ok,0.039088819773037686,0.8599962469606145,0.9998093510804282,24,0.009090909090909038,0.0004662673854616195,1,500000.0,2023-01_2025-06
1,C1 Ridge,2023-09,2023-09-27,P_selected,RIS,0.043807649356947545,BUY,0.5480219618462077,0.5480219618462077,0.5480219618462077,3183156.9175,1.0,1,exclude,1,33,24,0.384341,0.011134,0.9996,ok,0.039088819773037686,0.8599962469606145,0.9998093510804282,24,0.05142857142857138,0.002252964824071586,1,500000.0,2023-01_2025-06
1,C1 Ridge,2023-09,2023-09-27,P_selected,TGC,0.037687405553476196,BUY,0.24304595870625997,0.24304595870625997,0.24304595870625997,4125233.915,1.0,1,exclude,1,33,24,0.384341,0.011134,0.9996,ok,0.039088819773037686,0.8599962469606145,0.9998093510804282,24,0.11764705882352944,0.004433812418056024,1,500000.0,2023-01_2025-06
1,C1 Ridge,2023-09,2023-09-27,P_selected,MNG,0.03248382144767342,BUY,0.14955909571472814,0.14955909571472814,0.14955909571472814,1577103.25,0.9999999993997362,1,exclude,1,33,24,0.384341,0.011134,0.9996,ok,0.039088819773037686,0.8599962469606145,0.9998093510804282,24,0.029073288915808515,0.0009444115260377466,1,500000.0,2023-01_2025-06
1,C1 Ridge,2023-09,2023-09-27,P_selected,ATL,0.031311747048639336,BUY,0.1628586809053489,0.1628586809053489,0.1628586809053489,1336113.415,0.999999971626626,1,exclude,1,33,24,0.384341,0.011134,0.9996,ok,0.039088819773037686,0.8599962469606145,0.9998093510804282,24,-0.029911075181891733,-0.0009365680200482278,1,500000.0,2023-01_2025-06
1,C1 Ridge,2023-09,2023-09-27,P_selected,SBM,0.028799001468394998,BUY,0.1958826287548893,0.1958826287548893,0.1958826287548893,536780.2,0.9899340830464087,1,exclude,1,33,24,0.384341,0.011134,0.9996,ok,0.039088819773037686,0.8599962469606145,0.9998093510804282,24,-0.05555555555555558,-0.001599944526021945,1,500000.0,2023-01_2025-06
1,C1 Ridge,2023-09,2023-09-27,P_selected,JET,0.017003262478416988,BUY,0.46232741798752036,0.46232741798752036,0.46232741798752036,1171576.085,0.9999996053307462,1,exclude,1,33,24,0.384341,0.011134,0.9996,ok,0.039088819773037686,0.8599962469606145,0.9998093510804282,24,0.09649122807017552,0.0016406656777419914,1,500000.0,2023-01_2025-06
1,C1 Ridge,2023-09,2023-09-27,P_selected,CMA,0.01635203032243869,BUY,0.12552602319746836,0.12552602319746836,0.12552602319746836,2491748.75,0.9999999999999998,1,exclude,1,33,24,0.384341,0.011134,0.9996,ok,0.039088819773037686,0.8599962469606145,0.9998093510804282,24,0.10810810810810811,0.0017677870618852639,1,500000.0,2023-01_2025-06
1,C1 Ridge,2023-09,2023-09-27,P_selected,RDS,0.014074737290757847,BUY,0.4598641844006742,0.4598641844006742,0.4598641844006742,1954963.0844999999,0.9999999999985787,1,exclude,1,33,24,0.384341,0.011134,0.9996,ok,0.039088819773037686,0.8599962469606145,0.9998093510804282,24,-0.01041666666666663,-0.00014661184677872705,1,500000.0,2023-01_2025-06
1,C1 Ridge,2023-09,2023-09-27,P_selected,DHO,0.00757827857561588,BUY,0.21700720871222276,0.21700720871222276,0.21700720871222276,581665.9195000001,0.9950659787091841,1,exclude,1,33,24,0.384341,0.011134,0.9996,ok,0.039088819773037686,0.8599962469606145,0.9998093510804282,24,0.07215299913068685,0.0005467955274785154,1,500000.0,2023-01_2025-06
1,C1 Ridge,2023-09,2023-09-27,P_selected,CMT,0.004335979346786124,BUY,0.1340200913657943,0.1340200913657943,0.1340200913657943,1098404.15,0.999998727424391,1,exclude,1,33,24,0.384341,0.011134,0.9996,ok,0.039088819773037686,0.8599962469606145,0.9998093510804282,24,-0.0562162162162162,-0.00024375235246797665,1,500000.0,2023-01_2025-06
1,C1 Ridge,2023-09,2023-09-27,P_selected,LBV,0.003317019367840294,NEUTRAL,0.029505824246277162,0.029505824246277162,0.014752912123138581,2663585.35,1.0,1,exclude,1,33,24,0.384341,0.011134,0.9996,ok,0.039088819773037686,0.8599962469606145,0.9998093510804282,24,-0.0354347826086957,-0.00011753786020825406,1,500000.0,2023-01_2025-06
1,C1 Ridge,2023-09,2023-09-27,P_selected,ADH,0.0007825181144600225,BUY,0.3768001782787842,0.3768001782787842,0.3768001782787842,29831905.613000005,1.0,1,exclude,1,33,24,0.384341,0.011134,0.9996,ok,0.039088819773037686,0.8599962469606145,0.9998093510804282,24,-0.05572565829761167,-4.360633705809059e-05,1,500000.0,2023-01_2025-06
1,C1 Ridge,2023-09,2023-09-27,P_selected,ATH,0.0006069127924080819,BUY,0.19899561406332714,0.19899561406332714,0.19899561406332714,1294029.0924999998,0.9999999443656786,1,exclude,1,33,24,0.384341,0.011134,0.9996,ok,0.039088819773037686,0.8599962469606145,0.9998093510804282,24,-0.006814557053791526,-4.135841850540806e-06,1,500000.0,2023-01_2025-06
1,C1 Ridge,2023-09,2023-09-27,P_selected,BOA,0.00048687223477197515,BUY,0.22065303681789186,0.22065303681789186,0.22065303681789186,2541056.5375,0.9999999999999998,1,exclude,1,33,24,0.384341,0.011134,0.9996,ok,0.039088819773037686,0.8599962469606145,0.9998093510804282,24,-0.02452316076294281,-1.193964608432638e-05,1,500000.0,2023-01_2025-06
1,C1 Ridge,2023-09,2023-09-27,P_selected,TQM,0.00030392221022300153,BUY,0.22898219416632035,0.22898219416632035,0.22898219416632035,1640365.95,0.9999999997818536,1,exclude,1,33,24,0.384341,0.011134,0.9996,ok,0.039088819773037686,0.8599962469606145,0.9998093510804282,24,-0.06173913043478263,-1.876389297898532e-05,1,500000.0,2023-01_2025-06
1,C1 Ridge,2023-09,2023-09-27,P_selected,BCI,0.00021422047921037079,NEUTRAL,0.07354892694889067,0.07354892694889067,0.03677446347444534,2974051.2199999997,1.0,1,exclude,1,33,24,0.384341,0.011134,0.9996,ok,0.039088819773037686,0.8599962469606145,0.9998093510804282,24,-0.06082289803220031,-1.302951036342147e-05,1,500000.0,2023-01_2025-06
1,C1 Ridge,2023-09,2023-09-27,P_selected,SNP,0.0001522557998124192,BUY,0.4029815772688654,0.4029815772688654,0.4029815772688654,856346.71,0.9999388150030802,1,exclude,1,33,24,0.384341,0.011134,0.9996,ok,0.039088819773037686,0.8599962469606145,0.9998093510804282,24,0.047770700636942776,7.273366233077365e-06,1,500000.0,2023-01_2025-06
1,C1 Ridge,2023-10,2023-10-31,P_selected,AKT,0.27929076301332445,BUY,0.3768902885752437,0.3768902885752437,0.3768902885752437,8463698.025,1.0,1,exclude,1,31,28,0.370086,0.012169,0.9999,ok,-0.02123102784054609,0.829046938901502,0.9999901424442027,28,-0.024752475247524774,-0.006913137698349621,1,500000.0,2023-01_2025-06
1,C1 Ridge,2023-10,2023-10-31,P_selected,ADI,0.09351375514423528,BUY,0.594092770724552,0.594092770724552,0.594092770724552,4632337.0475,1.0,1,exclude,1,31,28,0.370086,0.012169,0.9999,ok,-0.02123102784054609,0.829046938901502,0.9999901424442027,28,0.005045871559633097,0.00047185839751679,1,500000.0,2023-01_2025-06
1,C1 Ridge,2023-10,2023-10-31,P_selected,DWY,0.08365995676552472,BUY,0.2405243815853427,0.2405243815853427,0.2405243815853427,1102735.4,0.9999988126273957,1,exclude,1,31,28,0.370086,0.012169,0.9999,ok,-0.02123102784054609,0.829046938901502,0.9999901424442027,28,-0.0014513788098693414,-0.00012142228848406783,1,500000.0,2023-01_2025-06
1,C1 Ridge,2023-10,2023-10-31,P_selected,CMA,0.07975097143790341,BUY,0.23976134288221887,0.23976134288221887,0.23976134288221887,7454566.0,1.0,1,exclude,1,31,28,0.370086,0.012169,0.9999,ok,-0.02123102784054609,0.829046938901502,0.9999901424442027,28,-0.022063208109719734,-0.0017595622797867774,1,500000.0,2023-01_2025-06
1,C1 Ridge,2023-10,2023-10-31,P_selected,SOT,0.07410401109462247,BUY,0.25967830097864714,0.25967830097864714,0.25967830097864714,1003430.3,0.9999941839581148,1,exclude,1,31,28,0.370086,0.012169,0.9999,ok,-0.02123102784054609,0.829046938901502,0.9999901424442027,28,-0.002915451895043719,-0.0002160466795761579,1,500000.0,2023-01_2025-06
1,C1 Ridge,2023-10,2023-10-31,P_selected,ADH,0.06463654263859847,BUY,0.7227430492824466,0.7227430492824466,0.7227430492824466,11950268.1845,1.0,1,exclude,1,31,28,0.370086,0.012169,0.9999,ok,-0.02123102784054609,0.829046938901502,0.9999901424442027,28,0.08552631578947367,0.005528125357248553,1,500000.0,2023-01_2025-06
1,C1 Ridge,2023-10,2023-10-31,P_selected,MNG,0.06154688478697909,BUY,0.17604617559935135,0.17604617559935135,0.17604617559935135,1449553.4,0.9999999953799228,1,exclude,1,31,28,0.370086,0.012169,0.9999,ok,-0.02123102784054609,0.829046938901502,0.9999901424442027,28,-0.0965273690406121,-0.0059409588611327654,1,500000.0,2023-01_2025-06
1,C1 Ridge,2023-10,2023-10-31,P_selected,RDS,0.06050021238496169,BUY,0.7526045249756494,0.7526045249756494,0.7526045249756494,822113.3400000001,0.9998941956844752,1,exclude,1,31,28,0.370086,0.012169,0.9999,ok,-0.02123102784054609,0.829046938901502,0.9999901424442027,28,-0.011256190904997743,-0.0006810019403980376,1,500000.0,2023-01_2025-06
1,C1 Ridge,2023-10,2023-10-31,P_selected,CIH,0.043919137807204134,BUY,0.24260519396049446,0.24260519396049446,0.24260519396049446,1047085.43,0.999997107443291,1,exclude,1,31,28,0.370086,0.012169,0.9999,ok,-0.02123102784054609,0.829046938901502,0.9999901424442027,28,-0.10664291168236184,-0.004683664734339149,1,500000.0,2023-01_2025-06
1,C1 Ridge,2023-10,2023-10-31,P_selected,JET,0.03553640752927431,BUY,0.4552100984731302,0.4552100984731302,0.4552100984731302,1179271.565,0.9999996510528605,1,exclude,1,31,28,0.370086,0.012169,0.9999,ok,-0.02123102784054609,0.829046938901502,0.9999901424442027,28,-0.013205282112845218,-0.00046926828670110416,1,500000.0,2023-01_2025-06
1,C1 Ridge,2023-10,2023-10-31,P_selected,HPS,0.030461867184490603,BUY,0.18266133094628337,0.18266133094628337,0.18266133094628337,950247.25,0.9999863799777023,1,exclude,1,31,28,0.370086,0.012169,0.9999,ok,-0.02123102784054609,0.829046938901502,0.9999901424442027,28,-0.011217948717948678,-0.00034171966392857925,1,500000.0,2023-01_2025-06
1,C1 Ridge,2023-10,2023-10-31,P_selected,EQD,0.024584936000362056,NEUTRAL,0.022990175245897006,0.022990175245897006,0.011495087622948503,608872.45,0.9968017853280707,1,exclude,1,31,28,0.370086,0.012169,0.9999,ok,-0.02123102784054609,0.829046938901502,0.9999901424442027,28,-0.05405405405405406,-0.00132891545947903,1,500000.0,2023-01_2025-06
1,C1 Ridge,2023-10,2023-10-31,P_selected,RIS,0.01851968822906685,BUY,0.4019951091138247,0.4019951091138247,0.4019951091138247,2183994.935,0.9999999999999636,1,exclude,1,31,28,0.370086,0.012169,0.9999,ok,-0.02123102784054609,0.829046938901502,0.9999901424442027,28,-0.07524000893056482,-0.001393421507746266,1,500000.0,2023-01_2025-06
1,C1 Ridge,2023-10,2023-10-31,P_selected,LES,0.01779384190919569,BUY,0.1024468071577557,0.1024468071577557,0.1024468071577557,1577609.0125,0.9999999994045741,1,exclude,1,31,28,0.370086,0.012169,0.9999,ok,-0.02123102784054609,0.829046938901502,0.9999901424442027,28,-0.05135135135135138,-0.0009137378277695088,1,500000.0,2023-01_2025-06
1,C1 Ridge,2023-10,2023-10-31,P_selected,TQM,0.006687044872580302,BUY,0.2847073599448009,0.2847073599448009,0.2847073599448009,1930103.15,0.9999999999978844,1,exclude,1,31,28,0.370086,0.012169,0.9999,ok,-0.02123102784054609,0.829046938901502,0.9999901424442027,28,-0.0551917680074836,-0.00036906982926308477,1,500000.0,2023-01_2025-06
1,C1 Ridge,2023-10,2023-10-31,P_selected,GAZ,0.006437611332652561,BUY,0.22672425538949129,0.22672425538949129,0.22672425538949129,2127587.25,0.9999999999999103,1,exclude,1,31,28,0.370086,0.012169,0.9999,ok,-0.02123102784054609,0.829046938901502,0.9999901424442027,28,-0.04714285714285715,-0.00030348739139647796,1,500000.0,2023-01_2025-06
1,C1 Ridge,2023-10,2023-10-31,P_selected,BCI,0.0051287614902974,BUY,0.20548348414757164,0.20548348414757164,0.20548348414757164,740281.755,0.9996082551807979,1,exclude,1,31,28,0.370086,0.012169,0.9999,ok,-0.02123102784054609,0.829046938901502,0.9999901424442027,28,-0.009333333333333305,-4.786844057610892e-05,1,500000.0,2023-01_2025-06
1,C1 Ridge,2023-10,2023-10-31,P_selected,ARD,0.004204507487910641,NEUTRAL,0.031173254091180474,0.031173254091180474,0.015586627045590237,640823.4350000002,0.9980793612108261,1,exclude,1,31,28,0.370086,0.012169,0.9999,ok,-0.02123102784054609,0.829046938901502,0.9999901424442027,28,-0.004484304932735439,-1.8854293667760776e-05,1,500000.0,2023-01_2025-06
1,C1 Ridge,2023-10,2023-10-31,P_selected,TMA,0.004160111111124441,BUY,0.10503300130578694,0.10503300130578694,0.10503300130578694,591705.6,0.9957950941311906,1,exclude,1,31,28,0.370086,0.012169,0.9999,ok,-0.02123102784054609,0.829046938901502,0.9999901424442027,28,0.023452157598499168,9.756358140535787e-05,1,500000.0,2023-01_2025-06
1,C1 Ridge,2023-10,2023-10-31,P_selected,LBV,0.0019792615775084755,NEUTRAL,0.034586151261126706,0.034586151261126706,0.017293075630563353,4748018.9,1.0,1,exclude,1,31,28,0.370086,0.012169,0.9999,ok,-0.02123102784054609,0.829046938901502,0.9999901424442027,28,-0.08181203515889113,-0.00016192741776776572,1,500000.0,2023-01_2025-06
1,C1 Ridge,2023-10,2023-10-31,P_selected,MSA,0.0014169570945397826,NEUTRAL,0.007293211322312983,0.007293211322312983,0.0036466056611564913,9491637.1775,1.0,1,exclude,1,31,28,0.370086,0.012169,0.9999,ok,-0.02123102784054609,0.829046938901502,0.9999901424442027,28,0.01263940520446094,1.790949487522398e-05,1,500000.0,2023-01_2025-06
1,C1 Ridge,2023-10,2023-10-31,P_selected,ATL,0.0010251969287017701,BUY,0.14722955853488467,0.14722955853488467,0.14722955853488467,2634071.15,1.0,1,exclude,1,31,28,0.370086,0.012169,0.9999,ok,-0.02123102784054609,0.829046938901502,0.9999901424442027,28,0.008333333333333304,8.543307739181388e-06,1,500000.0,2023-01_2025-06
1,C1 Ridge,2023-10,2023-10-31,P_selected,CSR,0.00024554023660521257,BUY,0.23575293507280357,0.23575293507280357,0.23575293507280357,15955280.367500002,1.0,1,exclude,1,31,28,0.370086,0.012169,0.9999,ok,-0.02123102784054609,0.829046938901502,0.9999901424442027,28,-0.009405940594059414,-2.3095368789599223e-06,1,500000.0,2023-01_2025-06
1,C1 Ridge,2023-10,2023-10-31,P_selected,LHM,0.00024477455895715797,BUY,0.1348382694275175,0.1348382694275175,0.1348382694275175,8494510.7,1.0,1,exclude,1,31,28,0.370086,0.012169,0.9999,ok,-0.02123102784054609,0.829046938901502,0.9999901424442027,28,-0.004301075268817178,-1.0527938019662644e-06,1,500000.0,2023-01_2025-06
1,C1 Ridge,2023-10,2023-10-31,P_selected,CMT,0.00023445269423321823,BUY,0.192878575133101,0.192878575133101,0.192878575133101,2200877.15,0.9999999999999722,1,exclude,1,31,28,0.370086,0.012169,0.9999,ok,-0.02123102784054609,0.829046938901502,0.9999901424442027,28,-0.2356651376146789,-5.525232645060361e-05,1,500000.0,2023-01_2025-06
1,C1 Ridge,2023-10,2023-10-31,P_selected,IAM,0.0001619057450207332,BUY,0.18000083434542505,0.18000083434542505,0.18000083434542505,7495288.731500002,1.0,1,exclude,1,31,28,0.370086,0.012169,0.9999,ok,-0.02123102784054609,0.829046938901502,0.9999901424442027,28,-0.03229166666666661,-5.228206349627834e-06,1,500000.0,2023-01_2025-06
1,C1 Ridge,2023-10,2023-10-31,P_selected,MUT,0.0001419747150993295,BUY,0.3261896616594355,0.3261896616594355,0.3261896616594355,3860779.0925,1.0,1,exclude,1,31,28,0.370086,0.012169,0.9999,ok,-0.02123102784054609,0.829046938901502,0.9999901424442027,28,-0.024285714285714244,-3.4479573666979962e-06,1,500000.0,2023-01_2025-06
1,C1 Ridge,2023-10,2023-10-31,P_selected,SID,0.00010306667322860908,BUY,0.4070302614633069,0.4070302614633069,0.4070302614633069,4286500.55,1.0,1,exclude,1,31,28,0.370086,0.012169,0.9999,ok,-0.02123102784054609,0.829046938901502,0.9999901424442027,28,-0.08106169296987087,-8.35475902068352e-06,1,500000.0,2023-01_2025-06
1,C1 Ridge,2023-11,2023-11-30,P_selected,AKT,0.3017115579817887,BUY,0.40843373509247993,0.40843373509247993,0.40843373509247993,3633133.62,1.0,1,exclude,1,25,18,0.40725,0.01131,0.9992,ok,0.031438305848561665,0.6899698437839217,0.9997801235163339,18,0.008130081300812941,0.00245293949578688,1,500000.0,2023-01_2025-06
1,C1 Ridge,2023-11,2023-11-30,P_selected,ADI,0.15882050161030767,BUY,0.6339269373642573,0.6339269373642573,0.6339269373642573,2184105.7175000003,0.9999999999999636,1,exclude,1,25,18,0.40725,0.01131,0.9992,ok,0.031438305848561665,0.6899698437839217,0.9997801235163339,18,0.10052405907575035,0.01596528148631487,1,500000.0,2023-01_2025-06
1,C1 Ridge,2023-11,2023-11-30,P_selected,CMA,0.09596132554970815,BUY,0.1408945887009745,0.1408945887009745,0.1408945887009745,3303293.7,1.0,1,exclude,1,25,18,0.40725,0.01131,0.9992,ok,0.031438305848561665,0.6899698437839217,0.9997801235163339,18,0.030674846625766916,0.0029435989432425856,1,500000.0,2023-01_2025-06
1,C1 Ridge,2023-11,2023-11-30,P_selected,MIC,0.07605492220084271,BUY,0.4172151221761879,0.4172151221761879,0.4172151221761879,570485.6,0.9941051834177336,1,exclude,1,25,18,0.40725,0.01131,0.9992,ok,0.031438305848561665,0.6899698437839217,0.9997801235163339,18,0.0714285714285714,0.005432494442917334,1,500000.0,2023-01_2025-06
1,C1 Ridge,2023-11,2023-11-30,P_selected,EQD,0.0638327464947599,BUY,0.4021313844172273,0.4021313844172273,0.4021313844172273,877409.7,0.9999563190676561,1,exclude,1,25,18,0.40725,0.01131,0.9992,ok,0.031438305848561665,0.6899698437839217,0.9997801235163339,18,-0.05980952380952376,-0.0038178061713056363,1,500000.0,2023-01_2025-06
1,C1 Ridge,2023-11,2023-11-30,P_selected,ADH,0.055681992887124845,BUY,0.8305282266223976,0.8305282266223976,0.8305282266223976,6251753.325,1.0,1,exclude,1,25,18,0.40725,0.01131,0.9992,ok,0.031438305848561665,0.6899698437839217,0.9997801235163339,18,-0.03566621803499326,-0.0019859660989351383,1,500000.0,2023-01_2025-06
1,C1 Ridge,2023-11,2023-11-30,P_selected,MNG,0.0537402392991891,BUY,0.2895635798062295,0.2895635798062295,0.2895635798062295,1531260.2,0.9999999987500512,1,exclude,1,25,18,0.40725,0.01131,0.9992,ok,0.031438305848561665,0.6899698437839217,0.9997801235163339,18,0.15032679738562083,0.008078598064583978,1,500000.0,2023-01_2025-06
1,C1 Ridge,2023-11,2023-11-30,P_selected,LES,0.0464840596345142,BUY,0.24960312196350806,0.24960312196350806,0.24960312196350806,5129099.8275,1.0,1,exclude,1,25,18,0.40725,0.01131,0.9992,ok,0.031438305848561665,0.6899698437839217,0.9997801235163339,18,0.02564102564102555,0.0011918989649875394,1,500000.0,2023-01_2025-06
1,C1 Ridge,2023-11,2023-11-30,P_selected,LBV,0.039493495204870464,BUY,0.21141649343133193,0.21141649343133193,0.21141649343133193,5825327.95,1.0,1,exclude,1,25,18,0.40725,0.01131,0.9992,ok,0.031438305848561665,0.6899698437839217,0.9997801235163339,18,0.03703703703703698,0.0014627220446248297,1,500000.0,2023-01_2025-06
1,C1 Ridge,2023-11,2023-11-30,P_selected,SMI,0.03551361987574028,BUY,0.2861443872885814,0.2861443872885814,0.2861443872885814,538610.45,0.9902217386082243,1,exclude,1,25,18,0.40725,0.01131,0.9992,ok,0.031438305848561665,0.6899698437839217,0.9997801235163339,18,0.0669354838709677,0.002377121330392292,1,500000.0,2023-01_2025-06
1,C1 Ridge,2023-11,2023-11-30,P_selected,RIS,0.019670104559282205,BUY,0.2495214940156776,0.2495214940156776,0.2495214940156776,1074754.545,0.9999981421201349,1,exclude,1,25,18,0.40725,0.01131,0.9992,ok,0.031438305848561665,0.6899698437839217,0.9997801235163339,18,-0.014285714285714235,-0.00028100149370403047,1,500000.0,2023-01_2025-06
1,C1 Ridge,2023-11,2023-11-30,P_selected,HPS,0.016631309454954248,BUY,0.3703463761772579,0.3703463761772579,0.3703463761772579,3602107.95,1.0,1,exclude,1,25,18,0.40725,0.01131,0.9992,ok,0.031438305848561665,0.6899698437839217,0.9997801235163339,18,0.011382113821138296,0.00018929945721086276,1,500000.0,2023-01_2025-06
1,C1 Ridge,2023-11,2023-11-30,P_selected,CMT,0.0139052919204008,BUY,0.3968632334386053,0.3968632334386053,0.3968632334386053,2560967.55,1.0,1,exclude,1,25,18,0.40725,0.01131,0.9992,ok,0.031438305848561665,0.6899698437839217,0.9997801235163339,18,-0.1773584905660377,-0.0024662215858824053,1,500000.0,2023-01_2025-06
1,C1 Ridge,2023-11,2023-11-30,P_selected,CIH,0.012654551964959954,BUY,0.1609082060857241,0.1609082060857241,0.1609082060857241,2447255.165,0.9999999999999996,1,exclude,1,25,18,0.40725,0.01131,0.9992,ok,0.031438305848561665,0.6899698437839217,0.9997801235163339,18,0.004428571428571448,5.604158727339433e-05,1,500000.0,2023-01_2025-06
1,C1 Ridge,2023-11,2023-11-30,P_selected,BOA,0.00849972642444307,BUY,0.1919189439760092,0.1919189439760092,0.1919189439760092,6361102.3725000005,1.0,1,exclude,1,25,18,0.40725,0.01131,0.9992,ok,0.031438305848561665,0.6899698437839217,0.9997801235163339,18,0.037572254335260125,0.0003193538829993062,1,500000.0,2023-01_2025-06
1,C1 Ridge,2023-11,2023-11-30,P_selected,MUT,0.0007422056922969074,BUY,0.21403608073790906,0.21403608073790906,0.21403608073790906,951106.2949999999,0.9999865658979424,1,exclude,1,25,18,0.40725,0.01131,0.9992,ok,0.031438305848561665,0.6899698437839217,0.9997801235163339,18,0.04144969797958753,3.0764201784437486e-05,1,500000.0,2023-01_2025-06
1,C1 Ridge,2023-11,2023-11-30,P_selected,MSA,0.00021029264421225824,NEUTRAL,0.08249743543939586,0.08249743543939586,0.04124871771969793,3300894.902500001,1.0,1,exclude,1,25,18,0.40725,0.01131,0.9992,ok,0.031438305848561665,0.6899698437839217,0.9997801235163339,18,0.022058823529411686,4.638808328211563e-06,1,500000.0,2023-01_2025-06
1,C1 Ridge,2023-11,2023-11-30,P_selected,CSR,0.00017218011693839736,NEUTRAL,0.037020842292733884,0.037020842292733884,0.018510421146366942,1751424.14,0.9999999999630991,1,exclude,1,25,18,0.40725,0.01131,0.9992,ok,0.031438305848561665,0.6899698437839217,0.9997801235163339,18,-0.034653465346534684,-5.966637715687042e-06,1,500000.0,2023-01_2025-06
1,C1 Ridge,2023-12,2023-12-29,P_selected,AKT,0.31502315971881373,BUY,0.19404182430338943,0.19404182430338943,0.19404182430338943,4993683.725,1.0,1,exclude,1,34,23,0.313755,0.010412,0.9988,ok,0.10051523319007494,0.9076951924149168,0.9998187924957946,23,0.22983870967741926,0.0724045165482757,1,500000.0,2023-01_2025-06
1,C1 Ridge,2023-12,2023-12-29,P_selected,MIC,0.09991653862301896,BUY,0.4834264695893665,0.4834264695893665,0.4834264695893665,527852.025,0.9884063045733789,1,exclude,1,34,23,0.313755,0.010412,0.9988,ok,0.10051523319007494,0.9076951924149168,0.9998187924957946,23,0.10333333333333328,0.010324708991045286,1,500000.0,2023-01_2025-06
1,C1 Ridge,2023-12,2023-12-29,P_selected,CDM,0.09469175570172217,BUY,0.1386843656170819,0.1386843656170819,0.1386843656170819,1770864.5,0.9999999999729634,1,exclude,1,34,23,0.313755,0.010412,0.9988,ok,0.10051523319007494,0.9076951924149168,0.9998187924957946,23,0.07779171894604775,0.007366234446056185,1,500000.0,2023-01_2025-06
1,C1 Ridge,2023-12,2023-12-29,P_selected,MNG,0.08573885067381633,BUY,0.4669706539203321,0.4669706539203321,0.4669706539203321,1662092.55,0.9999999998459095,1,exclude,1,34,23,0.313755,0.010412,0.9988,ok,0.10051523319007494,0.9076951924149168,0.9998187924957946,23,0.02499999999999991,0.0021434712668454005,1,500000.0,2023-01_2025-06
1,C1 Ridge,2023-12,2023-12-29,P_selected,HPS,0.06817079063357362,BUY,0.45968650361571606,0.45968650361571606,0.45968650361571606,22994789.305,1.0,1,exclude,1,34,23,0.313755,0.010412,0.9988,ok,0.10051523319007494,0.9076951924149168,0.9998187924957946,23,-0.017041800643086802,-0.0011617530236589706,1,500000.0,2023-01_2025-06
1,C1 Ridge,2023-12,2023-12-29,P_selected,M2M,0.06748814315690774,BUY,0.30248250085496664,0.30248250085496664,0.30248250085496664,1262581.0,0.999999907983331,1,exclude,1,34,23,0.313755,0.010412,0.9988,ok,0.10051523319007494,0.9076951924149168,0.9998187924957946,23,-0.012924071082390909,-0.0008722215593784492,1,500000.0,2023-01_2025-06
1,C1 Ridge,2023-12,2023-12-29,P_selected,SAH,0.06726032266105801,BUY,0.5826317871668821,0.5826317871668821,0.5826317871668821,16341221.15,1.0,1,exclude,1,34,23,0.313755,0.010412,0.9988,ok,0.10051523319007494,0.9076951924149168,0.9998187924957946,23,-0.038461538461538436,-0.0025869354869637678,1,500000.0,2023-01_2025-06
1,C1 Ridge,2023-12,2023-12-29,P_selected,EQD,0.05142828142750181,BUY,0.3975197055769116,0.3975197055769116,0.3975197055769116,1635925.4300000002,0.9999999997657909,1,exclude,1,34,23,0.313755,0.010412,0.9988,ok,0.10051523319007494,0.9076951924149168,0.9998187924957946,23,0.11426256077795771,0.0058763271323158395,1,500000.0,2023-01_2025-06
1,C1 Ridge,2023-12,2023-12-29,P_selected,RIS,0.04082582431518573,BUY,0.330170605023854,0.330170605023854,0.330170605023854,9471936.3375,1.0,1,exclude,1,34,23,0.313755,0.010412,0.9988,ok,0.10051523319007494,0.9076951924149168,0.9998187924957946,23,-0.028743961352657,-0.001173495916306063,1,500000.0,2023-01_2025-06
1,C1 Ridge,2023-12,2023-12-29,P_selected,IMO,0.03178703846294655,BUY,0.1252700398997814,0.1252700398997814,0.1252700398997814,1439050.5135,0.9999999945344891,1,exclude,1,34,23,0.313755,0.010412,0.9988,ok,0.10051523319007494,0.9076951924149168,0.9998187924957946,23,0.010752688172043001,0.0003417961125048013,1,500000.0,2023-01_2025-06
1,C1 Ridge,2023-12,2023-12-29,P_selected,JET,0.02416408400734522,BUY,0.4552147080585996,0.4552147080585996,0.4552147080585996,650833.655,0.9983631419194613,1,exclude,1,34,23,0.313755,0.010412,0.9988,ok,0.10051523319007494,0.9076951924149168,0.9998187924957946,23,0.22549019607843146,0.005448764040871964,1,500000.0,2023-01_2025-06
1,C1 Ridge,2023-12,2023-12-29,P_selected,ADI,0.02254094136440034,BUY,0.2643349748502215,0.2643349748502215,0.2643349748502215,5741395.845000001,1.0,1,exclude,1,34,23,0.313755,0.010412,0.9988,ok,0.10051523319007494,0.9076951924149168,0.9998187924957946,23,0.29757085020242924,0.006707527086167715,1,500000.0,2023-01_2025-06
1,C1 Ridge,2023-12,2023-12-29,P_selected,ATL,0.01355692050366481,BUY,0.1775597892830055,0.1775597892830055,0.1775597892830055,2169785.6350000002,0.9999999999999543,1,exclude,1,34,23,0.313755,0.010412,0.9988,ok,0.10051523319007494,0.9076951924149168,0.9998187924957946,23,-0.03070866141732287,-0.00041631488160860484,1,500000.0,2023-01_2025-06
1,C1 Ridge,2023-12,2023-12-29,P_selected,GAZ,0.005304131074049323,BUY,0.11977210495489757,0.11977210495489757,0.11977210495489757,2112315.5,0.9999999999998854,1,exclude,1,34,23,0.313755,0.010412,0.9988,ok,0.10051523319007494,0.9076951924149168,0.9998187924957946,23,0.0,0.0,1,500000.0,2023-01_2025-06
1,C1 Ridge,2023-12,2023-12-29,P_selected,DHO,0.002999030968808387,BUY,0.2244418203817414,0.2244418203817414,0.2244418203817414,735953.928,0.9995801792640159,1,exclude,1,34,23,0.313755,0.010412,0.9988,ok,0.10051523319007494,0.9076951924149168,0.9998187924957946,23,0.03943661971830981,0.0001182716438403306,1,500000.0,2023-01_2025-06
1,C1 Ridge,2023-12,2023-12-29,P_selected,CMA,0.0028220302628396946,NEUTRAL,-0.025152978201328315,-0.025152978201328315,-0.012576489100664157,6622400.05,1.0,1,exclude,1,34,23,0.313755,0.010412,0.9988,ok,0.10051523319007494,0.9076951924149168,0.9998187924957946,23,0.023809523809523725,6.71911967342782e-05,1,500000.0,2023-01_2025-06
1,C1 Ridge,2023-12,2023-12-29,P_selected,SID,0.0025637822271948204,BUY,0.427137395559111,0.427137395559111,0.427137395559111,1803953.1,0.999999999984077,1,exclude,1,34,23,0.313755,0.010412,0.9988,ok,0.10051523319007494,0.9076951924149168,0.9998187924957946,23,0.06060606060606055,0.00015538074104211018,1,500000.0,2023-01_2025-06
1,C1 Ridge,2023-12,2023-12-29,P_selected,TGC,0.0017010546332259116,BUY,0.2643816520820412,0.2643816520820412,0.2643816520820412,3219010.3649999998,1.0,1,exclude,1,34,23,0.313755,0.010412,0.9988,ok,0.10051523319007494,0.9076951924149168,0.9998187924957946,23,0.17204301075268824,0.00029265456055499564,1,500000.0,2023-01_2025-06
1,C1 Ridge,2023-12,2023-12-29,P_selected,LES,0.0006746405964220255,NEUTRAL,-0.00871987421586376,-0.00871987421586376,-0.00435993710793188,10936409.680000002,1.0,1,exclude,1,34,23,0.313755,0.010412,0.9988,ok,0.10051523319007494,0.9076951924149168,0.9998187924957946,23,0.0185185185185186,1.2493344378185713e-05,1,500000.0,2023-01_2025-06
1,C1 Ridge,2023-12,2023-12-29,P_selected,IAM,0.0004836368319144924,NEUTRAL,0.042971067789111285,0.042971067789111285,0.021485533894555642,19332654.2965,1.0,1,exclude,1,34,23,0.313755,0.010412,0.9988,ok,0.10051523319007494,0.9076951924149168,0.9998187924957946,23,-0.05500000000000005,-2.6600025755297105e-05,1,500000.0,2023-01_2025-06
1,C1 Ridge,2023-12,2023-12-29,P_selected,CMT,0.00032676769123688484,BUY,0.3076461356806577,0.3076461356806577,0.3076461356806577,3518110.9899999998,1.0,1,exclude,1,34,23,0.313755,0.010412,0.9988,ok,0.10051523319007494,0.9076951924149168,0.9998187924957946,23,-0.003669724770642202,-1.199147490777559e-06,1,500000.0,2023-01_2025-06
1,C1 Ridge,2023-12,2023-12-29,P_selected,MUT,0.0002115504282081253,BUY,0.12814516877406865,0.12814516877406865,0.12814516877406865,3589934.7825,1.0,1,exclude,1,34,23,0.313755,0.010412,0.9988,ok,0.10051523319007494,0.9076951924149168,0.9998187924957946,23,0.07559999999999989,1.599321237253425e-05,1,500000.0,2023-01_2025-06
1,C1 Ridge,2023-12,2023-12-29,P_selected,LBV,0.00013951653194000337,NEUTRAL,0.06539785241444876,0.06539785241444876,0.03269892620722438,8614153.1,1.0,1,exclude,1,34,23,0.313755,0.010412,0.9988,ok,0.10051523319007494,0.9076951924149168,0.9998187924957946,23,0.004761904761904745,6.643644378095374e-07,1,500000.0,2023-01_2025-06
1,C1 Ridge,2024-01,2024-01-31,P_selected,AKT,0.3005175951989757,BUY,0.4650974630397497,0.4650974630397497,0.4650974630397497,8142793.784999999,1.0,1,exclude,1,33,22,0.442832,0.010991,0.9996,ok,0.07905856176120207,0.9581096773692466,0.9996581166075027,22,0.14802631578947367,0.044484512447216795,1,500000.0,2023-01_2025-06
1,C1 Ridge,2024-01,2024-01-31,P_selected,ADI,0.15476119521851664,BUY,1.0969767406117463,1.0969767406117463,1.0969767406117463,15345130.622500002,1.0,1,exclude,1,33,22,0.442832,0.010991,0.9996,ok,0.07905856176120207,0.9581096773692466,0.9996581166075027,22,0.09230769230769242,0.014285648789401554,1,500000.0,2023-01_2025-06
1,C1 Ridge,2024-01,2024-01-31,P_selected,CMA,0.11808498784642216,NEUTRAL,-0.004243392671248784,-0.004243392671248784,-0.002121696335624392,2966185.35,1.0,1,exclude,1,33,22,0.442832,0.010991,0.9996,ok,0.07905856176120207,0.9581096773692466,0.9996581166075027,22,0.011730205278592365,0.0013851611477586165,1,500000.0,2023-01_2025-06
1,C1 Ridge,2024-01,2024-01-31,P_selected,RIS,0.0713566140742105,BUY,0.2656513337763206,0.2656513337763206,0.2656513337763206,1448157.5425,0.9999999952755783,1,exclude,1,33,22,0.442832,0.010991,0.9996,ok,0.07905856176120207,0.9581096773692466,0.9996581166075027,22,0.09235352532274077,0.0065900348648476395,1,500000.0,2023-01_2025-06
1,C1 Ridge,2024-01,2024-01-31,P_selected,MIC,0.05172893866714016,BUY,0.11687706609918128,0.11687706609918128,0.11687706609918128,746943.955,0.999647850758702,1,exclude,1,33,22,0.442832,0.010991,0.9996,ok,0.07905856176120207,0.9581096773692466,0.9996581166075027,22,0.07737817219367904,0.004002690723582233,1,500000.0,2023-01_2025-06
1,C1 Ridge,2024-01,2024-01-31,P_selected,DWY,0.051400166395631566,BUY,0.32460623756522106,0.32460623756522106,0.32460623756522106,648790.7849999999,0.9983088476929789,1,exclude,1,33,22,0.442832,0.010991,0.9996,ok,0.07905856176120207,0.9581096773692466,0.9996581166075027,22,-0.045671438309475065,-0.0023475195286348405,1,500000.0,2023-01_2025-06
1,C1 Ridge,2024-01,2024-01-31,P_selected,DYT,0.047697726686242094,BUY,0.5539215434920237,0.5539215434920237,0.5539215434920237,580627.6725000001,0.9949837449950952,1,exclude,1,33,22,0.442832,0.010991,0.9996,ok,0.07905856176120207,0.9581096773692466,0.9996581166075027,22,0.06699751861042191,0.0031956293313363227,1,500000.0,2023-01_2025-06
1,C1 Ridge,2024-01,2024-01-31,P_selected,MNG,0.046266891315435286,NEUTRAL,0.06512719962888865,0.06512719962888865,0.03256359981444432,1533391.5,0.9999999987919568,1,exclude,1,33,22,0.442832,0.010991,0.9996,ok,0.07905856176120207,0.9581096773692466,0.9996581166075027,22,-0.0022172949002217113,-0.00010258734216282684,1,500000.0,2023-01_2025-06
1,C1 Ridge,2024-01,2024-01-31,P_selected,JET,0.029416496687439325,BUY,0.6203564692286458,0.6203564692286458,0.6203564692286458,2528861.3150000004,0.9999999999999998,1,exclude,1,33,22,0.442832,0.010991,0.9996,ok,0.07905856176120207,0.9581096773692466,0.9996581166075027,22,0.17460317460317465,0.005136213707330677,1,500000.0,2023-01_2025-06
1,C1 Ridge,2024-01,2024-01-31,P_selected,EQD,0.028893887373259066,BUY,0.4643272376358124,0.4643272376358124,0.4643272376358124,705048.0,0.999311817448991,1,exclude,1,33,22,0.442832,0.010991,0.9996,ok,0.07905856176120207,0.9581096773692466,0.9996581166075027,22,0.026851851851851904,0.0007758543831708468,1,500000.0,2023-01_2025-06
1,C1 Ridge,2024-01,2024-01-31,P_selected,TMA,0.02501936310121474,BUY,0.2939534100428302,0.2939534100428302,0.2939534100428302,1637733.3,0.9999999997724687,1,exclude,1,33,22,0.442832,0.010991,0.9996,ok,0.07905856176120207,0.9581096773692466,0.9996581166075027,22,0.057777777777777706,0.0014455632014035164,1,500000.0,2023-01_2025-06
1,C1 Ridge,2024-01,2024-01-31,P_selected,SMI,0.021972491164023777,BUY,0.4345149406314958,0.4345149406314958,0.4345149406314958,1967456.6,0.9999999999988363,1,exclude,1,33,22,0.442832,0.010991,0.9996,ok,0.07905856176120207,0.9581096773692466,0.9996581166075027,22,0.013157894736842035,0.0002891117258424166,1,500000.0,2023-01_2025-06
1,C1 Ridge,2024-01,2024-01-31,P_selected,CIH,0.01763478260183958,BUY,0.21677120763005167,0.21677120763005167,0.21677120763005167,3252529.8899999997,1.0,1,exclude,1,33,22,0.442832,0.010991,0.9996,ok,0.07905856176120207,0.9581096773692466,0.9996581166075027,22,0.0714285714285714,0.0012596273287028266,1,500000.0,2023-01_2025-06
1,C1 Ridge,2024-01,2024-01-31,P_selected,BCI,0.013864320045751274,BUY,0.45916790390282525,0.45916790390282525,0.45916790390282525,2784113.5100000002,1.0,1,exclude,1,33,22,0.442832,0.010991,0.9996,ok,0.07905856176120207,0.9581096773692466,0.9996581166075027,22,0.037234042553191404,0.0005162246825545676,1,500000.0,2023-01_2025-06
1,C1 Ridge,2024-01,2024-01-31,P_selected,ARD,0.011853419739218794,BUY,0.2023495025753628,0.2023495025753628,0.2023495025753628,1483984.33,0.9999999973368316,1,exclude,1,33,22,0.442832,0.010991,0.9996,ok,0.07905856176120207,0.9581096773692466,0.9996581166075027,22,0.028548289127353854,0.0003383948538631015,1,500000.0,2023-01_2025-06
1,C1 Ridge,2024-01,2024-01-31,P_selected,HPS,0.002457139139267342,NEUTRAL,0.005354257734318267,0.005354257734318267,0.0026771288671591335,2613318.2199999997,1.0,1,exclude,1,33,22,0.442832,0.010991,0.9996,ok,0.07905856176120207,0.9581096773692466,0.9996581166075027,22,-0.07752063440686197,-0.00019047898490193513,1,500000.0,2023-01_2025-06
1,C1 Ridge,2024-01,2024-01-31,P_selected,RDS,0.002444503163392305,BUY,0.5534751491215174,0.5534751491215174,0.5534751491215174,1302276.9564999999,0.9999999512436969,1,exclude,1,33,22,0.442832,0.010991,0.9996,ok,0.07905856176120207,0.9581096773692466,0.9996581166075027,22,0.13438596491228072,0.0003285069163435975,1,500000.0,2023-01_2025-06
1,C1 Ridge,2024-01,2024-01-31,P_selected,CMT,0.0021123870836389207,NEUTRAL,-0.06329811858155343,-0.06329811858155343,-0.031649059290776715,2800205.45,1.0,1,exclude,1,33,22,0.442832,0.010991,0.9996,ok,0.07905856176120207,0.9581096773692466,0.9996581166075027,22,0.10050251256281406,0.0002123002094109468,1,500000.0,2023-01_2025-06
1,C1 Ridge,2024-01,2024-01-31,P_selected,LBV,0.0008818382844737504,NEUTRAL,-0.03494883464326535,-0.03494883464326535,-0.017474417321632674,5215042.6,1.0,1,exclude,1,33,22,0.442832,0.010991,0.9996,ok,0.07905856176120207,0.9581096773692466,0.9996581166075027,22,0.02962085308056861,2.6120802265217625e-05,1,500000.0,2023-01_2025-06
1,C1 Ridge,2024-01,2024-01-31,P_selected,SOT,0.00076386794845738,NEUTRAL,-0.0019393507948356828,-0.0019393507948356828,-0.0009696753974178414,502017.1,0.9825750493084265,1,exclude,1,33,22,0.442832,0.010991,0.9996,ok,0.07905856176120207,0.9581096773692466,0.9996581166075027,22,0.010700389105058328,8.173684273376605e-06,1,500000.0,2023-01_2025-06
1,C1 Ridge,2024-01,2024-01-31,P_selected,ADH,0.000368935217558548,BUY,0.7377376275069415,0.7377376275069415,0.7377376275069415,9898389.202,1.0,1,exclude,1,33,22,0.442832,0.010991,0.9996,ok,0.07905856176120207,0.9581096773692466,0.9996581166075027,22,0.12711333750782705,4.689658682804331e-05,1,500000.0,2023-01_2025-06
1,C1 Ridge,2024-01,2024-01-31,P_selected,SBM,0.00016056965539386773,NEUTRAL,-0.07335175413799136,-0.07335175413799136,-0.03667587706899568,945933.7,0.999985406783979,1,exclude,1,33,22,0.442832,0.010991,0.9996,ok,0.07905856176120207,0.9581096773692466,0.9996581166075027,22,0.06798245614035081,1.0915919555284856e-05,1,500000.0,2023-01_2025-06
1,C1 Ridge,2024-02,2024-02-29,P_selected,AKT,0.3590080278111133,BUY,0.5880819853077063,0.5880819853077063,0.5880819853077063,10945682.17,1.0,1,exclude,1,31,26,0.519847,0.011512,0.9996,ok,0.0028090605565618265,1.0383678496126818,0.9999549362579127,26,-0.01449275362318836,-0.005203014895813219,1,500000.0,2023-01_2025-06
1,C1 Ridge,2024-02,2024-02-29,P_selected,IMO,0.1569608154894526,BUY,0.36268165472501207,0.36268165472501207,0.36268165472501207,634544.4794999999,0.9978768132095764,1,exclude,1,31,26,0.519847,0.011512,0.9996,ok,0.0028090605565618265,1.0383678496126818,0.9999549362579127,26,-0.025078369905956133,-0.003936321391585021,1,500000.0,2023-01_2025-06
1,C1 Ridge,2024-02,2024-02-29,P_selected,BOA,0.1297031461731867,BUY,0.2609395671338096,0.2609395671338096,0.2609395671338096,4163997.8575000004,1.0,1,exclude,1,31,26,0.519847,0.011512,0.9996,ok,0.0028090605565618265,1.0383678496126818,0.9999549362579127,26,-0.025000000000000022,-0.0032425786543296706,1,500000.0,2023-01_2025-06
1,C1 Ridge,2024-02,2024-02-29,P_selected,JET,0.08296148138249489,BUY,0.9090380494300662,0.9090380494300662,0.9090380494300662,4083213.13,1.0,1,exclude,1,31,26,0.519847,0.011512,0.9996,ok,0.0028090605565618265,1.0383678496126818,0.9999549362579127,26,0.09578445275235259,0.007946420093746761,1,500000.0,2023-01_2025-06
1,C1 Ridge,2024-02,2024-02-29,P_selected,RDS,0.06107897032687813,BUY,1.1391274592765175,1.1391274592765175,1.1391274592765175,2688570.9235,1.0,1,exclude,1,31,26,0.519847,0.011512,0.9996,ok,0.0028090605565618265,1.0383678496126818,0.9999549362579127,26,0.0,0.0,1,500000.0,2023-01_2025-06
1,C1 Ridge,2024-02,2024-02-29,P_selected,MNG,0.059455841728494135,BUY,0.2748173026050036,0.2748173026050036,0.2748173026050036,2811680.1,1.0,1,exclude,1,31,26,0.519847,0.011512,0.9996,ok,0.0028090605565618265,1.0383678496126818,0.9999549362579127,26,-0.04839586731919521,-0.002877417027643272,1,500000.0,2023-01_2025-06
1,C1 Ridge,2024-02,2024-02-29,P_selected,ADI,0.05452638963341942,BUY,0.7731088508265624,0.7731088508265624,0.7731088508265624,6208376.7225,1.0,1,exclude,1,31,26,0.519847,0.011512,0.9996,ok,0.0028090605565618265,1.0383678496126818,0.9999549362579127,26,0.19068670792808717,0.01039745773440093,1,500000.0,2023-01_2025-06
1,C1 Ridge,2024-02,2024-02-29,P_selected,LBV,0.018681182516519457,BUY,0.10465459080442699,0.10465459080442699,0.10465459080442699,7394740.15,1.0,1,exclude,1,31,26,0.519847,0.011512,0.9996,ok,0.0028090605565618265,1.0383678496126818,0.9999549362579127,26,0.04522727272727267,0.0008448989365425835,1,500000.0,2023-01_2025-06
1,C1 Ridge,2024-02,2024-02-29,P_selected,TMA,0.014952197480517713,BUY,0.14257848288532693,0.14257848288532693,0.14257848288532693,3163242.05,1.0,1,exclude,1,31,26,0.519847,0.011512,0.9996,ok,0.0028090605565618265,1.0383678496126818,0.9999549362579127,26,-0.006382978723404209,-9.543955838628258e-05,1,500000.0,2023-01_2025-06
1,C1 Ridge,2024-02,2024-02-29,P_selected,ATL,0.011762288312177124,NEUTRAL,0.05763476108418823,0.05763476108418823,0.028817380542094116,2519184.9325,0.9999999999999998,1,exclude,1,31,26,0.519847,0.011512,0.9996,ok,0.0028090605565618265,1.0383678496126818,0.9999549362579127,26,0.001615508885298933,1.9002081279769934e-05,1,500000.0,2023-01_2025-06
1,C1 Ridge,2024-02,2024-02-29,P_selected,SMI,0.008390701391301748,BUY,0.31124898823371844,0.31124898823371844,0.31124898823371844,1361851.55,0.9999999812040575,1,exclude,1,31,26,0.519847,0.011512,0.9996,ok,0.0028090605565618265,1.0383678496126818,0.9999549362579127,26,0.13475177304964547,0.0011306618896080377,1,500000.0,2023-01_2025-06
1,C1 Ridge,2024-02,2024-02-29,P_selected,ATH,0.007539016282366338,BUY,0.19569006949990492,0.19569006949990492,0.19569006949990492,586473.9075,0.9954296402432394,1,exclude,1,31,26,0.519847,0.011512,0.9996,ok,0.0028090605565618265,1.0383678496126818,0.9999549362579127,26,-0.04477611940298509,-0.0003375678932402839,1,500000.0,2023-01_2025-06
1,C1 Ridge,2024-02,2024-02-29,P_selected,RIS,0.007323454981292016,BUY,0.1184764545817795,0.1184764545817795,0.1184764545817795,1779360.1949999998,0.9999999999763998,1,exclude,1,31,26,0.519847,0.011512,0.9996,ok,0.0028090605565618265,1.0383678496126818,0.9999549362579127,26,0.12139534883720926,0.0008890333721475421,1,500000.0,2023-01_2025-06
1,C1 Ridge,2024-02,2024-02-29,P_selected,CMA,0.007119674440269845,NEUTRAL,0.034324459045588736,0.034324459045588736,0.017162229522794368,2751247.1,1.0,1,exclude,1,31,26,0.519847,0.011512,0.9996,ok,0.0028090605565618265,1.0383678496126818,0.9999549362579127,26,-0.020289855072463725,-0.00014445716255619945,1,500000.0,2023-01_2025-06
1,C1 Ridge,2024-02,2024-02-29,P_selected,BCP,0.0061475853104159825,BUY,0.15672617712166312,0.15672617712166312,0.15672617712166312,22981976.9,1.0,1,exclude,1,31,26,0.519847,0.011512,0.9996,ok,0.0028090605565618265,1.0383678496126818,0.9999549362579127,26,-0.020198675496688856,-0.00012417308077330367,1,500000.0,2023-01_2025-06
1,C1 Ridge,2024-02,2024-02-29,P_selected,BCI,0.00463101269943708,BUY,0.4030500515209527,0.4030500515209527,0.4030500515209527,1035423.3800000001,0.9999965140765344,1,exclude,1,31,26,0.519847,0.011512,0.9996,ok,0.0028090605565618265,1.0383678496126818,0.9999549362579127,26,0.0608695652173914,0.0002818877295309531,1,500000.0,2023-01_2025-06
1,C1 Ridge,2024-02,2024-02-29,P_selected,ARD,0.003447650186616699,BUY,0.196699859625596,0.196699859625596,0.196699859625596,949676.8875,0.9999862551169507,1,exclude,1,31,26,0.519847,0.011512,0.9996,ok,0.0028090605565618265,1.0383678496126818,0.9999549362579127,26,0.0,0.0,1,500000.0,2023-01_2025-06
1,C1 Ridge,2024-02,2024-02-29,P_selected,MUT,0.002139139213879828,BUY,0.2974267625353615,0.2974267625353615,0.2974267625353615,2293581.0324999997,0.9999999999999938,1,exclude,1,31,26,0.519847,0.011512,0.9996,ok,0.0028090605565618265,1.0383678496126818,0.9999549362579127,26,-0.02434456928838946,-5.207642280980843e-05,1,500000.0,2023-01_2025-06
1,C1 Ridge,2024-02,2024-02-29,P_selected,SBM,0.0018714756071471254,NEUTRAL,-0.05135357966935996,-0.05135357966935996,-0.02567678983467998,964254.3,0.9999891145082294,1,exclude,1,31,26,0.519847,0.011512,0.9996,ok,0.0028090605565618265,1.0383678496126818,0.9999549362579127,26,0.1129431162407255,0.00021137028703970012,1,500000.0,2023-01_2025-06
1,C1 Ridge,2024-02,2024-02-29,P_selected,LHM,0.000705448020307228,NEUTRAL,0.08531037703817866,0.08531037703817866,0.04265518851908933,3145116.1,1.0,1,exclude,1,31,26,0.519847,0.011512,0.9996,ok,0.0028090605565618265,1.0383678496126818,0.9999549362579127,26,-0.011657374556512945,-8.223671802871907e-06,1,500000.0,2023-01_2025-06
1,C1 Ridge,2024-02,2024-02-29,P_selected,TGC,0.0004535585448021604,BUY,0.44967766672009807,0.44967766672009807,0.44967766672009807,7327413.1875,1.0,1,exclude,1,31,26,0.519847,0.011512,0.9996,ok,0.0028090605565618265,1.0383678496126818,0.9999549362579127,26,0.08974358974358965,4.070397196942461e-05,1,500000.0,2023-01_2025-06
1,C1 Ridge,2024-02,2024-02-29,P_selected,MSA,0.0003938182902528131,NEUTRAL,-0.04104933356196707,-0.04104933356196707,-0.020524666780983535,7937476.967500001,1.0,1,exclude,1,31,26,0.519847,0.011512,0.9996,ok,0.0028090605565618265,1.0383678496126818,0.9999549362579127,26,-0.03464919841406655,-1.3645488078058173e-05,1,500000.0,2023-01_2025-06
1,C1 Ridge,2024-02,2024-02-29,P_selected,CIH,0.000258257827662181,BUY,0.27855884768322664,0.27855884768322664,0.27855884768322664,2469183.2825,0.9999999999999996,1,exclude,1,31,26,0.519847,0.011512,0.9996,ok,0.0028090605565618265,1.0383678496126818,0.9999549362579127,26,0.012328767123287676,3.184000615013192e-06,1,500000.0,2023-01_2025-06
1,C1 Ridge,2024-02,2024-02-29,P_selected,ADH,0.0001618602565867435,BUY,0.46948540569000347,0.46948540569000347,0.46948540569000347,10067875.521000002,1.0,1,exclude,1,31,26,0.519847,0.011512,0.9996,ok,0.0028090605565618265,1.0383678496126818,0.9999549362579127,26,0.11956521739130443,1.93528567658063e-05,1,500000.0,2023-01_2025-06
1,C1 Ridge,2024-02,2024-02-29,P_selected,IAM,0.00015843392716819542,BUY,0.18992354725211047,0.18992354725211047,0.18992354725211047,21562363.474,1.0,1,exclude,1,31,26,0.519847,0.011512,0.9996,ok,0.0028090605565618265,1.0383678496126818,0.9999549362579127,26,-0.02512077294685988,-3.9799827114715725e-06,1,500000.0,2023-01_2025-06
1,C1 Ridge,2024-02,2024-02-29,P_selected,CMT,0.0001235084241531132,BUY,0.18230688466936817,0.18230688466936817,0.18230688466936817,4929366.0,1.0,1,exclude,1,31,26,0.519847,0.011512,0.9996,ok,0.0028090605565618265,1.0383678496126818,0.9999549362579127,26,-0.11923076923076925,-1.4726004418255806e-05,1,500000.0,2023-01_2025-06
1,C1 Ridge,2024-03,2024-03-29,P_selected,CFG,0.35233139766822846,BUY,0.10661096910348955,0.10661096910348955,0.10661096910348955,3098808.275,1.0,1,exclude,1,34,27,0.422853,0.009331,1.0,ok,0.07208424579743333,1.2640852289065245,0.9998821240652821,27,-0.02517753389283417,-0.008870835706301455,1,500000.0,2023-01_2025-06
1,C1 Ridge,2024-03,2024-03-29,P_selected,AKT,0.14344328839188772,BUY,0.39169363663931356,0.39169363663931356,0.39169363663931356,5701409.33,1.0,1,exclude,1,34,27,0.422853,0.009331,1.0,ok,0.07208424579743333,1.2640852289065245,0.9998821240652821,27,0.0591176470588235,0.008480029696108652,1,500000.0,2023-01_2025-06
1,C1 Ridge,2024-03,2024-03-29,P_selected,CDM,0.13236050741755992,BUY,0.5922955484658023,0.5922955484658023,0.5922955484658023,5514061.404999999,1.0,1,exclude,1,34,27,0.422853,0.009331,1.0,ok,0.07208424579743333,1.2640852289065245,0.9998821240652821,27,0.0033333333333334103,0.0004412016913918766,1,500000.0,2023-01_2025-06
1,C1 Ridge,2024-03,2024-03-29,P_selected,JET,0.0756469857367763,BUY,0.9581416238913613,0.9581416238913613,0.9581416238913613,2114080.415,0.9999999999998885,1,exclude,1,34,27,0.422853,0.009331,1.0,ok,0.07208424579743333,1.2640852289065245,0.9998821240652821,27,0.42352941176470593,0.03203872337086997,1,500000.0,2023-01_2025-06
1,C1 Ridge,2024-03,2024-03-29,P_selected,ADI,0.06443207573596711,BUY,0.7043740471302076,0.7043740471302076,0.7043740471302076,8374011.227500001,1.0,1,exclude,1,34,27,0.422853,0.009331,1.0,ok,0.07208424579743333,1.2640852289065245,0.9998821240652821,27,0.04952723998199016,0.003191142877513008,1,500000.0,2023-01_2025-06
1,C1 Ridge,2024-03,2024-03-29,P_selected,RDS,0.05534950060760209,BUY,1.0046803050257536,1.0046803050257536,1.0046803050257536,2936320.8575,1.0,1,exclude,1,34,27,0.422853,0.009331,1.0,ok,0.07208424579743333,1.2640852289065245,0.9998821240652821,27,0.4993939393939393,0.027641205151917644,1,500000.0,2023-01_2025-06
1,C1 Ridge,2024-03,2024-03-29,P_selected,TGC,0.05497663790745302,BUY,0.5176167289734244,0.5176167289734244,0.5176167289734244,5166311.55,1.0,1,exclude,1,34,27,0.422853,0.009331,1.0,ok,0.07208424579743333,1.2640852289065245,0.9998821240652821,27,0.21843137254901945,0.012008622476255415,1,500000.0,2023-01_2025-06
1,C1 Ridge,2024-03,2024-03-29,P_selected,DYT,0.0402895370815357,BUY,0.6745874326996848,0.6745874326996848,0.6745874326996848,710520.0700000001,0.9993694712769375,1,exclude,1,34,27,0.422853,0.009331,1.0,ok,0.07208424579743333,1.2640852289065245,0.9998821240652821,27,-0.01922322479403693,-0.0007744948281660474,1,500000.0,2023-01_2025-06
1,C1 Ridge,2024-03,2024-03-29,P_selected,SMI,0.027577545755677824,BUY,0.4961438121506904,0.4961438121506904,0.4961438121506904,722877.55,0.9994825296888584,1,exclude,1,34,27,0.422853,0.009331,1.0,ok,0.07208424579743333,1.2640852289065245,0.9998821240652821,27,0.11562500000000009,0.003188653728000251,1,500000.0,2023-01_2025-06
1,C1 Ridge,2024-03,2024-03-29,P_selected,MNG,0.009967743913988645,NEUTRAL,0.07095122631493067,0.07095122631493067,0.035475613157465336,2789222.85,1.0,1,exclude,1,34,27,0.422853,0.009331,1.0,ok,0.07208424579743333,1.2640852289065245,0.9998821240652821,27,0.3360000000000001,0.0033491619551001854,1,500000.0,2023-01_2025-06
1,C1 Ridge,2024-03,2024-03-29,P_selected,EQD,0.009537933933704772,BUY,0.3140665630254824,0.3140665630254824,0.3140665630254824,2302739.15,0.9999999999999944,1,exclude,1,34,27,0.422853,0.009331,1.0,ok,0.07208424579743333,1.2640852289065245,0.9998821240652821,27,0.06695652173913036,0.0006386268807784927,1,500000.0,2023-01_2025-06
1,C1 Ridge,2024-03,2024-03-29,P_selected,TMA,0.007745534471826975,BUY,0.15636517837776617,0.15636517837776617,0.15636517837776617,1932797.55,0.9999999999979736,1,exclude,1,34,27,0.422853,0.009331,1.0,ok,0.07208424579743333,1.2640852289065245,0.9998821240652821,27,0.00786275911365264,6.090127175846823e-05,1,500000.0,2023-01_2025-06
1,C1 Ridge,2024-03,2024-03-29,P_selected,GAZ,0.006957136722537289,NEUTRAL,0.07130959155565667,0.07130959155565667,0.03565479577782833,2556413.0,1.0,1,exclude,1,34,27,0.422853,0.009331,1.0,ok,0.07208424579743333,1.2640852289065245,0.9998821240652821,27,-0.03488372093023251,-0.0002426908159024632,1,500000.0,2023-01_2025-06
1,C1 Ridge,2024-03,2024-03-29,P_selected,BOA,0.004340674105045837,BUY,0.2093207266543659,0.2093207266543659,0.2093207266543659,2661902.9025,1.0,1,exclude,1,34,27,0.422853,0.009331,1.0,ok,0.07208424579743333,1.2640852289065245,0.9998821240652821,27,-0.01538461538461533,-6.677960161608955e-05,1,500000.0,2023-01_2025-06
1,C1 Ridge,2024-03,2024-03-29,P_selected,CMA,0.004171726187310999,NEUTRAL,-0.07386398993197946,-0.07386398993197946,-0.03693199496598973,3302835.7,1.0,1,exclude,1,34,27,0.422853,0.009331,1.0,ok,0.07208424579743333,1.2640852289065245,0.9998821240652821,27,0.040804257835600266,0.00017022419096656365,1,500000.0,2023-01_2025-06
1,C1 Ridge,2024-03,2024-03-29,P_selected,CMT,0.0036357621218534118,BUY,0.18682580250657235,0.18682580250657235,0.18682580250657235,906131.4,0.999972412008993,1,exclude,1,34,27,0.422853,0.009331,1.0,ok,0.07208424579743333,1.2640852289065245,0.9998821240652821,27,0.15283842794759828,0.0005556841670954997,1,500000.0,2023-01_2025-06
1,C1 Ridge,2024-03,2024-03-29,P_selected,LBV,0.002165977735329575,NEUTRAL,0.06623519285380407,0.06623519285380407,0.033117596426902034,4552965.35,1.0,1,exclude,1,34,27,0.422853,0.009331,1.0,ok,0.07208424579743333,1.2640852289065245,0.9998821240652821,27,-0.06240487062404876,-0.00013516756034781223,1,500000.0,2023-01_2025-06
1,C1 Ridge,2024-03,2024-03-29,P_selected,ATW,0.001286334367626252,NEUTRAL,-0.0069868833081520795,-0.0069868833081520795,-0.0034934416540760398,12538974.315000001,1.0,1,exclude,1,34,27,0.422853,0.009331,1.0,ok,0.07208424579743333,1.2640852289065245,0.9998821240652821,27,-0.012404016538688611,-1.5955712770319585e-05,1,500000.0,2023-01_2025-06
1,C1 Ridge,2024-03,2024-03-29,P_selected,ADH,0.0008223862960364511,BUY,0.41645398094842573,0.41645398094842573,0.41645398094842573,24778300.532,1.0,1,exclude,1,34,27,0.422853,0.009331,1.0,ok,0.07208424579743333,1.2640852289065245,0.9998821240652821,27,0.5728155339805823,0.00047107564530243296,1,500000.0,2023-01_2025-06
1,C1 Ridge,2024-03,2024-03-29,P_selected,SNP,0.0006140345705431576,BUY,0.45190141342810514,0.45190141342810514,0.45190141342810514,2061066.1149999998,0.9999999999997398,1,exclude,1,34,27,0.422853,0.009331,1.0,ok,0.07208424579743333,1.2640852289065245,0.9998821240652821,27,0.04162162162162164,2.5557114557742245e-05,1,500000.0,2023-01_2025-06
1,C1 Ridge,2024-03,2024-03-29,P_selected,RIS,0.0005459327886892774,BUY,0.34949276609470376,0.34949276609470376,0.34949276609470376,3785209.81,1.0,1,exclude,1,34,27,0.422853,0.009331,1.0,ok,0.07208424579743333,1.2640852289065245,0.9998821240652821,27,0.07880547490667777,4.302249267978547e-05,1,500000.0,2023-01_2025-06
1,C1 Ridge,2024-03,2024-03-29,P_selected,SID,0.00044010322398780303,BUY,0.419991519922909,0.419991519922909,0.419991519922909,2181045.175,0.9999999999999618,1,exclude,1,34,27,0.422853,0.009331,1.0,ok,0.07208424579743333,1.2640852289065245,0.9998821240652821,27,0.14054054054054044,6.185234499288038e-05,1,500000.0,2023-01_2025-06
1,C1 Ridge,2024-03,2024-03-29,P_selected,ATH,0.00033426634760514205,BUY,0.20717505575797734,0.20717505575797734,0.20717505575797734,1238156.2339999997,0.9999998639848936,1,exclude,1,34,27,0.422853,0.009331,1.0,ok,0.07208424579743333,1.2640852289065245,0.9998821240652821,27,0.1890624999999999,6.319723134409714e-05,1,500000.0,2023-01_2025-06
1,C1 Ridge,2024-03,2024-03-29,P_selected,IAM,0.0003067106447706289,NEUTRAL,-0.030622842271363936,-0.030622842271363936,-0.015311421135681968,7433794.630000001,1.0,1,exclude,1,34,27,0.422853,0.009331,1.0,ok,0.07208424579743333,1.2640852289065245,0.9998821240652821,27,-0.04410307234886024,-1.352688175648462e-05,1,500000.0,2023-01_2025-06
1,C1 Ridge,2024-03,2024-03-29,P_selected,TQM,0.000252557086896533,NEUTRAL,0.01200699693446635,0.01200699693446635,0.006003498467233175,1267530.4,0.9999999149891111,1,exclude,1,34,27,0.422853,0.009331,1.0,ok,0.07208424579743333,1.2640852289065245,0.9998821240652821,27,-0.07209136331192001,-1.820718470845811e-05,1,500000.0,2023-01_2025-06
1,C1 Ridge,2024-03,2024-03-29,P_selected,ATL,0.00021626259565010422,NEUTRAL,0.022571536800470117,0.022571536800470117,0.011285768400235058,2370839.145,0.9999999999999982,1,exclude,1,34,27,0.422853,0.009331,1.0,ok,0.07208424579743333,1.2640852289065245,0.9998821240652821,27,0.16129032258064524,3.4881063814532956e-05,1,500000.0,2023-01_2025-06
1,C1 Ridge,2024-03,2024-03-29,P_selected,CIH,0.0001335706491909625,BUY,0.20137517935208823,0.20137517935208823,0.20137517935208823,3307958.6450000005,1.0,1,exclude,1,34,27,0.422853,0.009331,1.0,ok,0.07208424579743333,1.2640852289065245,0.9998821240652821,27,0.025710419485791558,3.4341574216891508e-06,1,500000.0,2023-01_2025-06
1,C1 Ridge,2024-04,2024-04-30,P_selected,AKT,0.22087318451285434,BUY,0.41333023583106016,0.41333023583106016,0.41333023583106016,11312012.120000001,1.0,1,exclude,1,34,30,0.417556,0.010116,0.9975,ok,0.00440110348954037,0.9783585866557365,0.9998564011297354,30,-0.06388888888888888,-0.014111342343876804,1,500000.0,2023-01_2025-06
1,C1 Ridge,2024-04,2024-04-30,P_selected,CFG,0.13187323082790794,NEUTRAL,0.07766123406031993,0.07766123406031993,0.03883061703015996,4652391.455,1.0,1,exclude,1,34,30,0.417556,0.010116,0.9975,ok,0.00440110348954037,0.9783585866557365,0.9998564011297354,30,0.06721854304635766,0.00886432644306799,1,500000.0,2023-01_2025-06
1,C1 Ridge,2024-04,2024-04-30,P_selected,IMO,0.1269502036530294,BUY,0.2691753395518992,0.2691753395518992,0.2691753395518992,524083.61100000003,0.9876946294827621,1,exclude,1,34,30,0.417556,0.010116,0.9975,ok,0.00440110348954037,0.9783585866557365,0.9998564011297354,30,0.035490830636461634,0.0045055681771139795,1,500000.0,2023-01_2025-06
1,C1 Ridge,2024-04,2024-04-30,P_selected,JET,0.09375260284267982,BUY,1.044679170057889,1.044679170057889,1.044679170057889,7520058.69,1.0,1,exclude,1,34,30,0.417556,0.010116,0.9975,ok,0.00440110348954037,0.9783585866557365,0.9998564011297354,30,-0.0984126984126984,-0.009226446628962139,1,500000.0,2023-01_2025-06
1,C1 Ridge,2024-04,2024-04-30,P_selected,FBR,0.09367662515745556,BUY,0.3436755135805061,0.3436755135805061,0.3436755135805061,541356.7455,0.9906381640699479,1,exclude,1,34,30,0.417556,0.010116,0.9975,ok,0.00440110348954037,0.9783585866557365,0.9998564011297354,30,0.04469026548672561,0.0041864332481871686,1,500000.0,2023-01_2025-06
1,C1 Ridge,2024-04,2024-04-30,P_selected,ADI,0.07502675032156385,BUY,0.8848033277956047,0.8848033277956047,0.8848033277956047,40987828.1325,1.0,1,exclude,1,34,30,0.417556,0.010116,0.9975,ok,0.00440110348954037,0.9783585866557365,0.9998564011297354,30,0.0376958915713681,0.0028282002450737776,1,500000.0,2023-01_2025-06
1,C1 Ridge,2024-04,2024-04-30,P_selected,DYT,0.06536124299646576,BUY,0.6700216285358811,0.6700216285358811,0.6700216285358811,2030098.7274999998,0.9999999999995728,1,exclude,1,34,30,0.417556,0.010116,0.9975,ok,0.00440110348954037,0.9783585866557365,0.9998564011297354,30,0.00989699050696835,0.0006468796014596731,1,500000.0,2023-01_2025-06
1,C1 Ridge,2024-04,2024-04-30,P_selected,BOA,0.050492206182703295,BUY,0.262193527426174,0.262193527426174,0.262193527426174,2797790.9925,1.0,1,exclude,1,34,30,0.417556,0.010116,0.9975,ok,0.00440110348954037,0.9783585866557365,0.9998564011297354,30,0.02472670484122852,0.0012485058790621581,1,500000.0,2023-01_2025-06
1,C1 Ridge,2024-04,2024-04-30,P_selected,SMI,0.029802746130496705,BUY,0.33732764991759073,0.33732764991759073,0.33732764991759073,661098.2,0.9986107086157655,1,exclude,1,34,30,0.417556,0.010116,0.9975,ok,0.00440110348954037,0.9783585866557365,0.9998564011297354,30,0.3566986998304127,0.010630600796124037,1,500000.0,2023-01_2025-06
1,C1 Ridge,2024-04,2024-04-30,P_selected,SOT,0.027296075178035305,NEUTRAL,0.038255744492264224,0.038255744492264224,0.019127872246132112,1154984.31,0.9999994853349183,1,exclude,1,34,30,0.417556,0.010116,0.9975,ok,0.00440110348954037,0.9783585866557365,0.9998564011297354,30,0.048879837067209886,0.0013342277072766779,1,500000.0,2023-01_2025-06
1,C1 Ridge,2024-04,2024-04-30,P_selected,RIS,0.020306801986845136,BUY,0.33754010382221195,0.33754010382221195,0.33754010382221195,7575247.3,1.0,1,exclude,1,34,30,0.417556,0.010116,0.9975,ok,0.00440110348954037,0.9783585866557365,0.9998564011297354,30,-0.0773076923076923,-0.0015698719997522584,1,500000.0,2023-01_2025-06
1,C1 Ridge,2024-04,2024-04-30,P_selected,ARD,0.012463550329370167,BUY,0.18412689433600987,0.18412689433600987,0.18412689433600987,3736586.44,1.0,1,exclude,1,34,30,0.417556,0.010116,0.9975,ok,0.00440110348954037,0.9783585866557365,0.9998564011297354,30,-0.09743967581506718,-0.001214444303598603,1,500000.0,2023-01_2025-06
1,C1 Ridge,2024-04,2024-04-30,P_selected,IAM,0.009614334698962727,BUY,0.17382260115558168,0.17382260115558168,0.17382260115558168,12905227.779500002,1.0,1,exclude,1,34,30,0.417556,0.010116,0.9975,ok,0.00440110348954037,0.9783585866557365,0.9998564011297354,30,-0.04365904365904372,-0.0004197526583746726,1,500000.0,2023-01_2025-06
1,C1 Ridge,2024-04,2024-04-30,P_selected,CSR,0.008893980849007263,NEUTRAL,-0.0059164028334369664,-0.0059164028334369664,-0.0029582014167184832,3788110.8225000002,1.0,1,exclude,1,34,30,0.417556,0.010116,0.9975,ok,0.00440110348954037,0.9783585866557365,0.9998564011297354,30,-0.004102564102564155,-3.648812656003026e-05,1,500000.0,2023-01_2025-06
1,C1 Ridge,2024-04,2024-04-30,P_selected,MNG,0.0075469122203748705,BUY,0.20299206460108166,0.20299206460108166,0.20299206460108166,4523386.4,1.0,1,exclude,1,34,30,0.417556,0.010116,0.9975,ok,0.00440110348954037,0.9783585866557365,0.9998564011297354,30,-0.029945170814002497,-0.00022599357555740836,1,500000.0,2023-01_2025-06
1,C1 Ridge,2024-04,2024-04-30,P_selected,TMA,0.005418927430950024,BUY,0.20317375102651605,0.20317375102651605,0.20317375102651605,1436102.7,0.9999999942705322,1,exclude,1,34,30,0.417556,0.010116,0.9975,ok,0.00440110348954037,0.9783585866557365,0.9998564011297354,30,-0.014285714285714235,-7.741324901357151e-05,1,500000.0,2023-01_2025-06
1,C1 Ridge,2024-04,2024-04-30,P_selected,CMA,0.004665823009317269,NEUTRAL,-0.04778504819332991,-0.04778504819332991,-0.023892524096664956,6509271.2,1.0,1,exclude,1,34,30,0.417556,0.010116,0.9975,ok,0.00440110348954037,0.9783585866557365,0.9998564011297354,30,0.011938601478112654,5.570340147564717e-05,1,500000.0,2023-01_2025-06
1,C1 Ridge,2024-04,2024-04-30,P_selected,DHO,0.004240386464359088,BUY,0.2378558882672816,0.2378558882672816,0.2378558882672816,3179604.356,1.0,1,exclude,1,34,30,0.417556,0.010116,0.9975,ok,0.00440110348954037,0.9783585866557365,0.9998564011297354,30,0.0652173913043479,0.0002765469433277669,1,500000.0,2023-01_2025-06
1,C1 Ridge,2024-04,2024-04-30,P_selected,LBV,0.0024007694760674794,NEUTRAL,0.055147581086658966,0.055147581086658966,0.027573790543329483,3613116.1,1.0,1,exclude,1,34,30,0.417556,0.010116,0.9975,ok,0.00440110348954037,0.9783585866557365,0.9998564011297354,30,-0.02564102564102566,-6.155819169403799e-05,1,500000.0,2023-01_2025-06
1,C1 Ridge,2024-04,2024-04-30,P_selected,ATH,0.0018812975044726781,BUY,0.32172031939593443,0.32172031939593443,0.32172031939593443,2456654.2399999998,0.9999999999999996,1,exclude,1,34,30,0.417556,0.010116,0.9975,ok,0.00440110348954037,0.9783585866557365,0.9998564011297354,30,-0.051948051948051965,-9.77297404920872e-05,1,500000.0,2023-01_2025-06
1,C1 Ridge,2024-04,2024-04-30,P_selected,ADH,0.00175129822556573,BUY,0.7150278565722568,0.7150278565722568,0.7150278565722568,71808781.5165,1.0,1,exclude,1,34,30,0.417556,0.010116,0.9975,ok,0.00440110348954037,0.9783585866557365,0.9998564011297354,30,-0.07120743034055721,-0.00012470544640251317,1,500000.0,2023-01_2025-06
1,C1 Ridge,2024-04,2024-04-30,P_selected,BCI,0.0014896474137992355,BUY,0.24578931033052162,0.24578931033052162,0.24578931033052162,3620510.15,1.0,1,exclude,1,34,30,0.417556,0.010116,0.9975,ok,0.00440110348954037,0.9783585866557365,0.9998564011297354,30,0.0967184801381693,0.00014407643380441663,1,500000.0,2023-01_2025-06
1,C1 Ridge,2024-04,2024-04-30,P_selected,MUT,0.0007749984223156736,BUY,0.1697353890997823,0.1697353890997823,0.1697353890997823,2138142.6,0.9999999999999241,1,exclude,1,34,30,0.417556,0.010116,0.9975,ok,0.00440110348954037,0.9783585866557365,0.9998564011297354,30,0.030188679245283012,2.3396178786888253e-05,1,500000.0,2023-01_2025-06
1,C1 Ridge,2024-04,2024-04-30,P_selected,TQM,0.0006860092234079697,BUY,0.10887209297903629,0.10887209297903629,0.10887209297903629,3067345.3,1.0,1,exclude,1,34,30,0.417556,0.010116,0.9975,ok,0.00440110348954037,0.9783585866557365,0.9998564011297354,30,-0.014814814814814836,-1.016309960604401e-05,1,500000.0,2023-01_2025-06
1,C1 Ridge,2024-04,2024-04-30,P_selected,ATW,0.0006312890451863375,NEUTRAL,0.04758330341101356,0.04758330341101356,0.02379165170550678,18544729.095,1.0,1,exclude,1,34,30,0.417556,0.010116,0.9975,ok,0.00440110348954037,0.9783585866557365,0.9998564011297354,30,0.02610081689579613,1.6477159776730564e-05,1,500000.0,2023-01_2025-06
1,C1 Ridge,2024-04,2024-04-30,P_selected,LHM,0.0006281134312092115,NEUTRAL,0.01894908742261984,0.01894908742261984,0.00947454371130992,8023706.2,1.0,1,exclude,1,34,30,0.417556,0.010116,0.9975,ok,0.00440110348954037,0.9783585866557365,0.9998564011297354,30,-0.024752475247524774,-1.5547362158643863e-05,1,500000.0,2023-01_2025-06
1,C1 Ridge,2024-04,2024-04-30,P_selected,TGC,0.0005544783792144179,BUY,0.4593256895561704,0.4593256895561704,0.4593256895561704,56961280.685,1.0,1,exclude,1,34,30,0.417556,0.010116,0.9975,ok,0.00440110348954037,0.9783585866557365,0.9998564011297354,30,0.019354838709677358,1.0731839597698375e-05,1,500000.0,2023-01_2025-06
1,C1 Ridge,2024-04,2024-04-30,P_selected,CIH,0.0004779791062355075,BUY,0.2272071636400841,0.2272071636400841,0.2272071636400841,3504226.425,1.0,1,exclude,1,34,30,0.417556,0.010116,0.9975,ok,0.00440110348954037,0.9783585866557365,0.9998564011297354,30,0.006578947368421018,3.144599383128322e-06,1,500000.0,2023-01_2025-06
1,C1 Ridge,2024-04,2024-04-30,P_selected,ATL,0.0002018968232866864,NEUTRAL,0.08671115932705864,0.08671115932705864,0.04335557966352932,2920780.725,1.0,1,exclude,1,34,30,0.417556,0.010116,0.9975,ok,0.00440110348954037,0.9783585866557365,0.9998564011297354,30,-0.07094594594594594,-1.4323761111555454e-05,1,500000.0,2023-01_2025-06
1,C1 Ridge,2024-04,2024-04-30,P_selected,SBM,0.0001230392865959595,NEUTRAL,-0.03182391295706017,-0.03182391295706017,-0.015911956478530085,721516.3,0.9994711415796494,1,exclude,1,34,30,0.417556,0.010116,0.9975,ok,0.00440110348954037,0.9783585866557365,0.9998564011297354,30,-0.019607843137254943,-2.4125350312933287e-06,1,500000.0,2023-01_2025-06
1,C1 Ridge,2024-05,2024-05-31,P_selected,CFG,0.37274378145620507,BUY,0.2685910913926358,0.2685910913926358,0.2685910913926358,7738126.6274999995,1.0,1,exclude,1,35,29,0.344498,0.008933,0.9997,ok,-0.008839024652603444,1.0119265095509615,0.9997475972541593,29,-0.006211180124223614,-0.0023151787668087313,1,500000.0,2023-01_2025-06
1,C1 Ridge,2024-05,2024-05-31,P_selected,AKT,0.13178652646677774,BUY,0.17250444821173033,0.17250444821173033,0.17250444821173033,10812501.37,1.0,1,exclude,1,35,29,0.344498,0.008933,0.9997,ok,-0.008839024652603444,1.0119265095509615,0.9997475972541593,29,0.03134328358208949,0.004130622471346756,1,500000.0,2023-01_2025-06
1,C1 Ridge,2024-05,2024-05-31,P_selected,JET,0.06106027156683183,BUY,0.5044039619761006,0.5044039619761006,0.5044039619761006,1570905.0050000001,0.9999999993371551,1,exclude,1,35,29,0.344498,0.008933,0.9997,ok,-0.008839024652603444,1.0119265095509615,0.9997475972541593,29,0.012323943661971759,0.0007525033467743315,1,500000.0,2023-01_2025-06
1,C1 Ridge,2024-05,2024-05-31,P_selected,RDS,0.05521298141925873,BUY,1.4554867387915504,1.4554867387915504,1.4554867387915504,18868393.257,1.0,1,exclude,1,35,29,0.344498,0.008933,0.9997,ok,-0.008839024652603444,1.0119265095509615,0.9997475972541593,29,-0.052158273381295084,-0.002879813779062063,1,500000.0,2023-01_2025-06
1,C1 Ridge,2024-05,2024-05-31,P_selected,ADI,0.052671740698744585,BUY,0.5538988459203872,0.5538988459203872,0.5538988459203872,10512214.0175,1.0,1,exclude,1,35,29,0.344498,0.008933,0.9997,ok,-0.008839024652603444,1.0119265095509615,0.9997475972541593,29,-0.000406338886631441,-2.1402576472467834e-05,1,500000.0,2023-01_2025-06
1,C1 Ridge,2024-05,2024-05-31,P_selected,BOA,0.04919389338955386,BUY,0.296426435161262,0.296426435161262,0.296426435161262,2986016.01,1.0,1,exclude,1,35,29,0.344498,0.008933,0.9997,ok,-0.008839024652603444,1.0119265095509615,0.9997475972541593,29,-0.0005154639175257714,-2.535767700492458e-05,1,500000.0,2023-01_2025-06
1,C1 Ridge,2024-05,2024-05-31,P_selected,SMI,0.04602467317571089,BUY,0.602919186744021,0.602919186744021,0.602919186744021,2533510.5,0.9999999999999998,1,exclude,1,35,29,0.344498,0.008933,0.9997,ok,-0.008839024652603444,1.0119265095509615,0.9997475972541593,29,-0.01673640167364021,-0.0007702874171667115,1,500000.0,2023-01_2025-06
1,C1 Ridge,2024-05,2024-05-31,P_selected,EQD,0.030887124691203076,BUY,0.30182362243900296,0.30182362243900296,0.30182362243900296,1168745.5,0.9999995870454972,1,exclude,1,35,29,0.344498,0.008933,0.9997,ok,-0.008839024652603444,1.0119265095509615,0.9997475972541593,29,-0.10338983050847461,-0.003193414586717607,1,500000.0,2023-01_2025-06
1,C1 Ridge,2024-05,2024-05-31,P_selected,TMA,0.02701723434601779,NEUTRAL,0.05286514682845187,0.05286514682845187,0.026432573414225936,1126346.1,0.9999991861895933,1,exclude,1,35,29,0.344498,0.008933,0.9997,ok,-0.008839024652603444,1.0119265095509615,0.9997475972541593,29,-0.0007246376811593791,-1.9577706047837863e-05,1,500000.0,2023-01_2025-06
1,C1 Ridge,2024-05,2024-05-31,P_selected,SLF,0.026583993203118893,BUY,0.24043909556853674,0.24043909556853674,0.24043909556853674,635725.525,0.9979164749800901,1,exclude,1,35,29,0.344498,0.008933,0.9997,ok,-0.008839024652603444,1.0119265095509615,0.9997475972541593,29,-0.09999999999999998,-0.0026583993203118887,1,500000.0,2023-01_2025-06
1,C1 Ridge,2024-05,2024-05-31,P_selected,CIH,0.02568130259059894,BUY,0.2664655638557955,0.2664655638557955,0.2664655638557955,1201983.5025000004,0.9999997573719641,1,exclude,1,35,29,0.344498,0.008933,0.9997,ok,-0.008839024652603444,1.0119265095509615,0.9997475972541593,29,0.01437908496732021,0.0003692736320216828,1,500000.0,2023-01_2025-06
1,C1 Ridge,2024-05,2024-05-31,P_selected,IAM,0.022200298501591317,BUY,0.10211041739463636,0.10211041739463636,0.10211041739463636,12353891.8095,1.0,1,exclude,1,35,29,0.344498,0.008933,0.9997,ok,-0.008839024652603444,1.0119265095509615,0.9997475972541593,29,-0.014161220043573008,-0.00031438331211403877,1,500000.0,2023-01_2025-06
1,C1 Ridge,2024-05,2024-05-31,P_selected,ATL,0.019574163528750656,NEUTRAL,-0.015436215639349514,-0.015436215639349514,-0.007718107819674757,1528024.295,0.999999998683631,1,exclude,1,35,29,0.344498,0.008933,0.9997,ok,-0.008839024652603444,1.0119265095509615,0.9997475972541593,29,-0.07627711686494054,-0.0014930607590159708,1,500000.0,2023-01_2025-06
1,C1 Ridge,2024-05,2024-05-31,P_selected,COL,0.018198217690940006,BUY,0.21064553219857574,0.21064553219857574,0.21064553219857574,518978.0255000001,0.9866611838295463,1,exclude,1,35,29,0.344498,0.008933,0.9997,ok,-0.008839024652603444,1.0119265095509615,0.9997475972541593,29,-0.05393820325058052,-0.000981579164612232,1,500000.0,2023-01_2025-06
1,C1 Ridge,2024-05,2024-05-31,P_selected,LES,0.014434426303383112,BUY,0.10451773718969185,0.10451773718969185,0.10451773718969185,7936371.455,1.0,1,exclude,1,35,29,0.344498,0.008933,0.9997,ok,-0.008839024652603444,1.0119265095509615,0.9997475972541593,29,0.08303249097472931,0.0011985263717610537,1,500000.0,2023-01_2025-06
1,C1 Ridge,2024-05,2024-05-31,P_selected,TQM,0.010083309686455263,BUY,0.16331526653420508,0.16331526653420508,0.16331526653420508,19464618.25,1.0,1,exclude,1,35,29,0.344498,0.008933,0.9997,ok,-0.008839024652603444,1.0119265095509615,0.9997475972541593,29,-0.02182091798344621,-0.000220027073669829,1,500000.0,2023-01_2025-06
1,C1 Ridge,2024-05,2024-05-31,P_selected,MNG,0.009375511417903546,BUY,0.23952804468476357,0.23952804468476357,0.23952804468476357,5557865.45,1.0,1,exclude,1,35,29,0.344498,0.008933,0.9997,ok,-0.008839024652603444,1.0119265095509615,0.9997475972541593,29,0.08225108225108224,0.0007711459607799453,1,500000.0,2023-01_2025-06
1,C1 Ridge,2024-05,2024-05-31,P_selected,ARD,0.007558402283265133,BUY,0.12075944793451013,0.12075944793451013,0.12075944793451013,1972050.2199999995,0.9999999999989186,1,exclude,1,35,29,0.344498,0.008933,0.9997,ok,-0.008839024652603444,1.0119265095509615,0.9997475972541593,29,0.04166666666666674,0.0003149334284693811,1,500000.0,2023-01_2025-06
1,C1 Ridge,2024-05,2024-05-31,P_selected,LBV,0.007522629158332369,BUY,0.15786043967187896,0.15786043967187896,0.15786043967187896,10725821.85,1.0,1,exclude,1,35,29,0.344498,0.008933,0.9997,ok,-0.008839024652603444,1.0119265095509615,0.9997475972541593,29,0.0452380952380953,0.0003403094143055124,1,500000.0,2023-01_2025-06
1,C1 Ridge,2024-05,2024-05-31,P_selected,HPS,0.00596740195512393,NEUTRAL,-0.006963071292003999,-0.006963071292003999,-0.0034815356460019993,849645.0900000001,0.9999318902070133,1,exclude,1,35,29,0.344498,0.008933,0.9997,ok,-0.008839024652603444,1.0119265095509615,0.9997475972541593,29,-0.054545454545454564,-0.000325494652097669,1,500000.0,2023-01_2025-06
1,C1 Ridge,2024-05,2024-05-31,P_selected,BCI,0.0032250696986043563,BUY,0.3896093695577803,0.3896093695577803,0.3896093695577803,658592.8,0.9985539677877936,1,exclude,1,35,29,0.344498,0.008933,0.9997,ok,-0.008839024652603444,1.0119265095509615,0.9997475972541593,29,-0.047244094488189003,-0.00015236549757185943,1,500000.0,2023-01_2025-06
1,C1 Ridge,2024-05,2024-05-31,P_selected,DHO,0.0008091625873087641,BUY,0.2108781524040273,0.2108781524040273,0.2108781524040273,2500229.9525,0.9999999999999998,1,exclude,1,35,29,0.344498,0.008933,0.9997,ok,-0.008839024652603444,1.0119265095509615,0.9997475972541593,29,0.0006126199714111547,4.95709161104071e-07,1,500000.0,2023-01_2025-06
1,C1 Ridge,2024-05,2024-05-31,P_selected,SID,0.0005209626925627983,BUY,0.2938728129666063,0.2938728129666063,0.2938728129666063,2427413.0650000004,0.9999999999999993,1,exclude,1,35,29,0.344498,0.008933,0.9997,ok,-0.008839024652603444,1.0119265095509615,0.9997475972541593,29,0.01833740831295838,9.553105609342238e-06,1,500000.0,2023-01_2025-06
1,C1 Ridge,2024-05,2024-05-31,P_selected,CSR,0.00030156237275332767,NEUTRAL,0.02294026275924365,0.02294026275924365,0.011470131379621825,2165682.745,0.9999999999999512,1,exclude,1,35,29,0.344498,0.008933,0.9997,ok,-0.008839024652603444,1.0119265095509615,0.9997475972541593,29,0.004871794871794899,1.4691500211059635e-06,1,500000.0,2023-01_2025-06
1,C1 Ridge,2024-05,2024-05-31,P_selected,CMA,0.00029419224473257934,NEUTRAL,-0.07239819930888247,-0.07239819930888247,-0.036199099654441236,12763053.1,1.0,1,exclude,1,35,29,0.344498,0.008933,0.9997,ok,-0.008839024652603444,1.0119265095509615,0.9997475972541593,29,0.025352112676056304,7.458394936882283e-06,1,500000.0,2023-01_2025-06
1,C1 Ridge,2024-05,2024-05-31,P_selected,SBM,0.0002912639600171703,NEUTRAL,0.06138190843734849,0.06138190843734849,0.030690954218674245,1527488.65,0.9999999986723009,1,exclude,1,35,29,0.344498,0.008933,0.9997,ok,-0.008839024652603444,1.0119265095509615,0.9997475972541593,29,-0.020399999999999974,-5.941784784350266e-06,1,500000.0,2023-01_2025-06
1,C1 Ridge,2024-05,2024-05-31,P_selected,TGC,0.00019868752514278,BUY,0.10676895869035011,0.10676895869035011,0.10676895869035011,7336001.345000001,1.0,1,exclude,1,35,29,0.344498,0.008933,0.9997,ok,-0.008839024652603444,1.0119265095509615,0.9997475972541593,29,-0.011164274322169043,-2.218202035086855e-06,1,500000.0,2023-01_2025-06
1,C1 Ridge,2024-05,2024-05-31,P_selected,ADH,0.00018548306553863372,BUY,0.3538982929983797,0.3538982929983797,0.3538982929983797,22250421.9585,1.0,1,exclude,1,35,29,0.344498,0.008933,0.9997,ok,-0.008839024652603444,1.0119265095509615,0.9997475972541593,29,-0.038730158730158726,-7.183788570067718e-06,1,500000.0,2023-01_2025-06
1,C1 Ridge,2024-05,2024-05-31,P_selected,ATW,0.0001433295777323613,BUY,0.12685515114441015,0.12685515114441015,0.12685515114441015,24880829.09,1.0,1,exclude,1,35,29,0.344498,0.008933,0.9997,ok,-0.008839024652603444,1.0119265095509615,0.9997475972541593,29,0.000970873786407811,1.3915492983725028e-07,1,500000.0,2023-01_2025-06
1,C1 Ridge,2024-06,2024-06-28,P_selected,CFG,0.4,BUY,0.34399535323482333,0.34399535323482333,0.34399535323482333,10786535.65,1.0,1,exclude,1,32,25,0.430596,0.009644,1.0,ok,0.12442827060475081,0.40591296562411994,0.9999821199478072,25,0.09375,0.037500000000000006,1,500000.0,2023-01_2025-06
1,C1 Ridge,2024-06,2024-06-28,P_selected,AKT,0.1786832848519229,BUY,0.3890517304391232,0.3890517304391232,0.3890517304391232,5041155.0649999995,1.0,1,exclude,1,32,25,0.430596,0.009644,1.0,ok,0.12442827060475081,0.40591296562411994,0.9999821199478072,25,0.3632416787264834,0.06490521634997488,1,500000.0,2023-01_2025-06
1,C1 Ridge,2024-06,2024-06-28,P_selected,JET,0.07565241277311163,BUY,0.725870179745793,0.725870179745793,0.725870179745793,1279827.9049999998,0.9999999301731024,1,exclude,1,32,25,0.430596,0.009644,1.0,ok,0.12442827060475081,0.40591296562411994,0.9999821199478072,25,0.10086956521739121,0.007631025984070384,1,500000.0,2023-01_2025-06
1,C1 Ridge,2024-06,2024-06-28,P_selected,RDS,0.07229343054135867,BUY,1.443527301077674,1.443527301077674,1.443527301077674,5495935.9745,1.0,1,exclude,1,32,25,0.430596,0.009644,1.0,ok,0.12442827060475081,0.40591296562411994,0.9999821199478072,25,0.10626185958254286,0.007682034364926171,1,500000.0,2023-01_2025-06
1,C1 Ridge,2024-06,2024-06-28,P_selected,CIH,0.05363631590983342,BUY,0.3222734879667212,0.3222734879667212,0.3222734879667212,5399980.12,1.0,1,exclude,1,32,25,0.430596,0.009644,1.0,ok,0.12442827060475081,0.40591296562411994,0.9999821199478072,25,0.030927835051546282,0.0016588551312319555,1,500000.0,2023-01_2025-06
1,C1 Ridge,2024-06,2024-06-28,P_selected,EQD,0.04873489995956491,BUY,0.2699548461361688,0.2699548461361688,0.2699548461361688,770187.45,0.9997571926037381,1,exclude,1,32,25,0.430596,0.009644,1.0,ok,0.12442827060475081,0.40591296562411994,0.9999821199478072,25,0.05954631379962194,0.0029019836459854348,1,500000.0,2023-01_2025-06
1,C1 Ridge,2024-06,2024-06-28,P_selected,BOA,0.04042710476887637,BUY,0.22243029127438244,0.22243029127438244,0.22243029127438244,1167701.4,0.9999995800889021,1,exclude,1,32,25,0.430596,0.009644,1.0,ok,0.12442827060475081,0.40591296562411994,0.9999821199478072,25,0.015471892728210479,0.0006254838282961815,1,500000.0,2023-01_2025-06
1,C1 Ridge,2024-06,2024-06-28,P_selected,ARD,0.02425999423659133,BUY,0.28079330341572367,0.28079330341572367,0.28079330341572367,1975660.815,0.9999999999989793,1,exclude,1,32,25,0.430596,0.009644,1.0,ok,0.12442827060475081,0.40591296562411994,0.9999821199478072,25,0.03180000000000005,0.0007714678167236055,1,500000.0,2023-01_2025-06
1,C1 Ridge,2024-06,2024-06-28,P_selected,SLF,0.021368630695652365,BUY,0.24383574171273842,0.24383574171273842,0.24383574171273842,1211269.0,0.9999997908688374,1,exclude,1,32,25,0.430596,0.009644,1.0,ok,0.12442827060475081,0.40591296562411994,0.9999821199478072,25,0.05461393596986808,0.0011670250285761158,1,500000.0,2023-01_2025-06
1,C1 Ridge,2024-06,2024-06-28,P_selected,TMA,0.018279056849750275,BUY,0.09629563184475814,0.09629563184475814,0.09629563184475814,1394228.95,0.9999999888034844,1,exclude,1,32,25,0.430596,0.009644,1.0,ok,0.12442827060475081,0.40591296562411994,0.9999821199478072,25,0.047860768672951304,0.0008748497114456239,1,500000.0,2023-01_2025-06
1,C1 Ridge,2024-06,2024-06-28,P_selected,MUT,0.008917979519780649,BUY,0.29945853352392293,0.29945853352392293,0.29945853352392293,3076140.6574999997,1.0,1,exclude,1,32,25,0.430596,0.009644,1.0,ok,0.12442827060475081,0.40591296562411994,0.9999821199478072,25,0.018885741265344702,0.00016842265382022032,1,500000.0,2023-01_2025-06
1,C1 Ridge,2024-06,2024-06-28,P_selected,ATW,0.008391692001154985,BUY,0.08924369537961221,0.08924369537961221,0.08924369537961221,20494429.509999998,1.0,1,exclude,1,32,25,0.430596,0.009644,1.0,ok,0.12442827060475081,0.40591296562411994,0.9999821199478072,25,0.07662463627546079,0.0006430103473241944,1,500000.0,2023-01_2025-06
1,C1 Ridge,2024-06,2024-06-28,P_selected,LES,0.00822724464245011,BUY,0.18237446260454268,0.18237446260454268,0.18237446260454268,4144134.3775,1.0,1,exclude,1,32,25,0.430596,0.009644,1.0,ok,0.12442827060475081,0.40591296562411994,0.9999821199478072,25,-0.06666666666666665,-0.0005484829761633406,1,500000.0,2023-01_2025-06
1,C1 Ridge,2024-06,2024-06-28,P_selected,LBV,0.006137328110053711,BUY,0.16687245899627257,0.16687245899627257,0.16687245899627257,7641962.75,1.0,1,exclude,1,32,25,0.430596,0.009644,1.0,ok,0.12442827060475081,0.40591296562411994,0.9999821199478072,25,0.036446469248291535,0.00022368394022974778,1,500000.0,2023-01_2025-06
1,C1 Ridge,2024-06,2024-06-28,P_selected,BCP,0.0057581515461300635,BUY,0.16473930973503564,0.16473930973503564,0.16473930973503564,57204545.892500006,1.0,1,exclude,1,32,25,0.430596,0.009644,1.0,ok,0.12442827060475081,0.40591296562411994,0.9999821199478072,25,0.04391891891891886,0.0002528917908773335,1,500000.0,2023-01_2025-06
1,C1 Ridge,2024-06,2024-06-28,P_selected,BCI,0.0057403022387951825,BUY,0.23942128901419224,0.23942128901419224,0.23942128901419224,1452346.49,0.9999999955818459,1,exclude,1,32,25,0.430596,0.009644,1.0,ok,0.12442827060475081,0.40591296562411994,0.9999821199478072,25,0.04132231404958686,0.00023720257185104107,1,500000.0,2023-01_2025-06
1,C1 Ridge,2024-06,2024-06-28,P_selected,ATL,0.004510718284540846,NEUTRAL,0.06785043693200465,0.06785043693200465,0.03392521846600233,847930.515,0.9999299960050232,1,exclude,1,32,25,0.430596,0.009644,1.0,ok,0.12442827060475081,0.40591296562411994,0.9999821199478072,25,0.007575757575757569,3.41721082162185e-05,1,500000.0,2023-01_2025-06
1,C1 Ridge,2024-06,2024-06-28,P_selected,DHO,0.004068723369297279,BUY,0.3363297438459514,0.3363297438459514,0.3363297438459514,580121.4380000001,0.9949431558763042,1,exclude,1,32,25,0.430596,0.009644,1.0,ok,0.12442827060475081,0.40591296562411994,0.9999821199478072,25,0.08163265306122458,0.00033214068320794153,1,500000.0,2023-01_2025-06
1,C1 Ridge,2024-06,2024-06-28,P_selected,IAM,0.003981150745600954,BUY,0.14989031184477788,0.14989031184477788,0.14989031184477788,12980278.3465,1.0,1,exclude,1,32,25,0.430596,0.009644,1.0,ok,0.12442827060475081,0.40591296562411994,0.9999821199478072,25,0.0011049723756906271,4.399061597349198e-06,1,500000.0,2023-01_2025-06
1,C1 Ridge,2024-06,2024-06-28,P_selected,GAZ,0.003221542351326655,NEUTRAL,-0.047476147563263675,-0.047476147563263675,-0.023738073781631838,3847603.45,1.0,1,exclude,1,32,25,0.430596,0.009644,1.0,ok,0.12442827060475081,0.40591296562411994,0.9999821199478072,25,0.0,0.0,1,500000.0,2023-01_2025-06
1,C1 Ridge,2024-06,2024-06-28,P_selected,HPS,0.0024503571551275187,NEUTRAL,0.025444845075832008,0.025444845075832008,0.012722422537916004,3264715.725,1.0,1,exclude,1,32,25,0.430596,0.009644,1.0,ok,0.12442827060475081,0.40591296562411994,0.9999821199478072,25,-0.0019230769230769162,-4.712225298322135e-06,1,500000.0,2023-01_2025-06
1,C1 Ridge,2024-06,2024-06-28,P_selected,TGC,0.0020609026334861805,BUY,0.10717521438527955,0.10717521438527955,0.10717521438527955,3624537.825,1.0,1,exclude,1,32,25,0.430596,0.009644,1.0,ok,0.12442827060475081,0.40591296562411994,0.9999821199478072,25,0.10000000000000009,0.00020609026334861822,1,500000.0,2023-01_2025-06
1,C1 Ridge,2024-06,2024-06-28,P_selected,TQM,0.0016155518476372022,BUY,0.13846175652520565,0.13846175652520565,0.13846175652520565,2885243.25,1.0,1,exclude,1,32,25,0.430596,0.009644,1.0,ok,0.12442827060475081,0.40591296562411994,0.9999821199478072,25,-0.021029731689630182,-3.397462188649666e-05,1,500000.0,2023-01_2025-06
1,C1 Ridge,2024-06,2024-06-28,P_selected,CSR,0.001262314462212124,NEUTRAL,0.0062354342370169805,0.0062354342370169805,0.0031177171185084902,2088093.2025,0.999999999999831,1,exclude,1,32,25,0.430596,0.009644,1.0,ok,0.12442827060475081,0.40591296562411994,0.9999821199478072,25,-0.025261546312834837,-3.188801524853277e-05,1,500000.0,2023-01_2025-06
1,C1 Ridge,2024-06,2024-06-28,P_selected,SID,0.000303030453551997,BUY,0.305436234132477,0.305436234132477,0.305436234132477,1999560.55,0.9999999999993037,1,exclude,1,32,25,0.430596,0.009644,1.0,ok,0.12442827060475081,0.40591296562411994,0.9999821199478072,25,0.09831932773109231,2.9793750475280337e-05,1,500000.0,2023-01_2025-06
1,C1 Ridge,2024-07,2024-07-31,P_selected,CFG,0.3796895084059749,BUY,0.552761306386355,0.552761306386355,0.552761306386355,5355231.279999999,1.0,1,exclude,1,30,23,0.619093,0.01004,0.9998,ok,0.0076650701313949465,0.5719540449829658,0.9999543375795342,23,0.0,0.0,1,500000.0,2023-01_2025-06
1,C1 Ridge,2024-07,2024-07-31,P_selected,AKT,0.14367582520530242,BUY,0.5900020053569054,0.5900020053569054,0.5900020053569054,42614810.38,1.0,1,exclude,1,30,23,0.619093,0.01004,0.9998,ok,0.0076650701313949465,0.5719540449829658,0.9999543375795342,23,0.03835470085470094,0.005510643295801676,1,500000.0,2023-01_2025-06
1,C1 Ridge,2024-07,2024-07-31,P_selected,IMO,0.12066698399352431,BUY,0.574144638578834,0.574144638578834,0.574144638578834,835648.4675,0.9999147958731212,1,exclude,1,30,23,0.619093,0.01004,0.9998,ok,0.0076650701313949465,0.5719540449829658,0.9999543375795342,23,-0.006244616709732975,-0.0007535190645590434,1,500000.0,2023-01_2025-06
1,C1 Ridge,2024-07,2024-07-31,P_selected,RDS,0.09164128795829646,BUY,1.5785035213870684,1.5785035213870684,1.5785035213870684,4223484.5695,1.0,1,exclude,1,30,23,0.619093,0.01004,0.9998,ok,0.0076650701313949465,0.5719540449829658,0.9999543375795342,23,-0.10877192982456141,-0.009967999742832247,1,500000.0,2023-01_2025-06
1,C1 Ridge,2024-07,2024-07-31,P_selected,JET,0.05148222054678378,BUY,0.7383539066464195,0.7383539066464195,0.7383539066464195,2106353.9349999996,0.9999999999998739,1,exclude,1,30,23,0.619093,0.01004,0.9998,ok,0.0076650701313949465,0.5719540449829658,0.9999543375795342,23,0.20634920634920628,0.010623315350923633,1,500000.0,2023-01_2025-06
1,C1 Ridge,2024-07,2024-07-31,P_selected,TGC,0.046780755395292424,BUY,0.30534894392871237,0.30534894392871237,0.30534894392871237,5667767.225,1.0,1,exclude,1,30,23,0.619093,0.01004,0.9998,ok,0.0076650701313949465,0.5719540449829658,0.9999543375795342,23,0.09300291545189499,0.004350746638804161,1,500000.0,2023-01_2025-06
1,C1 Ridge,2024-07,2024-07-31,P_selected,MUT,0.04570663394273504,BUY,0.472287170696001,0.472287170696001,0.472287170696001,2142718.98,0.9999999999999296,1,exclude,1,30,23,0.619093,0.01004,0.9998,ok,0.0076650701313949465,0.5719540449829658,0.9999543375795342,23,0.0074349442379182396,0.0003398262746671761,1,500000.0,2023-01_2025-06
1,C1 Ridge,2024-07,2024-07-31,P_selected,BOA,0.03524120645257833,BUY,0.27741012880616206,0.27741012880616206,0.27741012880616206,1744501.3225000002,0.9999999999587768,1,exclude,1,30,23,0.619093,0.01004,0.9998,ok,0.0076650701313949465,0.5719540449829658,0.9999543375795342,23,-0.020158203623373283,-0.0007103994156044105,1,500000.0,2023-01_2025-06
1,C1 Ridge,2024-07,2024-07-31,P_selected,ATL,0.018336756347356053,BUY,0.1740478599412087,0.1740478599412087,0.1740478599412087,1079763.275,0.9999982852000215,1,exclude,1,30,23,0.619093,0.01004,0.9998,ok,0.0076650701313949465,0.5719540449829658,0.9999543375795342,23,-0.0071455434373823845,-0.00013102608898072984,1,500000.0,2023-01_2025-06
1,C1 Ridge,2024-07,2024-07-31,P_selected,ATH,0.0168355427119839,BUY,0.3722910949257827,0.3722910949257827,0.3722910949257827,668352.7654999999,0.9987627724403259,1,exclude,1,30,23,0.619093,0.01004,0.9998,ok,0.0076650701313949465,0.5719540449829658,0.9999543375795342,23,0.014411764705882346,0.00024262988026094433,1,500000.0,2023-01_2025-06
1,C1 Ridge,2024-07,2024-07-31,P_selected,DHO,0.014240250304123772,BUY,0.41568167400560907,0.41568167400560907,0.41568167400560907,2963079.602,1.0,1,exclude,1,30,23,0.619093,0.01004,0.9998,ok,0.0076650701313949465,0.5719540449829658,0.9999543375795342,23,-0.06454630495790459,-0.0009191555388068666,1,500000.0,2023-01_2025-06
1,C1 Ridge,2024-07,2024-07-31,P_selected,CDM,0.01175195178466002,BUY,0.12299688028328751,0.12299688028328751,0.12299688028328751,517466.06000000006,0.9863390257226371,1,exclude,1,30,23,0.619093,0.01004,0.9998,ok,0.0076650701313949465,0.5719540449829658,0.9999543375795342,23,0.013627660772609573,0.0001601516123374104,1,500000.0,2023-01_2025-06
1,C1 Ridge,2024-07,2024-07-31,P_selected,BCI,0.008101518535049309,BUY,0.38103208615532635,0.38103208615532635,0.38103208615532635,689026.835,0.9991109160006613,1,exclude,1,30,23,0.619093,0.01004,0.9998,ok,0.0076650701313949465,0.5719540449829658,0.9999543375795342,23,0.03015873015873005,0.0002443315113745021,1,500000.0,2023-01_2025-06
1,C1 Ridge,2024-07,2024-07-31,P_selected,ADI,0.007655586488735759,BUY,0.6090399828781564,0.6090399828781564,0.6090399828781564,7709388.527499999,1.0,1,exclude,1,30,23,0.619093,0.01004,0.9998,ok,0.0076650701313949465,0.5719540449829658,0.9999543375795342,23,0.026974951830443183,0.00020650907676743877,1,500000.0,2023-01_2025-06
1,C1 Ridge,2024-07,2024-07-31,P_selected,CIH,0.0025120570477442745,BUY,0.40799153207474526,0.40799153207474526,0.40799153207474526,3803244.8850000002,1.0,1,exclude,1,30,23,0.619093,0.01004,0.9998,ok,0.0076650701313949465,0.5719540449829658,0.9999543375795342,23,0.004901960784313708,1.2314005136001302e-05,1,500000.0,2023-01_2025-06
1,C1 Ridge,2024-07,2024-07-31,P_selected,CSR,0.002350846983888282,NEUTRAL,0.027171673793447565,0.027171673793447565,0.013585836896723782,1954965.6949999998,0.9999999999985787,1,exclude,1,30,23,0.619093,0.01004,0.9998,ok,0.0076650701313949465,0.5719540449829658,0.9999543375795342,23,-0.031833727966324665,-7.483622337555438e-05,1,500000.0,2023-01_2025-06
1,C1 Ridge,2024-07,2024-07-31,P_selected,ARD,0.0008410466209034166,BUY,0.4422630015584814,0.4422630015584814,0.4422630015584814,4326607.075,1.0,1,exclude,1,30,23,0.619093,0.01004,0.9998,ok,0.0076650701313949465,0.5719540449829658,0.9999543375795342,23,-0.025242718446601975,-2.1230303051930933e-05,1,500000.0,2023-01_2025-06
1,C1 Ridge,2024-07,2024-07-31,P_selected,ADH,0.0007493879111718547,BUY,0.7050351459873836,0.7050351459873836,0.7050351459873836,8394013.4945,1.0,1,exclude,1,30,23,0.619093,0.01004,0.9998,ok,0.0076650701313949465,0.5719540449829658,0.9999543375795342,23,-0.00990099009900991,-7.419682288830251e-06,1,500000.0,2023-01_2025-06
1,C1 Ridge,2024-07,2024-07-31,P_selected,IAM,0.0004722655477343934,BUY,0.2202920317175376,0.2202920317175376,0.2202920317175376,8428432.7605,1.0,1,exclude,1,30,23,0.619093,0.01004,0.9998,ok,0.0076650701313949465,0.5719540449829658,0.9999543375795342,23,0.025652317516239087,1.2114705782463227e-05,1,500000.0,2023-01_2025-06
1,C1 Ridge,2024-07,2024-07-31,P_selected,LBV,0.00042721793496406746,BUY,0.0948585981140591,0.0948585981140591,0.0948585981140591,11614603.35,1.0,1,exclude,1,30,23,0.619093,0.01004,0.9998,ok,0.0076650701313949465,0.5719540449829658,0.9999543375795342,23,-0.022826086956521774,-9.751713732875468e-06,1,500000.0,2023-01_2025-06
1,C1 Ridge,2024-07,2024-07-31,P_selected,TMA,0.0003375342570985186,NEUTRAL,-0.004132530743941348,-0.004132530743941348,-0.002066265371970674,512715.1,0.9852759798429308,1,exclude,1,30,23,0.619093,0.01004,0.9998,ok,0.0076650701313949465,0.5719540449829658,0.9999543375795342,23,0.01038062283737018,3.5038158176316595e-06,1,500000.0,2023-01_2025-06
1,C1 Ridge,2024-07,2024-07-31,P_selected,HPS,0.00029755075389548743,BUY,0.37403567741094557,0.37403567741094557,0.37403567741094557,10157353.6375,1.0,1,exclude,1,30,23,0.619093,0.01004,0.9998,ok,0.0076650701313949465,0.5719540449829658,0.9999543375795342,23,0.09826923076923078,2.9240083700114247e-05,1,500000.0,2023-01_2025-06
1,C1 Ridge,2024-07,2024-07-31,P_selected,TQM,0.00016040244973736332,BUY,0.15057115619555383,0.15057115619555383,0.15057115619555383,1628791.3,0.9999999997374713,1,exclude,1,30,23,0.619093,0.01004,0.9998,ok,0.0076650701313949465,0.5719540449829658,0.9999543375795342,23,-0.034431137724550864,-5.522838838262504e-06,1,500000.0,2023-01_2025-06
1,C1 Ridge,2024-08,2024-08-30,P_selected,CFG,0.21433100690462506,BUY,0.16541141018722627,0.16541141018722627,0.16541141018722627,2385816.995,0.9999999999999987,1,exclude,1,32,28,0.394764,0.009927,0.999,ok,0.046408117195381404,0.6704358047171961,0.9999574943213728,28,0.05617977528089879,0.012041067803630604,1,500000.0,2023-01_2025-06
1,C1 Ridge,2024-08,2024-08-30,P_selected,IMO,0.12140978459118217,BUY,0.4553201644932582,0.4553201644932582,0.4553201644932582,625743.8495,0.9975565590873477,1,exclude,1,32,28,0.394764,0.009927,0.999,ok,0.046408117195381404,0.6704358047171961,0.9999574943213728,28,-0.0010869565217390686,-0.00013196715716432095,1,500000.0,2023-01_2025-06
1,C1 Ridge,2024-08,2024-08-30,P_selected,AKT,0.09546202303329972,BUY,0.3687719489986764,0.3687719489986764,0.3687719489986764,11937530.819999998,1.0,1,exclude,1,32,28,0.394764,0.009927,0.999,ok,0.046408117195381404,0.6704358047171961,0.9999574943213728,28,0.10412371134020626,0.00993986013027142,1,500000.0,2023-01_2025-06
1,C1 Ridge,2024-08,2024-08-30,P_selected,SRM,0.07425336360260856,BUY,0.41226642377792433,0.41226642377792433,0.41226642377792433,699615.595,0.9992493720460492,1,exclude,1,32,28,0.394764,0.009927,0.999,ok,0.046408117195381404,0.6704358047171961,0.9999574943213728,28,0.039775280898876275,0.002953448394980151,1,500000.0,2023-01_2025-06
1,C1 Ridge,2024-08,2024-08-30,P_selected,BOA,0.06501948240002103,BUY,0.3351189285600711,0.3351189285600711,0.3351189285600711,1152916.4300000002,0.9999994680218457,1,exclude,1,32,28,0.394764,0.009927,0.999,ok,0.046408117195381404,0.6704358047171961,0.9999574943213728,28,0.005208333333333259,0.00033864313750010474,1,500000.0,2023-01_2025-06
1,C1 Ridge,2024-08,2024-08-30,P_selected,MUT,0.05308057217005183,BUY,0.43217930497552437,0.43217930497552437,0.43217930497552437,1384733.2650000001,0.9999999869663616,1,exclude,1,32,28,0.394764,0.009927,0.999,ok,0.046408117195381404,0.6704358047171961,0.9999574943213728,28,0.10781771026306042,0.005723025750828116,1,500000.0,2023-01_2025-06
1,C1 Ridge,2024-08,2024-08-30,P_selected,ARD,0.0523114995266386,BUY,0.39225602545853033,0.39225602545853033,0.39225602545853033,538114.4,0.9901445896098349,1,exclude,1,32,28,0.394764,0.009927,0.999,ok,0.046408117195381404,0.6704358047171961,0.9999574943213728,28,0.0016122531237403592,8.433937851936541e-05,1,500000.0,2023-01_2025-06
1,C1 Ridge,2024-08,2024-08-30,P_selected,JET,0.051852797557518045,BUY,0.6670737476748804,0.6670737476748804,0.6670737476748804,2660410.56,1.0,1,exclude,1,32,28,0.394764,0.009927,0.999,ok,0.046408117195381404,0.6704358047171961,0.9999574943213728,28,0.2894736842105263,0.01501002034559733,1,500000.0,2023-01_2025-06
1,C1 Ridge,2024-08,2024-08-30,P_selected,ATH,0.04976165886178704,BUY,0.476672905995449,0.476672905995449,0.476672905995449,1329046.1475,0.9999999682298412,1,exclude,1,32,28,0.394764,0.009927,0.999,ok,0.046408117195381404,0.6704358047171961,0.9999574943213728,28,0.051486584481508224,0.0025620578529273906,1,500000.0,2023-01_2025-06
1,C1 Ridge,2024-08,2024-08-30,P_selected,RDS,0.04073949629691701,BUY,1.1422184392838293,1.1422184392838293,1.1422184392838293,8610768.602000002,1.0,1,exclude,1,32,28,0.394764,0.009927,0.999,ok,0.046408117195381404,0.6704358047171961,0.9999574943213728,28,-0.0479899497487436,-0.0019550863800781733,1,500000.0,2023-01_2025-06
1,C1 Ridge,2024-08,2024-08-30,P_selected,BCI,0.03901143695893528,BUY,0.4687232097121603,0.4687232097121603,0.4687232097121603,1334437.48,0.9999999708555025,1,exclude,1,32,28,0.394764,0.009927,0.999,ok,0.046408117195381404,0.6704358047171961,0.9999574943213728,28,-0.046875,-0.0018286611074500914,1,500000.0,2023-01_2025-06
1,C1 Ridge,2024-08,2024-08-30,P_selected,MDP,0.030815214247405312,BUY,0.711264551480062,0.711264551480062,0.711264551480062,599557.7605,0.9962896956570806,1,exclude,1,32,28,0.394764,0.009927,0.999,ok,0.046408117195381404,0.6704358047171961,0.9999574943213728,28,-0.07273519163763076,-0.002241350513639675,1,500000.0,2023-01_2025-06
1,C1 Ridge,2024-08,2024-08-30,P_selected,SMI,0.02430827608026466,BUY,0.2714648204577069,0.2714648204577069,0.2714648204577069,748829.25,0.9996583110533012,1,exclude,1,32,28,0.394764,0.009927,0.999,ok,0.046408117195381404,0.6704358047171961,0.9999574943213728,28,0.05458715596330266,0.0013269196575924264,1,500000.0,2023-01_2025-06
1,C1 Ridge,2024-08,2024-08-30,P_selected,ATL,0.021484486150441077,BUY,0.28291471252787803,0.28291471252787803,0.28291471252787803,803587.2175,0.9998576949827374,1,exclude,1,32,28,0.394764,0.009927,0.999,ok,0.046408117195381404,0.6704358047171961,0.9999574943213728,28,0.06832061068702289,0.00146783321409502,1,500000.0,2023-01_2025-06
1,C1 Ridge,2024-08,2024-08-30,P_selected,CIH,0.014501278792679902,BUY,0.3672683304025184,0.3672683304025184,0.3672683304025184,1894588.4825,0.9999999999962654,1,exclude,1,32,28,0.394764,0.009927,0.999,ok,0.046408117195381404,0.6704358047171961,0.9999574943213728,28,-0.009708737864077666,-0.0001407891144920378,1,500000.0,2023-01_2025-06
1,C1 Ridge,2024-08,2024-08-30,P_selected,CSR,0.010663406389331932,BUY,0.10494947762934419,0.10494947762934419,0.10494947762934419,2130327.6925,0.9999999999999141,1,exclude,1,32,28,0.394764,0.009927,0.999,ok,0.046408117195381404,0.6704358047171961,0.9999574943213728,28,0.036956521739130554,0.00039408241004052917,1,500000.0,2023-01_2025-06
1,C1 Ridge,2024-08,2024-08-30,P_selected,GAZ,0.00990485832496286,BUY,0.0894060000848792,0.0894060000848792,0.0894060000848792,1181387.25,0.9999996626673621,1,exclude,1,32,28,0.394764,0.009927,0.999,ok,0.046408117195381404,0.6704358047171961,0.9999574943213728,28,-0.004708344232278283,-4.663548256587242e-05,1,500000.0,2023-01_2025-06
1,C1 Ridge,2024-08,2024-08-30,P_selected,TGC,0.007887768377335359,BUY,0.25616904282582886,0.25616904282582886,0.25616904282582886,7421795.1975,1.0,1,exclude,1,32,28,0.394764,0.009927,0.999,ok,0.046408117195381404,0.6704358047171961,0.9999574943213728,28,0.1306666666666667,0.0010306684013051538,1,500000.0,2023-01_2025-06
1,C1 Ridge,2024-08,2024-08-30,P_selected,SNP,0.006255314483479653,BUY,0.17493395943371293,0.17493395943371293,0.17493395943371293,671263.3200000001,0.998819001269447,1,exclude,1,32,28,0.394764,0.009927,0.999,ok,0.046408117195381404,0.6704358047171961,0.9999574943213728,28,-0.04206077681626075,-0.00026310338640516106,1,500000.0,2023-01_2025-06
1,C1 Ridge,2024-08,2024-08-30,P_selected,BCP,0.004131332750630014,BUY,0.12989355853081208,0.12989355853081208,0.12989355853081208,16737158.877500001,1.0,1,exclude,1,32,28,0.394764,0.009927,0.999,ok,0.046408117195381404,0.6704358047171961,0.9999574943213728,28,-0.07129032258064527,-0.0002945240444803982,1,500000.0,2023-01_2025-06
1,C1 Ridge,2024-08,2024-08-30,P_selected,ADH,0.003993131706964697,BUY,0.5648241996527043,0.5648241996527043,0.5648241996527043,10009231.4885,1.0,1,exclude,1,32,28,0.394764,0.009927,0.999,ok,0.046408117195381404,0.6704358047171961,0.9999574943213728,28,0.15136403637430318,0.0006044165329403878,1,500000.0,2023-01_2025-06
1,C1 Ridge,2024-08,2024-08-30,P_selected,TMA,0.0037048382571785075,BUY,0.12206452586378318,0.12206452586378318,0.12206452586378318,1264641.45,0.9999999109674041,1,exclude,1,32,28,0.394764,0.009927,0.999,ok,0.046408117195381404,0.6704358047171961,0.9999574943213728,28,0.19999999999999996,0.0007409676514357013,1,500000.0,2023-01_2025-06
1,C1 Ridge,2024-08,2024-08-30,P_selected,ADI,0.0020904017093382175,BUY,0.4822532547907813,0.4822532547907813,0.4822532547907813,8788463.7425,1.0,1,exclude,1,32,28,0.394764,0.009927,0.999,ok,0.046408117195381404,0.6704358047171961,0.9999574943213728,28,0.10201296485841005,0.00021324807611467988,1,500000.0,2023-01_2025-06
1,C1 Ridge,2024-08,2024-08-30,P_selected,MNG,0.0011219732176650358,BUY,0.2639992173895962,0.2639992173895962,0.2639992173895962,3081508.65,1.0,1,exclude,1,32,28,0.394764,0.009927,0.999,ok,0.046408117195381404,0.6704358047171961,0.9999574943213728,28,-0.03228070175438591,-3.621808281585373e-05,1,500000.0,2023-01_2025-06
1,C1 Ridge,2024-08,2024-08-30,P_selected,LBV,0.0008827785538167763,NEUTRAL,0.08686161058467301,0.08686161058467301,0.043430805292336505,4683424.35,1.0,1,exclude,1,32,28,0.394764,0.009927,0.999,ok,0.046408117195381404,0.6704358047171961,0.9999574943213728,28,0.006515389800044957,5.751646385236262e-06,1,500000.0,2023-01_2025-06
1,C1 Ridge,2024-08,2024-08-30,P_selected,IAM,0.0005118655743177159,BUY,0.141097567853822,0.141097567853822,0.141097567853822,9434260.036,1.0,1,exclude,1,32,28,0.394764,0.009927,0.999,ok,0.046408117195381404,0.6704358047171961,0.9999574943213728,28,-0.005291005291005346,-2.7082834619985252e-06,1,500000.0,2023-01_2025-06
1,C1 Ridge,2024-08,2024-08-30,P_selected,CMT,0.00030134936515227416,BUY,0.11454955068399007,0.11454955068399007,0.11454955068399007,5708164.8,1.0,1,exclude,1,32,28,0.394764,0.009927,0.999,ok,0.046408117195381404,0.6704358047171961,0.9999574943213728,28,-0.035693039857227826,-1.0756074901330423e-05,1,500000.0,2023-01_2025-06
1,C1 Ridge,2024-08,2024-08-30,P_selected,DHO,0.00016609843682458076,BUY,0.3482632078911585,0.3482632078911585,0.3482632078911585,2298961.627,0.9999999999999942,1,exclude,1,32,28,0.394764,0.009927,0.999,ok,0.046408117195381404,0.6704358047171961,0.9999574943213728,28,0.16069641785071043,2.669142380831266e-05,1,500000.0,2023-01_2025-06
1,C1 Ridge,2024-09,2024-09-30,P_selected,CFG,0.2371172393886396,BUY,0.14633009099746602,0.14633009099746602,0.14633009099746602,6574180.4275,1.0,1,exclude,1,32,27,0.403654,0.01055,0.9988,ok,0.008468517834898881,0.7156989517405733,0.9998222141614608,27,-0.021333333333333315,-0.005058501106957641,1,500000.0,2023-01_2025-06
1,C1 Ridge,2024-09,2024-09-30,P_selected,IMO,0.20256425292770097,BUY,0.472763094584853,0.472763094584853,0.472763094584853,567851.988,0.9938530406721361,1,exclude,1,32,27,0.403654,0.01055,0.9988,ok,0.008468517834898881,0.7156989517405733,0.9998222141614608,27,-0.026702702702702696,-0.005409013024123473,1,500000.0,2023-01_2025-06
1,C1 Ridge,2024-09,2024-09-30,P_selected,JET,0.06409238055489577,BUY,0.6229542987793139,0.6229542987793139,0.6229542987793139,4833471.675,1.0,1,exclude,1,32,27,0.403654,0.01055,0.9988,ok,0.008468517834898881,0.7156989517405733,0.9998222141614608,27,0.5210584789415211,0.03339587832367512,1,500000.0,2023-01_2025-06
1,C1 Ridge,2024-09,2024-09-30,P_selected,ATH,0.06258612480927596,BUY,0.9262651938608824,0.9262651938608824,0.9262651938608824,3843200.8329999996,1.0,1,exclude,1,32,27,0.403654,0.01055,0.9988,ok,0.008468517834898881,0.7156989517405733,0.9998222141614608,27,-0.07521578298397036,-0.004707464381462184,1,500000.0,2023-01_2025-06
1,C1 Ridge,2024-09,2024-09-30,P_selected,NKL,0.059391969602011645,BUY,0.3844892524580117,0.3844892524580117,0.3844892524580117,961227.5684999998,0.9999885743818966,1,exclude,1,32,27,0.403654,0.01055,0.9988,ok,0.008468517834898881,0.7156989517405733,0.9998222141614608,27,-0.028059701492537226,-0.0016665209380862917,1,500000.0,2023-01_2025-06
1,C1 Ridge,2024-09,2024-09-30,P_selected,ARD,0.055995386870510803,BUY,0.4561066097810006,0.4561066097810006,0.4561066097810006,1275026.855,0.9999999245978278,1,exclude,1,32,27,0.403654,0.01055,0.9988,ok,0.008468517834898881,0.7156989517405733,0.9998222141614608,27,0.014227642276422703,0.0007966823335235243,1,500000.0,2023-01_2025-06
1,C1 Ridge,2024-09,2024-09-30,P_selected,ADI,0.05577354974213621,BUY,1.0379118732231913,1.0379118732231913,1.0379118732231913,21969093.389999997,1.0,1,exclude,1,32,27,0.403654,0.01055,0.9988,ok,0.008468517834898881,0.7156989517405733,0.9998222141614608,27,0.06209150326797386,0.003463063546080353,1,500000.0,2023-01_2025-06
1,C1 Ridge,2024-09,2024-09-30,P_selected,TMA,0.04946244318720447,BUY,0.21765902450491262,0.21765902450491262,0.21765902450491262,1311048.65,0.9999999576280159,1,exclude,1,32,27,0.403654,0.01055,0.9988,ok,0.008468517834898881,0.7156989517405733,0.9998222141614608,27,-0.10588235294117643,-0.005237199866880471,1,500000.0,2023-01_2025-06
1,C1 Ridge,2024-09,2024-09-30,P_selected,MUT,0.044247067028382284,BUY,0.519946126581465,0.519946126581465,0.519946126581465,4026016.7574999994,1.0,1,exclude,1,32,27,0.403654,0.01055,0.9988,ok,0.008468517834898881,0.7156989517405733,0.9998222141614608,27,-0.002956636005256197,-0.00013082247150309937,1,500000.0,2023-01_2025-06
1,C1 Ridge,2024-09,2024-09-30,P_selected,BOA,0.038159356708007505,BUY,0.22681606160215045,0.22681606160215045,0.22681606160215045,2074999.1824999999,0.9999999999997917,1,exclude,1,32,27,0.403654,0.01055,0.9988,ok,0.008468517834898881,0.7156989517405733,0.9998222141614608,27,-0.005235602094240788,-0.00019978720789532535,1,500000.0,2023-01_2025-06
1,C1 Ridge,2024-09,2024-09-30,P_selected,CIH,0.02966860003661911,BUY,0.19290591662932352,0.19290591662932352,0.19290591662932352,5326917.600000001,1.0,1,exclude,1,32,27,0.403654,0.01055,0.9988,ok,0.008468517834898881,0.7156989517405733,0.9998222141614608,27,0.013732833957553092,0.00040743395805594384,1,500000.0,2023-01_2025-06
1,C1 Ridge,2024-09,2024-09-30,P_selected,ATL,0.026671281950047702,BUY,0.1715151903890447,0.1715151903890447,0.1715151903890447,2561443.6574999997,1.0,1,exclude,1,32,27,0.403654,0.01055,0.9988,ok,0.008468517834898881,0.7156989517405733,0.9998222141614608,27,-0.06441165887009703,-0.001717941514594649,1,500000.0,2023-01_2025-06
1,C1 Ridge,2024-09,2024-09-30,P_selected,CSR,0.019587754326533948,BUY,0.19504488447029628,0.19504488447029628,0.19504488447029628,6245298.715,1.0,1,exclude,1,32,27,0.403654,0.01055,0.9988,ok,0.008468517834898881,0.7156989517405733,0.9998222141614608,27,0.015789473684210575,0.0003092803314715896,1,500000.0,2023-01_2025-06
1,C1 Ridge,2024-09,2024-09-30,P_selected,CDM,0.01640176001631513,BUY,0.10478039066923701,0.10478039066923701,0.10478039066923701,1080495.3199999998,0.9999983051677929,1,exclude,1,32,27,0.403654,0.01055,0.9988,ok,0.008468517834898881,0.7156989517405733,0.9998222141614608,27,0.03139013452914807,0.0005148534534269338,1,500000.0,2023-01_2025-06
1,C1 Ridge,2024-09,2024-09-30,P_selected,RDS,0.009844271881550374,BUY,0.7108225523067001,0.7108225523067001,0.7108225523067001,7745901.719500001,1.0,1,exclude,1,32,27,0.403654,0.01055,0.9988,ok,0.008468517834898881,0.7156989517405733,0.9998222141614608,27,-0.0004025224741714961,-3.962540674178546e-06,1,500000.0,2023-01_2025-06
1,C1 Ridge,2024-09,2024-09-30,P_selected,SOT,0.007121658444947869,NEUTRAL,0.08509652766711999,0.08509652766711999,0.042548263833559995,1365931.655,0.9999999823918945,1,exclude,1,32,27,0.403654,0.01055,0.9988,ok,0.008468517834898881,0.7156989517405733,0.9998222141614608,27,-0.020618556701030966,-0.00014683831845253365,1,500000.0,2023-01_2025-06
1,C1 Ridge,2024-09,2024-09-30,P_selected,LBV,0.005718765836570622,NEUTRAL,0.0734164209004666,0.0734164209004666,0.0367082104502333,7360936.55,1.0,1,exclude,1,32,27,0.403654,0.01055,0.9988,ok,0.008468517834898881,0.7156989517405733,0.9998222141614608,27,-0.016949152542372836,-9.692823451814587e-05,1,500000.0,2023-01_2025-06
1,C1 Ridge,2024-09,2024-09-30,P_selected,MNG,0.005348123121860578,BUY,0.1333943636369516,0.1333943636369516,0.1333943636369516,3542018.85,1.0,1,exclude,1,32,27,0.403654,0.01055,0.9988,ok,0.008468517834898881,0.7156989517405733,0.9998222141614608,27,0.02230483271375472,0.00011928899156566383,1,500000.0,2023-01_2025-06
1,C1 Ridge,2024-09,2024-09-30,P_selected,AKT,0.0043787828673877045,NEUTRAL,0.08516585301091631,0.08516585301091631,0.042582926505458155,19365557.67,1.0,1,exclude,1,32,27,0.403654,0.01055,0.9988,ok,0.008468517834898881,0.7156989517405733,0.9998222141614608,27,-0.014312977099236623,-6.267341890344989e-05,1,500000.0,2023-01_2025-06
1,C1 Ridge,2024-09,2024-09-30,P_selected,DYT,0.0014020388719346007,BUY,0.7856984070747057,0.7856984070747057,0.7856984070747057,680286.7925000001,0.9989776093235639,1,exclude,1,32,27,0.403654,0.01055,0.9988,ok,0.008468517834898881,0.7156989517405733,0.9998222141614608,27,0.004444444444444473,6.2312838752649324e-06,1,500000.0,2023-01_2025-06
1,C1 Ridge,2024-09,2024-09-30,P_selected,DHO,0.0012104868545224166,BUY,0.2520186926690836,0.2520186926690836,0.2520186926690836,1223397.1755000001,0.99999982775621,1,exclude,1,32,27,0.403654,0.01055,0.9988,ok,0.008468517834898881,0.7156989517405733,0.9998222141614608,27,-0.08260869565217388,-9.999674015619959e-05,1,500000.0,2023-01_2025-06
1,C1 Ridge,2024-09,2024-09-30,P_selected,HPS,0.0011903926044903649,NEUTRAL,-0.024033809383383897,-0.024033809383383897,-0.012016904691691949,4930110.465000001,1.0,1,exclude,1,32,27,0.403654,0.01055,0.9988,ok,0.008468517834898881,0.7156989517405733,0.9998222141614608,27,0.011607142857142927,1.3817057016406104e-05,1,500000.0,2023-01_2025-06
1,C1 Ridge,2024-09,2024-09-30,P_selected,GAZ,0.0005689923151652004,NEUTRAL,0.022956535305230244,0.022956535305230244,0.011478267652615122,2353201.65,0.9999999999999976,1,exclude,1,32,27,0.403654,0.01055,0.9988,ok,0.008468517834898881,0.7156989517405733,0.9998222141614608,27,0.0031578947368420263,1.7968178373637457e-06,1,500000.0,2023-01_2025-06
1,C1 Ridge,2024-09,2024-09-30,P_selected,SBM,0.00044166373483805387,NEUTRAL,-0.08859360640774552,-0.08859360640774552,-0.04429680320387276,602008.65,0.996431867443698,1,exclude,1,32,27,0.403654,0.01055,0.9988,ok,0.008468517834898881,0.7156989517405733,0.9998222141614608,27,-0.08196721311475408,-3.6201945478529e-05,1,500000.0,2023-01_2025-06
1,C1 Ridge,2024-09,2024-09-30,P_selected,SNP,0.00040986464191891426,BUY,0.3780122357714274,0.3780122357714274,0.3780122357714274,815909.7725,0.9998831562762621,1,exclude,1,32,27,0.403654,0.01055,0.9988,ok,0.008468517834898881,0.7156989517405733,0.9998222141614608,27,0.01641427512443072,6.72763099623334e-06,1,500000.0,2023-01_2025-06
1,C1 Ridge,2024-09,2024-09-30,P_selected,SID,0.0003179718583017139,BUY,0.35955978110512765,0.35955978110512765,0.35955978110512765,2740958.055,1.0,1,exclude,1,32,27,0.403654,0.01055,0.9988,ok,0.008468517834898881,0.7156989517405733,0.9998222141614608,27,0.07228915662650603,2.2985917467593777e-05,1,500000.0,2023-01_2025-06
1,C1 Ridge,2024-09,2024-09-30,P_selected,SMI,0.00015003397969132467,NEUTRAL,0.03673588641952472,0.03673588641952472,0.01836794320976236,777854.85,0.9997852191611479,1,exclude,1,32,27,0.403654,0.01055,0.9988,ok,0.008468517834898881,0.7156989517405733,0.9998222141614608,27,-0.011106175033318566,-1.6663036393972148e-06,1,500000.0,2023-01_2025-06
1,C1 Ridge,2024-10,2024-10-31,P_selected,BOA,0.24514709275082744,BUY,0.36058242965275245,0.36058242965275245,0.36058242965275245,1381344.3175,0.9999999862401252,1,exclude,1,28,26,0.411496,0.011134,0.9998,ok,0.013211267495433221,1.1676320809853675,0.999980980672051,26,0.04157894736842116,0.010192958067008115,1,500000.0,2023-01_2025-06
1,C1 Ridge,2024-10,2024-10-31,P_selected,JET,0.09319212162286095,BUY,1.2201556702906449,1.2201556702906449,1.2201556702906449,19715665.4,1.0,1,exclude,1,28,26,0.411496,0.011134,0.9998,ok,0.013211267495433221,1.1676320809853675,0.999980980672051,26,0.059691482226693404,0.005562775871518854,1,500000.0,2023-01_2025-06
1,C1 Ridge,2024-10,2024-10-31,P_selected,AKT,0.09035490234767626,NEUTRAL,0.08540808251333312,0.08540808251333312,0.04270404125666656,15285418.889999997,1.0,1,exclude,1,28,26,0.411496,0.011134,0.9998,ok,0.013211267495433221,1.1676320809853675,0.999980980672051,26,0.04854368932038833,0.004386160308139622,1,500000.0,2023-01_2025-06
1,C1 Ridge,2024-10,2024-10-31,P_selected,MUT,0.08904630063743657,BUY,0.5773555897841003,0.5773555897841003,0.5773555897841003,3969151.2825,1.0,1,exclude,1,28,26,0.411496,0.011134,0.9998,ok,0.013211267495433221,1.1676320809853675,0.999980980672051,26,-0.05681818181818177,-0.005059448899854346,1,500000.0,2023-01_2025-06
1,C1 Ridge,2024-10,2024-10-31,P_selected,ATH,0.08091410030593016,BUY,0.7743593159165115,0.7743593159165115,0.7743593159165115,2240066.992,0.9999999999999851,1,exclude,1,28,26,0.411496,0.011134,0.9998,ok,0.013211267495433221,1.1676320809853675,0.999980980672051,26,-0.08810119135166927,-0.007128628634100914,1,500000.0,2023-01_2025-06
1,C1 Ridge,2024-10,2024-10-31,P_selected,ARD,0.04881524060600849,BUY,0.5023936926584529,0.5023936926584529,0.5023936926584529,3485858.825,1.0,1,exclude,1,28,26,0.411496,0.011134,0.9998,ok,0.013211267495433221,1.1676320809853675,0.999980980672051,26,-0.010000000000000009,-0.00048815240606008535,1,500000.0,2023-01_2025-06
1,C1 Ridge,2024-10,2024-10-31,P_selected,LBV,0.04584806305568407,BUY,0.12621816418098455,0.12621816418098455,0.12621816418098455,1093431.6,0.999998622040778,1,exclude,1,28,26,0.411496,0.011134,0.9998,ok,0.013211267495433221,1.1676320809853675,0.999980980672051,26,-0.02352941176470591,-0.0010787779542513912,1,500000.0,2023-01_2025-06
1,C1 Ridge,2024-10,2024-10-31,P_selected,CFG,0.0396232751798462,NEUTRAL,0.06609533619418947,0.06609533619418947,0.03304766809709474,2412737.2375,0.9999999999999991,1,exclude,1,28,26,0.411496,0.011134,0.9998,ok,0.013211267495433221,1.1676320809853675,0.999980980672051,26,0.12129380053908356,0.004806057636369486,1,500000.0,2023-01_2025-06
1,C1 Ridge,2024-10,2024-10-31,P_selected,HPS,0.037081014038451675,BUY,0.18891329412645028,0.18891329412645028,0.18891329412645028,4194418.135,1.0,1,exclude,1,28,26,0.411496,0.011134,0.9998,ok,0.013211267495433221,1.1676320809853675,0.999980980672051,26,-0.03508771929824561,-0.0013010882118754973,1,500000.0,2023-01_2025-06
1,C1 Ridge,2024-10,2024-10-31,P_selected,ATW,0.034136678514049695,BUY,0.08985954981833637,0.08985954981833637,0.08985954981833637,17660187.7,1.0,1,exclude,1,28,26,0.411496,0.011134,0.9998,ok,0.013211267495433221,1.1676320809853675,0.999980980672051,26,0.043826150209129056,0.0014960792001974903,1,500000.0,2023-01_2025-06
1,C1 Ridge,2024-10,2024-10-31,P_selected,CSR,0.02931574890437603,BUY,0.17710805938803764,0.17710805938803764,0.17710805938803764,5504089.847499999,1.0,1,exclude,1,28,26,0.411496,0.011134,0.9998,ok,0.013211267495433221,1.1676320809853675,0.999980980672051,26,0.0050890585241729624,0.00014918956185432902,1,500000.0,2023-01_2025-06
1,C1 Ridge,2024-10,2024-10-31,P_selected,TMA,0.027517040521184734,NEUTRAL,0.045725783223375796,0.045725783223375796,0.022862891611687898,948887.95,0.9999860805180444,1,exclude,1,28,26,0.411496,0.011134,0.9998,ok,0.013211267495433221,1.1676320809853675,0.999980980672051,26,0.02635135135135136,0.0007251112029231114,1,500000.0,2023-01_2025-06
1,C1 Ridge,2024-10,2024-10-31,P_selected,CIH,0.02733995488694834,BUY,0.32184869870990035,0.32184869870990035,0.32184869870990035,2127402.417500001,0.9999999999999098,1,exclude,1,28,26,0.411496,0.011134,0.9998,ok,0.013211267495433221,1.1676320809853675,0.999980980672051,26,0.027027027027026973,0.000738917699647251,1,500000.0,2023-01_2025-06
1,C1 Ridge,2024-10,2024-10-31,P_selected,BCI,0.021198099074093694,BUY,0.29384939653701836,0.29384939653701836,0.29384939653701836,592294.97,0.9958343952882754,1,exclude,1,28,26,0.411496,0.011134,0.9998,ok,0.013211267495433221,1.1676320809853675,0.999980980672051,26,-0.03220338983050852,-0.000682650648148781,1,500000.0,2023-01_2025-06
1,C1 Ridge,2024-10,2024-10-31,P_selected,RDS,0.01693979519312547,BUY,0.6710648071314862,0.6710648071314862,0.6710648071314862,6890815.06,1.0,1,exclude,1,28,26,0.411496,0.011134,0.9998,ok,0.013211267495433221,1.1676320809853675,0.999980980672051,26,0.02276422764227659,0.000385621353989851,1,500000.0,2023-01_2025-06
1,C1 Ridge,2024-10,2024-10-31,P_selected,CDM,0.016298229736784343,BUY,0.140963240692812,0.140963240692812,0.140963240692812,590705.98,0.9957275901475171,1,exclude,1,28,26,0.411496,0.011134,0.9998,ok,0.013211267495433221,1.1676320809853675,0.999980980672051,26,0.045263157894736894,0.0007377093459807659,1,500000.0,2023-01_2025-06
1,C1 Ridge,2024-10,2024-10-31,P_selected,MNG,0.015298323552390814,BUY,0.20070090015898068,0.20070090015898068,0.20070090015898068,1362500.1,0.9999999813980908,1,exclude,1,28,26,0.411496,0.011134,0.9998,ok,0.013211267495433221,1.1676320809853675,0.999980980672051,26,0.052823315118396996,0.0008081081657911346,1,500000.0,2023-01_2025-06
1,C1 Ridge,2024-10,2024-10-31,P_selected,GAZ,0.014587202571042627,BUY,0.14226116173995987,0.14226116173995987,0.14226116173995987,1430351.45,0.9999999937182875,1,exclude,1,28,26,0.411496,0.011134,0.9998,ok,0.013211267495433221,1.1676320809853675,0.999980980672051,26,-0.007012987012987026,-0.0001022998621865329,1,500000.0,2023-01_2025-06
1,C1 Ridge,2024-10,2024-10-31,P_selected,SNP,0.013502874336989459,BUY,0.23790814331887192,0.23790814331887192,0.23790814331887192,676105.655,0.9989069508763608,1,exclude,1,28,26,0.411496,0.011134,0.9998,ok,0.013211267495433221,1.1676320809853675,0.999980980672051,26,0.09992751372061726,0.0013493086605772847,1,500000.0,2023-01_2025-06
1,C1 Ridge,2024-10,2024-10-31,P_selected,LHM,0.010323202675390596,NEUTRAL,0.06408821648619363,0.06408821648619363,0.032044108243096815,6832233.25,1.0,1,exclude,1,28,26,0.411496,0.011134,0.9998,ok,0.013211267495433221,1.1676320809853675,0.999980980672051,26,0.07469102632993008,0.0007710506028368036,1,500000.0,2023-01_2025-06
1,C1 Ridge,2024-10,2024-10-31,P_selected,CMT,0.0009528130797407577,BUY,0.10580882292774746,0.10580882292774746,0.10580882292774746,2515161.75,0.9999999999999998,1,exclude,1,28,26,0.411496,0.011134,0.9998,ok,0.013211267495433221,1.1676320809853675,0.999980980672051,26,-0.008805031446540879,-8.389549129792833e-06,1,500000.0,2023-01_2025-06
1,C1 Ridge,2024-10,2024-10-31,P_selected,BCP,0.000785569376295398,NEUTRAL,0.07528878555707078,0.07528878555707078,0.03764439277853539,30980904.752499998,1.0,1,exclude,1,28,26,0.411496,0.011134,0.9998,ok,0.013211267495433221,1.1676320809853675,0.999980980672051,26,0.027397260273972712,2.152244866562743e-05,1,500000.0,2023-01_2025-06
1,C1 Ridge,2024-10,2024-10-31,P_selected,TGC,0.0007232042233129364,NEUTRAL,-0.07660115096074915,-0.07660115096074915,-0.03830057548037458,19468007.505,1.0,1,exclude,1,28,26,0.411496,0.011134,0.9998,ok,0.013211267495433221,1.1676320809853675,0.999980980672051,26,0.0683032162745767,4.9397174475630756e-05,1,500000.0,2023-01_2025-06
1,C1 Ridge,2024-10,2024-10-31,P_selected,SMI,0.0005091845089198871,BUY,0.1453588336870941,0.1453588336870941,0.1453588336870941,1185632.55,0.9999996848197424,1,exclude,1,28,26,0.411496,0.011134,0.9998,ok,0.013211267495433221,1.1676320809853675,0.999980980672051,26,-0.06775807185084126,-3.4501360540729034e-05,1,500000.0,2023-01_2025-06
1,C1 Ridge,2024-10,2024-10-31,P_selected,ADH,0.0003210436551147545,BUY,0.14827331975644556,0.14827331975644556,0.14827331975644556,14062915.8905,1.0,1,exclude,1,28,26,0.411496,0.011134,0.9998,ok,0.013211267495433221,1.1676320809853675,0.999980980672051,26,0.1771014492753622,5.685729660148257e-05,1,500000.0,2023-01_2025-06
1,C1 Ridge,2024-10,2024-10-31,P_selected,ADI,0.00020990531756968884,BUY,0.9951614184204812,0.9951614184204812,0.9951614184204812,14327048.34,1.0,1,exclude,1,28,26,0.411496,0.011134,0.9998,ok,0.013211267495433221,1.1676320809853675,0.999980980672051,26,0.2646153846153847,5.554417634151768e-05,1,500000.0,2023-01_2025-06
1,C1 Ridge,2024-11,2024-11-29,P_selected,IMO,0.20332594177967914,BUY,0.4504241570618561,0.4504241570618561,0.4504241570618561,540320.1195,0.9904830837265511,1,exclude,1,33,27,0.516576,0.009717,0.9974,ok,0.02889178434247186,1.3155966137001491,0.9999613569413146,27,0.006711409395973034,0.0013646036361052046,1,500000.0,2023-01_2025-06
1,C1 Ridge,2024-11,2024-11-29,P_selected,CFG,0.10626952997358416,BUY,0.2880226935493623,0.2880226935493623,0.2880226935493623,8520361.28,1.0,1,exclude,1,33,27,0.516576,0.009717,0.9974,ok,0.02889178434247186,1.3155966137001491,0.9999613569413146,27,0.08292682926829276,0.008812595168541134,1,500000.0,2023-01_2025-06
1,C1 Ridge,2024-11,2024-11-29,P_selected,ARD,0.09656897490841265,BUY,0.5485073855505888,0.5485073855505888,0.5485073855505888,4393442.380000001,1.0,1,exclude,1,33,27,0.516576,0.009717,0.9974,ok,0.02889178434247186,1.3155966137001491,0.9999613569413146,27,-0.02051020408163262,-0.0019806493833256036,1,500000.0,2023-01_2025-06
1,C1 Ridge,2024-11,2024-11-29,P_selected,SRM,0.09611137608856216,BUY,1.3471065803926903,1.3471065803926903,1.3471065803926903,1033210.8,0.9999963884604613,1,exclude,1,33,27,0.516576,0.009717,0.9974,ok,0.02889178434247186,1.3155966137001491,0.9999613569413146,27,-0.04489016236867238,-0.004314455278092091,1,500000.0,2023-01_2025-06
1,C1 Ridge,2024-11,2024-11-29,P_selected,DWY,0.0861607312705265,BUY,0.30277613053552377,0.30277613053552377,0.30277613053552377,569660.6900000001,0.9940273323887903,1,exclude,1,33,27,0.516576,0.009717,0.9974,ok,0.02889178434247186,1.3155966137001491,0.9999613569413146,27,-0.012383900928792602,-0.0010670059600065228,1,500000.0,2023-01_2025-06
1,C1 Ridge,2024-11,2024-11-29,P_selected,ATH,0.07909153179467364,BUY,0.581161634678532,0.581161634678532,0.581161634678532,1163208.068,0.9999995487884503,1,exclude,1,33,27,0.516576,0.009717,0.9974,ok,0.02889178434247186,1.3155966137001491,0.9999613569413146,27,0.06263081629367262,0.004953567198217372,1,500000.0,2023-01_2025-06
1,C1 Ridge,2024-11,2024-11-29,P_selected,JET,0.0667766450674782,BUY,0.6216614144470342,0.6216614144470342,0.6216614144470342,11088081.9,1.0,1,exclude,1,33,27,0.516576,0.009717,0.9974,ok,0.02889178434247186,1.3155966137001491,0.9999613569413146,27,0.21153846153846145,0.014125828764274229,1,500000.0,2023-01_2025-06
1,C1 Ridge,2024-11,2024-11-29,P_selected,ADI,0.05214725913483238,BUY,1.0190600557587175,1.0190600557587175,1.0190600557587175,24280205.552500002,1.0,1,exclude,1,33,27,0.516576,0.009717,0.9974,ok,0.02889178434247186,1.3155966137001491,0.9999613569413146,27,0.16504854368932032,0.00860682917759369,1,500000.0,2023-01_2025-06
1,C1 Ridge,2024-11,2024-11-29,P_selected,MNG,0.03191621226163352,BUY,0.09380892911607874,0.09380892911607874,0.09380892911607874,4509368.5,1.0,1,exclude,1,33,27,0.516576,0.009717,0.9974,ok,0.02889178434247186,1.3155966137001491,0.9999613569413146,27,-0.00034602076124568004,-1.1043672062849137e-05,1,500000.0,2023-01_2025-06
1,C1 Ridge,2024-11,2024-11-29,P_selected,RIS,0.028389467744005203,BUY,0.23892799725347003,0.23892799725347003,0.23892799725347003,800251.0025,0.999849893596349,1,exclude,1,33,27,0.516576,0.009717,0.9974,ok,0.02889178434247186,1.3155966137001491,0.9999613569413146,27,0.07200956937799052,0.002044313347116167,1,500000.0,2023-01_2025-06
1,C1 Ridge,2024-11,2024-11-29,P_selected,BOA,0.02429633736013922,BUY,0.2494804343406816,0.2494804343406816,0.2494804343406816,23013142.1075,1.0,1,exclude,1,33,27,0.516576,0.009717,0.9974,ok,0.02889178434247186,1.3155966137001491,0.9999613569413146,27,0.05398457583547556,0.0013116274667427338,1,500000.0,2023-01_2025-06
1,C1 Ridge,2024-11,2024-11-29,P_selected,S2M,0.02288524647147279,BUY,0.528162657356478,0.528162657356478,0.528162657356478,585535.0375,0.9953607873156116,1,exclude,1,33,27,0.516576,0.009717,0.9974,ok,0.02889178434247186,1.3155966137001491,0.9999613569413146,27,-0.13602941176470584,-0.0031130666156047536,1,500000.0,2023-01_2025-06
1,C1 Ridge,2024-11,2024-11-29,P_selected,SBM,0.022880058844013382,NEUTRAL,0.05239381609525533,0.05239381609525533,0.026196908047627664,3185597.1,1.0,1,exclude,1,33,27,0.516576,0.009717,0.9974,ok,0.02889178434247186,1.3155966137001491,0.9999613569413146,27,0.04888888888888898,0.001118580654596212,1,500000.0,2023-01_2025-06
1,C1 Ridge,2024-11,2024-11-29,P_selected,ATW,0.012972217519222359,NEUTRAL,0.0267644312451418,0.0267644312451418,0.0133822156225709,24998489.744999997,1.0,1,exclude,1,33,27,0.516576,0.009717,0.9974,ok,0.02889178434247186,1.3155966137001491,0.9999613569413146,27,-0.0017543859649122862,-2.275827634951298e-05,1,500000.0,2023-01_2025-06
1,C1 Ridge,2024-11,2024-11-29,P_selected,GAZ,0.011858227632657278,BUY,0.1563430663214408,0.1563430663214408,0.1563430663214408,2167833.6,0.9999999999999529,1,exclude,1,33,27,0.516576,0.009717,0.9974,ok,0.02889178434247186,1.3155966137001491,0.9999613569413146,27,-0.015706806282722474,-0.00018625488428257458,1,500000.0,2023-01_2025-06
1,C1 Ridge,2024-11,2024-11-29,P_selected,LBV,0.011776064551887837,BUY,0.10590912173519805,0.10590912173519805,0.10590912173519805,3704108.4,1.0,1,exclude,1,33,27,0.516576,0.009717,0.9974,ok,0.02889178434247186,1.3155966137001491,0.9999613569413146,27,0.0,0.0,1,500000.0,2023-01_2025-06
1,C1 Ridge,2024-11,2024-11-29,P_selected,SID,0.0092913204736905,BUY,0.3753944392850994,0.3753944392850994,0.3753944392850994,4757261.905,1.0,1,exclude,1,33,27,0.516576,0.009717,0.9974,ok,0.02889178434247186,1.3155966137001491,0.9999613569413146,27,0.07530054644808737,0.0006996415088931967,1,500000.0,2023-01_2025-06
1,C1 Ridge,2024-11,2024-11-29,P_selected,BCI,0.00897791512032254,BUY,0.29628935678989343,0.29628935678989343,0.29628935678989343,782391.265,0.9998002532026524,1,exclude,1,33,27,0.516576,0.009717,0.9974,ok,0.02889178434247186,1.3155966137001491,0.9999613569413146,27,0.02473498233215543,0.00022206857188076913,1,500000.0,2023-01_2025-06
1,C1 Ridge,2024-11,2024-11-29,P_selected,MUT,0.006399553720191768,BUY,0.355730023128337,0.355730023128337,0.355730023128337,2312869.6849999996,0.9999999999999953,1,exclude,1,33,27,0.516576,0.009717,0.9974,ok,0.02889178434247186,1.3155966137001491,0.9999613569413146,27,0.04467353951890041,0.00028589071602231307,1,500000.0,2023-01_2025-06
1,C1 Ridge,2024-11,2024-11-29,P_selected,AKT,0.005477838455813903,NEUTRAL,0.08296117104452432,0.08296117104452432,0.04148058552226216,15215770.6,1.0,1,exclude,1,33,27,0.516576,0.009717,0.9974,ok,0.02889178434247186,1.3155966137001491,0.9999613569413146,27,-0.011278195488721776,-6.178013296030702e-05,1,500000.0,2023-01_2025-06
1,C1 Ridge,2024-11,2024-11-29,P_selected,SNP,0.005367067843927127,BUY,0.44164054820841003,0.44164054820841003,0.44164054820841003,2543951.79,0.9999999999999998,1,exclude,1,33,27,0.516576,0.009717,0.9974,ok,0.02889178434247186,1.3155966137001491,0.9999613569413146,27,0.12497636604273032,0.000670756635438804,1,500000.0,2023-01_2025-06
1,C1 Ridge,2024-11,2024-11-29,P_selected,SOT,0.004561754606173149,BUY,0.18047095923025328,0.18047095923025328,0.18047095923025328,508883.6,0.9843596559295373,1,exclude,1,33,27,0.516576,0.009717,0.9974,ok,0.02889178434247186,1.3155966137001491,0.9999613569413146,27,-0.021164021164021163,-9.654507103011956e-05,1,500000.0,2023-01_2025-06
1,C1 Ridge,2024-11,2024-11-29,P_selected,TMA,0.0035240059985889188,NEUTRAL,0.043974550691582785,0.043974550691582785,0.021987275345791393,885475.45,0.9999616073910956,1,exclude,1,33,27,0.516576,0.009717,0.9974,ok,0.02889178434247186,1.3155966137001491,0.9999613569413146,27,-0.013157894736842146,-4.6368499981433283e-05,1,500000.0,2023-01_2025-06
1,C1 Ridge,2024-11,2024-11-29,P_selected,ATL,0.0012273660839358953,BUY,0.12732000179999337,0.12732000179999337,0.12732000179999337,1399730.89,0.9999999897469872,1,exclude,1,33,27,0.516576,0.009717,0.9974,ok,0.02889178434247186,1.3155966137001491,0.9999613569413146,27,-0.0066225165562913135,-8.1282522114959e-06,1,500000.0,2023-01_2025-06
1,C1 Ridge,2024-11,2024-11-29,P_selected,RDS,0.0008387784448405586,BUY,0.17442298133264275,0.17442298133264275,0.17442298133264275,5028492.7505,1.0,1,exclude,1,33,27,0.516576,0.009717,0.9974,ok,0.02889178434247186,1.3155966137001491,0.9999613569413146,27,0.03027812029045096,2.539663464991982e-05,1,500000.0,2023-01_2025-06
1,C1 Ridge,2024-11,2024-11-29,P_selected,CMT,0.0007368991224091702,BUY,0.11848231442238275,0.11848231442238275,0.11848231442238275,1350054.55,0.9999999772993623,1,exclude,1,33,27,0.516576,0.009717,0.9974,ok,0.02889178434247186,1.3155966137001491,0.9999613569413146,27,0.027989821882951738,2.0625675181936124e-05,1,500000.0,2023-01_2025-06
1,C1 Ridge,2024-11,2024-11-29,P_selected,CDM,0.00013303466864047881,BUY,0.29292796831105383,0.29292796831105383,0.29292796831105383,24178378.389999997,1.0,1,exclude,1,33,27,0.516576,0.009717,0.9974,ok,0.02889178434247186,1.3155966137001491,0.9999613569413146,27,-0.06060606060606055,-8.062707190332043e-06,1,500000.0,2023-01_2025-06
1,C1 Ridge,2024-12,2024-12-31,P_selected,IMO,0.2171549435652163,BUY,0.5621065516041979,0.5621065516041979,0.5621065516041979,873454.9809999999,0.9999534659488765,1,exclude,1,30,27,0.458962,0.00936,0.9994,ok,0.032273596435227425,1.0768488926174888,0.9998936629316583,27,-0.002666666666666595,-0.0005790798495072279,1,500000.0,2023-01_2025-06
1,C1 Ridge,2024-12,2024-12-31,P_selected,BOA,0.18874661913411706,BUY,0.2056721446331269,0.2056721446331269,0.2056721446331269,32557984.047500003,1.0,1,exclude,1,30,27,0.458962,0.00936,0.9994,ok,0.032273596435227425,1.0768488926174888,0.9998936629316583,27,0.014705882352941124,0.0027756855755017113,1,500000.0,2023-01_2025-06
1,C1 Ridge,2024-12,2024-12-31,P_selected,CTM,0.09345578859512663,BUY,0.6574729635635025,0.6574729635635025,0.6574729635635025,599350.38,0.9962774099988266,1,exclude,1,30,27,0.458962,0.00936,0.9994,ok,0.032273596435227425,1.0768488926174888,0.9998936629316583,27,-0.09618573797678276,-0.008989113994224453,1,500000.0,2023-01_2025-06
1,C1 Ridge,2024-12,2024-12-31,P_selected,MUT,0.070308995900416,BUY,0.3714356429898279,0.3714356429898279,0.3714356429898279,1844883.2375,0.999999999991728,1,exclude,1,30,27,0.458962,0.00936,0.9994,ok,0.032273596435227425,1.0768488926174888,0.9998936629316583,27,0.08196721311475419,0.0057630324508537775,1,500000.0,2023-01_2025-06
1,C1 Ridge,2024-12,2024-12-31,P_selected,JET,0.0526663458489184,BUY,0.8518087017952777,0.8518087017952777,0.8518087017952777,9101525.8,1.0,1,exclude,1,30,27,0.458962,0.00936,0.9994,ok,0.032273596435227425,1.0768488926174888,0.9998936629316583,27,0.07892204042348405,0.00415653547604553,1,500000.0,2023-01_2025-06
1,C1 Ridge,2024-12,2024-12-31,P_selected,ADI,0.0419296471486167,BUY,1.1546437576053667,1.1546437576053667,1.1546437576053667,19234488.669999998,1.0,1,exclude,1,30,27,0.458962,0.00936,0.9994,ok,0.032273596435227425,1.0768488926174888,0.9998936629316583,27,0.04230769230769238,0.0017739466101337866,1,500000.0,2023-01_2025-06
1,C1 Ridge,2024-12,2024-12-31,P_selected,ARD,0.04110908572290419,BUY,0.5186720980765682,0.5186720980765682,0.5186720980765682,1386358.4975000003,0.9999999873009159,1,exclude,1,30,27,0.458962,0.00936,0.9994,ok,0.032273596435227425,1.0768488926174888,0.9998936629316583,27,-0.013507939781398082,-0.0005552990544133215,1,500000.0,2023-01_2025-06
1,C1 Ridge,2024-12,2024-12-31,P_selected,RIS,0.04029320319491584,BUY,0.5161035774534558,0.5161035774534558,0.5161035774534558,1871500.9425000001,0.9999999999945968,1,exclude,1,30,27,0.458962,0.00936,0.9994,ok,0.032273596435227425,1.0768488926174888,0.9998936629316583,27,0.2293986636971046,0.009243206968989599,1,500000.0,2023-01_2025-06
1,C1 Ridge,2024-12,2024-12-31,P_selected,LES,0.03853141325361895,BUY,0.22060160842387283,0.22060160842387283,0.22060160842387283,3461192.3075,1.0,1,exclude,1,30,27,0.458962,0.00936,0.9994,ok,0.032273596435227425,1.0768488926174888,0.9998936629316583,27,-0.03448275862068961,-0.0013286694225385829,1,500000.0,2023-01_2025-06
1,C1 Ridge,2024-12,2024-12-31,P_selected,SNP,0.038155222662813404,BUY,0.6733233329405104,0.6733233329405104,0.6733233329405104,2980050.79,1.0,1,exclude,1,30,27,0.458962,0.00936,0.9994,ok,0.032273596435227425,1.0768488926174888,0.9998936629316583,27,0.0078125,0.0002980876770532297,1,500000.0,2023-01_2025-06
1,C1 Ridge,2024-12,2024-12-31,P_selected,MIC,0.03127548779487999,NEUTRAL,0.05008923299338987,0.05008923299338987,0.025044616496694934,572191.425,0.9942629855483078,1,exclude,1,30,27,0.458962,0.00936,0.9994,ok,0.032273596435227425,1.0768488926174888,0.9998936629316583,27,0.15898251192368829,0.0049722556112686755,1,500000.0,2023-01_2025-06
1,C1 Ridge,2024-12,2024-12-31,P_selected,HPS,0.025715210474397825,BUY,0.4132083095808087,0.4132083095808087,0.4132083095808087,9382705.684999999,1.0,1,exclude,1,30,27,0.458962,0.00936,0.9994,ok,0.032273596435227425,1.0768488926174888,0.9998936629316583,27,0.07777777777777772,0.002000071925786496,1,500000.0,2023-01_2025-06
1,C1 Ridge,2024-12,2024-12-31,P_selected,AKT,0.02530023657585925,BUY,0.13943433876060823,0.13943433876060823,0.13943433876060823,9808443.75,1.0,1,exclude,1,30,27,0.458962,0.00936,0.9994,ok,0.032273596435227425,1.0768488926174888,0.9998936629316583,27,0.07363636363636372,0.0018630174205860014,1,500000.0,2023-01_2025-06
1,C1 Ridge,2024-12,2024-12-31,P_selected,CFG,0.02077408427052264,BUY,0.23892598028556017,0.23892598028556017,0.23892598028556017,8865253.3,1.0,1,exclude,1,30,27,0.458962,0.00936,0.9994,ok,0.032273596435227425,1.0768488926174888,0.9998936629316583,27,0.07474568774878376,0.0015527732161514055,1,500000.0,2023-01_2025-06
1,C1 Ridge,2024-12,2024-12-31,P_selected,RDS,0.016075811557159113,BUY,0.7739857351683,0.7739857351683,0.7739857351683,8458131.6595,1.0,1,exclude,1,30,27,0.458962,0.00936,0.9994,ok,0.032273596435227425,1.0768488926174888,0.9998936629316583,27,0.43601474139026575,0.007009290818733376,1,500000.0,2023-01_2025-06
1,C1 Ridge,2024-12,2024-12-31,P_selected,MNG,0.016042302659429505,BUY,0.0982371910873422,0.0982371910873422,0.0982371910873422,3540111.7,1.0,1,exclude,1,30,27,0.458962,0.00936,0.9994,ok,0.032273596435227425,1.0768488926174888,0.9998936629316583,27,0.16131309565831264,0.002587833503480155,1,500000.0,2023-01_2025-06
1,C1 Ridge,2024-12,2024-12-31,P_selected,LBV,0.01443157491165311,BUY,0.20230878896189183,0.20230878896189183,0.20230878896189183,4123204.15,1.0,1,exclude,1,30,27,0.458962,0.00936,0.9994,ok,0.032273596435227425,1.0768488926174888,0.9998936629316583,27,-0.0056470588235294494,-8.149595244227693e-05,1,500000.0,2023-01_2025-06
1,C1 Ridge,2024-12,2024-12-31,P_selected,LHM,0.009523128070779447,NEUTRAL,0.03190715046272938,0.03190715046272938,0.01595357523136469,3164060.95,1.0,1,exclude,1,30,27,0.458962,0.00936,0.9994,ok,0.032273596435227425,1.0768488926174888,0.9998936629316583,27,0.021341463414634054,0.00020323748931541416,1,500000.0,2023-01_2025-06
1,C1 Ridge,2024-12,2024-12-31,P_selected,CIH,0.005411369649407006,BUY,0.2686486516594787,0.2686486516594787,0.2686486516594787,13122116.9525,1.0,1,exclude,1,30,27,0.458962,0.00936,0.9994,ok,0.032273596435227425,1.0768488926174888,0.9998936629316583,27,0.16455696202531644,0.0008904785499024186,1,500000.0,2023-01_2025-06
1,C1 Ridge,2024-12,2024-12-31,P_selected,CSR,0.004008629948025101,BUY,0.12623489537283336,0.12623489537283336,0.12623489537283336,1597910.7675,0.9999999995697146,1,exclude,1,30,27,0.458962,0.00936,0.9994,ok,0.032273596435227425,1.0768488926174888,0.9998936629316583,27,0.09625668449197855,0.0003858574281521485,1,500000.0,2023-01_2025-06
1,C1 Ridge,2024-12,2024-12-31,P_selected,ATL,0.003086311242646813,NEUTRAL,0.08264783808139978,0.08264783808139978,0.04132391904069989,586915.2775000001,0.9954616561010587,1,exclude,1,30,27,0.458962,0.00936,0.9994,ok,0.032273596435227425,1.0768488926174888,0.9998936629316583,27,0.24102154828411804,0.0007438675141894152,1,500000.0,2023-01_2025-06
1,C1 Ridge,2024-12,2024-12-31,P_selected,BCP,0.00224398849403247,NEUTRAL,0.002034528030076546,0.002034528030076546,0.001017264015038273,29465503.514999997,1.0,1,exclude,1,30,27,0.458962,0.00936,0.9994,ok,0.032273596435227425,1.0768488926174888,0.9998936629316583,27,0.017857142857142794,4.007122310772254e-05,1,500000.0,2023-01_2025-06
1,C1 Ridge,2024-12,2024-12-31,P_selected,SID,0.00139614211803689,BUY,0.3826702618616459,0.3826702618616459,0.3826702618616459,2329903.2800000003,0.9999999999999964,1,exclude,1,30,27,0.458962,0.00936,0.9994,ok,0.032273596435227425,1.0768488926174888,0.9998936629316583,27,0.1009523809523809,0.00014094387096372406,1,500000.0,2023-01_2025-06
1,C1 Ridge,2024-12,2024-12-31,P_selected,CDM,0.0010029907411369342,BUY,0.2096918534980915,0.2096918534980915,0.2096918534980915,6680749.609999999,1.0,1,exclude,1,30,27,0.458962,0.00936,0.9994,ok,0.032273596435227425,1.0768488926174888,0.9998936629316583,27,0.16842105263157903,0.00016892475640201005,1,500000.0,2023-01_2025-06
1,C1 Ridge,2024-12,2024-12-31,P_selected,TQM,0.0009011241907761285,NEUTRAL,-0.05295813279025438,-0.05295813279025438,-0.02647906639512719,10467392.6,1.0,1,exclude,1,30,27,0.458962,0.00936,0.9994,ok,0.032273596435227425,1.0768488926174888,0.9998936629316583,27,-0.010714285714285676,-9.654902044029915e-06,1,500000.0,2023-01_2025-06
1,C1 Ridge,2024-12,2024-12-31,P_selected,SBM,0.00022895545909899383,NEUTRAL,0.019538513242338157,0.019538513242338157,0.009769256621169078,1549121.9,0.9999999990607602,1,exclude,1,30,27,0.458962,0.00936,0.9994,ok,0.032273596435227425,1.0768488926174888,0.9998936629316583,27,0.006355932203389925,1.4552253756292196e-06,1,500000.0,2023-01_2025-06
1,C1 Ridge,2024-12,2024-12-31,P_selected,BCI,0.00012504974715362392,BUY,0.4393775924968565,0.4393775924968565,0.4393775924968565,2761344.01,1.0,1,exclude,1,30,27,0.458962,0.00936,0.9994,ok,0.032273596435227425,1.0768488926174888,0.9998936629316583,27,0.07563025210084029,9.457543902374914e-06,1,500000.0,2023-01_2025-06
1,C1 Ridge,2025-01,2025-01-31,P_selected,IMO,0.18231632864710168,NEUTRAL,0.05404229066776933,0.05404229066776933,0.027021145333884666,651418.4484999999,0.9983783613537287,1,exclude,1,37,35,0.335915,0.008256,0.9994,ok,0.007856129042920879,0.97179795361184,0.9999328688023349,35,0.010233592880978692,0.0018657510829291513,1,500000.0,2023-01_2025-06
1,C1 Ridge,2025-01,2025-01-31,P_selected,ARD,0.07608188780960339,BUY,0.13754806282409138,0.13754806282409138,0.13754806282409138,3442800.7275000005,1.0,1,exclude,1,37,35,0.335915,0.008256,0.9994,ok,0.007856129042920879,0.97179795361184,0.9999328688023349,35,0.007556675062972307,0.0005749261043546866,1,500000.0,2023-01_2025-06
1,C1 Ridge,2025-01,2025-01-31,P_selected,DYT,0.07284224299377969,BUY,0.8326787533471618,0.8326787533471618,0.8326787533471618,1492858.6,0.9999999976893514,1,exclude,1,37,35,0.335915,0.008256,0.9994,ok,0.007856129042920879,0.97179795361184,0.9999328688023349,35,-0.020881289049654805,-0.0015210399309783062,1,500000.0,2023-01_2025-06
1,C1 Ridge,2025-01,2025-01-31,P_selected,DHO,0.06428159024129929,BUY,0.5496798225784544,0.5496798225784544,0.5496798225784544,7035798.239499999,1.0,1,exclude,1,37,35,0.335915,0.008256,0.9994,ok,0.007856129042920879,0.97179795361184,0.9999328688023349,35,-0.02898550724637683,-0.0018632344997478066,1,500000.0,2023-01_2025-06
1,C1 Ridge,2025-01,2025-01-31,P_selected,MUT,0.06000851708441475,BUY,0.29292867519712557,0.29292867519712557,0.29292867519712557,7664555.635,1.0,1,exclude,1,37,35,0.335915,0.008256,0.9994,ok,0.007856129042920879,0.97179795361184,0.9999328688023349,35,-0.06060606060606055,-0.0036368798232978604,1,500000.0,2023-01_2025-06
1,C1 Ridge,2025-01,2025-01-31,P_selected,JET,0.052754122207579135,BUY,0.9911631697040927,0.9911631697040927,0.9911631697040927,17213018.0,1.0,1,exclude,1,37,35,0.335915,0.008256,0.9994,ok,0.007856129042920879,0.97179795361184,0.9999328688023349,35,0.11906893464637425,0.00628137712946108,1,500000.0,2023-01_2025-06
1,C1 Ridge,2025-01,2025-01-31,P_selected,CTM,0.045232222556571285,BUY,0.4572566411978019,0.4572566411978019,0.4572566411978019,1445230.8,0.9999999950490819,1,exclude,1,37,35,0.335915,0.008256,0.9994,ok,0.007856129042920879,0.97179795361184,0.9999328688023349,35,0.026827012025901986,0.0012134453784834129,1,500000.0,2023-01_2025-06
1,C1 Ridge,2025-01,2025-01-31,P_selected,ATH,0.04437991352252297,BUY,0.3295858163073107,0.3295858163073107,0.3295858163073107,2578353.4235,1.0,1,exclude,1,37,35,0.335915,0.008256,0.9994,ok,0.007856129042920879,0.97179795361184,0.9999328688023349,35,0.09128508124076795,0.004051224011361766,1,500000.0,2023-01_2025-06
1,C1 Ridge,2025-01,2025-01-31,P_selected,TMA,0.04063235870644892,NEUTRAL,-0.06945067663373435,-0.06945067663373435,-0.03472533831686717,5485131.7,1.0,1,exclude,1,37,35,0.335915,0.008256,0.9994,ok,0.007856129042920879,0.97179795361184,0.9999328688023349,35,0.026298909557408656,0.0010685867267250864,1,500000.0,2023-01_2025-06
1,C1 Ridge,2025-01,2025-01-31,P_selected,SRM,0.038635192396899304,BUY,0.7454588908009967,0.7454588908009967,0.7454588908009967,585947.4424999999,0.9953911576736926,1,exclude,1,37,35,0.335915,0.008256,0.9994,ok,0.007856129042920879,0.97179795361184,0.9999328688023349,35,-0.10495722746216274,-0.0040550426764457805,1,500000.0,2023-01_2025-06
1,C1 Ridge,2025-01,2025-01-31,P_selected,S2M,0.03414300913481422,BUY,0.7977244993466125,0.7977244993466125,0.7977244993466125,710440.4450000001,0.9993686679788972,1,exclude,1,37,35,0.335915,0.008256,0.9994,ok,0.007856129042920879,0.97179795361184,0.9999328688023349,35,0.09870129870129873,0.0033699593431764695,1,500000.0,2023-01_2025-06
1,C1 Ridge,2025-01,2025-01-31,P_selected,CSR,0.03226939030470006,NEUTRAL,0.0740811379087021,0.0740811379087021,0.03704056895435105,14173975.5475,1.0,1,exclude,1,37,35,0.335915,0.008256,0.9994,ok,0.007856129042920879,0.97179795361184,0.9999328688023349,35,-0.00952380952380949,-0.00030732752671142803,1,500000.0,2023-01_2025-06
1,C1 Ridge,2025-01,2025-01-31,P_selected,CIH,0.0319400988043123,BUY,0.19714188040172387,0.19714188040172387,0.19714188040172387,6351091.5200000005,1.0,1,exclude,1,37,35,0.335915,0.008256,0.9994,ok,0.007856129042920879,0.97179795361184,0.9999328688023349,35,-0.010654490106544845,-0.0003403054667126102,1,500000.0,2023-01_2025-06
1,C1 Ridge,2025-01,2025-01-31,P_selected,LBV,0.029779900281268767,NEUTRAL,-0.04537923976570614,-0.04537923976570614,-0.02268961988285307,5880402.0,1.0,1,exclude,1,37,35,0.335915,0.008256,0.9994,ok,0.007856129042920879,0.97179795361184,0.9999328688023349,35,-0.04563445867287541,-0.0013589896286679104,1,500000.0,2023-01_2025-06
1,C1 Ridge,2025-01,2025-01-31,P_selected,DWY,0.026131854389239245,BUY,0.21404189701282827,0.21404189701282827,0.21404189701282827,584488.62,0.9952828300727027,1,exclude,1,37,35,0.335915,0.008256,0.9994,ok,0.007856129042920879,0.97179795361184,0.9999328688023349,35,0.03886721572027163,0.0010156724217172887,1,500000.0,2023-01_2025-06
1,C1 Ridge,2025-01,2025-01-31,P_selected,ADI,0.023344090618305762,BUY,0.9099906848519547,0.9099906848519547,0.9099906848519547,40450865.475,1.0,1,exclude,1,37,35,0.335915,0.008256,0.9994,ok,0.007856129042920879,0.97179795361184,0.9999328688023349,35,0.07042253521126751,0.001643950043542657,1,500000.0,2023-01_2025-06
1,C1 Ridge,2025-01,2025-01-31,P_selected,ATL,0.022109883077895347,BUY,0.2769523845805287,0.2769523845805287,0.2769523845805287,7158556.58,1.0,1,exclude,1,37,35,0.335915,0.008256,0.9994,ok,0.007856129042920879,0.97179795361184,0.9999328688023349,35,-0.0071428571428571175,-0.0001579277362706805,1,500000.0,2023-01_2025-06
1,C1 Ridge,2025-01,2025-01-31,P_selected,CFG,0.018877665227739482,BUY,0.2479365329225381,0.2479365329225381,0.2479365329225381,20518734.5775,1.0,1,exclude,1,37,35,0.335915,0.008256,0.9994,ok,0.007856129042920879,0.97179795361184,0.9999328688023349,35,-0.02066115702479343,-0.00039003440553180826,1,500000.0,2023-01_2025-06
1,C1 Ridge,2025-01,2025-01-31,P_selected,AKT,0.012129003278743158,BUY,0.09895945389350398,0.09895945389350398,0.09895945389350398,26306633.45,1.0,1,exclude,1,37,35,0.335915,0.008256,0.9994,ok,0.007856129042920879,0.97179795361184,0.9999328688023349,35,0.013733905579399242,0.00016657858580248236,1,500000.0,2023-01_2025-06
1,C1 Ridge,2025-01,2025-01-31,P_selected,MSA,0.011667492504694954,NEUTRAL,-0.05143431921624875,-0.05143431921624875,-0.025717159608124374,30208990.4,1.0,1,exclude,1,37,35,0.335915,0.008256,0.9994,ok,0.007856129042920879,0.97179795361184,0.9999328688023349,35,0.2139883430474605,0.002496707388598338,1,500000.0,2023-01_2025-06
1,C1 Ridge,2025-01,2025-01-31,P_selected,CMT,0.011409678288752244,BUY,0.33938648093372004,0.33938648093372004,0.33938648093372004,2333491.5,0.9999999999999967,1,exclude,1,37,35,0.335915,0.008256,0.9994,ok,0.007856129042920879,0.97179795361184,0.9999328688023349,35,-0.06266738082485268,-0.0007150146544102903,1,500000.0,2023-01_2025-06
1,C1 Ridge,2025-01,2025-01-31,P_selected,BOA,0.011239252205003063,BUY,0.0925876675477511,0.0925876675477511,0.0925876675477511,3689415.745,1.0,1,exclude,1,37,35,0.335915,0.008256,0.9994,ok,0.007856129042920879,0.97179795361184,0.9999328688023349,35,-0.054441260744985676,-0.000611879059871227,1,500000.0,2023-01_2025-06
1,C1 Ridge,2025-01,2025-01-31,P_selected,HPS,0.009388446608743812,BUY,0.1357011943001306,0.1357011943001306,0.1357011943001306,17476655.43,1.0,1,exclude,1,37,35,0.335915,0.008256,0.9994,ok,0.007856129042920879,0.97179795361184,0.9999328688023349,35,-0.038181818181818206,-0.000358467961424764,1,500000.0,2023-01_2025-06
1,C1 Ridge,2025-01,2025-01-31,P_selected,MNG,0.009148897341538459,BUY,0.1371577765794992,0.1371577765794992,0.1371577765794992,5081623.5,1.0,1,exclude,1,37,35,0.335915,0.008256,0.9994,ok,0.007856129042920879,0.97179795361184,0.9999328688023349,35,0.1470588235294117,0.0013454260796380078,1,500000.0,2023-01_2025-06
1,C1 Ridge,2025-01,2025-01-31,P_selected,LHM,0.006508949277694097,NEUTRAL,-0.08209764719809944,-0.08209764719809944,-0.04104882359904972,14988486.5,1.0,1,exclude,1,37,35,0.335915,0.008256,0.9994,ok,0.007856129042920879,0.97179795361184,0.9999328688023349,35,-0.05047476261869066,-0.0003285376696887076,1,500000.0,2023-01_2025-06
1,C1 Ridge,2025-01,2025-01-31,P_selected,RIS,0.005923230221514501,BUY,0.36032317911197653,0.36032317911197653,0.36032317911197653,4453792.8525,1.0,1,exclude,1,37,35,0.335915,0.008256,0.9994,ok,0.007856129042920879,0.97179795361184,0.9999328688023349,35,-0.010600706713780883,-6.27904263764786e-05,1,500000.0,2023-01_2025-06
1,C1 Ridge,2025-01,2025-01-31,P_selected,GAZ,0.005615090761831492,NEUTRAL,-0.029760898819965548,-0.029760898819965548,-0.014880449409982774,2889641.75,1.0,1,exclude,1,37,35,0.335915,0.008256,0.9994,ok,0.007856129042920879,0.97179795361184,0.9999328688023349,35,0.09974811083123436,0.0005600946956386078,1,500000.0,2023-01_2025-06
1,C1 Ridge,2025-01,2025-01-31,P_selected,BCP,0.00504664434346842,NEUTRAL,-0.011489056554924035,-0.011489056554924035,-0.005744528277462017,16120932.485,1.0,1,exclude,1,37,35,0.335915,0.008256,0.9994,ok,0.007856129042920879,0.97179795361184,0.9999328688023349,35,-0.017192982456140316,-8.676686765963231e-05,1,500000.0,2023-01_2025-06
1,C1 Ridge,2025-01,2025-01-31,P_selected,RDS,0.004999985917500132,BUY,0.9910071960800899,0.9910071960800899,0.9910071960800899,31175995.342,1.0,1,exclude,1,37,35,0.335915,0.008256,0.9994,ok,0.007856129042920879,0.97179795361184,0.9999328688023349,35,0.04018058690744919,0.0002009023686941361,1,500000.0,2023-01_2025-06
1,C1 Ridge,2025-01,2025-01-31,P_selected,BCI,0.0044882828203429,BUY,0.17914930381321253,0.17914930381321253,0.17914930381321253,6009433.39,1.0,1,exclude,1,37,35,0.335915,0.008256,0.9994,ok,0.007856129042920879,0.97179795361184,0.9999328688023349,35,-0.043927648578811374,-0.0001971597104543393,1,500000.0,2023-01_2025-06
1,C1 Ridge,2025-01,2025-01-31,P_selected,SMI,0.003541374536692022,BUY,0.17048483800861075,0.17048483800861075,0.17048483800861075,2276995.55,0.9999999999999918,1,exclude,1,37,35,0.335915,0.008256,0.9994,ok,0.007856129042920879,0.97179795361184,0.9999328688023349,35,-0.1192967768940979,-0.00042247456800218743,1,500000.0,2023-01_2025-06
1,C1 Ridge,2025-01,2025-01-31,P_selected,SOT,0.0012509281798540437,NEUTRAL,-0.06728744014780373,-0.06728744014780373,-0.033643720073901866,888634.7849999999,0.9999634998088666,1,exclude,1,37,35,0.335915,0.008256,0.9994,ok,0.007856129042920879,0.97179795361184,0.9999328688023349,35,0.08615384615384625,0.00010777227395665619,1,500000.0,2023-01_2025-06
1,C1 Ridge,2025-01,2025-01-31,P_selected,SNP,0.0008983370411430515,BUY,0.23890470692586735,0.23890470692586735,0.23890470692586735,2261780.23,0.9999999999999896,1,exclude,1,37,35,0.335915,0.008256,0.9994,ok,0.007856129042920879,0.97179795361184,0.9999328688023349,35,-0.06201550387596899,-5.5710824256933425e-05,1,500000.0,2023-01_2025-06
1,C1 Ridge,2025-01,2025-01-31,P_selected,SID,0.0005012761017998974,BUY,0.44175852514326375,0.44175852514326375,0.44175852514326375,7324944.0,1.0,1,exclude,1,37,35,0.335915,0.008256,0.9994,ok,0.007856129042920879,0.97179795361184,0.9999328688023349,35,0.1643270024772916,8.237319922227882e-05,1,500000.0,2023-01_2025-06
1,C1 Ridge,2025-01,2025-01-31,P_selected,CDM,0.00041573136852266835,BUY,0.22795234915270862,0.22795234915270862,0.22795234915270862,11743115.73,1.0,1,exclude,1,37,35,0.335915,0.008256,0.9994,ok,0.007856129042920879,0.97179795361184,0.9999328688023349,35,-0.008108108108108136,-3.3707948799135387e-06,1,500000.0,2023-01_2025-06
1,C1 Ridge,2025-02,2025-02-28,P_selected,IMO,0.21130908308192015,BUY,0.12264928645492523,0.12264928645492523,0.12264928645492523,602703.0585,0.9964711527671459,1,exclude,1,37,30,0.254151,0.00736,0.9993,ok,0.04421651275199601,0.8668665556701056,0.9997588889302774,30,0.0066820024099025765,0.0014119678023876941,1,500000.0,2023-01_2025-06
1,C1 Ridge,2025-02,2025-02-28,P_selected,ARD,0.09139291510133972,BUY,0.1491448272904609,0.1491448272904609,0.1491448272904609,4176284.78,1.0,1,exclude,1,37,30,0.254151,0.00736,0.9993,ok,0.04421651275199601,0.8668665556701056,0.9997588889302774,30,0.00812330764424063,0.0007424127658721478,1,500000.0,2023-01_2025-06
1,C1 Ridge,2025-02,2025-02-28,P_selected,BOA,0.08198016681524697,NEUTRAL,-0.014959128528559865,-0.014959128528559865,-0.007479564264279932,3357119.9475000002,1.0,1,exclude,1,37,30,0.254151,0.00736,0.9993,ok,0.04421651275199601,0.8668665556701056,0.9997588889302774,30,-0.020499999999999963,-0.0016805934197125598,1,500000.0,2023-01_2025-06
1,C1 Ridge,2025-02,2025-02-28,P_selected,MSA,0.07331668359621102,BUY,0.12144755889409455,0.12144755889409455,0.12144755889409455,34379217.95,1.0,1,exclude,1,37,30,0.254151,0.00736,0.9993,ok,0.04421651275199601,0.8668665556701056,0.9997588889302774,30,0.04166666666666674,0.003054861816508798,1,500000.0,2023-01_2025-06
1,C1 Ridge,2025-02,2025-02-28,P_selected,S2M,0.06250468284314324,BUY,1.1229507624792479,1.1229507624792479,1.1229507624792479,1653460.0699999998,0.9999999998230866,1,exclude,1,37,30,0.254151,0.00736,0.9993,ok,0.04421651275199601,0.8668665556701056,0.9997588889302774,30,0.00872024510959224,0.0005450561548895339,1,500000.0,2023-01_2025-06
1,C1 Ridge,2025-02,2025-02-28,P_selected,FBR,0.05510803243279732,BUY,1.3997781156222084,1.3997781156222084,1.3997781156222084,1119974.6800000002,0.9999990988515046,1,exclude,1,37,30,0.254151,0.00736,0.9993,ok,0.04421651275199601,0.8668665556701056,0.9997588889302774,30,0.46996838777660677,0.025899033155982715,1,500000.0,2023-01_2025-06
1,C1 Ridge,2025-02,2025-02-28,P_selected,CSR,0.05151553054053978,NEUTRAL,0.027651417311510818,0.027651417311510818,0.013825708655755409,6569467.6,1.0,1,exclude,1,37,30,0.254151,0.00736,0.9993,ok,0.04421651275199601,0.8668665556701056,0.9997588889302774,30,0.08653846153846145,0.004458074758315938,1,500000.0,2023-01_2025-06
1,C1 Ridge,2025-02,2025-02-28,P_selected,EQD,0.04843249140324937,NEUTRAL,0.06318294873805222,0.06318294873805222,0.03159147436902611,1046541.7,0.9999970821692682,1,exclude,1,37,30,0.254151,0.00736,0.9993,ok,0.04421651275199601,0.8668665556701056,0.9997588889302774,30,0.05714285714285716,0.0027675709373285364,1,500000.0,2023-01_2025-06
1,C1 Ridge,2025-02,2025-02-28,P_selected,TMA,0.04312744833222267,NEUTRAL,-0.0623113216384137,-0.0623113216384137,-0.03115566081920685,2266197.9,0.9999999999999902,1,exclude,1,37,30,0.254151,0.00736,0.9993,ok,0.04421651275199601,0.8668665556701056,0.9997588889302774,30,0.1556249999999999,0.006711709146702149,1,500000.0,2023-01_2025-06
1,C1 Ridge,2025-02,2025-02-28,P_selected,ATW,0.03226150618976367,NEUTRAL,-0.07004219621961431,-0.07004219621961431,-0.03502109810980716,35525980.615,1.0,1,exclude,1,37,30,0.254151,0.00736,0.9993,ok,0.04421651275199601,0.8668665556701056,0.9997588889302774,30,0.08496124031007746,0.0027409775801535627,1,500000.0,2023-01_2025-06
1,C1 Ridge,2025-02,2025-02-28,P_selected,BCP,0.03178214751019053,NEUTRAL,-0.07927954429671463,-0.07927954429671463,-0.039639772148357316,14251146.0425,1.0,1,exclude,1,37,30,0.254151,0.00736,0.9993,ok,0.04421651275199601,0.8668665556701056,0.9997588889302774,30,-0.010994764397905699,-0.0003494372239340301,1,500000.0,2023-01_2025-06
1,C1 Ridge,2025-02,2025-02-28,P_selected,ATL,0.02835066105921929,BUY,0.1281082205537124,0.1281082205537124,0.1281082205537124,2620898.925,1.0,1,exclude,1,37,30,0.254151,0.00736,0.9993,ok,0.04421651275199601,0.8668665556701056,0.9997588889302774,30,-0.07023411371237454,-0.0019911835526541964,1,500000.0,2023-01_2025-06
1,C1 Ridge,2025-02,2025-02-28,P_selected,LBV,0.022204202930831238,NEUTRAL,-0.017127039701257375,-0.017127039701257375,-0.008563519850628688,5561387.85,1.0,1,exclude,1,37,30,0.254151,0.00736,0.9993,ok,0.04421651275199601,0.8668665556701056,0.9997588889302774,30,0.08024390243902446,0.0017817518937179228,1,500000.0,2023-01_2025-06
1,C1 Ridge,2025-02,2025-02-28,P_selected,MUT,0.02066362568911546,BUY,0.15655802563210341,0.15655802563210341,0.15655802563210341,3306766.205,1.0,1,exclude,1,37,30,0.254151,0.00736,0.9993,ok,0.04421651275199601,0.8668665556701056,0.9997588889302774,30,-0.0016103059581320522,-3.327475956379316e-05,1,500000.0,2023-01_2025-06
1,C1 Ridge,2025-02,2025-02-28,P_selected,CMT,0.020355253584668075,BUY,0.16134625640014438,0.16134625640014438,0.16134625640014438,1911676.95,0.9999999999971589,1,exclude,1,37,30,0.254151,0.00736,0.9993,ok,0.04421651275199601,0.8668665556701056,0.9997588889302774,30,0.11428571428571432,0.0023263146953906378,1,500000.0,2023-01_2025-06
1,C1 Ridge,2025-02,2025-02-28,P_selected,SNP,0.020336490652499636,NEUTRAL,0.06327381304926741,0.06327381304926741,0.031636906524633704,2050044.405,0.9999999999996896,1,exclude,1,37,30,0.254151,0.00736,0.9993,ok,0.04421651275199601,0.8668665556701056,0.9997588889302774,30,0.018347107438016597,0.00037311577891363106,1,500000.0,2023-01_2025-06
1,C1 Ridge,2025-02,2025-02-28,P_selected,JET,0.020281857732756276,BUY,1.0927370192306955,1.0927370192306955,1.0927370192306955,17600333.0,1.0,1,exclude,1,37,30,0.254151,0.00736,0.9993,ok,0.04421651275199601,0.8668665556701056,0.9997588889302774,30,-0.040000000000000036,-0.0008112743093102517,1,500000.0,2023-01_2025-06
1,C1 Ridge,2025-02,2025-02-28,P_selected,CFG,0.01952543888891253,BUY,0.10622213072055481,0.10622213072055481,0.10622213072055481,6187249.0075,1.0,1,exclude,1,37,30,0.254151,0.00736,0.9993,ok,0.04421651275199601,0.8668665556701056,0.9997588889302774,30,-0.062304646801416896,-0.0012165255736163452,1,500000.0,2023-01_2025-06
1,C1 Ridge,2025-02,2025-02-28,P_selected,ADI,0.01648475516289491,BUY,0.9140815432542667,0.9140815432542667,0.9140815432542667,31471320.385,1.0,1,exclude,1,37,30,0.254151,0.00736,0.9993,ok,0.04421651275199601,0.8668665556701056,0.9997588889302774,30,-0.034782608695652195,-0.0005733827882746058,1,500000.0,2023-01_2025-06
1,C1 Ridge,2025-02,2025-02-28,P_selected,CIH,0.01209883350435381,NEUTRAL,0.08530152771482966,0.08530152771482966,0.04265076385741483,3723531.505,1.0,1,exclude,1,37,30,0.254151,0.00736,0.9993,ok,0.04421651275199601,0.8668665556701056,0.9997588889302774,30,-0.0888888888888889,-0.0010754518670536722,1,500000.0,2023-01_2025-06
1,C1 Ridge,2025-02,2025-02-28,P_selected,ATH,0.009982374430950645,BUY,0.5603472443525501,0.5603472443525501,0.5603472443525501,3644003.9075,1.0,1,exclude,1,37,30,0.254151,0.00736,0.9993,ok,0.04421651275199601,0.8668665556701056,0.9997588889302774,30,0.01971447994561526,0.00019679732052859904,1,500000.0,2023-01_2025-06
1,C1 Ridge,2025-02,2025-02-28,P_selected,SLF,0.008033368375093925,BUY,0.3471919139852852,0.3471919139852852,0.3471919139852852,3731569.3549999995,1.0,1,exclude,1,37,30,0.254151,0.00736,0.9993,ok,0.04421651275199601,0.8668665556701056,0.9997588889302774,30,0.16600449127655903,0.0013335752303446648,1,500000.0,2023-01_2025-06
1,C1 Ridge,2025-02,2025-02-28,P_selected,AKT,0.006634848841985327,NEUTRAL,0.011389190109670343,0.011389190109670343,0.005694595054835171,26863110.35,1.0,1,exclude,1,37,30,0.254151,0.00736,0.9993,ok,0.04421651275199601,0.8668665556701056,0.9997588889302774,30,0.0744500846023688,0.0004939650576097363,1,500000.0,2023-01_2025-06
1,C1 Ridge,2025-02,2025-02-28,P_selected,MNG,0.005595944220685338,BUY,0.3520041452893382,0.3520041452893382,0.3520041452893382,5114983.85,1.0,1,exclude,1,37,30,0.254151,0.00736,0.9993,ok,0.04421651275199601,0.8668665556701056,0.9997588889302774,30,0.26767676767676774,0.0014979042610925404,1,500000.0,2023-01_2025-06
1,C1 Ridge,2025-02,2025-02-28,P_selected,HPS,0.0018349825350004404,NEUTRAL,-0.04611180353478396,-0.04611180353478396,-0.02305590176739198,3887198.15,1.0,1,exclude,1,37,30,0.254151,0.00736,0.9993,ok,0.04421651275199601,0.8668665556701056,0.9997588889302774,30,-0.0064102564102563875,-1.1762708557695088e-05,1,500000.0,2023-01_2025-06
1,C1 Ridge,2025-02,2025-02-28,P_selected,DHO,0.0010815972970705952,BUY,0.17272652827736124,0.17272652827736124,0.17272652827736124,1351031.829,0.9999999776515593,1,exclude,1,37,30,0.254151,0.00736,0.9993,ok,0.04421651275199601,0.8668665556701056,0.9997588889302774,30,0.24242424242424243,0.00026220540535044733,1,500000.0,2023-01_2025-06
1,C1 Ridge,2025-02,2025-02-28,P_selected,SOT,0.0010764141190457968,BUY,0.11990939006978148,0.11990939006978148,0.11990939006978148,2547633.4,1.0,1,exclude,1,37,30,0.254151,0.00736,0.9993,ok,0.04421651275199601,0.8668665556701056,0.9997588889302774,30,0.07452830188679238,8.022331641945082e-05,1,500000.0,2023-01_2025-06
1,C1 Ridge,2025-02,2025-02-28,P_selected,SMI,0.0010108780119892746,BUY,0.10009523718031772,0.10009523718031772,0.10009523718031772,2746429.3,1.0,1,exclude,1,37,30,0.254151,0.00736,0.9993,ok,0.04421651275199601,0.8668665556701056,0.9997588889302774,30,0.06222222222222218,6.289907630155482e-05,1,500000.0,2023-01_2025-06
1,C1 Ridge,2025-02,2025-02-28,P_selected,BCI,0.0007703592632092066,NEUTRAL,0.08634277145800373,0.08634277145800373,0.043171385729001865,1053016.7149999996,0.9999973693249473,1,exclude,1,37,30,0.254151,0.00736,0.9993,ok,0.04421651275199601,0.8668665556701056,0.9997588889302774,30,-0.06687402799377917,-5.151702693311958e-05,1,500000.0,2023-01_2025-06
1,C1 Ridge,2025-02,2025-02-28,P_selected,TGC,0.0007063147833712664,BUY,0.402506551766637,0.402506551766637,0.402506551766637,27528112.18,1.0,1,exclude,1,37,30,0.254151,0.00736,0.9993,ok,0.04421651275199601,0.8668665556701056,0.9997588889302774,30,0.021897810218978186,1.546674708112268e-05,1,500000.0,2023-01_2025-06
1,C1 Ridge,2025-03,2025-03-28,P_selected,IMO,0.15938860030322063,BUY,0.14632061427123116,0.14632061427123116,0.14632061427123116,1046384.7715,0.9999970748338315,1,exclude,1,37,32,0.497379,0.008099,1.0,ok,0.0050692406332235596,1.0538328368770769,0.99985843962933,32,-0.019586507072905435,-0.003121865947179528,1,500000.0,2023-01_2025-06
1,C1 Ridge,2025-03,2025-03-28,P_selected,ALM,0.10141538046137709,BUY,0.6622256759191363,0.6622256759191363,0.6622256759191363,964551.7,0.9999891661821522,1,exclude,1,37,32,0.497379,0.008099,1.0,ok,0.0050692406332235596,1.0538328368770769,0.99985843962933,32,0.024157303370786476,0.0024499221122692176,1,500000.0,2023-01_2025-06
1,C1 Ridge,2025-03,2025-03-28,P_selected,FBR,0.09189930956823401,BUY,1.9963858577991604,1.9963858577991604,1.9963858577991604,2909726.0524999998,1.0,1,exclude,1,37,32,0.497379,0.008099,1.0,ok,0.0050692406332235596,1.0538328368770769,0.99985843962933,32,0.03870967741935494,0.0035573926284477773,1,500000.0,2023-01_2025-06
1,C1 Ridge,2025-03,2025-03-28,P_selected,CMG,0.08847041566418419,BUY,0.2813858342490459,0.2813858342490459,0.2813858342490459,13594064.285,1.0,1,exclude,1,37,32,0.497379,0.008099,1.0,ok,0.0050692406332235596,1.0538328368770769,0.99985843962933,32,-0.06032130948772352,-0.005336651323786797,1,500000.0,2023-01_2025-06
1,C1 Ridge,2025-03,2025-03-28,P_selected,CSR,0.056765068305593164,BUY,0.161404241654785,0.161404241654785,0.161404241654785,13222201.5575,1.0,1,exclude,1,37,32,0.497379,0.008099,1.0,ok,0.0050692406332235596,1.0538328368770769,0.99985843962933,32,0.04867256637168138,0.0027629015546970104,1,500000.0,2023-01_2025-06
1,C1 Ridge,2025-03,2025-03-28,P_selected,MNG,0.05647793442736243,BUY,0.5319238078541136,0.5319238078541136,0.5319238078541136,12313694.45,1.0,1,exclude,1,37,32,0.497379,0.008099,1.0,ok,0.0050692406332235596,1.0538328368770769,0.99985843962933,32,-0.0007968127490040056,-4.500233818913462e-05,1,500000.0,2023-01_2025-06
1,C1 Ridge,2025-03,2025-03-28,P_selected,DHO,0.05018330320283053,BUY,0.5464781078065503,0.5464781078065503,0.5464781078065503,3481594.2685000002,1.0,1,exclude,1,37,32,0.497379,0.008099,1.0,ok,0.0050692406332235596,1.0538328368770769,0.99985843962933,32,0.0060975609756097615,0.0003059957512367718,1,500000.0,2023-01_2025-06
1,C1 Ridge,2025-03,2025-03-28,P_selected,EQD,0.049662113630532315,BUY,0.1990648839124588,0.1990648839124588,0.1990648839124588,1698691.3,0.9999999999142051,1,exclude,1,37,32,0.497379,0.008099,1.0,ok,0.0050692406332235596,1.0538328368770769,0.99985843962933,32,-0.058558558558558516,-0.0029081417891753136,1,500000.0,2023-01_2025-06
1,C1 Ridge,2025-03,2025-03-28,P_selected,MIC,0.04572236132546728,BUY,0.2683330126454117,0.2683330126454117,0.2683330126454117,889842.365,0.9999641982449636,1,exclude,1,37,32,0.497379,0.008099,1.0,ok,0.0050692406332235596,1.0538328368770769,0.99985843962933,32,-0.01820388349514568,-0.000832324538691761,1,500000.0,2023-01_2025-06
1,C1 Ridge,2025-03,2025-03-28,P_selected,SID,0.045224976164309996,BUY,0.941896672968521,0.941896672968521,0.941896672968521,13314217.6,1.0,1,exclude,1,37,32,0.497379,0.008099,1.0,ok,0.0050692406332235596,1.0538328368770769,0.99985843962933,32,0.10526315789473695,0.004760523806769478,1,500000.0,2023-01_2025-06
1,C1 Ridge,2025-03,2025-03-28,P_selected,ARD,0.0312300081133628,BUY,0.15299481005369658,0.15299481005369658,0.15299481005369658,2902702.087500001,1.0,1,exclude,1,37,32,0.497379,0.008099,1.0,ok,0.0050692406332235596,1.0538328368770769,0.99985843962933,32,-0.018388429752066116,-0.0005742708103490267,1,500000.0,2023-01_2025-06
1,C1 Ridge,2025-03,2025-03-28,P_selected,TMA,0.03065451860931679,BUY,0.147987006100264,0.147987006100264,0.147987006100264,7612600.05,1.0,1,exclude,1,37,32,0.497379,0.008099,1.0,ok,0.0050692406332235596,1.0538328368770769,0.99985843962933,32,0.029120879120879017,0.0008926865309306506,1,500000.0,2023-01_2025-06
1,C1 Ridge,2025-03,2025-03-28,P_selected,DYT,0.026931499693839664,BUY,0.6354104220942237,0.6354104220942237,0.6354104220942237,864606.1074999999,0.9999463887343911,1,exclude,1,37,32,0.497379,0.008099,1.0,ok,0.0050692406332235596,1.0538328368770769,0.99985843962933,32,0.041207927021075896,0.0011097912739518726,1,500000.0,2023-01_2025-06
1,C1 Ridge,2025-03,2025-03-28,P_selected,CDM,0.02507285000419662,BUY,0.2503775741326341,0.2503775741326341,0.2503775741326341,12319949.05,1.0,1,exclude,1,37,32,0.497379,0.008099,1.0,ok,0.0050692406332235596,1.0538328368770769,0.99985843962933,32,-0.06222611744084139,-0.0015601861089377393,1,500000.0,2023-01_2025-06
1,C1 Ridge,2025-03,2025-03-28,P_selected,JET,0.022508790394271432,BUY,0.7599755103652004,0.7599755103652004,0.7599755103652004,22891245.7,1.0,1,exclude,1,37,32,0.497379,0.008099,1.0,ok,0.0050692406332235596,1.0538328368770769,0.99985843962933,32,-0.10416666666666663,-0.00234466566606994,1,500000.0,2023-01_2025-06
1,C1 Ridge,2025-03,2025-03-28,P_selected,SNP,0.020890252903827008,NEUTRAL,0.07500876464030927,0.07500876464030927,0.037504382320154635,2390223.15,0.9999999999999987,1,exclude,1,37,32,0.497379,0.008099,1.0,ok,0.0050692406332235596,1.0538328368770769,0.99985843962933,32,0.13601688037656223,0.00284142703025597,1,500000.0,2023-01_2025-06
1,C1 Ridge,2025-03,2025-03-28,P_selected,DWY,0.016014590182104285,BUY,0.3048278003352952,0.3048278003352952,0.3048278003352952,825540.065,0.9998998399553735,1,exclude,1,37,32,0.497379,0.008099,1.0,ok,0.0050692406332235596,1.0538328368770769,0.99985843962933,32,-0.028507126781695313,-0.0004565299526781399,1,500000.0,2023-01_2025-06
1,C1 Ridge,2025-03,2025-03-28,P_selected,BOA,0.01582984827478789,NEUTRAL,-0.062437428069700165,-0.062437428069700165,-0.031218714034850083,9082371.745000001,1.0,1,exclude,1,37,32,0.497379,0.008099,1.0,ok,0.0050692406332235596,1.0538328368770769,0.99985843962933,32,0.1383358856559469,0.002189836080892046,1,500000.0,2023-01_2025-06
1,C1 Ridge,2025-03,2025-03-28,P_selected,AKT,0.013059374099031256,BUY,0.09120198364367768,0.09120198364367768,0.09120198364367768,34592520.35,1.0,1,exclude,1,37,32,0.497379,0.008099,1.0,ok,0.0050692406332235596,1.0538328368770769,0.99985843962933,32,0.14094488188976384,0.0018406519399422013,1,500000.0,2023-01_2025-06
1,C1 Ridge,2025-03,2025-03-28,P_selected,TQM,0.012595729174040197,BUY,0.37924205521217147,0.37924205521217147,0.37924205521217147,20194720.4,1.0,1,exclude,1,37,32,0.497379,0.008099,1.0,ok,0.0050692406332235596,1.0538328368770769,0.99985843962933,32,0.038528138528138633,0.00048528999848033793,1,500000.0,2023-01_2025-06
1,C1 Ridge,2025-03,2025-03-28,P_selected,ATL,0.009906472906113168,NEUTRAL,-0.005543583927938564,-0.005543583927938564,-0.002771791963969282,3595252.905,1.0,1,exclude,1,37,32,0.497379,0.008099,1.0,ok,0.0050692406332235596,1.0538328368770769,0.99985843962933,32,-0.05755395683453235,-0.0005701567140209015,1,500000.0,2023-01_2025-06
1,C1 Ridge,2025-03,2025-03-28,P_selected,RIS,0.00772960579760892,BUY,0.2773329931390735,0.2773329931390735,0.2773329931390735,2198459.7125,0.9999999999999711,1,exclude,1,37,32,0.497379,0.008099,1.0,ok,0.0050692406332235596,1.0538328368770769,0.99985843962933,32,0.006666666666666599,5.1530705317392276e-05,1,500000.0,2023-01_2025-06
1,C1 Ridge,2025-03,2025-03-28,P_selected,ATH,0.006792079981567667,BUY,0.32814548909969043,0.32814548909969043,0.32814548909969043,1473696.0514999998,0.9999999968602944,1,exclude,1,37,32,0.497379,0.008099,1.0,ok,0.0050692406332235596,1.0538328368770769,0.99985843962933,32,0.020000000000000018,0.00013584159963135346,1,500000.0,2023-01_2025-06
1,C1 Ridge,2025-03,2025-03-28,P_selected,MUT,0.005501084359086278,BUY,0.1138668603538663,0.1138668603538663,0.1138668603538663,2138027.725,0.9999999999999241,1,exclude,1,37,32,0.497379,0.008099,1.0,ok,0.0050692406332235596,1.0538328368770769,0.99985843962933,32,-0.032258064516129004,-0.00017745433416407332,1,500000.0,2023-01_2025-06
1,C1 Ridge,2025-03,2025-03-28,P_selected,GAZ,0.005045386892348825,NEUTRAL,-0.02940700482841363,-0.02940700482841363,-0.014703502414206815,2379379.55,0.9999999999999984,1,exclude,1,37,32,0.497379,0.008099,1.0,ok,0.0050692406332235596,1.0538328368770769,0.99985843962933,32,-0.04761904761904767,-0.00024025651868327764,1,500000.0,2023-01_2025-06
1,C1 Ridge,2025-03,2025-03-28,P_selected,CIH,0.0016226079619502192,NEUTRAL,-0.05521046832911604,-0.05521046832911604,-0.02760523416455802,3282112.1225,1.0,1,exclude,1,37,32,0.497379,0.008099,1.0,ok,0.0050692406332235596,1.0538328368770769,0.99985843962933,32,-0.01939024390243904,-3.146276414025428e-05,1,500000.0,2023-01_2025-06
1,C1 Ridge,2025-03,2025-03-28,P_selected,ADI,0.001439493077890269,BUY,0.6201534396023693,0.6201534396023693,0.6201534396023693,22098885.755000003,1.0,1,exclude,1,37,32,0.497379,0.008099,1.0,ok,0.0050692406332235596,1.0538328368770769,0.99985843962933,32,-0.13497927554514322,-0.00019430173280587693,1,500000.0,2023-01_2025-06
1,C1 Ridge,2025-03,2025-03-28,P_selected,SMI,0.0005661569300144124,BUY,0.2366539051677134,0.2366539051677134,0.2366539051677134,1412121.35,0.9999999915908179,1,exclude,1,37,32,0.497379,0.008099,1.0,ok,0.0050692406332235596,1.0538328368770769,0.99985843962933,32,-0.0008368200836820217,-4.7377148955181707e-07,1,500000.0,2023-01_2025-06
1,C1 Ridge,2025-03,2025-03-28,P_selected,CFG,0.0004680609990970423,NEUTRAL,0.011636491115645367,0.011636491115645367,0.0058182455578226835,8933682.334999999,1.0,1,exclude,1,37,32,0.497379,0.008099,1.0,ok,0.0050692406332235596,1.0538328368770769,0.99985843962933,32,0.01777777777777767,8.321084428391813e-06,1,500000.0,2023-01_2025-06
1,C1 Ridge,2025-03,2025-03-28,P_selected,BCI,0.00034821797736576287,NEUTRAL,0.04515307079003233,0.04515307079003233,0.022576535395016164,534851.7749999997,0.989621933539771,1,exclude,1,37,32,0.497379,0.008099,1.0,ok,0.0050692406332235596,1.0538328368770769,0.99985843962933,32,-0.056499999999999995,-1.96743157211656e-05,1,500000.0,2023-01_2025-06
1,C1 Ridge,2025-03,2025-03-28,P_selected,ADH,0.00028404501848925545,BUY,0.4293726218431842,0.4293726218431842,0.4293726218431842,21441931.4345,1.0,1,exclude,1,37,32,0.497379,0.008099,1.0,ok,0.0050692406332235596,1.0538328368770769,0.99985843962933,32,-0.16410706450197454,-4.661379417068079e-05,1,500000.0,2023-01_2025-06
1,C1 Ridge,2025-03,2025-03-28,P_selected,SOT,0.00015830322590902507,NEUTRAL,0.026029274500333606,0.026029274500333606,0.013014637250166803,1371903.95,0.9999999839965772,1,exclude,1,37,32,0.497379,0.008099,1.0,ok,0.0050692406332235596,1.0538328368770769,0.99985843962933,32,0.05355575065847229,8.478048095215557e-06,1,500000.0,2023-01_2025-06
1,C1 Ridge,2025-04,2025-04-30,P_selected,IMO,0.25395977502275596,BUY,0.13179549401290896,0.13179549401290896,0.13179549401290896,592233.184,0.9958302924146911,1,exclude,1,36,23,0.339933,0.010067,0.9984,ok,0.011612029754175524,1.0398993395513088,0.99982810215024,23,0.0008898776418242438,0.00022599312571546556,1,500000.0,2023-01_2025-06
1,C1 Ridge,2025-04,2025-04-30,P_selected,BOA,0.13512484346417566,BUY,0.14526483585549926,0.14526483585549926,0.14526483585549926,18157454.18,1.0,1,exclude,1,36,23,0.339933,0.010067,0.9984,ok,0.011612029754175524,1.0398993395513088,0.99982810215024,23,0.053097345132743445,0.007174770449425267,1,500000.0,2023-01_2025-06
1,C1 Ridge,2025-04,2025-04-30,P_selected,CSR,0.10656674129037663,BUY,0.15627137195721122,0.15627137195721122,0.15627137195721122,11843323.540000001,1.0,1,exclude,1,36,23,0.339933,0.010067,0.9984,ok,0.011612029754175524,1.0398993395513088,0.99982810215024,23,-0.03361344537815125,-0.0035820753374916506,1,500000.0,2023-01_2025-06
1,C1 Ridge,2025-04,2025-04-30,P_selected,ARD,0.09817239008387611,BUY,0.16064133459394325,0.16064133459394325,0.16064133459394325,1092961.3050000004,0.999998611632926,1,exclude,1,36,23,0.339933,0.010067,0.9984,ok,0.011612029754175524,1.0398993395513088,0.99982810215024,23,0.0,0.0,1,500000.0,2023-01_2025-06
1,C1 Ridge,2025-04,2025-04-30,P_selected,S2M,0.04788413121629298,BUY,1.7176415674636958,1.7176415674636958,1.7176415674636958,3274747.2249999996,1.0,1,exclude,1,36,23,0.339933,0.010067,0.9984,ok,0.011612029754175524,1.0398993395513088,0.99982810215024,23,-0.05150554675118857,-0.002466298359000826,1,500000.0,2023-01_2025-06
1,C1 Ridge,2025-04,2025-04-30,P_selected,SRM,0.0463985624119325,BUY,1.0118813730081266,1.0118813730081266,1.0118813730081266,528251.6475,0.9884793464143106,1,exclude,1,36,23,0.339933,0.010067,0.9984,ok,0.011612029754175524,1.0398993395513088,0.99982810215024,23,-0.07206928549334979,-0.0033439112409465715,1,500000.0,2023-01_2025-06
1,C1 Ridge,2025-04,2025-04-30,P_selected,FBR,0.04563163217004286,BUY,1.1217092819642387,1.1217092819642387,1.1217092819642387,1161091.0175,0.9999995332428551,1,exclude,1,36,23,0.339933,0.010067,0.9984,ok,0.011612029754175524,1.0398993395513088,0.99982810215024,23,0.03157894736842115,0.0014409989106329369,1,500000.0,2023-01_2025-06
1,C1 Ridge,2025-04,2025-04-30,P_selected,CFG,0.045096103296793484,BUY,0.10253186928359588,0.10253186928359588,0.10253186928359588,7819518.352500001,1.0,1,exclude,1,36,23,0.339933,0.010067,0.9984,ok,0.011612029754175524,1.0398993395513088,0.99982810215024,23,0.039755351681957096,0.0017928114460498898,1,500000.0,2023-01_2025-06
1,C1 Ridge,2025-04,2025-04-30,P_selected,MNG,0.042526145305791734,BUY,0.30431589328573205,0.30431589328573205,0.30431589328573205,12771294.2,1.0,1,exclude,1,36,23,0.339933,0.010067,0.9984,ok,0.011612029754175524,1.0398993395513088,0.99982810215024,23,0.0372549019607844,0.001584307374137343,1,500000.0,2023-01_2025-06
1,C1 Ridge,2025-04,2025-04-30,P_selected,SID,0.03981593088707069,BUY,0.7869345935179823,0.7869345935179823,0.7869345935179823,14517901.05,1.0,1,exclude,1,36,23,0.339933,0.010067,0.9984,ok,0.011612029754175524,1.0398993395513088,0.99982810215024,23,0.1880952380952381,0.007489187000187105,1,500000.0,2023-01_2025-06
1,C1 Ridge,2025-04,2025-04-30,P_selected,CMG,0.0321880808738771,BUY,0.09934191957290045,0.09934191957290045,0.09934191957290045,7520290.589999999,1.0,1,exclude,1,36,23,0.339933,0.010067,0.9984,ok,0.011612029754175524,1.0398993395513088,0.99982810215024,23,0.06962025316455689,0.002240942339320555,1,500000.0,2023-01_2025-06
1,C1 Ridge,2025-04,2025-04-30,P_selected,MSA,0.02263321389475761,NEUTRAL,-0.0694897047471574,-0.0694897047471574,-0.0347448523735787,50689804.875,1.0,1,exclude,1,36,23,0.339933,0.010067,0.9984,ok,0.011612029754175524,1.0398993395513088,0.99982810215024,23,0.06325706594885605,0.0014317107039752473,1,500000.0,2023-01_2025-06
1,C1 Ridge,2025-04,2025-04-30,P_selected,ATH,0.02128777883402464,BUY,0.3687221027946434,0.3687221027946434,0.3687221027946434,1815019.193,0.9999999999866607,1,exclude,1,36,23,0.339933,0.010067,0.9984,ok,0.011612029754175524,1.0398993395513088,0.99982810215024,23,0.0128571428571429,0.00027370001358031774,1,500000.0,2023-01_2025-06
1,C1 Ridge,2025-04,2025-04-30,P_selected,DYT,0.018371816301107954,BUY,0.6902100791697572,0.6902100791697572,0.6902100791697572,1196268.955,0.9999997341420109,1,exclude,1,36,23,0.339933,0.010067,0.9984,ok,0.011612029754175524,1.0398993395513088,0.99982810215024,23,-0.03448275862068961,-0.0006335109069347562,1,500000.0,2023-01_2025-06
1,C1 Ridge,2025-04,2025-04-30,P_selected,TMA,0.017818360147893914,BUY,0.12519385947882467,0.12519385947882467,0.12519385947882467,7444221.15,1.0,1,exclude,1,36,23,0.339933,0.010067,0.9984,ok,0.011612029754175524,1.0398993395513088,0.99982810215024,23,0.03200000000000003,0.0005701875247326058,1,500000.0,2023-01_2025-06
1,C1 Ridge,2025-04,2025-04-30,P_selected,GAZ,0.011430067188765958,NEUTRAL,0.006353826243409806,0.006353826243409806,0.003176913121704903,921467.25,0.9999784146903951,1,exclude,1,36,23,0.339933,0.010067,0.9984,ok,0.011612029754175524,1.0398993395513088,0.99982810215024,23,-0.008264462809917328,-9.446336519641256e-05,1,500000.0,2023-01_2025-06
1,C1 Ridge,2025-04,2025-04-30,P_selected,ATL,0.0071458674962499484,NEUTRAL,0.03829582757390679,0.03829582757390679,0.019147913786953394,4126468.5925,1.0,1,exclude,1,36,23,0.339933,0.010067,0.9984,ok,0.011612029754175524,1.0398993395513088,0.99982810215024,23,0.014814814814814836,0.00010586470364814754,1,500000.0,2023-01_2025-06
1,C1 Ridge,2025-04,2025-04-30,P_selected,LHM,0.003946052941613058,NEUTRAL,-0.04456308830151563,-0.04456308830151563,-0.022281544150757816,8285084.55,1.0,1,exclude,1,36,23,0.339933,0.010067,0.9984,ok,0.011612029754175524,1.0398993395513088,0.99982810215024,23,0.04729374671571196,0.00018662362834743806,1,500000.0,2023-01_2025-06
1,C1 Ridge,2025-04,2025-04-30,P_selected,BCI,0.0031664525145518774,BUY,0.12557874965154073,0.12557874965154073,0.12557874965154073,3613811.9899999998,1.0,1,exclude,1,36,23,0.339933,0.010067,0.9984,ok,0.011612029754175524,1.0398993395513088,0.99982810215024,23,-0.010600706713780883,-3.356663442987845e-05,1,500000.0,2023-01_2025-06
1,C1 Ridge,2025-04,2025-04-30,P_selected,AKT,0.0002660582852214137,BUY,0.25327981333651106,0.25327981333651106,0.25327981333651106,89425939.25,1.0,1,exclude,1,36,23,0.339933,0.010067,0.9984,ok,0.011612029754175524,1.0398993395513088,0.99982810215024,23,-0.010273972602739767,-2.733475533096727e-06,1,500000.0,2023-01_2025-06
1,C1 Ridge,2025-04,2025-04-30,P_selected,CMT,0.000135659723536603,BUY,0.1797039382251352,0.1797039382251352,0.1797039382251352,1613564.85,0.9999999996650493,1,exclude,1,36,23,0.339933,0.010067,0.9984,ok,0.011612029754175524,1.0398993395513088,0.99982810215024,23,0.005376344086021501,7.293533523473273e-07,1,500000.0,2023-01_2025-06
1,C1 Ridge,2025-04,2025-04-30,P_selected,RIS,0.00013417254895656478,BUY,0.20087129733215575,0.20087129733215575,0.20087129733215575,1843524.1774999998,0.9999999999915461,1,exclude,1,36,23,0.339933,0.010067,0.9984,ok,0.011612029754175524,1.0398993395513088,0.99982810215024,23,0.10855263157894735,1.4564783274890252e-05,1,500000.0,2023-01_2025-06
1,C1 Ridge,2025-04,2025-04-30,P_selected,SNP,0.00012826625057481468,BUY,0.2162950625131252,0.2162950625131252,0.2162950625131252,1808713.9649999999,0.9999999999852447,1,exclude,1,36,23,0.339933,0.010067,0.9984,ok,0.011612029754175524,1.0398993395513088,0.99982810215024,23,0.036491127647395594,4.680580122578391e-06,1,500000.0,2023-01_2025-06
1,C1 Ridge,2025-05,2025-05-30,P_selected,BOA,0.15884832476140653,BUY,0.17703495158504623,0.17703495158504623,0.17703495158504623,7024782.4825,1.0,1,exclude,1,38,32,0.278827,0.010864,0.9999,ok,0.0395979815157792,1.0993378210967768,0.9998545198661529,32,0.17647058823529416,0.028032057310836453,1,500000.0,2023-01_2025-06
1,C1 Ridge,2025-05,2025-05-30,P_selected,TMA,0.08698504277139751,BUY,0.12771571766852585,0.12771571766852585,0.12771571766852585,7488419.35,1.0,1,exclude,1,38,32,0.278827,0.010864,0.9999,ok,0.0395979815157792,1.0993378210967768,0.9998545198661529,32,-0.07799586776859502,-0.006784473893843503,1,500000.0,2023-01_2025-06
1,C1 Ridge,2025-05,2025-05-30,P_selected,S2M,0.07619835031970712,BUY,0.7158255930819301,0.7158255930819301,0.7158255930819301,684420.8949999999,0.9990429852873827,1,exclude,1,38,32,0.278827,0.010864,0.9999,ok,0.0395979815157792,1.0993378210967768,0.9998545198661529,32,0.039408866995073843,0.0030028906529933805,1,500000.0,2023-01_2025-06
1,C1 Ridge,2025-05,2025-05-30,P_selected,ARD,0.07525642208754663,BUY,0.14398278031615047,0.14398278031615047,0.14398278031615047,1472874.6250000005,0.9999999968187576,1,exclude,1,38,32,0.278827,0.010864,0.9999,ok,0.0395979815157792,1.0993378210967768,0.9998545198661529,32,-0.03125,-0.002351763190235832,1,500000.0,2023-01_2025-06
1,C1 Ridge,2025-05,2025-05-30,P_selected,EQD,0.06437119342739141,BUY,0.18671074789859254,0.18671074789859254,0.18671074789859254,923517.8,0.9999791113725627,1,exclude,1,38,32,0.278827,0.010864,0.9999,ok,0.0395979815157792,1.0993378210967768,0.9998545198661529,32,0.19999999999999996,0.012874238685478278,1,500000.0,2023-01_2025-06
1,C1 Ridge,2025-05,2025-05-30,P_selected,AKT,0.06180124697964948,BUY,0.1586106258570874,0.1586106258570874,0.1586106258570874,16301656.05,1.0,1,exclude,1,38,32,0.278827,0.010864,0.9999,ok,0.0395979815157792,1.0993378210967768,0.9998545198661529,32,0.0006896551724138167,4.262154964113903e-05,1,500000.0,2023-01_2025-06
1,C1 Ridge,2025-05,2025-05-30,P_selected,BCP,0.06025603966029669,NEUTRAL,-0.050974239866211066,-0.050974239866211066,-0.025487119933105533,15701612.445000002,1.0,1,exclude,1,38,32,0.278827,0.010864,0.9999,ok,0.0395979815157792,1.0993378210967768,0.9998545198661529,32,0.058394160583941535,0.003518600856075715,1,500000.0,2023-01_2025-06
1,C1 Ridge,2025-05,2025-05-30,P_selected,DWY,0.04961079929892239,BUY,0.2504951847796412,0.2504951847796412,0.2504951847796412,741636.3949999999,0.9996166513778185,1,exclude,1,38,32,0.278827,0.010864,0.9999,ok,0.0395979815157792,1.0993378210967768,0.9998545198661529,32,-0.040000000000000036,-0.0019844319719568974,1,500000.0,2023-01_2025-06
1,C1 Ridge,2025-05,2025-05-30,P_selected,CMG,0.04714795727275138,BUY,0.5417100233115552,0.5417100233115552,0.5417100233115552,9064685.364999998,1.0,1,exclude,1,38,32,0.278827,0.010864,0.9999,ok,0.0395979815157792,1.0993378210967768,0.9998545198661529,32,-0.06694312796208535,-0.003156231736860728,1,500000.0,2023-01_2025-06
1,C1 Ridge,2025-05,2025-05-30,P_selected,MNG,0.042294407694946745,BUY,0.3053719561350626,0.3053719561350626,0.3053719561350626,6070304.8,1.0,1,exclude,1,38,32,0.278827,0.010864,0.9999,ok,0.0395979815157792,1.0993378210967768,0.9998545198661529,32,0.0,0.0,1,500000.0,2023-01_2025-06
1,C1 Ridge,2025-05,2025-05-30,P_selected,TGC,0.03554667575955262,BUY,0.34986399726158063,0.34986399726158063,0.34986399726158063,43987244.82,1.0,1,exclude,1,38,32,0.278827,0.010864,0.9999,ok,0.0395979815157792,1.0993378210967768,0.9998545198661529,32,-0.021615472127417545,-0.0007683581791029586,1,500000.0,2023-01_2025-06
1,C1 Ridge,2025-05,2025-05-30,P_selected,ATH,0.03236672369159928,BUY,0.4057183932136812,0.4057183932136812,0.4057183932136812,1916332.736,0.9999999999973628,1,exclude,1,38,32,0.278827,0.010864,0.9999,ok,0.0395979815157792,1.0993378210967768,0.9998545198661529,32,0.038594691627131805,0.0012491837198578552,1,500000.0,2023-01_2025-06
1,C1 Ridge,2025-05,2025-05-30,P_selected,FBR,0.030687410441078672,BUY,1.1285382596219198,1.1285382596219198,1.1285382596219198,939575.5599999999,0.9999838440978368,1,exclude,1,38,32,0.278827,0.010864,0.9999,ok,0.0395979815157792,1.0993378210967768,0.9998545198661529,32,0.37400662251655636,0.011477294732847141,1,500000.0,2023-01_2025-06
1,C1 Ridge,2025-05,2025-05-30,P_selected,CSR,0.030660473635874024,NEUTRAL,0.03007650079221493,0.03007650079221493,0.015038250396107466,4587240.37,1.0,1,exclude,1,38,32,0.278827,0.010864,0.9999,ok,0.0395979815157792,1.0993378210967768,0.9998545198661529,32,0.008583690987124415,0.0002631800312092176,1,500000.0,2023-01_2025-06
1,C1 Ridge,2025-05,2025-05-30,P_selected,MUT,0.0276966739965994,BUY,0.23007116493530805,0.23007116493530805,0.23007116493530805,2958387.6725,1.0,1,exclude,1,38,32,0.278827,0.010864,0.9999,ok,0.0395979815157792,1.0993378210967768,0.9998545198661529,32,-0.006565656565656552,-0.00018184684947262196,1,500000.0,2023-01_2025-06
1,C1 Ridge,2025-05,2025-05-30,P_selected,LBV,0.02200068737126192,BUY,0.2563561734560473,0.2563561734560473,0.2563561734560473,21415882.05,1.0,1,exclude,1,38,32,0.278827,0.010864,0.9999,ok,0.0395979815157792,1.0993378210967768,0.9998545198661529,32,-0.0430622009569378,-0.0009473980207720444,1,500000.0,2023-01_2025-06
1,C1 Ridge,2025-05,2025-05-30,P_selected,MIC,0.017916733108799713,BUY,0.33709713121557305,0.33709713121557305,0.33709713121557305,845191.45,0.9999268600875737,1,exclude,1,38,32,0.278827,0.010864,0.9999,ok,0.0395979815157792,1.0993378210967768,0.9998545198661529,32,-0.02352941176470591,-0.00042157019079528784,1,500000.0,2023-01_2025-06
1,C1 Ridge,2025-05,2025-05-30,P_selected,JET,0.017861735904090147,BUY,0.7382314130886051,0.7382314130886051,0.7382314130886051,18433017.2,1.0,1,exclude,1,38,32,0.278827,0.010864,0.9999,ok,0.0395979815157792,1.0993378210967768,0.9998545198661529,32,-0.09140518417462484,-0.001632655259991869,1,500000.0,2023-01_2025-06
1,C1 Ridge,2025-05,2025-05-30,P_selected,CDM,0.012869071959861622,BUY,0.15661645309898914,0.15661645309898914,0.15661645309898914,5271587.35,1.0,1,exclude,1,38,32,0.278827,0.010864,0.9999,ok,0.0395979815157792,1.0993378210967768,0.9998545198661529,32,0.022831050228310446,0.0002938144283073422,1,500000.0,2023-01_2025-06
1,C1 Ridge,2025-05,2025-05-30,P_selected,MSA,0.011457191922717925,NEUTRAL,-0.024832414012618084,-0.024832414012618084,-0.012416207006309042,23869396.92,1.0,1,exclude,1,38,32,0.278827,0.010864,0.9999,ok,0.0395979815157792,1.0993378210967768,0.9998545198661529,32,-0.0357142857142857,-0.0004091854258113543,1,500000.0,2023-01_2025-06
1,C1 Ridge,2025-05,2025-05-30,P_selected,SOT,0.00996761697825801,BUY,0.4719007980249235,0.4719007980249235,0.4719007980249235,3893552.45,1.0,1,exclude,1,38,32,0.278827,0.010864,0.9999,ok,0.0395979815157792,1.0993378210967768,0.9998545198661529,32,-0.04096228868660601,-0.00040829640418092,1,500000.0,2023-01_2025-06
1,C1 Ridge,2025-05,2025-05-30,P_selected,BCI,0.009676663066220689,NEUTRAL,0.008817509423309763,0.008817509423309763,0.004408754711654882,1462316.3799999997,0.9999999962332831,1,exclude,1,38,32,0.278827,0.010864,0.9999,ok,0.0395979815157792,1.0993378210967768,0.9998545198661529,32,0.11981063364894373,0.0011593671335712315,1,500000.0,2023-01_2025-06
1,C1 Ridge,2025-05,2025-05-30,P_selected,RIS,0.007865977857714394,BUY,0.40225321014498516,0.40225321014498516,0.40225321014498516,1320001.765,0.9999999632830845,1,exclude,1,38,32,0.278827,0.010864,0.9999,ok,0.0395979815157792,1.0993378210967768,0.9998545198661529,32,0.00591715976331364,4.654424767878363e-05,1,500000.0,2023-01_2025-06
1,C1 Ridge,2025-05,2025-05-30,P_selected,HPS,0.005061909849793294,NEUTRAL,-0.011713169569484164,-0.011713169569484164,-0.005856584784742082,6033217.15,1.0,1,exclude,1,38,32,0.278827,0.010864,0.9999,ok,0.0395979815157792,1.0993378210967768,0.9998545198661529,32,0.02473498233215543,0.00012520625070160067,1,500000.0,2023-01_2025-06
1,C1 Ridge,2025-05,2025-05-30,P_selected,DHO,0.002654924967475616,BUY,0.6377347862333114,0.6377347862333114,0.6377347862333114,16194570.0795,1.0,1,exclude,1,38,32,0.278827,0.010864,0.9999,ok,0.0395979815157792,1.0993378210967768,0.9998545198661529,32,-0.0037359900373599153,-9.918773228426998e-06,1,500000.0,2023-01_2025-06
1,C1 Ridge,2025-05,2025-05-30,P_selected,CFG,0.0008266120441621916,BUY,0.2118363481971433,0.2118363481971433,0.2118363481971433,8310008.505000001,1.0,1,exclude,1,38,32,0.278827,0.010864,0.9999,ok,0.0395979815157792,1.0993378210967768,0.9998545198661529,32,-0.033816425120772986,-2.7953064295339846e-05,1,500000.0,2023-01_2025-06
1,C1 Ridge,2025-05,2025-05-30,P_selected,SID,0.0006785317242386024,BUY,0.9240230713324296,0.9240230713324296,0.9240230713324296,7997719.5,1.0,1,exclude,1,38,32,0.278827,0.010864,0.9999,ok,0.0395979815157792,1.0993378210967768,0.9998545198661529,32,0.022044088176352616,1.4957613159568328e-05,1,500000.0,2023-01_2025-06
1,C1 Ridge,2025-05,2025-05-30,P_selected,RDS,0.0005695803555486625,NEUTRAL,-0.005898843399312452,-0.005898843399312452,-0.002949421699656226,6781603.391,1.0,1,exclude,1,38,32,0.278827,0.010864,0.9999,ok,0.0395979815157792,1.0993378210967768,0.9998545198661529,32,0.20307988450433112,0.00011567031282075824,1,500000.0,2023-01_2025-06
1,C1 Ridge,2025-05,2025-05-30,P_selected,LHM,0.00023069601562917164,NEUTRAL,-0.07421003434133745,-0.07421003434133745,-0.037105017170668726,12904517.9,1.0,1,exclude,1,38,32,0.278827,0.010864,0.9999,ok,0.0395979815157792,1.0993378210967768,0.9998545198661529,32,-0.03460381143430291,-7.982961423476852e-06,1,500000.0,2023-01_2025-06
1,C1 Ridge,2025-05,2025-05-30,P_selected,GAZ,0.00021077700862005534,NEUTRAL,-0.005549554089778891,-0.005549554089778891,-0.0027747770448894454,5035715.75,1.0,1,exclude,1,38,32,0.278827,0.010864,0.9999,ok,0.0395979815157792,1.0993378210967768,0.9998545198661529,32,0.01439018636470868,3.0331204354384043e-06,1,500000.0,2023-01_2025-06
1,C1 Ridge,2025-05,2025-05-30,P_selected,CIH,0.0001445769064251764,NEUTRAL,-0.02823417986392615,-0.02823417986392615,-0.014117089931963075,2429229.375,0.9999999999999993,1,exclude,1,38,32,0.278827,0.010864,0.9999,ok,0.0395979815157792,1.0993378210967768,0.9998545198661529,32,0.03750000000000009,5.421633990944127e-06,1,500000.0,2023-01_2025-06
1,C1 Ridge,2025-05,2025-05-30,P_selected,TQM,0.00013349102661584856,BUY,0.6849672542307534,0.6849672542307534,0.6849672542307534,20907903.1,1.0,1,exclude,1,38,32,0.278827,0.010864,0.9999,ok,0.0395979815157792,1.0993378210967768,0.9998545198661529,32,-0.08196721311475408,-1.0941887427528568e-05,1,500000.0,2023-01_2025-06
1,C1 Ridge,2025-06,2025-06-30,P_selected,IMO,0.21097878279182442,NEUTRAL,0.05146122171011447,0.05146122171011447,0.025730610855057234,627184.664,0.9976121105273966,1,exclude,1,37,27,0.202304,0.009734,0.9993,ok,0.004778044281835925,0.8621638013549768,0.9996781278316942,27,0.001335113484646211,0.0002816806178796087,1,500000.0,2023-01_2025-06
1,C1 Ridge,2025-06,2025-06-30,P_selected,BOA,0.12482840637446443,NEUTRAL,0.06353729351401839,0.06353729351401839,0.031768646757009196,37162078.075,1.0,1,exclude,1,37,27,0.202304,0.009734,0.9993,ok,0.004778044281835925,0.8621638013549768,0.9996781278316942,27,-0.25330882352941175,-0.03162013676176691,1,500000.0,2023-01_2025-06
1,C1 Ridge,2025-06,2025-06-30,P_selected,ARD,0.1061953956107765,BUY,0.1254280631445383,0.1254280631445383,0.1254280631445383,1942854.0150000001,0.9999999999982747,1,exclude,1,37,27,0.202304,0.009734,0.9993,ok,0.004778044281835925,0.8621638013549768,0.9996781278316942,27,-0.04391304347826086,-0.0046633630246471405,1,500000.0,2023-01_2025-06
1,C1 Ridge,2025-06,2025-06-30,P_selected,BCP,0.10243983292655036,NEUTRAL,0.0032727525725850942,0.0032727525725850942,0.0016363762862925471,24659813.354999997,1.0,1,exclude,1,37,27,0.202304,0.009734,0.9993,ok,0.004778044281835925,0.8621638013549768,0.9996781278316942,27,-0.19530201342281872,-0.020006705625252447,1,500000.0,2023-01_2025-06
1,C1 Ridge,2025-06,2025-06-30,P_selected,AFI,0.0717715788607405,BUY,0.6585200890578388,0.6585200890578388,0.6585200890578388,621474.575,0.9973842707703422,1,exclude,1,37,27,0.202304,0.009734,0.9993,ok,0.004778044281835925,0.8621638013549768,0.9996781278316942,27,0.03571428571428581,0.0025632706735978818,1,500000.0,2023-01_2025-06
1,C1 Ridge,2025-06,2025-06-30,P_selected,CSR,0.05168745868367324,NEUTRAL,0.06789898495827121,0.06789898495827121,0.033949492479135604,4633836.7225,1.0,1,exclude,1,37,27,0.202304,0.009734,0.9993,ok,0.004778044281835925,0.8621638013549768,0.9996781278316942,27,-0.22375397667020147,-0.011565274424448624,1,500000.0,2023-01_2025-06
1,C1 Ridge,2025-06,2025-06-30,P_selected,MNG,0.04973110921374777,BUY,0.1428730607655641,0.1428730607655641,0.1428730607655641,7154653.15,1.0,1,exclude,1,37,27,0.202304,0.009734,0.9993,ok,0.004778044281835925,0.8621638013549768,0.9996781278316942,27,1.8006859756097562,0.08955011091271274,1,500000.0,2023-01_2025-06
1,C1 Ridge,2025-06,2025-06-30,P_selected,EQD,0.04343387417069465,BUY,0.15813059686601996,0.15813059686601996,0.15813059686601996,835199.9,0.9999141822092419,1,exclude,1,37,27,0.202304,0.009734,0.9993,ok,0.004778044281835925,0.8621638013549768,0.9996781278316942,27,0.10952380952380958,0.004757043361552273,1,500000.0,2023-01_2025-06
1,C1 Ridge,2025-06,2025-06-30,P_selected,S2M,0.041086609741422885,BUY,0.8564027012343077,0.8564027012343077,0.8564027012343077,1125743.47,0.9999991783048232,1,exclude,1,37,27,0.202304,0.009734,0.9993,ok,0.004778044281835925,0.8621638013549768,0.9996781278316942,27,-0.12068965517241381,-0.004958728761895866,1,500000.0,2023-01_2025-06
1,C1 Ridge,2025-06,2025-06-30,P_selected,ATH,0.03991958001173311,BUY,0.38414583394979557,0.38414583394979557,0.38414583394979557,1095306.1835,0.9999986627566618,1,exclude,1,37,27,0.202304,0.009734,0.9993,ok,0.004778044281835925,0.8621638013549768,0.9996781278316942,27,-0.09408805031446543,-0.0037559554526762737,1,500000.0,2023-01_2025-06
1,C1 Ridge,2025-06,2025-06-30,P_selected,SID,0.033922857365431644,BUY,0.5981480265724447,0.5981480265724447,0.5981480265724447,5712427.35,1.0,1,exclude,1,37,27,0.202304,0.009734,0.9993,ok,0.004778044281835925,0.8621638013549768,0.9996781278316942,27,-0.140625,-0.004770401817013825,1,500000.0,2023-01_2025-06
1,C1 Ridge,2025-06,2025-06-30,P_selected,TMA,0.030011612581373692,NEUTRAL,-0.041187384998742096,-0.041187384998742096,-0.020593692499371048,3993020.15,1.0,1,exclude,1,37,27,0.202304,0.009734,0.9993,ok,0.004778044281835925,0.8621638013549768,0.9996781278316942,27,-0.101123595505618,-0.003034882171150149,1,500000.0,2023-01_2025-06
1,C1 Ridge,2025-06,2025-06-30,P_selected,FBR,0.022839315332014044,BUY,1.2798396365396225,1.2798396365396225,1.2798396365396225,2861645.0799999996,1.0,1,exclude,1,37,27,0.202304,0.009734,0.9993,ok,0.004778044281835925,0.8621638013549768,0.9996781278316942,27,-0.3547326906222611,-0.008101851779695602,1,500000.0,2023-01_2025-06
1,C1 Ridge,2025-06,2025-06-30,P_selected,CMG,0.01975201828131267,NEUTRAL,0.0031953599368006735,0.0031953599368006735,0.0015976799684003368,5977554.67,1.0,1,exclude,1,37,27,0.202304,0.009734,0.9993,ok,0.004778044281835925,0.8621638013549768,0.9996781278316942,27,0.15512820512820502,0.0030640951436395275,1,500000.0,2023-01_2025-06
1,C1 Ridge,2025-06,2025-06-30,P_selected,MUT,0.014642399183443042,BUY,0.21395188373467533,0.21395188373467533,0.21395188373467533,5967187.999999999,1.0,1,exclude,1,37,27,0.202304,0.009734,0.9993,ok,0.004778044281835925,0.8621638013549768,0.9996781278316942,27,-0.18454204971058896,-0.0027021383579932333,1,500000.0,2023-01_2025-06
1,C1 Ridge,2025-06,2025-06-30,P_selected,LBV,0.011592490934663946,NEUTRAL,0.0202230599677204,0.0202230599677204,0.0101115299838602,15097103.35,1.0,1,exclude,1,37,27,0.202304,0.009734,0.9993,ok,0.004778044281835925,0.8621638013549768,0.9996781278316942,27,-0.1123595505617978,-0.0013025270713105564,1,500000.0,2023-01_2025-06
1,C1 Ridge,2025-06,2025-06-30,P_selected,TGC,0.007726962032935808,NEUTRAL,0.07352387967943338,0.07352387967943338,0.03676193983971669,37492644.615,1.0,1,exclude,1,37,27,0.202304,0.009734,0.9993,ok,0.004778044281835925,0.8621638013549768,0.9996781278316942,27,-0.1238636363636364,-0.0009570896154431856,1,500000.0,2023-01_2025-06
1,C1 Ridge,2025-06,2025-06-30,P_selected,CDM,0.004480997260174498,BUY,0.09390246763658877,0.09390246763658877,0.09390246763658877,11199656.0,1.0,1,exclude,1,37,27,0.202304,0.009734,0.9993,ok,0.004778044281835925,0.8621638013549768,0.9996781278316942,27,-0.0855323020928116,-0.0003832700113343062,1,500000.0,2023-01_2025-06
1,C1 Ridge,2025-06,2025-06-30,P_selected,RDS,0.004309999813018016,NEUTRAL,0.08028987841716644,0.08028987841716644,0.04014493920858322,15340858.992500002,1.0,1,exclude,1,37,27,0.202304,0.009734,0.9993,ok,0.004778044281835925,0.8621638013549768,0.9996781278316942,27,0.31911532385466046,0.0013753869861447702,1,500000.0,2023-01_2025-06
1,C1 Ridge,2025-06,2025-06-30,P_selected,AKT,0.0024766438936150614,BUY,0.1492383336506074,0.1492383336506074,0.1492383336506074,19644666.45,1.0,1,exclude,1,37,27,0.202304,0.009734,0.9993,ok,0.004778044281835925,0.8621638013549768,0.9996781278316942,27,-0.17903335602450643,-0.0004434018679515051,1,500000.0,2023-01_2025-06
1,C1 Ridge,2025-06,2025-06-30,P_selected,BCI,0.0015209703947990474,BUY,0.178898350769077,0.178898350769077,0.178898350769077,3773954.8599999994,1.0,1,exclude,1,37,27,0.202304,0.009734,0.9993,ok,0.004778044281835925,0.8621638013549768,0.9996781278316942,27,-0.048400328137817916,-7.361546619618035e-05,1,500000.0,2023-01_2025-06
1,C1 Ridge,2025-06,2025-06-30,P_selected,CFG,0.0014158846618641024,NEUTRAL,0.07580723331778982,0.07580723331778982,0.03790361665889491,4551682.8175,1.0,1,exclude,1,37,27,0.202304,0.009734,0.9993,ok,0.004778044281835925,0.8621638013549768,0.9996781278316942,27,-0.09292035398230092,-0.00013156450397852284,1,500000.0,2023-01_2025-06
1,C1 Ridge,2025-06,2025-06-30,P_selected,JET,0.0008479011183842744,BUY,0.5170624300275967,0.5170624300275967,0.5170624300275967,15226401.2,1.0,1,exclude,1,37,27,0.202304,0.009734,0.9993,ok,0.004778044281835925,0.8621638013549768,0.9996781278316942,27,0.1522296258329061,0.00012907566999494072,1,500000.0,2023-01_2025-06
1,C1 Ridge,2025-06,2025-06-30,P_selected,GAZ,0.0007310570600535623,NEUTRAL,0.012860369316253225,0.012860369316253225,0.0064301846581266125,4560438.2,1.0,1,exclude,1,37,27,0.202304,0.009734,0.9993,ok,0.004778044281835925,0.8621638013549768,0.9996781278316942,27,-0.1209302325581395,-8.840690028554705e-05,1,500000.0,2023-01_2025-06
1,C1 Ridge,2025-06,2025-06-30,P_selected,SNP,0.0006909217082857091,BUY,0.17868609554693443,0.17868609554693443,0.17868609554693443,3374089.925,1.0,1,exclude,1,37,27,0.202304,0.009734,0.9993,ok,0.004778044281835925,0.8621638013549768,0.9996781278316942,27,-0.45738677470698885,-0.0003160184517278435,1,500000.0,2023-01_2025-06
1,C1 Ridge,2025-06,2025-06-30,P_selected,TQM,0.00045230488200906507,BUY,0.2061100691678544,0.2061100691678544,0.2061100691678544,10620135.5,1.0,1,exclude,1,37,27,0.202304,0.009734,0.9993,ok,0.004778044281835925,0.8621638013549768,0.9996781278316942,27,-0.38245614035087716,-0.0001729867794350459,1,500000.0,2023-01_2025-06
1,C1 Ridge,2025-06,2025-06-30,P_selected,DHO,0.00019116294268830273,BUY,0.2712419758542901,0.2712419758542901,0.2712419758542901,2390132.4845,0.9999999999999987,1,exclude,1,37,27,0.202304,0.009734,0.9993,ok,0.004778044281835925,0.8621638013549768,0.9996781278316942,27,-0.25,-4.779073567207568e-05,1,500000.0,2023-01_2025-06
2,C2 Ridge + régime,2023-01,2023-01-31,P_selected,CMA,0.1799341591490129,BUY,0.13054570104748978,0.13054570104748978,0.13054570104748978,2986329.6,1.0,1,exclude,1,20,16,0.200591,0.01499,0.9998,ok,0.05388580971950252,0.9999414155473547,0.9999414155473547,16,0.05551149881046791,0.009988414861562973,1,500000.0,2023-01_2025-06
2,C2 Ridge + régime,2023-01,2023-01-31,P_selected,IAM,0.16216288994363012,BUY,0.3776622710122804,0.3776622710122804,0.3776622710122804,13544039.144499999,1.0,1,exclude,1,20,16,0.200591,0.01499,0.9998,ok,0.05388580971950252,0.9999414155473547,0.9999414155473547,16,-0.022105263157894628,-0.0035846533566486483,1,500000.0,2023-01_2025-06
2,C2 Ridge + régime,2023-01,2023-01-31,P_selected,LBV,0.14448219759637132,BUY,0.1086143090526142,0.1086143090526142,0.1086143090526142,2657280.1,1.0,1,exclude,1,20,16,0.200591,0.01499,0.9998,ok,0.05388580971950252,0.9999414155473547,0.9999414155473547,16,0.06024096385542177,0.00870374684315491,1,500000.0,2023-01_2025-06
2,C2 Ridge + régime,2023-01,2023-01-31,P_selected,ARD,0.09047694840151456,NEUTRAL,0.018154865239627893,0.018154865239627893,0.009077432619813947,1139534.2349999999,0.9999993410040309,1,exclude,1,20,16,0.200591,0.01499,0.9998,ok,0.05388580971950252,0.9999414155473547,0.9999414155473547,16,0.047601010101010255,0.004306794134769078,1,500000.0,2023-01_2025-06
2,C2 Ridge + régime,2023-01,2023-01-31,P_selected,CSR,0.08498477994128682,BUY,0.8125131214618464,0.8125131214618464,0.8125131214618464,2767953.9,1.0,1,exclude,1,20,16,0.200591,0.01499,0.9998,ok,0.05388580971950252,0.9999414155473547,0.9999414155473547,16,0.04651162790697683,0.003952780462385441,1,500000.0,2023-01_2025-06
2,C2 Ridge + régime,2023-01,2023-01-31,P_selected,CMT,0.06865680060732395,NEUTRAL,0.021695677058969742,0.021695677058969742,0.010847838529484871,1487451.35,0.9999999974805409,1,exclude,1,20,16,0.200591,0.01499,0.9998,ok,0.05388580971950252,0.9999414155473547,0.9999414155473547,16,0.10256410256410264,0.0070417231392127175,1,500000.0,2023-01_2025-06
2,C2 Ridge + régime,2023-01,2023-01-31,P_selected,EQD,0.06849262010513446,NEUTRAL,-0.09579709174333878,-0.09579709174333878,-0.04789854587166939,628779.08,0.9976721166948841,1,exclude,1,20,16,0.200591,0.01499,0.9998,ok,0.05388580971950252,0.9999414155473547,0.9999414155473547,16,0.0986254295532647,0.00675511407909746,1,500000.0,2023-01_2025-06
2,C2 Ridge + régime,2023-01,2023-01-31,P_selected,ATW,0.06531041504019554,BUY,0.343596661883442,0.343596661883442,0.343596661883442,15659908.55,1.0,1,exclude,1,20,16,0.200591,0.01499,0.9998,ok,0.05388580971950252,0.9999414155473547,0.9999414155473547,16,0.15616438356164375,0.010199160704907242,1,500000.0,2023-01_2025-06
2,C2 Ridge + régime,2023-01,2023-01-31,P_selected,GAZ,0.05916634104645843,NEUTRAL,-0.0021935635788502827,-0.0021935635788502827,-0.0010967817894251414,1628466.1,0.9999999997361018,1,exclude,1,20,16,0.200591,0.01499,0.9998,ok,0.05388580971950252,0.9999414155473547,0.9999414155473547,16,0.03402298850574703,0.002013015741350764,1,500000.0,2023-01_2025-06
2,C2 Ridge + régime,2023-01,2023-01-31,P_selected,CIH,0.03427160729393759,BUY,0.1569710543230306,0.1569710543230306,0.1569710543230306,640825.5349999999,0.9980794256192659,1,exclude,1,20,16,0.200591,0.01499,0.9998,ok,0.05388580971950252,0.9999414155473547,0.9999414155473547,16,0.10154263434480426,0.0034800292878570315,1,500000.0,2023-01_2025-06
2,C2 Ridge + régime,2023-01,2023-01-31,P_selected,BOA,0.031783725434872574,BUY,0.1512077984401267,0.1512077984401267,0.1512077984401267,2365189.8625,0.999999999999998,1,exclude,1,20,16,0.200591,0.01499,0.9998,ok,0.05388580971950252,0.9999414155473547,0.9999414155473547,16,0.050000000000000044,0.0015891862717436302,1,500000.0,2023-01_2025-06
2,C2 Ridge + régime,2023-01,2023-01-31,P_selected,MSA,0.004891840573975007,BUY,0.173770558544738,0.173770558544738,0.173770558544738,6920604.67,1.0,1,exclude,1,20,16,0.200591,0.01499,0.9998,ok,0.05388580971950252,0.9999414155473547,0.9999414155473547,16,0.06341463414634152,0.00031021428030085437,1,500000.0,2023-01_2025-06
2,C2 Ridge + régime,2023-01,2023-01-31,P_selected,TQM,0.002142678003092765,BUY,0.46593530649151993,0.46593530649151993,0.46593530649151993,574601.905,0.9944788380348597,1,exclude,1,20,16,0.200591,0.01499,0.9998,ok,0.05388580971950252,0.9999414155473547,0.9999414155473547,16,0.042105263157894646,9.021802118285307e-05,1,500000.0,2023-01_2025-06
2,C2 Ridge + régime,2023-01,2023-01-31,P_selected,BCP,0.0018311217156635703,BUY,0.12077101246262191,0.12077101246262191,0.12077101246262191,4343433.1725,1.0,1,exclude,1,20,16,0.200591,0.01499,0.9998,ok,0.05388580971950252,0.9999414155473547,0.9999414155473547,16,0.11009174311926606,0.00020159138154094352,1,500000.0,2023-01_2025-06
2,C2 Ridge + régime,2023-01,2023-01-31,P_selected,TMA,0.0010617150083127686,NEUTRAL,-0.05533667346088317,-0.05533667346088317,-0.027668336730441584,576767.2,0.9946658388327679,1,exclude,1,20,16,0.200591,0.01499,0.9998,ok,0.05388580971950252,0.9999414155473547,0.9999414155473547,16,0.029661016949152463,3.149154685673458e-05,1,500000.0,2023-01_2025-06
2,C2 Ridge + régime,2023-01,2023-01-31,P_selected,TGC,0.0002915756865722821,BUY,0.13198234419641325,0.13198234419641325,0.13198234419641325,611269.9075,0.9969217729919869,1,exclude,1,20,16,0.200591,0.01499,0.9998,ok,0.05388580971950252,0.9999414155473547,0.9999414155473547,16,0.10172413793103452,2.9660285358214916e-05,1,500000.0,2023-01_2025-06
2,C2 Ridge + régime,2023-02,2023-02-28,P_selected,ADI,0.19612074754772768,NEUTRAL,-0.019104391357691375,-0.019104391357691375,-0.009552195678845687,686830.9269999999,0.9990791524884367,1,exclude,1,20,18,0.240004,0.013652,0.9998,ok,-0.022514362060592208,0.7581441296220129,0.9999668336708022,18,0.1294545454545455,0.025388722227996752,1,500000.0,2023-01_2025-06
2,C2 Ridge + régime,2023-02,2023-02-28,P_selected,CMA,0.17355959517653247,BUY,0.3294750998336112,0.3294750998336112,0.3294750998336112,1089665.05,0.9999985364451657,1,exclude,1,20,18,0.240004,0.013652,0.9998,ok,-0.022514362060592208,0.7581441296220129,0.9999668336708022,18,-0.10188679245283017,-0.017683430451948586,1,500000.0,2023-01_2025-06
2,C2 Ridge + régime,2023-02,2023-02-28,P_selected,ARD,0.11160534368302598,BUY,0.3074500891420997,0.3074500891420997,0.3074500891420997,1171041.635,0.9999996019413807,1,exclude,1,20,18,0.240004,0.013652,0.9998,ok,-0.022514362060592208,0.7581441296220129,0.9999668336708022,18,0.00518259611907923,0.0005784054210401542,1,500000.0,2023-01_2025-06
2,C2 Ridge + régime,2023-02,2023-02-28,P_selected,CMT,0.09675029578669948,BUY,0.27345090853779674,0.27345090853779674,0.27345090853779674,1034067.45,0.9999964376237946,1,exclude,1,20,18,0.240004,0.013652,0.9998,ok,-0.022514362060592208,0.7581441296220129,0.9999668336708022,18,-0.037837837837837784,-0.003660822002739975,1,500000.0,2023-01_2025-06
2,C2 Ridge + régime,2023-02,2023-02-28,P_selected,CSR,0.09151758530880703,BUY,0.688202270559747,0.688202270559747,0.688202270559747,910033.8474999999,0.9999740818607816,1,exclude,1,20,18,0.240004,0.013652,0.9998,ok,-0.022514362060592208,0.7581441296220129,0.9999668336708022,18,-0.0444444444444444,-0.004067448235946975,1,500000.0,2023-01_2025-06
2,C2 Ridge + régime,2023-02,2023-02-28,P_selected,BOA,0.07670402188423323,BUY,0.2764488297368331,0.2764488297368331,0.2764488297368331,9772784.5,1.0,1,exclude,1,20,18,0.240004,0.013652,0.9998,ok,-0.022514362060592208,0.7581441296220129,0.9999668336708022,18,-0.026946107784431184,-0.0020668748411919167,1,500000.0,2023-01_2025-06
2,C2 Ridge + régime,2023-02,2023-02-28,P_selected,GAZ,0.05903507268724648,BUY,0.11798588661996673,0.11798588661996673,0.11798588661996673,2997477.45,1.0,1,exclude,1,20,18,0.240004,0.013652,0.9998,ok,-0.022514362060592208,0.7581441296220129,0.9999668336708022,18,-0.1235955056179775,-0.007296469657974283,1,500000.0,2023-01_2025-06
2,C2 Ridge + régime,2023-02,2023-02-28,P_selected,SAH,0.044344067262082225,BUY,0.12448964580035161,0.12448964580035161,0.12448964580035161,2543576.1,0.9999999999999998,1,exclude,1,20,18,0.240004,0.013652,0.9998,ok,-0.022514362060592208,0.7581441296220129,0.9999668336708022,18,-0.09134615384615385,-0.004050659990286357,1,500000.0,2023-01_2025-06
2,C2 Ridge + régime,2023-02,2023-02-28,P_selected,IAM,0.04431538718802095,BUY,0.33305631489264714,0.33305631489264714,0.33305631489264714,19150457.830000002,1.0,1,exclude,1,20,18,0.240004,0.013652,0.9998,ok,-0.022514362060592208,0.7581441296220129,0.9999668336708022,18,-0.07608695652173914,-0.0033718229382189856,1,500000.0,2023-01_2025-06
2,C2 Ridge + régime,2023-02,2023-02-28,P_selected,CIH,0.035532711772023,BUY,0.17956235560131828,0.17956235560131828,0.17956235560131828,1095213.6300000001,0.9999986607749326,1,exclude,1,20,18,0.240004,0.013652,0.9998,ok,-0.022514362060592208,0.7581441296220129,0.9999668336708022,18,-0.012618296529968487,-0.00044836229365328826,1,500000.0,2023-01_2025-06
2,C2 Ridge + régime,2023-02,2023-02-28,P_selected,ATL,0.0322308786688021,NEUTRAL,0.09790114996759557,0.09790114996759557,0.04895057498379778,1271202.9575,0.999999919840497,1,exclude,1,20,18,0.240004,0.013652,0.9998,ok,-0.022514362060592208,0.7581441296220129,0.9999668336708022,18,-0.07072987208427395,-0.0022796859254081265,1,500000.0,2023-01_2025-06
2,C2 Ridge + régime,2023-02,2023-02-28,P_selected,LBV,0.019822726714105354,NEUTRAL,0.08925179842442607,0.08925179842442607,0.044625899212213035,3061243.25,1.0,1,exclude,1,20,18,0.240004,0.013652,0.9998,ok,-0.022514362060592208,0.7581441296220129,0.9999668336708022,18,-0.011363636363636354,-0.00022525825811483337,1,500000.0,2023-01_2025-06
2,C2 Ridge + régime,2023-02,2023-02-28,P_selected,MSA,0.008974418575761462,BUY,0.1863859869000693,0.1863859869000693,0.1863859869000693,8126108.8225,1.0,1,exclude,1,20,18,0.240004,0.013652,0.9998,ok,-0.022514362060592208,0.7581441296220129,0.9999668336708022,18,-0.01834862385321101,-0.00016466823074791676,1,500000.0,2023-01_2025-06
2,C2 Ridge + régime,2023-02,2023-02-28,P_selected,ATW,0.0071416474393554445,NEUTRAL,0.08497616013845823,0.08497616013845823,0.04248808006922911,17845090.095,1.0,1,exclude,1,20,18,0.240004,0.013652,0.9998,ok,-0.022514362060592208,0.7581441296220129,0.9999668336708022,18,-0.04542168674698799,-0.00032438567284783187,1,500000.0,2023-01_2025-06
2,C2 Ridge + régime,2023-02,2023-02-28,P_selected,TQM,0.0013904370103020734,BUY,0.5184020508910988,0.5184020508910988,0.5184020508910988,1453693.8,0.9999999956760686,1,exclude,1,20,18,0.240004,0.013652,0.9998,ok,-0.022514362060592208,0.7581441296220129,0.9999668336708022,18,-0.03903903903903905,-5.4281324726507386e-05,1,500000.0,2023-01_2025-06
2,C2 Ridge + régime,2023-02,2023-02-28,P_selected,TMA,0.0005514913295986809,NEUTRAL,0.0678424522235664,0.0678424522235664,0.0339212261117832,780465.8,0.9997940050319032,1,exclude,1,20,18,0.240004,0.013652,0.9998,ok,-0.022514362060592208,0.7581441296220129,0.9999668336708022,18,0.06820049301561215,3.761198057246549e-05,1,500000.0,2023-01_2025-06
2,C2 Ridge + régime,2023-02,2023-02-28,P_selected,MUT,0.00019950844064883948,BUY,0.11808347892958426,0.11808347892958426,0.11808347892958426,878192.76,0.9999568629067194,1,exclude,1,20,18,0.240004,0.013652,0.9998,ok,-0.022514362060592208,0.7581441296220129,0.9999668336708022,18,-0.022685185185185253,-4.525885922126464e-06,1,500000.0,2023-01_2025-06
2,C2 Ridge + régime,2023-02,2023-02-28,P_selected,SID,0.0001708971958297632,NEUTRAL,-0.03903533097702783,-0.03903533097702783,-0.019517665488513913,1631835.715,0.9999999997499529,1,exclude,1,20,18,0.240004,0.013652,0.9998,ok,-0.022514362060592208,0.7581441296220129,0.9999668336708022,18,-0.07361455748552526,-1.258052144652517e-05,1,500000.0,2023-01_2025-06
2,C2 Ridge + régime,2023-03,2023-03-31,P_selected,AKT,0.4,BUY,0.2569689287072125,0.2569689287072125,0.2569689287072125,835562.8699999999,0.9999146791109752,1,exclude,1,19,17,0.288131,0.011783,0.999,ok,0.02225531256607627,1.0409011965658839,0.9999700368595897,17,0.03672413793103435,0.01468965517241374,1,500000.0,2023-01_2025-06
2,C2 Ridge + régime,2023-03,2023-03-31,P_selected,ADI,0.1406588008297534,BUY,0.23526496927374535,0.23526496927374535,0.23526496927374535,1206786.3105000001,0.9999997753183202,1,exclude,1,19,17,0.288131,0.011783,0.999,ok,0.02225531256607627,1.0409011965658839,0.9999700368595897,17,0.06788079470198682,0.009548031182152144,1,500000.0,2023-01_2025-06
2,C2 Ridge + régime,2023-03,2023-03-31,P_selected,CMA,0.1322749874090291,BUY,0.23073067977249767,0.23073067977249767,0.23073067977249767,2768078.85,1.0,1,exclude,1,19,17,0.288131,0.011783,0.999,ok,0.02225531256607627,1.0409011965658839,0.9999700368595897,17,0.03813559322033888,0.005044385113056181,1,500000.0,2023-01_2025-06
2,C2 Ridge + régime,2023-03,2023-03-31,P_selected,CSR,0.09982178767385341,BUY,0.7888593499072185,0.7888593499072185,0.7888593499072185,2099710.955,0.9999999999998597,1,exclude,1,19,17,0.288131,0.011783,0.999,ok,0.02225531256607627,1.0409011965658839,0.9999700368595897,17,-0.013486934532171868,-0.0013462899152416217,1,500000.0,2023-01_2025-06
2,C2 Ridge + régime,2023-03,2023-03-31,P_selected,DHO,0.04756512356229001,BUY,0.14170062274410605,0.14170062274410605,0.14170062274410605,576016.742,0.9946017515741817,1,exclude,1,19,17,0.288131,0.011783,0.999,ok,0.02225531256607627,1.0409011965658839,0.9999700368595897,17,-0.02617397998460358,-0.0012449685920845747,1,500000.0,2023-01_2025-06
2,C2 Ridge + régime,2023-03,2023-03-31,P_selected,CMT,0.044925589289757366,BUY,0.3323477288842672,0.3323477288842672,0.3323477288842672,507315.95,0.9839687658365996,1,exclude,1,19,17,0.288131,0.011783,0.999,ok,0.02225531256607627,1.0409011965658839,0.9999700368595897,17,-0.026790595954073293,-0.001203583310660532,1,500000.0,2023-01_2025-06
2,C2 Ridge + régime,2023-03,2023-03-31,P_selected,BOA,0.04171241074324534,BUY,0.18748458708276086,0.18748458708276086,0.18748458708276086,2560153.6025,1.0,1,exclude,1,19,17,0.288131,0.011783,0.999,ok,0.02225531256607627,1.0409011965658839,0.9999700368595897,17,-0.006134969325153339,-0.00025590436038800676,1,500000.0,2023-01_2025-06
2,C2 Ridge + régime,2023-03,2023-03-31,P_selected,MNG,0.029324116323987466,BUY,0.19856095747292016,0.19856095747292016,0.19856095747292016,1282594.6,0.9999999331967206,1,exclude,1,19,17,0.288131,0.011783,0.999,ok,0.02225531256607627,1.0409011965658839,0.9999700368595897,17,-0.04315417810906241,-0.0012654581387362197,1,500000.0,2023-01_2025-06
2,C2 Ridge + régime,2023-03,2023-03-31,P_selected,TQM,0.022270426680743922,BUY,0.32623161558231123,0.32623161558231123,0.32623161558231123,6903893.63,1.0,1,exclude,1,19,17,0.288131,0.011783,0.999,ok,0.02225531256607627,1.0409011965658839,0.9999700368595897,17,0.0,0.0,1,500000.0,2023-01_2025-06
2,C2 Ridge + régime,2023-03,2023-03-31,P_selected,LBV,0.015331706234265025,NEUTRAL,0.04502128684252907,0.04502128684252907,0.022510643421264534,1053892.0,0.9999974059095249,1,exclude,1,19,17,0.288131,0.011783,0.999,ok,0.02225531256607627,1.0409011965658839,0.9999700368595897,17,0.020689655172413834,0.0003172077151916908,1,500000.0,2023-01_2025-06
2,C2 Ridge + régime,2023-03,2023-03-31,P_selected,AGM,0.01323418755567863,NEUTRAL,-0.07408762181100287,-0.07408762181100287,-0.037043810905501434,1597831.9,0.9999999995691713,1,exclude,1,19,17,0.288131,0.011783,0.999,ok,0.02225531256607627,1.0409011965658839,0.9999700368595897,17,0.00630031501575079,8.337955057830432e-05,1,500000.0,2023-01_2025-06
2,C2 Ridge + régime,2023-03,2023-03-31,P_selected,IAM,0.0048626490025438455,NEUTRAL,-0.034796522036316835,-0.034796522036316835,-0.017398261018158417,9476901.889,1.0,1,exclude,1,19,17,0.288131,0.011783,0.999,ok,0.02225531256607627,1.0409011965658839,0.9999700368595897,17,-0.05204678362573101,-0.00025308524048327626,1,500000.0,2023-01_2025-06
2,C2 Ridge + régime,2023-03,2023-03-31,P_selected,MSA,0.004115446816148967,NEUTRAL,0.03963981089868707,0.03963981089868707,0.019819905449343533,1824206.9225,0.9999999999884843,1,exclude,1,19,17,0.288131,0.011783,0.999,ok,0.02225531256607627,1.0409011965658839,0.9999700368595897,17,0.09205607476635502,0.00037885187980436704,1,500000.0,2023-01_2025-06
2,C2 Ridge + régime,2023-03,2023-03-31,P_selected,ATL,0.0022382111916522764,BUY,0.24032250273843375,0.24032250273843375,0.24032250273843375,2324704.1875,0.9999999999999962,1,exclude,1,19,17,0.288131,0.011783,0.999,ok,0.02225531256607627,1.0409011965658839,0.9999700368595897,17,0.05734038226921512,0.00012833988532857704,1,500000.0,2023-01_2025-06
2,C2 Ridge + régime,2023-03,2023-03-31,P_selected,SID,0.001148895103989919,NEUTRAL,0.08542857125073317,0.08542857125073317,0.04271428562536658,1376367.56,0.9999999850996477,1,exclude,1,19,17,0.288131,0.011783,0.999,ok,0.02225531256607627,1.0409011965658839,0.9999700368595897,17,-0.03539823008849563,-4.066885323858127e-05,1,500000.0,2023-01_2025-06
2,C2 Ridge + régime,2023-03,2023-03-31,P_selected,ATW,0.00031911595091984024,BUY,0.11857512361636098,0.11857512361636098,0.11857512361636098,13377655.584999999,1.0,1,exclude,1,19,17,0.288131,0.011783,0.999,ok,0.02225531256607627,1.0409011965658839,0.9999700368595897,17,0.012249999999999872,3.909170398768002e-06,1,500000.0,2023-01_2025-06
2,C2 Ridge + régime,2023-03,2023-03-31,P_selected,BCP,0.00016658249173111584,BUY,0.1441777307962266,0.1441777307962266,0.1441777307962266,5811499.3625,1.0,1,exclude,1,19,17,0.288131,0.011783,0.999,ok,0.02225531256607627,1.0409011965658839,0.9999700368595897,17,-0.030303030303030165,-5.047954294882275e-06,1,500000.0,2023-01_2025-06
2,C2 Ridge + régime,2023-04,2023-04-28,P_selected,AKT,0.33735464727307307,BUY,0.2211850950185717,0.2211850950185717,0.2211850950185717,3402391.0424999995,1.0,1,exclude,1,24,21,0.329607,0.012617,0.9994,ok,0.057029208484485894,0.656042290538049,0.9998073547794938,21,0.0738255033557047,0.024905376644320833,1,500000.0,2023-01_2025-06
2,C2 Ridge + régime,2023-04,2023-04-28,P_selected,ADI,0.1811132275075876,BUY,0.40465032779060967,0.40465032779060967,0.40465032779060967,1208116.0579999997,0.9999997800481433,1,exclude,1,24,21,0.329607,0.012617,0.9994,ok,0.057029208484485894,0.656042290538049,0.9998073547794938,21,0.09062499999999996,0.016413386242875118,1,500000.0,2023-01_2025-06
2,C2 Ridge + régime,2023-04,2023-04-28,P_selected,CSR,0.15424773739171804,BUY,0.840905811271293,0.840905811271293,0.840905811271293,3219892.3125,1.0,1,exclude,1,24,21,0.329607,0.012617,0.9994,ok,0.057029208484485894,0.656042290538049,0.9998073547794938,21,0.027934537246049773,0.004308839165287852,1,500000.0,2023-01_2025-06
2,C2 Ridge + régime,2023-04,2023-04-28,P_selected,AFM,0.12861720932246512,BUY,0.15696723876821547,0.15696723876821547,0.15696723876821547,4337626.75,1.0,1,exclude,1,24,21,0.329607,0.012617,0.9994,ok,0.057029208484485894,0.656042290538049,0.9998073547794938,21,-0.0077821011673151474,-0.0010009121348051725,1,500000.0,2023-01_2025-06
2,C2 Ridge + régime,2023-04,2023-04-28,P_selected,AGM,0.05041568842133735,NEUTRAL,0.006327653939726341,0.006327653939726341,0.0031638269698631705,763217.7,0.9997285559944294,1,exclude,1,24,21,0.329607,0.012617,0.9994,ok,0.057029208484485894,0.656042290538049,0.9998073547794938,21,0.008695652173912993,0.0004383972906203222,1,500000.0,2023-01_2025-06
2,C2 Ridge + régime,2023-04,2023-04-28,P_selected,CIH,0.038401786087961395,BUY,0.34196930571643985,0.34196930571643985,0.34196930571643985,520413.36500000005,0.9869600757360814,1,exclude,1,24,21,0.329607,0.012617,0.9994,ok,0.057029208484485894,0.656042290538049,0.9998073547794938,21,0.14631428116541945,0.0056187297269282765,1,500000.0,2023-01_2025-06
2,C2 Ridge + régime,2023-04,2023-04-28,P_selected,CMT,0.03654094182175072,BUY,0.15380019300908152,0.15380019300908152,0.15380019300908152,686211.15,0.9990699840753258,1,exclude,1,24,21,0.329607,0.012617,0.9994,ok,0.057029208484485894,0.656042290538049,0.9998073547794938,21,0.03285543608124253,0.0012005685783729328,1,500000.0,2023-01_2025-06
2,C2 Ridge + régime,2023-04,2023-04-28,P_selected,CMA,0.03187638001411517,BUY,0.12718828369884966,0.12718828369884966,0.12718828369884966,2487721.45,0.9999999999999998,1,exclude,1,24,21,0.329607,0.012617,0.9994,ok,0.057029208484485894,0.656042290538049,0.9998073547794938,21,0.14113873295910184,0.004498991886515052,1,500000.0,2023-01_2025-06
2,C2 Ridge + régime,2023-04,2023-04-28,P_selected,BCP,0.01991878418250972,BUY,0.25602932828407815,0.25602932828407815,0.25602932828407815,4885693.1899999995,1.0,1,exclude,1,24,21,0.329607,0.012617,0.9994,ok,0.057029208484485894,0.656042290538049,0.9998073547794938,21,0.022100656455142254,0.00044021820622176886,1,500000.0,2023-01_2025-06
2,C2 Ridge + régime,2023-04,2023-04-28,P_selected,SID,0.004607250032658287,BUY,0.2658263713608093,0.2658263713608093,0.2658263713608093,703463.7849999999,0.9992941632968811,1,exclude,1,24,21,0.329607,0.012617,0.9994,ok,0.057029208484485894,0.656042290538049,0.9998073547794938,21,0.048214285714285765,0.00022213526943173906,1,500000.0,2023-01_2025-06
2,C2 Ridge + régime,2023-04,2023-04-28,P_selected,LBV,0.00440215726450093,NEUTRAL,0.0582126487042718,0.0582126487042718,0.0291063243521359,5734240.6,1.0,1,exclude,1,24,21,0.329607,0.012617,0.9994,ok,0.057029208484485894,0.656042290538049,0.9998073547794938,21,0.08404966571155681,0.00036999984649100455,1,500000.0,2023-01_2025-06
2,C2 Ridge + régime,2023-04,2023-04-28,P_selected,MSA,0.0041010441717809236,BUY,0.20028085085980352,0.20028085085980352,0.20028085085980352,4869166.4375,1.0,1,exclude,1,24,21,0.329607,0.012617,0.9994,ok,0.057029208484485894,0.656042290538049,0.9998073547794938,21,0.13025780189959302,0.00053419299930932,1,500000.0,2023-01_2025-06
2,C2 Ridge + régime,2023-04,2023-04-28,P_selected,SBM,0.0027050532100595147,NEUTRAL,0.08418142934946106,0.08418142934946106,0.04209071467473053,1084722.7,0.9999984160119108,1,exclude,1,24,21,0.329607,0.012617,0.9994,ok,0.057029208484485894,0.656042290538049,0.9998073547794938,21,0.09959183673469396,0.000269401217654907,1,500000.0,2023-01_2025-06
2,C2 Ridge + régime,2023-04,2023-04-28,P_selected,ATW,0.001918508837308151,BUY,0.2967091730096331,0.2967091730096331,0.2967091730096331,19593211.035,1.0,1,exclude,1,24,21,0.329607,0.012617,0.9994,ok,0.057029208484485894,0.656042290538049,0.9998073547794938,21,0.06848287928017993,0.00013138500910333246,1,500000.0,2023-01_2025-06
2,C2 Ridge + régime,2023-04,2023-04-28,P_selected,MNG,0.0013070787695427556,NEUTRAL,0.0693038082726014,0.0693038082726014,0.0346519041363007,1320150.35,0.9999999633702701,1,exclude,1,24,21,0.329607,0.012617,0.9994,ok,0.057029208484485894,0.656042290538049,0.9998073547794938,21,-0.09952809952809949,-0.0001300910658661172,1,500000.0,2023-01_2025-06
2,C2 Ridge + régime,2023-04,2023-04-28,P_selected,IAM,0.0006181403566639648,BUY,0.20357731169820092,0.20357731169820092,0.20357731169820092,9499791.6655,1.0,1,exclude,1,24,21,0.329607,0.012617,0.9994,ok,0.057029208484485894,0.656042290538049,0.9998073547794938,21,0.11012658227848116,6.807368484780382e-05,1,500000.0,2023-01_2025-06
2,C2 Ridge + régime,2023-04,2023-04-28,P_selected,LHM,0.0004893410643617416,BUY,0.15503533966999372,0.15503533966999372,0.15503533966999372,8846665.1,1.0,1,exclude,1,24,21,0.329607,0.012617,0.9994,ok,0.057029208484485894,0.656042290538049,0.9998073547794938,21,0.06912442396313367,3.382541919551211e-05,1,500000.0,2023-01_2025-06
2,C2 Ridge + régime,2023-04,2023-04-28,P_selected,GAZ,0.00044332500900680404,BUY,0.14214036148533377,0.14214036148533377,0.14214036148533377,2067982.95,0.9999999999997671,1,exclude,1,24,21,0.329607,0.012617,0.9994,ok,0.057029208484485894,0.656042290538049,0.9998073547794938,21,0.038691249026227004,1.7152798323036584e-05,1,500000.0,2023-01_2025-06
2,C2 Ridge + régime,2023-04,2023-04-28,P_selected,BOA,0.0003177912731634167,BUY,0.25756694106444555,0.25756694106444555,0.25756694106444555,1890395.8974999997,0.9999999999960065,1,exclude,1,24,21,0.329607,0.012617,0.9994,ok,0.057029208484485894,0.656042290538049,0.9998073547794938,21,0.030615337981206414,9.729287235375893e-06,1,500000.0,2023-01_2025-06
2,C2 Ridge + régime,2023-04,2023-04-28,P_selected,ATH,0.00021772692156436506,NEUTRAL,0.08269154896036374,0.08269154896036374,0.04134577448018187,632503.8579999999,0.9978065017507025,1,exclude,1,24,21,0.329607,0.012617,0.9994,ok,0.057029208484485894,0.656042290538049,0.9998073547794938,21,0.06722450716210449,1.463658499808662e-05,1,500000.0,2023-01_2025-06
2,C2 Ridge + régime,2023-04,2023-04-28,P_selected,ADH,0.00019353584636470553,NEUTRAL,0.025293699957499874,0.025293699957499874,0.012646849978749937,1443043.845,0.9999999948727762,1,exclude,1,24,21,0.329607,0.012617,0.9994,ok,0.057029208484485894,0.656042290538049,0.9998073547794938,21,0.1770992366412214,3.427505065390205e-05,1,500000.0,2023-01_2025-06
2,C2 Ridge + régime,2023-05,2023-05-31,P_selected,AKT,0.36296977395012453,BUY,0.1809315349598995,0.1809315349598995,0.1809315349598995,4337656.9475,1.0,1,exclude,1,29,22,0.350937,0.011958,0.9995,ok,0.07500333747487953,0.7403350487254791,0.9997036059546329,22,0.10282450015867961,0.03732218557913048,1,500000.0,2023-01_2025-06
2,C2 Ridge + régime,2023-05,2023-05-31,P_selected,CSR,0.1336302668024198,BUY,0.6890249959050812,0.6890249959050812,0.6890249959050812,4808098.57,1.0,1,exclude,1,29,22,0.350937,0.011958,0.9995,ok,0.07500333747487953,0.7403350487254791,0.9997036059546329,22,0.0652827096421742,0.00872374590706864,1,500000.0,2023-01_2025-06
2,C2 Ridge + régime,2023-05,2023-05-31,P_selected,CMA,0.09573905870597123,BUY,0.5452562547878692,0.5452562547878692,0.5452562547878692,4442305.05,1.0,1,exclude,1,29,22,0.350937,0.011958,0.9995,ok,0.07500333747487953,0.7403350487254791,0.9997036059546329,22,0.08203677510608198,0.007854123627929742,1,500000.0,2023-01_2025-06
2,C2 Ridge + régime,2023-05,2023-05-31,P_selected,ADI,0.09279494952094955,BUY,0.4330467184202062,0.4330467184202062,0.4330467184202062,1961794.8165,0.9999999999987259,1,exclude,1,29,22,0.350937,0.011958,0.9995,ok,0.07500333747487953,0.7403350487254791,0.9997036059546329,22,0.1683453237410073,0.015621595818634683,1,500000.0,2023-01_2025-06
2,C2 Ridge + régime,2023-05,2023-05-31,P_selected,CDM,0.08418895912360672,BUY,0.30957894846282397,0.30957894846282397,0.30957894846282397,2111296.7199999997,0.9999999999998834,1,exclude,1,29,22,0.350937,0.011958,0.9995,ok,0.07500333747487953,0.7403350487254791,0.9997036059546329,22,0.05957446808510647,0.005015512458427641,1,500000.0,2023-01_2025-06
2,C2 Ridge + régime,2023-05,2023-05-31,P_selected,SBM,0.07873526698434215,BUY,0.4479106194668417,0.4479106194668417,0.4479106194668417,1324841.7,0.9999999660190999,1,exclude,1,29,22,0.350937,0.011958,0.9995,ok,0.07500333747487953,0.7403350487254791,0.9997036059546329,22,-0.041353383458646586,-0.0032559696873224173,1,500000.0,2023-01_2025-06
2,C2 Ridge + régime,2023-05,2023-05-31,P_selected,DWY,0.05021781483396268,BUY,0.3191334325745464,0.3191334325745464,0.3191334325745464,547346.64,0.9914864497483079,1,exclude,1,29,22,0.350937,0.011958,0.9995,ok,0.07500333747487953,0.7403350487254791,0.9997036059546329,22,-0.01388888888888884,-0.0006974696504717015,1,500000.0,2023-01_2025-06
2,C2 Ridge + régime,2023-05,2023-05-31,P_selected,BOA,0.03820974122098925,BUY,0.20764277833886807,0.20764277833886807,0.20764277833886807,2292785.1825,0.9999999999999936,1,exclude,1,29,22,0.350937,0.011958,0.9995,ok,0.07500333747487953,0.7403350487254791,0.9997036059546329,22,0.06626506024096379,0.0025319708038004903,1,500000.0,2023-01_2025-06
2,C2 Ridge + régime,2023-05,2023-05-31,P_selected,CMT,0.020318155730520805,BUY,0.2769815770185464,0.2769815770185464,0.2769815770185464,780695.1,0.999794759246753,1,exclude,1,29,22,0.350937,0.011958,0.9995,ok,0.07500333747487953,0.7403350487254791,0.9997036059546329,22,0.05882352941176472,0.0011951856312071064,1,500000.0,2023-01_2025-06
2,C2 Ridge + régime,2023-05,2023-05-31,P_selected,TGC,0.01835891617850529,BUY,0.2756239617755691,0.2756239617755691,0.2756239617755691,1231054.7525,0.9999998476181343,1,exclude,1,29,22,0.350937,0.011958,0.9995,ok,0.07500333747487953,0.7403350487254791,0.9997036059546329,22,0.05776173285198549,0.001060442811754817,1,500000.0,2023-01_2025-06
2,C2 Ridge + régime,2023-05,2023-05-31,P_selected,MSA,0.004999674198507699,BUY,0.24113922169629265,0.24113922169629265,0.24113922169629265,3986821.0275,1.0,1,exclude,1,29,22,0.350937,0.011958,0.9995,ok,0.07500333747487953,0.7403350487254791,0.9997036059546329,22,0.012861736334405016,6.430449129913375e-05,1,500000.0,2023-01_2025-06
2,C2 Ridge + régime,2023-05,2023-05-31,P_selected,IAM,0.004346169198091247,NEUTRAL,0.07031200255917565,0.07031200255917565,0.035156001279587824,9482174.524,1.0,1,exclude,1,29,22,0.350937,0.011958,0.9995,ok,0.07500333747487953,0.7403350487254791,0.9997036059546329,22,0.08695652173913038,0.0003779277563557604,1,500000.0,2023-01_2025-06
2,C2 Ridge + régime,2023-05,2023-05-31,P_selected,ATL,0.003290490193289691,BUY,0.31337785365109744,0.31337785365109744,0.31337785365109744,535671.9625,0.9897558491320383,1,exclude,1,29,22,0.350937,0.011958,0.9995,ok,0.07500333747487953,0.7403350487254791,0.9997036059546329,22,-0.03943771964076537,-0.00012976942972364668,1,500000.0,2023-01_2025-06
2,C2 Ridge + régime,2023-05,2023-05-31,P_selected,BCP,0.0030730358480970856,BUY,0.2662895591777419,0.2662895591777419,0.2662895591777419,9803835.355,1.0,1,exclude,1,29,22,0.350937,0.011958,0.9995,ok,0.07500333747487953,0.7403350487254791,0.9997036059546329,22,0.12796411023285614,0.000393238298015414,1,500000.0,2023-01_2025-06
2,C2 Ridge + régime,2023-05,2023-05-31,P_selected,DHO,0.0024474329359146134,BUY,0.2094114292104898,0.2094114292104898,0.2094114292104898,850283.1369999999,0.9999325819392528,1,exclude,1,29,22,0.350937,0.011958,0.9995,ok,0.07500333747487953,0.7403350487254791,0.9997036059546329,22,0.15241635687732358,0.00037302881179367755,1,500000.0,2023-01_2025-06
2,C2 Ridge + régime,2023-05,2023-05-31,P_selected,CIH,0.00200814653013884,BUY,0.12575130259022585,0.12575130259022585,0.12575130259022585,2294585.9675000003,0.9999999999999938,1,exclude,1,29,22,0.350937,0.011958,0.9995,ok,0.07500333747487953,0.7403350487254791,0.9997036059546329,22,0.023339816615726594,4.68697717509482e-05,1,500000.0,2023-01_2025-06
2,C2 Ridge + régime,2023-05,2023-05-31,P_selected,LHM,0.001298229219880933,BUY,0.24696234707482087,0.24696234707482087,0.24696234707482087,6990852.45,1.0,1,exclude,1,29,22,0.350937,0.011958,0.9995,ok,0.07500333747487953,0.7403350487254791,0.9997036059546329,22,0.09876543209876543,0.0001282201698647835,1,500000.0,2023-01_2025-06
2,C2 Ridge + régime,2023-05,2023-05-31,P_selected,HPS,0.0010200474579317126,BUY,0.10280651255095864,0.10280651255095864,0.10280651255095864,513894.9,0.985547335993131,1,exclude,1,29,22,0.350937,0.011958,0.9995,ok,0.07500333747487953,0.7403350487254791,0.9997036059546329,22,0.05269784172661862,5.3754299491725054e-05,1,500000.0,2023-01_2025-06
2,C2 Ridge + régime,2023-05,2023-05-31,P_selected,BCI,0.0007318042254723439,BUY,0.170984912531422,0.170984912531422,0.170984912531422,792041.0599999999,0.9998288256874388,1,exclude,1,29,22,0.350937,0.011958,0.9995,ok,0.07500333747487953,0.7403350487254791,0.9997036059546329,22,0.002188183807439792,1.6013221563946014e-06,1,500000.0,2023-01_2025-06
2,C2 Ridge + régime,2023-05,2023-05-31,P_selected,ARD,0.000590625765063096,NEUTRAL,0.10123707736848704,0.10123707736848704,0.05061853868424352,2783074.87,1.0,1,exclude,1,29,22,0.350937,0.011958,0.9995,ok,0.07500333747487953,0.7403350487254791,0.9997036059546329,22,0.0352831940575673,2.083916348412037e-05,1,500000.0,2023-01_2025-06
2,C2 Ridge + régime,2023-05,2023-05-31,P_selected,SNP,0.00043404312187372146,BUY,0.1406793293427907,0.1406793293427907,0.1406793293427907,911006.96,0.9999744822655285,1,exclude,1,29,22,0.350937,0.011958,0.9995,ok,0.07500333747487953,0.7403350487254791,0.9997036059546329,22,0.017585457419482253,7.632846837929474e-06,1,500000.0,2023-01_2025-06
2,C2 Ridge + régime,2023-05,2023-05-31,P_selected,GAZ,0.0003010042089799458,NEUTRAL,0.06329393441038521,0.06329393441038521,0.031646967205192604,2430464.6,0.9999999999999993,1,exclude,1,29,22,0.350937,0.011958,0.9995,ok,0.07500333747487953,0.7403350487254791,0.9997036059546329,22,0.043695380774032566,1.3152493525965206e-05,1,500000.0,2023-01_2025-06
2,C2 Ridge + régime,2023-06,2023-06-28,P_selected,AKT,0.4,BUY,0.5041728628125118,0.5041728628125118,0.5041728628125118,3411651.5375,1.0,1,exclude,1,30,24,0.422624,0.009759,0.9996,ok,0.07861102439661982,0.6050028187358025,0.9999625776464436,24,0.15107913669064743,0.060431654676258974,1,500000.0,2023-01_2025-06
2,C2 Ridge + régime,2023-06,2023-06-28,P_selected,ADI,0.15619816180814075,BUY,0.6277506734035418,0.6277506734035418,0.6277506734035418,5938925.788,1.0,1,exclude,1,30,24,0.422624,0.009759,0.9996,ok,0.07861102439661982,0.6050028187358025,0.9999625776464436,24,0.08227770261960399,0.01285162590697899,1,500000.0,2023-01_2025-06
2,C2 Ridge + régime,2023-06,2023-06-28,P_selected,CDM,0.08729162932534876,BUY,0.1933992055304965,0.1933992055304965,0.1933992055304965,1552744.55,0.9999999991136532,1,exclude,1,30,24,0.422624,0.009759,0.9996,ok,0.07861102439661982,0.6050028187358025,0.9999625776464436,24,-0.004016064257028162,-0.0003505687924712845,1,500000.0,2023-01_2025-06
2,C2 Ridge + régime,2023-06,2023-06-28,P_selected,DWY,0.07017077404404767,BUY,0.2373384459139349,0.2373384459139349,0.2373384459139349,698752.775,0.9992389456200612,1,exclude,1,30,24,0.422624,0.009759,0.9996,ok,0.07861102439661982,0.6050028187358025,0.9999625776464436,24,0.0028169014084507005,0.00019766415223675376,1,500000.0,2023-01_2025-06
2,C2 Ridge + régime,2023-06,2023-06-28,P_selected,CMA,0.06220579013672404,BUY,0.35326055969042813,0.35326055969042813,0.35326055969042813,4495991.85,1.0,1,exclude,1,30,24,0.422624,0.009759,0.9996,ok,0.07861102439661982,0.6050028187358025,0.9999625776464436,24,-0.019607843137254943,-0.0012197213752298858,1,500000.0,2023-01_2025-06
2,C2 Ridge + régime,2023-06,2023-06-28,P_selected,LES,0.05377714211148223,BUY,0.34475683888378195,0.34475683888378195,0.34475683888378195,2605558.6,1.0,1,exclude,1,30,24,0.422624,0.009759,0.9996,ok,0.07861102439661982,0.6050028187358025,0.9999625776464436,24,0.02544731610337969,0.00136848393444726,1,500000.0,2023-01_2025-06
2,C2 Ridge + régime,2023-06,2023-06-28,P_selected,SAH,0.04405638723003466,BUY,0.25973431627851645,0.25973431627851645,0.25973431627851645,814567.125,0.9998806193449075,1,exclude,1,30,24,0.422624,0.009759,0.9996,ok,0.07861102439661982,0.6050028187358025,0.9999625776464436,24,0.05499999999999994,0.0024231012976519035,1,500000.0,2023-01_2025-06
2,C2 Ridge + régime,2023-06,2023-06-28,P_selected,SLF,0.03492479012185756,BUY,0.2712572979303945,0.2712572979303945,0.2712572979303945,541188.725,0.9906131990863436,1,exclude,1,30,24,0.422624,0.009759,0.9996,ok,0.07861102439661982,0.6050028187358025,0.9999625776464436,24,0.036363636363636376,0.0012699923680675482,1,500000.0,2023-01_2025-06
2,C2 Ridge + régime,2023-06,2023-06-28,P_selected,ATL,0.025564270447794062,BUY,0.29335330981983204,0.29335330981983204,0.29335330981983204,853437.7050000001,0.9999359000761471,1,exclude,1,30,24,0.422624,0.009759,0.9996,ok,0.07861102439661982,0.6050028187358025,0.9999625776464436,24,-0.008130081300813052,-0.00020783959713653821,1,500000.0,2023-01_2025-06
2,C2 Ridge + régime,2023-06,2023-06-28,P_selected,CMT,0.01653229121650458,BUY,0.31797521159782394,0.31797521159782394,0.31797521159782394,765167.1,0.9997368895744893,1,exclude,1,30,24,0.422624,0.009759,0.9996,ok,0.07861102439661982,0.6050028187358025,0.9999625776464436,24,0.11388888888888893,0.0018828442774352443,1,500000.0,2023-01_2025-06
2,C2 Ridge + régime,2023-06,2023-06-28,P_selected,CIH,0.013624852252878676,BUY,0.1812917731641897,0.1812917731641897,0.1812917731641897,1963144.47,0.999999999998753,1,exclude,1,30,24,0.422624,0.009759,0.9996,ok,0.07861102439661982,0.6050028187358025,0.9999625776464436,24,-0.010317675807765436,-0.00014057680847390472,1,500000.0,2023-01_2025-06
2,C2 Ridge + régime,2023-06,2023-06-28,P_selected,CSR,0.010888617703667381,BUY,0.8419419126007792,0.8419419126007792,0.8419419126007792,2951938.085,1.0,1,exclude,1,30,24,0.422624,0.009759,0.9996,ok,0.07861102439661982,0.6050028187358025,0.9999625776464436,24,0.10230769230769221,0.0011139893496828926,1,500000.0,2023-01_2025-06
2,C2 Ridge + régime,2023-06,2023-06-28,P_selected,TGC,0.005997162942251888,BUY,0.19628018076776738,0.19628018076776738,0.19628018076776738,7693227.525,1.0,1,exclude,1,30,24,0.422624,0.009759,0.9996,ok,0.07861102439661982,0.6050028187358025,0.9999625776464436,24,0.03344709897610931,0.00020058770250535384,1,500000.0,2023-01_2025-06
2,C2 Ridge + régime,2023-06,2023-06-28,P_selected,LBV,0.004134985331572131,NEUTRAL,0.06712758975566052,0.06712758975566052,0.03356379487783026,5713665.0,1.0,1,exclude,1,30,24,0.422624,0.009759,0.9996,ok,0.07861102439661982,0.6050028187358025,0.9999625776464436,24,0.026086956521739202,0.00010786918256275153,1,500000.0,2023-01_2025-06
2,C2 Ridge + régime,2023-06,2023-06-28,P_selected,IAM,0.0036389963112896054,BUY,0.36740036093307804,0.36740036093307804,0.36740036093307804,44771855.795,1.0,1,exclude,1,30,24,0.422624,0.009759,0.9996,ok,0.07861102439661982,0.6050028187358025,0.9999625776464436,24,0.15368421052631565,0.0005592562752087177,1,500000.0,2023-01_2025-06
2,C2 Ridge + régime,2023-06,2023-06-28,P_selected,ATW,0.0036249217105261433,NEUTRAL,0.06920805423334961,0.06920805423334961,0.034604027116674804,14421475.765,1.0,1,exclude,1,30,24,0.422624,0.009759,0.9996,ok,0.07861102439661982,0.6050028187358025,0.9999625776464436,24,0.024774774774774855,8.980661895447681e-05,1,500000.0,2023-01_2025-06
2,C2 Ridge + régime,2023-06,2023-06-28,P_selected,TMA,0.003075720381391885,NEUTRAL,-0.039155139964547975,-0.039155139964547975,-0.019577569982273987,1448614.7,0.9999999953100092,1,exclude,1,30,24,0.422624,0.009759,0.9996,ok,0.07861102439661982,0.6050028187358025,0.9999625776464436,24,-0.0024291497975708065,-7.4713855418425014e-06,1,500000.0,2023-01_2025-06
2,C2 Ridge + régime,2023-06,2023-06-28,P_selected,JET,0.0012512278026516111,NEUTRAL,-0.010078188931748722,-0.010078188931748722,-0.005039094465874361,652693.1,0.9984110467564967,1,exclude,1,30,24,0.422624,0.009759,0.9996,ok,0.07861102439661982,0.6050028187358025,0.9999625776464436,24,0.10906976744186037,0.00013647112545200118,1,500000.0,2023-01_2025-06
2,C2 Ridge + régime,2023-06,2023-06-28,P_selected,BCP,0.0009603906234581297,NEUTRAL,0.05641695719849191,0.05641695719849191,0.028208478599245954,19701190.240000002,1.0,1,exclude,1,30,24,0.422624,0.009759,0.9996,ok,0.07861102439661982,0.6050028187358025,0.9999625776464436,24,-0.006439393939393856,-6.184333560146967e-06,1,500000.0,2023-01_2025-06
2,C2 Ridge + régime,2023-06,2023-06-28,P_selected,SNP,0.0008402099200261268,BUY,0.39952538088912254,0.39952538088912254,0.39952538088912254,547117.28,0.99145541711152,1,exclude,1,30,24,0.422624,0.009759,0.9996,ok,0.07861102439661982,0.6050028187358025,0.9999625776464436,24,0.14368932038834958,0.0001207291923921037,1,500000.0,2023-01_2025-06
2,C2 Ridge + régime,2023-06,2023-06-28,P_selected,LHM,0.00045510274459981614,NEUTRAL,0.07111989302938315,0.07111989302938315,0.035559946514691576,11847597.7,1.0,1,exclude,1,30,24,0.422624,0.009759,0.9996,ok,0.07861102439661982,0.6050028187358025,0.9999625776464436,24,0.008426966292134797,3.8351354882006815e-06,1,500000.0,2023-01_2025-06
2,C2 Ridge + régime,2023-06,2023-06-28,P_selected,BCI,0.0003618328831711827,BUY,0.37835597198697735,0.37835597198697735,0.37835597198697735,7488214.477500001,1.0,1,exclude,1,30,24,0.422624,0.009759,0.9996,ok,0.07861102439661982,0.6050028187358025,0.9999625776464436,24,0.05676855895196509,2.0540731359062782e-05,1,500000.0,2023-01_2025-06
2,C2 Ridge + régime,2023-06,2023-06-28,P_selected,MSA,0.00019947370256273936,BUY,0.34747597196664537,0.34747597196664537,0.34747597196664537,11994691.645000001,1.0,1,exclude,1,30,24,0.422624,0.009759,0.9996,ok,0.07861102439661982,0.6050028187358025,0.9999625776464436,24,0.09126984126984117,1.820593317040873e-05,1,500000.0,2023-01_2025-06
2,C2 Ridge + régime,2023-06,2023-06-28,P_selected,GAZ,0.0001878468944619102,NEUTRAL,-0.014743692250337531,-0.014743692250337531,-0.007371846125168766,4302162.3,1.0,1,exclude,1,30,24,0.422624,0.009759,0.9996,ok,0.07861102439661982,0.6050028187358025,0.9999625776464436,24,0.07655502392344493,1.438062349947637e-05,1,500000.0,2023-01_2025-06
2,C2 Ridge + régime,2023-07,2023-07-31,P_selected,AKT,0.3624418053277468,BUY,0.8335953515070398,0.8335953515070398,0.8335953515070398,6380450.305,1.0,1,exclude,1,33,21,0.691218,0.010447,0.9981,ok,0.02006785756590368,0.8226884019934831,0.9996032974703124,21,0.022474685107434,0.008145765444511004,1,500000.0,2023-01_2025-06
2,C2 Ridge + régime,2023-07,2023-07-31,P_selected,ADI,0.20169724614978787,BUY,1.3057477319671835,1.3057477319671835,1.3057477319671835,4485967.051000001,1.0,1,exclude,1,33,21,0.691218,0.010447,0.9981,ok,0.02006785756590368,0.8226884019934831,0.9996032974703124,21,0.10344827586206895,0.02086523236032288,1,500000.0,2023-01_2025-06
2,C2 Ridge + régime,2023-07,2023-07-31,P_selected,MIC,0.08579823420151152,BUY,0.3325139633692574,0.3325139633692574,0.3325139633692574,535064.25,0.9896567906092791,1,exclude,1,33,21,0.691218,0.010447,0.9981,ok,0.02006785756590368,0.8226884019934831,0.9996032974703124,21,-0.011194029850746245,-0.0009604279947930374,1,500000.0,2023-01_2025-06
2,C2 Ridge + régime,2023-07,2023-07-31,P_selected,SOT,0.0811328532843976,BUY,0.3179429277150534,0.3179429277150534,0.3179429277150534,558011.45,0.992812391403546,1,exclude,1,33,21,0.691218,0.010447,0.9981,ok,0.02006785756590368,0.8226884019934831,0.9996032974703124,21,-0.04503753127606336,-0.0036540234173123164,1,500000.0,2023-01_2025-06
2,C2 Ridge + régime,2023-07,2023-07-31,P_selected,EQD,0.05671283583566627,BUY,0.28969667426639967,0.28969667426639967,0.28969667426639967,564841.2,0.9935516335702447,1,exclude,1,33,21,0.691218,0.010447,0.9981,ok,0.02006785756590368,0.8226884019934831,0.9996032974703124,21,0.044074436826640584,0.002499586300298711,1,500000.0,2023-01_2025-06
2,C2 Ridge + régime,2023-07,2023-07-31,P_selected,CIH,0.036264395877375115,BUY,0.3487830097473924,0.3487830097473924,0.3487830097473924,1337855.95,0.9999999724067657,1,exclude,1,33,21,0.691218,0.010447,0.9981,ok,0.02006785756590368,0.8226884019934831,0.9996032974703124,21,0.016124661246612382,0.0005847510988357203,1,500000.0,2023-01_2025-06
2,C2 Ridge + régime,2023-07,2023-07-31,P_selected,TGC,0.036104015153800954,BUY,0.22316676623360177,0.22316676623360177,0.22316676623360177,2521328.0025,0.9999999999999998,1,exclude,1,33,21,0.691218,0.010447,0.9981,ok,0.02006785756590368,0.8226884019934831,0.9996032974703124,21,-0.030526668903052778,-0.0011021353166708818,1,500000.0,2023-01_2025-06
2,C2 Ridge + régime,2023-07,2023-07-31,P_selected,CMA,0.03070916441676422,BUY,0.27662105726871267,0.27662105726871267,0.27662105726871267,2032144.5,0.9999999999995866,1,exclude,1,33,21,0.691218,0.010447,0.9981,ok,0.02006785756590368,0.8226884019934831,0.9996032974703124,21,-0.032471835652750136,-0.0009971829399744504,1,500000.0,2023-01_2025-06
2,C2 Ridge + régime,2023-07,2023-07-31,P_selected,LBV,0.028602944717822654,BUY,0.21497987991558806,0.21497987991558806,0.21497987991558806,2436478.15,0.9999999999999993,1,exclude,1,33,21,0.691218,0.010447,0.9981,ok,0.02006785756590368,0.8226884019934831,0.9996032974703124,21,-0.0527291452111226,-0.0015082088254917828,1,500000.0,2023-01_2025-06
2,C2 Ridge + régime,2023-07,2023-07-31,P_selected,ATH,0.023460231252257206,BUY,0.4153118899986743,0.4153118899986743,0.4153118899986743,764456.9664999999,0.999733883830103,1,exclude,1,33,21,0.691218,0.010447,0.9981,ok,0.02006785756590368,0.8226884019934831,0.9996032974703124,21,-0.05063291139240511,-0.0011878598102408723,1,500000.0,2023-01_2025-06
2,C2 Ridge + régime,2023-07,2023-07-31,P_selected,GAZ,0.018147938514407064,BUY,0.14908176316026348,0.14908176316026348,0.14908176316026348,1530669.3,0.9999999987381776,1,exclude,1,33,21,0.691218,0.010447,0.9981,ok,0.02006785756590368,0.8226884019934831,0.9996032974703124,21,-0.022222222222222254,-0.0004032875225423798,1,500000.0,2023-01_2025-06
2,C2 Ridge + régime,2023-07,2023-07-31,P_selected,DHO,0.014380964527640197,BUY,0.10091355746327149,0.10091355746327149,0.10091355746327149,1528675.736,0.9999999986972805,1,exclude,1,33,21,0.691218,0.010447,0.9981,ok,0.02006785756590368,0.8226884019934831,0.9996032974703124,21,-0.06598373003916835,-0.0009489096810946669,1,500000.0,2023-01_2025-06
2,C2 Ridge + régime,2023-07,2023-07-31,P_selected,ATL,0.011458799616697716,BUY,0.19224597137213473,0.19224597137213473,0.19224597137213473,546552.23,0.9913784860220385,1,exclude,1,33,21,0.691218,0.010447,0.9981,ok,0.02006785756590368,0.8226884019934831,0.9996032974703124,21,0.0,0.0,1,500000.0,2023-01_2025-06
2,C2 Ridge + régime,2023-07,2023-07-31,P_selected,RIS,0.005608170741369182,BUY,0.16110687101026677,0.16110687101026677,0.16110687101026677,895160.8149999998,0.9999671186826061,1,exclude,1,33,21,0.691218,0.010447,0.9981,ok,0.02006785756590368,0.8226884019934831,0.9996032974703124,21,0.11512648425400118,0.0006456489805499893,1,500000.0,2023-01_2025-06
2,C2 Ridge + régime,2023-07,2023-07-31,P_selected,SBM,0.002755065566629437,NEUTRAL,0.0638693235329611,0.0638693235329611,0.03193466176648055,1043809.95,0.99999695180897,1,exclude,1,33,21,0.691218,0.010447,0.9981,ok,0.02006785756590368,0.8226884019934831,0.9996032974703124,21,0.0,0.0,1,500000.0,2023-01_2025-06
2,C2 Ridge + régime,2023-07,2023-07-31,P_selected,TMA,0.0013960627168874756,BUY,0.3438331281832391,0.3438331281832391,0.3438331281832391,894651.2,0.9999668494864936,1,exclude,1,33,21,0.691218,0.010447,0.9981,ok,0.02006785756590368,0.8226884019934831,0.9996032974703124,21,-0.06396255850234012,-8.929574320185105e-05,1,500000.0,2023-01_2025-06
2,C2 Ridge + régime,2023-07,2023-07-31,P_selected,CSR,0.0012383557436542296,BUY,1.0514433197170874,1.0514433197170874,1.0514433197170874,1551664.3000000003,0.9999999990982005,1,exclude,1,33,21,0.691218,0.010447,0.9981,ok,0.02006785756590368,0.8226884019934831,0.9996032974703124,21,-0.07572637840311147,-9.37761956416267e-05,1,500000.0,2023-01_2025-06
2,C2 Ridge + régime,2023-07,2023-07-31,P_selected,MUT,0.0006426743153163596,BUY,0.37174603932619377,0.37174603932619377,0.37174603932619377,2526895.7175000003,0.9999999999999998,1,exclude,1,33,21,0.691218,0.010447,0.9981,ok,0.02006785756590368,0.8226884019934831,0.9996032974703124,21,-0.028340080971659964,-1.8213442134471758e-05,1,500000.0,2023-01_2025-06
2,C2 Ridge + régime,2023-07,2023-07-31,P_selected,CMT,0.00045587861052376707,BUY,0.10712412524872955,0.10712412524872955,0.10712412524872955,2255001.7,0.9999999999999882,1,exclude,1,33,21,0.691218,0.010447,0.9981,ok,0.02006785756590368,0.8226884019934831,0.9996032974703124,21,-0.007492507492507516,-3.4156739050232407e-06,1,500000.0,2023-01_2025-06
2,C2 Ridge + régime,2023-07,2023-07-31,P_selected,BCI,0.00031071825737140005,BUY,0.4171090053389398,0.4171090053389398,0.4171090053389398,733133.4,0.9995608079146594,1,exclude,1,33,21,0.691218,0.010447,0.9981,ok,0.02006785756590368,0.8226884019934831,0.9996032974703124,21,0.07438016528925617,2.3111275341674377e-05,1,500000.0,2023-01_2025-06
2,C2 Ridge + régime,2023-07,2023-07-31,P_selected,SNP,0.0002849426426854961,BUY,0.464508343620881,0.464508343620881,0.464508343620881,722283.61,0.999477591289018,1,exclude,1,33,21,0.691218,0.010447,0.9981,ok,0.02006785756590368,0.8226884019934831,0.9996032974703124,21,-0.07491201608848674,-2.134562783315181e-05,1,500000.0,2023-01_2025-06
2,C2 Ridge + régime,2023-08,2023-08-31,P_selected,AKT,0.4,BUY,0.8290474887552819,0.8290474887552819,0.8290474887552819,5632801.665,1.0,1,exclude,1,30,27,0.590373,0.010534,0.9995,ok,0.08679060829449958,0.8591307246640064,0.9999938024889211,27,0.15393880992531916,0.061575523970127666,1,500000.0,2023-01_2025-06
2,C2 Ridge + régime,2023-08,2023-08-31,P_selected,ADI,0.15286831627653222,BUY,0.9252192708407048,0.9252192708407048,0.9252192708407048,3926191.3200000003,1.0,1,exclude,1,30,27,0.590373,0.010534,0.9995,ok,0.08679060829449958,0.8591307246640064,0.9999938024889211,27,0.20947368421052648,0.03202188940950519,1,500000.0,2023-01_2025-06
2,C2 Ridge + régime,2023-08,2023-08-31,P_selected,DWY,0.08866177227919432,BUY,0.1960981211120724,0.1960981211120724,0.1960981211120724,636558.115,0.9979439897925694,1,exclude,1,30,27,0.590373,0.010534,0.9995,ok,0.08679060829449958,0.8591307246640064,0.9999938024889211,27,-0.014104372355430161,-0.0012505186499181125,1,500000.0,2023-01_2025-06
2,C2 Ridge + régime,2023-08,2023-08-31,P_selected,SAH,0.08027794427296808,BUY,0.3422947557995725,0.3422947557995725,0.3422947557995725,719711.1,0.9994556521558494,1,exclude,1,30,27,0.590373,0.010534,0.9995,ok,0.08679060829449958,0.8591307246640064,0.9999938024889211,27,0.0,0.0,1,500000.0,2023-01_2025-06
2,C2 Ridge + régime,2023-08,2023-08-31,P_selected,JET,0.05395280483902844,BUY,0.4167938479410122,0.4167938479410122,0.4167938479410122,1309289.895,0.99999995641873,1,exclude,1,30,27,0.590373,0.010534,0.9995,ok,0.08679060829449958,0.8591307246640064,0.9999938024889211,27,-0.072039072039072,-0.003886709994508762,1,500000.0,2023-01_2025-06
2,C2 Ridge + régime,2023-08,2023-08-31,P_selected,LES,0.05248335424245592,BUY,0.12500546886004765,0.12500546886004765,0.12500546886004765,3862276.2449999996,1.0,1,exclude,1,30,27,0.590373,0.010534,0.9995,ok,0.08679060829449958,0.8591307246640064,0.9999938024889211,27,0.095617529880478,0.005018328692505741,1,500000.0,2023-01_2025-06
2,C2 Ridge + régime,2023-08,2023-08-31,P_selected,RIS,0.0504586021343567,BUY,0.3061824625087681,0.3061824625087681,0.3061824625087681,2178454.9825,0.9999999999999603,1,exclude,1,30,27,0.590373,0.010534,0.9995,ok,0.08679060829449958,0.8591307246640064,0.9999938024889211,27,-0.009433962264150941,-0.0004760245484373272,1,500000.0,2023-01_2025-06
2,C2 Ridge + régime,2023-08,2023-08-31,P_selected,LBV,0.02631418316331328,NEUTRAL,0.044442105370060415,0.044442105370060415,0.022221052685030208,2625726.45,1.0,1,exclude,1,30,27,0.590373,0.010534,0.9995,ok,0.08679060829449958,0.8591307246640064,0.9999938024889211,27,0.0006525995214270441,1.717262333912183e-05,1,500000.0,2023-01_2025-06
2,C2 Ridge + régime,2023-08,2023-08-31,P_selected,CMT,0.01787200479744789,BUY,0.1365755891034096,0.1365755891034096,0.1365755891034096,557922.65,0.9928022455479221,1,exclude,1,30,27,0.590373,0.010534,0.9995,ok,0.08679060829449958,0.8591307246640064,0.9999938024889211,27,-0.06988436400201103,-0.0012489736887105359,1,500000.0,2023-01_2025-06
2,C2 Ridge + régime,2023-08,2023-08-31,P_selected,CSR,0.016554352514120654,BUY,0.9204860676741344,0.9204860676741344,0.9204860676741344,1371796.12,0.9999999839689431,1,exclude,1,30,27,0.590373,0.010534,0.9995,ok,0.08679060829449958,0.8591307246640064,0.9999938024889211,27,-0.0478515625,-0.0007921516339764766,1,500000.0,2023-01_2025-06
2,C2 Ridge + régime,2023-08,2023-08-31,P_selected,TMA,0.01208517213585474,BUY,0.1335575586111316,0.1335575586111316,0.1335575586111316,557299.95,0.9927306983541194,1,exclude,1,30,27,0.590373,0.010534,0.9995,ok,0.08679060829449958,0.8591307246640064,0.9999938024889211,27,-0.04006677796327207,-0.00048421390861521437,1,500000.0,2023-01_2025-06
2,C2 Ridge + régime,2023-08,2023-08-31,P_selected,GAZ,0.011580337561910813,BUY,0.2503908682192173,0.2503908682192173,0.2503908682192173,1221689.0,0.9999998229837281,1,exclude,1,30,27,0.590373,0.010534,0.9995,ok,0.08679060829449958,0.8591307246640064,0.9999938024889211,27,-0.045454545454545414,-0.0005263789800868546,1,500000.0,2023-01_2025-06
2,C2 Ridge + régime,2023-08,2023-08-31,P_selected,MNG,0.01027780004998904,NEUTRAL,0.08811747321398439,0.08811747321398439,0.044058736606992194,743997.85,0.9996308600834183,1,exclude,1,30,27,0.590373,0.010534,0.9995,ok,0.08679060829449958,0.8591307246640064,0.9999938024889211,27,-0.0776536312849162,-0.0007981084955019423,1,500000.0,2023-01_2025-06
2,C2 Ridge + régime,2023-08,2023-08-31,P_selected,LHM,0.009727852381833947,BUY,0.2559704335142091,0.2559704335142091,0.2559704335142091,10489521.3,1.0,1,exclude,1,30,27,0.590373,0.010534,0.9995,ok,0.08679060829449958,0.8591307246640064,0.9999938024889211,27,0.0,0.0,1,500000.0,2023-01_2025-06
2,C2 Ridge + régime,2023-08,2023-08-31,P_selected,EQD,0.005329192788834929,NEUTRAL,0.0704804887863889,0.0704804887863889,0.03524024439319445,717785.45,0.9994386290991296,1,exclude,1,30,27,0.590373,0.010534,0.9995,ok,0.08679060829449958,0.8591307246640064,0.9999938024889211,27,0.031894934333958735,0.0001699742540528965,1,500000.0,2023-01_2025-06
2,C2 Ridge + régime,2023-08,2023-08-31,P_selected,MSA,0.004421118139128626,NEUTRAL,0.0039602756570028055,0.0039602756570028055,0.0019801378285014028,6958993.415000001,1.0,1,exclude,1,30,27,0.590373,0.010534,0.9995,ok,0.08679060829449958,0.8591307246640064,0.9999938024889211,27,0.011278195488721776,4.9862234651826484e-05,1,500000.0,2023-01_2025-06
2,C2 Ridge + régime,2023-08,2023-08-31,P_selected,MUT,0.0025582096716787284,NEUTRAL,0.07974557199053942,0.07974557199053942,0.03987278599526971,918897.5449999999,0.9999775087274692,1,exclude,1,30,27,0.590373,0.010534,0.9995,ok,0.08679060829449958,0.8591307246640064,0.9999938024889211,27,0.02114164904862581,5.408477107143194e-05,1,500000.0,2023-01_2025-06
2,C2 Ridge + régime,2023-08,2023-08-31,P_selected,CMA,0.0013433433056985317,NEUTRAL,-0.062742220977619,-0.062742220977619,-0.0313711104888095,2339678.7,0.9999999999999969,1,exclude,1,30,27,0.590373,0.010534,0.9995,ok,0.08679060829449958,0.8591307246640064,0.9999938024889211,27,0.020547945205479534,2.760294463764117e-05,1,500000.0,2023-01_2025-06
2,C2 Ridge + régime,2023-08,2023-08-31,P_selected,SID,0.0005495081945573227,NEUTRAL,0.07048796680950971,0.07048796680950971,0.035243983404754854,1203045.67,0.9999997614605088,1,exclude,1,30,27,0.590373,0.010534,0.9995,ok,0.08679060829449958,0.8591307246640064,0.9999938024889211,27,-0.012567324955116699,-6.905848046501364e-06,1,500000.0,2023-01_2025-06
2,C2 Ridge + régime,2023-08,2023-08-31,P_selected,BCP,0.0004873013956492299,BUY,0.10585038055702792,0.10585038055702792,0.10585038055702792,16207307.092500001,1.0,1,exclude,1,30,27,0.590373,0.010534,0.9995,ok,0.08679060829449958,0.8591307246640064,0.9999938024889211,27,-0.019423076923076987,-9.464892492417765e-06,1,500000.0,2023-01_2025-06
2,C2 Ridge + régime,2023-08,2023-08-31,P_selected,ADH,0.00046304541485257946,BUY,0.6670334668845048,0.6670334668845048,0.6670334668845048,2000368.958,0.9999999999993125,1,exclude,1,30,27,0.590373,0.010534,0.9995,ok,0.08679060829449958,0.8591307246640064,0.9999938024889211,27,0.3451400329489289,0.00015981550973906975,1,500000.0,2023-01_2025-06
2,C2 Ridge + régime,2023-08,2023-08-31,P_selected,ATH,0.00043001816326013106,NEUTRAL,0.05106517854144897,0.05106517854144897,0.025532589270724486,813922.7579999999,0.9998793823283061,1,exclude,1,30,27,0.590373,0.010534,0.9995,ok,0.08679060829449958,0.8591307246640064,0.9999938024889211,27,-0.05533488563210531,-2.379500588372734e-05,1,500000.0,2023-01_2025-06
2,C2 Ridge + régime,2023-08,2023-08-31,P_selected,TQM,0.00039986162291042485,BUY,0.48576482109464014,0.48576482109464014,0.48576482109464014,506317.4,0.9837147856180503,1,exclude,1,30,27,0.590373,0.010534,0.9995,ok,0.08679060829449958,0.8591307246640064,0.9999938024889211,27,-0.05727272727272725,-2.2901165675778868e-05,1,500000.0,2023-01_2025-06
2,C2 Ridge + régime,2023-08,2023-08-31,P_selected,BCI,0.00035686014187136066,NEUTRAL,0.042963651933941804,0.042963651933941804,0.021481825966970902,4676055.965000001,1.0,1,exclude,1,30,27,0.590373,0.010534,0.9995,ok,0.08679060829449958,0.8591307246640064,0.9999938024889211,27,0.10693069306930703,3.8159302299115826e-05,1,500000.0,2023-01_2025-06
2,C2 Ridge + régime,2023-08,2023-08-31,P_selected,BOA,0.00026671632627892414,NEUTRAL,0.09130888989599864,0.09130888989599864,0.04565444494799932,4308750.470000001,1.0,1,exclude,1,30,27,0.590373,0.010534,0.9995,ok,0.08679060829449958,0.8591307246640064,0.9999938024889211,27,0.03672316384180796,9.79466734922604e-06,1,500000.0,2023-01_2025-06
2,C2 Ridge + régime,2023-08,2023-08-31,P_selected,CIH,0.00013845124421048657,NEUTRAL,0.06694737529989152,0.06694737529989152,0.03347368764994576,1067250.58,0.9999979051139026,1,exclude,1,30,27,0.590373,0.010534,0.9995,ok,0.08679060829449958,0.8591307246640064,0.9999938024889211,27,0.054356733133023694,7.52575733348451e-06,1,500000.0,2023-01_2025-06
2,C2 Ridge + régime,2023-08,2023-08-31,P_selected,TGC,0.0001356794309840293,BUY,0.1491014389035879,0.1491014389035879,0.1491014389035879,659414.665,0.9985728314434288,1,exclude,1,30,27,0.590373,0.010534,0.9995,ok,0.08679060829449958,0.8591307246640064,0.9999938024889211,27,0.0714285714285714,9.69138792743066e-06,1,500000.0,2023-01_2025-06
2,C2 Ridge + régime,2023-09,2023-09-27,P_selected,AKT,0.37474007878347926,BUY,0.38398063740284955,0.38398063740284955,0.38398063740284955,8180759.1375,1.0,1,exclude,1,32,21,0.336557,0.01038,0.9998,ok,0.036238774923073924,0.739278343104523,0.9999234893213287,21,0.05427974947807934,0.02034079759576297,1,500000.0,2023-01_2025-06
2,C2 Ridge + régime,2023-09,2023-09-27,P_selected,ADI,0.1152165291020431,BUY,0.6753924915248296,0.6753924915248296,0.6753924915248296,12172992.123,1.0,1,exclude,1,32,21,0.336557,0.01038,0.9998,ok,0.036238774923073924,0.739278343104523,0.9999234893213287,21,-0.0013636363636364557,-0.00015711344877552392,1,500000.0,2023-01_2025-06
2,C2 Ridge + régime,2023-09,2023-09-27,P_selected,CDM,0.0792517570524988,NEUTRAL,0.06977053141648071,0.06977053141648071,0.034885265708240354,1013687.75,0.9999950642648803,1,exclude,1,32,21,0.336557,0.01038,0.9998,ok,0.036238774923073924,0.739278343104523,0.9999234893213287,21,0.08571428571428563,0.006793007747357034,1,500000.0,2023-01_2025-06
2,C2 Ridge + régime,2023-09,2023-09-27,P_selected,SOT,0.06759696636707174,NEUTRAL,0.05380367061707699,0.05380367061707699,0.026901835308538496,724950.345,0.9994994015342568,1,exclude,1,32,21,0.336557,0.01038,0.9998,ok,0.036238774923073924,0.739278343104523,0.9999234893213287,21,0.03003003003003002,0.0020299389299420936,1,500000.0,2023-01_2025-06
2,C2 Ridge + régime,2023-09,2023-09-27,P_selected,LBV,0.06609972310964712,NEUTRAL,0.005640953197403889,0.005640953197403889,0.0028204765987019445,2663585.35,1.0,1,exclude,1,32,21,0.336557,0.01038,0.9998,ok,0.036238774923073924,0.739278343104523,0.9999234893213287,21,-0.0354347826086957,-0.002342229318885325,1,500000.0,2023-01_2025-06
2,C2 Ridge + régime,2023-09,2023-09-27,P_selected,EQD,0.06172570432117302,BUY,0.2911529756209814,0.2911529756209814,0.2911529756209814,1062536.95,0.9999977410116079,1,exclude,1,32,21,0.336557,0.01038,0.9998,ok,0.036238774923073924,0.739278343104523,0.9999234893213287,21,0.009090909090909038,0.0005611427665561151,1,500000.0,2023-01_2025-06
2,C2 Ridge + régime,2023-09,2023-09-27,P_selected,RIS,0.044532941581899806,BUY,0.5242983404453669,0.5242983404453669,0.5242983404453669,3183156.9175,1.0,1,exclude,1,32,21,0.336557,0.01038,0.9998,ok,0.036238774923073924,0.739278343104523,0.9999234893213287,21,0.05142857142857138,0.0022902655670691305,1,500000.0,2023-01_2025-06
2,C2 Ridge + régime,2023-09,2023-09-27,P_selected,CSR,0.03929567784397718,BUY,0.8921919339785666,0.8921919339785666,0.8921919339785666,3045668.365,1.0,1,exclude,1,32,21,0.336557,0.01038,0.9998,ok,0.036238774923073924,0.739278343104523,0.9999234893213287,21,0.03589743589743599,0.0014106140764504665,1,500000.0,2023-01_2025-06
2,C2 Ridge + régime,2023-09,2023-09-27,P_selected,CMA,0.0327535225046378,BUY,0.10248867548937013,0.10248867548937013,0.10248867548937013,2491748.75,0.9999999999999998,1,exclude,1,32,21,0.336557,0.01038,0.9998,ok,0.036238774923073924,0.739278343104523,0.9999234893213287,21,0.10810810810810811,0.003540921351852735,1,500000.0,2023-01_2025-06
2,C2 Ridge + régime,2023-09,2023-09-27,P_selected,ATL,0.03258980193492618,BUY,0.1397738232533477,0.1397738232533477,0.1397738232533477,1336113.415,0.999999971626626,1,exclude,1,32,21,0.336557,0.01038,0.9998,ok,0.036238774923073924,0.739278343104523,0.9999234893213287,21,-0.029911075181891733,-0.0009747960158385376,1,500000.0,2023-01_2025-06
2,C2 Ridge + régime,2023-09,2023-09-27,P_selected,LES,0.022084849848342802,NEUTRAL,0.09332740493023628,0.09332740493023628,0.04666370246511814,2002314.6675,0.9999999999993336,1,exclude,1,32,21,0.336557,0.01038,0.9998,ok,0.036238774923073924,0.739278343104523,0.9999234893213287,21,0.009090909090909038,0.00020077136225766067,1,500000.0,2023-01_2025-06
2,C2 Ridge + régime,2023-09,2023-09-27,P_selected,JET,0.017209894655320798,BUY,0.43908881577839803,0.43908881577839803,0.43908881577839803,1171576.085,0.9999996053307462,1,exclude,1,32,21,0.336557,0.01038,0.9998,ok,0.036238774923073924,0.739278343104523,0.9999234893213287,21,0.09649122807017552,0.0016606038702502537,1,500000.0,2023-01_2025-06
2,C2 Ridge + régime,2023-09,2023-09-27,P_selected,SBM,0.014546222109470576,BUY,0.1714279435996472,0.1714279435996472,0.1714279435996472,536780.2,0.9899340830464087,1,exclude,1,32,21,0.336557,0.01038,0.9998,ok,0.036238774923073924,0.739278343104523,0.9999234893213287,21,-0.05555555555555558,-0.0008081234505261435,1,500000.0,2023-01_2025-06
2,C2 Ridge + régime,2023-09,2023-09-27,P_selected,RDS,0.013464831353682477,BUY,0.42985788941795466,0.42985788941795466,0.42985788941795466,1954963.0844999999,0.9999999999985787,1,exclude,1,32,21,0.336557,0.01038,0.9998,ok,0.036238774923073924,0.739278343104523,0.9999234893213287,21,-0.01041666666666663,-0.00014025865993419197,1,500000.0,2023-01_2025-06
2,C2 Ridge + régime,2023-09,2023-09-27,P_selected,DHO,0.011106944637207395,BUY,0.1938204698934045,0.1938204698934045,0.1938204698934045,581665.9195000001,0.9950659787091841,1,exclude,1,32,21,0.336557,0.01038,0.9998,ok,0.036238774923073924,0.739278343104523,0.9999234893213287,21,0.07215299913068685,0.0008013993667530121,1,500000.0,2023-01_2025-06
2,C2 Ridge + régime,2023-09,2023-09-27,P_selected,MNG,0.00452353320305596,BUY,0.12664631243223212,0.12664631243223212,0.12664631243223212,1577103.25,0.9999999993997362,1,exclude,1,32,21,0.336557,0.01038,0.9998,ok,0.036238774923073924,0.739278343104523,0.9999234893213287,21,0.029073288915808515,0.00013151398773269862,1,500000.0,2023-01_2025-06
2,C2 Ridge + régime,2023-09,2023-09-27,P_selected,MUT,0.0010144790053958905,NEUTRAL,0.06149141017469437,0.06149141017469437,0.030745705087347187,1555203.0250000001,0.9999999991478414,1,exclude,1,32,21,0.336557,0.01038,0.9998,ok,0.036238774923073924,0.739278343104523,0.9999234893213287,21,0.0269151138716357,2.730481795061412e-05,1,500000.0,2023-01_2025-06
2,C2 Ridge + régime,2023-09,2023-09-27,P_selected,TGC,0.0008496149371243413,BUY,0.2191555723647573,0.2191555723647573,0.2191555723647573,4125233.915,1.0,1,exclude,1,32,21,0.336557,0.01038,0.9998,ok,0.036238774923073924,0.739278343104523,0.9999234893213287,21,0.11764705882352944,9.995469848521665e-05,1,500000.0,2023-01_2025-06
2,C2 Ridge + régime,2023-09,2023-09-27,P_selected,MSA,0.0007016344528722413,NEUTRAL,-0.01588704941326685,-0.01588704941326685,-0.007943524706633426,4466974.285000001,1.0,1,exclude,1,32,21,0.336557,0.01038,0.9998,ok,0.036238774923073924,0.739278343104523,0.9999234893213287,21,0.0,0.0,1,500000.0,2023-01_2025-06
2,C2 Ridge + régime,2023-09,2023-09-27,P_selected,ADH,0.0003115149719742063,BUY,0.3477014173859934,0.3477014173859934,0.3477014173859934,29831905.613000005,1.0,1,exclude,1,32,21,0.336557,0.01038,0.9998,ok,0.036238774923073924,0.739278343104523,0.9999234893213287,21,-0.05572565829761167,-1.7359376882824697e-05,1,500000.0,2023-01_2025-06
2,C2 Ridge + régime,2023-09,2023-09-27,P_selected,CMT,0.00030726754552803546,BUY,0.1103617249241109,0.1103617249241109,0.1103617249241109,1098404.15,0.999998727424391,1,exclude,1,32,21,0.336557,0.01038,0.9998,ok,0.036238774923073924,0.739278343104523,0.9999234893213287,21,-0.0562162162162162,-1.7273418775630095e-05,1,500000.0,2023-01_2025-06
2,C2 Ridge + régime,2023-10,2023-10-31,P_selected,AKT,0.3237037932034036,BUY,0.3533821353769317,0.3533821353769317,0.3533821353769317,8463698.025,1.0,1,exclude,1,31,24,0.335818,0.011415,0.9999,ok,-0.026504494655380184,0.7521838460410543,0.9998499872948904,24,-0.024752475247524774,-0.008012470128797126,1,500000.0,2023-01_2025-06
2,C2 Ridge + régime,2023-10,2023-10-31,P_selected,ADI,0.1295781836742587,BUY,0.5708287701125827,0.5708287701125827,0.5708287701125827,4632337.0475,1.0,1,exclude,1,31,24,0.335818,0.011415,0.9999,ok,-0.026504494655380184,0.7521838460410543,0.9998499872948904,24,0.005045871559633097,0.0006538348717508556,1,500000.0,2023-01_2025-06
2,C2 Ridge + régime,2023-10,2023-10-31,P_selected,CMA,0.09745519726003439,BUY,0.21668155590712684,0.21668155590712684,0.21668155590712684,7454566.0,1.0,1,exclude,1,31,24,0.335818,0.011415,0.9999,ok,-0.026504494655380184,0.7521838460410543,0.9998499872948904,24,-0.022063208109719734,-0.002150174298521927,1,500000.0,2023-01_2025-06
2,C2 Ridge + régime,2023-10,2023-10-31,P_selected,DWY,0.08402566099221859,BUY,0.21745625640222324,0.21745625640222324,0.21745625640222324,1102735.4,0.9999988126273957,1,exclude,1,31,24,0.335818,0.011415,0.9999,ok,-0.026504494655380184,0.7521838460410543,0.9998499872948904,24,-0.0014513788098693414,-0.00012195306384937096,1,500000.0,2023-01_2025-06
2,C2 Ridge + régime,2023-10,2023-10-31,P_selected,SOT,0.06482555986206884,BUY,0.23811329782915416,0.23811329782915416,0.23811329782915416,1003430.3,0.9999941839581148,1,exclude,1,31,24,0.335818,0.011415,0.9999,ok,-0.026504494655380184,0.7521838460410543,0.9998499872948904,24,-0.002915451895043719,-0.00018899580134713865,1,500000.0,2023-01_2025-06
2,C2 Ridge + régime,2023-10,2023-10-31,P_selected,CIH,0.06101593773703431,BUY,0.21917842959661074,0.21917842959661074,0.21917842959661074,1047085.43,0.999997107443291,1,exclude,1,31,24,0.335818,0.011415,0.9999,ok,-0.026504494655380184,0.7521838460410543,0.9998499872948904,24,-0.10664291168236184,-0.006506917259307039,1,500000.0,2023-01_2025-06
2,C2 Ridge + régime,2023-10,2023-10-31,P_selected,JET,0.04959225253088028,BUY,0.4325676320367629,0.4325676320367629,0.4325676320367629,1179271.565,0.9999996510528605,1,exclude,1,31,24,0.335818,0.011415,0.9999,ok,-0.026504494655380184,0.7521838460410543,0.9998499872948904,24,-0.013205282112845218,-0.0006548796852817363,1,500000.0,2023-01_2025-06
2,C2 Ridge + régime,2023-10,2023-10-31,P_selected,RIS,0.04474446031621861,BUY,0.37740609761597904,0.37740609761597904,0.37740609761597904,2183994.935,0.9999999999999636,1,exclude,1,31,24,0.335818,0.011415,0.9999,ok,-0.026504494655380184,0.7521838460410543,0.9998499872948904,24,-0.07524000893056482,-0.003366573593785591,1,500000.0,2023-01_2025-06
2,C2 Ridge + régime,2023-10,2023-10-31,P_selected,MNG,0.039529032363748405,BUY,0.15303744274096928,0.15303744274096928,0.15303744274096928,1449553.4,0.9999999953799228,1,exclude,1,31,24,0.335818,0.011415,0.9999,ok,-0.026504494655380184,0.7521838460410543,0.9998499872948904,24,-0.0965273690406121,-0.0038156334947938414,1,500000.0,2023-01_2025-06
2,C2 Ridge + régime,2023-10,2023-10-31,P_selected,RDS,0.032661495734592275,BUY,0.7250171549115377,0.7250171549115377,0.7250171549115377,822113.3400000001,0.9998941956844752,1,exclude,1,31,24,0.335818,0.011415,0.9999,ok,-0.026504494655380184,0.7521838460410543,0.9998499872948904,24,-0.011256190904997743,-0.00036764403123134014,1,500000.0,2023-01_2025-06
2,C2 Ridge + régime,2023-10,2023-10-31,P_selected,HPS,0.02651498827611891,BUY,0.15902399819929283,0.15902399819929283,0.15902399819929283,950247.25,0.9999863799777023,1,exclude,1,31,24,0.335818,0.011415,0.9999,ok,-0.026504494655380184,0.7521838460410543,0.9998499872948904,24,-0.011217948717948678,-0.00029744377873851236,1,500000.0,2023-01_2025-06
2,C2 Ridge + régime,2023-10,2023-10-31,P_selected,BCI,0.01337796990658799,BUY,0.18113971243343294,0.18113971243343294,0.18113971243343294,740281.755,0.9996082551807979,1,exclude,1,31,24,0.335818,0.011415,0.9999,ok,-0.026504494655380184,0.7521838460410543,0.9998499872948904,24,-0.009333333333333305,-0.00012486105246148753,1,500000.0,2023-01_2025-06
2,C2 Ridge + régime,2023-10,2023-10-31,P_selected,GAZ,0.009439117951206697,BUY,0.20466370068006512,0.20466370068006512,0.20466370068006512,2127587.25,0.9999999999999103,1,exclude,1,31,24,0.335818,0.011415,0.9999,ok,-0.026504494655380184,0.7521838460410543,0.9998499872948904,24,-0.04714285714285715,-0.0004449869891283158,1,500000.0,2023-01_2025-06
2,C2 Ridge + régime,2023-10,2023-10-31,P_selected,TMA,0.008723868248761807,NEUTRAL,0.08041584753147646,0.08041584753147646,0.04020792376573823,591705.6,0.9957950941311906,1,exclude,1,31,24,0.335818,0.011415,0.9999,ok,-0.026504494655380184,0.7521838460410543,0.9998499872948904,24,0.023452157598499168,0.00020459353303850484,1,500000.0,2023-01_2025-06
2,C2 Ridge + régime,2023-10,2023-10-31,P_selected,ARD,0.004031403977453923,NEUTRAL,0.009288743892555462,0.009288743892555462,0.004644371946277731,640823.4350000002,0.9980793612108261,1,exclude,1,31,24,0.335818,0.011415,0.9999,ok,-0.026504494655380184,0.7521838460410543,0.9998499872948904,24,-0.004484304932735439,-1.8078044741945895e-05,1,500000.0,2023-01_2025-06
2,C2 Ridge + régime,2023-10,2023-10-31,P_selected,LBV,0.0034676839544347886,NEUTRAL,0.01068081281892632,0.01068081281892632,0.00534040640946316,4748018.9,1.0,1,exclude,1,31,24,0.335818,0.011415,0.9999,ok,-0.026504494655380184,0.7521838460410543,0.9998499872948904,24,-0.08181203515889113,-0.00028369828160014157,1,500000.0,2023-01_2025-06
2,C2 Ridge + régime,2023-10,2023-10-31,P_selected,ADH,0.0019733417782081893,BUY,0.6984794979793787,0.6984794979793787,0.6984794979793787,11950268.1845,1.0,1,exclude,1,31,24,0.335818,0.011415,0.9999,ok,-0.026504494655380184,0.7521838460410543,0.9998499872948904,24,0.08552631578947367,0.0001687726520835951,1,500000.0,2023-01_2025-06
2,C2 Ridge + régime,2023-10,2023-10-31,P_selected,TGC,0.00157799813195636,BUY,0.10822636221420429,0.10822636221420429,0.10822636221420429,6786505.294999999,1.0,1,exclude,1,31,24,0.335818,0.011415,0.9999,ok,-0.026504494655380184,0.7521838460410543,0.9998499872948904,24,0.034682080924855585,5.472825891178142e-05,1,500000.0,2023-01_2025-06
2,C2 Ridge + régime,2023-10,2023-10-31,P_selected,EQD,0.0010655645891474957,NEUTRAL,-0.0017346403844393996,-0.0017346403844393996,-0.0008673201922196998,608872.45,0.9968017853280707,1,exclude,1,31,24,0.335818,0.011415,0.9999,ok,-0.026504494655380184,0.7521838460410543,0.9998499872948904,24,-0.05405405405405406,-5.7598085899864634e-05,1,500000.0,2023-01_2025-06
2,C2 Ridge + régime,2023-10,2023-10-31,P_selected,LES,0.0010281989168042251,NEUTRAL,0.07473583844801782,0.07473583844801782,0.03736791922400891,1577609.0125,0.9999999994045741,1,exclude,1,31,24,0.335818,0.011415,0.9999,ok,-0.026504494655380184,0.7521838460410543,0.9998499872948904,24,-0.05135135135135138,-5.279940383589267e-05,1,500000.0,2023-01_2025-06
2,C2 Ridge + régime,2023-10,2023-10-31,P_selected,ATL,0.0004626262329418794,BUY,0.12382323737889081,0.12382323737889081,0.12382323737889081,2634071.15,1.0,1,exclude,1,31,24,0.335818,0.011415,0.9999,ok,-0.026504494655380184,0.7521838460410543,0.9998499872948904,24,0.008333333333333304,3.855218607848981e-06,1,500000.0,2023-01_2025-06
2,C2 Ridge + régime,2023-10,2023-10-31,P_selected,LHM,0.00041693723800094066,BUY,0.11312864722048857,0.11312864722048857,0.11312864722048857,8494510.7,1.0,1,exclude,1,31,24,0.335818,0.011415,0.9999,ok,-0.026504494655380184,0.7521838460410543,0.9998499872948904,24,-0.004301075268817178,-1.7932784430147876e-06,1,500000.0,2023-01_2025-06
2,C2 Ridge + régime,2023-10,2023-10-31,P_selected,CSR,0.00037900621904305603,BUY,0.21257431703225552,0.21257431703225552,0.21257431703225552,15955280.367500002,1.0,1,exclude,1,31,24,0.335818,0.011415,0.9999,ok,-0.026504494655380184,0.7521838460410543,0.9998499872948904,24,-0.009405940594059414,-3.564909981098055e-06,1,500000.0,2023-01_2025-06
2,C2 Ridge + régime,2023-10,2023-10-31,P_selected,BCP,0.00025970819976601085,NEUTRAL,0.05704094990243556,0.05704094990243556,0.02852047495121778,11058135.1675,1.0,1,exclude,1,31,24,0.335818,0.011415,0.9999,ok,-0.026504494655380184,0.7521838460410543,0.9998499872948904,24,0.019157088122605304,4.9752528690806516e-06,1,500000.0,2023-01_2025-06
2,C2 Ridge + régime,2023-11,2023-11-30,P_selected,AKT,0.3196463478735777,BUY,0.3844578100109669,0.3844578100109669,0.3844578100109669,3633133.62,1.0,1,exclude,1,25,17,0.408464,0.012185,0.9991,ok,0.026457572918039407,0.7911545696622755,0.9997109426989198,17,0.008130081300812941,0.0025987507957201225,1,500000.0,2023-01_2025-06
2,C2 Ridge + régime,2023-11,2023-11-30,P_selected,ADI,0.13298159406979515,BUY,0.6088928670907271,0.6088928670907271,0.6088928670907271,2184105.7175000003,0.9999999999999636,1,exclude,1,25,17,0.408464,0.012185,0.9991,ok,0.026457572918039407,0.7911545696622755,0.9997109426989198,17,0.10052405907575035,0.01336784961825954,1,500000.0,2023-01_2025-06
2,C2 Ridge + régime,2023-11,2023-11-30,P_selected,ADH,0.09415962998708785,BUY,0.8036580571860436,0.8036580571860436,0.8036580571860436,6251753.325,1.0,1,exclude,1,25,17,0.408464,0.012185,0.9991,ok,0.026457572918039407,0.7911545696622755,0.9997109426989198,17,-0.03566621803499326,-0.0033583178932137647,1,500000.0,2023-01_2025-06
2,C2 Ridge + régime,2023-11,2023-11-30,P_selected,MIC,0.0871321244762856,BUY,0.3948198471582781,0.3948198471582781,0.3948198471582781,570485.6,0.9941051834177336,1,exclude,1,25,17,0.408464,0.012185,0.9991,ok,0.026457572918039407,0.7911545696622755,0.9997109426989198,17,0.0714285714285714,0.00622372317687754,1,500000.0,2023-01_2025-06
2,C2 Ridge + régime,2023-11,2023-11-30,P_selected,EQD,0.07295309425002088,BUY,0.381533739093937,0.381533739093937,0.381533739093937,877409.7,0.9999563190676561,1,exclude,1,25,17,0.408464,0.012185,0.9991,ok,0.026457572918039407,0.7911545696622755,0.9997109426989198,17,-0.05980952380952376,-0.004363289827525054,1,500000.0,2023-01_2025-06
2,C2 Ridge + régime,2023-11,2023-11-30,P_selected,MNG,0.06274666242936813,BUY,0.26849242583887734,0.26849242583887734,0.26849242583887734,1531260.2,0.9999999987500512,1,exclude,1,25,17,0.408464,0.012185,0.9991,ok,0.026457572918039407,0.7911545696622755,0.9997109426989198,17,0.15032679738562083,0.00943250480964357,1,500000.0,2023-01_2025-06
2,C2 Ridge + régime,2023-11,2023-11-30,P_selected,CMA,0.059719270068123886,BUY,0.11694176087596672,0.11694176087596672,0.11694176087596672,3303293.7,1.0,1,exclude,1,25,17,0.408464,0.012185,0.9991,ok,0.026457572918039407,0.7911545696622755,0.9997109426989198,17,0.030674846625766916,0.001831879449942453,1,500000.0,2023-01_2025-06
2,C2 Ridge + régime,2023-11,2023-11-30,P_selected,SMI,0.03818706620614769,BUY,0.26276419784990546,0.26276419784990546,0.26276419784990546,538610.45,0.9902217386082243,1,exclude,1,25,17,0.408464,0.012185,0.9991,ok,0.026457572918039407,0.7911545696622755,0.9997109426989198,17,0.0669354838709677,0.0025560697541211746,1,500000.0,2023-01_2025-06
2,C2 Ridge + régime,2023-11,2023-11-30,P_selected,LES,0.03486898487840795,BUY,0.22432515378903012,0.22432515378903012,0.22432515378903012,5129099.8275,1.0,1,exclude,1,25,17,0.408464,0.012185,0.9991,ok,0.026457572918039407,0.7911545696622755,0.9997109426989198,17,0.02564102564102555,0.0008940765353437904,1,500000.0,2023-01_2025-06
2,C2 Ridge + régime,2023-11,2023-11-30,P_selected,LBV,0.025733344723780752,BUY,0.1890720631607204,0.1890720631607204,0.1890720631607204,5825327.95,1.0,1,exclude,1,25,17,0.408464,0.012185,0.9991,ok,0.026457572918039407,0.7911545696622755,0.9997109426989198,17,0.03703703703703698,0.0009530868416215079,1,500000.0,2023-01_2025-06
2,C2 Ridge + régime,2023-11,2023-11-30,P_selected,HPS,0.024725410876822368,BUY,0.3466892540065313,0.3466892540065313,0.3466892540065313,3602107.95,1.0,1,exclude,1,25,17,0.408464,0.012185,0.9991,ok,0.026457572918039407,0.7911545696622755,0.9997109426989198,17,0.011382113821138296,0.000281427440874403,1,500000.0,2023-01_2025-06
2,C2 Ridge + régime,2023-11,2023-11-30,P_selected,CMT,0.01690770167143147,BUY,0.37909977236709297,0.37909977236709297,0.37909977236709297,2560967.55,1.0,1,exclude,1,25,17,0.408464,0.012185,0.9991,ok,0.026457572918039407,0.7911545696622755,0.9997109426989198,17,-0.1773584905660377,-0.002998724447385958,1,500000.0,2023-01_2025-06
2,C2 Ridge + régime,2023-11,2023-11-30,P_selected,CIH,0.014021123559165835,BUY,0.1377829008442848,0.1377829008442848,0.1377829008442848,2447255.165,0.9999999999999996,1,exclude,1,25,17,0.408464,0.012185,0.9991,ok,0.026457572918039407,0.7911545696622755,0.9997109426989198,17,0.004428571428571448,6.209354719059183e-05,1,500000.0,2023-01_2025-06
2,C2 Ridge + régime,2023-11,2023-11-30,P_selected,RIS,0.009046178877734687,BUY,0.2259844299378084,0.2259844299378084,0.2259844299378084,1074754.545,0.9999981421201349,1,exclude,1,25,17,0.408464,0.012185,0.9991,ok,0.026457572918039407,0.7911545696622755,0.9997109426989198,17,-0.014285714285714235,-0.0001292311268247808,1,500000.0,2023-01_2025-06
2,C2 Ridge + régime,2023-11,2023-11-30,P_selected,BOA,0.00527993461587146,BUY,0.16813617088616525,0.16813617088616525,0.16813617088616525,6361102.3725000005,1.0,1,exclude,1,25,17,0.408464,0.012185,0.9991,ok,0.026457572918039407,0.7911545696622755,0.9997109426989198,17,0.037572254335260125,0.00019837904626106645,1,500000.0,2023-01_2025-06
2,C2 Ridge + régime,2023-11,2023-11-30,P_selected,IAM,0.0011996305015573993,BUY,0.17393541311660277,0.17393541311660277,0.17393541311660277,3791502.8405,1.0,1,exclude,1,25,17,0.408464,0.012185,0.9991,ok,0.026457572918039407,0.7911545696622755,0.9997109426989198,17,0.08342361863488623,0.00010007751746470177,1,500000.0,2023-01_2025-06
2,C2 Ridge + régime,2023-11,2023-11-30,P_selected,LHM,0.0004028436337411396,NEUTRAL,0.06320424737343544,0.06320424737343544,0.03160212368671772,4194738.85,1.0,1,exclude,1,25,17,0.408464,0.012185,0.9991,ok,0.026457572918039407,0.7911545696622755,0.9997109426989198,17,0.018027571580063517,7.262292442841284e-06,1,500000.0,2023-01_2025-06
2,C2 Ridge + régime,2023-12,2023-12-29,P_selected,AKT,0.2766176622705301,BUY,0.16888879673256188,0.16888879673256188,0.16888879673256188,4993683.725,1.0,1,exclude,1,34,27,0.29898,0.010387,0.9991,ok,0.10277892090214213,0.945033213163233,0.9998997606031964,27,0.22983870967741926,0.06357744657024278,1,500000.0,2023-01_2025-06
2,C2 Ridge + régime,2023-12,2023-12-29,P_selected,CDM,0.10763897754808362,BUY,0.1143677515137125,0.1143677515137125,0.1143677515137125,1770864.5,0.9999999999729634,1,exclude,1,34,27,0.29898,0.010387,0.9991,ok,0.10277892090214213,0.945033213163233,0.9998997606031964,27,0.07779171894604775,0.008373421089060465,1,500000.0,2023-01_2025-06
2,C2 Ridge + régime,2023-12,2023-12-29,P_selected,SAH,0.10134276199562589,BUY,0.5568146758236403,0.5568146758236403,0.5568146758236403,16341221.15,1.0,1,exclude,1,34,27,0.29898,0.010387,0.9991,ok,0.10277892090214213,0.945033213163233,0.9998997606031964,27,-0.038461538461538436,-0.003897798538293301,1,500000.0,2023-01_2025-06
2,C2 Ridge + régime,2023-12,2023-12-29,P_selected,M2M,0.09205559036860736,BUY,0.27410565247501506,0.27410565247501506,0.27410565247501506,1262581.0,0.999999907983331,1,exclude,1,34,27,0.29898,0.010387,0.9991,ok,0.10277892090214213,0.945033213163233,0.9998997606031964,27,-0.012924071082390909,-0.0011897329934553414,1,500000.0,2023-01_2025-06
2,C2 Ridge + régime,2023-12,2023-12-29,P_selected,MNG,0.07728824092128406,BUY,0.4433450655239125,0.4433450655239125,0.4433450655239125,1662092.55,0.9999999998459095,1,exclude,1,34,27,0.29898,0.010387,0.9991,ok,0.10277892090214213,0.945033213163233,0.9998997606031964,27,0.02499999999999991,0.0019322060230320946,1,500000.0,2023-01_2025-06
2,C2 Ridge + régime,2023-12,2023-12-29,P_selected,JET,0.06616728393575165,BUY,0.4317872549997394,0.4317872549997394,0.4317872549997394,650833.655,0.9983631419194613,1,exclude,1,34,27,0.29898,0.010387,0.9991,ok,0.10277892090214213,0.945033213163233,0.9998997606031964,27,0.22549019607843146,0.014920073828649887,1,500000.0,2023-01_2025-06
2,C2 Ridge + régime,2023-12,2023-12-29,P_selected,MIC,0.06591138860143339,BUY,0.4605550635247197,0.4605550635247197,0.4605550635247197,527852.025,0.9884063045733789,1,exclude,1,34,27,0.29898,0.010387,0.9991,ok,0.10277892090214213,0.945033213163233,0.9998997606031964,27,0.10333333333333328,0.00681084348881478,1,500000.0,2023-01_2025-06
2,C2 Ridge + régime,2023-12,2023-12-29,P_selected,HPS,0.04996278932148535,BUY,0.4363803461024731,0.4363803461024731,0.4363803461024731,22994789.305,1.0,1,exclude,1,34,27,0.29898,0.010387,0.9991,ok,0.10277892090214213,0.945033213163233,0.9998997606031964,27,-0.017041800643086802,-0.0008514558951892995,1,500000.0,2023-01_2025-06
2,C2 Ridge + régime,2023-12,2023-12-29,P_selected,EQD,0.045276480660923435,BUY,0.3764999186579918,0.3764999186579918,0.3764999186579918,1635925.4300000002,0.9999999997657909,1,exclude,1,34,27,0.29898,0.010387,0.9991,ok,0.10277892090214213,0.945033213163233,0.9998997606031964,27,0.11426256077795771,0.005173406623330791,1,500000.0,2023-01_2025-06
2,C2 Ridge + régime,2023-12,2023-12-29,P_selected,ADI,0.038505478784440154,BUY,0.2392734222041516,0.2392734222041516,0.2392734222041516,5741395.845000001,1.0,1,exclude,1,34,27,0.29898,0.010387,0.9991,ok,0.10277892090214213,0.945033213163233,0.9998997606031964,27,0.29757085020242924,0.011458108059337458,1,500000.0,2023-01_2025-06
2,C2 Ridge + régime,2023-12,2023-12-29,P_selected,RIS,0.0360937684453607,BUY,0.30617681477119985,0.30617681477119985,0.30617681477119985,9471936.3375,1.0,1,exclude,1,34,27,0.29898,0.010387,0.9991,ok,0.10277892090214213,0.945033213163233,0.9998997606031964,27,-0.028743961352657,-0.0010374778852651986,1,500000.0,2023-01_2025-06
2,C2 Ridge + régime,2023-12,2023-12-29,P_selected,IMO,0.016001648465322756,BUY,0.10426846908993348,0.10426846908993348,0.10426846908993348,1439050.5135,0.9999999945344891,1,exclude,1,34,27,0.29898,0.010387,0.9991,ok,0.10277892090214213,0.945033213163233,0.9998997606031964,27,0.010752688172043001,0.00017206073618626603,1,500000.0,2023-01_2025-06
2,C2 Ridge + régime,2023-12,2023-12-29,P_selected,TMA,0.010877338422745655,BUY,0.1611338557061775,0.1611338557061775,0.1611338557061775,1447405.75,0.9999999952184067,1,exclude,1,34,27,0.29898,0.010387,0.9991,ok,0.10277892090214213,0.945033213163233,0.9998997606031964,27,0.15384615384615374,0.0016734366804224074,1,500000.0,2023-01_2025-06
2,C2 Ridge + régime,2023-12,2023-12-29,P_selected,DHO,0.005766566637659282,BUY,0.19975230885750467,0.19975230885750467,0.19975230885750467,735953.928,0.9995801792640159,1,exclude,1,34,27,0.29898,0.010387,0.9991,ok,0.10277892090214213,0.945033213163233,0.9998997606031964,27,0.03943661971830981,0.00022741389556966152,1,500000.0,2023-01_2025-06
2,C2 Ridge + régime,2023-12,2023-12-29,P_selected,TQM,0.001767548693404751,BUY,0.23416381644845713,0.23416381644845713,0.23416381644845713,5259690.9,1.0,1,exclude,1,34,27,0.29898,0.010387,0.9991,ok,0.10277892090214213,0.945033213163233,0.9998997606031964,27,0.02586206896551735,4.571246620874375e-05,1,500000.0,2023-01_2025-06
2,C2 Ridge + régime,2023-12,2023-12-29,P_selected,ATL,0.0017483835214893435,BUY,0.15364705658259556,0.15364705658259556,0.15364705658259556,2169785.6350000002,0.9999999999999543,1,exclude,1,34,27,0.29898,0.010387,0.9991,ok,0.10277892090214213,0.945033213163233,0.9998997606031964,27,-0.03070866141732287,-5.369051758904289e-05,1,500000.0,2023-01_2025-06
2,C2 Ridge + régime,2023-12,2023-12-29,P_selected,CIH,0.0013806914716574794,NEUTRAL,0.026590037915974724,0.026590037915974724,0.013295018957987362,6778233.9375,1.0,1,exclude,1,34,27,0.29898,0.010387,0.9991,ok,0.10277892090214213,0.945033213163233,0.9998997606031964,27,-0.03285450149338642,-4.536193001747656e-05,1,500000.0,2023-01_2025-06
2,C2 Ridge + régime,2023-12,2023-12-29,P_selected,LBV,0.001065586867692441,NEUTRAL,0.04213860499912123,0.04213860499912123,0.021069302499560617,8614153.1,1.0,1,exclude,1,34,27,0.29898,0.010387,0.9991,ok,0.10277892090214213,0.945033213163233,0.9998997606031964,27,0.004761904761904745,5.074223179487796e-06,1,500000.0,2023-01_2025-06
2,C2 Ridge + régime,2023-12,2023-12-29,P_selected,CMA,0.0010282809702308244,NEUTRAL,-0.04806868559828947,-0.04806868559828947,-0.024034342799144737,6622400.05,1.0,1,exclude,1,34,27,0.29898,0.010387,0.9991,ok,0.10277892090214213,0.945033213163233,0.9998997606031964,27,0.023809523809523725,2.448288024359097e-05,1,500000.0,2023-01_2025-06
2,C2 Ridge + régime,2023-12,2023-12-29,P_selected,CMT,0.0009849232586087297,BUY,0.28981867970766917,0.28981867970766917,0.28981867970766917,3518110.9899999998,1.0,1,exclude,1,34,27,0.29898,0.010387,0.9991,ok,0.10277892090214213,0.945033213163233,0.9998997606031964,27,-0.003669724770642202,-3.614397279298091e-06,1,500000.0,2023-01_2025-06
2,C2 Ridge + régime,2023-12,2023-12-29,P_selected,SBM,0.0007109329144243747,NEUTRAL,-0.006989698999396221,-0.006989698999396221,-0.0034948494996981105,1765079.7,0.9999999999703415,1,exclude,1,34,27,0.29898,0.010387,0.9991,ok,0.10277892090214213,0.945033213163233,0.9998997606031964,27,0.010190518387239722,7.244774936535514e-06,1,500000.0,2023-01_2025-06
2,C2 Ridge + régime,2023-12,2023-12-29,P_selected,SID,0.0005712419972220607,BUY,0.4036586571843764,0.4036586571843764,0.4036586571843764,1803953.1,0.999999999984077,1,exclude,1,34,27,0.29898,0.010387,0.9991,ok,0.10277892090214213,0.945033213163233,0.9998997606031964,27,0.06060606060606055,3.4620727104367286e-05,1,500000.0,2023-01_2025-06
2,C2 Ridge + régime,2023-12,2023-12-29,P_selected,TGC,0.0004377550781120831,BUY,0.23947270974744866,0.23947270974744866,0.23947270974744866,3219010.3649999998,1.0,1,exclude,1,34,27,0.29898,0.010387,0.9991,ok,0.10277892090214213,0.945033213163233,0.9998997606031964,27,0.17204301075268824,7.5312701610681e-05,1,500000.0,2023-01_2025-06
2,C2 Ridge + régime,2023-12,2023-12-29,P_selected,MUT,0.00024531497153860955,BUY,0.1041777947508466,0.1041777947508466,0.1041777947508466,3589934.7825,1.0,1,exclude,1,34,27,0.29898,0.010387,0.9991,ok,0.10277892090214213,0.945033213163233,0.9998997606031964,27,0.07559999999999989,1.8545811848318856e-05,1,500000.0,2023-01_2025-06
2,C2 Ridge + régime,2023-12,2023-12-29,P_selected,ARD,0.00016480982724210682,NEUTRAL,0.08711100976652295,0.08711100976652295,0.04355550488326147,717653.1950000001,0.9994374406046301,1,exclude,1,34,27,0.29898,0.010387,0.9991,ok,0.10277892090214213,0.945033213163233,0.9998997606031964,27,0.0898876404494382,1.4814366493672523e-05,1,500000.0,2023-01_2025-06
2,C2 Ridge + régime,2023-12,2023-12-29,P_selected,BCI,0.00016136623312142516,BUY,0.1664455079946542,0.1664455079946542,0.1664455079946542,2002401.3,0.9999999999993345,1,exclude,1,34,27,0.29898,0.010387,0.9991,ok,0.10277892090214213,0.945033213163233,0.9998997606031964,27,0.04444444444444451,7.1718325831744615e-06,1,500000.0,2023-01_2025-06
2,C2 Ridge + régime,2023-12,2023-12-29,P_selected,GAZ,0.0001269484191989997,NEUTRAL,0.09645116130682002,0.09645116130682002,0.04822558065341001,2112315.5,0.9999999999998854,1,exclude,1,34,27,0.29898,0.010387,0.9991,ok,0.10277892090214213,0.945033213163233,0.9998997606031964,27,0.0,0.0,1,500000.0,2023-01_2025-06
2,C2 Ridge + régime,2024-01,2024-01-31,P_selected,AKT,0.3429532543707795,BUY,0.46336585033410144,0.46336585033410144,0.46336585033410144,8142793.784999999,1.0,1,exclude,1,34,25,0.489541,0.011792,0.9995,ok,0.0880661339340214,1.0331698179781972,0.9997377674422594,25,0.14802631578947367,0.0507661067325167,1,500000.0,2023-01_2025-06
2,C2 Ridge + régime,2024-01,2024-01-31,P_selected,ADI,0.1458028260407624,BUY,1.0951844386061933,1.0951844386061933,1.0951844386061933,15345130.622500002,1.0,1,exclude,1,34,25,0.489541,0.011792,0.9995,ok,0.0880661339340214,1.0331698179781972,0.9997377674422594,25,0.09230769230769242,0.0134587224037627,1,500000.0,2023-01_2025-06
2,C2 Ridge + régime,2024-01,2024-01-31,P_selected,CMA,0.08509353953678714,NEUTRAL,-0.00587821403696713,-0.00587821403696713,-0.002939107018483565,2966185.35,1.0,1,exclude,1,34,25,0.489541,0.011792,0.9995,ok,0.0880661339340214,1.0331698179781972,0.9997377674422594,25,0.011730205278592365,0.0009981646866485286,1,500000.0,2023-01_2025-06
2,C2 Ridge + régime,2024-01,2024-01-31,P_selected,JET,0.07378223175781591,BUY,0.618795099660731,0.618795099660731,0.618795099660731,2528861.3150000004,0.9999999999999998,1,exclude,1,34,25,0.489541,0.011792,0.9995,ok,0.0880661339340214,1.0331698179781972,0.9997377674422594,25,0.17460317460317465,0.012882611894221829,1,500000.0,2023-01_2025-06
2,C2 Ridge + régime,2024-01,2024-01-31,P_selected,DYT,0.0617880650291425,BUY,0.5523954816290847,0.5523954816290847,0.5523954816290847,580627.6725000001,0.9949837449950952,1,exclude,1,34,25,0.489541,0.011792,0.9995,ok,0.0880661339340214,1.0331698179781972,0.9997377674422594,25,0.06699751861042191,0.004139647036691934,1,500000.0,2023-01_2025-06
2,C2 Ridge + régime,2024-01,2024-01-31,P_selected,DWY,0.059424953204038344,BUY,0.32301839388951836,0.32301839388951836,0.32301839388951836,648790.7849999999,0.9983088476929789,1,exclude,1,34,25,0.489541,0.011792,0.9995,ok,0.0880661339340214,1.0331698179781972,0.9997377674422594,25,-0.045671438309475065,-0.0027140230843016797,1,500000.0,2023-01_2025-06
2,C2 Ridge + régime,2024-01,2024-01-31,P_selected,RIS,0.04267909865914234,BUY,0.2641639168478866,0.2641639168478866,0.2641639168478866,1448157.5425,0.9999999952755783,1,exclude,1,34,25,0.489541,0.011792,0.9995,ok,0.0880661339340214,1.0331698179781972,0.9997377674422594,25,0.09235352532274077,0.003941565218768853,1,500000.0,2023-01_2025-06
2,C2 Ridge + régime,2024-01,2024-01-31,P_selected,SMI,0.038110778256168355,BUY,0.4329580301071367,0.4329580301071367,0.4329580301071367,1967456.6,0.9999999999988363,1,exclude,1,34,25,0.489541,0.011792,0.9995,ok,0.0880661339340214,1.0331698179781972,0.9997377674422594,25,0.013157894736842035,0.0005014576086337914,1,500000.0,2023-01_2025-06
2,C2 Ridge + régime,2024-01,2024-01-31,P_selected,TMA,0.033200408014754344,BUY,0.2923268431101277,0.2923268431101277,0.2923268431101277,1637733.3,0.9999999997724687,1,exclude,1,34,25,0.489541,0.011792,0.9995,ok,0.0880661339340214,1.0331698179781972,0.9997377674422594,25,0.057777777777777706,0.0019182457964080264,1,500000.0,2023-01_2025-06
2,C2 Ridge + régime,2024-01,2024-01-31,P_selected,EQD,0.030826190404719702,BUY,0.4629370376394988,0.4629370376394988,0.4629370376394988,705048.0,0.999311817448991,1,exclude,1,34,25,0.489541,0.011792,0.9995,ok,0.0880661339340214,1.0331698179781972,0.9997377674422594,25,0.026851851851851904,0.0008277402979045121,1,500000.0,2023-01_2025-06
2,C2 Ridge + régime,2024-01,2024-01-31,P_selected,CIH,0.028576314228586107,BUY,0.21521405356502338,0.21521405356502338,0.21521405356502338,3252529.8899999997,1.0,1,exclude,1,34,25,0.489541,0.011792,0.9995,ok,0.0880661339340214,1.0331698179781972,0.9997377674422594,25,0.0714285714285714,0.002041165302041864,1,500000.0,2023-01_2025-06
2,C2 Ridge + régime,2024-01,2024-01-31,P_selected,BCI,0.026334064646027777,BUY,0.4574571672353597,0.4574571672353597,0.4574571672353597,2784113.5100000002,1.0,1,exclude,1,34,25,0.489541,0.011792,0.9995,ok,0.0880661339340214,1.0331698179781972,0.9997377674422594,25,0.037234042553191404,0.0009805236836286915,1,500000.0,2023-01_2025-06
2,C2 Ridge + régime,2024-01,2024-01-31,P_selected,MIC,0.010985245146010215,BUY,0.11531316630508168,0.11531316630508168,0.11531316630508168,746943.955,0.999647850758702,1,exclude,1,34,25,0.489541,0.011792,0.9995,ok,0.0880661339340214,1.0331698179781972,0.9997377674422594,25,0.07737817219367904,0.0008500181904977553,1,500000.0,2023-01_2025-06
2,C2 Ridge + régime,2024-01,2024-01-31,P_selected,ATW,0.005821931369105817,NEUTRAL,-0.026228939305869017,-0.026228939305869017,-0.013114469652934509,23466225.814999998,1.0,1,exclude,1,34,25,0.489541,0.011792,0.9995,ok,0.0880661339340214,1.0331698179781972,0.9997377674422594,25,0.04123711340206193,0.00024007964408683826,1,500000.0,2023-01_2025-06
2,C2 Ridge + régime,2024-01,2024-01-31,P_selected,MNG,0.005322410804464506,NEUTRAL,0.06356394552738476,0.06356394552738476,0.03178197276369238,1533391.5,0.9999999987919568,1,exclude,1,34,25,0.489541,0.011792,0.9995,ok,0.0880661339340214,1.0331698179781972,0.9997377674422594,25,-0.0022172949002217113,-1.1801354333624085e-05,1,500000.0,2023-01_2025-06
2,C2 Ridge + régime,2024-01,2024-01-31,P_selected,HPS,0.0018117265424999495,NEUTRAL,0.0037596856354693356,0.0037596856354693356,0.0018798428177346678,2613318.2199999997,1.0,1,exclude,1,34,25,0.489541,0.011792,0.9995,ok,0.0880661339340214,1.0331698179781972,0.9997377674422594,25,-0.07752063440686197,-0.00014044619094634664,1,500000.0,2023-01_2025-06
2,C2 Ridge + régime,2024-01,2024-01-31,P_selected,SBM,0.0012386159179133827,NEUTRAL,-0.07483742538144621,-0.07483742538144621,-0.037418712690723104,945933.7,0.999985406783979,1,exclude,1,34,25,0.489541,0.011792,0.9995,ok,0.0880661339340214,1.0331698179781972,0.9997377674422594,25,0.06798245614035081,8.42041523142869e-05,1,500000.0,2023-01_2025-06
2,C2 Ridge + régime,2024-01,2024-01-31,P_selected,TQM,0.0010694022146448834,BUY,0.11670046223576876,0.11670046223576876,0.11670046223576876,3631281.05,1.0,1,exclude,1,34,25,0.489541,0.011792,0.9995,ok,0.0880661339340214,1.0331698179781972,0.9997377674422594,25,0.004184100418409997,4.474486253744234e-06,1,500000.0,2023-01_2025-06
2,C2 Ridge + régime,2024-01,2024-01-31,P_selected,SOT,0.0010397723289967613,NEUTRAL,-0.0035164909019262808,-0.0035164909019262808,-0.0017582454509631404,502017.1,0.9825750493084265,1,exclude,1,34,25,0.489541,0.011792,0.9995,ok,0.0880661339340214,1.0331698179781972,0.9997377674422594,25,0.010700389105058328,1.1125968500938067e-05,1,500000.0,2023-01_2025-06
2,C2 Ridge + régime,2024-01,2024-01-31,P_selected,ARD,0.0009561489545889741,BUY,0.20079173924205396,0.20079173924205396,0.20079173924205396,1483984.33,0.9999999973368316,1,exclude,1,34,25,0.489541,0.011792,0.9995,ok,0.0880661339340214,1.0331698179781972,0.9997377674422594,25,0.028548289127353854,2.7296416804423164e-05,1,500000.0,2023-01_2025-06
2,C2 Ridge + régime,2024-01,2024-01-31,P_selected,LBV,0.0008932243723594383,NEUTRAL,-0.036541844688995614,-0.036541844688995614,-0.018270922344497807,5215042.6,1.0,1,exclude,1,34,25,0.489541,0.011792,0.9995,ok,0.0880661339340214,1.0331698179781972,0.9997377674422594,25,0.02962085308056861,2.6458067901642032e-05,1,500000.0,2023-01_2025-06
2,C2 Ridge + régime,2024-01,2024-01-31,P_selected,RDS,0.0008788669297192336,BUY,0.5516669058602675,0.5516669058602675,0.5516669058602675,1302276.9564999999,0.9999999512436969,1,exclude,1,34,25,0.489541,0.011792,0.9995,ok,0.0880661339340214,1.0331698179781972,0.9997377674422594,25,0.13438596491228072,0.00011810738037981281,1,500000.0,2023-01_2025-06
2,C2 Ridge + régime,2024-01,2024-01-31,P_selected,MUT,0.0007759714113442653,BUY,0.30424748914496985,0.30424748914496985,0.30424748914496985,2527308.9675000003,0.9999999999999998,1,exclude,1,34,25,0.489541,0.011792,0.9995,ok,0.0880661339340214,1.0331698179781972,0.9997377674422594,25,-0.005216095380029762,-4.047540893747996e-06,1,500000.0,2023-01_2025-06
2,C2 Ridge + régime,2024-01,2024-01-31,P_selected,SID,0.00026539639302821424,BUY,0.2849969951501759,0.2849969951501759,0.2849969951501759,2443983.605,0.9999999999999993,1,exclude,1,34,25,0.489541,0.011792,0.9995,ok,0.0880661339340214,1.0331698179781972,0.9997377674422594,25,0.023919429290810035,6.3481302570744e-06,1,500000.0,2023-01_2025-06
2,C2 Ridge + régime,2024-01,2024-01-31,P_selected,CMT,0.000107330908859392,NEUTRAL,-0.06448649381774475,-0.06448649381774475,-0.032243246908872376,2800205.45,1.0,1,exclude,1,34,25,0.489541,0.011792,0.9995,ok,0.0880661339340214,1.0331698179781972,0.9997377674422594,25,0.10050251256281406,1.0787026016019297e-05,1,500000.0,2023-01_2025-06
2,C2 Ridge + régime,2024-02,2024-02-29,P_selected,AKT,0.28324001170125923,BUY,0.5932318430955469,0.5932318430955469,0.5932318430955469,10945682.17,1.0,1,exclude,1,31,25,0.498066,0.011022,0.9997,ok,0.013339169118234073,0.8317390099222031,0.999837314221288,25,-0.01449275362318836,-0.004104927705815338,1,500000.0,2023-01_2025-06
2,C2 Ridge + régime,2024-02,2024-02-29,P_selected,IMO,0.13071461026317183,BUY,0.3681137140627811,0.3681137140627811,0.3681137140627811,634544.4794999999,0.9978768132095764,1,exclude,1,31,25,0.498066,0.011022,0.9997,ok,0.013339169118234073,0.8317390099222031,0.999837314221288,25,-0.025078369905956133,-0.003278109348292713,1,500000.0,2023-01_2025-06
2,C2 Ridge + régime,2024-02,2024-02-29,P_selected,BOA,0.10124874103218796,BUY,0.26621852130021395,0.26621852130021395,0.26621852130021395,4163997.8575000004,1.0,1,exclude,1,31,25,0.498066,0.011022,0.9997,ok,0.013339169118234073,0.8317390099222031,0.999837314221288,25,-0.025000000000000022,-0.0025312185258047014,1,500000.0,2023-01_2025-06
2,C2 Ridge + régime,2024-02,2024-02-29,P_selected,JET,0.09493473866865325,BUY,0.9144114372261677,0.9144114372261677,0.9144114372261677,4083213.13,1.0,1,exclude,1,31,25,0.498066,0.011022,0.9997,ok,0.013339169118234073,0.8317390099222031,0.999837314221288,25,0.09578445275235259,0.009093271990564557,1,500000.0,2023-01_2025-06
2,C2 Ridge + régime,2024-02,2024-02-29,P_selected,ADI,0.08798537210099232,BUY,0.7781598412632421,0.7781598412632421,0.7781598412632421,6208376.7225,1.0,1,exclude,1,31,25,0.498066,0.011022,0.9997,ok,0.013339169118234073,0.8317390099222031,0.999837314221288,25,0.19068670792808717,0.016777640951765992,1,500000.0,2023-01_2025-06
2,C2 Ridge + régime,2024-02,2024-02-29,P_selected,CMA,0.079206257044297,NEUTRAL,0.03962519770588053,0.03962519770588053,0.019812598852940264,2751247.1,1.0,1,exclude,1,31,25,0.498066,0.011022,0.9997,ok,0.013339169118234073,0.8317390099222031,0.999837314221288,25,-0.020289855072463725,-0.001607083476261095,1,500000.0,2023-01_2025-06
2,C2 Ridge + régime,2024-02,2024-02-29,P_selected,RDS,0.05434134600861951,BUY,1.1441273972259887,1.1441273972259887,1.1441273972259887,2688570.9235,1.0,1,exclude,1,31,25,0.498066,0.011022,0.9997,ok,0.013339169118234073,0.8317390099222031,0.999837314221288,25,0.0,0.0,1,500000.0,2023-01_2025-06
2,C2 Ridge + régime,2024-02,2024-02-29,P_selected,MNG,0.04672476457156769,BUY,0.2801856550699586,0.2801856550699586,0.2801856550699586,2811680.1,1.0,1,exclude,1,31,25,0.498066,0.011022,0.9997,ok,0.013339169118234073,0.8317390099222031,0.999837314221288,25,-0.04839586731919521,-0.0022612855067262226,1,500000.0,2023-01_2025-06
2,C2 Ridge + régime,2024-02,2024-02-29,P_selected,ARD,0.04298823728658305,BUY,0.20199506191305233,0.20199506191305233,0.20199506191305233,949676.8875,0.9999862551169507,1,exclude,1,31,25,0.498066,0.011022,0.9997,ok,0.013339169118234073,0.8317390099222031,0.999837314221288,25,0.0,0.0,1,500000.0,2023-01_2025-06
2,C2 Ridge + régime,2024-02,2024-02-29,P_selected,LBV,0.02174984223862869,BUY,0.10996208027558187,0.10996208027558187,0.10996208027558187,7394740.15,1.0,1,exclude,1,31,25,0.498066,0.011022,0.9997,ok,0.013339169118234073,0.8317390099222031,0.999837314221288,25,0.04522727272727267,0.0009836860467016147,1,500000.0,2023-01_2025-06
2,C2 Ridge + régime,2024-02,2024-02-29,P_selected,RIS,0.020200782367316112,BUY,0.1238078310077098,0.1238078310077098,0.1238078310077098,1779360.1949999998,0.9999999999763998,1,exclude,1,31,25,0.498066,0.011022,0.9997,ok,0.013339169118234073,0.8317390099222031,0.999837314221288,25,0.12139534883720926,0.0024522810222648854,1,500000.0,2023-01_2025-06
2,C2 Ridge + régime,2024-02,2024-02-29,P_selected,TMA,0.018729973038478256,BUY,0.1477362608274542,0.1477362608274542,0.1477362608274542,3163242.05,1.0,1,exclude,1,31,25,0.498066,0.011022,0.9997,ok,0.013339169118234073,0.8317390099222031,0.999837314221288,25,-0.006382978723404209,-0.00011955301939454119,1,500000.0,2023-01_2025-06
2,C2 Ridge + régime,2024-02,2024-02-29,P_selected,CIH,0.006466662058378821,BUY,0.2839210704214463,0.2839210704214463,0.2839210704214463,2469183.2825,0.9999999999999996,1,exclude,1,31,25,0.498066,0.011022,0.9997,ok,0.013339169118234073,0.8317390099222031,0.999837314221288,25,0.012328767123287676,7.972597058275261e-05,1,500000.0,2023-01_2025-06
2,C2 Ridge + régime,2024-02,2024-02-29,P_selected,BCI,0.0036370152151647107,BUY,0.40833129615834174,0.40833129615834174,0.40833129615834174,1035423.3800000001,0.9999965140765344,1,exclude,1,31,25,0.498066,0.011022,0.9997,ok,0.013339169118234073,0.8317390099222031,0.999837314221288,25,0.0608695652173914,0.00022138353483611316,1,500000.0,2023-01_2025-06
2,C2 Ridge + régime,2024-02,2024-02-29,P_selected,ATH,0.002386990784936737,BUY,0.20103984633876704,0.20103984633876704,0.20103984633876704,586473.9075,0.9954296402432394,1,exclude,1,31,25,0.498066,0.011022,0.9997,ok,0.013339169118234073,0.8317390099222031,0.999837314221288,25,-0.04477611940298509,-0.00010688018440015245,1,500000.0,2023-01_2025-06
2,C2 Ridge + régime,2024-02,2024-02-29,P_selected,SMI,0.0014743551204157849,BUY,0.3166464374887661,0.3166464374887661,0.3166464374887661,1361851.55,0.9999999812040575,1,exclude,1,31,25,0.498066,0.011022,0.9997,ok,0.013339169118234073,0.8317390099222031,0.999837314221288,25,0.13475177304964547,0.00019867196658085058,1,500000.0,2023-01_2025-06
2,C2 Ridge + régime,2024-02,2024-02-29,P_selected,TGC,0.0010232594880785018,BUY,0.4548108022752805,0.4548108022752805,0.4548108022752805,7327413.1875,1.0,1,exclude,1,31,25,0.498066,0.011022,0.9997,ok,0.013339169118234073,0.8317390099222031,0.999837314221288,25,0.08974358974358965,9.183097969935263e-05,1,500000.0,2023-01_2025-06
2,C2 Ridge + régime,2024-02,2024-02-29,P_selected,ATL,0.0007070891425962359,NEUTRAL,0.06295105455254697,0.06295105455254697,0.031475527276273486,2519184.9325,0.9999999999999998,1,exclude,1,31,25,0.498066,0.011022,0.9997,ok,0.013339169118234073,0.8317390099222031,0.999837314221288,25,0.001615508885298933,1.1423087925626232e-06,1,500000.0,2023-01_2025-06
2,C2 Ridge + régime,2024-02,2024-02-29,P_selected,ATW,0.000658213472165776,NEUTRAL,0.012393281329103549,0.012393281329103549,0.0061966406645517745,42259225.375,1.0,1,exclude,1,31,25,0.498066,0.011022,0.9997,ok,0.013339169118234073,0.8317390099222031,0.999837314221288,25,0.0067393458870168566,4.435928256419507e-06,1,500000.0,2023-01_2025-06
2,C2 Ridge + régime,2024-02,2024-02-29,P_selected,SBM,0.0004865109332560975,NEUTRAL,-0.04608235234990446,-0.04608235234990446,-0.02304117617495223,964254.3,0.9999891145082294,1,exclude,1,31,25,0.498066,0.011022,0.9997,ok,0.013339169118234073,0.8317390099222031,0.999837314221288,25,0.1129431162407255,5.4948060887127266e-05,1,500000.0,2023-01_2025-06
2,C2 Ridge + régime,2024-02,2024-02-29,P_selected,BCP,0.00032718494931299334,BUY,0.16198842074153566,0.16198842074153566,0.16198842074153566,22981976.9,1.0,1,exclude,1,31,25,0.498066,0.011022,0.9997,ok,0.013339169118234073,0.8317390099222031,0.999837314221288,25,-0.020198675496688856,-6.608702618573744e-06,1,500000.0,2023-01_2025-06
2,C2 Ridge + régime,2024-02,2024-02-29,P_selected,CSR,0.00017095650924289104,NEUTRAL,0.02062289391871687,0.02062289391871687,0.010311446959358435,13618939.419999998,1.0,1,exclude,1,31,25,0.498066,0.011022,0.9997,ok,0.013339169118234073,0.8317390099222031,0.999837314221288,25,0.03350515463917536,5.7279242787566766e-06,1,500000.0,2023-01_2025-06
2,C2 Ridge + régime,2024-02,2024-02-29,P_selected,MSA,0.00015856542454865358,NEUTRAL,-0.03568137657093651,-0.03568137657093651,-0.017840688285468254,7937476.967500001,1.0,1,exclude,1,31,25,0.498066,0.011022,0.9997,ok,0.013339169118234073,0.8317390099222031,0.999837314221288,25,-0.03464919841406655,-5.494164856796997e-06,1,500000.0,2023-01_2025-06
2,C2 Ridge + régime,2024-02,2024-02-29,P_selected,ADH,0.00015809535114931044,BUY,0.4746434492321352,0.4746434492321352,0.4746434492321352,10067875.521000002,1.0,1,exclude,1,31,25,0.498066,0.011022,0.9997,ok,0.013339169118234073,0.8317390099222031,0.999837314221288,25,0.11956521739130443,1.8902705028721916e-05,1,500000.0,2023-01_2025-06
2,C2 Ridge + régime,2024-02,2024-02-29,P_selected,IAM,0.00011773945028650058,BUY,0.1953353669756212,0.1953353669756212,0.1953353669756212,21562363.474,1.0,1,exclude,1,31,25,0.498066,0.011022,0.9997,ok,0.013339169118234073,0.8317390099222031,0.999837314221288,25,-0.02512077294685988,-2.957705997535278e-06,1,500000.0,2023-01_2025-06
2,C2 Ridge + régime,2024-03,2024-03-29,P_selected,CFG,0.3584042841424641,BUY,0.1049277533544927,0.1049277533544927,0.1049277533544927,3098808.275,1.0,1,exclude,1,34,29,0.411745,0.009392,0.9999,ok,0.06512830884234466,1.2273099539125885,0.9997926982212632,29,-0.02517753389283417,-0.009023736011333858,1,500000.0,2023-01_2025-06
2,C2 Ridge + régime,2024-03,2024-03-29,P_selected,AKT,0.14510136952029343,BUY,0.3899400205118731,0.3899400205118731,0.3899400205118731,5701409.33,1.0,1,exclude,1,34,29,0.411745,0.009392,0.9999,ok,0.06512830884234466,1.2273099539125885,0.9997926982212632,29,0.0591176470588235,0.008578051551052636,1,500000.0,2023-01_2025-06
2,C2 Ridge + régime,2024-03,2024-03-29,P_selected,CDM,0.08086933188353192,BUY,0.5909143167088545,0.5909143167088545,0.5909143167088545,5514061.404999999,1.0,1,exclude,1,34,29,0.411745,0.009392,0.9999,ok,0.06512830884234466,1.2273099539125885,0.9997926982212632,29,0.0033333333333334103,0.0002695644396117793,1,500000.0,2023-01_2025-06
2,C2 Ridge + régime,2024-03,2024-03-29,P_selected,DYT,0.07322103835869141,BUY,0.6730311476546548,0.6730311476546548,0.6730311476546548,710520.0700000001,0.9993694712769375,1,exclude,1,34,29,0.411745,0.009392,0.9999,ok,0.06512830884234466,1.2273099539125885,0.9997926982212632,29,-0.01922322479403693,-0.001407544480021926,1,500000.0,2023-01_2025-06
2,C2 Ridge + régime,2024-03,2024-03-29,P_selected,ADI,0.06721778166503319,BUY,0.7024611133554455,0.7024611133554455,0.7024611133554455,8374011.227500001,1.0,1,exclude,1,34,29,0.411745,0.009392,0.9999,ok,0.06512830884234466,1.2273099539125885,0.9997926982212632,29,0.04952723998199016,0.0033291112035811164,1,500000.0,2023-01_2025-06
2,C2 Ridge + régime,2024-03,2024-03-29,P_selected,JET,0.06285817740471446,BUY,0.9565546579962251,0.9565546579962251,0.9565546579962251,2114080.415,0.9999999999998885,1,exclude,1,34,29,0.411745,0.009392,0.9999,ok,0.06512830884234466,1.2273099539125885,0.9997926982212632,29,0.42352941176470593,0.026622286900820243,1,500000.0,2023-01_2025-06
2,C2 Ridge + régime,2024-03,2024-03-29,P_selected,RDS,0.057018380834426514,BUY,1.002895689051432,1.002895689051432,1.002895689051432,2936320.8575,1.0,1,exclude,1,34,29,0.411745,0.009392,0.9999,ok,0.06512830884234466,1.2273099539125885,0.9997926982212632,29,0.4993939393939393,0.028474633822768144,1,500000.0,2023-01_2025-06
2,C2 Ridge + régime,2024-03,2024-03-29,P_selected,TGC,0.051249760803686706,BUY,0.5159126921404994,0.5159126921404994,0.5159126921404994,5166311.55,1.0,1,exclude,1,34,29,0.411745,0.009392,0.9999,ok,0.06512830884234466,1.2273099539125885,0.9997926982212632,29,0.21843137254901945,0.011194555595158225,1,500000.0,2023-01_2025-06
2,C2 Ridge + régime,2024-03,2024-03-29,P_selected,SMI,0.03469328431882919,BUY,0.4948040361616797,0.4948040361616797,0.4948040361616797,722877.55,0.9994825296888584,1,exclude,1,34,29,0.411745,0.009392,0.9999,ok,0.06512830884234466,1.2273099539125885,0.9997926982212632,29,0.11562500000000009,0.004011410999364628,1,500000.0,2023-01_2025-06
2,C2 Ridge + régime,2024-03,2024-03-29,P_selected,LBV,0.02004278105844666,NEUTRAL,0.06472063860659227,0.06472063860659227,0.03236031930329614,4552965.35,1.0,1,exclude,1,34,29,0.411745,0.009392,0.9999,ok,0.06512830884234466,1.2273099539125885,0.9997926982212632,29,-0.06240487062404876,-0.0012507671588984988,1,500000.0,2023-01_2025-06
2,C2 Ridge + régime,2024-03,2024-03-29,P_selected,TMA,0.016420087601021992,BUY,0.15468928733558895,0.15468928733558895,0.15468928733558895,1932797.55,0.9999999999979736,1,exclude,1,34,29,0.411745,0.009392,0.9999,ok,0.06512830884234466,1.2273099539125885,0.9997926982212632,29,0.00786275911365264,0.00012910719343191038,1,500000.0,2023-01_2025-06
2,C2 Ridge + régime,2024-03,2024-03-29,P_selected,RIS,0.008898326655993783,BUY,0.34804004741340067,0.34804004741340067,0.34804004741340067,3785209.81,1.0,1,exclude,1,34,29,0.411745,0.009392,0.9999,ok,0.06512830884234466,1.2273099539125885,0.9997926982212632,29,0.07880547490667777,0.0007012368580003401,1,500000.0,2023-01_2025-06
2,C2 Ridge + régime,2024-03,2024-03-29,P_selected,ATH,0.0064295968131652,BUY,0.20564181761727823,0.20564181761727823,0.20564181761727823,1238156.2339999997,0.9999998639848936,1,exclude,1,34,29,0.411745,0.009392,0.9999,ok,0.06512830884234466,1.2273099539125885,0.9997926982212632,29,0.1890624999999999,0.001215595647489045,1,500000.0,2023-01_2025-06
2,C2 Ridge + régime,2024-03,2024-03-29,P_selected,SID,0.003590607090174917,BUY,0.4183692851972764,0.4183692851972764,0.4183692851972764,2181045.175,0.9999999999999618,1,exclude,1,34,29,0.411745,0.009392,0.9999,ok,0.06512830884234466,1.2273099539125885,0.9997926982212632,29,0.14054054054054044,0.0005046258613218799,1,500000.0,2023-01_2025-06
2,C2 Ridge + régime,2024-03,2024-03-29,P_selected,CMT,0.0028471221642329663,BUY,0.18540390316323835,0.18540390316323835,0.18540390316323835,906131.4,0.999972412008993,1,exclude,1,34,29,0.411745,0.009392,0.9999,ok,0.06512830884234466,1.2273099539125885,0.9997926982212632,29,0.15283842794759828,0.00043514967575613027,1,500000.0,2023-01_2025-06
2,C2 Ridge + régime,2024-03,2024-03-29,P_selected,ARD,0.002710875180462753,BUY,0.2601565903080352,0.2601565903080352,0.2601565903080352,1756048.5850000002,0.999999999965731,1,exclude,1,34,29,0.411745,0.009392,0.9999,ok,0.06512830884234466,1.2273099539125885,0.9997926982212632,29,0.08400000000000007,0.00022771351515887145,1,500000.0,2023-01_2025-06
2,C2 Ridge + régime,2024-03,2024-03-29,P_selected,GAZ,0.0017094416757027632,NEUTRAL,0.06972647527220942,0.06972647527220942,0.03486323763610471,2556413.0,1.0,1,exclude,1,34,29,0.411745,0.009392,0.9999,ok,0.06512830884234466,1.2273099539125885,0.9997926982212632,29,-0.03488372093023251,-5.9631686361724216e-05,1,500000.0,2023-01_2025-06
2,C2 Ridge + régime,2024-03,2024-03-29,P_selected,SNP,0.0012924691252780048,BUY,0.4501996194560156,0.4501996194560156,0.4501996194560156,2061066.1149999998,0.9999999999997398,1,exclude,1,34,29,0.411745,0.009392,0.9999,ok,0.06512830884234466,1.2273099539125885,0.9997926982212632,29,0.04162162162162164,5.3794660889949416e-05,1,500000.0,2023-01_2025-06
2,C2 Ridge + régime,2024-03,2024-03-29,P_selected,ATL,0.0009757310368681119,NEUTRAL,0.020954656375138832,0.020954656375138832,0.010477328187569416,2370839.145,0.9999999999999982,1,exclude,1,34,29,0.411745,0.009392,0.9999,ok,0.06512830884234466,1.2273099539125885,0.9997926982212632,29,0.16129032258064524,0.00015737597368840523,1,500000.0,2023-01_2025-06
2,C2 Ridge + régime,2024-03,2024-03-29,P_selected,CIH,0.0009283547337384528,BUY,0.19976249935405488,0.19976249935405488,0.19976249935405488,3307958.6450000005,1.0,1,exclude,1,34,29,0.411745,0.009392,0.9999,ok,0.06512830884234466,1.2273099539125885,0.9997926982212632,29,0.025710419485791558,2.386838963603595e-05,1,500000.0,2023-01_2025-06
2,C2 Ridge + régime,2024-03,2024-03-29,P_selected,SBM,0.0005793160880008569,NEUTRAL,0.055694851955011206,0.055694851955011206,0.027847425977505603,523044.65,0.9874909432081872,1,exclude,1,34,29,0.411745,0.009392,0.9999,ok,0.06512830884234466,1.2273099539125885,0.9997926982212632,29,-0.03703703703703709,-2.1456151407439174e-05,1,500000.0,2023-01_2025-06
2,C2 Ridge + régime,2024-03,2024-03-29,P_selected,MNG,0.00048207077907405583,NEUTRAL,0.06939007600348171,0.06939007600348171,0.034695038001740855,2789222.85,1.0,1,exclude,1,34,29,0.411745,0.009392,0.9999,ok,0.06512830884234466,1.2273099539125885,0.9997926982212632,29,0.3360000000000001,0.0001619757817688828,1,500000.0,2023-01_2025-06
2,C2 Ridge + régime,2024-03,2024-03-29,P_selected,BOA,0.00047357070737673616,BUY,0.20767755525738568,0.20767755525738568,0.20767755525738568,2661902.9025,1.0,1,exclude,1,34,29,0.411745,0.009392,0.9999,ok,0.06512830884234466,1.2273099539125885,0.9997926982212632,29,-0.01538461538461533,-7.2857031904113e-06,1,500000.0,2023-01_2025-06
2,C2 Ridge + régime,2024-03,2024-03-29,P_selected,MUT,0.000424013790915203,BUY,0.18636954745206302,0.18636954745206302,0.18636954745206302,604477.7775000001,0.9965696079680872,1,exclude,1,34,29,0.411745,0.009392,0.9999,ok,0.06512830884234466,1.2273099539125885,0.9997926982212632,29,0.02111324376199608,8.95230652604072e-06,1,500000.0,2023-01_2025-06
2,C2 Ridge + régime,2024-03,2024-03-29,P_selected,ATW,0.00033124767948707106,NEUTRAL,-0.00850349282179326,-0.00850349282179326,-0.00425174641089663,12538974.315000001,1.0,1,exclude,1,34,29,0.411745,0.009392,0.9999,ok,0.06512830884234466,1.2273099539125885,0.9997926982212632,29,-0.012404016538688611,-4.108801694759854e-06,1,500000.0,2023-01_2025-06
2,C2 Ridge + régime,2024-03,2024-03-29,P_selected,ADH,0.0002987013744693638,BUY,0.4146251507762697,0.4146251507762697,0.4146251507762697,24778300.532,1.0,1,exclude,1,34,29,0.411745,0.009392,0.9999,ok,0.06512830884234466,1.2273099539125885,0.9997926982212632,29,0.5728155339805823,0.00017110078731740247,1,500000.0,2023-01_2025-06
2,C2 Ridge + régime,2024-03,2024-03-29,P_selected,EQD,0.0002963087159369232,BUY,0.3125852356907054,0.3125852356907054,0.3125852356907054,2302739.15,0.9999999999999944,1,exclude,1,34,29,0.411745,0.009392,0.9999,ok,0.06512830884234466,1.2273099539125885,0.9997926982212632,29,0.06695652173913036,1.98398009801244e-05,1,500000.0,2023-01_2025-06
2,C2 Ridge + régime,2024-03,2024-03-29,P_selected,DHO,0.000225755934488536,NEUTRAL,0.06736408564236637,0.06736408564236637,0.033682042821183186,615430.6780000001,0.9971194543770902,1,exclude,1,34,29,0.411745,0.009392,0.9999,ok,0.06512830884234466,1.2273099539125885,0.9997926982212632,29,0.27763157894736845,6.267697654879092e-05,1,500000.0,2023-01_2025-06
2,C2 Ridge + régime,2024-03,2024-03-29,P_selected,IAM,0.0002029110847577265,NEUTRAL,-0.032217260627698044,-0.032217260627698044,-0.016108630313849022,7433794.630000001,1.0,1,exclude,1,34,29,0.411745,0.009392,0.9999,ok,0.06512830884234466,1.2273099539125885,0.9997926982212632,29,-0.04410307234886024,-8.949002251455724e-06,1,500000.0,2023-01_2025-06
2,C2 Ridge + régime,2024-04,2024-04-30,P_selected,AKT,0.21734115332898246,BUY,0.4186634255328541,0.4186634255328541,0.4186634255328541,11312012.120000001,1.0,1,exclude,1,35,26,0.428276,0.010268,0.9978,ok,-0.014649460161839323,1.1906519214430251,0.9998289448273764,26,-0.06388888888888888,-0.013885684796018323,1,500000.0,2023-01_2025-06
2,C2 Ridge + régime,2024-04,2024-04-30,P_selected,JET,0.10869835945318582,BUY,1.0497747019029646,1.0497747019029646,1.0497747019029646,7520058.69,1.0,1,exclude,1,35,26,0.428276,0.010268,0.9978,ok,-0.014649460161839323,1.1906519214430251,0.9998289448273764,26,-0.0984126984126984,-0.01069729886682146,1,500000.0,2023-01_2025-06
2,C2 Ridge + régime,2024-04,2024-04-30,P_selected,IMO,0.1076656291120796,BUY,0.2746230852138259,0.2746230852138259,0.2746230852138259,524083.61100000003,0.9876946294827621,1,exclude,1,35,26,0.428276,0.010268,0.9978,ok,-0.014649460161839323,1.1906519214430251,0.9998289448273764,26,0.035490830636461634,0.00382114260818491,1,500000.0,2023-01_2025-06
2,C2 Ridge + régime,2024-04,2024-04-30,P_selected,FBR,0.08580999926312798,BUY,0.34903321259561654,0.34903321259561654,0.34903321259561654,541356.7455,0.9906381640699479,1,exclude,1,35,26,0.428276,0.010268,0.9978,ok,-0.014649460161839323,1.1906519214430251,0.9998289448273764,26,0.04469026548672561,0.0038348716484849182,1,500000.0,2023-01_2025-06
2,C2 Ridge + régime,2024-04,2024-04-30,P_selected,DYT,0.08469572408047421,BUY,0.6753221247209361,0.6753221247209361,0.6753221247209361,2030098.7274999998,0.9999999999995728,1,exclude,1,35,26,0.428276,0.010268,0.9978,ok,-0.014649460161839323,1.1906519214430251,0.9998289448273764,26,0.00989699050696835,0.000838232777205264,1,500000.0,2023-01_2025-06
2,C2 Ridge + régime,2024-04,2024-04-30,P_selected,BOA,0.05298783644176086,BUY,0.267528396805488,0.267528396805488,0.267528396805488,2797790.9925,1.0,1,exclude,1,35,26,0.428276,0.010268,0.9978,ok,-0.014649460161839323,1.1906519214430251,0.9998289448273764,26,0.02472670484122852,0.0013102145918707133,1,500000.0,2023-01_2025-06
2,C2 Ridge + régime,2024-04,2024-04-30,P_selected,ATL,0.051077168398893,NEUTRAL,0.09203985616977395,0.09203985616977395,0.046019928084886974,2920780.725,1.0,1,exclude,1,35,26,0.428276,0.010268,0.9978,ok,-0.014649460161839323,1.1906519214430251,0.9998289448273764,26,-0.07094594594594594,-0.003623718028299841,1,500000.0,2023-01_2025-06
2,C2 Ridge + régime,2024-04,2024-04-30,P_selected,CMA,0.04159784480687162,NEUTRAL,-0.042425460382129576,-0.042425460382129576,-0.021212730191064788,6509271.2,1.0,1,exclude,1,35,26,0.428276,0.010268,0.9978,ok,-0.014649460161839323,1.1906519214430251,0.9998289448273764,26,0.011938601478112654,0.0004966200914976183,1,500000.0,2023-01_2025-06
2,C2 Ridge + régime,2024-04,2024-04-30,P_selected,ARD,0.03903916445309776,BUY,0.18946671490060935,0.18946671490060935,0.18946671490060935,3736586.44,1.0,1,exclude,1,35,26,0.428276,0.010268,0.9978,ok,-0.014649460161839323,1.1906519214430251,0.9998289448273764,26,-0.09743967581506718,-0.0038039635284009407,1,500000.0,2023-01_2025-06
2,C2 Ridge + régime,2024-04,2024-04-30,P_selected,ADI,0.03697183793231296,BUY,0.8899436639252432,0.8899436639252432,0.8899436639252432,40987828.1325,1.0,1,exclude,1,35,26,0.428276,0.010268,0.9978,ok,-0.014649460161839323,1.1906519214430251,0.9998289448273764,26,0.0376958915713681,0.0013936863938906637,1,500000.0,2023-01_2025-06
2,C2 Ridge + régime,2024-04,2024-04-30,P_selected,DHO,0.03134938225795722,BUY,0.24304860609111206,0.24304860609111206,0.24304860609111206,3179604.356,1.0,1,exclude,1,35,26,0.428276,0.010268,0.9978,ok,-0.014649460161839323,1.1906519214430251,0.9998289448273764,26,0.0652173913043479,0.002044524929866777,1,500000.0,2023-01_2025-06
2,C2 Ridge + régime,2024-04,2024-04-30,P_selected,ATH,0.030896723122856722,BUY,0.32716748388261535,0.32716748388261535,0.32716748388261535,2456654.2399999998,0.9999999999999996,1,exclude,1,35,26,0.428276,0.010268,0.9978,ok,-0.014649460161839323,1.1906519214430251,0.9998289448273764,26,-0.051948051948051965,-0.0016050245778107394,1,500000.0,2023-01_2025-06
2,C2 Ridge + régime,2024-04,2024-04-30,P_selected,SMI,0.029026253249469565,BUY,0.34265701880723004,0.34265701880723004,0.34265701880723004,661098.2,0.9986107086157655,1,exclude,1,35,26,0.428276,0.010268,0.9978,ok,-0.014649460161839323,1.1906519214430251,0.9998289448273764,26,0.3566986998304127,0.010353626795034085,1,500000.0,2023-01_2025-06
2,C2 Ridge + régime,2024-04,2024-04-30,P_selected,TMA,0.020790026932447775,BUY,0.20835275010693027,0.20835275010693027,0.20835275010693027,1436102.7,0.9999999942705322,1,exclude,1,35,26,0.428276,0.010268,0.9978,ok,-0.014649460161839323,1.1906519214430251,0.9998289448273764,26,-0.014285714285714235,-0.00029700038474925287,1,500000.0,2023-01_2025-06
2,C2 Ridge + régime,2024-04,2024-04-30,P_selected,RIS,0.018705999923995156,BUY,0.34286253378450565,0.34286253378450565,0.34286253378450565,7575247.3,1.0,1,exclude,1,35,26,0.428276,0.010268,0.9978,ok,-0.014649460161839323,1.1906519214430251,0.9998289448273764,26,-0.0773076923076923,-0.001446117686431933,1,500000.0,2023-01_2025-06
2,C2 Ridge + régime,2024-04,2024-04-30,P_selected,CFG,0.014842651098903913,NEUTRAL,0.08294226161012858,0.08294226161012858,0.04147113080506429,4652391.455,1.0,1,exclude,1,35,26,0.428276,0.010268,0.9978,ok,-0.014649460161839323,1.1906519214430251,0.9998289448273764,26,0.06721854304635766,0.0009977013818137405,1,500000.0,2023-01_2025-06
2,C2 Ridge + régime,2024-04,2024-04-30,P_selected,MNG,0.007427070353376054,BUY,0.2083443787984774,0.2083443787984774,0.2083443787984774,4523386.4,1.0,1,exclude,1,35,26,0.428276,0.010268,0.9978,ok,-0.014649460161839323,1.1906519214430251,0.9998289448273764,26,-0.029945170814002497,-0.00022240489037945983,1,500000.0,2023-01_2025-06
2,C2 Ridge + régime,2024-04,2024-04-30,P_selected,ADH,0.007116977014099392,BUY,0.7199872510408326,0.7199872510408326,0.7199872510408326,71808781.5165,1.0,1,exclude,1,35,26,0.428276,0.010268,0.9978,ok,-0.014649460161839323,1.1906519214430251,0.9998289448273764,26,-0.07120743034055721,-0.0005067816449668293,1,500000.0,2023-01_2025-06
2,C2 Ridge + régime,2024-04,2024-04-30,P_selected,IAM,0.006717279329596297,BUY,0.17915432508243306,0.17915432508243306,0.17915432508243306,12905227.779500002,1.0,1,exclude,1,35,26,0.428276,0.010268,0.9978,ok,-0.014649460161839323,1.1906519214430251,0.9998289448273764,26,-0.04365904365904372,-0.00029326999152083665,1,500000.0,2023-01_2025-06
2,C2 Ridge + régime,2024-04,2024-04-30,P_selected,TGC,0.0025044893645396844,BUY,0.46451064688841115,0.46451064688841115,0.46451064688841115,56961280.685,1.0,1,exclude,1,35,26,0.428276,0.010268,0.9978,ok,-0.014649460161839323,1.1906519214430251,0.9998289448273764,26,0.019354838709677358,4.847398770076793e-05,1,500000.0,2023-01_2025-06
2,C2 Ridge + régime,2024-04,2024-04-30,P_selected,LBV,0.0021486117831407445,NEUTRAL,0.06044207791828395,0.06044207791828395,0.030221038959141976,3613116.1,1.0,1,exclude,1,35,26,0.428276,0.010268,0.9978,ok,-0.014649460161839323,1.1906519214430251,0.9998289448273764,26,-0.02564102564102566,-5.5092609824121695e-05,1,500000.0,2023-01_2025-06
2,C2 Ridge + régime,2024-04,2024-04-30,P_selected,SOT,0.0013848366935055175,NEUTRAL,0.04357262444548387,0.04357262444548387,0.021786312222741935,1154984.31,0.9999994853349183,1,exclude,1,35,26,0.428276,0.010268,0.9978,ok,-0.014649460161839323,1.1906519214430251,0.9998289448273764,26,0.048879837067209886,6.769059194324338e-05,1,500000.0,2023-01_2025-06
2,C2 Ridge + régime,2024-04,2024-04-30,P_selected,MUT,0.0004398962467656415,BUY,0.17513224540969188,0.17513224540969188,0.17513224540969188,2138142.6,0.9999999999999241,1,exclude,1,35,26,0.428276,0.010268,0.9978,ok,-0.014649460161839323,1.1906519214430251,0.9998289448273764,26,0.030188679245283012,1.3279886694811816e-05,1,500000.0,2023-01_2025-06
2,C2 Ridge + régime,2024-04,2024-04-30,P_selected,CMT,0.0002687911321474232,BUY,0.287808124232488,0.287808124232488,0.287808124232488,3423620.85,1.0,1,exclude,1,35,26,0.428276,0.010268,0.9978,ok,-0.014649460161839323,1.1906519214430251,0.9998289448273764,26,0.14020139426800937,3.768489149394549e-05,1,500000.0,2023-01_2025-06
2,C2 Ridge + régime,2024-04,2024-04-30,P_selected,CSR,0.0002146961219689607,NEUTRAL,-0.0005858007327010986,-0.0005858007327010986,-0.0002929003663505493,3788110.8225000002,1.0,1,exclude,1,35,26,0.428276,0.010268,0.9978,ok,-0.014649460161839323,1.1906519214430251,0.9998289448273764,26,-0.004102564102564155,-8.808046029495936e-07,1,500000.0,2023-01_2025-06
2,C2 Ridge + régime,2024-04,2024-04-30,P_selected,MSA,0.00011054293181982414,NEUTRAL,-0.08399638633629024,-0.08399638633629024,-0.04199819316814512,8485120.320000002,1.0,1,exclude,1,35,26,0.428276,0.010268,0.9978,ok,-0.014649460161839323,1.1906519214430251,0.9998289448273764,26,0.01676963812886134,1.8537649643218426e-06,1,500000.0,2023-01_2025-06
2,C2 Ridge + régime,2024-05,2024-05-31,P_selected,CFG,0.4,BUY,0.2670089170103232,0.2670089170103232,0.2670089170103232,7738126.6274999995,1.0,1,exclude,1,36,32,0.375084,0.009429,0.9998,ok,-0.008548079765904215,1.2563983869028483,0.9999316193400407,32,-0.006211180124223614,-0.002484472049689446,1,500000.0,2023-01_2025-06
2,C2 Ridge + régime,2024-05,2024-05-31,P_selected,AKT,0.1598440500492194,BUY,0.17084313199138906,0.17084313199138906,0.17084313199138906,10812501.37,1.0,1,exclude,1,36,32,0.375084,0.009429,0.9998,ok,-0.008548079765904215,1.2563983869028483,0.9999316193400407,32,0.03134328358208949,0.005010037389602389,1,500000.0,2023-01_2025-06
2,C2 Ridge + régime,2024-05,2024-05-31,P_selected,RDS,0.09263278754053864,BUY,1.453370459744487,1.453370459744487,1.453370459744487,18868393.257,1.0,1,exclude,1,36,32,0.375084,0.009429,0.9998,ok,-0.008548079765904215,1.2563983869028483,0.9999316193400407,32,-0.052158273381295084,-0.004831566256610839,1,500000.0,2023-01_2025-06
2,C2 Ridge + régime,2024-05,2024-05-31,P_selected,JET,0.05766947600099867,BUY,0.5026873286980832,0.5026873286980832,0.5026873286980832,1570905.0050000001,0.9999999993371551,1,exclude,1,36,32,0.375084,0.009429,0.9998,ok,-0.008548079765904215,1.2563983869028483,0.9999316193400407,32,0.012323943661971759,0.0007107153732517401,1,500000.0,2023-01_2025-06
2,C2 Ridge + régime,2024-05,2024-05-31,P_selected,BOA,0.05726142343669248,BUY,0.294845938865355,0.294845938865355,0.294845938865355,2986016.01,1.0,1,exclude,1,36,32,0.375084,0.009429,0.9998,ok,-0.008548079765904215,1.2563983869028483,0.9999316193400407,32,-0.0005154639175257714,-2.9516197647779524e-05,1,500000.0,2023-01_2025-06
2,C2 Ridge + régime,2024-05,2024-05-31,P_selected,SMI,0.046269758137872596,BUY,0.6012607445004768,0.6012607445004768,0.6012607445004768,2533510.5,0.9999999999999998,1,exclude,1,36,32,0.375084,0.009429,0.9998,ok,-0.008548079765904215,1.2563983869028483,0.9999316193400407,32,-0.01673640167364021,-0.0007743892575376187,1,500000.0,2023-01_2025-06
2,C2 Ridge + régime,2024-05,2024-05-31,P_selected,EQD,0.027974733658755954,BUY,0.30039930360631345,0.30039930360631345,0.30039930360631345,1168745.5,0.9999995870454972,1,exclude,1,36,32,0.375084,0.009429,0.9998,ok,-0.008548079765904215,1.2563983869028483,0.9999316193400407,32,-0.10338983050847461,-0.0028923029714984978,1,500000.0,2023-01_2025-06
2,C2 Ridge + régime,2024-05,2024-05-31,P_selected,ATL,0.022127633913068046,NEUTRAL,-0.017020620555399962,-0.017020620555399962,-0.008510310277699981,1528024.295,0.999999998683631,1,exclude,1,36,32,0.375084,0.009429,0.9998,ok,-0.008548079765904215,1.2563983869028483,0.9999316193400407,32,-0.07627711686494054,-0.0016878321179317128,1,500000.0,2023-01_2025-06
2,C2 Ridge + régime,2024-05,2024-05-31,P_selected,SLF,0.019854388637075397,BUY,0.23908470641711244,0.23908470641711244,0.23908470641711244,635725.525,0.9979164749800901,1,exclude,1,36,32,0.375084,0.009429,0.9998,ok,-0.008548079765904215,1.2563983869028483,0.9999316193400407,32,-0.09999999999999998,-0.001985438863707539,1,500000.0,2023-01_2025-06
2,C2 Ridge + régime,2024-05,2024-05-31,P_selected,LES,0.019312407627944894,BUY,0.10278979997176294,0.10278979997176294,0.10278979997176294,7936371.455,1.0,1,exclude,1,36,32,0.375084,0.009429,0.9998,ok,-0.008548079765904215,1.2563983869028483,0.9999316193400407,32,0.08303249097472931,0.0016035573120676278,1,500000.0,2023-01_2025-06
2,C2 Ridge + régime,2024-05,2024-05-31,P_selected,LBV,0.017643016036219598,BUY,0.15631309594383996,0.15631309594383996,0.15631309594383996,10725821.85,1.0,1,exclude,1,36,32,0.375084,0.009429,0.9998,ok,-0.008548079765904215,1.2563983869028483,0.9999316193400407,32,0.0452380952380953,0.0007981364397337448,1,500000.0,2023-01_2025-06
2,C2 Ridge + régime,2024-05,2024-05-31,P_selected,MNG,0.011314978317440138,BUY,0.23797836620957763,0.23797836620957763,0.23797836620957763,5557865.45,1.0,1,exclude,1,36,32,0.375084,0.009429,0.9998,ok,-0.008548079765904215,1.2563983869028483,0.9999316193400407,32,0.08225108225108224,0.0009306692122569809,1,500000.0,2023-01_2025-06
2,C2 Ridge + régime,2024-05,2024-05-31,P_selected,ARD,0.011177747588554648,BUY,0.11929249184076146,0.11929249184076146,0.11929249184076146,1972050.2199999995,0.9999999999989186,1,exclude,1,36,32,0.375084,0.009429,0.9998,ok,-0.008548079765904215,1.2563983869028483,0.9999316193400407,32,0.04166666666666674,0.0004657394828564445,1,500000.0,2023-01_2025-06
2,C2 Ridge + régime,2024-05,2024-05-31,P_selected,IAM,0.00855258740654431,BUY,0.10054448023978957,0.10054448023978957,0.10054448023978957,12353891.8095,1.0,1,exclude,1,36,32,0.375084,0.009429,0.9998,ok,-0.008548079765904215,1.2563983869028483,0.9999316193400407,32,-0.014161220043573008,-0.00012111507220596539,1,500000.0,2023-01_2025-06
2,C2 Ridge + régime,2024-05,2024-05-31,P_selected,COL,0.008090061443363149,BUY,0.2091150322282908,0.2091150322282908,0.2091150322282908,518978.0255000001,0.9866611838295463,1,exclude,1,36,32,0.375084,0.009429,0.9998,ok,-0.008548079765904215,1.2563983869028483,0.9999316193400407,32,-0.05393820325058052,-0.0004363633784418063,1,500000.0,2023-01_2025-06
2,C2 Ridge + régime,2024-05,2024-05-31,P_selected,MUT,0.0075586935504169785,BUY,0.36800675356305773,0.36800675356305773,0.36800675356305773,5108377.5600000005,1.0,1,exclude,1,36,32,0.375084,0.009429,0.9998,ok,-0.008548079765904215,1.2563983869028483,0.9999316193400407,32,-0.030219780219780223,-0.00022842205784227135,1,500000.0,2023-01_2025-06
2,C2 Ridge + régime,2024-05,2024-05-31,P_selected,GAZ,0.006705569016646179,NEUTRAL,0.059020927201696,0.059020927201696,0.029510463600848,14083571.45,1.0,1,exclude,1,36,32,0.375084,0.009429,0.9998,ok,-0.008548079765904215,1.2563983869028483,0.9999316193400407,32,-0.04878048780487809,-0.0003271009276412773,1,500000.0,2023-01_2025-06
2,C2 Ridge + régime,2024-05,2024-05-31,P_selected,TQM,0.003848037412986312,BUY,0.16170242829148207,0.16170242829148207,0.16170242829148207,19464618.25,1.0,1,exclude,1,36,32,0.375084,0.009429,0.9998,ok,-0.008548079765904215,1.2563983869028483,0.9999316193400407,32,-0.02182091798344621,-8.396770878600685e-05,1,500000.0,2023-01_2025-06
2,C2 Ridge + régime,2024-05,2024-05-31,P_selected,ADI,0.0036242292648132213,BUY,0.5522332824884008,0.5522332824884008,0.5522332824884008,10512214.0175,1.0,1,exclude,1,36,32,0.375084,0.009429,0.9998,ok,-0.008548079765904215,1.2563983869028483,0.9999316193400407,32,-0.000406338886631441,-1.4726652843612904e-06,1,500000.0,2023-01_2025-06
2,C2 Ridge + régime,2024-05,2024-05-31,P_selected,MSA,0.0033092279457047134,NEUTRAL,-0.09608627069495367,-0.09608627069495367,-0.04804313534747683,5127732.44,1.0,1,exclude,1,36,32,0.375084,0.009429,0.9998,ok,-0.008548079765904215,1.2563983869028483,0.9999316193400407,32,0.08333333333333326,0.0002757689954753925,1,500000.0,2023-01_2025-06
2,C2 Ridge + régime,2024-05,2024-05-31,P_selected,BCI,0.0027898683676880758,BUY,0.3880065905202181,0.3880065905202181,0.3880065905202181,658592.8,0.9985539677877936,1,exclude,1,36,32,0.375084,0.009429,0.9998,ok,-0.008548079765904215,1.2563983869028483,0.9999316193400407,32,-0.047244094488189003,-0.00013180480477266508,1,500000.0,2023-01_2025-06
2,C2 Ridge + régime,2024-05,2024-05-31,P_selected,CIH,0.002310335388056269,BUY,0.2649197315002536,0.2649197315002536,0.2649197315002536,1201983.5025000004,0.9999997573719641,1,exclude,1,36,32,0.375084,0.009429,0.9998,ok,-0.008548079765904215,1.2563983869028483,0.9999316193400407,32,0.01437908496732021,3.32205088478678e-05,1,500000.0,2023-01_2025-06
2,C2 Ridge + régime,2024-05,2024-05-31,P_selected,CMT,0.0022277335514712237,BUY,0.3138915305838865,0.3138915305838865,0.3138915305838865,3652362.7,1.0,1,exclude,1,36,32,0.375084,0.009429,0.9998,ok,-0.008548079765904215,1.2563983869028483,0.9999316193400407,32,-0.1103448275862069,-0.00024581887464510056,1,500000.0,2023-01_2025-06
2,C2 Ridge + régime,2024-05,2024-05-31,P_selected,TMA,0.002144090148744645,NEUTRAL,0.05121807357993932,0.05121807357993932,0.02560903678996966,1126346.1,0.9999991861895933,1,exclude,1,36,32,0.375084,0.009429,0.9998,ok,-0.008548079765904215,1.2563983869028483,0.9999316193400407,32,-0.0007246376811593791,-1.5536885135829878e-06,1,500000.0,2023-01_2025-06
2,C2 Ridge + régime,2024-05,2024-05-31,P_selected,HPS,0.0018025985259989936,NEUTRAL,-0.008534554457120216,-0.008534554457120216,-0.004267277228560108,849645.0900000001,0.9999318902070133,1,exclude,1,36,32,0.375084,0.009429,0.9998,ok,-0.008548079765904215,1.2563983869028483,0.9999316193400407,32,-0.054545454545454564,-9.83235559635815e-05,1,500000.0,2023-01_2025-06
2,C2 Ridge + régime,2024-05,2024-05-31,P_selected,SID,0.0014162083398203715,BUY,0.2922996122660584,0.2922996122660584,0.2922996122660584,2427413.0650000004,0.9999999999999993,1,exclude,1,36,32,0.375084,0.009429,0.9998,ok,-0.008548079765904215,1.2563983869028483,0.9999316193400407,32,0.01833740831295838,2.5969590583503066e-05,1,500000.0,2023-01_2025-06
2,C2 Ridge + régime,2024-05,2024-05-31,P_selected,CSR,0.0009175842770417452,NEUTRAL,0.02137223656994594,0.02137223656994594,0.01068611828497297,2165682.745,0.9999999999999512,1,exclude,1,36,32,0.375084,0.009429,0.9998,ok,-0.008548079765904215,1.2563983869028483,0.9999316193400407,32,0.004871794871794899,4.4702823753316036e-06,1,500000.0,2023-01_2025-06
2,C2 Ridge + régime,2024-05,2024-05-31,P_selected,SBM,0.0004368699674901926,NEUTRAL,0.05979514281955117,0.05979514281955117,0.029897571409775586,1527488.65,0.9999999986723009,1,exclude,1,36,32,0.375084,0.009429,0.9998,ok,-0.008548079765904215,1.2563983869028483,0.9999316193400407,32,-0.020399999999999974,-8.912147336799918e-06,1,500000.0,2023-01_2025-06
2,C2 Ridge + régime,2024-05,2024-05-31,P_selected,CMA,0.00039749054878820234,NEUTRAL,-0.07393425569830712,-0.07393425569830712,-0.03696712784915356,12763053.1,1.0,1,exclude,1,36,32,0.375084,0.009429,0.9998,ok,-0.008548079765904215,1.2563983869028483,0.9999316193400407,32,0.025352112676056304,1.0077225180545961e-05,1,500000.0,2023-01_2025-06
2,C2 Ridge + régime,2024-05,2024-05-31,P_selected,DHO,0.0003698804174916063,BUY,0.2092935136424824,0.2092935136424824,0.2092935136424824,2500229.9525,0.9999999999999998,1,exclude,1,36,32,0.375084,0.009429,0.9998,ok,-0.008548079765904215,1.2563983869028483,0.9999316193400407,32,0.0006126199714111547,2.2659613078925378e-07,1,500000.0,2023-01_2025-06
2,C2 Ridge + régime,2024-05,2024-05-31,P_selected,BCP,0.00020529081093749712,BUY,0.14725146650329218,0.14725146650329218,0.14725146650329218,14493002.694999998,1.0,1,exclude,1,36,32,0.375084,0.009429,0.9998,ok,-0.008548079765904215,1.2563983869028483,0.9999316193400407,32,0.006802721088435382,1.3965361288265126e-06,1,500000.0,2023-01_2025-06
2,C2 Ridge + régime,2024-05,2024-05-31,P_selected,ATH,0.0001428620116565769,BUY,0.24744154764056508,0.24744154764056508,0.24744154764056508,540471.4049999998,0.9905058737660453,1,exclude,1,36,32,0.375084,0.009429,0.9998,ok,-0.008548079765904215,1.2563983869028483,0.9999316193400407,32,-0.0393472825371759,-5.621231936480648e-06,1,500000.0,2023-01_2025-06
2,C2 Ridge + régime,2024-06,2024-06-28,P_selected,CFG,0.4,BUY,0.3424232210128677,0.3424232210128677,0.3424232210128677,10786535.65,1.0,1,exclude,1,32,27,0.434209,0.009779,0.9999,ok,0.12778756689183313,0.386060996598602,0.999911774371185,27,0.09375,0.037500000000000006,1,500000.0,2023-01_2025-06
2,C2 Ridge + régime,2024-06,2024-06-28,P_selected,AKT,0.17019627158856193,BUY,0.3874290135872845,0.3874290135872845,0.3874290135872845,5041155.0649999995,1.0,1,exclude,1,32,27,0.434209,0.009779,0.9999,ok,0.12778756689183313,0.386060996598602,0.999911774371185,27,0.3632416787264834,0.061822379404817725,1,500000.0,2023-01_2025-06
2,C2 Ridge + régime,2024-06,2024-06-28,P_selected,RDS,0.07636097993677742,BUY,1.4414298641882384,1.4414298641882384,1.4414298641882384,5495935.9745,1.0,1,exclude,1,32,27,0.434209,0.009779,0.9999,ok,0.12778756689183313,0.386060996598602,0.999911774371185,27,0.10626185958254286,0.008114259727627214,1,500000.0,2023-01_2025-06
2,C2 Ridge + régime,2024-06,2024-06-28,P_selected,JET,0.07331880399744665,BUY,0.7241287696235367,0.7241287696235367,0.7241287696235367,1279827.9049999998,0.9999999301731024,1,exclude,1,32,27,0.434209,0.009779,0.9999,ok,0.12778756689183313,0.386060996598602,0.999911774371185,27,0.10086956521739121,0.0073956358814815685,1,500000.0,2023-01_2025-06
2,C2 Ridge + régime,2024-06,2024-06-28,P_selected,EQD,0.045318915316480586,BUY,0.26858425703589794,0.26858425703589794,0.26858425703589794,770187.45,0.9997571926037381,1,exclude,1,32,27,0.434209,0.009779,0.9999,ok,0.12778756689183313,0.386060996598602,0.999911774371185,27,0.05954631379962194,0.0026985743524936463,1,500000.0,2023-01_2025-06
2,C2 Ridge + régime,2024-06,2024-06-28,P_selected,SLF,0.03700323930448988,BUY,0.24250368463675842,0.24250368463675842,0.24250368463675842,1211269.0,0.9999997908688374,1,exclude,1,32,27,0.434209,0.009779,0.9999,ok,0.12778756689183313,0.386060996598602,0.999911774371185,27,0.05461393596986808,0.0020208925420531158,1,500000.0,2023-01_2025-06
2,C2 Ridge + régime,2024-06,2024-06-28,P_selected,CIH,0.03511866107682726,BUY,0.3206674411130904,0.3206674411130904,0.3206674411130904,5399980.12,1.0,1,exclude,1,32,27,0.434209,0.009779,0.9999,ok,0.12778756689183313,0.386060996598602,0.999911774371185,27,0.030927835051546282,0.0010861441570152724,1,500000.0,2023-01_2025-06
2,C2 Ridge + régime,2024-06,2024-06-28,P_selected,SID,0.019450808764417918,BUY,0.3038327211824245,0.3038327211824245,0.3038327211824245,1999560.55,0.9999999999993037,1,exclude,1,32,27,0.434209,0.009779,0.9999,ok,0.12778756689183313,0.386060996598602,0.999911774371185,27,0.09831932773109231,0.001912390441543608,1,500000.0,2023-01_2025-06
2,C2 Ridge + régime,2024-06,2024-06-28,P_selected,ARD,0.018869873800016722,BUY,0.27925442628529046,0.27925442628529046,0.27925442628529046,1975660.815,0.9999999999989793,1,exclude,1,32,27,0.434209,0.009779,0.9999,ok,0.12778756689183313,0.386060996598602,0.999911774371185,27,0.03180000000000005,0.0006000619868405327,1,500000.0,2023-01_2025-06
2,C2 Ridge + régime,2024-06,2024-06-28,P_selected,TGC,0.017853214948427176,BUY,0.10549508566925406,0.10549508566925406,0.10549508566925406,3624537.825,1.0,1,exclude,1,32,27,0.434209,0.009779,0.9999,ok,0.12778756689183313,0.386060996598602,0.999911774371185,27,0.10000000000000009,0.0017853214948427192,1,500000.0,2023-01_2025-06
2,C2 Ridge + régime,2024-06,2024-06-28,P_selected,BCP,0.01756904009465667,BUY,0.16310889246987442,0.16310889246987442,0.16310889246987442,57204545.892500006,1.0,1,exclude,1,32,27,0.434209,0.009779,0.9999,ok,0.12778756689183313,0.386060996598602,0.999911774371185,27,0.04391891891891886,0.0007716132474004608,1,500000.0,2023-01_2025-06
2,C2 Ridge + régime,2024-06,2024-06-28,P_selected,BOA,0.017200616692859987,BUY,0.2208333104224447,0.2208333104224447,0.2208333104224447,1167701.4,0.9999995800889021,1,exclude,1,32,27,0.434209,0.009779,0.9999,ok,0.12778756689183313,0.386060996598602,0.999911774371185,27,0.015471892728210479,0.0002661260963309962,1,500000.0,2023-01_2025-06
2,C2 Ridge + régime,2024-06,2024-06-28,P_selected,DHO,0.015887517147364097,BUY,0.3346656630562549,0.3346656630562549,0.3346656630562549,580121.4380000001,0.9949431558763042,1,exclude,1,32,27,0.434209,0.009779,0.9999,ok,0.12778756689183313,0.386060996598602,0.999911774371185,27,0.08163265306122458,0.0012969401752950297,1,500000.0,2023-01_2025-06
2,C2 Ridge + régime,2024-06,2024-06-28,P_selected,MUT,0.013990208303183179,BUY,0.2979140958530558,0.2979140958530558,0.2979140958530558,3076140.6574999997,1.0,1,exclude,1,32,27,0.434209,0.009779,0.9999,ok,0.12778756689183313,0.386060996598602,0.999911774371185,27,0.018885741265344702,0.00026421545426219464,1,500000.0,2023-01_2025-06
2,C2 Ridge + régime,2024-06,2024-06-28,P_selected,ATW,0.01204883080056665,NEUTRAL,0.08767097532167475,0.08767097532167475,0.04383548766083738,20494429.509999998,1.0,1,exclude,1,32,27,0.434209,0.009779,0.9999,ok,0.12778756689183313,0.386060996598602,0.999911774371185,27,0.07662463627546079,0.0009232372776379886,1,500000.0,2023-01_2025-06
2,C2 Ridge + régime,2024-06,2024-06-28,P_selected,BCI,0.005343728830304301,BUY,0.23791453417144087,0.23791453417144087,0.23791453417144087,1452346.49,0.9999999955818459,1,exclude,1,32,27,0.434209,0.009779,0.9999,ok,0.12778756689183313,0.386060996598602,0.999911774371185,27,0.04132231404958686,0.00022081524092166577,1,500000.0,2023-01_2025-06
2,C2 Ridge + régime,2024-06,2024-06-28,P_selected,MNG,0.004834856442118456,BUY,0.28049863143946274,0.28049863143946274,0.28049863143946274,3726382.65,1.0,1,exclude,1,32,27,0.434209,0.009779,0.9999,ok,0.12778756689183313,0.386060996598602,0.999911774371185,27,0.10000000000000009,0.000483485644211846,1,500000.0,2023-01_2025-06
2,C2 Ridge + régime,2024-06,2024-06-28,P_selected,LES,0.00454503596227354,BUY,0.18066384017629045,0.18066384017629045,0.18066384017629045,4144134.3775,1.0,1,exclude,1,32,27,0.434209,0.009779,0.9999,ok,0.12778756689183313,0.386060996598602,0.999911774371185,27,-0.06666666666666665,-0.0003030023974849026,1,500000.0,2023-01_2025-06
2,C2 Ridge + régime,2024-06,2024-06-28,P_selected,ATL,0.00413194799127521,NEUTRAL,0.0663842073633114,0.0663842073633114,0.0331921036816557,847930.515,0.9999299960050232,1,exclude,1,32,27,0.434209,0.009779,0.9999,ok,0.12778756689183313,0.386060996598602,0.999911774371185,27,0.007575757575757569,3.130263629753944e-05,1,500000.0,2023-01_2025-06
2,C2 Ridge + régime,2024-06,2024-06-28,P_selected,CMT,0.004026251235605635,BUY,0.2952044474766564,0.2952044474766564,0.2952044474766564,1303764.45,0.999999952390392,1,exclude,1,32,27,0.434209,0.009779,0.9999,ok,0.12778756689183313,0.386060996598602,0.999911774371185,27,0.24031007751937983,0.0009675487465408888,1,500000.0,2023-01_2025-06
2,C2 Ridge + régime,2024-06,2024-06-28,P_selected,LBV,0.0032686779002844696,BUY,0.16532192664653073,0.16532192664653073,0.16532192664653073,7641962.75,1.0,1,exclude,1,32,27,0.434209,0.009779,0.9999,ok,0.12778756689183313,0.386060996598602,0.999911774371185,27,0.036446469248291535,0.00011913176857528807,1,500000.0,2023-01_2025-06
2,C2 Ridge + régime,2024-06,2024-06-28,P_selected,GAZ,0.0017728543699950922,NEUTRAL,-0.048974798814435894,-0.048974798814435894,-0.024487399407217947,3847603.45,1.0,1,exclude,1,32,27,0.434209,0.009779,0.9999,ok,0.12778756689183313,0.386060996598602,0.999911774371185,27,0.0,0.0,1,500000.0,2023-01_2025-06
2,C2 Ridge + régime,2024-06,2024-06-28,P_selected,CSR,0.000657482370019279,NEUTRAL,0.004619467552041602,0.004619467552041602,0.002309733776020801,2088093.2025,0.999999999999831,1,exclude,1,32,27,0.434209,0.009779,0.9999,ok,0.12778756689183313,0.386060996598602,0.999911774371185,27,-0.025261546312834837,-1.660902134011443e-05,1,500000.0,2023-01_2025-06
2,C2 Ridge + régime,2024-06,2024-06-28,P_selected,SBM,0.000595106940813199,NEUTRAL,0.09631553962345643,0.09631553962345643,0.048157769811728215,2489899.15,0.9999999999999998,1,exclude,1,32,27,0.434209,0.009779,0.9999,ok,0.12778756689183313,0.386060996598602,0.999911774371185,27,0.07390771743568814,4.3982995625638696e-05,1,500000.0,2023-01_2025-06
2,C2 Ridge + régime,2024-06,2024-06-28,P_selected,LHM,0.0002653799936874552,NEUTRAL,-0.06700025768459887,-0.06700025768459887,-0.033500128842299436,7099186.6,1.0,1,exclude,1,32,27,0.434209,0.009779,0.9999,ok,0.12778756689183313,0.386060996598602,0.999911774371185,27,0.03157894736842115,8.380420853288084e-06,1,500000.0,2023-01_2025-06
2,C2 Ridge + régime,2024-06,2024-06-28,P_selected,IAM,0.00014431066225984715,BUY,0.1484848985888258,0.1484848985888258,0.1484848985888258,12980278.3465,1.0,1,exclude,1,32,27,0.434209,0.009779,0.9999,ok,0.12778756689183313,0.386060996598602,0.999911774371185,27,0.0011049723756906271,1.5945929531475102e-07,1,500000.0,2023-01_2025-06
2,C2 Ridge + régime,2024-06,2024-06-28,P_selected,TMA,0.00013915990047223665,NEUTRAL,0.09465751647562579,0.09465751647562579,0.04732875823781289,1394228.95,0.9999999888034844,1,exclude,1,32,27,0.434209,0.009779,0.9999,ok,0.12778756689183313,0.386060996598602,0.999911774371185,27,0.047860768672951304,6.660299805052645e-06,1,500000.0,2023-01_2025-06
2,C2 Ridge + régime,2024-07,2024-07-31,P_selected,CFG,0.4,BUY,0.5518367594231115,0.5518367594231115,0.5518367594231115,5355231.279999999,1.0,1,exclude,1,30,24,0.61797,0.00963,0.9997,ok,0.010280780588028726,0.4510471787132317,0.9999264160043212,24,0.0,0.0,1,500000.0,2023-01_2025-06
2,C2 Ridge + régime,2024-07,2024-07-31,P_selected,AKT,0.15450420595405523,BUY,0.5889673659009658,0.5889673659009658,0.5889673659009658,42614810.38,1.0,1,exclude,1,30,24,0.61797,0.00963,0.9997,ok,0.010280780588028726,0.4510471787132317,0.9999264160043212,24,0.03835470085470094,0.005925962600160892,1,500000.0,2023-01_2025-06
2,C2 Ridge + régime,2024-07,2024-07-31,P_selected,IMO,0.1431064966626729,BUY,0.5735621698152333,0.5735621698152333,0.5735621698152333,835648.4675,0.9999147958731212,1,exclude,1,30,24,0.61797,0.00963,0.9997,ok,0.010280780588028726,0.4510471787132317,0.9999264160043212,24,-0.006244616709732975,-0.0008936452203310734,1,500000.0,2023-01_2025-06
2,C2 Ridge + régime,2024-07,2024-07-31,P_selected,RDS,0.07944407314765121,BUY,1.5765963195050743,1.5765963195050743,1.5765963195050743,4223484.5695,1.0,1,exclude,1,30,24,0.61797,0.00963,0.9997,ok,0.010280780588028726,0.4510471787132317,0.9999264160043212,24,-0.10877192982456141,-0.008641285149393642,1,500000.0,2023-01_2025-06
2,C2 Ridge + régime,2024-07,2024-07-31,P_selected,JET,0.057960949147949706,BUY,0.7368763272087382,0.7368763272087382,0.7368763272087382,2106353.9349999996,0.9999999999998739,1,exclude,1,30,24,0.61797,0.00963,0.9997,ok,0.010280780588028726,0.4510471787132317,0.9999264160043212,24,0.20634920634920628,0.011960195855926127,1,500000.0,2023-01_2025-06
2,C2 Ridge + régime,2024-07,2024-07-31,P_selected,BOA,0.03795262499014831,BUY,0.27689822989473567,0.27689822989473567,0.27689822989473567,1744501.3225000002,0.9999999999587768,1,exclude,1,30,24,0.61797,0.00963,0.9997,ok,0.010280780588028726,0.4510471787132317,0.9999264160043212,24,-0.020158203623373283,-0.000765056742592935,1,500000.0,2023-01_2025-06
2,C2 Ridge + régime,2024-07,2024-07-31,P_selected,TGC,0.02467765335522923,BUY,0.3038822061239026,0.3038822061239026,0.3038822061239026,5667767.225,1.0,1,exclude,1,30,24,0.61797,0.00963,0.9997,ok,0.010280780588028726,0.4510471787132317,0.9999264160043212,24,0.09300291545189499,0.0022950937085475564,1,500000.0,2023-01_2025-06
2,C2 Ridge + régime,2024-07,2024-07-31,P_selected,CDM,0.017581479124023625,BUY,0.12268247596542965,0.12268247596542965,0.12268247596542965,517466.06000000006,0.9863390257226371,1,exclude,1,30,24,0.61797,0.00963,0.9997,ok,0.010280780588028726,0.4510471787132317,0.9999264160043212,24,0.013627660772609573,0.0002395944333829109,1,500000.0,2023-01_2025-06
2,C2 Ridge + régime,2024-07,2024-07-31,P_selected,MUT,0.017561557051072665,BUY,0.47176817846835556,0.47176817846835556,0.47176817846835556,2142718.98,0.9999999999999296,1,exclude,1,30,24,0.61797,0.00963,0.9997,ok,0.010280780588028726,0.4510471787132317,0.9999264160043212,24,0.0074349442379182396,0.00013056919740574516,1,500000.0,2023-01_2025-06
2,C2 Ridge + régime,2024-07,2024-07-31,P_selected,CIH,0.01683463707704088,BUY,0.4077036748655069,0.4077036748655069,0.4077036748655069,3803244.8850000002,1.0,1,exclude,1,30,24,0.61797,0.00963,0.9997,ok,0.010280780588028726,0.4510471787132317,0.9999264160043212,24,0.004901960784313708,8.252273076980794e-05,1,500000.0,2023-01_2025-06
2,C2 Ridge + régime,2024-07,2024-07-31,P_selected,CMT,0.012409089290868942,BUY,0.5985725597443139,0.5985725597443139,0.5985725597443139,3454765.85,1.0,1,exclude,1,30,24,0.61797,0.00963,0.9997,ok,0.010280780588028726,0.4510471787132317,0.9999264160043212,24,0.07571964956195254,0.0009396118924875744,1,500000.0,2023-01_2025-06
2,C2 Ridge + régime,2024-07,2024-07-31,P_selected,BCI,0.01176225095925786,BUY,0.38018150066303247,0.38018150066303247,0.38018150066303247,689026.835,0.9991109160006613,1,exclude,1,30,24,0.61797,0.00963,0.9997,ok,0.010280780588028726,0.4510471787132317,0.9999264160043212,24,0.03015873015873005,0.0003547345527395215,1,500000.0,2023-01_2025-06
2,C2 Ridge + régime,2024-07,2024-07-31,P_selected,ADI,0.006021754003756429,BUY,0.608577095562188,0.608577095562188,0.608577095562188,7709388.527499999,1.0,1,exclude,1,30,24,0.61797,0.00963,0.9997,ok,0.010280780588028726,0.4510471787132317,0.9999264160043212,24,0.026974951830443183,0.00016243652418610805,1,500000.0,2023-01_2025-06
2,C2 Ridge + régime,2024-07,2024-07-31,P_selected,ATL,0.005671825486493089,BUY,0.17345941162078624,0.17345941162078624,0.17345941162078624,1079763.275,0.9999982852000215,1,exclude,1,30,24,0.61797,0.00963,0.9997,ok,0.010280780588028726,0.4510471787132317,0.9999264160043212,24,-0.0071455434373823845,-4.052827538298884e-05,1,500000.0,2023-01_2025-06
2,C2 Ridge + régime,2024-07,2024-07-31,P_selected,ARD,0.004972223835421767,BUY,0.44194857232695434,0.44194857232695434,0.44194857232695434,4326607.075,1.0,1,exclude,1,30,24,0.61797,0.00963,0.9997,ok,0.010280780588028726,0.4510471787132317,0.9999264160043212,24,-0.025242718446601975,-0.00012551244633103505,1,500000.0,2023-01_2025-06
2,C2 Ridge + régime,2024-07,2024-07-31,P_selected,TQM,0.0029200227423202226,BUY,0.15039677921919647,0.15039677921919647,0.15039677921919647,1628791.3,0.9999999997374713,1,exclude,1,30,24,0.61797,0.00963,0.9997,ok,0.010280780588028726,0.4510471787132317,0.9999264160043212,24,-0.034431137724550864,-0.00010053970519964829,1,500000.0,2023-01_2025-06
2,C2 Ridge + régime,2024-07,2024-07-31,P_selected,CSR,0.002806442533221843,NEUTRAL,0.026053100788976602,0.026053100788976602,0.013026550394488301,1954965.6949999998,0.9999999999985787,1,exclude,1,30,24,0.61797,0.00963,0.9997,ok,0.010280780588028726,0.4510471787132317,0.9999264160043212,24,-0.031833727966324665,-8.933952815570723e-05,1,500000.0,2023-01_2025-06
2,C2 Ridge + régime,2024-07,2024-07-31,P_selected,ADH,0.0013343519537253002,BUY,0.7036271608892753,0.7036271608892753,0.7036271608892753,8394013.4945,1.0,1,exclude,1,30,24,0.61797,0.00963,0.9997,ok,0.010280780588028726,0.4510471787132317,0.9999264160043212,24,-0.00990099009900991,-1.3211405482428727e-05,1,500000.0,2023-01_2025-06
2,C2 Ridge + régime,2024-07,2024-07-31,P_selected,IAM,0.0008769103948018743,BUY,0.21993077554967755,0.21993077554967755,0.21993077554967755,8428432.7605,1.0,1,exclude,1,30,24,0.61797,0.00963,0.9997,ok,0.010280780588028726,0.4510471787132317,0.9999264160043212,24,0.025652317516239087,2.2494783880748254e-05,1,500000.0,2023-01_2025-06
2,C2 Ridge + régime,2024-07,2024-07-31,P_selected,ATH,0.0005648863401583416,BUY,0.37171750984602775,0.37171750984602775,0.37171750984602775,668352.7654999999,0.9987627724403259,1,exclude,1,30,24,0.61797,0.00963,0.9997,ok,0.010280780588028726,0.4510471787132317,0.9999264160043212,24,0.014411764705882346,8.141009019929037e-06,1,500000.0,2023-01_2025-06
2,C2 Ridge + régime,2024-07,2024-07-31,P_selected,HPS,0.00041569519998261087,BUY,0.373898684264409,0.373898684264409,0.373898684264409,10157353.6375,1.0,1,exclude,1,30,24,0.61797,0.00963,0.9997,ok,0.010280780588028726,0.4510471787132317,0.9999264160043212,24,0.09826923076923078,4.085004753675272e-05,1,500000.0,2023-01_2025-06
2,C2 Ridge + régime,2024-07,2024-07-31,P_selected,TMA,0.0002716978089838411,NEUTRAL,-0.0046638882869907,-0.0046638882869907,-0.00233194414349535,512715.1,0.9852759798429308,1,exclude,1,30,24,0.61797,0.00963,0.9997,ok,0.010280780588028726,0.4510471787132317,0.9999264160043212,24,0.01038062283737018,2.8203924808011017e-06,1,500000.0,2023-01_2025-06
2,C2 Ridge + régime,2024-07,2024-07-31,P_selected,DHO,0.00015923170301532417,BUY,0.4148810192938755,0.4148810192938755,0.4148810192938755,2963079.602,1.0,1,exclude,1,30,24,0.61797,0.00963,0.9997,ok,0.010280780588028726,0.4510471787132317,0.9999264160043212,24,-0.06454630495790459,-1.027781806179361e-05,1,500000.0,2023-01_2025-06
2,C2 Ridge + régime,2024-07,2024-07-31,P_selected,SID,0.00011635724246990303,BUY,0.4214765191228368,0.4214765191228368,0.4214765191228368,4184343.1449999996,1.0,1,exclude,1,30,24,0.61797,0.00963,0.9997,ok,0.010280780588028726,0.4510471787132317,0.9999264160043212,24,-0.06645921315847958,-7.733010779840178e-06,1,500000.0,2023-01_2025-06
2,C2 Ridge + régime,2024-08,2024-08-30,P_selected,IMO,0.19808053679655918,BUY,0.4550137168239419,0.4550137168239419,0.4550137168239419,625743.8495,0.9975565590873477,1,exclude,1,33,25,0.436644,0.010574,0.9984,ok,0.04820841223382266,0.8627008870090088,0.9997757622103908,25,-0.0010869565217390686,-0.00021530493130059557,1,500000.0,2023-01_2025-06
2,C2 Ridge + régime,2024-08,2024-08-30,P_selected,AKT,0.15578504544067895,BUY,0.36715269865766054,0.36715269865766054,0.36715269865766054,11937530.819999998,1.0,1,exclude,1,33,25,0.436644,0.010574,0.9984,ok,0.04820841223382266,0.8627008870090088,0.9997757622103908,25,0.10412371134020626,0.01622091710258617,1,500000.0,2023-01_2025-06
2,C2 Ridge + régime,2024-08,2024-08-30,P_selected,ARD,0.08428630245308899,BUY,0.39199318557518176,0.39199318557518176,0.39199318557518176,538114.4,0.9901445896098349,1,exclude,1,33,25,0.436644,0.010574,0.9984,ok,0.04820841223382266,0.8627008870090088,0.9997757622103908,25,0.0016122531237403592,0.00013589085441851744,1,500000.0,2023-01_2025-06
2,C2 Ridge + régime,2024-08,2024-08-30,P_selected,MUT,0.08302026700189723,BUY,0.43173606640162815,0.43173606640162815,0.43173606640162815,1384733.2650000001,0.9999999869663616,1,exclude,1,33,25,0.436644,0.010574,0.9984,ok,0.04820841223382266,0.8627008870090088,0.9997757622103908,25,0.10781771026306042,0.00895105509357247,1,500000.0,2023-01_2025-06
2,C2 Ridge + régime,2024-08,2024-08-30,P_selected,MDP,0.07524559479534623,BUY,0.7117423065730356,0.7117423065730356,0.7117423065730356,599557.7605,0.9962896956570806,1,exclude,1,33,25,0.436644,0.010574,0.9984,ok,0.04820841223382266,0.8627008870090088,0.9997757622103908,25,-0.07273519163763076,-0.00547300275732702,1,500000.0,2023-01_2025-06
2,C2 Ridge + régime,2024-08,2024-08-30,P_selected,CFG,0.06916051442487116,BUY,0.1639523253189637,0.1639523253189637,0.1639523253189637,2385816.995,0.9999999999999987,1,exclude,1,33,25,0.436644,0.010574,0.9984,ok,0.04820841223382266,0.8627008870090088,0.9997757622103908,25,0.05617977528089879,0.003885422158700621,1,500000.0,2023-01_2025-06
2,C2 Ridge + régime,2024-08,2024-08-30,P_selected,SRM,0.06824725721388018,BUY,0.40367304086806927,0.40367304086806927,0.40367304086806927,699615.595,0.9992493720460492,1,exclude,1,33,25,0.436644,0.010574,0.9984,ok,0.04820841223382266,0.8627008870090088,0.9997757622103908,25,0.039775280898876275,0.0027145538262599443,1,500000.0,2023-01_2025-06
2,C2 Ridge + régime,2024-08,2024-08-30,P_selected,JET,0.06821050802456471,BUY,0.6663801684384033,0.6663801684384033,0.6663801684384033,2660410.56,1.0,1,exclude,1,33,25,0.436644,0.010574,0.9984,ok,0.04820841223382266,0.8627008870090088,0.9997757622103908,25,0.2894736842105263,0.019745147059742417,1,500000.0,2023-01_2025-06
2,C2 Ridge + régime,2024-08,2024-08-30,P_selected,BOA,0.05140583318437567,BUY,0.334870111969341,0.334870111969341,0.334870111969341,1152916.4300000002,0.9999994680218457,1,exclude,1,33,25,0.436644,0.010574,0.9984,ok,0.04820841223382266,0.8627008870090088,0.9997757622103908,25,0.005208333333333259,0.00026773871450195283,1,500000.0,2023-01_2025-06
2,C2 Ridge + régime,2024-08,2024-08-30,P_selected,TGC,0.029555547888276877,BUY,0.25527199258378086,0.25527199258378086,0.25527199258378086,7421795.1975,1.0,1,exclude,1,33,25,0.436644,0.010574,0.9984,ok,0.04820841223382266,0.8627008870090088,0.9997757622103908,25,0.1306666666666667,0.0038619249240681797,1,500000.0,2023-01_2025-06
2,C2 Ridge + régime,2024-08,2024-08-30,P_selected,CIH,0.029395574945159087,BUY,0.3668057649163318,0.3668057649163318,0.3668057649163318,1894588.4825,0.9999999999962654,1,exclude,1,33,25,0.436644,0.010574,0.9984,ok,0.04820841223382266,0.8627008870090088,0.9997757622103908,25,-0.009708737864077666,-0.00028539393150639876,1,500000.0,2023-01_2025-06
2,C2 Ridge + régime,2024-08,2024-08-30,P_selected,RDS,0.021951674873506126,BUY,1.1403337505517248,1.1403337505517248,1.1403337505517248,8610768.602000002,1.0,1,exclude,1,33,25,0.436644,0.010574,0.9984,ok,0.04820841223382266,0.8627008870090088,0.9997757622103908,25,-0.0479899497487436,-0.0010534597740803164,1,500000.0,2023-01_2025-06
2,C2 Ridge + régime,2024-08,2024-08-30,P_selected,BCI,0.01974204729942337,BUY,0.46824850501379217,0.46824850501379217,0.46824850501379217,1334437.48,0.9999999708555025,1,exclude,1,33,25,0.436644,0.010574,0.9984,ok,0.04820841223382266,0.8627008870090088,0.9997757622103908,25,-0.046875,-0.0009254084671604704,1,500000.0,2023-01_2025-06
2,C2 Ridge + régime,2024-08,2024-08-30,P_selected,ATH,0.018932883138349895,BUY,0.4764852884417429,0.4764852884417429,0.4764852884417429,1329046.1475,0.9999999682298412,1,exclude,1,33,25,0.436644,0.010574,0.9984,ok,0.04820841223382266,0.8627008870090088,0.9997757622103908,25,0.051486584481508224,0.0009747894871811744,1,500000.0,2023-01_2025-06
2,C2 Ridge + régime,2024-08,2024-08-30,P_selected,TMA,0.01093693855593276,BUY,0.12090958776099031,0.12090958776099031,0.12090958776099031,1264641.45,0.9999999109674041,1,exclude,1,33,25,0.436644,0.010574,0.9984,ok,0.04820841223382266,0.8627008870090088,0.9997757622103908,25,0.19999999999999996,0.0021873877111865513,1,500000.0,2023-01_2025-06
2,C2 Ridge + régime,2024-08,2024-08-30,P_selected,BCP,0.004042051528201962,BUY,0.12910616916403833,0.12910616916403833,0.12910616916403833,16737158.877500001,1.0,1,exclude,1,33,25,0.436644,0.010574,0.9984,ok,0.04820841223382266,0.8627008870090088,0.9997757622103908,25,-0.07129032258064527,-0.00028815915733310804,1,500000.0,2023-01_2025-06
2,C2 Ridge + régime,2024-08,2024-08-30,P_selected,CSR,0.0032190477524407083,BUY,0.10397430946019998,0.10397430946019998,0.10397430946019998,2130327.6925,0.9999999999999141,1,exclude,1,33,25,0.436644,0.010574,0.9984,ok,0.04820841223382266,0.8627008870090088,0.9997757622103908,25,0.036956521739130554,0.00011896480824237439,1,500000.0,2023-01_2025-06
2,C2 Ridge + régime,2024-08,2024-08-30,P_selected,LBV,0.002463149823141778,NEUTRAL,0.0863229946897548,0.0863229946897548,0.0431614973448774,4683424.35,1.0,1,exclude,1,33,25,0.436644,0.010574,0.9984,ok,0.04820841223382266,0.8627008870090088,0.9997757622103908,25,0.006515389800044957,1.604838123368048e-05,1,500000.0,2023-01_2025-06
2,C2 Ridge + régime,2024-08,2024-08-30,P_selected,CMT,0.0020767477275664696,BUY,0.11372629756354334,0.11372629756354334,0.11372629756354334,5708164.8,1.0,1,exclude,1,33,25,0.436644,0.010574,0.9984,ok,0.04820841223382266,0.8627008870090088,0.9997757622103908,25,-0.035693039857227826,-7.412543941343732e-05,1,500000.0,2023-01_2025-06
2,C2 Ridge + régime,2024-08,2024-08-30,P_selected,ATL,0.001682628275900983,BUY,0.2823701211460403,0.2823701211460403,0.2823701211460403,803587.2175,0.9998576949827374,1,exclude,1,33,25,0.436644,0.010574,0.9984,ok,0.04820841223382266,0.8627008870090088,0.9997757622103908,25,0.06832061068702289,0.0001149581913688076,1,500000.0,2023-01_2025-06
2,C2 Ridge + régime,2024-08,2024-08-30,P_selected,GAZ,0.0008543336355668785,NEUTRAL,0.08907595226291938,0.08907595226291938,0.04453797613145969,1181387.25,0.9999996626673621,1,exclude,1,33,25,0.436644,0.010574,0.9984,ok,0.04820841223382266,0.8627008870090088,0.9997757622103908,25,-0.004708344232278283,-4.022496845462649e-06,1,500000.0,2023-01_2025-06
2,C2 Ridge + régime,2024-08,2024-08-30,P_selected,ADI,0.0005191326493315288,BUY,0.4820709090356769,0.4820709090356769,0.4820709090356769,8788463.7425,1.0,1,exclude,1,33,25,0.436644,0.010574,0.9984,ok,0.04820841223382266,0.8627008870090088,0.9997757622103908,25,0.10201296485841005,5.2958260713110555e-05,1,500000.0,2023-01_2025-06
2,C2 Ridge + régime,2024-08,2024-08-30,P_selected,MNG,0.00042823419711737233,BUY,0.26320864697250645,0.26320864697250645,0.26320864697250645,3081508.65,1.0,1,exclude,1,33,25,0.436644,0.010574,0.9984,ok,0.04820841223382266,0.8627008870090088,0.9997757622103908,25,-0.03228070175438591,-1.3823700398174802e-05,1,500000.0,2023-01_2025-06
2,C2 Ridge + régime,2024-08,2024-08-30,P_selected,SMI,0.0003995886487500584,BUY,0.2711566239438171,0.2711566239438171,0.2711566239438171,748829.25,0.9996583110533012,1,exclude,1,33,25,0.436644,0.010574,0.9984,ok,0.04820841223382266,0.8627008870090088,0.9997757622103908,25,0.05458715596330266,2.18124078904848e-05,1,500000.0,2023-01_2025-06
2,C2 Ridge + régime,2024-08,2024-08-30,P_selected,TQM,0.00013432193646279218,NEUTRAL,0.032224371712423386,0.032224371712423386,0.016112185856211693,8862503.75,1.0,1,exclude,1,33,25,0.436644,0.010574,0.9984,ok,0.04820841223382266,0.8627008870090088,0.9997757622103908,25,0.10015174506828539,1.345257633769999e-05,1,500000.0,2023-01_2025-06
2,C2 Ridge + régime,2024-09,2024-09-30,P_selected,CFG,0.23547477362363198,BUY,0.14569395599842788,0.14569395599842788,0.14569395599842788,6574180.4275,1.0,1,exclude,1,32,28,0.433261,0.011257,0.9988,ok,0.013924041049342861,0.990975546290203,0.9999626211723663,28,-0.021333333333333315,-0.005023461837304144,1,500000.0,2023-01_2025-06
2,C2 Ridge + régime,2024-09,2024-09-30,P_selected,IMO,0.17785347271124366,BUY,0.47115413000848205,0.47115413000848205,0.47115413000848205,567851.988,0.9938530406721361,1,exclude,1,32,28,0.433261,0.011257,0.9988,ok,0.013924041049342861,0.990975546290203,0.9999626211723663,28,-0.026702702702702696,-0.004749168406451587,1,500000.0,2023-01_2025-06
2,C2 Ridge + régime,2024-09,2024-09-30,P_selected,JET,0.07164783072909002,BUY,0.6199530088438272,0.6199530088438272,0.6199530088438272,4833471.675,1.0,1,exclude,1,32,28,0.433261,0.011257,0.9988,ok,0.013924041049342861,0.990975546290203,0.9999626211723663,28,0.5210584789415211,0.03733270969915922,1,500000.0,2023-01_2025-06
2,C2 Ridge + régime,2024-09,2024-09-30,P_selected,DYT,0.06908019268842717,BUY,0.7840194379560821,0.7840194379560821,0.7840194379560821,680286.7925000001,0.9989776093235639,1,exclude,1,32,28,0.433261,0.011257,0.9988,ok,0.013924041049342861,0.990975546290203,0.9999626211723663,28,0.004444444444444473,0.00030702307861523386,1,500000.0,2023-01_2025-06
2,C2 Ridge + régime,2024-09,2024-09-30,P_selected,ATH,0.0629163865741135,BUY,0.9271542464213328,0.9271542464213328,0.9271542464213328,3843200.8329999996,1.0,1,exclude,1,32,28,0.433261,0.011257,0.9988,ok,0.013924041049342861,0.990975546290203,0.9999626211723663,28,-0.07521578298397036,-0.004732305278694107,1,500000.0,2023-01_2025-06
2,C2 Ridge + régime,2024-09,2024-09-30,P_selected,ADI,0.05989999617417733,BUY,1.037459302794327,1.037459302794327,1.037459302794327,21969093.389999997,1.0,1,exclude,1,32,28,0.433261,0.011257,0.9988,ok,0.013924041049342861,0.990975546290203,0.9999626211723663,28,0.06209150326797386,0.003719280808200553,1,500000.0,2023-01_2025-06
2,C2 Ridge + régime,2024-09,2024-09-30,P_selected,TMA,0.05587316242053301,BUY,0.21608129109410645,0.21608129109410645,0.21608129109410645,1311048.65,0.9999999576280159,1,exclude,1,32,28,0.433261,0.011257,0.9988,ok,0.013924041049342861,0.990975546290203,0.9999626211723663,28,-0.10588235294117643,-0.005915981903350551,1,500000.0,2023-01_2025-06
2,C2 Ridge + régime,2024-09,2024-09-30,P_selected,ARD,0.04310572637339464,BUY,0.4549879378527497,0.4549879378527497,0.4549879378527497,1275026.855,0.9999999245978278,1,exclude,1,32,28,0.433261,0.011257,0.9988,ok,0.013924041049342861,0.990975546290203,0.9999626211723663,28,0.014227642276422703,0.0006132928549060187,1,500000.0,2023-01_2025-06
2,C2 Ridge + régime,2024-09,2024-09-30,P_selected,MUT,0.03499222756633021,BUY,0.5184782970281825,0.5184782970281825,0.5184782970281825,4026016.7574999994,1.0,1,exclude,1,32,28,0.433261,0.011257,0.9988,ok,0.013924041049342861,0.990975546290203,0.9999626211723663,28,-0.002956636005256197,-0.00010345927992673033,1,500000.0,2023-01_2025-06
2,C2 Ridge + régime,2024-09,2024-09-30,P_selected,MNG,0.022599715673177943,BUY,0.13189318870545294,0.13189318870545294,0.13189318870545294,3542018.85,1.0,1,exclude,1,32,28,0.433261,0.011257,0.9988,ok,0.013924041049342861,0.990975546290203,0.9999626211723663,28,0.02230483271375472,0.0005040828774686546,1,500000.0,2023-01_2025-06
2,C2 Ridge + régime,2024-09,2024-09-30,P_selected,CIH,0.022336175144836056,BUY,0.19187740574100712,0.19187740574100712,0.19187740574100712,5326917.600000001,1.0,1,exclude,1,32,28,0.433261,0.011257,0.9988,ok,0.013924041049342861,0.990975546290203,0.9999626211723663,28,0.013732833957553092,0.00030673898451085796,1,500000.0,2023-01_2025-06
2,C2 Ridge + régime,2024-09,2024-09-30,P_selected,RDS,0.021968818857914175,BUY,0.707667722278393,0.707667722278393,0.707667722278393,7745901.719500001,1.0,1,exclude,1,32,28,0.433261,0.011257,0.9988,ok,0.013924041049342861,0.990975546290203,0.9999626211723663,28,-0.0004025224741714961,-8.842943321313035e-06,1,500000.0,2023-01_2025-06
2,C2 Ridge + régime,2024-09,2024-09-30,P_selected,CSR,0.02150875459215418,BUY,0.1943489650548254,0.1943489650548254,0.1943489650548254,6245298.715,1.0,1,exclude,1,32,28,0.433261,0.011257,0.9988,ok,0.013924041049342861,0.990975546290203,0.9999626211723663,28,0.015789473684210575,0.00033961191461296183,1,500000.0,2023-01_2025-06
2,C2 Ridge + régime,2024-09,2024-09-30,P_selected,BOA,0.02149147394957845,BUY,0.22522279146222615,0.22522279146222615,0.22522279146222615,2074999.1824999999,0.9999999999997917,1,exclude,1,32,28,0.433261,0.011257,0.9988,ok,0.013924041049342861,0.990975546290203,0.9999626211723663,28,-0.005235602094240788,-0.00011252080601873427,1,500000.0,2023-01_2025-06
2,C2 Ridge + régime,2024-09,2024-09-30,P_selected,NKL,0.019336963071248752,BUY,0.3847179075278441,0.3847179075278441,0.3847179075278441,961227.5684999998,0.9999885743818966,1,exclude,1,32,28,0.433261,0.011257,0.9988,ok,0.013924041049342861,0.990975546290203,0.9999626211723663,28,-0.028059701492537226,-0.0005425894115514558,1,500000.0,2023-01_2025-06
2,C2 Ridge + régime,2024-09,2024-09-30,P_selected,CDM,0.01790975804142781,BUY,0.10342241036308937,0.10342241036308937,0.10342241036308937,1080495.3199999998,0.9999983051677929,1,exclude,1,32,28,0.433261,0.011257,0.9988,ok,0.013924041049342861,0.990975546290203,0.9999626211723663,28,0.03139013452914807,0.0005621897143049105,1,500000.0,2023-01_2025-06
2,C2 Ridge + régime,2024-09,2024-09-30,P_selected,LBV,0.013141726667962043,NEUTRAL,0.07246403235931745,0.07246403235931745,0.036232016179658724,7360936.55,1.0,1,exclude,1,32,28,0.433261,0.011257,0.9988,ok,0.013924041049342861,0.990975546290203,0.9999626211723663,28,-0.016949152542372836,-0.00022274112996545776,1,500000.0,2023-01_2025-06
2,C2 Ridge + régime,2024-09,2024-09-30,P_selected,ATL,0.01305998843954511,BUY,0.1702672802928433,0.1702672802928433,0.1702672802928433,2561443.6574999997,1.0,1,exclude,1,32,28,0.433261,0.011257,0.9988,ok,0.013924041049342861,0.990975546290203,0.9999626211723663,28,-0.06441165887009703,-0.0008412155202153905,1,500000.0,2023-01_2025-06
2,C2 Ridge + régime,2024-09,2024-09-30,P_selected,AKT,0.005277674999520226,NEUTRAL,0.08316652719195197,0.08316652719195197,0.041583263595975986,19365557.67,1.0,1,exclude,1,32,28,0.433261,0.011257,0.9988,ok,0.013924041049342861,0.990975546290203,0.9999626211723663,28,-0.014312977099236623,-7.553924140534665e-05,1,500000.0,2023-01_2025-06
2,C2 Ridge + régime,2024-09,2024-09-30,P_selected,SOT,0.003243219254987261,NEUTRAL,0.08507922515898868,0.08507922515898868,0.04253961257949434,1365931.655,0.9999999823918945,1,exclude,1,32,28,0.433261,0.011257,0.9988,ok,0.013924041049342861,0.990975546290203,0.9999626211723663,28,-0.020618556701030966,-6.687050010283026e-05,1,500000.0,2023-01_2025-06
2,C2 Ridge + régime,2024-09,2024-09-30,P_selected,GAZ,0.002422249207884154,NEUTRAL,0.021891164651624412,0.021891164651624412,0.010945582325812206,2353201.65,0.9999999999999976,1,exclude,1,32,28,0.433261,0.011257,0.9988,ok,0.013924041049342861,0.990975546290203,0.9999626211723663,28,0.0031578947368420263,7.649208024897137e-06,1,500000.0,2023-01_2025-06
2,C2 Ridge + régime,2024-09,2024-09-30,P_selected,DHO,0.0012017769084458501,BUY,0.2515441892611312,0.2515441892611312,0.2515441892611312,1223397.1755000001,0.99999982775621,1,exclude,1,32,28,0.433261,0.011257,0.9988,ok,0.013924041049342861,0.990975546290203,0.9999626211723663,28,-0.08260869565217388,-9.927722287161367e-05,1,500000.0,2023-01_2025-06
2,C2 Ridge + régime,2024-09,2024-09-30,P_selected,SNP,0.0011080628645399597,BUY,0.3762631412158109,0.3762631412158109,0.3762631412158109,815909.7725,0.9998831562762621,1,exclude,1,32,28,0.433261,0.011257,0.9988,ok,0.013924041049342861,0.990975546290203,0.9999626211723663,28,0.01641427512443072,1.818804871372371e-05,1,500000.0,2023-01_2025-06
2,C2 Ridge + régime,2024-09,2024-09-30,P_selected,SID,0.0007533888750569877,BUY,0.3593812683125509,0.3593812683125509,0.3593812683125509,2740958.055,1.0,1,exclude,1,32,28,0.433261,0.011257,0.9988,ok,0.013924041049342861,0.990975546290203,0.9999626211723663,28,0.07228915662650603,5.446184638966177e-05,1,500000.0,2023-01_2025-06
2,C2 Ridge + régime,2024-09,2024-09-30,P_selected,BCI,0.0006069939980663363,BUY,0.274930069106995,0.274930069106995,0.274930069106995,766811.225,0.9997437189627532,1,exclude,1,32,28,0.433261,0.011257,0.9988,ok,0.013924041049342861,0.990975546290203,0.9999626211723663,28,-0.042735042735042694,-2.5939914447279302e-05,1,500000.0,2023-01_2025-06
2,C2 Ridge + régime,2024-09,2024-09-30,P_selected,SBM,0.0005232954779205961,NEUTRAL,-0.08847891454751164,-0.08847891454751164,-0.04423945727375582,602008.65,0.996431867443698,1,exclude,1,32,28,0.433261,0.011257,0.9988,ok,0.013924041049342861,0.990975546290203,0.9999626211723663,28,-0.08196721311475408,-4.289307196070459e-05,1,500000.0,2023-01_2025-06
2,C2 Ridge + régime,2024-09,2024-09-30,P_selected,CMT,0.00035862845258353206,NEUTRAL,0.045367623161875384,0.045367623161875384,0.022683811580937692,1729851.8,0.9999999999478881,1,exclude,1,32,28,0.433261,0.011257,0.9988,ok,0.013924041049342861,0.990975546290203,0.9999626211723663,28,-0.049079754601227044,-1.7601396445817543e-05,1,500000.0,2023-01_2025-06
2,C2 Ridge + régime,2024-09,2024-09-30,P_selected,ADH,0.0002701878345755906,BUY,0.28637265491962527,0.28637265491962527,0.28637265491962527,26915085.794,1.0,1,exclude,1,32,28,0.433261,0.011257,0.9988,ok,0.013924041049342861,0.990975546290203,0.9999626211723663,28,-0.10052910052910047,-2.7161739983789518e-05,1,500000.0,2023-01_2025-06
2,C2 Ridge + régime,2024-10,2024-10-31,P_selected,BOA,0.22298891141949914,BUY,0.35893717991927043,0.35893717991927043,0.35893717991927043,1381344.3175,0.9999999862401252,1,exclude,1,28,21,0.405281,0.011059,0.9999,ok,0.019919987309890974,1.0556365877924003,0.9999407932981017,21,0.04157894736842116,0.009271644211652883,1,500000.0,2023-01_2025-06
2,C2 Ridge + régime,2024-10,2024-10-31,P_selected,CFG,0.12786800384670083,NEUTRAL,0.06541138882733522,0.06541138882733522,0.03270569441366761,2412737.2375,0.9999999999999991,1,exclude,1,28,21,0.405281,0.011059,0.9999,ok,0.019919987309890974,1.0556365877924003,0.9999407932981017,21,0.12129380053908356,0.0155095961539125,1,500000.0,2023-01_2025-06
2,C2 Ridge + régime,2024-10,2024-10-31,P_selected,MUT,0.11878663073042026,BUY,0.5757608617928887,0.5757608617928887,0.5757608617928887,3969151.2825,1.0,1,exclude,1,28,21,0.405281,0.011059,0.9999,ok,0.019919987309890974,1.0556365877924003,0.9999407932981017,21,-0.05681818181818177,-0.0067492403824102355,1,500000.0,2023-01_2025-06
2,C2 Ridge + régime,2024-10,2024-10-31,P_selected,AKT,0.09261237117071526,NEUTRAL,0.08374837526239505,0.08374837526239505,0.041874187631197525,15285418.889999997,1.0,1,exclude,1,28,21,0.405281,0.011059,0.9999,ok,0.019919987309890974,1.0556365877924003,0.9999407932981017,21,0.04854368932038833,0.0044957461733356905,1,500000.0,2023-01_2025-06
2,C2 Ridge + régime,2024-10,2024-10-31,P_selected,JET,0.0875981309039711,BUY,1.215252640857838,1.215252640857838,1.215252640857838,19715665.4,1.0,1,exclude,1,28,21,0.405281,0.011059,0.9999,ok,0.019919987309890974,1.0556365877924003,0.9999407932981017,21,0.059691482226693404,0.0052288622739459535,1,500000.0,2023-01_2025-06
2,C2 Ridge + régime,2024-10,2024-10-31,P_selected,ATH,0.0649461023762852,BUY,0.7747991819171811,0.7747991819171811,0.7747991819171811,2240066.992,0.9999999999999851,1,exclude,1,28,21,0.405281,0.011059,0.9999,ok,0.019919987309890974,1.0556365877924003,0.9999407932981017,21,-0.08810119135166927,-0.005721828992998205,1,500000.0,2023-01_2025-06
2,C2 Ridge + régime,2024-10,2024-10-31,P_selected,CIH,0.06316774976121574,BUY,0.3202711186317686,0.3202711186317686,0.3202711186317686,2127402.417500001,0.9999999999999098,1,exclude,1,28,21,0.405281,0.011059,0.9999,ok,0.019919987309890974,1.0556365877924003,0.9999407932981017,21,0.027027027027026973,0.0017072364800328544,1,500000.0,2023-01_2025-06
2,C2 Ridge + régime,2024-10,2024-10-31,P_selected,LBV,0.04965709107635908,BUY,0.12500133212723838,0.12500133212723838,0.12500133212723838,1093431.6,0.999998622040778,1,exclude,1,28,21,0.405281,0.011059,0.9999,ok,0.019919987309890974,1.0556365877924003,0.9999407932981017,21,-0.02352941176470591,-0.0011684021429731561,1,500000.0,2023-01_2025-06
2,C2 Ridge + régime,2024-10,2024-10-31,P_selected,ARD,0.045655762442652445,BUY,0.5010118706180945,0.5010118706180945,0.5010118706180945,3485858.825,1.0,1,exclude,1,28,21,0.405281,0.011059,0.9999,ok,0.019919987309890974,1.0556365877924003,0.9999407932981017,21,-0.010000000000000009,-0.0004565576244265249,1,500000.0,2023-01_2025-06
2,C2 Ridge + régime,2024-10,2024-10-31,P_selected,MNG,0.029482139710526878,BUY,0.1993647620784838,0.1993647620784838,0.1993647620784838,1362500.1,0.9999999813980908,1,exclude,1,28,21,0.405281,0.011059,0.9999,ok,0.019919987309890974,1.0556365877924003,0.9999407932981017,21,0.052823315118396996,0.0015573443562937668,1,500000.0,2023-01_2025-06
2,C2 Ridge + régime,2024-10,2024-10-31,P_selected,CSR,0.02510527867491628,BUY,0.17580370127112743,0.17580370127112743,0.17580370127112743,5504089.847499999,1.0,1,exclude,1,28,21,0.405281,0.011059,0.9999,ok,0.019919987309890974,1.0556365877924003,0.9999407932981017,21,0.0050890585241729624,0.0001277622324423204,1,500000.0,2023-01_2025-06
2,C2 Ridge + régime,2024-10,2024-10-31,P_selected,BCI,0.0232979751959271,BUY,0.29352440329920115,0.29352440329920115,0.29352440329920115,592294.97,0.9958343952882754,1,exclude,1,28,21,0.405281,0.011059,0.9999,ok,0.019919987309890974,1.0556365877924003,0.9999407932981017,21,-0.03220338983050852,-0.0007502737774959585,1,500000.0,2023-01_2025-06
2,C2 Ridge + régime,2024-10,2024-10-31,P_selected,HPS,0.019154910954516362,BUY,0.18784230821748965,0.18784230821748965,0.18784230821748965,4194418.135,1.0,1,exclude,1,28,21,0.405281,0.011059,0.9999,ok,0.019919987309890974,1.0556365877924003,0.9999407932981017,21,-0.03508771929824561,-0.00067210213875496,1,500000.0,2023-01_2025-06
2,C2 Ridge + régime,2024-10,2024-10-31,P_selected,RDS,0.01890683458131741,BUY,0.6676571336785915,0.6676571336785915,0.6676571336785915,6890815.06,1.0,1,exclude,1,28,21,0.405281,0.011059,0.9999,ok,0.019919987309890974,1.0556365877924003,0.9999407932981017,21,0.02276422764227659,0.00043039948640397676,1,500000.0,2023-01_2025-06
2,C2 Ridge + régime,2024-10,2024-10-31,P_selected,ATW,0.004463947299679697,NEUTRAL,0.08845646119095955,0.08845646119095955,0.04422823059547978,17660187.7,1.0,1,exclude,1,28,21,0.405281,0.011059,0.9999,ok,0.019919987309890974,1.0556365877924003,0.9999407932981017,21,0.043826150209129056,0.00019563762488139844,1,500000.0,2023-01_2025-06
2,C2 Ridge + régime,2024-10,2024-10-31,P_selected,TMA,0.002322696019273812,NEUTRAL,0.044344322728526495,0.044344322728526495,0.022172161364263247,948887.95,0.9999860805180444,1,exclude,1,28,21,0.405281,0.011059,0.9999,ok,0.019919987309890974,1.0556365877924003,0.9999407932981017,21,0.02635135135135136,6.120617888626939e-05,1,500000.0,2023-01_2025-06
2,C2 Ridge + régime,2024-10,2024-10-31,P_selected,GAZ,0.001971228046897635,BUY,0.1407778701289228,0.1407778701289228,0.1407778701289228,1430351.45,0.9999999937182875,1,exclude,1,28,21,0.405281,0.011059,0.9999,ok,0.019919987309890974,1.0556365877924003,0.9999407932981017,21,-0.007012987012987026,-1.3824196692528894e-05,1,500000.0,2023-01_2025-06
2,C2 Ridge + régime,2024-10,2024-10-31,P_selected,SID,0.0011242883071340716,BUY,0.3300459650649037,0.3300459650649037,0.3300459650649037,2348967.5149999997,0.9999999999999973,1,exclude,1,28,21,0.405281,0.011059,0.9999,ok,0.019919987309890974,1.0556365877924003,0.9999407932981017,21,0.0033407572383072903,3.7559743000023997e-06,1,500000.0,2023-01_2025-06
2,C2 Ridge + régime,2024-10,2024-10-31,P_selected,CMT,0.0005027935311132215,BUY,0.10564564462704466,0.10564564462704466,0.10564564462704466,2515161.75,0.9999999999999998,1,exclude,1,28,21,0.405281,0.011059,0.9999,ok,0.019919987309890974,1.0556365877924003,0.9999407932981017,21,-0.008805031446540879,-4.427112852569245e-06,1,500000.0,2023-01_2025-06
2,C2 Ridge + régime,2024-10,2024-10-31,P_selected,CDM,0.00022262910583558643,BUY,0.13994327512006155,0.13994327512006155,0.13994327512006155,590705.98,0.9957275901475171,1,exclude,1,28,21,0.405281,0.011059,0.9999,ok,0.019919987309890974,1.0556365877924003,0.9999407932981017,21,0.045263157894736894,1.0076896369400239e-05,1,500000.0,2023-01_2025-06
2,C2 Ridge + régime,2024-10,2024-10-31,P_selected,ADH,0.00010531814314435132,BUY,0.14899876062837736,0.14899876062837736,0.14899876062837736,14062915.8905,1.0,1,exclude,1,28,21,0.405281,0.011059,0.9999,ok,0.019919987309890974,1.0556365877924003,0.9999407932981017,21,0.1771014492753622,1.865199578585467e-05,1,500000.0,2023-01_2025-06
2,C2 Ridge + régime,2024-11,2024-11-29,P_selected,IMO,0.17437270094823049,BUY,0.4490656292336018,0.4490656292336018,0.4490656292336018,540320.1195,0.9904830837265511,1,exclude,1,33,27,0.536196,0.010282,0.9977,ok,0.03351594363589627,1.0925981025835019,0.9998918606825445,27,0.006711409395973034,0.00117028658354515,1,500000.0,2023-01_2025-06
2,C2 Ridge + régime,2024-11,2024-11-29,P_selected,SRM,0.11406215152903908,BUY,1.3469019213544717,1.3469019213544717,1.3469019213544717,1033210.8,0.9999963884604613,1,exclude,1,33,27,0.536196,0.010282,0.9977,ok,0.03351594363589627,1.0925981025835019,0.9998918606825445,27,-0.04489016236867238,-0.005120268502258677,1,500000.0,2023-01_2025-06
2,C2 Ridge + régime,2024-11,2024-11-29,P_selected,CFG,0.09469673639584043,BUY,0.28679281163872716,0.28679281163872716,0.28679281163872716,8520361.28,1.0,1,exclude,1,33,27,0.536196,0.010282,0.9977,ok,0.03351594363589627,1.0925981025835019,0.9998918606825445,27,0.08292682926829276,0.007852900091362384,1,500000.0,2023-01_2025-06
2,C2 Ridge + régime,2024-11,2024-11-29,P_selected,JET,0.0903028259752523,BUY,0.618037116305151,0.618037116305151,0.618037116305151,11088081.9,1.0,1,exclude,1,33,27,0.536196,0.010282,0.9977,ok,0.03351594363589627,1.0925981025835019,0.9998918606825445,27,0.21153846153846145,0.019102520879380285,1,500000.0,2023-01_2025-06
2,C2 Ridge + régime,2024-11,2024-11-29,P_selected,DWY,0.07714120929989313,BUY,0.30242354098675384,0.30242354098675384,0.30242354098675384,569660.6900000001,0.9940273323887903,1,exclude,1,33,27,0.536196,0.010282,0.9977,ok,0.03351594363589627,1.0925981025835019,0.9998918606825445,27,-0.012383900928792602,-0.0009553090934971309,1,500000.0,2023-01_2025-06
2,C2 Ridge + régime,2024-11,2024-11-29,P_selected,ATH,0.07324962897374086,BUY,0.5819307994927916,0.5819307994927916,0.5819307994927916,1163208.068,0.9999995487884503,1,exclude,1,33,27,0.536196,0.010282,0.9977,ok,0.03351594363589627,1.0925981025835019,0.9998918606825445,27,0.06263081629367262,0.004587684055834043,1,500000.0,2023-01_2025-06
2,C2 Ridge + régime,2024-11,2024-11-29,P_selected,BOA,0.06320837914393708,BUY,0.2479506380366426,0.2479506380366426,0.2479506380366426,23013142.1075,1.0,1,exclude,1,33,27,0.536196,0.010282,0.9977,ok,0.03351594363589627,1.0925981025835019,0.9998918606825445,27,0.05398457583547556,0.0034122775373333627,1,500000.0,2023-01_2025-06
2,C2 Ridge + régime,2024-11,2024-11-29,P_selected,ADI,0.05898922187888837,BUY,1.0167156186331159,1.0167156186331159,1.0167156186331159,24280205.552500002,1.0,1,exclude,1,33,27,0.536196,0.010282,0.9977,ok,0.03351594363589627,1.0925981025835019,0.9998918606825445,27,0.16504854368932032,0.009736085164476717,1,500000.0,2023-01_2025-06
2,C2 Ridge + régime,2024-11,2024-11-29,P_selected,ARD,0.05654275235972235,BUY,0.547795304661069,0.547795304661069,0.547795304661069,4393442.380000001,1.0,1,exclude,1,33,27,0.536196,0.010282,0.9977,ok,0.03351594363589627,1.0925981025835019,0.9998918606825445,27,-0.02051020408163262,-0.0011597033902351198,1,500000.0,2023-01_2025-06
2,C2 Ridge + régime,2024-11,2024-11-29,P_selected,CIH,0.04808211640643228,BUY,0.2965817332248887,0.2965817332248887,0.2965817332248887,2798700.9950000006,1.0,1,exclude,1,33,27,0.536196,0.010282,0.9977,ok,0.03351594363589627,1.0925981025835019,0.9998918606825445,27,-0.038929440389294356,-0.0018718098844353176,1,500000.0,2023-01_2025-06
2,C2 Ridge + régime,2024-11,2024-11-29,P_selected,RIS,0.02541691793746696,BUY,0.2383649067799827,0.2383649067799827,0.2383649067799827,800251.0025,0.999849893596349,1,exclude,1,33,27,0.536196,0.010282,0.9977,ok,0.03351594363589627,1.0925981025835019,0.9998918606825445,27,0.07200956937799052,0.0018302613155927188,1,500000.0,2023-01_2025-06
2,C2 Ridge + régime,2024-11,2024-11-29,P_selected,GAZ,0.02147289281278848,BUY,0.15477378002101128,0.15477378002101128,0.15477378002101128,2167833.6,0.9999999999999529,1,exclude,1,33,27,0.536196,0.010282,0.9977,ok,0.03351594363589627,1.0925981025835019,0.9998918606825445,27,-0.015706806282722474,-0.00033727056774013233,1,500000.0,2023-01_2025-06
2,C2 Ridge + régime,2024-11,2024-11-29,P_selected,S2M,0.020867292314436396,BUY,0.5267099865600622,0.5267099865600622,0.5267099865600622,585535.0375,0.9953607873156116,1,exclude,1,33,27,0.536196,0.010282,0.9977,ok,0.03351594363589627,1.0925981025835019,0.9998918606825445,27,-0.13602941176470584,-0.00283856549865495,1,500000.0,2023-01_2025-06
2,C2 Ridge + régime,2024-11,2024-11-29,P_selected,SBM,0.01965292789003196,NEUTRAL,0.051611983713352835,0.051611983713352835,0.025805991856676418,3185597.1,1.0,1,exclude,1,33,27,0.536196,0.010282,0.9977,ok,0.03351594363589627,1.0925981025835019,0.9998918606825445,27,0.04888888888888898,0.0009608098079571198,1,500000.0,2023-01_2025-06
2,C2 Ridge + régime,2024-11,2024-11-29,P_selected,LBV,0.015641459000766064,BUY,0.10508386573470348,0.10508386573470348,0.10508386573470348,3704108.4,1.0,1,exclude,1,33,27,0.536196,0.010282,0.9977,ok,0.03351594363589627,1.0925981025835019,0.9998918606825445,27,0.0,0.0,1,500000.0,2023-01_2025-06
2,C2 Ridge + régime,2024-11,2024-11-29,P_selected,BCI,0.009790773686804116,BUY,0.2958131614627215,0.2958131614627215,0.2958131614627215,782391.265,0.9998002532026524,1,exclude,1,33,27,0.536196,0.010282,0.9977,ok,0.03351594363589627,1.0925981025835019,0.9998918606825445,27,0.02473498233215543,0.0002421746141612321,1,500000.0,2023-01_2025-06
2,C2 Ridge + régime,2024-11,2024-11-29,P_selected,MUT,0.00906065388638921,BUY,0.3543239729282801,0.3543239729282801,0.3543239729282801,2312869.6849999996,0.9999999999999953,1,exclude,1,33,27,0.536196,0.010282,0.9977,ok,0.03351594363589627,1.0925981025835019,0.9998918606825445,27,0.04467353951890041,0.0004047714794606869,1,500000.0,2023-01_2025-06
2,C2 Ridge + régime,2024-11,2024-11-29,P_selected,SNP,0.005525405454813684,BUY,0.4403215640535986,0.4403215640535986,0.4403215640535986,2543951.79,0.9999999999999998,1,exclude,1,33,27,0.536196,0.010282,0.9977,ok,0.03351594363589627,1.0925981025835019,0.9998918606825445,27,0.12497636604273032,0.0006905450946552938,1,500000.0,2023-01_2025-06
2,C2 Ridge + régime,2024-11,2024-11-29,P_selected,SOT,0.004800607054713859,BUY,0.1793424244441189,0.1793424244441189,0.1793424244441189,508883.6,0.9843596559295373,1,exclude,1,33,27,0.536196,0.010282,0.9977,ok,0.03351594363589627,1.0925981025835019,0.9998918606825445,27,-0.021164021164021163,-0.0001016001493061134,1,500000.0,2023-01_2025-06
2,C2 Ridge + régime,2024-11,2024-11-29,P_selected,MNG,0.004095097810592221,NEUTRAL,0.09285982694569095,0.09285982694569095,0.046429913472845474,4509368.5,1.0,1,exclude,1,33,27,0.536196,0.010282,0.9977,ok,0.03351594363589627,1.0925981025835019,0.9998918606825445,27,-0.00034602076124568004,-1.416988861796638e-06,1,500000.0,2023-01_2025-06
2,C2 Ridge + régime,2024-11,2024-11-29,P_selected,RDS,0.003976282626123692,BUY,0.17047620521952556,0.17047620521952556,0.17047620521952556,5028492.7505,1.0,1,exclude,1,33,27,0.536196,0.010282,0.9977,ok,0.03351594363589627,1.0925981025835019,0.9998918606825445,27,0.03027812029045096,0.0001203943636626034,1,500000.0,2023-01_2025-06
2,C2 Ridge + régime,2024-11,2024-11-29,P_selected,ATL,0.003946645860242011,BUY,0.1265887324243556,0.1265887324243556,0.1265887324243556,1399730.89,0.9999999897469872,1,exclude,1,33,27,0.536196,0.010282,0.9977,ok,0.03351594363589627,1.0925981025835019,0.9998918606825445,27,-0.0066225165562913135,-2.613672755127129e-05,1,500000.0,2023-01_2025-06
2,C2 Ridge + régime,2024-11,2024-11-29,P_selected,TMA,0.0023227834206459882,NEUTRAL,0.04340206588701257,0.04340206588701257,0.021701032943506286,885475.45,0.9999616073910956,1,exclude,1,33,27,0.536196,0.010282,0.9977,ok,0.03351594363589627,1.0925981025835019,0.9998918606825445,27,-0.013157894736842146,-3.0562939745342046e-05,1,500000.0,2023-01_2025-06
2,C2 Ridge + régime,2024-11,2024-11-29,P_selected,AKT,0.0016038347770523803,NEUTRAL,0.08185974481491973,0.08185974481491973,0.040929872407459864,15215770.6,1.0,1,exclude,1,33,27,0.536196,0.010282,0.9977,ok,0.03351594363589627,1.0925981025835019,0.9998918606825445,27,-0.011278195488721776,-1.8088362147207252e-05,1,500000.0,2023-01_2025-06
2,C2 Ridge + régime,2024-11,2024-11-29,P_selected,ATW,0.00046322873812491535,NEUTRAL,0.025314068410663637,0.025314068410663637,0.012657034205331819,24998489.744999997,1.0,1,exclude,1,33,27,0.536196,0.010282,0.9977,ok,0.03351594363589627,1.0925981025835019,0.9998918606825445,27,-0.0017543859649122862,-8.126819967103804e-07,1,500000.0,2023-01_2025-06
2,C2 Ridge + régime,2024-11,2024-11-29,P_selected,SID,0.0003994752942851954,BUY,0.37613538279638226,0.37613538279638226,0.37613538279638226,4757261.905,1.0,1,exclude,1,33,27,0.536196,0.010282,0.9977,ok,0.03351594363589627,1.0925981025835019,0.9998918606825445,27,0.07530054644808737,3.0080707952185725e-05,1,500000.0,2023-01_2025-06
2,C2 Ridge + régime,2024-11,2024-11-29,P_selected,ADH,0.00020785920629111786,BUY,0.2896770598652474,0.2896770598652474,0.2896770598652474,25718783.5795,1.0,1,exclude,1,33,27,0.536196,0.010282,0.9977,ok,0.03351594363589627,1.0925981025835019,0.9998918606825445,27,0.03421052631578947,7.110972846801399e-06,1,500000.0,2023-01_2025-06
2,C2 Ridge + régime,2024-12,2024-12-31,P_selected,IMO,0.23027033044462578,BUY,0.5607936135795492,0.5607936135795492,0.5607936135795492,873454.9809999999,0.9999534659488765,1,exclude,1,30,28,0.446628,0.009312,0.9994,ok,0.04174512171817768,0.9434422406242612,0.9998783521425096,28,-0.002666666666666595,-0.0006140542145189855,1,500000.0,2023-01_2025-06
2,C2 Ridge + régime,2024-12,2024-12-31,P_selected,BOA,0.11857329581335208,BUY,0.20415861369298569,0.20415861369298569,0.20415861369298569,32557984.047500003,1.0,1,exclude,1,30,28,0.446628,0.009312,0.9994,ok,0.04174512171817768,0.9434422406242612,0.9998783521425096,28,0.014705882352941124,0.001743724938431642,1,500000.0,2023-01_2025-06
2,C2 Ridge + régime,2024-12,2024-12-31,P_selected,CFG,0.07092117453999704,BUY,0.23745985377820367,0.23745985377820367,0.23745985377820367,8865253.3,1.0,1,exclude,1,30,28,0.446628,0.009312,0.9994,ok,0.04174512171817768,0.9434422406242612,0.9998783521425096,28,0.07474568774878376,0.005301051966943611,1,500000.0,2023-01_2025-06
2,C2 Ridge + régime,2024-12,2024-12-31,P_selected,CTM,0.07081206084789819,BUY,0.6566641512995912,0.6566641512995912,0.6566641512995912,599350.38,0.9962774099988266,1,exclude,1,30,28,0.446628,0.009312,0.9994,ok,0.04174512171817768,0.9434422406242612,0.9998783521425096,28,-0.09618573797678276,-0.006811110330311933,1,500000.0,2023-01_2025-06
2,C2 Ridge + régime,2024-12,2024-12-31,P_selected,MUT,0.056869613042771744,BUY,0.37017576446842704,0.37017576446842704,0.37017576446842704,1844883.2375,0.999999999991728,1,exclude,1,30,28,0.446628,0.009312,0.9994,ok,0.04174512171817768,0.9434422406242612,0.9998783521425096,28,0.08196721311475419,0.004661443692030476,1,500000.0,2023-01_2025-06
2,C2 Ridge + régime,2024-12,2024-12-31,P_selected,ADI,0.0516999323442512,BUY,1.153234102437362,1.153234102437362,1.153234102437362,19234488.669999998,1.0,1,exclude,1,30,28,0.446628,0.009312,0.9994,ok,0.04174512171817768,0.9434422406242612,0.9998783521425096,28,0.04230769230769238,0.002187304829949093,1,500000.0,2023-01_2025-06
2,C2 Ridge + régime,2024-12,2024-12-31,P_selected,RIS,0.04859243511976838,BUY,0.5168055930937261,0.5168055930937261,0.5168055930937261,1871500.9425000001,0.9999999999945968,1,exclude,1,30,28,0.446628,0.009312,0.9994,ok,0.04174512171817768,0.9434422406242612,0.9998783521425096,28,0.2293986636971046,0.01114703968226312,1,500000.0,2023-01_2025-06
2,C2 Ridge + régime,2024-12,2024-12-31,P_selected,MIC,0.045317829816666044,NEUTRAL,0.04866355783077243,0.04866355783077243,0.024331778915386217,572191.425,0.9942629855483078,1,exclude,1,30,28,0.446628,0.009312,0.9994,ok,0.04174512171817768,0.9434422406242612,0.9998783521425096,28,0.15898251192368829,0.007204742419183786,1,500000.0,2023-01_2025-06
2,C2 Ridge + régime,2024-12,2024-12-31,P_selected,JET,0.04347216193124667,BUY,0.8480353112418713,0.8480353112418713,0.8480353112418713,9101525.8,1.0,1,exclude,1,30,28,0.446628,0.009312,0.9994,ok,0.04174512171817768,0.9434422406242612,0.9998783521425096,28,0.07892204042348405,0.0034309117212340946,1,500000.0,2023-01_2025-06
2,C2 Ridge + régime,2024-12,2024-12-31,P_selected,SNP,0.03701312829770198,BUY,0.6719517956334715,0.6719517956334715,0.6719517956334715,2980050.79,1.0,1,exclude,1,30,28,0.446628,0.009312,0.9994,ok,0.04174512171817768,0.9434422406242612,0.9998783521425096,28,0.0078125,0.0002891650648257967,1,500000.0,2023-01_2025-06
2,C2 Ridge + régime,2024-12,2024-12-31,P_selected,ARD,0.03276967851471926,BUY,0.5179642112418319,0.5179642112418319,0.5179642112418319,1386358.4975000003,0.9999999873009159,1,exclude,1,30,28,0.446628,0.009312,0.9994,ok,0.04174512171817768,0.9434422406242612,0.9998783521425096,28,-0.013507939781398082,-0.00044265084403260227,1,500000.0,2023-01_2025-06
2,C2 Ridge + régime,2024-12,2024-12-31,P_selected,CSR,0.028994087844996203,BUY,0.12521022315383173,0.12521022315383173,0.12521022315383173,1597910.7675,0.9999999995697146,1,exclude,1,30,28,0.446628,0.009312,0.9994,ok,0.04174512171817768,0.9434422406242612,0.9998783521425096,28,0.09625668449197855,0.00279087476582851,1,500000.0,2023-01_2025-06
2,C2 Ridge + régime,2024-12,2024-12-31,P_selected,LES,0.026547523320716013,BUY,0.2200250756108253,0.2200250756108253,0.2200250756108253,3461192.3075,1.0,1,exclude,1,30,28,0.446628,0.009312,0.9994,ok,0.04174512171817768,0.9434422406242612,0.9998783521425096,28,-0.03448275862068961,-0.0009154318386453786,1,500000.0,2023-01_2025-06
2,C2 Ridge + régime,2024-12,2024-12-31,P_selected,AKT,0.026480603223136175,BUY,0.13777853833227102,0.13777853833227102,0.13777853833227102,9808443.75,1.0,1,exclude,1,30,28,0.446628,0.009312,0.9994,ok,0.04174512171817768,0.9434422406242612,0.9998783521425096,28,0.07363636363636372,0.0019499353282491207,1,500000.0,2023-01_2025-06
2,C2 Ridge + régime,2024-12,2024-12-31,P_selected,HPS,0.01938149595115331,BUY,0.41228613575935863,0.41228613575935863,0.41228613575935863,9382705.684999999,1.0,1,exclude,1,30,28,0.446628,0.009312,0.9994,ok,0.04174512171817768,0.9434422406242612,0.9998783521425096,28,0.07777777777777772,0.001507449685089701,1,500000.0,2023-01_2025-06
2,C2 Ridge + régime,2024-12,2024-12-31,P_selected,BCI,0.01754255365569637,BUY,0.43882416133403074,0.43882416133403074,0.43882416133403074,2761344.01,1.0,1,exclude,1,30,28,0.446628,0.009312,0.9994,ok,0.04174512171817768,0.9434422406242612,0.9998783521425096,28,0.07563025210084029,0.001326747755472834,1,500000.0,2023-01_2025-06
2,C2 Ridge + régime,2024-12,2024-12-31,P_selected,CIH,0.016272994046845818,BUY,0.26722354549860516,0.26722354549860516,0.26722354549860516,13122116.9525,1.0,1,exclude,1,30,28,0.446628,0.009312,0.9994,ok,0.04174512171817768,0.9434422406242612,0.9998783521425096,28,0.16455696202531644,0.002677834463405008,1,500000.0,2023-01_2025-06
2,C2 Ridge + régime,2024-12,2024-12-31,P_selected,LBV,0.011514432493573793,BUY,0.20154863298469905,0.20154863298469905,0.20154863298469905,4123204.15,1.0,1,exclude,1,30,28,0.446628,0.009312,0.9994,ok,0.04174512171817768,0.9434422406242612,0.9998783521425096,28,-0.0056470588235294494,-6.502267761077008e-05,1,500000.0,2023-01_2025-06
2,C2 Ridge + régime,2024-12,2024-12-31,P_selected,LHM,0.010911192617369638,NEUTRAL,0.030605023978437423,0.030605023978437423,0.015302511989218712,3164060.95,1.0,1,exclude,1,30,28,0.446628,0.009312,0.9994,ok,0.04174512171817768,0.9434422406242612,0.9998783521425096,28,0.021341463414634054,0.00023286081805361933,1,500000.0,2023-01_2025-06
2,C2 Ridge + régime,2024-12,2024-12-31,P_selected,ATL,0.010021684782299797,NEUTRAL,0.08162902956150625,0.08162902956150625,0.040814514780753125,586915.2775000001,0.9954616561010587,1,exclude,1,30,28,0.446628,0.009312,0.9994,ok,0.04174512171817768,0.9434422406242612,0.9998783521425096,28,0.24102154828411804,0.0024154419826452815,1,500000.0,2023-01_2025-06
2,C2 Ridge + régime,2024-12,2024-12-31,P_selected,RDS,0.006033058095625022,BUY,0.7708137299405027,0.7708137299405027,0.7708137299405027,8458131.6595,1.0,1,exclude,1,30,28,0.446628,0.009312,0.9994,ok,0.04174512171817768,0.9434422406242612,0.9998783521425096,28,0.43601474139026575,0.002630502265356393,1,500000.0,2023-01_2025-06
2,C2 Ridge + régime,2024-12,2024-12-31,P_selected,TQM,0.005481526040451597,NEUTRAL,-0.05394238566821849,-0.05394238566821849,-0.026971192834109245,10467392.6,1.0,1,exclude,1,30,28,0.446628,0.009312,0.9994,ok,0.04174512171817768,0.9434422406242612,0.9998783521425096,28,-0.010714285714285676,-5.8730636147695476e-05,1,500000.0,2023-01_2025-06
2,C2 Ridge + régime,2024-12,2024-12-31,P_selected,BCP,0.004464594112209919,NEUTRAL,0.0006398941085333093,0.0006398941085333093,0.00031994705426665465,29465503.514999997,1.0,1,exclude,1,30,28,0.446628,0.009312,0.9994,ok,0.04174512171817768,0.9434422406242612,0.9998783521425096,28,0.017857142857142794,7.972489486089113e-05,1,500000.0,2023-01_2025-06
2,C2 Ridge + régime,2024-12,2024-12-31,P_selected,MNG,0.004219782535517842,BUY,0.09763045976822839,0.09763045976822839,0.09763045976822839,3540111.7,1.0,1,exclude,1,30,28,0.446628,0.009312,0.9994,ok,0.04174512171817768,0.9434422406242612,0.9998783521425096,28,0.16131309565831264,0.0006807061838092667,1,500000.0,2023-01_2025-06
2,C2 Ridge + régime,2024-12,2024-12-31,P_selected,SID,0.0032262588447807233,BUY,0.3820922324355438,0.3820922324355438,0.3820922324355438,2329903.2800000003,0.9999999999999964,1,exclude,1,30,28,0.446628,0.009312,0.9994,ok,0.04174512171817768,0.9434422406242612,0.9998783521425096,28,0.1009523809523809,0.0003256985119492919,1,500000.0,2023-01_2025-06
2,C2 Ridge + régime,2024-12,2024-12-31,P_selected,CDM,0.0018477171739429209,BUY,0.20869979191945523,0.20869979191945523,0.20869979191945523,6680749.609999999,1.0,1,exclude,1,30,28,0.446628,0.009312,0.9994,ok,0.04174512171817768,0.9434422406242612,0.9998783521425096,28,0.16842105263157903,0.00031119447140091314,1,500000.0,2023-01_2025-06
2,C2 Ridge + régime,2024-12,2024-12-31,P_selected,CMT,0.0005097618873705496,BUY,0.3729414070967714,0.3729414070967714,0.3729414070967714,2348981.15,0.9999999999999973,1,exclude,1,30,28,0.446628,0.009312,0.9994,ok,0.04174512171817768,0.9434422406242612,0.9998783521425096,28,0.154320987654321,7.866695792755397e-05,1,500000.0,2023-01_2025-06
2,C2 Ridge + régime,2024-12,2024-12-31,P_selected,GAZ,0.00011744480382564356,NEUTRAL,0.09528913261499931,0.09528913261499931,0.04764456630749966,2086431.0,0.9999999999998266,1,exclude,1,30,28,0.446628,0.009312,0.9994,ok,0.04174512171817768,0.9434422406242612,0.9998783521425096,28,0.04122340425531923,4.841474625791167e-06,1,500000.0,2023-01_2025-06
2,C2 Ridge + régime,2025-01,2025-01-31,P_selected,IMO,0.1937711156401995,NEUTRAL,0.08742750831844728,0.08742750831844728,0.04371375415922364,651418.4484999999,0.9983783613537287,1,exclude,1,38,36,0.359292,0.007994,0.9994,ok,0.013829850876240002,0.9796539826486546,0.9999121092123018,36,0.010233592880978692,0.0019829747095548448,1,500000.0,2023-01_2025-06
2,C2 Ridge + régime,2025-01,2025-01-31,P_selected,ARD,0.08891048027383736,BUY,0.17049235489923456,0.17049235489923456,0.17049235489923456,3442800.7275000005,1.0,1,exclude,1,38,36,0.359292,0.007994,0.9994,ok,0.013829850876240002,0.9796539826486546,0.9999121092123018,36,0.007556675062972307,0.0006718676091221979,1,500000.0,2023-01_2025-06
2,C2 Ridge + régime,2025-01,2025-01-31,P_selected,JET,0.06798743812178518,BUY,1.0243492489215513,1.0243492489215513,1.0243492489215513,17213018.0,1.0,1,exclude,1,38,36,0.359292,0.007994,0.9994,ok,0.013829850876240002,0.9796539826486546,0.9999121092123018,36,0.11906893464637425,0.008095191826497252,1,500000.0,2023-01_2025-06
2,C2 Ridge + régime,2025-01,2025-01-31,P_selected,S2M,0.06224548465644037,BUY,0.8329035991343826,0.8329035991343826,0.8329035991343826,710440.4450000001,0.9993686679788972,1,exclude,1,38,36,0.359292,0.007994,0.9994,ok,0.013829850876240002,0.9796539826486546,0.9999121092123018,36,0.09870129870129873,0.0061437101738824286,1,500000.0,2023-01_2025-06
2,C2 Ridge + régime,2025-01,2025-01-31,P_selected,DYT,0.05378742216663859,BUY,0.8663557600170013,0.8663557600170013,0.8663557600170013,1492858.6,0.9999999976893514,1,exclude,1,38,36,0.359292,0.007994,0.9994,ok,0.013829850876240002,0.9796539826486546,0.9999121092123018,36,-0.020881289049654805,-0.0011231507094973906,1,500000.0,2023-01_2025-06
2,C2 Ridge + régime,2025-01,2025-01-31,P_selected,BCP,0.04847359220428765,NEUTRAL,0.02225027495619166,0.02225027495619166,0.01112513747809583,16120932.485,1.0,1,exclude,1,38,36,0.359292,0.007994,0.9994,ok,0.013829850876240002,0.9796539826486546,0.9999121092123018,36,-0.017192982456140316,-0.0008334056203544175,1,500000.0,2023-01_2025-06
2,C2 Ridge + régime,2025-01,2025-01-31,P_selected,CSR,0.04408817888899055,BUY,0.10718710774492621,0.10718710774492621,0.10718710774492621,14173975.5475,1.0,1,exclude,1,38,36,0.359292,0.007994,0.9994,ok,0.013829850876240002,0.9796539826486546,0.9999121092123018,36,-0.00952380952380949,-0.0004198874179903847,1,500000.0,2023-01_2025-06
2,C2 Ridge + régime,2025-01,2025-01-31,P_selected,DHO,0.041948226340523996,BUY,0.5831170777664628,0.5831170777664628,0.5831170777664628,7035798.239499999,1.0,1,exclude,1,38,36,0.359292,0.007994,0.9994,ok,0.013829850876240002,0.9796539826486546,0.9999121092123018,36,-0.02898550724637683,-0.0012158906185659136,1,500000.0,2023-01_2025-06
2,C2 Ridge + régime,2025-01,2025-01-31,P_selected,CTM,0.04110552039077631,BUY,0.4910962817426257,0.4910962817426257,0.4910962817426257,1445230.8,0.9999999950490819,1,exclude,1,38,36,0.359292,0.007994,0.9994,ok,0.013829850876240002,0.9796539826486546,0.9999121092123018,36,0.026827012025901986,0.0011027382898543153,1,500000.0,2023-01_2025-06
2,C2 Ridge + régime,2025-01,2025-01-31,P_selected,ATL,0.035681843990182,BUY,0.3104571318451826,0.3104571318451826,0.3104571318451826,7158556.58,1.0,1,exclude,1,38,36,0.359292,0.007994,0.9994,ok,0.013829850876240002,0.9796539826486546,0.9999121092123018,36,-0.0071428571428571175,-0.0002548703142155848,1,500000.0,2023-01_2025-06
2,C2 Ridge + régime,2025-01,2025-01-31,P_selected,SNP,0.030939897203212077,BUY,0.27223730175728394,0.27223730175728394,0.27223730175728394,2261780.23,0.9999999999999896,1,exclude,1,38,36,0.359292,0.007994,0.9994,ok,0.013829850876240002,0.9796539826486546,0.9999121092123018,36,-0.06201550387596899,-0.0019187533149278807,1,500000.0,2023-01_2025-06
2,C2 Ridge + régime,2025-01,2025-01-31,P_selected,LBV,0.029475310523600296,NEUTRAL,-0.011756284546948402,-0.011756284546948402,-0.005878142273474201,5880402.0,1.0,1,exclude,1,38,36,0.359292,0.007994,0.9994,ok,0.013829850876240002,0.9796539826486546,0.9999121092123018,36,-0.04563445867287541,-0.0013450898399594074,1,500000.0,2023-01_2025-06
2,C2 Ridge + régime,2025-01,2025-01-31,P_selected,TMA,0.028700330613350065,NEUTRAL,-0.03601676936048622,-0.03601676936048622,-0.01800838468024311,5485131.7,1.0,1,exclude,1,38,36,0.359292,0.007994,0.9994,ok,0.013829850876240002,0.9796539826486546,0.9999121092123018,36,0.026298909557408656,0.0007547873990682202,1,500000.0,2023-01_2025-06
2,C2 Ridge + régime,2025-01,2025-01-31,P_selected,ATH,0.02727578993043637,BUY,0.36242136849161866,0.36242136849161866,0.36242136849161866,2578353.4235,1.0,1,exclude,1,38,36,0.359292,0.007994,0.9994,ok,0.013829850876240002,0.9796539826486546,0.9999121092123018,36,0.09128508124076795,0.0024898726997060043,1,500000.0,2023-01_2025-06
2,C2 Ridge + régime,2025-01,2025-01-31,P_selected,SRM,0.025695608562648835,BUY,0.77734578457387,0.77734578457387,0.77734578457387,585947.4424999999,0.9953911576736926,1,exclude,1,38,36,0.359292,0.007994,0.9994,ok,0.013829850876240002,0.9796539826486546,0.9999121092123018,36,-0.10495722746216274,-0.0026969398326886305,1,500000.0,2023-01_2025-06
2,C2 Ridge + régime,2025-01,2025-01-31,P_selected,DWY,0.02484161026817033,BUY,0.24732170381499743,0.24732170381499743,0.24732170381499743,584488.62,0.9952828300727027,1,exclude,1,38,36,0.359292,0.007994,0.9994,ok,0.013829850876240002,0.9796539826486546,0.9999121092123018,36,0.03886721572027163,0.000965524225131891,1,500000.0,2023-01_2025-06
2,C2 Ridge + régime,2025-01,2025-01-31,P_selected,MUT,0.02127174602064063,BUY,0.32629864086290306,0.32629864086290306,0.32629864086290306,7664555.635,1.0,1,exclude,1,38,36,0.359292,0.007994,0.9994,ok,0.013829850876240002,0.9796539826486546,0.9999121092123018,36,-0.06060606060606055,-0.0012891967285236733,1,500000.0,2023-01_2025-06
2,C2 Ridge + régime,2025-01,2025-01-31,P_selected,RDS,0.020353612029270645,BUY,1.025775509651746,1.025775509651746,1.025775509651746,31175995.342,1.0,1,exclude,1,38,36,0.359292,0.007994,0.9994,ok,0.013829850876240002,0.9796539826486546,0.9999121092123018,36,0.04018058690744919,0.0008178200770226124,1,500000.0,2023-01_2025-06
2,C2 Ridge + régime,2025-01,2025-01-31,P_selected,RIS,0.015546387425824025,BUY,0.3938013434291404,0.3938013434291404,0.3938013434291404,4453792.8525,1.0,1,exclude,1,38,36,0.359292,0.007994,0.9994,ok,0.013829850876240002,0.9796539826486546,0.9999121092123018,36,-0.010600706713780883,-0.00016480269355997144,1,500000.0,2023-01_2025-06
2,C2 Ridge + régime,2025-01,2025-01-31,P_selected,BOA,0.01550675202350641,BUY,0.126005283311132,0.126005283311132,0.126005283311132,3689415.745,1.0,1,exclude,1,38,36,0.359292,0.007994,0.9994,ok,0.013829850876240002,0.9796539826486546,0.9999121092123018,36,-0.054441260744985676,-0.0008442071302195468,1,500000.0,2023-01_2025-06
2,C2 Ridge + régime,2025-01,2025-01-31,P_selected,MSA,0.01526420237903626,NEUTRAL,-0.01749413171703778,-0.01749413171703778,-0.00874706585851889,30208990.4,1.0,1,exclude,1,38,36,0.359292,0.007994,0.9994,ok,0.013829850876240002,0.9796539826486546,0.9999121092123018,36,0.2139883430474605,0.003266361375031074,1,500000.0,2023-01_2025-06
2,C2 Ridge + régime,2025-01,2025-01-31,P_selected,CIH,0.015145774524508826,BUY,0.2302270453136241,0.2302270453136241,0.2302270453136241,6351091.5200000005,1.0,1,exclude,1,38,36,0.359292,0.007994,0.9994,ok,0.013829850876240002,0.9796539826486546,0.9999121092123018,36,-0.010654490106544845,-0.00016137050482733825,1,500000.0,2023-01_2025-06
2,C2 Ridge + régime,2025-01,2025-01-31,P_selected,HPS,0.014716846200790305,BUY,0.16902723416581644,0.16902723416581644,0.16902723416581644,17476655.43,1.0,1,exclude,1,38,36,0.359292,0.007994,0.9994,ok,0.013829850876240002,0.9796539826486546,0.9999121092123018,36,-0.038181818181818206,-0.0005619159458483575,1,500000.0,2023-01_2025-06
2,C2 Ridge + régime,2025-01,2025-01-31,P_selected,SID,0.014424905282728353,BUY,0.4746018409595054,0.4746018409595054,0.4746018409595054,7324944.0,1.0,1,exclude,1,38,36,0.359292,0.007994,0.9994,ok,0.013829850876240002,0.9796539826486546,0.9999121092123018,36,0.1643270024772916,0.002370401446129599,1,500000.0,2023-01_2025-06
2,C2 Ridge + régime,2025-01,2025-01-31,P_selected,CFG,0.009801059070181492,BUY,0.2807345176161053,0.2807345176161053,0.2807345176161053,20518734.5775,1.0,1,exclude,1,38,36,0.359292,0.007994,0.9994,ok,0.013829850876240002,0.9796539826486546,0.9999121092123018,36,-0.02066115702479343,-0.0002025012204582957,1,500000.0,2023-01_2025-06
2,C2 Ridge + régime,2025-01,2025-01-31,P_selected,BCI,0.0069457121892466745,BUY,0.2124952589606661,0.2124952589606661,0.2124952589606661,6009433.39,1.0,1,exclude,1,38,36,0.359292,0.007994,0.9994,ok,0.013829850876240002,0.9796539826486546,0.9999121092123018,36,-0.043927648578811374,-0.0003051088041787945,1,500000.0,2023-01_2025-06
2,C2 Ridge + régime,2025-01,2025-01-31,P_selected,ADI,0.0015291374561482622,BUY,0.943725708668646,0.943725708668646,0.943725708668646,40450865.475,1.0,1,exclude,1,38,36,0.359292,0.007994,0.9994,ok,0.013829850876240002,0.9796539826486546,0.9999121092123018,36,0.07042253521126751,0.00010768573634846903,1,500000.0,2023-01_2025-06
2,C2 Ridge + régime,2025-01,2025-01-31,P_selected,LHM,0.001254740254053682,NEUTRAL,-0.04891454304702902,-0.04891454304702902,-0.02445727152351451,14988486.5,1.0,1,exclude,1,38,36,0.359292,0.007994,0.9994,ok,0.013829850876240002,0.9796539826486546,0.9999121092123018,36,-0.05047476261869066,-6.333271647147522e-05,1,500000.0,2023-01_2025-06
2,C2 Ridge + régime,2025-01,2025-01-31,P_selected,MNG,0.0007421463512311489,BUY,0.17056337780417513,0.17056337780417513,0.17056337780417513,5081623.5,1.0,1,exclude,1,38,36,0.359292,0.007994,0.9994,ok,0.013829850876240002,0.9796539826486546,0.9999121092123018,36,0.1470588235294117,0.00010913916929869831,1,500000.0,2023-01_2025-06
2,C2 Ridge + régime,2025-01,2025-01-31,P_selected,SOT,0.0006588344695427373,NEUTRAL,-0.033961901443232044,-0.033961901443232044,-0.016980950721616022,888634.7849999999,0.9999634998088666,1,exclude,1,38,36,0.359292,0.007994,0.9994,ok,0.013829850876240002,0.9796539826486546,0.9999121092123018,36,0.08615384615384625,5.676112352983589e-05,1,500000.0,2023-01_2025-06
2,C2 Ridge + régime,2025-01,2025-01-31,P_selected,CDM,0.0005171277553588789,BUY,0.26128113011739584,0.26128113011739584,0.26128113011739584,11743115.73,1.0,1,exclude,1,38,36,0.359292,0.007994,0.9994,ok,0.013829850876240002,0.9796539826486546,0.9999121092123018,36,-0.008108108108108136,-4.1929277461530866e-06,1,500000.0,2023-01_2025-06
2,C2 Ridge + régime,2025-01,2025-01-31,P_selected,AKT,0.00034471644539953503,BUY,0.13286312835958564,0.13286312835958564,0.13286312835958564,26306633.45,1.0,1,exclude,1,38,36,0.359292,0.007994,0.9994,ok,0.013829850876240002,0.9796539826486546,0.9999121092123018,36,0.013733905579399242,4.734303112783348e-06,1,500000.0,2023-01_2025-06
2,C2 Ridge + régime,2025-01,2025-01-31,P_selected,CMT,0.00031615897872350803,BUY,0.372106772263911,0.372106772263911,0.372106772263911,2333491.5,0.9999999999999967,1,exclude,1,38,36,0.359292,0.007994,0.9994,ok,0.013829850876240002,0.9796539826486546,0.9999121092123018,36,-0.06266738082485268,-1.9812855120862574e-05,1,500000.0,2023-01_2025-06
2,C2 Ridge + régime,2025-01,2025-01-31,P_selected,GAZ,0.0003151796468876807,NEUTRAL,0.003510839785397353,0.003510839785397353,0.0017554198926986765,2889641.75,1.0,1,exclude,1,38,36,0.359292,0.007994,0.9994,ok,0.013829850876240002,0.9796539826486546,0.9999121092123018,36,0.09974811083123436,3.143857434950168e-05,1,500000.0,2023-01_2025-06
2,C2 Ridge + régime,2025-01,2025-01-31,P_selected,ATW,0.0001972186189357414,NEUTRAL,-0.08424659981893118,-0.08424659981893118,-0.04212329990946559,60925777.205,1.0,1,exclude,1,38,36,0.359292,0.007994,0.9994,ok,0.013829850876240002,0.9796539826486546,0.9999121092123018,36,0.026130169926258606,5.153356025412966e-06,1,500000.0,2023-01_2025-06
2,C2 Ridge + régime,2025-01,2025-01-31,P_selected,ADH,0.00013200231520764413,BUY,0.5218244043736536,0.5218244043736536,0.5218244043736536,32709665.888499998,1.0,1,exclude,1,38,36,0.359292,0.007994,0.9994,ok,0.013829850876240002,0.9796539826486546,0.9999121092123018,36,-0.06763392857142847,-8.927835158016988e-06,1,500000.0,2023-01_2025-06
2,C2 Ridge + régime,2025-02,2025-02-28,P_selected,IMO,0.17536939422069855,BUY,0.15595262858181905,0.15595262858181905,0.15595262858181905,602703.0585,0.9964711527671459,1,exclude,1,37,32,0.349959,0.007787,0.9994,ok,0.054420708403122076,0.6672597053921198,0.999832470499436,32,0.0066820024099025765,0.0011718187148058628,1,500000.0,2023-01_2025-06
2,C2 Ridge + régime,2025-02,2025-02-28,P_selected,ARD,0.08284142724719123,BUY,0.18240763023103948,0.18240763023103948,0.18240763023103948,4176284.78,1.0,1,exclude,1,37,32,0.349959,0.007787,0.9994,ok,0.054420708403122076,0.6672597053921198,0.999832470499436,32,0.00812330764424063,0.0006729463992169125,1,500000.0,2023-01_2025-06
2,C2 Ridge + régime,2025-02,2025-02-28,P_selected,MSA,0.06995141765709068,BUY,0.1558375321288579,0.1558375321288579,0.1558375321288579,34379217.95,1.0,1,exclude,1,37,32,0.349959,0.007787,0.9994,ok,0.054420708403122076,0.6672597053921198,0.999832470499436,32,0.04166666666666674,0.0029146424023787833,1,500000.0,2023-01_2025-06
2,C2 Ridge + régime,2025-02,2025-02-28,P_selected,FBR,0.05985511179704558,BUY,1.4346540869943945,1.4346540869943945,1.4346540869943945,1119974.6800000002,0.9999990988515046,1,exclude,1,37,32,0.349959,0.007787,0.9994,ok,0.054420708403122076,0.6672597053921198,0.999832470499436,32,0.46996838777660677,0.028130010391446067,1,500000.0,2023-01_2025-06
2,C2 Ridge + régime,2025-02,2025-02-28,P_selected,S2M,0.05876794646382724,BUY,1.1583504297696903,1.1583504297696903,1.1583504297696903,1653460.0699999998,0.9999999998230866,1,exclude,1,37,32,0.349959,0.007787,0.9994,ok,0.054420708403122076,0.6672597053921198,0.999832470499436,32,0.00872024510959224,0.000512470897751968,1,500000.0,2023-01_2025-06
2,C2 Ridge + régime,2025-02,2025-02-28,P_selected,JET,0.057964533436809504,BUY,1.1248158168884084,1.1248158168884084,1.1248158168884084,17600333.0,1.0,1,exclude,1,37,32,0.349959,0.007787,0.9994,ok,0.054420708403122076,0.6672597053921198,0.999832470499436,32,-0.040000000000000036,-0.002318581337472382,1,500000.0,2023-01_2025-06
2,C2 Ridge + régime,2025-02,2025-02-28,P_selected,ATW,0.05733003194747512,NEUTRAL,-0.03677646757553093,-0.03677646757553093,-0.018388233787765464,35525980.615,1.0,1,exclude,1,37,32,0.349959,0.007787,0.9994,ok,0.054420708403122076,0.6672597053921198,0.999832470499436,32,0.08496124031007746,0.004870830621273851,1,500000.0,2023-01_2025-06
2,C2 Ridge + régime,2025-02,2025-02-28,P_selected,EQD,0.05369039703137087,NEUTRAL,0.09766313224540199,0.09766313224540199,0.048831566122700995,1046541.7,0.9999970821692682,1,exclude,1,37,32,0.349959,0.007787,0.9994,ok,0.054420708403122076,0.6672597053921198,0.999832470499436,32,0.05714285714285716,0.003068022687506908,1,500000.0,2023-01_2025-06
2,C2 Ridge + régime,2025-02,2025-02-28,P_selected,CSR,0.048427835011599606,NEUTRAL,0.061032100156104996,0.061032100156104996,0.030516050078052498,6569467.6,1.0,1,exclude,1,37,32,0.349959,0.007787,0.9994,ok,0.054420708403122076,0.6672597053921198,0.999832470499436,32,0.08653846153846145,0.0041908703375422695,1,500000.0,2023-01_2025-06
2,C2 Ridge + régime,2025-02,2025-02-28,P_selected,TMA,0.04060880841423679,NEUTRAL,-0.029021156549082515,-0.029021156549082515,-0.014510578274541257,2266197.9,0.9999999999999902,1,exclude,1,37,32,0.349959,0.007787,0.9994,ok,0.054420708403122076,0.6672597053921198,0.999832470499436,32,0.1556249999999999,0.006319745809465596,1,500000.0,2023-01_2025-06
2,C2 Ridge + régime,2025-02,2025-02-28,P_selected,ATL,0.03774264949472837,BUY,0.16132913831999665,0.16132913831999665,0.16132913831999665,2620898.925,1.0,1,exclude,1,37,32,0.349959,0.007787,0.9994,ok,0.054420708403122076,0.6672597053921198,0.999832470499436,32,-0.07023411371237454,-0.002650821536419048,1,500000.0,2023-01_2025-06
2,C2 Ridge + régime,2025-02,2025-02-28,P_selected,ADI,0.03676445821941858,BUY,0.947668661755238,0.947668661755238,0.947668661755238,31471320.385,1.0,1,exclude,1,37,32,0.349959,0.007787,0.9994,ok,0.054420708403122076,0.6672597053921198,0.999832470499436,32,-0.034782608695652195,-0.0012787637641536904,1,500000.0,2023-01_2025-06
2,C2 Ridge + régime,2025-02,2025-02-28,P_selected,BCP,0.029898044032553306,NEUTRAL,-0.04574847969349093,-0.04574847969349093,-0.022874239846745466,14251146.0425,1.0,1,exclude,1,37,32,0.349959,0.007787,0.9994,ok,0.054420708403122076,0.6672597053921198,0.999832470499436,32,-0.010994764397905699,-0.000328721950096134,1,500000.0,2023-01_2025-06
2,C2 Ridge + régime,2025-02,2025-02-28,P_selected,SNP,0.026037196583116366,NEUTRAL,0.09678117245409679,0.09678117245409679,0.04839058622704839,2050044.405,0.9999999999996896,1,exclude,1,37,32,0.349959,0.007787,0.9994,ok,0.054420708403122076,0.6672597053921198,0.999832470499436,32,0.018347107438016597,0.0004777072430951946,1,500000.0,2023-01_2025-06
2,C2 Ridge + régime,2025-02,2025-02-28,P_selected,BOA,0.02539260689394734,NEUTRAL,0.018189477061279512,0.018189477061279512,0.009094738530639756,3357119.9475000002,1.0,1,exclude,1,37,32,0.349959,0.007787,0.9994,ok,0.054420708403122076,0.6672597053921198,0.999832470499436,32,-0.020499999999999963,-0.0005205484413259195,1,500000.0,2023-01_2025-06
2,C2 Ridge + régime,2025-02,2025-02-28,P_selected,MUT,0.025115598848878727,BUY,0.18952418993138387,0.18952418993138387,0.18952418993138387,3306766.205,1.0,1,exclude,1,37,32,0.349959,0.007787,0.9994,ok,0.054420708403122076,0.6672597053921198,0.999832470499436,32,-0.0016103059581320522,-4.044379846840393e-05,1,500000.0,2023-01_2025-06
2,C2 Ridge + régime,2025-02,2025-02-28,P_selected,DHO,0.02125309754500546,BUY,0.20612469789510837,0.20612469789510837,0.20612469789510837,1351031.829,0.9999999776515593,1,exclude,1,37,32,0.349959,0.007787,0.9994,ok,0.054420708403122076,0.6672597053921198,0.999832470499436,32,0.24242424242424243,0.005152266071516475,1,500000.0,2023-01_2025-06
2,C2 Ridge + régime,2025-02,2025-02-28,P_selected,LBV,0.020752149529434563,NEUTRAL,0.01602073688860583,0.01602073688860583,0.008010368444302914,5561387.85,1.0,1,exclude,1,37,32,0.349959,0.007787,0.9994,ok,0.054420708403122076,0.6672597053921198,0.999832470499436,32,0.08024390243902446,0.0016652334622399944,1,500000.0,2023-01_2025-06
2,C2 Ridge + régime,2025-02,2025-02-28,P_selected,CMT,0.019209613657577486,BUY,0.19419102398009375,0.19419102398009375,0.19419102398009375,1911676.95,0.9999999999971589,1,exclude,1,37,32,0.349959,0.007787,0.9994,ok,0.054420708403122076,0.6672597053921198,0.999832470499436,32,0.11428571428571432,0.002195384418008856,1,500000.0,2023-01_2025-06
2,C2 Ridge + régime,2025-02,2025-02-28,P_selected,ATH,0.013435572753879452,BUY,0.5932085760020102,0.5932085760020102,0.5932085760020102,3644003.9075,1.0,1,exclude,1,37,32,0.349959,0.007787,0.9994,ok,0.054420708403122076,0.6672597053921198,0.999832470499436,32,0.01971447994561526,0.0002648753296142112,1,500000.0,2023-01_2025-06
2,C2 Ridge + régime,2025-02,2025-02-28,P_selected,BCI,0.010961772824120551,BUY,0.11940870582023547,0.11940870582023547,0.11940870582023547,1053016.7149999996,0.9999973693249473,1,exclude,1,37,32,0.349959,0.007787,0.9994,ok,0.054420708403122076,0.6672597053921198,0.999832470499436,32,-0.06687402799377917,-0.0007330579027016855,1,500000.0,2023-01_2025-06
2,C2 Ridge + régime,2025-02,2025-02-28,P_selected,MNG,0.008841103265495545,BUY,0.38570873719375565,0.38570873719375565,0.38570873719375565,5114983.85,1.0,1,exclude,1,37,32,0.349959,0.007787,0.9994,ok,0.054420708403122076,0.6672597053921198,0.999832470499436,32,0.26767676767676774,0.0023665579448043637,1,500000.0,2023-01_2025-06
2,C2 Ridge + régime,2025-02,2025-02-28,P_selected,TQM,0.005367014449510617,BUY,0.13551726975204406,0.13551726975204406,0.13551726975204406,20271351.25,1.0,1,exclude,1,37,32,0.349959,0.007787,0.9994,ok,0.054420708403122076,0.6672597053921198,0.999832470499436,32,0.3791044776119403,0.002034659209217458,1,500000.0,2023-01_2025-06
2,C2 Ridge + régime,2025-02,2025-02-28,P_selected,CIH,0.005114012020602464,BUY,0.11870497919400719,0.11870497919400719,0.11870497919400719,3723531.505,1.0,1,exclude,1,37,32,0.349959,0.007787,0.9994,ok,0.054420708403122076,0.6672597053921198,0.999832470499436,32,-0.0888888888888889,-0.0004545788462757747,1,500000.0,2023-01_2025-06
2,C2 Ridge + régime,2025-02,2025-02-28,P_selected,SLF,0.0025563763386625337,BUY,0.38111465226096464,0.38111465226096464,0.38111465226096464,3731569.3549999995,1.0,1,exclude,1,37,32,0.349959,0.007787,0.9994,ok,0.054420708403122076,0.6672597053921198,0.999832470499436,32,0.16600449127655903,0.0004243699536111065,1,500000.0,2023-01_2025-06
2,C2 Ridge + régime,2025-02,2025-02-28,P_selected,HPS,0.0017893771845818697,NEUTRAL,-0.013491360645495575,-0.013491360645495575,-0.006745680322747787,3887198.15,1.0,1,exclude,1,37,32,0.349959,0.007787,0.9994,ok,0.054420708403122076,0.6672597053921198,0.999832470499436,32,-0.0064102564102563875,-1.1470366567832458e-05,1,500000.0,2023-01_2025-06
2,C2 Ridge + régime,2025-02,2025-02-28,P_selected,AKT,0.0017303277093700243,NEUTRAL,0.045398960645728764,0.045398960645728764,0.022699480322864382,26863110.35,1.0,1,exclude,1,37,32,0.349959,0.007787,0.9994,ok,0.054420708403122076,0.6672597053921198,0.999832470499436,32,0.0744500846023688,0.0001288230443524213,1,500000.0,2023-01_2025-06
2,C2 Ridge + régime,2025-02,2025-02-28,P_selected,SID,0.0013694585390100224,BUY,0.839262402997489,0.839262402997489,0.839262402997489,9128184.9,1.0,1,exclude,1,37,32,0.349959,0.007787,0.9994,ok,0.054420708403122076,0.6672597053921198,0.999832470499436,32,0.34751773049645385,0.0004759111234857524,1,500000.0,2023-01_2025-06
2,C2 Ridge + régime,2025-02,2025-02-28,P_selected,TGC,0.0006330537344893259,BUY,0.43630695667328057,0.43630695667328057,0.43630695667328057,27528112.18,1.0,1,exclude,1,37,32,0.349959,0.007787,0.9994,ok,0.054420708403122076,0.6672597053921198,0.999832470499436,32,0.021897810218978186,1.3862490536262663e-05,1,500000.0,2023-01_2025-06
2,C2 Ridge + régime,2025-02,2025-02-28,P_selected,SOT,0.0004322607574283946,BUY,0.15400180211632913,0.15400180211632913,0.15400180211632913,2547633.4,1.0,1,exclude,1,37,32,0.349959,0.007787,0.9994,ok,0.054420708403122076,0.6672597053921198,0.999832470499436,32,0.07452830188679238,3.2215660223436925e-05,1,500000.0,2023-01_2025-06
2,C2 Ridge + régime,2025-02,2025-02-28,P_selected,CFG,0.0003525565598074014,BUY,0.13931738813176334,0.13931738813176334,0.13931738813176334,6187249.0075,1.0,1,exclude,1,37,32,0.349959,0.007787,0.9994,ok,0.054420708403122076,0.6672597053921198,0.999832470499436,32,-0.062304646801416896,-2.1965911936322755e-05,1,500000.0,2023-01_2025-06
2,C2 Ridge + régime,2025-02,2025-02-28,P_selected,RDS,0.0002772663304726023,BUY,0.5741980702385595,0.5741980702385595,0.5741980702385595,15914818.1125,1.0,1,exclude,1,37,32,0.349959,0.007787,0.9994,ok,0.054420708403122076,0.6672597053921198,0.999832470499436,32,-0.007337073802330507,-2.034323529578843e-06,1,500000.0,2023-01_2025-06
2,C2 Ridge + régime,2025-03,2025-03-28,P_selected,FBR,0.11101689546530306,BUY,2.03177479260925,2.03177479260925,2.03177479260925,2909726.0524999998,1.0,1,exclude,1,40,40,0.560444,0.009533,0.9999,ok,0.007377943325694192,1.1014600200588156,1.0,40,0.03870967741935494,0.0042974282115601295,1,500000.0,2023-01_2025-06
2,C2 Ridge + régime,2025-03,2025-03-28,P_selected,ALM,0.08711119769169406,BUY,0.696793228797672,0.696793228797672,0.696793228797672,964551.7,0.9999891661821522,1,exclude,1,40,40,0.560444,0.009533,0.9999,ok,0.007377943325694192,1.1014600200588156,1.0,40,0.024157303370786476,0.0021043716296308083,1,500000.0,2023-01_2025-06
2,C2 Ridge + régime,2025-03,2025-03-28,P_selected,IMO,0.06920012921267654,BUY,0.17990442652390823,0.17990442652390823,0.17990442652390823,1046384.7715,0.9999970748338315,1,exclude,1,40,40,0.560444,0.009533,0.9999,ok,0.007377943325694192,1.1014600200588156,1.0,40,-0.019586507072905435,-0.001355388820270059,1,500000.0,2023-01_2025-06
2,C2 Ridge + régime,2025-03,2025-03-28,P_selected,TQM,0.04936860560984087,BUY,0.414116859472827,0.414116859472827,0.414116859472827,20194720.4,1.0,1,exclude,1,40,40,0.560444,0.009533,0.9999,ok,0.007377943325694192,1.1014600200588156,1.0,40,0.038528138528138633,0.001902080475876991,1,500000.0,2023-01_2025-06
2,C2 Ridge + régime,2025-03,2025-03-28,P_selected,ATH,0.0482656168305842,BUY,0.36140675768977626,0.36140675768977626,0.36140675768977626,1473696.0514999998,0.9999999968602944,1,exclude,1,40,40,0.560444,0.009533,0.9999,ok,0.007377943325694192,1.1014600200588156,1.0,40,0.020000000000000018,0.0009653123366116849,1,500000.0,2023-01_2025-06
2,C2 Ridge + régime,2025-03,2025-03-28,P_selected,JET,0.04368223272151487,BUY,0.7919493554843369,0.7919493554843369,0.7919493554843369,22891245.7,1.0,1,exclude,1,40,40,0.560444,0.009533,0.9999,ok,0.007377943325694192,1.1014600200588156,1.0,40,-0.10416666666666663,-0.004550232575157798,1,500000.0,2023-01_2025-06
2,C2 Ridge + régime,2025-03,2025-03-28,P_selected,DYT,0.0417484078490822,BUY,0.6691820681773762,0.6691820681773762,0.6691820681773762,864606.1074999999,0.9999463887343911,1,exclude,1,40,40,0.560444,0.009533,0.9999,ok,0.007377943325694192,1.1014600200588156,1.0,40,0.041207927021075896,0.0017203653438910916,1,500000.0,2023-01_2025-06
2,C2 Ridge + régime,2025-03,2025-03-28,P_selected,SID,0.04121887830980494,BUY,0.974630710684214,0.974630710684214,0.974630710684214,13314217.6,1.0,1,exclude,1,40,40,0.560444,0.009533,0.9999,ok,0.007377943325694192,1.1014600200588156,1.0,40,0.10526315789473695,0.004338829295768946,1,500000.0,2023-01_2025-06
2,C2 Ridge + régime,2025-03,2025-03-28,P_selected,EQD,0.03931176007422167,BUY,0.23248014582686818,0.23248014582686818,0.23248014582686818,1698691.3,0.9999999999142051,1,exclude,1,40,40,0.560444,0.009533,0.9999,ok,0.007377943325694192,1.1014600200588156,1.0,40,-0.058558558558558516,-0.0023020400043463124,1,500000.0,2023-01_2025-06
2,C2 Ridge + régime,2025-03,2025-03-28,P_selected,DHO,0.03629903604055363,BUY,0.5800861110320696,0.5800861110320696,0.5800861110320696,3481594.2685000002,1.0,1,exclude,1,40,40,0.560444,0.009533,0.9999,ok,0.007377943325694192,1.1014600200588156,1.0,40,0.0060975609756097615,0.0002213355856131321,1,500000.0,2023-01_2025-06
2,C2 Ridge + régime,2025-03,2025-03-28,P_selected,CSR,0.03364831332021287,BUY,0.194652572079768,0.194652572079768,0.194652572079768,13222201.5575,1.0,1,exclude,1,40,40,0.560444,0.009533,0.9999,ok,0.007377943325694192,1.1014600200588156,1.0,40,0.04867256637168138,0.0016377497633731915,1,500000.0,2023-01_2025-06
2,C2 Ridge + régime,2025-03,2025-03-28,P_selected,BOA,0.03243875957493292,NEUTRAL,-0.029729888308970727,-0.029729888308970727,-0.014864944154485363,9082371.745000001,1.0,1,exclude,1,40,40,0.560444,0.009533,0.9999,ok,0.007377943325694192,1.1014600200588156,1.0,40,0.1383358856559469,0.004487444535378673,1,500000.0,2023-01_2025-06
2,C2 Ridge + régime,2025-03,2025-03-28,P_selected,HPS,0.03241808008257415,NEUTRAL,-0.059465775966681754,-0.059465775966681754,-0.029732887983340877,3962919.1150000007,1.0,1,exclude,1,40,40,0.560444,0.009533,0.9999,ok,0.007377943325694192,1.1014600200588156,1.0,40,-0.08225806451612905,-0.0026666485229214225,1,500000.0,2023-01_2025-06
2,C2 Ridge + régime,2025-03,2025-03-28,P_selected,MNG,0.030691652857639203,BUY,0.5649816822361504,0.5649816822361504,0.5649816822361504,12313694.45,1.0,1,exclude,1,40,40,0.560444,0.009533,0.9999,ok,0.007377943325694192,1.1014600200588156,1.0,40,-0.0007968127490040056,-2.4455500284972136e-05,1,500000.0,2023-01_2025-06
2,C2 Ridge + régime,2025-03,2025-03-28,P_selected,TMA,0.029727154846749808,BUY,0.18135348234405202,0.18135348234405202,0.18135348234405202,7612600.05,1.0,1,exclude,1,40,40,0.560444,0.009533,0.9999,ok,0.007377943325694192,1.1014600200588156,1.0,40,0.029120879120879017,0.000865680882899854,1,500000.0,2023-01_2025-06
2,C2 Ridge + régime,2025-03,2025-03-28,P_selected,MIC,0.028920284784315402,BUY,0.30200159930682696,0.30200159930682696,0.30200159930682696,889842.365,0.9999641982449636,1,exclude,1,40,40,0.560444,0.009533,0.9999,ok,0.007377943325694192,1.1014600200588156,1.0,40,-0.01820388349514568,-0.0005264614948601119,1,500000.0,2023-01_2025-06
2,C2 Ridge + régime,2025-03,2025-03-28,P_selected,DWY,0.026569886850676655,BUY,0.3386636291092519,0.3386636291092519,0.3386636291092519,825540.065,0.9998998399553735,1,exclude,1,40,40,0.560444,0.009533,0.9999,ok,0.007377943325694192,1.1014600200588156,1.0,40,-0.028507126781695313,-0.0007574311330275387,1,500000.0,2023-01_2025-06
2,C2 Ridge + régime,2025-03,2025-03-28,P_selected,CMG,0.023734240970140284,BUY,0.314627526964694,0.314627526964694,0.314627526964694,13594064.285,1.0,1,exclude,1,40,40,0.560444,0.009533,0.9999,ok,0.007377943325694192,1.1014600200588156,1.0,40,-0.06032130948772352,-0.0014316804950160393,1,500000.0,2023-01_2025-06
2,C2 Ridge + régime,2025-03,2025-03-28,P_selected,ARD,0.019459434058278064,BUY,0.18653548670087247,0.18653548670087247,0.18653548670087247,2902702.087500001,1.0,1,exclude,1,40,40,0.560444,0.009533,0.9999,ok,0.007377943325694192,1.1014600200588156,1.0,40,-0.018388429752066116,-0.000357828436195609,1,500000.0,2023-01_2025-06
2,C2 Ridge + régime,2025-03,2025-03-28,P_selected,SOT,0.01887496727780267,NEUTRAL,0.05987821363335531,0.05987821363335531,0.029939106816677656,1371903.95,0.9999999839965772,1,exclude,1,40,40,0.560444,0.009533,0.9999,ok,0.007377943325694192,1.1014600200588156,1.0,40,0.05355575065847229,0.0010108630412168232,1,500000.0,2023-01_2025-06
2,C2 Ridge + régime,2025-03,2025-03-28,P_selected,ADI,0.017024401605117704,BUY,0.6540333773138571,0.6540333773138571,0.6540333773138571,22098885.755000003,1.0,1,exclude,1,40,40,0.560444,0.009533,0.9999,ok,0.007377943325694192,1.1014600200588156,1.0,40,-0.13497927554514322,-0.002297941395248361,1,500000.0,2023-01_2025-06
2,C2 Ridge + régime,2025-03,2025-03-28,P_selected,SLF,0.0166899056565247,BUY,0.45561087711556275,0.45561087711556275,0.45561087711556275,2379448.65,0.9999999999999984,1,exclude,1,40,40,0.560444,0.009533,0.9999,ok,0.007377943325694192,1.1014600200588156,1.0,40,0.007407407407407307,0.00012362893078907017,1,500000.0,2023-01_2025-06
2,C2 Ridge + régime,2025-03,2025-03-28,P_selected,MUT,0.0159058315811652,BUY,0.14696445321628954,0.14696445321628954,0.14696445321628954,2138027.725,0.9999999999999241,1,exclude,1,40,40,0.560444,0.009533,0.9999,ok,0.007377943325694192,1.1014600200588156,1.0,40,-0.032258064516129004,-0.0005130913413279093,1,500000.0,2023-01_2025-06
2,C2 Ridge + régime,2025-03,2025-03-28,P_selected,AKT,0.013135789712434688,BUY,0.12507378962129093,0.12507378962129093,0.12507378962129093,34592520.35,1.0,1,exclude,1,40,40,0.560444,0.009533,0.9999,ok,0.007377943325694192,1.1014600200588156,1.0,40,0.14094488188976384,0.001851422329547882,1,500000.0,2023-01_2025-06
2,C2 Ridge + régime,2025-03,2025-03-28,P_selected,TGC,0.012753096482448788,BUY,0.15754921823656692,0.15754921823656692,0.15754921823656692,44103313.18,1.0,1,exclude,1,40,40,0.560444,0.009533,0.9999,ok,0.007377943325694192,1.1014600200588156,1.0,40,0.04571428571428582,0.0005829986963405173,1,500000.0,2023-01_2025-06
2,C2 Ridge + régime,2025-03,2025-03-28,P_selected,RIS,0.01173502182665021,BUY,0.31055203846994683,0.31055203846994683,0.31055203846994683,2198459.7125,0.9999999999999711,1,exclude,1,40,40,0.560444,0.009533,0.9999,ok,0.007377943325694192,1.1014600200588156,1.0,40,0.006666666666666599,7.823347884433393e-05,1,500000.0,2023-01_2025-06
2,C2 Ridge + régime,2025-03,2025-03-28,P_selected,CFG,0.01122751318677687,NEUTRAL,0.044618589534014805,0.044618589534014805,0.022309294767007402,8933682.334999999,1.0,1,exclude,1,40,40,0.560444,0.009533,0.9999,ok,0.007377943325694192,1.1014600200588156,1.0,40,0.01777777777777767,0.00019960023443158759,1,500000.0,2023-01_2025-06
2,C2 Ridge + régime,2025-03,2025-03-28,P_selected,BCP,0.010729773366598425,NEUTRAL,-0.07797531419506268,-0.07797531419506268,-0.03898765709753134,27106217.46,1.0,1,exclude,1,40,40,0.560444,0.009533,0.9999,ok,0.007377943325694192,1.1014600200588156,1.0,40,-0.06440797600141168,-0.0006910829854964575,1,500000.0,2023-01_2025-06
2,C2 Ridge + régime,2025-03,2025-03-28,P_selected,BCI,0.008738401650724752,NEUTRAL,0.07818008567851399,0.07818008567851399,0.039090042839256996,534851.7749999997,0.989621933539771,1,exclude,1,40,40,0.560444,0.009533,0.9999,ok,0.007377943325694192,1.1014600200588156,1.0,40,-0.056499999999999995,-0.0004937196932659484,1,500000.0,2023-01_2025-06
2,C2 Ridge + régime,2025-03,2025-03-28,P_selected,ATL,0.007948324285035615,NEUTRAL,0.027614974837501947,0.027614974837501947,0.013807487418750973,3595252.905,1.0,1,exclude,1,40,40,0.560444,0.009533,0.9999,ok,0.007377943325694192,1.1014600200588156,1.0,40,-0.05755395683453235,-0.00045745751280780494,1,500000.0,2023-01_2025-06
2,C2 Ridge + régime,2025-03,2025-03-28,P_selected,GAZ,0.005947362050377065,NEUTRAL,0.003998354317537568,0.003998354317537568,0.001999177158768784,2379379.55,0.9999999999999984,1,exclude,1,40,40,0.560444,0.009533,0.9999,ok,0.007377943325694192,1.1014600200588156,1.0,40,-0.04761904761904767,-0.00028320771668462246,1,500000.0,2023-01_2025-06
2,C2 Ridge + régime,2025-03,2025-03-28,P_selected,LBV,0.004985433439137275,BUY,0.11452701698667234,0.11452701698667234,0.11452701698667234,6966633.45,1.0,1,exclude,1,40,40,0.560444,0.009533,0.9999,ok,0.007377943325694192,1.1014600200588156,1.0,40,-0.029577782795213392,-0.00014745806740279604,1,500000.0,2023-01_2025-06
2,C2 Ridge + régime,2025-03,2025-03-28,P_selected,SMI,0.0049845466920176405,BUY,0.26851714159297807,0.26851714159297807,0.26851714159297807,1412121.35,0.9999999915908179,1,exclude,1,40,40,0.560444,0.009533,0.9999,ok,0.007377943325694192,1.1014600200588156,1.0,40,-0.0008368200836820217,-4.171168779931146e-06,1,500000.0,2023-01_2025-06
2,C2 Ridge + régime,2025-03,2025-03-28,P_selected,ADH,0.004764984323193163,BUY,0.4622438561409063,0.4622438561409063,0.4622438561409063,21441931.4345,1.0,1,exclude,1,40,40,0.560444,0.009533,0.9999,ok,0.007377943325694192,1.1014600200588156,1.0,40,-0.16410706450197454,-0.000781967589677158,1,500000.0,2023-01_2025-06
2,C2 Ridge + régime,2025-03,2025-03-28,P_selected,CDM,0.003906962182555979,BUY,0.2829661701818318,0.2829661701818318,0.2829661701818318,12319949.05,1.0,1,exclude,1,40,40,0.560444,0.009533,0.9999,ok,0.007377943325694192,1.1014600200588156,1.0,40,-0.06222611744084139,-0.00024311508760865435,1,500000.0,2023-01_2025-06
2,C2 Ridge + régime,2025-03,2025-03-28,P_selected,SNP,0.0034291806898107354,BUY,0.10922924160425279,0.10922924160425279,0.10922924160425279,2390223.15,0.9999999999999987,1,exclude,1,40,40,0.560444,0.009533,0.9999,ok,0.007377943325694192,1.1014600200588156,1.0,40,0.13601688037656223,0.000466426459675604,1,500000.0,2023-01_2025-06
2,C2 Ridge + régime,2025-03,2025-03-28,P_selected,MSA,0.0013211963407693938,NEUTRAL,-0.07711456603670452,-0.07711456603670452,-0.03855728301835226,38774215.205,1.0,1,exclude,1,40,40,0.560444,0.009533,0.9999,ok,0.007377943325694192,1.1014600200588156,1.0,40,-0.009333333333333305,-1.233116584718097e-05,1,500000.0,2023-01_2025-06
2,C2 Ridge + régime,2025-03,2025-03-28,P_selected,CMT,0.0005487653003856511,BUY,0.27071678571650215,0.27071678571650215,0.27071678571650215,955611.55,0.9999875001923263,1,exclude,1,40,40,0.560444,0.009533,0.9999,ok,0.007377943325694192,1.1014600200588156,1.0,40,-0.05794871794871792,-3.1800245612091565e-05,1,500000.0,2023-01_2025-06
2,C2 Ridge + régime,2025-03,2025-03-28,P_selected,CIH,0.0004008643807111573,NEUTRAL,-0.022266378673068736,-0.022266378673068736,-0.011133189336534368,3282112.1225,1.0,1,exclude,1,40,40,0.560444,0.009533,0.9999,ok,0.007377943325694192,1.1014600200588156,1.0,40,-0.01939024390243904,-7.77285811378952e-06,1,500000.0,2023-01_2025-06
2,C2 Ridge + régime,2025-03,2025-03-28,P_selected,RDS,0.00011711081896690113,NEUTRAL,0.04259792594455965,0.04259792594455965,0.021298962972279824,7400143.375,1.0,1,exclude,1,40,40,0.560444,0.009533,0.9999,ok,0.007377943325694192,1.1014600200588156,1.0,40,-0.0892857142857143,-1.0456323122044745e-05,1,500000.0,2023-01_2025-06
2,C2 Ridge + régime,2025-04,2025-04-30,P_selected,IMO,0.24398110679972204,BUY,0.11918454200690035,0.11918454200690035,0.11918454200690035,592233.184,0.9958302924146911,1,exclude,1,36,26,0.366983,0.010298,0.9986,ok,0.005749249520828004,1.181330121845818,0.9995791760523409,26,0.0008898776418242438,0.00021711333196860563,1,500000.0,2023-01_2025-06
2,C2 Ridge + régime,2025-04,2025-04-30,P_selected,CSR,0.12801383875207642,BUY,0.14445315774629935,0.14445315774629935,0.14445315774629935,11843323.540000001,1.0,1,exclude,1,36,26,0.366983,0.010298,0.9986,ok,0.005749249520828004,1.181330121845818,0.9995791760523409,26,-0.03361344537815125,-0.004302986176540383,1,500000.0,2023-01_2025-06
2,C2 Ridge + régime,2025-04,2025-04-30,P_selected,BOA,0.103164182423723,BUY,0.13280500090210884,0.13280500090210884,0.13280500090210884,18157454.18,1.0,1,exclude,1,36,26,0.366983,0.010298,0.9986,ok,0.005749249520828004,1.181330121845818,0.9995791760523409,26,0.053097345132743445,0.005477744199489725,1,500000.0,2023-01_2025-06
2,C2 Ridge + régime,2025-04,2025-04-30,P_selected,ARD,0.10215715853504277,BUY,0.14797520583923124,0.14797520583923124,0.14797520583923124,1092961.3050000004,0.999998611632926,1,exclude,1,36,26,0.366983,0.010298,0.9986,ok,0.005749249520828004,1.181330121845818,0.9995791760523409,26,0.0,0.0,1,500000.0,2023-01_2025-06
2,C2 Ridge + régime,2025-04,2025-04-30,P_selected,S2M,0.07993460277848767,BUY,1.7082075262887466,1.7082075262887466,1.7082075262887466,3274747.2249999996,1.0,1,exclude,1,36,26,0.366983,0.010298,0.9986,ok,0.005749249520828004,1.181330121845818,0.9995791760523409,26,-0.05150554675118857,-0.0041170754204450846,1,500000.0,2023-01_2025-06
2,C2 Ridge + régime,2025-04,2025-04-30,P_selected,ATH,0.045585510374902105,BUY,0.3563781942274799,0.3563781942274799,0.3563781942274799,1815019.193,0.9999999999866607,1,exclude,1,36,26,0.366983,0.010298,0.9986,ok,0.005749249520828004,1.181330121845818,0.9995791760523409,26,0.0128571428571429,0.0005860994191058861,1,500000.0,2023-01_2025-06
2,C2 Ridge + régime,2025-04,2025-04-30,P_selected,MNG,0.043378849661026495,BUY,0.29159033704439835,0.29159033704439835,0.29159033704439835,12771294.2,1.0,1,exclude,1,36,26,0.366983,0.010298,0.9986,ok,0.005749249520828004,1.181330121845818,0.9995791760523409,26,0.0372549019607844,0.0016160747912931479,1,500000.0,2023-01_2025-06
2,C2 Ridge + régime,2025-04,2025-04-30,P_selected,DYT,0.039542041551100617,BUY,0.6788115818238865,0.6788115818238865,0.6788115818238865,1196268.955,0.9999997341420109,1,exclude,1,36,26,0.366983,0.010298,0.9986,ok,0.005749249520828004,1.181330121845818,0.9995791760523409,26,-0.03448275862068961,-0.0013635186741758818,1,500000.0,2023-01_2025-06
2,C2 Ridge + régime,2025-04,2025-04-30,P_selected,SRM,0.036829785304589545,BUY,0.9978878613323234,0.9978878613323234,0.9978878613323234,528251.6475,0.9884793464143106,1,exclude,1,36,26,0.366983,0.010298,0.9986,ok,0.005749249520828004,1.181330121845818,0.9995791760523409,26,-0.07206928549334979,-0.0026542963117752423,1,500000.0,2023-01_2025-06
2,C2 Ridge + régime,2025-04,2025-04-30,P_selected,FBR,0.030924571278352485,BUY,1.109017566097077,1.109017566097077,1.109017566097077,1161091.0175,0.9999995332428551,1,exclude,1,36,26,0.366983,0.010298,0.9986,ok,0.005749249520828004,1.181330121845818,0.9995791760523409,26,0.03157894736842115,0.0009765654087900814,1,500000.0,2023-01_2025-06
2,C2 Ridge + régime,2025-04,2025-04-30,P_selected,MSA,0.02396058932635379,NEUTRAL,-0.08176132747414713,-0.08176132747414713,-0.040880663737073566,50689804.875,1.0,1,exclude,1,36,26,0.366983,0.010298,0.9986,ok,0.005749249520828004,1.181330121845818,0.9995791760523409,26,0.06325706594885605,0.001515676579190618,1,500000.0,2023-01_2025-06
2,C2 Ridge + régime,2025-04,2025-04-30,P_selected,CMG,0.023928615413270585,NEUTRAL,0.08711940344766173,0.08711940344766173,0.04355970172383086,7520290.589999999,1.0,1,exclude,1,36,26,0.366983,0.010298,0.9986,ok,0.005749249520828004,1.181330121845818,0.9995791760523409,26,0.06962025316455689,0.0016659162629492161,1,500000.0,2023-01_2025-06
2,C2 Ridge + régime,2025-04,2025-04-30,P_selected,SID,0.019619232791013873,BUY,0.7748874229980204,0.7748874229980204,0.7748874229980204,14517901.05,1.0,1,exclude,1,36,26,0.366983,0.010298,0.9986,ok,0.005749249520828004,1.181330121845818,0.9995791760523409,26,0.1880952380952381,0.003690284263071657,1,500000.0,2023-01_2025-06
2,C2 Ridge + régime,2025-04,2025-04-30,P_selected,CFG,0.01879374383177733,NEUTRAL,0.08977861773679217,0.08977861773679217,0.04488930886839609,7819518.352500001,1.0,1,exclude,1,36,26,0.366983,0.010298,0.9986,ok,0.005749249520828004,1.181330121845818,0.9995791760523409,26,0.039755351681957096,0.0007471518954529196,1,500000.0,2023-01_2025-06
2,C2 Ridge + régime,2025-04,2025-04-30,P_selected,TQM,0.018082354021004332,BUY,0.3329915432863126,0.3329915432863126,0.3329915432863126,18219816.0,1.0,1,exclude,1,36,26,0.366983,0.010298,0.9986,ok,0.005749249520828004,1.181330121845818,0.9995791760523409,26,0.2875000000000001,0.005198676781038747,1,500000.0,2023-01_2025-06
2,C2 Ridge + régime,2025-04,2025-04-30,P_selected,AKT,0.011891452119720099,BUY,0.2420710158398602,0.2420710158398602,0.2420710158398602,89425939.25,1.0,1,exclude,1,36,26,0.366983,0.010298,0.9986,ok,0.005749249520828004,1.181330121845818,0.9995791760523409,26,-0.010273972602739767,-0.00012217245328479602,1,500000.0,2023-01_2025-06
2,C2 Ridge + régime,2025-04,2025-04-30,P_selected,GAZ,0.011336298561007757,NEUTRAL,-0.006329944287171312,-0.006329944287171312,-0.003164972143585656,921467.25,0.9999784146903951,1,exclude,1,36,26,0.366983,0.010298,0.9986,ok,0.005749249520828004,1.181330121845818,0.9995791760523409,26,-0.008264462809917328,-9.368841785956793e-05,1,500000.0,2023-01_2025-06
2,C2 Ridge + régime,2025-04,2025-04-30,P_selected,ATL,0.0077884741417990405,NEUTRAL,0.025727523335979597,0.025727523335979597,0.012863761667989798,4126468.5925,1.0,1,exclude,1,36,26,0.366983,0.010298,0.9986,ok,0.005749249520828004,1.181330121845818,0.9995791760523409,26,0.014814814814814836,0.00011538480210072669,1,500000.0,2023-01_2025-06
2,C2 Ridge + régime,2025-04,2025-04-30,P_selected,BCI,0.005042187877079364,BUY,0.1121892283433635,0.1121892283433635,0.1121892283433635,3613811.9899999998,1.0,1,exclude,1,36,26,0.366983,0.010298,0.9986,ok,0.005749249520828004,1.181330121845818,0.9995791760523409,26,-0.010600706713780883,-5.345075488069979e-05,1,500000.0,2023-01_2025-06
2,C2 Ridge + régime,2025-04,2025-04-30,P_selected,LHM,0.0019103837603502293,NEUTRAL,-0.05699963699787599,-0.05699963699787599,-0.028499818498937995,8285084.55,1.0,1,exclude,1,36,26,0.366983,0.010298,0.9986,ok,0.005749249520828004,1.181330121845818,0.9995791760523409,26,0.04729374671571196,9.034920569181312e-05,1,500000.0,2023-01_2025-06
2,C2 Ridge + régime,2025-04,2025-04-30,P_selected,CDM,0.0013166315226605756,NEUTRAL,0.057300515188527114,0.057300515188527114,0.028650257594263557,3530494.05,1.0,1,exclude,1,36,26,0.366983,0.010298,0.9986,ok,0.005749249520828004,1.181330121845818,0.9995791760523409,26,0.02777777777777768,3.6573097851682524e-05,1,500000.0,2023-01_2025-06
2,C2 Ridge + régime,2025-04,2025-04-30,P_selected,RDS,0.0008512061924219435,BUY,0.22778820469529606,0.22778820469529606,0.22778820469529606,13857697.357499998,1.0,1,exclude,1,36,26,0.366983,0.010298,0.9986,ok,0.005749249520828004,1.181330121845818,0.9995791760523409,26,-0.009803921568627416,-8.34515874923471e-06,1,500000.0,2023-01_2025-06
2,C2 Ridge + régime,2025-04,2025-04-30,P_selected,MUT,0.0006164785244709741,BUY,0.22176566745153029,0.22176566745153029,0.22176566745153029,4187930.2975000003,1.0,1,exclude,1,36,26,0.366983,0.010298,0.9986,ok,0.005749249520828004,1.181330121845818,0.9995791760523409,26,-0.039029189898327266,-2.406065739981824e-05,1,500000.0,2023-01_2025-06
2,C2 Ridge + régime,2025-04,2025-04-30,P_selected,ADI,0.0003628637340044852,BUY,0.5978590472968155,0.5978590472968155,0.5978590472968155,22713718.6175,1.0,1,exclude,1,36,26,0.366983,0.010298,0.9986,ok,0.005749249520828004,1.181330121845818,0.9995791760523409,26,-0.02868852459016391,-1.041002515586637e-05,1,500000.0,2023-01_2025-06
2,C2 Ridge + régime,2025-04,2025-04-30,P_selected,SOT,0.00032296997498068775,BUY,0.14731740829396406,0.14731740829396406,0.14731740829396406,2642072.95,1.0,1,exclude,1,36,26,0.366983,0.010298,0.9986,ok,0.005749249520828004,1.181330121845818,0.9995791760523409,26,0.15651503469545114,5.054965683969133e-05,1,500000.0,2023-01_2025-06
2,C2 Ridge + régime,2025-04,2025-04-30,P_selected,ADH,0.00024404680140266487,NEUTRAL,0.08680347081561077,0.08680347081561077,0.043401735407805384,19890036.5255,1.0,1,exclude,1,36,26,0.366983,0.010298,0.9986,ok,0.005749249520828004,1.181330121845818,0.9995791760523409,26,-0.0644490644490644,-1.5728588032188368e-05,1,500000.0,2023-01_2025-06
2,C2 Ridge + régime,2025-05,2025-05-30,P_selected,BCP,0.13921663039960389,NEUTRAL,-0.06343409277197057,-0.06343409277197057,-0.031717046385985284,15701612.445000002,1.0,1,exclude,1,38,33,0.290624,0.010983,0.9999,ok,0.04691867809774064,1.1698395732256723,0.999850172929338,33,0.058394160583941535,0.008129438271509706,1,500000.0,2023-01_2025-06
2,C2 Ridge + régime,2025-05,2025-05-30,P_selected,BOA,0.11985211598090563,BUY,0.1649519865522062,0.1649519865522062,0.1649519865522062,7024782.4825,1.0,1,exclude,1,38,33,0.290624,0.010983,0.9999,ok,0.04691867809774064,1.1698395732256723,0.999850172929338,33,0.17647058823529416,0.021150373408395116,1,500000.0,2023-01_2025-06
2,C2 Ridge + régime,2025-05,2025-05-30,P_selected,EQD,0.08322384653029981,BUY,0.17433195222377684,0.17433195222377684,0.17433195222377684,923517.8,0.9999791113725627,1,exclude,1,38,33,0.290624,0.010983,0.9999,ok,0.04691867809774064,1.1698395732256723,0.999850172929338,33,0.19999999999999996,0.01664476930605996,1,500000.0,2023-01_2025-06
2,C2 Ridge + régime,2025-05,2025-05-30,P_selected,TMA,0.07505084307210746,BUY,0.11533648873223765,0.11533648873223765,0.11533648873223765,7488419.35,1.0,1,exclude,1,38,33,0.290624,0.010983,0.9999,ok,0.04691867809774064,1.1698395732256723,0.999850172929338,33,-0.07799586776859502,-0.0058536556321736695,1,500000.0,2023-01_2025-06
2,C2 Ridge + régime,2025-05,2025-05-30,P_selected,CMG,0.07129376935136757,BUY,0.5290783765005264,0.5290783765005264,0.5290783765005264,9064685.364999998,1.0,1,exclude,1,38,33,0.290624,0.010983,0.9999,ok,0.04691867809774064,1.1698395732256723,0.999850172929338,33,-0.06694312796208535,-0.004772627924587997,1,500000.0,2023-01_2025-06
2,C2 Ridge + régime,2025-05,2025-05-30,P_selected,S2M,0.06691034991191155,BUY,0.7041069456003055,0.7041069456003055,0.7041069456003055,684420.8949999999,0.9990429852873827,1,exclude,1,38,33,0.290624,0.010983,0.9999,ok,0.04691867809774064,1.1698395732256723,0.999850172929338,33,0.039408866995073843,0.0026368610802723733,1,500000.0,2023-01_2025-06
2,C2 Ridge + régime,2025-05,2025-05-30,P_selected,ARD,0.05870933266108239,BUY,0.13151272639514558,0.13151272639514558,0.13151272639514558,1472874.6250000005,0.9999999968187576,1,exclude,1,38,33,0.290624,0.010983,0.9999,ok,0.04691867809774064,1.1698395732256723,0.999850172929338,33,-0.03125,-0.0018346666456588248,1,500000.0,2023-01_2025-06
2,C2 Ridge + régime,2025-05,2025-05-30,P_selected,DWY,0.047664206944645876,BUY,0.23840148144519144,0.23840148144519144,0.23840148144519144,741636.3949999999,0.9996166513778185,1,exclude,1,38,33,0.290624,0.010983,0.9999,ok,0.04691867809774064,1.1698395732256723,0.999850172929338,33,-0.040000000000000036,-0.0019065682777858366,1,500000.0,2023-01_2025-06
2,C2 Ridge + régime,2025-05,2025-05-30,P_selected,FBR,0.04441841003603124,BUY,1.1152252661984479,1.1152252661984479,1.1152252661984479,939575.5599999999,0.9999838440978368,1,exclude,1,38,33,0.290624,0.010983,0.9999,ok,0.04691867809774064,1.1698395732256723,0.999850172929338,33,0.37400662251655636,0.016612779515131553,1,500000.0,2023-01_2025-06
2,C2 Ridge + régime,2025-05,2025-05-30,P_selected,SID,0.04360547595514882,BUY,0.9120313034418875,0.9120313034418875,0.9120313034418875,7997719.5,1.0,1,exclude,1,38,33,0.290624,0.010983,0.9999,ok,0.04691867809774064,1.1698395732256723,0.999850172929338,33,0.022044088176352616,0.0009612429569271244,1,500000.0,2023-01_2025-06
2,C2 Ridge + régime,2025-05,2025-05-30,P_selected,MNG,0.042343242114129334,BUY,0.2926529429514499,0.2926529429514499,0.2926529429514499,6070304.8,1.0,1,exclude,1,38,33,0.290624,0.010983,0.9999,ok,0.04691867809774064,1.1698395732256723,0.999850172929338,33,0.0,0.0,1,500000.0,2023-01_2025-06
2,C2 Ridge + régime,2025-05,2025-05-30,P_selected,TGC,0.029080157669541324,BUY,0.33892461572909893,0.33892461572909893,0.33892461572909893,43987244.82,1.0,1,exclude,1,38,33,0.290624,0.010983,0.9999,ok,0.04691867809774064,1.1698395732256723,0.999850172929338,33,-0.021615472127417545,-0.000628581337566878,1,500000.0,2023-01_2025-06
2,C2 Ridge + régime,2025-05,2025-05-30,P_selected,MIC,0.021266840288397763,BUY,0.32501779353604854,0.32501779353604854,0.32501779353604854,845191.45,0.9999268600875737,1,exclude,1,38,33,0.290624,0.010983,0.9999,ok,0.04691867809774064,1.1698395732256723,0.999850172929338,33,-0.02352941176470591,-0.000500396242079948,1,500000.0,2023-01_2025-06
2,C2 Ridge + régime,2025-05,2025-05-30,P_selected,LBV,0.020933366361713068,BUY,0.24419468916812828,0.24419468916812828,0.24419468916812828,21415882.05,1.0,1,exclude,1,38,33,0.290624,0.010983,0.9999,ok,0.04691867809774064,1.1698395732256723,0.999850172929338,33,-0.0430622009569378,-0.00090143682897329,1,500000.0,2023-01_2025-06
2,C2 Ridge + régime,2025-05,2025-05-30,P_selected,CSR,0.01766705111300254,NEUTRAL,0.018212848307045247,0.018212848307045247,0.009106424153522624,4587240.37,1.0,1,exclude,1,38,33,0.290624,0.010983,0.9999,ok,0.04691867809774064,1.1698395732256723,0.999850172929338,33,0.008583690987124415,0.00015164850740774627,1,500000.0,2023-01_2025-06
2,C2 Ridge + régime,2025-05,2025-05-30,P_selected,ATH,0.016877746471147575,BUY,0.3934731559896937,0.3934731559896937,0.3934731559896937,1916332.736,0.9999999999973628,1,exclude,1,38,33,0.290624,0.010983,0.9999,ok,0.04691867809774064,1.1698395732256723,0.999850172929338,33,0.038594691627131805,0.0006513914204148526,1,500000.0,2023-01_2025-06
2,C2 Ridge + régime,2025-05,2025-05-30,P_selected,MUT,0.015442445511959882,BUY,0.21717118341319622,0.21717118341319622,0.21717118341319622,2958387.6725,1.0,1,exclude,1,38,33,0.290624,0.010983,0.9999,ok,0.04691867809774064,1.1698395732256723,0.999850172929338,33,-0.006565656565656552,-0.00010138979376539296,1,500000.0,2023-01_2025-06
2,C2 Ridge + régime,2025-05,2025-05-30,P_selected,AKT,0.013777274555339414,BUY,0.14754033532512878,0.14754033532512878,0.14754033532512878,16301656.05,1.0,1,exclude,1,38,33,0.290624,0.010983,0.9999,ok,0.04691867809774064,1.1698395732256723,0.999850172929338,33,0.0006896551724138167,9.501568658855093e-06,1,500000.0,2023-01_2025-06
2,C2 Ridge + régime,2025-05,2025-05-30,P_selected,SOT,0.010929118478586661,BUY,0.4608887701626248,0.4608887701626248,0.4608887701626248,3893552.45,1.0,1,exclude,1,38,33,0.290624,0.010983,0.9999,ok,0.04691867809774064,1.1698395732256723,0.999850172929338,33,-0.04096228868660601,-0.00044768170620998704,1,500000.0,2023-01_2025-06
2,C2 Ridge + régime,2025-05,2025-05-30,P_selected,ATL,0.010859858877658219,BUY,0.13158881361578612,0.13158881361578612,0.13158881361578612,3507186.075,1.0,1,exclude,1,38,33,0.290624,0.010983,0.9999,ok,0.04691867809774064,1.1698395732256723,0.999850172929338,33,-0.01730103806228378,-0.00018788683179339527,1,500000.0,2023-01_2025-06
2,C2 Ridge + régime,2025-05,2025-05-30,P_selected,CDM,0.010663625231259317,BUY,0.14395639460662576,0.14395639460662576,0.14395639460662576,5271587.35,1.0,1,exclude,1,38,33,0.290624,0.010983,0.9999,ok,0.04691867809774064,1.1698395732256723,0.999850172929338,33,0.022831050228310446,0.00024346176327076004,1,500000.0,2023-01_2025-06
2,C2 Ridge + régime,2025-05,2025-05-30,P_selected,RIS,0.00987727416555294,BUY,0.3902072492177567,0.3902072492177567,0.3902072492177567,1320001.765,0.9999999632830845,1,exclude,1,38,33,0.290624,0.010983,0.9999,ok,0.04691867809774064,1.1698395732256723,0.999850172929338,33,0.00591715976331364,5.844540926362716e-05,1,500000.0,2023-01_2025-06
2,C2 Ridge + régime,2025-05,2025-05-30,P_selected,SNP,0.008202801797234763,BUY,0.35084003554858706,0.35084003554858706,0.35084003554858706,2363377.03,0.999999999999998,1,exclude,1,38,33,0.290624,0.010983,0.9999,ok,0.04691867809774064,1.1698395732256723,0.999850172929338,33,-0.07244623655913973,-0.0005942621194502063,1,500000.0,2023-01_2025-06
2,C2 Ridge + régime,2025-05,2025-05-30,P_selected,MSA,0.005249069127448372,NEUTRAL,-0.03647758398202731,-0.03647758398202731,-0.018238791991013654,23869396.92,1.0,1,exclude,1,38,33,0.290624,0.010983,0.9999,ok,0.04691867809774064,1.1698395732256723,0.999850172929338,33,-0.0357142857142857,-0.00018746675455172748,1,500000.0,2023-01_2025-06
2,C2 Ridge + régime,2025-05,2025-05-30,P_selected,RDS,0.004373835495818681,NEUTRAL,-0.017505849684995863,-0.017505849684995863,-0.008752924842497931,6781603.391,1.0,1,exclude,1,38,33,0.290624,0.010983,0.9999,ok,0.04691867809774064,1.1698395732256723,0.999850172929338,33,0.20307988450433112,0.0008882380073318016,1,500000.0,2023-01_2025-06
2,C2 Ridge + régime,2025-05,2025-05-30,P_selected,BCI,0.003713278728317213,NEUTRAL,-0.004160886725668077,-0.004160886725668077,-0.0020804433628340384,1462316.3799999997,0.9999999962332831,1,exclude,1,38,33,0.290624,0.010983,0.9999,ok,0.04691867809774064,1.1698395732256723,0.999850172929338,33,0.11981063364894373,0.00044489027735482924,1,500000.0,2023-01_2025-06
2,C2 Ridge + régime,2025-05,2025-05-30,P_selected,DHO,0.0026844455286911735,BUY,0.6252226084074692,0.6252226084074692,0.6252226084074692,16194570.0795,1.0,1,exclude,1,38,33,0.290624,0.010983,0.9999,ok,0.04691867809774064,1.1698395732256723,0.999850172929338,33,-0.0037359900373599153,-1.0029061751025595e-05,1,500000.0,2023-01_2025-06
2,C2 Ridge + régime,2025-05,2025-05-30,P_selected,LHM,0.0020086268734945483,NEUTRAL,-0.08651022301963829,-0.08651022301963829,-0.043255111509819144,12904517.9,1.0,1,exclude,1,38,33,0.290624,0.010983,0.9999,ok,0.04691867809774064,1.1698395732256723,0.999850172929338,33,-0.03460381143430291,-6.950614557227875e-05,1,500000.0,2023-01_2025-06
2,C2 Ridge + régime,2025-05,2025-05-30,P_selected,CIH,0.0013087686105123946,NEUTRAL,-0.040832978555364656,-0.040832978555364656,-0.020416489277682328,2429229.375,0.9999999999999993,1,exclude,1,38,33,0.290624,0.010983,0.9999,ok,0.04691867809774064,1.1698395732256723,0.999850172929338,33,0.03750000000000009,4.9078822894214914e-05,1,500000.0,2023-01_2025-06
2,C2 Ridge + régime,2025-05,2025-05-30,P_selected,HPS,0.0010257949555140707,NEUTRAL,-0.0248421543772604,-0.0248421543772604,-0.0124210771886302,6033217.15,1.0,1,exclude,1,38,33,0.290624,0.010983,0.9999,ok,0.04691867809774064,1.1698395732256723,0.999850172929338,33,0.02473498233215543,2.5373020101054704e-05,1,500000.0,2023-01_2025-06
2,C2 Ridge + régime,2025-05,2025-05-30,P_selected,CFG,0.0007696142685896289,BUY,0.19904502080495753,0.19904502080495753,0.19904502080495753,8310008.505000001,1.0,1,exclude,1,38,33,0.290624,0.010983,0.9999,ok,0.04691867809774064,1.1698395732256723,0.999850172929338,33,-0.033816425120772986,-2.6025603285639654e-05,1,500000.0,2023-01_2025-06
2,C2 Ridge + régime,2025-05,2025-05-30,P_selected,JET,0.0006299505227136809,BUY,0.72566769509396,0.72566769509396,0.72566769509396,18433017.2,1.0,1,exclude,1,38,33,0.290624,0.010983,0.9999,ok,0.04691867809774064,1.1698395732256723,0.999850172929338,33,-0.09140518417462484,-5.75807435495452e-05,1,500000.0,2023-01_2025-06
2,C2 Ridge + régime,2025-05,2025-05-30,P_selected,TQM,0.00022100533961126216,BUY,0.6734957917460586,0.6734957917460586,0.6734957917460586,20907903.1,1.0,1,exclude,1,38,33,0.290624,0.010983,0.9999,ok,0.04691867809774064,1.1698395732256723,0.999850172929338,33,-0.08196721311475408,-1.8115191771414926e-05,1,500000.0,2023-01_2025-06
2,C2 Ridge + régime,2025-06,2025-06-30,P_selected,IMO,0.21599579761554016,NEUTRAL,0.039462910584472356,0.039462910584472356,0.019731455292236178,627184.664,0.9976121105273966,1,exclude,1,37,28,0.240217,0.010201,0.9993,ok,-0.004776050623022554,0.847085570940492,0.9998986843486204,28,0.001335113484646211,0.00028837890202342156,1,500000.0,2023-01_2025-06
2,C2 Ridge + régime,2025-06,2025-06-30,P_selected,BOA,0.12135644779791144,NEUTRAL,0.05076435377582817,0.05076435377582817,0.025382176887914085,37162078.075,1.0,1,exclude,1,37,28,0.240217,0.010201,0.9993,ok,-0.004776050623022554,0.847085570940492,0.9998986843486204,28,-0.25330882352941175,-0.030740659019397418,1,500000.0,2023-01_2025-06
2,C2 Ridge + régime,2025-06,2025-06-30,P_selected,ARD,0.10321792029647858,BUY,0.11334215523811964,0.11334215523811964,0.11334215523811964,1942854.0150000001,0.9999999999982747,1,exclude,1,37,28,0.240217,0.010201,0.9993,ok,-0.004776050623022554,0.847085570940492,0.9998986843486204,28,-0.04391304347826086,-0.004532613021714928,1,500000.0,2023-01_2025-06
2,C2 Ridge + régime,2025-06,2025-06-30,P_selected,AFI,0.07349587930657946,BUY,0.6469222921124355,0.6469222921124355,0.6469222921124355,621474.575,0.9973842707703422,1,exclude,1,37,28,0.240217,0.010201,0.9993,ok,-0.004776050623022554,0.847085570940492,0.9998986843486204,28,0.03571428571428581,0.0026248528323778446,1,500000.0,2023-01_2025-06
2,C2 Ridge + régime,2025-06,2025-06-30,P_selected,CSR,0.07231407038809526,NEUTRAL,0.05581954982771769,0.05581954982771769,0.027909774913858845,4633836.7225,1.0,1,exclude,1,37,28,0.240217,0.010201,0.9993,ok,-0.004776050623022554,0.847085570940492,0.9998986843486204,28,-0.22375397667020147,-0.016180560818545173,1,500000.0,2023-01_2025-06
2,C2 Ridge + régime,2025-06,2025-06-30,P_selected,FBR,0.052986211493772306,BUY,1.2677782740212784,1.2677782740212784,1.2677782740212784,2861645.0799999996,1.0,1,exclude,1,37,28,0.240217,0.010201,0.9993,ok,-0.004776050623022554,0.847085570940492,0.9998986843486204,28,-0.3547326906222611,-0.018795941369066028,1,500000.0,2023-01_2025-06
2,C2 Ridge + régime,2025-06,2025-06-30,P_selected,S2M,0.05171055548741648,BUY,0.8430939888363822,0.8430939888363822,0.8430939888363822,1125743.47,0.9999991783048232,1,exclude,1,37,28,0.240217,0.010201,0.9993,ok,-0.004776050623022554,0.847085570940492,0.9998986843486204,28,-0.12068965517241381,-0.006240929110550266,1,500000.0,2023-01_2025-06
2,C2 Ridge + régime,2025-06,2025-06-30,P_selected,CMG,0.04669404109066039,NEUTRAL,-0.009032482307208205,-0.009032482307208205,-0.004516241153604102,5977554.67,1.0,1,exclude,1,37,28,0.240217,0.010201,0.9993,ok,-0.004776050623022554,0.847085570940492,0.9998986843486204,28,0.15512820512820502,0.007243562784576799,1,500000.0,2023-01_2025-06
2,C2 Ridge + régime,2025-06,2025-06-30,P_selected,EQD,0.04457848815130849,BUY,0.14713906629686138,0.14713906629686138,0.14713906629686138,835199.9,0.9999141822092419,1,exclude,1,37,28,0.240217,0.010201,0.9993,ok,-0.004776050623022554,0.847085570940492,0.9998986843486204,28,0.10952380952380958,0.004882405845143313,1,500000.0,2023-01_2025-06
2,C2 Ridge + régime,2025-06,2025-06-30,P_selected,MNG,0.03748196985244204,BUY,0.13016782225420945,0.13016782225420945,0.13016782225420945,7154653.15,1.0,1,exclude,1,37,28,0.240217,0.010201,0.9993,ok,-0.004776050623022554,0.847085570940492,0.9998986843486204,28,1.8006859756097562,0.06749325745152006,1,500000.0,2023-01_2025-06
2,C2 Ridge + régime,2025-06,2025-06-30,P_selected,SID,0.033542995312481734,BUY,0.5850367236017937,0.5850367236017937,0.5850367236017937,5712427.35,1.0,1,exclude,1,37,28,0.240217,0.010201,0.9993,ok,-0.004776050623022554,0.847085570940492,0.9998986843486204,28,-0.140625,-0.004716983715817744,1,500000.0,2023-01_2025-06
2,C2 Ridge + régime,2025-06,2025-06-30,P_selected,ATH,0.033030238916825036,BUY,0.37164611911439316,0.37164611911439316,0.37164611911439316,1095306.1835,0.9999986627566618,1,exclude,1,37,28,0.240217,0.010201,0.9993,ok,-0.004776050623022554,0.847085570940492,0.9998986843486204,28,-0.09408805031446543,-0.003107750781105048,1,500000.0,2023-01_2025-06
2,C2 Ridge + régime,2025-06,2025-06-30,P_selected,BCP,0.03138172235371663,NEUTRAL,-0.009144171720596804,-0.009144171720596804,-0.004572085860298402,24659813.354999997,1.0,1,exclude,1,37,28,0.240217,0.010201,0.9993,ok,-0.004776050623022554,0.847085570940492,0.9998986843486204,28,-0.19530201342281872,-0.006128913560356736,1,500000.0,2023-01_2025-06
2,C2 Ridge + régime,2025-06,2025-06-30,P_selected,RIS,0.016211455811167504,BUY,0.18752413024925627,0.18752413024925627,0.18752413024925627,1031681.5225000002,0.9999962990020594,1,exclude,1,37,28,0.240217,0.010201,0.9993,ok,-0.004776050623022554,0.847085570940492,0.9998986843486204,28,-0.051191526919682206,-0.0008298891765646198,1,500000.0,2023-01_2025-06
2,C2 Ridge + régime,2025-06,2025-06-30,P_selected,TMA,0.014208773609849642,NEUTRAL,-0.05374281101744984,-0.05374281101744984,-0.02687140550872492,3993020.15,1.0,1,exclude,1,37,28,0.240217,0.010201,0.9993,ok,-0.004776050623022554,0.847085570940492,0.9998986843486204,28,-0.101123595505618,-0.001436842275153335,1,500000.0,2023-01_2025-06
2,C2 Ridge + régime,2025-06,2025-06-30,P_selected,MUT,0.011615767239744815,BUY,0.2010870385991095,0.2010870385991095,0.2010870385991095,5967187.999999999,1.0,1,exclude,1,37,28,0.240217,0.010201,0.9993,ok,-0.004776050623022554,0.847085570940492,0.9998986843486204,28,-0.18454204971058896,-0.0021435974953836184,1,500000.0,2023-01_2025-06
2,C2 Ridge + régime,2025-06,2025-06-30,P_selected,LBV,0.010120274779186485,NEUTRAL,0.008233733128011629,0.008233733128011629,0.0041168665640058145,15097103.35,1.0,1,exclude,1,37,28,0.240217,0.010201,0.9993,ok,-0.004776050623022554,0.847085570940492,0.9998986843486204,28,-0.1123595505617978,-0.0011371095257512909,1,500000.0,2023-01_2025-06
2,C2 Ridge + régime,2025-06,2025-06-30,P_selected,TGC,0.007864425561675787,NEUTRAL,0.06102836102016311,0.06102836102016311,0.030514180510081555,37492644.615,1.0,1,exclude,1,37,28,0.240217,0.010201,0.9993,ok,-0.004776050623022554,0.847085570940492,0.9998986843486204,28,-0.1238636363636364,-0.0009741163479802966,1,500000.0,2023-01_2025-06
2,C2 Ridge + régime,2025-06,2025-06-30,P_selected,SNP,0.006399769797108406,BUY,0.1664852981122436,0.1664852981122436,0.1664852981122436,3374089.925,1.0,1,exclude,1,37,28,0.240217,0.010201,0.9993,ok,-0.004776050623022554,0.847085570940492,0.9998986843486204,28,-0.45738677470698885,-0.0029271700663666142,1,500000.0,2023-01_2025-06
2,C2 Ridge + régime,2025-06,2025-06-30,P_selected,AKT,0.0047039881010320595,BUY,0.13741704559810214,0.13741704559810214,0.13741704559810214,19644666.45,1.0,1,exclude,1,37,28,0.240217,0.010201,0.9993,ok,-0.004776050623022554,0.847085570940492,0.9998986843486204,28,-0.17903335602450643,-0.0008421707764271146,1,500000.0,2023-01_2025-06
2,C2 Ridge + régime,2025-06,2025-06-30,P_selected,CDM,0.004082277636022679,NEUTRAL,0.08120832718597712,0.08120832718597712,0.04060416359298856,11199656.0,1.0,1,exclude,1,37,28,0.240217,0.010201,0.9993,ok,-0.004776050623022554,0.847085570940492,0.9998986843486204,28,-0.0855323020928116,-0.00034916660399102054,1,500000.0,2023-01_2025-06
2,C2 Ridge + régime,2025-06,2025-06-30,P_selected,JET,0.0022692019548265475,BUY,0.5032694880993965,0.5032694880993965,0.5032694880993965,15226401.2,1.0,1,exclude,1,37,28,0.240217,0.010201,0.9993,ok,-0.004776050623022554,0.847085570940492,0.9998986843486204,28,0.1522296258329061,0.00034543976452254446,1,500000.0,2023-01_2025-06
2,C2 Ridge + régime,2025-06,2025-06-30,P_selected,ATL,0.0020682288300684993,BUY,0.11148636357755903,0.11148636357755903,0.11148636357755903,5286162.535,1.0,1,exclude,1,37,28,0.240217,0.010201,0.9993,ok,-0.004776050623022554,0.847085570940492,0.9998986843486204,28,-0.08450704225352113,-0.00017477990113254924,1,500000.0,2023-01_2025-06
2,C2 Ridge + régime,2025-06,2025-06-30,P_selected,CIH,0.0010518770636009905,NEUTRAL,0.06206091059581828,0.06206091059581828,0.03103045529790914,3604032.0725000002,1.0,1,exclude,1,37,28,0.240217,0.010201,0.9993,ok,-0.004776050623022554,0.847085570940492,0.9998986843486204,28,-0.12653160257187912,-0.00013309569056603574,1,500000.0,2023-01_2025-06
2,C2 Ridge + régime,2025-06,2025-06-30,P_selected,RDS,0.0006132106128085625,NEUTRAL,0.0687839759772014,0.0687839759772014,0.0343919879886007,15340858.992500002,1.0,1,exclude,1,37,28,0.240217,0.010201,0.9993,ok,-0.004776050623022554,0.847085570940492,0.9998986843486204,28,0.31911532385466046,0.0001956849032975192,1,500000.0,2023-01_2025-06
2,C2 Ridge + régime,2025-06,2025-06-30,P_selected,CTM,0.0005679940021066169,BUY,0.21300855685061146,0.21300855685061146,0.21300855685061146,719493.7950000002,0.9994537572653089,1,exclude,1,37,28,0.240217,0.010201,0.9993,ok,-0.004776050623022554,0.847085570940492,0.9998986843486204,28,-0.03718430951101559,-2.1120464774732885e-05,1,500000.0,2023-01_2025-06
2,C2 Ridge + régime,2025-06,2025-06-30,P_selected,CFG,0.00018139673917364198,NEUTRAL,0.06275191253154996,0.06275191253154996,0.03137595626577498,4551682.8175,1.0,1,exclude,1,37,28,0.240217,0.010201,0.9993,ok,-0.004776050623022554,0.847085570940492,0.9998986843486204,28,-0.09292035398230092,-1.6855449215249925e-05,1,500000.0,2023-01_2025-06
2,C2 Ridge + régime,2025-06,2025-06-30,P_selected,GAZ,0.00015370454702041568,NEUTRAL,0.00027504742064677484,0.00027504742064677484,0.00013752371032338742,4560438.2,1.0,1,exclude,1,37,28,0.240217,0.010201,0.9993,ok,-0.004776050623022554,0.847085570940492,0.9998986843486204,28,-0.1209302325581395,-1.8587526616422355e-05,1,500000.0,2023-01_2025-06
3,C3 Hybrid,2023-01,2023-01-31,P_selected,CMA,0.18763815115907037,NEUTRAL,0.21439903058264234,0.21439903058264234,0.10719951529132117,2986329.6,1.0,1,exclude,1,17,14,0.426857,0.015132,0.9998,ok,0.04715743515849957,0.999954110091539,0.999954110091539,14,0.05551149881046791,0.010416075004865133,1,500000.0,2023-01_2025-06
3,C3 Hybrid,2023-01,2023-01-31,P_selected,IAM,0.1636756122616876,BUY,0.9084952674171631,0.9084952674171631,0.9084952674171631,13544039.144499999,1.0,1,exclude,1,17,14,0.426857,0.015132,0.9998,ok,0.04715743515849957,0.999954110091539,0.999954110091539,14,-0.022105263157894628,-0.003618092481574129,1,500000.0,2023-01_2025-06
3,C3 Hybrid,2023-01,2023-01-31,P_selected,LBV,0.16072479590201055,NEUTRAL,0.15381273534316522,0.15381273534316522,0.07690636767158261,2657280.1,1.0,1,exclude,1,17,14,0.426857,0.015132,0.9998,ok,0.04715743515849957,0.999954110091539,0.999954110091539,14,0.06024096385542177,0.009682216620603059,1,500000.0,2023-01_2025-06
3,C3 Hybrid,2023-01,2023-01-31,P_selected,ARD,0.08679909138458797,NEUTRAL,-0.1082788888884556,-0.1082788888884556,-0.0541394444442278,1139534.2349999999,0.9999993410040309,1,exclude,1,17,14,0.426857,0.015132,0.9998,ok,0.04715743515849957,0.999954110091539,0.999954110091539,14,0.047601010101010255,0.004131724425756284,1,500000.0,2023-01_2025-06
3,C3 Hybrid,2023-01,2023-01-31,P_selected,GAZ,0.08554752754498074,NEUTRAL,-0.15838937569805148,-0.15838937569805148,-0.07919468784902574,1628466.1,0.9999999997361018,1,exclude,1,17,14,0.426857,0.015132,0.9998,ok,0.04715743515849957,0.999954110091539,0.999954110091539,14,0.03402298850574703,0.0029105825463579572,1,500000.0,2023-01_2025-06
3,C3 Hybrid,2023-01,2023-01-31,P_selected,CSR,0.08339771439623149,BUY,2.482585312211071,2.482585312211071,2.482585312211071,2767953.9,1.0,1,exclude,1,17,14,0.426857,0.015132,0.9998,ok,0.04715743515849957,0.999954110091539,0.999954110091539,14,0.04651162790697683,0.0038789634602898436,1,500000.0,2023-01_2025-06
3,C3 Hybrid,2023-01,2023-01-31,P_selected,CMT,0.0799024905412784,NEUTRAL,-0.09836254761183635,-0.09836254761183635,-0.04918127380591818,1487451.35,0.9999999974805409,1,exclude,1,17,14,0.426857,0.015132,0.9998,ok,0.04715743515849957,0.999954110091539,0.999954110091539,14,0.10256410256410264,0.00819512723500292,1,500000.0,2023-01_2025-06
3,C3 Hybrid,2023-01,2023-01-31,P_selected,BOA,0.06089774131697603,NEUTRAL,0.19070081575812528,0.19070081575812528,0.09535040787906264,2365189.8625,0.999999999999998,1,exclude,1,17,14,0.426857,0.015132,0.9998,ok,0.04715743515849957,0.999954110091539,0.999954110091539,14,0.050000000000000044,0.003044887065848804,1,500000.0,2023-01_2025-06
3,C3 Hybrid,2023-01,2023-01-31,P_selected,CIH,0.048566885139364344,BUY,0.3067926626077686,0.3067926626077686,0.3067926626077686,640825.5349999999,0.9980794256192659,1,exclude,1,17,14,0.426857,0.015132,0.9998,ok,0.04715743515849957,0.999954110091539,0.999954110091539,14,0.10154263434480426,0.004931609458972581,1,500000.0,2023-01_2025-06
3,C3 Hybrid,2023-01,2023-01-31,P_selected,TGC,0.03292283327998015,NEUTRAL,0.21453639714005113,0.21453639714005113,0.10726819857002556,611269.9075,0.9969217729919869,1,exclude,1,17,14,0.426857,0.015132,0.9998,ok,0.04715743515849957,0.999954110091539,0.999954110091539,14,0.10172413793103452,0.0033490468336531544,1,500000.0,2023-01_2025-06
3,C3 Hybrid,2023-01,2023-01-31,P_selected,MSA,0.005596832969428904,BUY,0.3301806696986286,0.3301806696986286,0.3301806696986286,6920604.67,1.0,1,exclude,1,17,14,0.426857,0.015132,0.9998,ok,0.04715743515849957,0.999954110091539,0.999954110091539,14,0.06341463414634152,0.0003549211151345162,1,500000.0,2023-01_2025-06
3,C3 Hybrid,2023-01,2023-01-31,P_selected,BCI,0.0036956857384505912,BUY,0.37828491092564465,0.37828491092564465,0.37828491092564465,1096782.8175000001,0.9999986939802256,1,exclude,1,17,14,0.426857,0.015132,0.9998,ok,0.04715743515849957,0.999954110091539,0.999954110091539,14,0.32432432432432434,0.0011986007800380296,1,500000.0,2023-01_2025-06
3,C3 Hybrid,2023-01,2023-01-31,P_selected,SNP,0.0003690989652616164,NEUTRAL,-0.006317516032947758,-0.006317516032947758,-0.003158758016473879,737511.5599999999,0.9995905085505339,1,exclude,1,17,14,0.426857,0.015132,0.9998,ok,0.04715743515849957,0.999954110091539,0.999954110091539,14,0.09505703422053235,3.508545297163655e-05,1,500000.0,2023-01_2025-06
3,C3 Hybrid,2023-01,2023-01-31,P_selected,ATW,0.00021964949223033062,BUY,0.7252235600663473,0.7252235600663473,0.7252235600663473,15659908.55,1.0,1,exclude,1,17,14,0.426857,0.015132,0.9998,ok,0.04715743515849957,0.999954110091539,0.999954110091539,14,0.15616438356164375,3.4301427553777636e-05,1,500000.0,2023-01_2025-06
3,C3 Hybrid,2023-02,2023-02-28,P_selected,CMT,0.22046896380669995,BUY,3.65828826557094,3.65828826557094,3.65828826557094,1034067.45,0.9999964376237946,1,exclude,1,17,14,1.048289,0.014974,1.0,ok,-0.05785234625452684,0.5717328163335492,0.9999079679571816,14,-0.037837837837837784,-0.00834206890079404,1,500000.0,2023-01_2025-06
3,C3 Hybrid,2023-02,2023-02-28,P_selected,CMA,0.20213773788647765,BUY,0.4702171458214535,0.4702171458214535,0.4702171458214535,1089665.05,0.9999985364451657,1,exclude,1,17,14,1.048289,0.014974,1.0,ok,-0.05785234625452684,0.5717328163335492,0.9999079679571816,14,-0.10188679245283017,-0.020595165746924132,1,500000.0,2023-01_2025-06
3,C3 Hybrid,2023-02,2023-02-28,P_selected,LBV,0.13937700236107525,NEUTRAL,-0.1582688807170982,-0.1582688807170982,-0.0791344403585491,3061243.25,1.0,1,exclude,1,17,14,1.048289,0.014974,1.0,ok,-0.05785234625452684,0.5717328163335492,0.9999079679571816,14,-0.011363636363636354,-0.0015838295722849446,1,500000.0,2023-01_2025-06
3,C3 Hybrid,2023-02,2023-02-28,P_selected,IAM,0.09311764732712842,BUY,0.4506997531259182,0.4506997531259182,0.4506997531259182,19150457.830000002,1.0,1,exclude,1,17,14,1.048289,0.014974,1.0,ok,-0.05785234625452684,0.5717328163335492,0.9999079679571816,14,-0.07608695652173914,-0.0070850383835858585,1,500000.0,2023-01_2025-06
3,C3 Hybrid,2023-02,2023-02-28,P_selected,ARD,0.0897140265112076,BUY,0.48142324714587914,0.48142324714587914,0.48142324714587914,1171041.635,0.9999996019413807,1,exclude,1,17,14,1.048289,0.014974,1.0,ok,-0.05785234625452684,0.5717328163335492,0.9999079679571816,14,0.00518259611907923,0.00046495156562395573,1,500000.0,2023-01_2025-06
3,C3 Hybrid,2023-02,2023-02-28,P_selected,GAZ,0.06916197215075837,NEUTRAL,-0.07175564669965445,-0.07175564669965445,-0.035877823349827226,2997477.45,1.0,1,exclude,1,17,14,1.048289,0.014974,1.0,ok,-0.05785234625452684,0.5717328163335492,0.9999079679571816,14,-0.1235955056179775,-0.00854810891750946,1,500000.0,2023-01_2025-06
3,C3 Hybrid,2023-02,2023-02-28,P_selected,ATL,0.06718981295211954,NEUTRAL,-0.11664610914944645,-0.11664610914944645,-0.058323054574723227,1271202.9575,0.999999919840497,1,exclude,1,17,14,1.048289,0.014974,1.0,ok,-0.05785234625452684,0.5717328163335492,0.9999079679571816,14,-0.07072987208427395,-0.0047523268754697074,1,500000.0,2023-01_2025-06
3,C3 Hybrid,2023-02,2023-02-28,P_selected,SAH,0.05933811188267354,NEUTRAL,-0.05996991330016867,-0.05996991330016867,-0.029984956650084334,2543576.1,0.9999999999999998,1,exclude,1,17,14,1.048289,0.014974,1.0,ok,-0.05785234625452684,0.5717328163335492,0.9999079679571816,14,-0.09134615384615385,-0.005420308296974987,1,500000.0,2023-01_2025-06
3,C3 Hybrid,2023-02,2023-02-28,P_selected,CSR,0.04234173720116973,BUY,2.3214489354881747,2.3214489354881747,2.3214489354881747,910033.8474999999,0.9999740818607816,1,exclude,1,17,14,1.048289,0.014974,1.0,ok,-0.05785234625452684,0.5717328163335492,0.9999079679571816,14,-0.0444444444444444,-0.0018818549867186528,1,500000.0,2023-01_2025-06
3,C3 Hybrid,2023-02,2023-02-28,P_selected,CIH,0.00892089472065485,NEUTRAL,0.09421147653841214,0.09421147653841214,0.04710573826920607,1095213.6300000001,0.9999986607749326,1,exclude,1,17,14,1.048289,0.014974,1.0,ok,-0.05785234625452684,0.5717328163335492,0.9999079679571816,14,-0.012618296529968487,-0.0001125664948978533,1,500000.0,2023-01_2025-06
3,C3 Hybrid,2023-02,2023-02-28,P_selected,BOA,0.00501718931165377,NEUTRAL,0.07369588490132639,0.07369588490132639,0.036847942450663196,9772784.5,1.0,1,exclude,1,17,14,1.048289,0.014974,1.0,ok,-0.05785234625452684,0.5717328163335492,0.9999079679571816,14,-0.026946107784431184,-0.00013519372396671858,1,500000.0,2023-01_2025-06
3,C3 Hybrid,2023-02,2023-02-28,P_selected,MSA,0.001788454700208654,NEUTRAL,0.08985678388132845,0.08985678388132845,0.044928391940664225,8126108.8225,1.0,1,exclude,1,17,14,1.048289,0.014974,1.0,ok,-0.05785234625452684,0.5717328163335492,0.9999079679571816,14,-0.01834862385321101,-3.2815682572635854e-05,1,500000.0,2023-01_2025-06
3,C3 Hybrid,2023-02,2023-02-28,P_selected,BCP,0.001207302130887098,NEUTRAL,0.15095705558553685,0.15095705558553685,0.07547852779276842,11828347.8025,1.0,1,exclude,1,17,14,1.048289,0.014974,1.0,ok,-0.05785234625452684,0.5717328163335492,0.9999079679571816,14,-0.05020920502092052,-6.061768021190452e-05,1,500000.0,2023-01_2025-06
3,C3 Hybrid,2023-02,2023-02-28,P_selected,TQM,0.00012711501446727988,BUY,0.9546064540073033,0.9546064540073033,0.9546064540073033,1453693.8,0.9999999956760686,1,exclude,1,17,14,1.048289,0.014974,1.0,ok,-0.05785234625452684,0.5717328163335492,0.9999079679571816,14,-0.03903903903903905,-4.962448012236152e-06,1,500000.0,2023-01_2025-06
3,C3 Hybrid,2023-03,2023-03-31,P_selected,AKT,0.35296877042187236,BUY,0.36424986743707916,0.36424986743707916,0.36424986743707916,835562.8699999999,0.9999146791109752,1,exclude,1,15,11,0.548886,0.012184,0.9979,ok,0.019547066447183736,1.3517953874930502,0.9998913541981851,11,0.03672413793103435,0.012962473810320438,1,500000.0,2023-01_2025-06
3,C3 Hybrid,2023-03,2023-03-31,P_selected,ADI,0.15134012605214137,BUY,0.2685076173596327,0.2685076173596327,0.2685076173596327,1206786.3105000001,0.9999997753183202,1,exclude,1,15,11,0.548886,0.012184,0.9979,ok,0.019547066447183736,1.3517953874930502,0.9998913541981851,11,0.06788079470198682,0.010273088026718216,1,500000.0,2023-01_2025-06
3,C3 Hybrid,2023-03,2023-03-31,P_selected,CMA,0.13218220639272274,BUY,0.27883940568007626,0.27883940568007626,0.27883940568007626,2768078.85,1.0,1,exclude,1,15,11,0.548886,0.012184,0.9979,ok,0.019547066447183736,1.3517953874930502,0.9998913541981851,11,0.03813559322033888,0.005040846853959752,1,500000.0,2023-01_2025-06
3,C3 Hybrid,2023-03,2023-03-31,P_selected,CMT,0.11608106002107149,BUY,0.5864828828186575,0.5864828828186575,0.5864828828186575,507315.95,0.9839687658365996,1,exclude,1,15,11,0.548886,0.012184,0.9979,ok,0.019547066447183736,1.3517953874930502,0.9998913541981851,11,-0.026790595954073293,-0.003109880776945057,1,500000.0,2023-01_2025-06
3,C3 Hybrid,2023-03,2023-03-31,P_selected,CSR,0.11313754624187376,BUY,2.225611150656965,2.225611150656965,2.225611150656965,2099710.955,0.9999999999998597,1,exclude,1,15,11,0.548886,0.012184,0.9979,ok,0.019547066447183736,1.3517953874930502,0.9998913541981851,11,-0.013486934532171868,-0.0015258786792947188,1,500000.0,2023-01_2025-06
3,C3 Hybrid,2023-03,2023-03-31,P_selected,MNG,0.03656023257683612,NEUTRAL,0.18442841850918845,0.18442841850918845,0.09221420925459423,1282594.6,0.9999999331967206,1,exclude,1,15,11,0.548886,0.012184,0.9979,ok,0.019547066447183736,1.3517953874930502,0.9998913541981851,11,-0.04315417810906241,-0.0015777267883295316,1,500000.0,2023-01_2025-06
3,C3 Hybrid,2023-03,2023-03-31,P_selected,BOA,0.03143212390098667,NEUTRAL,0.16142141147877592,0.16142141147877592,0.08071070573938796,2560153.6025,1.0,1,exclude,1,15,11,0.548886,0.012184,0.9979,ok,0.019547066447183736,1.3517953874930502,0.9998913541981851,11,-0.006134969325153339,-0.0001928351159569723,1,500000.0,2023-01_2025-06
3,C3 Hybrid,2023-03,2023-03-31,P_selected,DHO,0.03105515225147177,NEUTRAL,0.018974690995532693,0.018974690995532693,0.009487345497766347,576016.742,0.9946017515741817,1,exclude,1,15,11,0.548886,0.012184,0.9979,ok,0.019547066447183736,1.3517953874930502,0.9998913541981851,11,-0.02617397998460358,-0.0008128369334488389,1,500000.0,2023-01_2025-06
3,C3 Hybrid,2023-03,2023-03-31,P_selected,ATL,0.028252659390073355,BUY,0.3045469069976285,0.3045469069976285,0.3045469069976285,2324704.1875,0.9999999999999962,1,exclude,1,15,11,0.548886,0.012184,0.9979,ok,0.019547066447183736,1.3517953874930502,0.9998913541981851,11,0.05734038226921512,0.0016200182895487363,1,500000.0,2023-01_2025-06
3,C3 Hybrid,2023-03,2023-03-31,P_selected,TQM,0.004391179485407917,BUY,0.5503201118869326,0.5503201118869326,0.5503201118869326,6903893.63,1.0,1,exclude,1,15,11,0.548886,0.012184,0.9979,ok,0.019547066447183736,1.3517953874930502,0.9998913541981851,11,0.0,0.0,1,500000.0,2023-01_2025-06
3,C3 Hybrid,2023-03,2023-03-31,P_selected,SID,0.002490297463727457,NEUTRAL,-0.19229762539852924,-0.19229762539852924,-0.09614881269926462,1376367.56,0.9999999850996477,1,exclude,1,15,11,0.548886,0.012184,0.9979,ok,0.019547066447183736,1.3517953874930502,0.9998913541981851,11,-0.03539823008849563,-8.815212260982162e-05,1,500000.0,2023-01_2025-06
3,C3 Hybrid,2023-04,2023-04-28,P_selected,AKT,0.39439453077922376,NEUTRAL,0.13978173200682756,0.13978173200682756,0.06989086600341378,3402391.0424999995,1.0,1,exclude,1,19,14,0.482225,0.012235,0.9986,ok,0.08540738108089685,0.47208322306139516,0.9997482697168047,14,0.0738255033557047,0.029116374755513166,1,500000.0,2023-01_2025-06
3,C3 Hybrid,2023-04,2023-04-28,P_selected,ADI,0.17196451437480612,BUY,0.7220220657070744,0.7220220657070744,0.7220220657070744,1208116.0579999997,0.9999997800481433,1,exclude,1,19,14,0.482225,0.012235,0.9986,ok,0.08540738108089685,0.47208322306139516,0.9997482697168047,14,0.09062499999999996,0.015584284115216797,1,500000.0,2023-01_2025-06
3,C3 Hybrid,2023-04,2023-04-28,P_selected,CMA,0.11534780836627465,NEUTRAL,-0.05008767916464689,-0.05008767916464689,-0.025043839582323445,2487721.45,0.9999999999999998,1,exclude,1,19,14,0.482225,0.012235,0.9986,ok,0.08540738108089685,0.47208322306139516,0.9997482697168047,14,0.14113873295910184,0.01628004352242529,1,500000.0,2023-01_2025-06
3,C3 Hybrid,2023-04,2023-04-28,P_selected,CIH,0.10358856537043222,BUY,0.559211820824312,0.559211820824312,0.559211820824312,520413.36500000005,0.9869600757360814,1,exclude,1,19,14,0.482225,0.012235,0.9986,ok,0.08540738108089685,0.47208322306139516,0.9997482697168047,14,0.14631428116541945,0.015156486479131853,1,500000.0,2023-01_2025-06
3,C3 Hybrid,2023-04,2023-04-28,P_selected,CSR,0.09721329553072892,BUY,2.5001305700902976,2.5001305700902976,2.5001305700902976,3219892.3125,1.0,1,exclude,1,19,14,0.482225,0.012235,0.9986,ok,0.08540738108089685,0.47208322306139516,0.9997482697168047,14,0.027934537246049773,0.002715608424814391,1,500000.0,2023-01_2025-06
3,C3 Hybrid,2023-04,2023-04-28,P_selected,SBM,0.038910976145949336,NEUTRAL,-0.15868071919973015,-0.15868071919973015,-0.07934035959986507,1084722.7,0.9999984160119108,1,exclude,1,19,14,0.482225,0.012235,0.9986,ok,0.08540738108089685,0.47208322306139516,0.9997482697168047,14,0.09959183673469396,0.0038752155835149577,1,500000.0,2023-01_2025-06
3,C3 Hybrid,2023-04,2023-04-28,P_selected,BOA,0.029553731798679525,NEUTRAL,0.17806263902409059,0.17806263902409059,0.08903131951204529,1890395.8974999997,0.9999999999960065,1,exclude,1,19,14,0.482225,0.012235,0.9986,ok,0.08540738108089685,0.47208322306139516,0.9997482697168047,14,0.030615337981206414,0.000904797487622501,1,500000.0,2023-01_2025-06
3,C3 Hybrid,2023-04,2023-04-28,P_selected,SID,0.018970647855582203,BUY,0.32653800715726927,0.32653800715726927,0.32653800715726927,703463.7849999999,0.9992941632968811,1,exclude,1,19,14,0.482225,0.012235,0.9986,ok,0.08540738108089685,0.47208322306139516,0.9997482697168047,14,0.048214285714285765,0.0009146562358941429,1,500000.0,2023-01_2025-06
3,C3 Hybrid,2023-04,2023-04-28,P_selected,CMT,0.011856086962677816,NEUTRAL,0.019993520275942877,0.019993520275942877,0.009996760137971438,686211.15,0.9990699840753258,1,exclude,1,19,14,0.482225,0.012235,0.9986,ok,0.08540738108089685,0.47208322306139516,0.9997482697168047,14,0.03285543608124253,0.00038953690737591383,1,500000.0,2023-01_2025-06
3,C3 Hybrid,2023-04,2023-04-28,P_selected,MSA,0.0085540355745365,NEUTRAL,0.16065185303044596,0.16065185303044596,0.08032592651522298,4869166.4375,1.0,1,exclude,1,19,14,0.482225,0.012235,0.9986,ok,0.08540738108089685,0.47208322306139516,0.9997482697168047,14,0.13025780189959302,0.0011142298713100467,1,500000.0,2023-01_2025-06
3,C3 Hybrid,2023-04,2023-04-28,P_selected,BCP,0.004669582303405853,BUY,0.31922120406017146,0.31922120406017146,0.31922120406017146,4885693.1899999995,1.0,1,exclude,1,19,14,0.482225,0.012235,0.9986,ok,0.08540738108089685,0.47208322306139516,0.9997482697168047,14,0.022100656455142254,0.0001032008342765846,1,500000.0,2023-01_2025-06
3,C3 Hybrid,2023-04,2023-04-28,P_selected,MNG,0.0029000200472302836,NEUTRAL,-0.2146334970123905,-0.2146334970123905,-0.10731674850619526,1320150.35,0.9999999633702701,1,exclude,1,19,14,0.482225,0.012235,0.9986,ok,0.08540738108089685,0.47208322306139516,0.9997482697168047,14,-0.09952809952809949,-0.00028863348389421945,1,500000.0,2023-01_2025-06
3,C3 Hybrid,2023-04,2023-04-28,P_selected,GAZ,0.0017164108238126364,NEUTRAL,-0.02990209367148524,-0.02990209367148524,-0.01495104683574262,2067982.95,0.9999999999997671,1,exclude,1,19,14,0.482225,0.012235,0.9986,ok,0.08540738108089685,0.47208322306139516,0.9997482697168047,14,0.038691249026227004,6.641007861544615e-05,1,500000.0,2023-01_2025-06
3,C3 Hybrid,2023-04,2023-04-28,P_selected,TQM,0.0001080637834648766,NEUTRAL,-0.050636761707769096,-0.050636761707769096,-0.025318380853884548,1271501.99,0.9999999202231057,1,exclude,1,19,14,0.482225,0.012235,0.9986,ok,0.08540738108089685,0.47208322306139516,0.9997482697168047,14,0.05714285714285716,6.175073340850094e-06,1,500000.0,2023-01_2025-06
3,C3 Hybrid,2023-05,2023-05-31,P_selected,ADI,0.29087105667958196,BUY,0.7114950267429417,0.7114950267429417,0.7114950267429417,1961794.8165,0.9999999999987259,1,exclude,1,21,17,1.035944,0.014338,0.9986,ok,0.08434280558874963,1.0427917033177243,0.9998997404007107,17,0.1683453237410073,0.04896678220361311,1,500000.0,2023-01_2025-06
3,C3 Hybrid,2023-05,2023-05-31,P_selected,CMA,0.1802368360065155,BUY,0.9807431328686702,0.9807431328686702,0.9807431328686702,4442305.05,1.0,1,exclude,1,21,17,1.035944,0.014338,0.9986,ok,0.08434280558874963,1.0427917033177243,0.9998997404007107,17,0.08203677510608198,0.014786048781298291,1,500000.0,2023-01_2025-06
3,C3 Hybrid,2023-05,2023-05-31,P_selected,CSR,0.14199644675941425,BUY,3.845159201651968,3.845159201651968,3.845159201651968,4808098.57,1.0,1,exclude,1,21,17,1.035944,0.014338,0.9986,ok,0.08434280558874963,1.0427917033177243,0.9998997404007107,17,0.0652827096421742,0.009269912804015288,1,500000.0,2023-01_2025-06
3,C3 Hybrid,2023-05,2023-05-31,P_selected,CDM,0.09081750071257985,BUY,0.45181207424768427,0.45181207424768427,0.45181207424768427,2111296.7199999997,0.9999999999998834,1,exclude,1,21,17,1.035944,0.014338,0.9986,ok,0.08434280558874963,1.0427917033177243,0.9998997404007107,17,0.05957446808510647,0.005410404297770723,1,500000.0,2023-01_2025-06
3,C3 Hybrid,2023-05,2023-05-31,P_selected,HPS,0.06529571366436263,NEUTRAL,-0.049629502320649874,-0.049629502320649874,-0.024814751160324937,513894.9,0.985547335993131,1,exclude,1,21,17,1.035944,0.014338,0.9986,ok,0.08434280558874963,1.0427917033177243,0.9998997404007107,17,0.05269784172661862,0.0034409431841111904,1,500000.0,2023-01_2025-06
3,C3 Hybrid,2023-05,2023-05-31,P_selected,DWY,0.054901661161518234,BUY,0.4619318165287309,0.4619318165287309,0.4619318165287309,547346.64,0.9914864497483079,1,exclude,1,21,17,1.035944,0.014338,0.9986,ok,0.08434280558874963,1.0427917033177243,0.9998997404007107,17,-0.01388888888888884,-0.0007625230716877505,1,500000.0,2023-01_2025-06
3,C3 Hybrid,2023-05,2023-05-31,P_selected,GAZ,0.042065243256373425,NEUTRAL,-0.12956672507287775,-0.12956672507287775,-0.06478336253643888,2430464.6,0.9999999999999993,1,exclude,1,21,17,1.035944,0.014338,0.9986,ok,0.08434280558874963,1.0427917033177243,0.9998997404007107,17,0.043695380774032566,0.0018380568214395425,1,500000.0,2023-01_2025-06
3,C3 Hybrid,2023-05,2023-05-31,P_selected,SBM,0.04153001988008397,BUY,0.8713597429280205,0.8713597429280205,0.8713597429280205,1324841.7,0.9999999660190999,1,exclude,1,21,17,1.035944,0.014338,0.9986,ok,0.08434280558874963,1.0427917033177243,0.9998997404007107,17,-0.041353383458646586,-0.0017174068371463285,1,500000.0,2023-01_2025-06
3,C3 Hybrid,2023-05,2023-05-31,P_selected,CIH,0.04111592070747583,NEUTRAL,0.03453046821943952,0.03453046821943952,0.01726523410971976,2294585.9675000003,0.9999999999999938,1,exclude,1,21,17,1.035944,0.014338,0.9986,ok,0.08434280558874963,1.0427917033177243,0.9998997404007107,17,0.023339816615726594,0.0009596380492992415,1,500000.0,2023-01_2025-06
3,C3 Hybrid,2023-05,2023-05-31,P_selected,DHO,0.015577290324053356,BUY,0.22269838782095164,0.22269838782095164,0.22269838782095164,850283.1369999999,0.9999325819392528,1,exclude,1,21,17,1.035944,0.014338,0.9986,ok,0.08434280558874963,1.0427917033177243,0.9998997404007107,17,0.15241635687732358,0.0023742338412125956,1,500000.0,2023-01_2025-06
3,C3 Hybrid,2023-05,2023-05-31,P_selected,CMT,0.01269027559239344,BUY,0.36043471573482616,0.36043471573482616,0.36043471573482616,780695.1,0.999794759246753,1,exclude,1,21,17,1.035944,0.014338,0.9986,ok,0.08434280558874963,1.0427917033177243,0.9998997404007107,17,0.05882352941176472,0.0007464867995525555,1,500000.0,2023-01_2025-06
3,C3 Hybrid,2023-05,2023-05-31,P_selected,TGC,0.010397796898590685,BUY,0.367616767518481,0.367616767518481,0.367616767518481,1231054.7525,0.9999998476181343,1,exclude,1,21,17,1.035944,0.014338,0.9986,ok,0.08434280558874963,1.0427917033177243,0.9998997404007107,17,0.05776173285198549,0.0006005947667055984,1,500000.0,2023-01_2025-06
3,C3 Hybrid,2023-05,2023-05-31,P_selected,IAM,0.008600480124263366,NEUTRAL,-0.11674483585539412,-0.11674483585539412,-0.05837241792769706,9482174.524,1.0,1,exclude,1,21,17,1.035944,0.014338,0.9986,ok,0.08434280558874963,1.0427917033177243,0.9998997404007107,17,0.08695652173913038,0.0007478678368924661,1,500000.0,2023-01_2025-06
3,C3 Hybrid,2023-05,2023-05-31,P_selected,ARD,0.0019084817439339998,NEUTRAL,-0.04697547915138768,-0.04697547915138768,-0.02348773957569384,2783074.87,1.0,1,exclude,1,21,17,1.035944,0.014338,0.9986,ok,0.08434280558874963,1.0427917033177243,0.9998997404007107,17,0.0352831940575673,6.733733172654778e-05,1,500000.0,2023-01_2025-06
3,C3 Hybrid,2023-05,2023-05-31,P_selected,ATH,0.00125688816598962,NEUTRAL,-0.13237412056845865,-0.13237412056845865,-0.06618706028422933,652984.1339999998,0.9984184169119632,1,exclude,1,21,17,1.035944,0.014338,0.9986,ok,0.08434280558874963,1.0427917033177243,0.9998997404007107,17,-0.0011922108888593463,-1.4984757575712784e-06,1,500000.0,2023-01_2025-06
3,C3 Hybrid,2023-05,2023-05-31,P_selected,ATL,0.0003349882354104338,BUY,0.4583156678011641,0.4583156678011641,0.4583156678011641,535671.9625,0.9897558491320383,1,exclude,1,21,17,1.035944,0.014338,0.9986,ok,0.08434280558874963,1.0427917033177243,0.9998997404007107,17,-0.03943771964076537,-1.3211172111071398e-05,1,500000.0,2023-01_2025-06
3,C3 Hybrid,2023-05,2023-05-31,P_selected,SID,0.00030314048817025436,BUY,0.4576454438050115,0.4576454438050115,0.4576454438050115,789052.735,0.9998204439840488,1,exclude,1,21,17,1.035944,0.014338,0.9986,ok,0.08434280558874963,1.0427917033177243,0.9998997404007107,17,0.033868092691622165,1.0266790151933767e-05,1,500000.0,2023-01_2025-06
3,C3 Hybrid,2023-06,2023-06-28,P_selected,AKT,0.3888346099887336,BUY,0.5248336633896271,0.5248336633896271,0.5248336633896271,3411651.5375,1.0,1,exclude,1,23,18,0.724921,0.009798,0.9994,ok,0.07446597602205962,1.339148442315075,0.9999809312533341,18,0.15107913669064743,0.05874479719254246,1,500000.0,2023-01_2025-06
3,C3 Hybrid,2023-06,2023-06-28,P_selected,LES,0.12832894109836124,BUY,2.26290950097469,2.26290950097469,2.26290950097469,2605558.6,1.0,1,exclude,1,23,18,0.724921,0.009798,0.9994,ok,0.07446597602205962,1.339148442315075,0.9999809312533341,18,0.02544731610337969,0.0032656271293419917,1,500000.0,2023-01_2025-06
3,C3 Hybrid,2023-06,2023-06-28,P_selected,ADI,0.09008380440186538,BUY,0.955120492387212,0.955120492387212,0.955120492387212,5938925.788,1.0,1,exclude,1,23,18,0.724921,0.009798,0.9994,ok,0.07446597602205962,1.339148442315075,0.9999809312533341,18,0.08227770261960399,0.007411888469419252,1,500000.0,2023-01_2025-06
3,C3 Hybrid,2023-06,2023-06-28,P_selected,CDM,0.07080444989122157,NEUTRAL,0.07651222756078577,0.07651222756078577,0.038256113780392884,1552744.55,0.9999999991136532,1,exclude,1,23,18,0.724921,0.009798,0.9994,ok,0.07446597602205962,1.339148442315075,0.9999809312533341,18,-0.004016064257028162,-0.0002843552204466765,1,500000.0,2023-01_2025-06
3,C3 Hybrid,2023-06,2023-06-28,P_selected,DWY,0.06734650986498054,NEUTRAL,0.1516243186559162,0.1516243186559162,0.0758121593279581,698752.775,0.9992389456200612,1,exclude,1,23,18,0.724921,0.009798,0.9994,ok,0.07446597602205962,1.339148442315075,0.9999809312533341,18,0.0028169014084507005,0.00018970847849290268,1,500000.0,2023-01_2025-06
3,C3 Hybrid,2023-06,2023-06-28,P_selected,SLF,0.05749799841437852,BUY,0.222197616366075,0.222197616366075,0.222197616366075,541188.725,0.9906131990863436,1,exclude,1,23,18,0.724921,0.009798,0.9994,ok,0.07446597602205962,1.339148442315075,0.9999809312533341,18,0.036363636363636376,0.0020908363059774014,1,500000.0,2023-01_2025-06
3,C3 Hybrid,2023-06,2023-06-28,P_selected,CMA,0.055344433608158126,BUY,0.39716806275390415,0.39716806275390415,0.39716806275390415,4495991.85,1.0,1,exclude,1,23,18,0.724921,0.009798,0.9994,ok,0.07446597602205962,1.339148442315075,0.9999809312533341,18,-0.019607843137254943,-0.001085184972708985,1,500000.0,2023-01_2025-06
3,C3 Hybrid,2023-06,2023-06-28,P_selected,CSR,0.038190481104190765,BUY,1.9240816258656577,1.9240816258656577,1.9240816258656577,2951938.085,1.0,1,exclude,1,23,18,0.724921,0.009798,0.9994,ok,0.07446597602205962,1.339148442315075,0.9999809312533341,18,0.10230769230769221,0.003907179989890282,1,500000.0,2023-01_2025-06
3,C3 Hybrid,2023-06,2023-06-28,P_selected,SAH,0.037979731270674666,NEUTRAL,0.20584434791070555,0.20584434791070555,0.10292217395535277,814567.125,0.9998806193449075,1,exclude,1,23,18,0.724921,0.009798,0.9994,ok,0.07446597602205962,1.339148442315075,0.9999809312533341,18,0.05499999999999994,0.002088885219887104,1,500000.0,2023-01_2025-06
3,C3 Hybrid,2023-06,2023-06-28,P_selected,ATL,0.03151676449724983,BUY,0.27030775873980817,0.27030775873980817,0.27030775873980817,853437.7050000001,0.9999359000761471,1,exclude,1,23,18,0.724921,0.009798,0.9994,ok,0.07446597602205962,1.339148442315075,0.9999809312533341,18,-0.008130081300813052,-0.0002562338577012195,1,500000.0,2023-01_2025-06
3,C3 Hybrid,2023-06,2023-06-28,P_selected,MUT,0.008385024919565925,NEUTRAL,-0.19863781102628186,-0.19863781102628186,-0.09931890551314093,1311488.7449999999,0.9999999579253309,1,exclude,1,23,18,0.724921,0.009798,0.9994,ok,0.07446597602205962,1.339148442315075,0.9999809312533341,18,0.06465517241379315,0.0005421352318684869,1,500000.0,2023-01_2025-06
3,C3 Hybrid,2023-06,2023-06-28,P_selected,CMT,0.008069059895403087,BUY,0.3265118806246249,0.3265118806246249,0.3265118806246249,765167.1,0.9997368895744893,1,exclude,1,23,18,0.724921,0.009798,0.9994,ok,0.07446597602205962,1.339148442315075,0.9999809312533341,18,0.11388888888888893,0.0009189762658653518,1,500000.0,2023-01_2025-06
3,C3 Hybrid,2023-06,2023-06-28,P_selected,IAM,0.006181408855747876,BUY,0.4163297791926065,0.4163297791926065,0.4163297791926065,44771855.795,1.0,1,exclude,1,23,18,0.724921,0.009798,0.9994,ok,0.07446597602205962,1.339148442315075,0.9999809312533341,18,0.15368421052631565,0.0009499849399359885,1,500000.0,2023-01_2025-06
3,C3 Hybrid,2023-06,2023-06-28,P_selected,TGC,0.005883932683514508,NEUTRAL,0.06361566563037355,0.06361566563037355,0.03180783281518677,7693227.525,1.0,1,exclude,1,23,18,0.724921,0.009798,0.9994,ok,0.07446597602205962,1.339148442315075,0.9999809312533341,18,0.03344709897610931,0.00019680047883427422,1,500000.0,2023-01_2025-06
3,C3 Hybrid,2023-06,2023-06-28,P_selected,LBV,0.0030903643658314463,NEUTRAL,-0.1904154675173073,-0.1904154675173073,-0.09520773375865366,5713665.0,1.0,1,exclude,1,23,18,0.724921,0.009798,0.9994,ok,0.07446597602205962,1.339148442315075,0.9999809312533341,18,0.026086956521739202,8.061820084777708e-05,1,500000.0,2023-01_2025-06
3,C3 Hybrid,2023-06,2023-06-28,P_selected,SNP,0.001652500860723844,BUY,0.49099681394745265,0.49099681394745265,0.49099681394745265,547117.28,0.99145541711152,1,exclude,1,23,18,0.724921,0.009798,0.9994,ok,0.07446597602205962,1.339148442315075,0.9999809312533341,18,0.14368932038834958,0.0002374467256185719,1,500000.0,2023-01_2025-06
3,C3 Hybrid,2023-06,2023-06-28,P_selected,SBM,0.0005718948324548127,NEUTRAL,0.006024036480674124,0.006024036480674124,0.003012018240337062,623495.0,0.9974672660492686,1,exclude,1,23,18,0.724921,0.009798,0.9994,ok,0.07446597602205962,1.339148442315075,0.9999809312533341,18,0.11764705882352944,6.728174499468387e-05,1,500000.0,2023-01_2025-06
3,C3 Hybrid,2023-06,2023-06-28,P_selected,MSA,0.000219020700278289,BUY,0.27857030535788,0.27857030535788,0.27857030535788,11994691.645000001,1.0,1,exclude,1,23,18,0.724921,0.009798,0.9994,ok,0.07446597602205962,1.339148442315075,0.9999809312533341,18,0.09126984126984117,1.9989984549208895e-05,1,500000.0,2023-01_2025-06
3,C3 Hybrid,2023-07,2023-07-31,P_selected,AKT,0.34277741691314306,BUY,1.3957959488974874,1.3957959488974874,1.3957959488974874,6380450.305,1.0,1,exclude,1,33,25,1.040419,0.010233,0.9986,ok,0.020035515951672522,0.9942759560678979,0.9999305918331407,25,0.022474685107434,0.007703814507062512,1,500000.0,2023-01_2025-06
3,C3 Hybrid,2023-07,2023-07-31,P_selected,ADI,0.1908761045235692,BUY,2.127142542307211,2.127142542307211,2.127142542307211,4485967.051000001,1.0,1,exclude,1,33,25,1.040419,0.010233,0.9986,ok,0.020035515951672522,0.9942759560678979,0.9999305918331407,25,0.10344827586206895,0.019745803916231295,1,500000.0,2023-01_2025-06
3,C3 Hybrid,2023-07,2023-07-31,P_selected,EQD,0.08052772381198454,NEUTRAL,0.19422196849073814,0.19422196849073814,0.09711098424536907,564841.2,0.9935516335702447,1,exclude,1,33,25,1.040419,0.010233,0.9986,ok,0.020035515951672522,0.9942759560678979,0.9999305918331407,25,0.044074436826640584,0.0035492140759444736,1,500000.0,2023-01_2025-06
3,C3 Hybrid,2023-07,2023-07-31,P_selected,SOT,0.07817292087874012,BUY,0.27883610509181234,0.27883610509181234,0.27883610509181234,558011.45,0.992812391403546,1,exclude,1,33,25,1.040419,0.010233,0.9986,ok,0.020035515951672522,0.9942759560678979,0.9999305918331407,25,-0.04503753127606336,-0.0035207153690174843,1,500000.0,2023-01_2025-06
3,C3 Hybrid,2023-07,2023-07-31,P_selected,CMA,0.040803622480231325,BUY,0.5250326117099253,0.5250326117099253,0.5250326117099253,2032144.5,0.9999999999995866,1,exclude,1,33,25,1.040419,0.010233,0.9986,ok,0.020035515951672522,0.9942759560678979,0.9999305918331407,25,-0.032471835652750136,-0.0013249685232149325,1,500000.0,2023-01_2025-06
3,C3 Hybrid,2023-07,2023-07-31,P_selected,CIH,0.03467880323444681,BUY,0.6399046626857534,0.6399046626857534,0.6399046626857534,1337855.95,0.9999999724067657,1,exclude,1,33,25,1.040419,0.010233,0.9986,ok,0.020035515951672522,0.9942759560678979,0.9999305918331407,25,0.016124661246612382,0.0005591839545933806,1,500000.0,2023-01_2025-06
3,C3 Hybrid,2023-07,2023-07-31,P_selected,GAZ,0.03356226571349477,BUY,0.32595315895993815,0.32595315895993815,0.32595315895993815,1530669.3,0.9999999987381776,1,exclude,1,33,25,1.040419,0.010233,0.9986,ok,0.020035515951672522,0.9942759560678979,0.9999305918331407,25,-0.022222222222222254,-0.0007458281269665516,1,500000.0,2023-01_2025-06
3,C3 Hybrid,2023-07,2023-07-31,P_selected,DHO,0.0322141787634049,BUY,0.2929023319111838,0.2929023319111838,0.2929023319111838,1528675.736,0.9999999986972805,1,exclude,1,33,25,1.040419,0.010233,0.9986,ok,0.020035515951672522,0.9942759560678979,0.9999305918331407,25,-0.06598373003916835,-0.002125611674958019,1,500000.0,2023-01_2025-06
3,C3 Hybrid,2023-07,2023-07-31,P_selected,LBV,0.031800468733611566,BUY,0.42861830148698943,0.42861830148698943,0.42861830148698943,2436478.15,0.9999999999999993,1,exclude,1,33,25,1.040419,0.010233,0.9986,ok,0.020035515951672522,0.9942759560678979,0.9999305918331407,25,-0.0527291452111226,-0.0016768115336363682,1,500000.0,2023-01_2025-06
3,C3 Hybrid,2023-07,2023-07-31,P_selected,CMT,0.030021329202094094,BUY,0.26207964583072857,0.26207964583072857,0.26207964583072857,2255001.7,0.9999999999999882,1,exclude,1,33,25,1.040419,0.010233,0.9986,ok,0.020035515951672522,0.9942759560678979,0.9999305918331407,25,-0.007492507492507516,-0.0002249350339817247,1,500000.0,2023-01_2025-06
3,C3 Hybrid,2023-07,2023-07-31,P_selected,TMA,0.025343184037413417,BUY,0.6289643833605993,0.6289643833605993,0.6289643833605993,894651.2,0.9999668494864936,1,exclude,1,33,25,1.040419,0.010233,0.9986,ok,0.020035515951672522,0.9942759560678979,0.9999305918331407,25,-0.06396255850234012,-0.001621014891628628,1,500000.0,2023-01_2025-06
3,C3 Hybrid,2023-07,2023-07-31,P_selected,RIS,0.024408521946360475,BUY,0.4508128686835872,0.4508128686835872,0.4508128686835872,895160.8149999998,0.9999671186826061,1,exclude,1,33,25,1.040419,0.010233,0.9986,ok,0.020035515951672522,0.9942759560678979,0.9999305918331407,25,0.11512648425400118,0.0028100673175211117,1,500000.0,2023-01_2025-06
3,C3 Hybrid,2023-07,2023-07-31,P_selected,MIC,0.01704329232845032,NEUTRAL,-0.16516233886710546,-0.16516233886710546,-0.08258116943355273,535064.25,0.9896567906092791,1,exclude,1,33,25,1.040419,0.010233,0.9986,ok,0.020035515951672522,0.9942759560678979,0.9999305918331407,25,-0.011194029850746245,-0.00019078312307966737,1,500000.0,2023-01_2025-06
3,C3 Hybrid,2023-07,2023-07-31,P_selected,ATL,0.015301914154278694,NEUTRAL,-0.15668778493635915,-0.15668778493635915,-0.07834389246817958,546552.23,0.9913784860220385,1,exclude,1,33,25,1.040419,0.010233,0.9986,ok,0.020035515951672522,0.9942759560678979,0.9999305918331407,25,0.0,0.0,1,500000.0,2023-01_2025-06
3,C3 Hybrid,2023-07,2023-07-31,P_selected,BCP,0.00999136931240778,BUY,0.29202880012801036,0.29202880012801036,0.29202880012801036,14000373.75,1.0,1,exclude,1,33,25,1.040419,0.010233,0.9986,ok,0.020035515951672522,0.9942759560678979,0.9999305918331407,25,0.0018939393939394478,1.8923047940166788e-05,1,500000.0,2023-01_2025-06
3,C3 Hybrid,2023-07,2023-07-31,P_selected,ATH,0.003840542254424222,BUY,0.43688835831479866,0.43688835831479866,0.43688835831479866,764456.9664999999,0.999733883830103,1,exclude,1,33,25,1.040419,0.010233,0.9986,ok,0.020035515951672522,0.9942759560678979,0.9999305918331407,25,-0.05063291139240511,-0.0001944578356670494,1,500000.0,2023-01_2025-06
3,C3 Hybrid,2023-07,2023-07-31,P_selected,RDS,0.002834238809627759,BUY,1.2912551346929768,1.2912551346929768,1.2912551346929768,681112.59,0.9989910155346685,1,exclude,1,33,25,1.040419,0.010233,0.9986,ok,0.020035515951672522,0.9942759560678979,0.9999305918331407,25,-0.10326659641728142,-0.0002926821953040259,1,500000.0,2023-01_2025-06
3,C3 Hybrid,2023-07,2023-07-31,P_selected,SBM,0.0022620228415791855,NEUTRAL,0.19756119523738117,0.19756119523738117,0.09878059761869058,1043809.95,0.99999695180897,1,exclude,1,33,25,1.040419,0.010233,0.9986,ok,0.020035515951672522,0.9942759560678979,0.9999305918331407,25,0.0,0.0,1,500000.0,2023-01_2025-06
3,C3 Hybrid,2023-07,2023-07-31,P_selected,TGC,0.0010489023152535709,BUY,0.44488365999723867,0.44488365999723867,0.44488365999723867,2521328.0025,0.9999999999999998,1,exclude,1,33,25,1.040419,0.010233,0.9986,ok,0.020035515951672522,0.9942759560678979,0.9999305918331407,25,-0.030526668903052778,-3.201949368939124e-05,1,500000.0,2023-01_2025-06
3,C3 Hybrid,2023-07,2023-07-31,P_selected,BOA,0.0009170623466216046,BUY,0.37321412556829514,0.37321412556829514,0.37321412556829514,3190740.0575,1.0,1,exclude,1,33,25,1.040419,0.010233,0.9986,ok,0.020035515951672522,0.9942759560678979,0.9999305918331407,25,-0.0027917364600781314,-2.5601963892283427e-06,1,500000.0,2023-01_2025-06
3,C3 Hybrid,2023-07,2023-07-31,P_selected,CSR,0.0008225534036117116,BUY,1.7971359843429173,1.7971359843429173,1.7971359843429173,1551664.3000000003,0.9999999990982005,1,exclude,1,33,25,1.040419,0.010233,0.9986,ok,0.020035515951672522,0.9942759560678979,0.9999305918331407,25,-0.07572637840311147,-6.228899029866775e-05,1,500000.0,2023-01_2025-06
3,C3 Hybrid,2023-07,2023-07-31,P_selected,BCI,0.00024279347762916424,BUY,0.7473766766295153,0.7473766766295153,0.7473766766295153,733133.4,0.9995608079146594,1,exclude,1,33,25,1.040419,0.010233,0.9986,ok,0.020035515951672522,0.9942759560678979,0.9999305918331407,25,0.07438016528925617,1.8059018997210558e-05,1,500000.0,2023-01_2025-06
3,C3 Hybrid,2023-07,2023-07-31,P_selected,TQM,0.00019110960354695958,BUY,0.3596790991258306,0.3596790991258306,0.3596790991258306,2243716.8,0.999999999999986,1,exclude,1,33,25,1.040419,0.010233,0.9986,ok,0.020035515951672522,0.9942759560678979,0.9999305918331407,25,0.0172570390554041,3.2979858922726752e-06,1,500000.0,2023-01_2025-06
3,C3 Hybrid,2023-07,2023-07-31,P_selected,MSA,0.00013806053297874045,BUY,0.2318716778392682,0.2318716778392682,0.2318716778392682,5992701.142500001,1.0,1,exclude,1,33,25,1.040419,0.010233,0.9986,ok,0.020035515951672522,0.9942759560678979,0.9999305918331407,25,-0.04695089044792233,-6.482064959066611e-06,1,500000.0,2023-01_2025-06
3,C3 Hybrid,2023-07,2023-07-31,P_selected,IAM,0.000110190214236704,NEUTRAL,-0.08666828146476607,-0.08666828146476607,-0.043334140732383036,9461099.1035,1.0,1,exclude,1,33,25,1.040419,0.010233,0.9986,ok,0.020035515951672522,0.9942759560678979,0.9999305918331407,25,-0.040723981900452455,-4.487384290182513e-06,1,500000.0,2023-01_2025-06
3,C3 Hybrid,2023-08,2023-08-31,P_selected,AKT,0.3963858513613297,BUY,1.8018691621045577,1.8018691621045577,1.8018691621045577,5632801.665,1.0,1,exclude,1,30,24,1.260723,0.010268,0.9996,ok,0.08975053048574311,0.7797721206765521,0.9999275011600033,24,0.15393880992531916,0.06101916622979755,1,500000.0,2023-01_2025-06
3,C3 Hybrid,2023-08,2023-08-31,P_selected,ADI,0.12364705268430672,BUY,1.958661198723315,1.958661198723315,1.958661198723315,3926191.3200000003,1.0,1,exclude,1,30,24,1.260723,0.010268,0.9996,ok,0.08975053048574311,0.7797721206765521,0.9999275011600033,24,0.20947368421052648,0.025900803667554796,1,500000.0,2023-01_2025-06
3,C3 Hybrid,2023-08,2023-08-31,P_selected,LES,0.06243775333628522,BUY,0.518194730268232,0.518194730268232,0.518194730268232,3862276.2449999996,1.0,1,exclude,1,30,24,1.260723,0.010268,0.9996,ok,0.08975053048574311,0.7797721206765521,0.9999275011600033,24,0.095617529880478,0.005970143745302167,1,500000.0,2023-01_2025-06
3,C3 Hybrid,2023-08,2023-08-31,P_selected,SAH,0.062412830640625874,BUY,0.36683562765410116,0.36683562765410116,0.36683562765410116,719711.1,0.9994556521558494,1,exclude,1,30,24,1.260723,0.010268,0.9996,ok,0.08975053048574311,0.7797721206765521,0.9999275011600033,24,0.0,0.0,1,500000.0,2023-01_2025-06
3,C3 Hybrid,2023-08,2023-08-31,P_selected,MNG,0.051073351304283365,BUY,0.5548902634902493,0.5548902634902493,0.5548902634902493,743997.85,0.9996308600834183,1,exclude,1,30,24,1.260723,0.010268,0.9996,ok,0.08975053048574311,0.7797721206765521,0.9999275011600033,24,-0.0776536312849162,-0.003966031190667814,1,500000.0,2023-01_2025-06
3,C3 Hybrid,2023-08,2023-08-31,P_selected,JET,0.047934277812788056,BUY,0.9210536144165374,0.9210536144165374,0.9210536144165374,1309289.895,0.99999995641873,1,exclude,1,30,24,1.260723,0.010268,0.9996,ok,0.08975053048574311,0.7797721206765521,0.9999275011600033,24,-0.072039072039072,-0.00345314089249633,1,500000.0,2023-01_2025-06
3,C3 Hybrid,2023-08,2023-08-31,P_selected,RIS,0.043661787181694105,BUY,0.922911983777927,0.922911983777927,0.922911983777927,2178454.9825,0.9999999999999603,1,exclude,1,30,24,1.260723,0.010268,0.9996,ok,0.08975053048574311,0.7797721206765521,0.9999275011600033,24,-0.009433962264150941,-0.00041190365265749145,1,500000.0,2023-01_2025-06
3,C3 Hybrid,2023-08,2023-08-31,P_selected,CMA,0.03496375244933498,BUY,0.29942539551526154,0.29942539551526154,0.29942539551526154,2339678.7,0.9999999999999969,1,exclude,1,30,24,1.260723,0.010268,0.9996,ok,0.08975053048574311,0.7797721206765521,0.9999275011600033,24,0.020547945205479534,0.000718433269506886,1,500000.0,2023-01_2025-06
3,C3 Hybrid,2023-08,2023-08-31,P_selected,MUT,0.033284495014307816,BUY,0.4436486272181796,0.4436486272181796,0.4436486272181796,918897.5449999999,0.9999775087274692,1,exclude,1,30,24,1.260723,0.010268,0.9996,ok,0.08975053048574311,0.7797721206765521,0.9999275011600033,24,0.02114164904862581,0.0007036891123532314,1,500000.0,2023-01_2025-06
3,C3 Hybrid,2023-08,2023-08-31,P_selected,DWY,0.029262373337512047,NEUTRAL,0.11697436370397554,0.11697436370397554,0.05848718185198777,636558.115,0.9979439897925694,1,exclude,1,30,24,1.260723,0.010268,0.9996,ok,0.08975053048574311,0.7797721206765521,0.9999275011600033,24,-0.014104372355430161,-0.00041272740955588155,1,500000.0,2023-01_2025-06
3,C3 Hybrid,2023-08,2023-08-31,P_selected,ADH,0.027077102218074817,BUY,1.5293815914610098,1.5293815914610098,1.5293815914610098,2000368.958,0.9999999999993125,1,exclude,1,30,24,1.260723,0.010268,0.9996,ok,0.08975053048574311,0.7797721206765521,0.9999275011600033,24,0.3451400329489289,0.009345391951707858,1,500000.0,2023-01_2025-06
3,C3 Hybrid,2023-08,2023-08-31,P_selected,GAZ,0.02532895725119537,BUY,0.8235415452887519,0.8235415452887519,0.8235415452887519,1221689.0,0.9999998229837281,1,exclude,1,30,24,1.260723,0.010268,0.9996,ok,0.08975053048574311,0.7797721206765521,0.9999275011600033,24,-0.045454545454545414,-0.0011513162386906975,1,500000.0,2023-01_2025-06
3,C3 Hybrid,2023-08,2023-08-31,P_selected,LBV,0.023535352156074694,BUY,0.47925201176237897,0.47925201176237897,0.47925201176237897,2625726.45,1.0,1,exclude,1,30,24,1.260723,0.010268,0.9996,ok,0.08975053048574311,0.7797721206765521,0.9999275011600033,24,0.0006525995214270441,1.5359159553671297e-05,1,500000.0,2023-01_2025-06
3,C3 Hybrid,2023-08,2023-08-31,P_selected,CMT,0.01565952820066605,BUY,1.2786267778935991,1.2786267778935991,1.2786267778935991,557922.65,0.9928022455479221,1,exclude,1,30,24,1.260723,0.010268,0.9996,ok,0.08975053048574311,0.7797721206765521,0.9999275011600033,24,-0.06988436400201103,-0.001094356168875103,1,500000.0,2023-01_2025-06
3,C3 Hybrid,2023-08,2023-08-31,P_selected,TMA,0.014601433975586957,BUY,0.6301698072759508,0.6301698072759508,0.6301698072759508,557299.95,0.9927306983541194,1,exclude,1,30,24,1.260723,0.010268,0.9996,ok,0.08975053048574311,0.7797721206765521,0.9999275011600033,24,-0.04006677796327207,-0.0005850324130452196,1,500000.0,2023-01_2025-06
3,C3 Hybrid,2023-08,2023-08-31,P_selected,TQM,0.0021027051920783314,BUY,1.2242199031143635,1.2242199031143635,1.2242199031143635,506317.4,0.9837147856180503,1,exclude,1,30,24,1.260723,0.010268,0.9996,ok,0.08975053048574311,0.7797721206765521,0.9999275011600033,24,-0.05727272727272725,-0.00012042766100084984,1,500000.0,2023-01_2025-06
3,C3 Hybrid,2023-08,2023-08-31,P_selected,EQD,0.0017831249168730257,NEUTRAL,-0.09445369263839223,-0.09445369263839223,-0.04722684631919612,717785.45,0.9994386290991296,1,exclude,1,30,24,1.260723,0.010268,0.9996,ok,0.08975053048574311,0.7797721206765521,0.9999275011600033,24,0.031894934333958735,5.687265213291078e-05,1,500000.0,2023-01_2025-06
3,C3 Hybrid,2023-08,2023-08-31,P_selected,TGC,0.0016562200382926225,BUY,0.6586634961938533,0.6586634961938533,0.6586634961938533,659414.665,0.9985728314434288,1,exclude,1,30,24,1.260723,0.010268,0.9996,ok,0.08975053048574311,0.7797721206765521,0.9999275011600033,24,0.0714285714285714,0.00011830143130661583,1,500000.0,2023-01_2025-06
3,C3 Hybrid,2023-08,2023-08-31,P_selected,BOA,0.00148511308225676,BUY,0.5631097743885431,0.5631097743885431,0.5631097743885431,4308750.470000001,1.0,1,exclude,1,30,24,1.260723,0.010268,0.9996,ok,0.08975053048574311,0.7797721206765521,0.9999275011600033,24,0.03672316384180796,5.4538051043327414e-05,1,500000.0,2023-01_2025-06
3,C3 Hybrid,2023-08,2023-08-31,P_selected,ATH,0.0008173736427112433,NEUTRAL,-0.11765654619968206,-0.11765654619968206,-0.05882827309984103,813922.7579999999,0.9998793823283061,1,exclude,1,30,24,1.260723,0.010268,0.9996,ok,0.08975053048574311,0.7797721206765521,0.9999275011600033,24,-0.05533488563210531,-4.522927703812396e-05,1,500000.0,2023-01_2025-06
3,C3 Hybrid,2023-08,2023-08-31,P_selected,ATW,0.000310420714779279,BUY,0.4157826868948307,0.4157826868948307,0.4157826868948307,15413165.304999998,1.0,1,exclude,1,30,24,1.260723,0.010268,0.9996,ok,0.08975053048574311,0.7797721206765521,0.9999275011600033,24,0.00219780219780219,6.822433291852262e-07,1,500000.0,2023-01_2025-06
3,C3 Hybrid,2023-08,2023-08-31,P_selected,BCI,0.00022101928787173308,BUY,0.48285515133387163,0.48285515133387163,0.48285515133387163,4676055.965000001,1.0,1,exclude,1,30,24,1.260723,0.010268,0.9996,ok,0.08975053048574311,0.7797721206765521,0.9999275011600033,24,0.10693069306930703,2.3633745633809103e-05,1,500000.0,2023-01_2025-06
3,C3 Hybrid,2023-08,2023-08-31,P_selected,SNP,0.00014324689232508787,NEUTRAL,0.1218724190162582,0.1218724190162582,0.0609362095081291,521857.495,0.9872541266536463,1,exclude,1,30,24,1.260723,0.010268,0.9996,ok,0.08975053048574311,0.7797721206765521,0.9999275011600033,24,-0.15591397849462363,-2.2334192889395418e-05,1,500000.0,2023-01_2025-06
3,C3 Hybrid,2023-08,2023-08-31,P_selected,CSR,0.00014237846874941317,BUY,2.085860761523683,2.085860761523683,2.085860761523683,1371796.12,0.9999999839689431,1,exclude,1,30,24,1.260723,0.010268,0.9996,ok,0.08975053048574311,0.7797721206765521,0.9999275011600033,24,-0.0478515625,-6.813032196016841e-06,1,500000.0,2023-01_2025-06
3,C3 Hybrid,2023-09,2023-09-27,P_selected,AKT,0.33791140630073674,BUY,1.1453470780680108,1.1453470780680108,1.1453470780680108,8180759.1375,1.0,1,exclude,1,31,27,1.103549,0.011245,0.9998,ok,0.033211302873850546,0.521477758496282,0.9999737453552833,27,0.05427974947807934,0.01834174647978947,1,500000.0,2023-01_2025-06
3,C3 Hybrid,2023-09,2023-09-27,P_selected,ADI,0.15320131752201513,BUY,1.6916082609176146,1.6916082609176146,1.6916082609176146,12172992.123,1.0,1,exclude,1,31,27,1.103549,0.011245,0.9998,ok,0.033211302873850546,0.521477758496282,0.9999737453552833,27,-0.0013636363636364557,-0.00020891088753003474,1,500000.0,2023-01_2025-06
3,C3 Hybrid,2023-09,2023-09-27,P_selected,LES,0.06942454499939679,BUY,0.5647678381384882,0.5647678381384882,0.5647678381384882,2002314.6675,0.9999999999993336,1,exclude,1,31,27,1.103549,0.011245,0.9998,ok,0.033211302873850546,0.521477758496282,0.9999737453552833,27,0.009090909090909038,0.0006311322272672399,1,500000.0,2023-01_2025-06
3,C3 Hybrid,2023-09,2023-09-27,P_selected,LBV,0.06079153860306334,BUY,0.3890388937216043,0.3890388937216043,0.3890388937216043,2663585.35,1.0,1,exclude,1,31,27,1.103549,0.011245,0.9998,ok,0.033211302873850546,0.521477758496282,0.9999737453552833,27,-0.0354347826086957,-0.0021541349548476825,1,500000.0,2023-01_2025-06
3,C3 Hybrid,2023-09,2023-09-27,P_selected,MNG,0.0544596481360265,BUY,0.6265258283606728,0.6265258283606728,0.6265258283606728,1577103.25,0.9999999993997362,1,exclude,1,31,27,1.103549,0.011245,0.9998,ok,0.033211302873850546,0.521477758496282,0.9999737453552833,27,0.029073288915808515,0.0015833210845119712,1,500000.0,2023-01_2025-06
3,C3 Hybrid,2023-09,2023-09-27,P_selected,CSR,0.05084963570443037,BUY,2.222618966850307,2.222618966850307,2.222618966850307,3045668.365,1.0,1,exclude,1,31,27,1.103549,0.011245,0.9998,ok,0.033211302873850546,0.521477758496282,0.9999737453552833,27,0.03589743589743599,0.0018253715381077618,1,500000.0,2023-01_2025-06
3,C3 Hybrid,2023-09,2023-09-27,P_selected,CMA,0.04924261848387153,BUY,0.5753307245534693,0.5753307245534693,0.5753307245534693,2491748.75,0.9999999999999998,1,exclude,1,31,27,1.103549,0.011245,0.9998,ok,0.033211302873850546,0.521477758496282,0.9999737453552833,27,0.10810810810810811,0.005323526322580706,1,500000.0,2023-01_2025-06
3,C3 Hybrid,2023-09,2023-09-27,P_selected,JET,0.04429191695123607,BUY,1.2333375619213065,1.2333375619213065,1.2333375619213065,1171576.085,0.9999996053307462,1,exclude,1,31,27,1.103549,0.011245,0.9998,ok,0.033211302873850546,0.521477758496282,0.9999737453552833,27,0.09649122807017552,0.004273781460206992,1,500000.0,2023-01_2025-06
3,C3 Hybrid,2023-09,2023-09-27,P_selected,EQD,0.03959168507728303,BUY,0.9451777108895666,0.9451777108895666,0.9451777108895666,1062536.95,0.9999977410116079,1,exclude,1,31,27,1.103549,0.011245,0.9998,ok,0.033211302873850546,0.521477758496282,0.9999737453552833,27,0.009090909090909038,0.00035992440979348,1,500000.0,2023-01_2025-06
3,C3 Hybrid,2023-09,2023-09-27,P_selected,BOA,0.032929726612355915,BUY,1.0425564854799507,1.0425564854799507,1.0425564854799507,2541056.5375,0.9999999999999998,1,exclude,1,31,27,1.103549,0.011245,0.9998,ok,0.033211302873850546,0.521477758496282,0.9999737453552833,27,-0.02452316076294281,-0.0008075409795945602,1,500000.0,2023-01_2025-06
3,C3 Hybrid,2023-09,2023-09-27,P_selected,DHO,0.02870951477966716,BUY,0.7573840497943195,0.7573840497943195,0.7573840497943195,581665.9195000001,0.9950659787091841,1,exclude,1,31,27,1.103549,0.011245,0.9998,ok,0.033211302873850546,0.521477758496282,0.9999737453552833,27,0.07215299913068685,0.002071477594939766,1,500000.0,2023-01_2025-06
3,C3 Hybrid,2023-09,2023-09-27,P_selected,RIS,0.028516992633770145,BUY,1.3995962620917914,1.3995962620917914,1.3995962620917914,3183156.9175,1.0,1,exclude,1,31,27,1.103549,0.011245,0.9998,ok,0.033211302873850546,0.521477758496282,0.9999737453552833,27,0.05142857142857138,0.0014665881925938918,1,500000.0,2023-01_2025-06
3,C3 Hybrid,2023-09,2023-09-27,P_selected,CMT,0.018753511507596486,BUY,0.5918103353809001,0.5918103353809001,0.5918103353809001,1098404.15,0.999998727424391,1,exclude,1,31,27,1.103549,0.011245,0.9998,ok,0.033211302873850546,0.521477758496282,0.9999737453552833,27,-0.0562162162162162,-0.0010542514577243426,1,500000.0,2023-01_2025-06
3,C3 Hybrid,2023-09,2023-09-27,P_selected,ADH,0.009768932409233334,BUY,1.0674034538339519,1.0674034538339519,1.0674034538339519,29831905.613000005,1.0,1,exclude,1,31,27,1.103549,0.011245,0.9998,ok,0.033211302873850546,0.521477758496282,0.9999737453552833,27,-0.05572565829761167,-0.000544380189369401,1,500000.0,2023-01_2025-06
3,C3 Hybrid,2023-09,2023-09-27,P_selected,SOT,0.004701803456833412,NEUTRAL,-0.03012563834781038,-0.03012563834781038,-0.01506281917390519,724950.345,0.9994994015342568,1,exclude,1,31,27,1.103549,0.011245,0.9998,ok,0.033211302873850546,0.521477758496282,0.9999737453552833,27,0.03003003003003002,0.00014119529900400633,1,500000.0,2023-01_2025-06
3,C3 Hybrid,2023-09,2023-09-27,P_selected,IAM,0.003826668160878957,BUY,0.3488192594247651,0.3488192594247651,0.3488192594247651,6901184.76,1.0,1,exclude,1,31,27,1.103549,0.011245,0.9998,ok,0.033211302873850546,0.521477758496282,0.9999737453552833,27,-0.04950495049504955,-0.00018943901786529506,1,500000.0,2023-01_2025-06
3,C3 Hybrid,2023-09,2023-09-27,P_selected,SID,0.0032323314608507727,BUY,0.7517462081347566,0.7517462081347566,0.7517462081347566,2414992.135,0.9999999999999991,1,exclude,1,31,27,1.103549,0.011245,0.9998,ok,0.033211302873850546,0.521477758496282,0.9999737453552833,27,0.2527272727272727,0.0008168983146513769,1,500000.0,2023-01_2025-06
3,C3 Hybrid,2023-09,2023-09-27,P_selected,ATL,0.0026122563456754924,BUY,0.5780718408730499,0.5780718408730499,0.5780718408730499,1336113.415,0.999999971626626,1,exclude,1,31,27,1.103549,0.011245,0.9998,ok,0.033211302873850546,0.521477758496282,0.9999737453552833,27,-0.029911075181891733,-7.813539594987342e-05,1,500000.0,2023-01_2025-06
3,C3 Hybrid,2023-09,2023-09-27,P_selected,LHM,0.0019565291100061767,BUY,0.41038339377185534,0.41038339377185534,0.41038339377185534,3041841.45,1.0,1,exclude,1,31,27,1.103549,0.011245,0.9998,ok,0.033211302873850546,0.521477758496282,0.9999737453552833,27,0.09764705882352942,0.0001910493130947208,1,500000.0,2023-01_2025-06
3,C3 Hybrid,2023-09,2023-09-27,P_selected,TMA,0.0015498820550677046,BUY,0.4578295595135523,0.4578295595135523,0.4578295595135523,597053.0,0.9961385669488584,1,exclude,1,31,27,1.103549,0.011245,0.9998,ok,0.033211302873850546,0.521477758496282,0.9999737453552833,27,-0.036363636363636376,-5.6359347457007455e-05,1,500000.0,2023-01_2025-06
3,C3 Hybrid,2023-09,2023-09-27,P_selected,TGC,0.0009187929680584584,BUY,0.7421048897818372,0.7421048897818372,0.7421048897818372,4125233.915,1.0,1,exclude,1,31,27,1.103549,0.011245,0.9998,ok,0.033211302873850546,0.521477758496282,0.9999737453552833,27,0.11764705882352944,0.00010809329035981865,1,500000.0,2023-01_2025-06
3,C3 Hybrid,2023-09,2023-09-27,P_selected,SNP,0.0008203763554652293,BUY,1.118198815694023,1.118198815694023,1.118198815694023,856346.71,0.9999388150030802,1,exclude,1,31,27,1.103549,0.011245,0.9998,ok,0.033211302873850546,0.521477758496282,0.9999737453552833,27,0.047770700636942776,3.9189953286555624e-05,1,500000.0,2023-01_2025-06
3,C3 Hybrid,2023-09,2023-09-27,P_selected,TQM,0.0004472937007516373,BUY,0.7806170985569322,0.7806170985569322,0.7806170985569322,1640365.95,0.9999999997818536,1,exclude,1,31,27,1.103549,0.011245,0.9998,ok,0.033211302873850546,0.521477758496282,0.9999737453552833,27,-0.06173913043478263,-2.7615524133361965e-05,1,500000.0,2023-01_2025-06
3,C3 Hybrid,2023-09,2023-09-27,P_selected,MUT,0.00044456546278591415,BUY,0.41968642619345675,0.41968642619345675,0.41968642619345675,1555203.0250000001,0.9999999991478414,1,exclude,1,31,27,1.103549,0.011245,0.9998,ok,0.033211302873850546,0.521477758496282,0.9999737453552833,27,0.0269151138716357,1.1965530054279302e-05,1,500000.0,2023-01_2025-06
3,C3 Hybrid,2023-09,2023-09-27,P_selected,CIH,0.00041720610883463856,BUY,0.7321360296044467,0.7321360296044467,0.7321360296044467,1476282.4275,0.9999999969875701,1,exclude,1,31,27,1.103549,0.011245,0.9998,ok,0.033211302873850546,0.521477758496282,0.9999737453552833,27,0.002590673575129543,1.0808448415405182e-06,1,500000.0,2023-01_2025-06
3,C3 Hybrid,2023-09,2023-09-27,P_selected,BCI,0.0003327617005570654,BUY,0.4790560912022992,0.4790560912022992,0.4790560912022992,2974051.2199999997,1.0,1,exclude,1,31,27,1.103549,0.011245,0.9998,ok,0.033211302873850546,0.521477758496282,0.9999737453552833,27,-0.06082289803220031,-2.0239530982003965e-05,1,500000.0,2023-01_2025-06
3,C3 Hybrid,2023-09,2023-09-27,P_selected,ATH,0.0002702887488351111,BUY,0.7814504299936267,0.7814504299936267,0.7814504299936267,1294029.0924999998,0.9999999443656786,1,exclude,1,31,27,1.103549,0.011245,0.9998,ok,0.033211302873850546,0.521477758496282,0.9999737453552833,27,-0.006814557053791526,-1.8418980999347922e-06,1,500000.0,2023-01_2025-06
3,C3 Hybrid,2023-10,2023-10-31,P_selected,AKT,0.3251625085083335,BUY,0.9049563003844734,0.9049563003844734,0.9049563003844734,8463698.025,1.0,1,exclude,1,31,28,0.84238,0.011056,0.9999,ok,-0.03390097570998196,0.5490949211973355,0.9999828597080678,28,-0.024752475247524774,-0.00804857694327559,1,500000.0,2023-01_2025-06
3,C3 Hybrid,2023-10,2023-10-31,P_selected,ADI,0.1089497716011844,BUY,1.479252097579164,1.479252097579164,1.479252097579164,4632337.0475,1.0,1,exclude,1,31,28,0.84238,0.011056,0.9999,ok,-0.03390097570998196,0.5490949211973355,0.9999828597080678,28,0.005045871559633097,0.000549746553950938,1,500000.0,2023-01_2025-06
3,C3 Hybrid,2023-10,2023-10-31,P_selected,CMA,0.09007355584120996,BUY,0.5972594035762258,0.5972594035762258,0.5972594035762258,7454566.0,1.0,1,exclude,1,31,28,0.84238,0.011056,0.9999,ok,-0.03390097570998196,0.5490949211973355,0.9999828597080678,28,-0.022063208109719734,-0.001987311607707077,1,500000.0,2023-01_2025-06
3,C3 Hybrid,2023-10,2023-10-31,P_selected,MNG,0.07429034412081079,BUY,0.5082474301226263,0.5082474301226263,0.5082474301226263,1449553.4,0.9999999953799228,1,exclude,1,31,28,0.84238,0.011056,0.9999,ok,-0.03390097570998196,0.5490949211973355,0.9999828597080678,28,-0.0965273690406121,-0.00717105146310357,1,500000.0,2023-01_2025-06
3,C3 Hybrid,2023-10,2023-10-31,P_selected,LES,0.07117112837578381,BUY,0.3174748653119789,0.3174748653119789,0.3174748653119789,1577609.0125,0.9999999994045741,1,exclude,1,31,28,0.84238,0.011056,0.9999,ok,-0.03390097570998196,0.5490949211973355,0.9999828597080678,28,-0.05135135135135138,-0.0036547336192970085,1,500000.0,2023-01_2025-06
3,C3 Hybrid,2023-10,2023-10-31,P_selected,JET,0.06225160279124187,BUY,1.0785518352754238,1.0785518352754238,1.0785518352754238,1179271.565,0.9999996510528605,1,exclude,1,31,28,0.84238,0.011056,0.9999,ok,-0.03390097570998196,0.5490949211973355,0.9999828597080678,28,-0.013205282112845218,-0.0008220499768351317,1,500000.0,2023-01_2025-06
3,C3 Hybrid,2023-10,2023-10-31,P_selected,CIH,0.05839154372438747,BUY,0.7001813366128872,0.7001813366128872,0.7001813366128872,1047085.43,0.999997107443291,1,exclude,1,31,28,0.84238,0.011056,0.9999,ok,-0.03390097570998196,0.5490949211973355,0.9999828597080678,28,-0.10664291168236184,-0.006227044240396623,1,500000.0,2023-01_2025-06
3,C3 Hybrid,2023-10,2023-10-31,P_selected,RDS,0.043867064387947005,BUY,1.826841590117985,1.826841590117985,1.826841590117985,822113.3400000001,0.9998941956844752,1,exclude,1,31,28,0.84238,0.011056,0.9999,ok,-0.03390097570998196,0.5490949211973355,0.9999828597080678,28,-0.011256190904997743,-0.0004937760511925594,1,500000.0,2023-01_2025-06
3,C3 Hybrid,2023-10,2023-10-31,P_selected,SOT,0.03965528608945249,BUY,0.34399510115499,0.34399510115499,0.34399510115499,1003430.3,0.9999941839581148,1,exclude,1,31,28,0.84238,0.011056,0.9999,ok,-0.03390097570998196,0.5490949211973355,0.9999828597080678,28,-0.002915451895043719,-0.0001156130789779951,1,500000.0,2023-01_2025-06
3,C3 Hybrid,2023-10,2023-10-31,P_selected,RIS,0.03756460866204034,BUY,1.0534684246860189,1.0534684246860189,1.0534684246860189,2183994.935,0.9999999999999636,1,exclude,1,31,28,0.84238,0.011056,0.9999,ok,-0.03390097570998196,0.5490949211973355,0.9999828597080678,28,-0.07524000893056482,-0.0028263614912050873,1,500000.0,2023-01_2025-06
3,C3 Hybrid,2023-10,2023-10-31,P_selected,EQD,0.025383792984056772,BUY,0.2134055554465002,0.2134055554465002,0.2134055554465002,608872.45,0.9968017853280707,1,exclude,1,31,28,0.84238,0.011056,0.9999,ok,-0.03390097570998196,0.5490949211973355,0.9999828597080678,28,-0.05405405405405406,-0.001372096918057123,1,500000.0,2023-01_2025-06
3,C3 Hybrid,2023-10,2023-10-31,P_selected,DWY,0.0224417068692259,NEUTRAL,0.14254831157156259,0.14254831157156259,0.07127415578578129,1102735.4,0.9999988126273957,1,exclude,1,31,28,0.84238,0.011056,0.9999,ok,-0.03390097570998196,0.5490949211973355,0.9999828597080678,28,-0.0014513788098693414,-3.257141780729371e-05,1,500000.0,2023-01_2025-06
3,C3 Hybrid,2023-10,2023-10-31,P_selected,BCI,0.010112650842832391,BUY,0.6179012202611891,0.6179012202611891,0.6179012202611891,740281.755,0.9996082551807979,1,exclude,1,31,28,0.84238,0.011056,0.9999,ok,-0.03390097570998196,0.5490949211973355,0.9999828597080678,28,-0.009333333333333305,-9.43847411997687e-05,1,500000.0,2023-01_2025-06
3,C3 Hybrid,2023-10,2023-10-31,P_selected,GAZ,0.009392858458496594,BUY,0.5721139085640565,0.5721139085640565,0.5721139085640565,2127587.25,0.9999999999999103,1,exclude,1,31,28,0.84238,0.011056,0.9999,ok,-0.03390097570998196,0.5490949211973355,0.9999828597080678,28,-0.04714285714285715,-0.00044280618447198236,1,500000.0,2023-01_2025-06
3,C3 Hybrid,2023-10,2023-10-31,P_selected,LBV,0.007628795911541717,BUY,0.23535683282586478,0.23535683282586478,0.23535683282586478,4748018.9,1.0,1,exclude,1,31,28,0.84238,0.011056,0.9999,ok,-0.03390097570998196,0.5490949211973355,0.9999828597080678,28,-0.08181203515889113,-0.0006241273193350558,1,500000.0,2023-01_2025-06
3,C3 Hybrid,2023-10,2023-10-31,P_selected,MUT,0.004924871862876983,BUY,0.8854459637575528,0.8854459637575528,0.8854459637575528,3860779.0925,1.0,1,exclude,1,31,28,0.84238,0.011056,0.9999,ok,-0.03390097570998196,0.5490949211973355,0.9999828597080678,28,-0.024285714285714244,-0.00011960403095558368,1,500000.0,2023-01_2025-06
3,C3 Hybrid,2023-10,2023-10-31,P_selected,SID,0.001646961059675514,BUY,0.971761425702369,0.971761425702369,0.971761425702369,4286500.55,1.0,1,exclude,1,31,28,0.84238,0.011056,0.9999,ok,-0.03390097570998196,0.5490949211973355,0.9999828597080678,28,-0.08106169296987087,-0.0001335054517527497,1,500000.0,2023-01_2025-06
3,C3 Hybrid,2023-10,2023-10-31,P_selected,BCP,0.0013289334367046592,BUY,0.3399354280430952,0.3399354280430952,0.3399354280430952,11058135.1675,1.0,1,exclude,1,31,28,0.84238,0.011056,0.9999,ok,-0.03390097570998196,0.5490949211973355,0.9999828597080678,28,0.019157088122605304,2.5458494956027874e-05,1,500000.0,2023-01_2025-06
3,C3 Hybrid,2023-10,2023-10-31,P_selected,BOA,0.0010368549805414699,NEUTRAL,0.12235478722335705,0.12235478722335705,0.061177393611678524,3030739.6450000005,1.0,1,exclude,1,31,28,0.84238,0.011056,0.9999,ok,-0.03390097570998196,0.5490949211973355,0.9999828597080678,28,-0.03351955307262566,-3.475491554887605e-05,1,500000.0,2023-01_2025-06
3,C3 Hybrid,2023-10,2023-10-31,P_selected,ADH,0.0008771419580294225,BUY,1.6715375148531635,1.6715375148531635,1.6715375148531635,11950268.1845,1.0,1,exclude,1,31,28,0.84238,0.011056,0.9999,ok,-0.03390097570998196,0.5490949211973355,0.9999828597080678,28,0.08552631578947367,7.501872009462165e-05,1,500000.0,2023-01_2025-06
3,C3 Hybrid,2023-10,2023-10-31,P_selected,LHM,0.0008386761391620113,BUY,0.45756523833317964,0.45756523833317964,0.45756523833317964,8494510.7,1.0,1,exclude,1,31,28,0.84238,0.011056,0.9999,ok,-0.03390097570998196,0.5490949211973355,0.9999828597080678,28,-0.004301075268817178,-3.6072092006968014e-06,1,500000.0,2023-01_2025-06
3,C3 Hybrid,2023-10,2023-10-31,P_selected,TQM,0.000705108986199248,BUY,0.7006332201282754,0.7006332201282754,0.7006332201282754,1930103.15,0.9999999999978844,1,exclude,1,31,28,0.84238,0.011056,0.9999,ok,-0.03390097570998196,0.5490949211973355,0.9999828597080678,28,-0.0551917680074836,-3.891621158630085e-05,1,500000.0,2023-01_2025-06
3,C3 Hybrid,2023-10,2023-10-31,P_selected,TGC,0.0006328285462088366,BUY,0.45418771285036486,0.45418771285036486,0.45418771285036486,6786505.294999999,1.0,1,exclude,1,31,28,0.84238,0.011056,0.9999,ok,-0.03390097570998196,0.5490949211973355,0.9999828597080678,28,0.034682080924855585,2.1947810851173584e-05,1,500000.0,2023-01_2025-06
3,C3 Hybrid,2023-10,2023-10-31,P_selected,TMA,0.0005186464299083585,NEUTRAL,-0.12216522876954336,-0.12216522876954336,-0.06108261438477168,591705.6,0.9957950941311906,1,exclude,1,31,28,0.84238,0.011056,0.9999,ok,-0.03390097570998196,0.5490949211973355,0.9999828597080678,28,0.023452157598499168,1.2163377812109775e-05,1,500000.0,2023-01_2025-06
3,C3 Hybrid,2023-10,2023-10-31,P_selected,HPS,0.0004060947025064659,NEUTRAL,0.049897642989248425,0.049897642989248425,0.024948821494624213,950247.25,0.9999863799777023,1,exclude,1,31,28,0.84238,0.011056,0.9999,ok,-0.03390097570998196,0.5490949211973355,0.9999828597080678,28,-0.011217948717948678,-4.555549547348159e-06,1,500000.0,2023-01_2025-06
3,C3 Hybrid,2023-10,2023-10-31,P_selected,CMT,0.0003422806458579196,BUY,0.5899624915350632,0.5899624915350632,0.5899624915350632,2200877.15,0.9999999999999722,1,exclude,1,31,28,0.84238,0.011056,0.9999,ok,-0.03390097570998196,0.5490949211973355,0.9999828597080678,28,-0.2356651376146789,-8.066361550894779e-05,1,500000.0,2023-01_2025-06
3,C3 Hybrid,2023-10,2023-10-31,P_selected,ATW,0.00025401025740772793,NEUTRAL,-0.09941493651177369,-0.09941493651177369,-0.049707468255886844,28185299.9575,1.0,1,exclude,1,31,28,0.84238,0.011056,0.9999,ok,-0.03390097570998196,0.5490949211973355,0.9999828597080678,28,-0.01505376344086018,-3.823810326567938e-06,1,500000.0,2023-01_2025-06
3,C3 Hybrid,2023-10,2023-10-31,P_selected,CSR,0.00013323153444396666,BUY,0.6027282368756439,0.6027282368756439,0.6027282368756439,15955280.367500002,1.0,1,exclude,1,31,28,0.84238,0.011056,0.9999,ok,-0.03390097570998196,0.5490949211973355,0.9999828597080678,28,-0.009405940594059414,-1.253167898235331e-06,1,500000.0,2023-01_2025-06
3,C3 Hybrid,2023-11,2023-11-30,P_selected,AKT,0.29731695213643006,BUY,1.1267998734837048,1.1267998734837048,1.1267998734837048,3633133.62,1.0,1,exclude,1,25,20,1.040263,0.011556,0.9998,ok,0.021904245115687893,0.6562162715768651,0.9998991291164456,20,0.008130081300812941,0.0024172109929790865,1,500000.0,2023-01_2025-06
3,C3 Hybrid,2023-11,2023-11-30,P_selected,ADI,0.17352649263792141,BUY,1.590380900974171,1.590380900974171,1.590380900974171,2184105.7175000003,0.9999999999999636,1,exclude,1,25,20,1.040263,0.011556,0.9998,ok,0.021904245115687893,0.6562162715768651,0.9998991291164456,20,0.10052405907575035,0.01744358739714217,1,500000.0,2023-01_2025-06
3,C3 Hybrid,2023-11,2023-11-30,P_selected,CMA,0.10360418446188371,BUY,0.42028830502890413,0.42028830502890413,0.42028830502890413,3303293.7,1.0,1,exclude,1,25,20,1.040263,0.011556,0.9998,ok,0.021904245115687893,0.6562162715768651,0.9998991291164456,20,0.030674846625766916,0.0031780424681559466,1,500000.0,2023-01_2025-06
3,C3 Hybrid,2023-11,2023-11-30,P_selected,EQD,0.05701585190263337,BUY,1.1138431627172423,1.1138431627172423,1.1138431627172423,877409.7,0.9999563190676561,1,exclude,1,25,20,1.040263,0.011556,0.9998,ok,0.021904245115687893,0.6562162715768651,0.9998991291164456,20,-0.05980952380952376,-0.003410090951890831,1,500000.0,2023-01_2025-06
3,C3 Hybrid,2023-11,2023-11-30,P_selected,RIS,0.04796843972614741,BUY,0.8000995594298606,0.8000995594298606,0.8000995594298606,1074754.545,0.9999981421201349,1,exclude,1,25,20,1.040263,0.011556,0.9998,ok,0.021904245115687893,0.6562162715768651,0.9998991291164456,20,-0.014285714285714235,-0.0006852634246592462,1,500000.0,2023-01_2025-06
3,C3 Hybrid,2023-11,2023-11-30,P_selected,ADH,0.044892243434489304,BUY,1.8441497873113974,1.8441497873113974,1.8441497873113974,6251753.325,1.0,1,exclude,1,25,20,1.040263,0.011556,0.9998,ok,0.021904245115687893,0.6562162715768651,0.9998991291164456,20,-0.03566621803499326,-0.00160113654241449,1,500000.0,2023-01_2025-06
3,C3 Hybrid,2023-11,2023-11-30,P_selected,LES,0.04354895807148514,BUY,0.643777142116275,0.643777142116275,0.643777142116275,5129099.8275,1.0,1,exclude,1,25,20,1.040263,0.011556,0.9998,ok,0.021904245115687893,0.6562162715768651,0.9998991291164456,20,0.02564102564102555,0.001116639950550897,1,500000.0,2023-01_2025-06
3,C3 Hybrid,2023-11,2023-11-30,P_selected,CMT,0.043093099019615944,BUY,1.1030126151927941,1.1030126151927941,1.1030126151927941,2560967.55,1.0,1,exclude,1,25,20,1.040263,0.011556,0.9998,ok,0.021904245115687893,0.6562162715768651,0.9998991291164456,20,-0.1773584905660377,-0.0076429269959318825,1,500000.0,2023-01_2025-06
3,C3 Hybrid,2023-11,2023-11-30,P_selected,LBV,0.04202950145327892,BUY,0.7156856174424138,0.7156856174424138,0.7156856174424138,5825327.95,1.0,1,exclude,1,25,20,1.040263,0.011556,0.9998,ok,0.021904245115687893,0.6562162715768651,0.9998991291164456,20,0.03703703703703698,0.0015566482019732908,1,500000.0,2023-01_2025-06
3,C3 Hybrid,2023-11,2023-11-30,P_selected,MNG,0.041133461910737905,BUY,0.8104969412902758,0.8104969412902758,0.8104969412902758,1531260.2,0.9999999987500512,1,exclude,1,25,20,1.040263,0.011556,0.9998,ok,0.021904245115687893,0.6562162715768651,0.9998991291164456,20,0.15032679738562083,0.006183461594424649,1,500000.0,2023-01_2025-06
3,C3 Hybrid,2023-11,2023-11-30,P_selected,MIC,0.03644172991390009,BUY,0.30680574978187375,0.30680574978187375,0.30680574978187375,570485.6,0.9941051834177336,1,exclude,1,25,20,1.040263,0.011556,0.9998,ok,0.021904245115687893,0.6562162715768651,0.9998991291164456,20,0.0714285714285714,0.0026029807081357193,1,500000.0,2023-01_2025-06
3,C3 Hybrid,2023-11,2023-11-30,P_selected,BOA,0.026790764710385894,BUY,0.6816771455192365,0.6816771455192365,0.6816771455192365,6361102.3725000005,1.0,1,exclude,1,25,20,1.040263,0.011556,0.9998,ok,0.021904245115687893,0.6562162715768651,0.9998991291164456,20,0.037572254335260125,0.0010065894255347303,1,500000.0,2023-01_2025-06
3,C3 Hybrid,2023-11,2023-11-30,P_selected,HPS,0.022978342227890462,BUY,0.8920076044407637,0.8920076044407637,0.8920076044407637,3602107.95,1.0,1,exclude,1,25,20,1.040263,0.011556,0.9998,ok,0.021904245115687893,0.6562162715768651,0.9998991291164456,20,0.011382113821138296,0.0002615421066589178,1,500000.0,2023-01_2025-06
3,C3 Hybrid,2023-11,2023-11-30,P_selected,CIH,0.016944559892500315,BUY,0.6179236062125877,0.6179236062125877,0.6179236062125877,2447255.165,0.9999999999999996,1,exclude,1,25,20,1.040263,0.011556,0.9998,ok,0.021904245115687893,0.6562162715768651,0.9998991291164456,20,0.004428571428571448,7.504019380964459e-05,1,500000.0,2023-01_2025-06
3,C3 Hybrid,2023-11,2023-11-30,P_selected,IAM,0.001675763572486175,BUY,0.6921003818058589,0.6921003818058589,0.6921003818058589,3791502.8405,1.0,1,exclude,1,25,20,1.040263,0.011556,0.9998,ok,0.021904245115687893,0.6562162715768651,0.9998991291164456,20,0.08342361863488623,0.0001397982611933212,1,500000.0,2023-01_2025-06
3,C3 Hybrid,2023-11,2023-11-30,P_selected,SMI,0.0003127547189574198,NEUTRAL,0.08099186709522455,0.08099186709522455,0.04049593354761227,538610.45,0.9902217386082243,1,exclude,1,25,20,1.040263,0.011556,0.9998,ok,0.021904245115687893,0.6562162715768651,0.9998991291164456,20,0.0669354838709677,2.093438844634341e-05,1,500000.0,2023-01_2025-06
3,C3 Hybrid,2023-11,2023-11-30,P_selected,LHM,0.00018885506446102284,BUY,0.4593483117602537,0.4593483117602537,0.4593483117602537,4194738.85,1.0,1,exclude,1,25,20,1.040263,0.011556,0.9998,ok,0.021904245115687893,0.6562162715768651,0.9998991291164456,20,0.018027571580063517,3.404598192828599e-06,1,500000.0,2023-01_2025-06
3,C3 Hybrid,2023-11,2023-11-30,P_selected,SID,0.00016909696285656228,BUY,0.7535052001406989,0.7535052001406989,0.7535052001406989,578133.115,0.9947805485061461,1,exclude,1,25,20,1.040263,0.011556,0.9998,ok,0.021904245115687893,0.6562162715768651,0.9998991291164456,20,0.07317073170731714,1.2372948501699691e-05,1,500000.0,2023-01_2025-06
3,C3 Hybrid,2023-11,2023-11-30,P_selected,TGC,0.00014912122958289864,BUY,1.0133085918565001,1.0133085918565001,1.0133085918565001,4168308.3,1.0,1,exclude,1,25,20,1.040263,0.011556,0.9998,ok,0.021904245115687893,0.6562162715768651,0.9998991291164456,20,0.05084745762711873,7.582435402520283e-06,1,500000.0,2023-01_2025-06
3,C3 Hybrid,2023-11,2023-11-30,P_selected,BCP,0.00011895606880177041,BUY,0.7655591493838156,0.7655591493838156,0.7655591493838156,20457196.2625,1.0,1,exclude,1,25,20,1.040263,0.011556,0.9998,ok,0.021904245115687893,0.6562162715768651,0.9998991291164456,20,0.03383458646616533,4.024829395548613e-06,1,500000.0,2023-01_2025-06
3,C3 Hybrid,2023-12,2023-12-29,P_selected,AKT,0.3497032461886993,BUY,0.9175260972946675,0.9175260972946675,0.9175260972946675,4993683.725,1.0,1,exclude,1,32,25,0.917306,0.009841,0.9999,ok,0.09009170218854323,0.8265543740751142,0.9998370197070552,25,0.22983870967741926,0.08037534287401553,1,500000.0,2023-01_2025-06
3,C3 Hybrid,2023-12,2023-12-29,P_selected,M2M,0.08696791540144276,BUY,0.8263068085607326,0.8263068085607326,0.8263068085607326,1262581.0,0.999999907983331,1,exclude,1,32,25,0.917306,0.009841,0.9999,ok,0.09009170218854323,0.8265543740751142,0.9998370197070552,25,-0.012924071082390909,-0.0011239795205356053,1,500000.0,2023-01_2025-06
3,C3 Hybrid,2023-12,2023-12-29,P_selected,SAH,0.08507078291036624,BUY,1.674694228503013,1.674694228503013,1.674694228503013,16341221.15,1.0,1,exclude,1,32,25,0.917306,0.009841,0.9999,ok,0.09009170218854323,0.8265543740751142,0.9998370197070552,25,-0.038461538461538436,-0.003271953188860238,1,500000.0,2023-01_2025-06
3,C3 Hybrid,2023-12,2023-12-29,P_selected,MNG,0.08451673651746171,BUY,1.47150070019905,1.47150070019905,1.47150070019905,1662092.55,0.9999999998459095,1,exclude,1,32,25,0.917306,0.009841,0.9999,ok,0.09009170218854323,0.8265543740751142,0.9998370197070552,25,0.02499999999999991,0.0021129184129365353,1,500000.0,2023-01_2025-06
3,C3 Hybrid,2023-12,2023-12-29,P_selected,CMA,0.07970517464006192,BUY,0.2533002385457495,0.2533002385457495,0.2533002385457495,6622400.05,1.0,1,exclude,1,32,25,0.917306,0.009841,0.9999,ok,0.09009170218854323,0.8265543740751142,0.9998370197070552,25,0.023809523809523725,0.001897742253334801,1,500000.0,2023-01_2025-06
3,C3 Hybrid,2023-12,2023-12-29,P_selected,HPS,0.05778754172681476,BUY,1.3681850955134716,1.3681850955134716,1.3681850955134716,22994789.305,1.0,1,exclude,1,32,25,0.917306,0.009841,0.9999,ok,0.09009170218854323,0.8265543740751142,0.9998370197070552,25,-0.017041800643086802,-0.0009848037657624372,1,500000.0,2023-01_2025-06
3,C3 Hybrid,2023-12,2023-12-29,P_selected,LBV,0.049418174173974774,BUY,0.6154909816300259,0.6154909816300259,0.6154909816300259,8614153.1,1.0,1,exclude,1,32,25,0.917306,0.009841,0.9999,ok,0.09009170218854323,0.8265543740751142,0.9998370197070552,25,0.004761904761904745,0.00023532463892368856,1,500000.0,2023-01_2025-06
3,C3 Hybrid,2023-12,2023-12-29,P_selected,RIS,0.04555506507903179,BUY,1.230553237027474,1.230553237027474,1.230553237027474,9471936.3375,1.0,1,exclude,1,32,25,0.917306,0.009841,0.9999,ok,0.09009170218854323,0.8265543740751142,0.9998370197070552,25,-0.028743961352657,-0.0013094330300494643,1,500000.0,2023-01_2025-06
3,C3 Hybrid,2023-12,2023-12-29,P_selected,CDM,0.030059343776465627,NEUTRAL,-0.022943247226646923,-0.022943247226646923,-0.011471623613323462,1770864.5,0.9999999999729634,1,exclude,1,32,25,0.917306,0.009841,0.9999,ok,0.09009170218854323,0.8265543740751142,0.9998370197070552,25,0.07779171894604775,0.0023383680227614437,1,500000.0,2023-01_2025-06
3,C3 Hybrid,2023-12,2023-12-29,P_selected,JET,0.025771894375317423,BUY,0.2420622604700532,0.2420622604700532,0.2420622604700532,650833.655,0.9983631419194613,1,exclude,1,32,25,0.917306,0.009841,0.9999,ok,0.09009170218854323,0.8265543740751142,0.9998370197070552,25,0.22549019607843146,0.00581130951600295,1,500000.0,2023-01_2025-06
3,C3 Hybrid,2023-12,2023-12-29,P_selected,ATL,0.02501743993270795,BUY,0.6129072971864529,0.6129072971864529,0.6129072971864529,2169785.6350000002,0.9999999999999543,1,exclude,1,32,25,0.917306,0.009841,0.9999,ok,0.09009170218854323,0.8265543740751142,0.9998370197070552,25,-0.03070866141732287,-0.0007682520924217411,1,500000.0,2023-01_2025-06
3,C3 Hybrid,2023-12,2023-12-29,P_selected,ADI,0.02405507751075065,BUY,1.0791646849763286,1.0791646849763286,1.0791646849763286,5741395.845000001,1.0,1,exclude,1,32,25,0.917306,0.009841,0.9999,ok,0.09009170218854323,0.8265543740751142,0.9998370197070552,25,0.29757085020242924,0.007158089866559406,1,500000.0,2023-01_2025-06
3,C3 Hybrid,2023-12,2023-12-29,P_selected,LES,0.018756371178409424,BUY,0.3142500840965957,0.3142500840965957,0.3142500840965957,10936409.680000002,1.0,1,exclude,1,32,25,0.917306,0.009841,0.9999,ok,0.09009170218854323,0.8265543740751142,0.9998370197070552,25,0.0185185185185186,0.00034734020700758346,1,500000.0,2023-01_2025-06
3,C3 Hybrid,2023-12,2023-12-29,P_selected,EQD,0.009226087468200361,BUY,0.5797235726425742,0.5797235726425742,0.5797235726425742,1635925.4300000002,0.9999999997657909,1,exclude,1,32,25,0.917306,0.009841,0.9999,ok,0.09009170218854323,0.8265543740751142,0.9998370197070552,25,0.11426256077795771,0.0010541963800779978,1,500000.0,2023-01_2025-06
3,C3 Hybrid,2023-12,2023-12-29,P_selected,GAZ,0.007259546258472126,BUY,0.746743418618095,0.746743418618095,0.746743418618095,2112315.5,0.9999999999998854,1,exclude,1,32,25,0.917306,0.009841,0.9999,ok,0.09009170218854323,0.8265543740751142,0.9998370197070552,25,0.0,0.0,1,500000.0,2023-01_2025-06
3,C3 Hybrid,2023-12,2023-12-29,P_selected,TGC,0.0054341756065574825,BUY,1.0792720189309106,1.0792720189309106,1.0792720189309106,3219010.3649999998,1.0,1,exclude,1,32,25,0.917306,0.009841,0.9999,ok,0.09009170218854323,0.8265543740751142,0.9998370197070552,25,0.17204301075268824,0.0009349119323109652,1,500000.0,2023-01_2025-06
3,C3 Hybrid,2023-12,2023-12-29,P_selected,IMO,0.004812782070858481,NEUTRAL,-0.16497360836345035,-0.16497360836345035,-0.08248680418172517,1439050.5135,0.9999999945344891,1,exclude,1,32,25,0.917306,0.009841,0.9999,ok,0.09009170218854323,0.8265543740751142,0.9998370197070552,25,0.010752688172043001,5.175034484794061e-05,1,500000.0,2023-01_2025-06
3,C3 Hybrid,2023-12,2023-12-29,P_selected,MIC,0.0044035700768779405,BUY,0.21498488882814026,0.21498488882814026,0.21498488882814026,527852.025,0.9884063045733789,1,exclude,1,32,25,0.917306,0.009841,0.9999,ok,0.09009170218854323,0.8265543740751142,0.9998370197070552,25,0.10333333333333328,0.0004550355746107203,1,500000.0,2023-01_2025-06
3,C3 Hybrid,2023-12,2023-12-29,P_selected,TMA,0.0024100030641453145,NEUTRAL,0.0450975947033804,0.0450975947033804,0.0225487973516902,1447405.75,0.9999999952184067,1,exclude,1,32,25,0.917306,0.009841,0.9999,ok,0.09009170218854323,0.8265543740751142,0.9998370197070552,25,0.15384615384615374,0.00037076970217620196,1,500000.0,2023-01_2025-06
3,C3 Hybrid,2023-12,2023-12-29,P_selected,DHO,0.0014858360521203848,NEUTRAL,0.14861700851638482,0.14861700851638482,0.07430850425819241,735953.928,0.9995801792640159,1,exclude,1,32,25,0.917306,0.009841,0.9999,ok,0.09009170218854323,0.8265543740751142,0.9998370197070552,25,0.03943661971830981,5.8596351351226365e-05,1,500000.0,2023-01_2025-06
3,C3 Hybrid,2023-12,2023-12-29,P_selected,TQM,0.0010304073671209548,BUY,0.9099995727075632,0.9099995727075632,0.9099995727075632,5259690.9,1.0,1,exclude,1,32,25,0.917306,0.009841,0.9999,ok,0.09009170218854323,0.8265543740751142,0.9998370197070552,25,0.02586206896551735,2.6648466391059287e-05,1,500000.0,2023-01_2025-06
3,C3 Hybrid,2023-12,2023-12-29,P_selected,BOA,0.0009104263083368454,BUY,0.7985263574661638,0.7985263574661638,0.7985263574661638,19336119.6625,1.0,1,exclude,1,32,25,0.917306,0.009841,0.9999,ok,0.09009170218854323,0.8265543740751142,0.9998370197070552,25,0.07520891364902504,6.847217360750645e-05,1,500000.0,2023-01_2025-06
3,C3 Hybrid,2023-12,2023-12-29,P_selected,CIH,0.0002548404688056769,BUY,0.5849810949558399,0.5849810949558399,0.5849810949558399,6778233.9375,1.0,1,exclude,1,32,25,0.917306,0.009841,0.9999,ok,0.09009170218854323,0.8265543740751142,0.9998370197070552,25,-0.03285450149338642,-8.372656562951407e-06,1,500000.0,2023-01_2025-06
3,C3 Hybrid,2023-12,2023-12-29,P_selected,SID,0.00011689568579862515,BUY,1.299557897940407,1.299557897940407,1.299557897940407,1803953.1,0.999999999984077,1,exclude,1,32,25,0.917306,0.009841,0.9999,ok,0.09009170218854323,0.8265543740751142,0.9998370197070552,25,0.06060606060606055,7.084587018098488e-06,1,500000.0,2023-01_2025-06
3,C3 Hybrid,2023-12,2023-12-29,P_selected,MSA,0.0001076858682569247,BUY,0.627968773674983,0.627968773674983,0.627968773674983,5749138.92,1.0,1,exclude,1,32,25,0.917306,0.009841,0.9999,ok,0.09009170218854323,0.8265543740751142,0.9998370197070552,25,-0.010611510791366907,-1.1427097530860715e-06,1,500000.0,2023-01_2025-06
3,C3 Hybrid,2024-01,2024-01-31,P_selected,AKT,0.29143364978350855,BUY,0.8046619242065024,0.8046619242065024,0.8046619242065024,8142793.784999999,1.0,1,exclude,1,31,25,0.941744,0.010637,0.9999,ok,0.07818384739712725,0.8005250772973393,0.9999208306301494,25,0.14802631578947367,0.04313984947453251,1,500000.0,2023-01_2025-06
3,C3 Hybrid,2024-01,2024-01-31,P_selected,ADI,0.15249616442954386,BUY,3.41352236134344,3.41352236134344,3.41352236134344,15345130.622500002,1.0,1,exclude,1,31,25,0.941744,0.010637,0.9999,ok,0.07818384739712725,0.8005250772973393,0.9999208306301494,25,0.09230769230769242,0.014076569024265606,1,500000.0,2023-01_2025-06
3,C3 Hybrid,2024-01,2024-01-31,P_selected,CMA,0.084808710417158,NEUTRAL,-0.013739898687236768,-0.013739898687236768,-0.006869949343618384,2966185.35,1.0,1,exclude,1,31,25,0.941744,0.010637,0.9999,ok,0.07818384739712725,0.8005250772973393,0.9999208306301494,25,0.011730205278592365,0.000994823582605958,1,500000.0,2023-01_2025-06
3,C3 Hybrid,2024-01,2024-01-31,P_selected,MIC,0.048699954078626956,NEUTRAL,-0.16728035967863727,-0.16728035967863727,-0.08364017983931864,746943.955,0.999647850758702,1,exclude,1,31,25,0.941744,0.010637,0.9999,ok,0.07818384739712725,0.8005250772973393,0.9999208306301494,25,0.07737817219367904,0.0037683134325202585,1,500000.0,2023-01_2025-06
3,C3 Hybrid,2024-01,2024-01-31,P_selected,LBV,0.04770477990803605,NEUTRAL,-0.06728177422796312,-0.06728177422796312,-0.03364088711398156,5215042.6,1.0,1,exclude,1,31,25,0.941744,0.010637,0.9999,ok,0.07818384739712725,0.8005250772973393,0.9999208306301494,25,0.02962085308056861,0.0014130562768967971,1,500000.0,2023-01_2025-06
3,C3 Hybrid,2024-01,2024-01-31,P_selected,JET,0.046311994428152425,BUY,1.678806726416361,1.678806726416361,1.678806726416361,2528861.3150000004,0.9999999999999998,1,exclude,1,31,25,0.941744,0.010637,0.9999,ok,0.07818384739712725,0.8005250772973393,0.9999208306301494,25,0.17460317460317465,0.008086221249359949,1,500000.0,2023-01_2025-06
3,C3 Hybrid,2024-01,2024-01-31,P_selected,TMA,0.045492527364149056,BUY,0.5062336002159997,0.5062336002159997,0.5062336002159997,1637733.3,0.9999999997724687,1,exclude,1,31,25,0.941744,0.010637,0.9999,ok,0.07818384739712725,0.8005250772973393,0.9999208306301494,25,0.057777777777777706,0.0026284571365952757,1,500000.0,2023-01_2025-06
3,C3 Hybrid,2024-01,2024-01-31,P_selected,EQD,0.044225132851670346,BUY,0.8033188621931466,0.8033188621931466,0.8033188621931466,705048.0,0.999311817448991,1,exclude,1,31,25,0.941744,0.010637,0.9999,ok,0.07818384739712725,0.8005250772973393,0.9999208306301494,25,0.026851851851851904,0.001187526715461521,1,500000.0,2023-01_2025-06
3,C3 Hybrid,2024-01,2024-01-31,P_selected,SMI,0.04213469145519501,BUY,0.3865930403762884,0.3865930403762884,0.3865930403762884,1967456.6,0.9999999999988363,1,exclude,1,31,25,0.941744,0.010637,0.9999,ok,0.07818384739712725,0.8005250772973393,0.9999208306301494,25,0.013157894736842035,0.0005544038349367734,1,500000.0,2023-01_2025-06
3,C3 Hybrid,2024-01,2024-01-31,P_selected,CIH,0.041739448856739865,BUY,0.37164899207682106,0.37164899207682106,0.37164899207682106,3252529.8899999997,1.0,1,exclude,1,31,25,0.941744,0.010637,0.9999,ok,0.07818384739712725,0.8005250772973393,0.9999208306301494,25,0.0714285714285714,0.0029813892040528463,1,500000.0,2023-01_2025-06
3,C3 Hybrid,2024-01,2024-01-31,P_selected,MNG,0.03728088892059003,NEUTRAL,0.10722340229717493,0.10722340229717493,0.053611701148587466,1533391.5,0.9999999987919568,1,exclude,1,31,25,0.941744,0.010637,0.9999,ok,0.07818384739712725,0.8005250772973393,0.9999208306301494,25,-0.0022172949002217113,-8.266272487935638e-05,1,500000.0,2023-01_2025-06
3,C3 Hybrid,2024-01,2024-01-31,P_selected,RIS,0.031307975565228685,BUY,0.45688253578948484,0.45688253578948484,0.45688253578948484,1448157.5425,0.9999999952755783,1,exclude,1,31,25,0.941744,0.010637,0.9999,ok,0.07818384739712725,0.8005250772973393,0.9999208306301494,25,0.09235352532274077,0.0028914019141670967,1,500000.0,2023-01_2025-06
3,C3 Hybrid,2024-01,2024-01-31,P_selected,GAZ,0.02157885614436385,NEUTRAL,-0.11281231754703365,-0.11281231754703365,-0.056406158773516825,2309223.85,0.9999999999999951,1,exclude,1,31,25,0.941744,0.010637,0.9999,ok,0.07818384739712725,0.8005250772973393,0.9999208306301494,25,0.03750000000000009,0.0008092071054136463,1,500000.0,2023-01_2025-06
3,C3 Hybrid,2024-01,2024-01-31,P_selected,DWY,0.019592193253136752,NEUTRAL,-0.03348811466632884,-0.03348811466632884,-0.01674405733316442,648790.7849999999,0.9983088476929789,1,exclude,1,31,25,0.941744,0.010637,0.9999,ok,0.07818384739712725,0.8005250772973393,0.9999208306301494,25,-0.045671438309475065,-0.0008948036455079487,1,500000.0,2023-01_2025-06
3,C3 Hybrid,2024-01,2024-01-31,P_selected,ATL,0.01689681297673622,NEUTRAL,0.20505071631055638,0.20505071631055638,0.10252535815527819,2875789.8850000002,1.0,1,exclude,1,31,25,0.941744,0.010637,0.9999,ok,0.07818384739712725,0.8005250772973393,0.9999208306301494,25,-0.03200000000000003,-0.0005406980152555596,1,500000.0,2023-01_2025-06
3,C3 Hybrid,2024-01,2024-01-31,P_selected,HPS,0.016236597048542085,NEUTRAL,0.002995773248916908,0.002995773248916908,0.001497886624458454,2613318.2199999997,1.0,1,exclude,1,31,25,0.941744,0.010637,0.9999,ok,0.07818384739712725,0.8005250772973393,0.9999208306301494,25,-0.07752063440686197,-0.001258671303811565,1,500000.0,2023-01_2025-06
3,C3 Hybrid,2024-01,2024-01-31,P_selected,TGC,0.006422005835966943,BUY,0.7660762499261048,0.7660762499261048,0.7660762499261048,7474786.657500001,1.0,1,exclude,1,31,25,0.941744,0.010637,0.9999,ok,0.07818384739712725,0.8005250772973393,0.9999208306301494,25,0.05145413870246096,0.00033043877903185683,1,500000.0,2023-01_2025-06
3,C3 Hybrid,2024-01,2024-01-31,P_selected,BCI,0.0033345045642653435,BUY,2.0193348430809066,2.0193348430809066,2.0193348430809066,2784113.5100000002,1.0,1,exclude,1,31,25,0.941744,0.010637,0.9999,ok,0.07818384739712725,0.8005250772973393,0.9999208306301494,25,0.037234042553191404,0.00012415708483966677,1,500000.0,2023-01_2025-06
3,C3 Hybrid,2024-01,2024-01-31,P_selected,LHM,0.0007090881537452175,NEUTRAL,0.11697958597748662,0.11697958597748662,0.05848979298874331,4054285.2,1.0,1,exclude,1,31,25,0.941744,0.010637,0.9999,ok,0.07818384739712725,0.8005250772973393,0.9999208306301494,25,0.01989795918367343,1.4109407140848687e-05,1,500000.0,2023-01_2025-06
3,C3 Hybrid,2024-01,2024-01-31,P_selected,BCP,0.0003462790900521046,BUY,0.7472002521730142,0.7472002521730142,0.7472002521730142,17885254.73,1.0,1,exclude,1,31,25,0.941744,0.010637,0.9999,ok,0.07818384739712725,0.8005250772973393,0.9999208306301494,25,0.06643356643356646,2.3004554933531434e-05,1,500000.0,2023-01_2025-06
3,C3 Hybrid,2024-01,2024-01-31,P_selected,MUT,0.0003436213223235555,BUY,0.5268391238320339,0.5268391238320339,0.5268391238320339,2527308.9675000003,0.9999999999999998,1,exclude,1,31,25,0.941744,0.010637,0.9999,ok,0.07818384739712725,0.8005250772973393,0.9999208306301494,25,-0.005216095380029762,-1.7923615918516155e-06,1,500000.0,2023-01_2025-06
3,C3 Hybrid,2024-01,2024-01-31,P_selected,DYT,0.00025499111620382297,NEUTRAL,0.13924820739078325,0.13924820739078325,0.06962410369539163,580627.6725000001,0.9949837449950952,1,exclude,1,31,25,0.941744,0.010637,0.9999,ok,0.07818384739712725,0.8005250772973393,0.9999208306301494,25,0.06699751861042191,1.7083772053357886e-05,1,500000.0,2023-01_2025-06
3,C3 Hybrid,2024-01,2024-01-31,P_selected,SID,0.00023871502873514102,BUY,0.49335965362455536,0.49335965362455536,0.49335965362455536,2443983.605,0.9999999999999993,1,exclude,1,31,25,0.941744,0.010637,0.9999,ok,0.07818384739712725,0.8005250772973393,0.9999208306301494,25,0.023919429290810035,5.709927250483891e-06,1,500000.0,2023-01_2025-06
3,C3 Hybrid,2024-01,2024-01-31,P_selected,ARD,0.00021283087517591232,NEUTRAL,-0.11795877345368894,-0.11795877345368894,-0.05897938672684447,1483984.33,0.9999999973368316,1,exclude,1,31,25,0.941744,0.010637,0.9999,ok,0.07818384739712725,0.8005250772973393,0.9999208306301494,25,0.028548289127353854,6.075957359749703e-06,1,500000.0,2023-01_2025-06
3,C3 Hybrid,2024-01,2024-01-31,P_selected,BOA,0.00011841716230370002,BUY,0.4542120858037997,0.4542120858037997,0.4542120858037997,3687381.585,1.0,1,exclude,1,31,25,0.941744,0.010637,0.9999,ok,0.07818384739712725,0.8005250772973393,0.9999208306301494,25,0.03626943005181338,4.29492298510828e-06,1,500000.0,2023-01_2025-06
3,C3 Hybrid,2024-02,2024-02-29,P_selected,AKT,0.3797038497717512,BUY,0.9888223686294311,0.9888223686294311,0.9888223686294311,10945682.17,1.0,1,exclude,1,29,22,1.280657,0.011776,0.9999,ok,0.028561514202289473,0.7817382549257206,0.9998272340122225,22,-0.01449275362318836,-0.005502954344518115,1,500000.0,2023-01_2025-06
3,C3 Hybrid,2024-02,2024-02-29,P_selected,JET,0.13252340644929536,BUY,3.020996666351715,3.020996666351715,3.020996666351715,4083213.13,1.0,1,exclude,1,29,22,1.280657,0.011776,0.9999,ok,0.028561514202289473,0.7817382549257206,0.9998272340122225,22,0.09578445275235259,0.01269368196362335,1,500000.0,2023-01_2025-06
3,C3 Hybrid,2024-02,2024-02-29,P_selected,ADI,0.12635396775765906,BUY,2.926178351489694,2.926178351489694,2.926178351489694,6208376.7225,1.0,1,exclude,1,29,22,1.280657,0.011776,0.9999,ok,0.028561514202289473,0.7817382549257206,0.9998272340122225,22,0.19068670792808717,0.024094022145359675,1,500000.0,2023-01_2025-06
3,C3 Hybrid,2024-02,2024-02-29,P_selected,BOA,0.07795371141430417,BUY,0.438008299269941,0.438008299269941,0.438008299269941,4163997.8575000004,1.0,1,exclude,1,29,22,1.280657,0.011776,0.9999,ok,0.028561514202289473,0.7817382549257206,0.9998272340122225,22,-0.025000000000000022,-0.0019488427853576059,1,500000.0,2023-01_2025-06
3,C3 Hybrid,2024-02,2024-02-29,P_selected,MNG,0.0698132764923228,BUY,0.4613744282820449,0.4613744282820449,0.4613744282820449,2811680.1,1.0,1,exclude,1,29,22,1.280657,0.011776,0.9999,ok,0.028561514202289473,0.7817382549257206,0.9998272340122225,22,-0.04839586731919521,-0.003378674066240744,1,500000.0,2023-01_2025-06
3,C3 Hybrid,2024-02,2024-02-29,P_selected,LBV,0.060433850075526915,NEUTRAL,0.17486919223436304,0.17486919223436304,0.08743459611718152,7394740.15,1.0,1,exclude,1,29,22,1.280657,0.011776,0.9999,ok,0.028561514202289473,0.7817382549257206,0.9998272340122225,22,0.04522727272727267,0.002733258219324964,1,500000.0,2023-01_2025-06
3,C3 Hybrid,2024-02,2024-02-29,P_selected,IMO,0.04086963996773385,NEUTRAL,-0.04325430722866819,-0.04325430722866819,-0.021627153614334094,634544.4794999999,0.9978768132095764,1,exclude,1,29,22,1.280657,0.011776,0.9999,ok,0.028561514202289473,0.7817382549257206,0.9998272340122225,22,-0.025078369905956133,-0.0010249439490340785,1,500000.0,2023-01_2025-06
3,C3 Hybrid,2024-02,2024-02-29,P_selected,SID,0.022395289022515714,BUY,0.7376540311353927,0.7376540311353927,0.7376540311353927,2219809.335,0.9999999999999796,1,exclude,1,29,22,1.280657,0.011776,0.9999,ok,0.028561514202289473,0.7817382549257206,0.9998272340122225,22,0.013143483023001057,0.0002943521010626372,1,500000.0,2023-01_2025-06
3,C3 Hybrid,2024-02,2024-02-29,P_selected,TMA,0.01906297015767365,BUY,0.23872215706733316,0.23872215706733316,0.23872215706733316,3163242.05,1.0,1,exclude,1,29,22,1.280657,0.011776,0.9999,ok,0.028561514202289473,0.7817382549257206,0.9998272340122225,22,-0.006382978723404209,-0.0001216785329213203,1,500000.0,2023-01_2025-06
3,C3 Hybrid,2024-02,2024-02-29,P_selected,RIS,0.014804310885493461,NEUTRAL,0.19814124932751911,0.19814124932751911,0.09907062466375956,1779360.1949999998,0.9999999999763998,1,exclude,1,29,22,1.280657,0.011776,0.9999,ok,0.028561514202289473,0.7817382549257206,0.9998272340122225,22,0.12139534883720926,0.001797174484238973,1,500000.0,2023-01_2025-06
3,C3 Hybrid,2024-02,2024-02-29,P_selected,BCI,0.010835074609985909,BUY,1.2793342836406791,1.2793342836406791,1.2793342836406791,1035423.3800000001,0.9999965140765344,1,exclude,1,29,22,1.280657,0.011776,0.9999,ok,0.028561514202289473,0.7817382549257206,0.9998272340122225,22,0.0608695652173914,0.000659526280607839,1,500000.0,2023-01_2025-06
3,C3 Hybrid,2024-02,2024-02-29,P_selected,CMA,0.009063021944974213,NEUTRAL,0.0564534077912625,0.0564534077912625,0.02822670389563125,2751247.1,1.0,1,exclude,1,29,22,1.280657,0.011776,0.9999,ok,0.028561514202289473,0.7817382549257206,0.9998272340122225,22,-0.020289855072463725,-0.0001838874017820851,1,500000.0,2023-01_2025-06
3,C3 Hybrid,2024-02,2024-02-29,P_selected,ARD,0.008558945963933353,NEUTRAL,-0.04041413906282257,-0.04041413906282257,-0.020207069531411284,949676.8875,0.9999862551169507,1,exclude,1,29,22,1.280657,0.011776,0.9999,ok,0.028561514202289473,0.7817382549257206,0.9998272340122225,22,0.0,0.0,1,500000.0,2023-01_2025-06
3,C3 Hybrid,2024-02,2024-02-29,P_selected,ADH,0.008185281152905314,BUY,2.1480223299815546,2.1480223299815546,2.1480223299815546,10067875.521000002,1.0,1,exclude,1,29,22,1.280657,0.011776,0.9999,ok,0.028561514202289473,0.7817382549257206,0.9998272340122225,22,0.11956521739130443,0.0009786749204560709,1,500000.0,2023-01_2025-06
3,C3 Hybrid,2024-02,2024-02-29,P_selected,SMI,0.004962558095678787,NEUTRAL,0.15245376239251363,0.15245376239251363,0.07622688119625681,1361851.55,0.9999999812040575,1,exclude,1,29,22,1.280657,0.011776,0.9999,ok,0.028561514202289473,0.7817382549257206,0.9998272340122225,22,0.13475177304964547,0.0006687135022545886,1,500000.0,2023-01_2025-06
3,C3 Hybrid,2024-02,2024-02-29,P_selected,ATL,0.0048394599198813915,NEUTRAL,0.09570127541891674,0.09570127541891674,0.04785063770945837,2519184.9325,0.9999999999999998,1,exclude,1,29,22,1.280657,0.011776,0.9999,ok,0.028561514202289473,0.7817382549257206,0.9998272340122225,22,0.001615508885298933,7.81819050061645e-06,1,500000.0,2023-01_2025-06
3,C3 Hybrid,2024-02,2024-02-29,P_selected,MSA,0.004769159926349921,NEUTRAL,-0.07045445594885696,-0.07045445594885696,-0.03522722797442848,7937476.967500001,1.0,1,exclude,1,29,22,1.280657,0.011776,0.9999,ok,0.028561514202289473,0.7817382549257206,0.9998272340122225,22,-0.03464919841406655,-0.00016524756855651343,1,500000.0,2023-01_2025-06
3,C3 Hybrid,2024-02,2024-02-29,P_selected,TGC,0.002567369201344503,BUY,0.7557891644252485,0.7557891644252485,0.7557891644252485,7327413.1875,1.0,1,exclude,1,29,22,1.280657,0.011776,0.9999,ok,0.028561514202289473,0.7817382549257206,0.9998272340122225,22,0.08974358974358965,0.00023040492832578847,1,500000.0,2023-01_2025-06
3,C3 Hybrid,2024-02,2024-02-29,P_selected,CMT,0.001272544677063175,BUY,0.9010930555569058,0.9010930555569058,0.9010930555569058,4929366.0,1.0,1,exclude,1,29,22,1.280657,0.011776,0.9999,ok,0.028561514202289473,0.7817382549257206,0.9998272340122225,22,-0.11923076923076925,-0.0001517264807267632,1,500000.0,2023-01_2025-06
3,C3 Hybrid,2024-02,2024-02-29,P_selected,LHM,0.0005565986221718293,NEUTRAL,0.14229908053003715,0.14229908053003715,0.07114954026501857,3145116.1,1.0,1,exclude,1,29,22,1.280657,0.011776,0.9999,ok,0.028561514202289473,0.7817382549257206,0.9998272340122225,22,-0.011657374556512945,-6.488478616296045e-06,1,500000.0,2023-01_2025-06
3,C3 Hybrid,2024-02,2024-02-29,P_selected,MUT,0.000158867602681473,BUY,0.49944227866896995,0.49944227866896995,0.49944227866896995,2293581.0324999997,0.9999999999999938,1,exclude,1,29,22,1.280657,0.011776,0.9999,ok,0.028561514202289473,0.7817382549257206,0.9998272340122225,22,-0.02434456928838946,-3.867563361159447e-06,1,500000.0,2023-01_2025-06
3,C3 Hybrid,2024-02,2024-02-29,P_selected,ATW,0.00014408030097621746,NEUTRAL,0.0008746807600492207,0.0008746807600492207,0.00043734038002461034,42259225.375,1.0,1,exclude,1,29,22,1.280657,0.011776,0.9999,ok,0.028561514202289473,0.7817382549257206,0.9998272340122225,22,0.0067393458870168566,9.71006983784222e-07,1,500000.0,2023-01_2025-06
3,C3 Hybrid,2024-03,2024-03-29,P_selected,CFG,0.37391567178091684,BUY,0.21675592236963592,0.21675592236963592,0.21675592236963592,3098808.275,1.0,1,exclude,1,34,27,0.993291,0.008795,1.0,ok,0.05997914601888499,1.1421420400461297,0.9998981971394462,27,-0.02517753389283417,-0.00941427449932589,1,500000.0,2023-01_2025-06
3,C3 Hybrid,2024-03,2024-03-29,P_selected,AKT,0.13982672311302632,BUY,0.6884370484152035,0.6884370484152035,0.6884370484152035,5701409.33,1.0,1,exclude,1,34,27,0.993291,0.008795,1.0,ok,0.05997914601888499,1.1421420400461297,0.9998981971394462,27,0.0591176470588235,0.008266226866387729,1,500000.0,2023-01_2025-06
3,C3 Hybrid,2024-03,2024-03-29,P_selected,ADI,0.1028513743694139,BUY,2.7709177563164973,2.7709177563164973,2.7709177563164973,8374011.227500001,1.0,1,exclude,1,34,27,0.993291,0.008795,1.0,ok,0.05997914601888499,1.1421420400461297,0.9998981971394462,27,0.04952723998199016,0.005093944700871473,1,500000.0,2023-01_2025-06
3,C3 Hybrid,2024-03,2024-03-29,P_selected,JET,0.09064639294410567,BUY,3.061742748066936,3.061742748066936,3.061742748066936,2114080.415,0.9999999999998885,1,exclude,1,34,27,0.993291,0.008795,1.0,ok,0.05997914601888499,1.1421420400461297,0.9998981971394462,27,0.42352941176470593,0.038391413482209466,1,500000.0,2023-01_2025-06
3,C3 Hybrid,2024-03,2024-03-29,P_selected,ARD,0.04407929414932782,BUY,1.2755196489989387,1.2755196489989387,1.2755196489989387,1756048.5850000002,0.999999999965731,1,exclude,1,34,27,0.993291,0.008795,1.0,ok,0.05997914601888499,1.1421420400461297,0.9998981971394462,27,0.08400000000000007,0.0037026607085435402,1,500000.0,2023-01_2025-06
3,C3 Hybrid,2024-03,2024-03-29,P_selected,CDM,0.03604547901796143,BUY,1.0203412517646466,1.0203412517646466,1.0203412517646466,5514061.404999999,1.0,1,exclude,1,34,27,0.993291,0.008795,1.0,ok,0.05997914601888499,1.1421420400461297,0.9998981971394462,27,0.0033333333333334103,0.00012015159672654087,1,500000.0,2023-01_2025-06
3,C3 Hybrid,2024-03,2024-03-29,P_selected,SMI,0.035608512082920055,BUY,0.861254206423143,0.861254206423143,0.861254206423143,722877.55,0.9994825296888584,1,exclude,1,34,27,0.993291,0.008795,1.0,ok,0.05997914601888499,1.1421420400461297,0.9998981971394462,27,0.11562500000000009,0.004117234209587635,1,500000.0,2023-01_2025-06
3,C3 Hybrid,2024-03,2024-03-29,P_selected,RDS,0.03407758938527821,BUY,2.08154415238586,2.08154415238586,2.08154415238586,2936320.8575,1.0,1,exclude,1,34,27,0.993291,0.008795,1.0,ok,0.05997914601888499,1.1421420400461297,0.9998981971394462,27,0.4993939393939393,0.017018141608163177,1,500000.0,2023-01_2025-06
3,C3 Hybrid,2024-03,2024-03-29,P_selected,DYT,0.02888546017782603,BUY,0.8000558513032867,0.8000558513032867,0.8000558513032867,710520.0700000001,0.9993694712769375,1,exclude,1,34,27,0.993291,0.008795,1.0,ok,0.05997914601888499,1.1421420400461297,0.9998981971394462,27,-0.01922322479403693,-0.0005552716942775518,1,500000.0,2023-01_2025-06
3,C3 Hybrid,2024-03,2024-03-29,P_selected,LBV,0.026519012502177326,NEUTRAL,0.1499525218997622,0.1499525218997622,0.0749762609498811,4552965.35,1.0,1,exclude,1,34,27,0.993291,0.008795,1.0,ok,0.05997914601888499,1.1421420400461297,0.9998981971394462,27,-0.06240487062404876,-0.0016549155442759076,1,500000.0,2023-01_2025-06
3,C3 Hybrid,2024-03,2024-03-29,P_selected,BOA,0.02546533595678649,BUY,0.3866934865022458,0.3866934865022458,0.3866934865022458,2661902.9025,1.0,1,exclude,1,34,27,0.993291,0.008795,1.0,ok,0.05997914601888499,1.1421420400461297,0.9998981971394462,27,-0.01538461538461533,-0.00039177439933517534,1,500000.0,2023-01_2025-06
3,C3 Hybrid,2024-03,2024-03-29,P_selected,TMA,0.012278927910220323,BUY,0.2990763301967746,0.2990763301967746,0.2990763301967746,1932797.55,0.9999999999979736,1,exclude,1,34,27,0.993291,0.008795,1.0,ok,0.05997914601888499,1.1421420400461297,0.9998981971394462,27,0.00786275911365264,9.654625233196861e-05,1,500000.0,2023-01_2025-06
3,C3 Hybrid,2024-03,2024-03-29,P_selected,EQD,0.010544076252297854,BUY,0.5599998276950314,0.5599998276950314,0.5599998276950314,2302739.15,0.9999999999999944,1,exclude,1,34,27,0.993291,0.008795,1.0,ok,0.05997914601888499,1.1421420400461297,0.9998981971394462,27,0.06695652173913036,0.0007059946708060295,1,500000.0,2023-01_2025-06
3,C3 Hybrid,2024-03,2024-03-29,P_selected,TGC,0.008587075792298001,BUY,0.8967820400651416,0.8967820400651416,0.8967820400651416,5166311.55,1.0,1,exclude,1,34,27,0.993291,0.008795,1.0,ok,0.05997914601888499,1.1421420400461297,0.9998981971394462,27,0.21843137254901945,0.001875686751494111,1,500000.0,2023-01_2025-06
3,C3 Hybrid,2024-03,2024-03-29,P_selected,RIS,0.008224006523653935,BUY,0.6186139535541894,0.6186139535541894,0.6186139535541894,3785209.81,1.0,1,exclude,1,34,27,0.993291,0.008795,1.0,ok,0.05997914601888499,1.1421420400461297,0.9998981971394462,27,0.07880547490667777,0.0006480967397321645,1,500000.0,2023-01_2025-06
3,C3 Hybrid,2024-03,2024-03-29,P_selected,IAM,0.008200408426984855,NEUTRAL,-0.01030312418808485,-0.01030312418808485,-0.005151562094042425,7433794.630000001,1.0,1,exclude,1,34,27,0.993291,0.008795,1.0,ok,0.05997914601888499,1.1421420400461297,0.9998981971394462,27,-0.04410307234886024,-0.00036166320614551626,1,500000.0,2023-01_2025-06
3,C3 Hybrid,2024-03,2024-03-29,P_selected,CMA,0.00575497749278195,NEUTRAL,-0.08184740078813027,-0.08184740078813027,-0.040923700394065135,3302835.7,1.0,1,exclude,1,34,27,0.993291,0.008795,1.0,ok,0.05997914601888499,1.1421420400461297,0.9998981971394462,27,0.040804257835600266,0.00023482758545355107,1,500000.0,2023-01_2025-06
3,C3 Hybrid,2024-03,2024-03-29,P_selected,ATW,0.003015288111933386,NEUTRAL,0.01943222860244105,0.01943222860244105,0.009716114301220526,12538974.315000001,1.0,1,exclude,1,34,27,0.993291,0.008795,1.0,ok,0.05997914601888499,1.1421420400461297,0.9998981971394462,27,-0.012404016538688611,-3.7401683609332874e-05,1,500000.0,2023-01_2025-06
3,C3 Hybrid,2024-03,2024-03-29,P_selected,HPS,0.002618059457458896,NEUTRAL,-0.18409568480572155,-0.18409568480572155,-0.09204784240286078,1028472.4949999999,0.9999961040141963,1,exclude,1,34,27,0.993291,0.008795,1.0,ok,0.05997914601888499,1.1421420400461297,0.9998981971394462,27,-0.051724137931034475,-0.00013541686848925322,1,500000.0,2023-01_2025-06
3,C3 Hybrid,2024-03,2024-03-29,P_selected,GAZ,0.0005999698893691151,NEUTRAL,0.1583483255253657,0.1583483255253657,0.07917416276268285,2556413.0,1.0,1,exclude,1,34,27,0.993291,0.008795,1.0,ok,0.05997914601888499,1.1421420400461297,0.9998981971394462,27,-0.03488372093023251,-2.0929182187294685e-05,1,500000.0,2023-01_2025-06
3,C3 Hybrid,2024-03,2024-03-29,P_selected,MUT,0.0005754568754134908,BUY,0.3512885167093802,0.3512885167093802,0.3512885167093802,604477.7775000001,0.9965696079680872,1,exclude,1,34,27,0.993291,0.008795,1.0,ok,0.05997914601888499,1.1421420400461297,0.9998981971394462,27,0.02111324376199608,1.2149761285121641e-05,1,500000.0,2023-01_2025-06
3,C3 Hybrid,2024-03,2024-03-29,P_selected,ATH,0.0004967610366683554,NEUTRAL,0.02670264049893234,0.02670264049893234,0.01335132024946617,1238156.2339999997,0.9999998639848936,1,exclude,1,34,27,0.993291,0.008795,1.0,ok,0.05997914601888499,1.1421420400461297,0.9998981971394462,27,0.1890624999999999,9.39188834951109e-05,1,500000.0,2023-01_2025-06
3,C3 Hybrid,2024-03,2024-03-29,P_selected,ATL,0.00033140836992567104,NEUTRAL,0.07770918759773952,0.07770918759773952,0.03885459379886976,2370839.145,0.9999999999999982,1,exclude,1,34,27,0.993291,0.008795,1.0,ok,0.05997914601888499,1.1421420400461297,0.9998981971394462,27,0.16129032258064524,5.345296289123729e-05,1,500000.0,2023-01_2025-06
3,C3 Hybrid,2024-03,2024-03-29,P_selected,MNG,0.0002820044619538947,NEUTRAL,0.15775539533517802,0.15775539533517802,0.07887769766758901,2789222.85,1.0,1,exclude,1,34,27,0.993291,0.008795,1.0,ok,0.05997914601888499,1.1421420400461297,0.9998981971394462,27,0.3360000000000001,9.475349921650865e-05,1,500000.0,2023-01_2025-06
3,C3 Hybrid,2024-03,2024-03-29,P_selected,LHM,0.00021971074410950692,NEUTRAL,0.10909526065024211,0.10909526065024211,0.054547630325121055,5698712.05,1.0,1,exclude,1,34,27,0.993291,0.008795,1.0,ok,0.05997914601888499,1.1421420400461297,0.9998981971394462,27,0.02564102564102555,5.63360882332067e-06,1,500000.0,2023-01_2025-06
3,C3 Hybrid,2024-03,2024-03-29,P_selected,CIH,0.00012907107424843438,BUY,0.3735472481462584,0.3735472481462584,0.3735472481462584,3307958.6450000005,1.0,1,exclude,1,34,27,0.993291,0.008795,1.0,ok,0.05997914601888499,1.1421420400461297,0.9998981971394462,27,0.025710419485791558,3.3184714624089963e-06,1,500000.0,2023-01_2025-06
3,C3 Hybrid,2024-03,2024-03-29,P_selected,CSR,0.00012014924038827979,NEUTRAL,0.0010396963482921795,0.0010396963482921795,0.0005198481741460897,2228600.15,0.9999999999999822,1,exclude,1,34,27,0.993291,0.008795,1.0,ok,0.05997914601888499,1.1421420400461297,0.9998981971394462,27,-0.012468827930174564,-1.4981202043426408e-06,1,500000.0,2023-01_2025-06
3,C3 Hybrid,2024-04,2024-04-30,P_selected,CFG,0.320093980385071,NEUTRAL,0.1518819787835069,0.1518819787835069,0.07594098939175345,4652391.455,1.0,1,exclude,1,34,26,0.861028,0.009144,0.9989,ok,0.006360305653511311,0.4473005758950512,0.9998710518943078,26,0.06721854304635766,0.021516250999393857,1,500000.0,2023-01_2025-06
3,C3 Hybrid,2024-04,2024-04-30,P_selected,AKT,0.13046973046687343,BUY,0.7369868344296581,0.7369868344296581,0.7369868344296581,11312012.120000001,1.0,1,exclude,1,34,26,0.861028,0.009144,0.9989,ok,0.006360305653511311,0.4473005758950512,0.9998710518943078,26,-0.06388888888888888,-0.008335566113161358,1,500000.0,2023-01_2025-06
3,C3 Hybrid,2024-04,2024-04-30,P_selected,JET,0.11444017211559399,BUY,3.116658257475308,3.116658257475308,3.116658257475308,7520058.69,1.0,1,exclude,1,34,26,0.861028,0.009144,0.9989,ok,0.006360305653511311,0.4473005758950512,0.9998710518943078,26,-0.0984126984126984,-0.011262366144709247,1,500000.0,2023-01_2025-06
3,C3 Hybrid,2024-04,2024-04-30,P_selected,ADI,0.09986996367243038,BUY,2.2207303905126494,2.2207303905126494,2.2207303905126494,40987828.1325,1.0,1,exclude,1,34,26,0.861028,0.009144,0.9989,ok,0.006360305653511311,0.4473005758950512,0.9998710518943078,26,0.0376958915713681,0.0037646873218324067,1,500000.0,2023-01_2025-06
3,C3 Hybrid,2024-04,2024-04-30,P_selected,IMO,0.05593672837242878,NEUTRAL,0.16675321619886466,0.16675321619886466,0.08337660809943233,524083.61100000003,0.9876946294827621,1,exclude,1,34,26,0.861028,0.009144,0.9989,ok,0.006360305653511311,0.4473005758950512,0.9998710518943078,26,0.035490830636461634,0.001985240953023628,1,500000.0,2023-01_2025-06
3,C3 Hybrid,2024-04,2024-04-30,P_selected,FBR,0.04326290350754307,BUY,0.307612237469921,0.307612237469921,0.307612237469921,541356.7455,0.9906381640699479,1,exclude,1,34,26,0.861028,0.009144,0.9989,ok,0.006360305653511311,0.4473005758950512,0.9998710518943078,26,0.04469026548672561,0.0019334306434786923,1,500000.0,2023-01_2025-06
3,C3 Hybrid,2024-04,2024-04-30,P_selected,BOA,0.03383367257289305,BUY,0.9051591995730707,0.9051591995730707,0.9051591995730707,2797790.9925,1.0,1,exclude,1,34,26,0.861028,0.009144,0.9989,ok,0.006360305653511311,0.4473005758950512,0.9998710518943078,26,0.02472670484122852,0.0008365952354046951,1,500000.0,2023-01_2025-06
3,C3 Hybrid,2024-04,2024-04-30,P_selected,DYT,0.02843274879542893,BUY,0.8764663630351477,0.8764663630351477,0.8764663630351477,2030098.7274999998,0.9999999999995728,1,exclude,1,34,26,0.861028,0.009144,0.9989,ok,0.006360305653511311,0.4473005758950512,0.9998710518943078,26,0.00989699050696835,0.0002813986449153759,1,500000.0,2023-01_2025-06
3,C3 Hybrid,2024-04,2024-04-30,P_selected,CMA,0.02688250762641436,NEUTRAL,-0.06678351753032709,-0.06678351753032709,-0.033391758765163544,6509271.2,1.0,1,exclude,1,34,26,0.861028,0.009144,0.9989,ok,0.006360305653511311,0.4473005758950512,0.9998710518943078,26,0.011938601478112654,0.0003209395452840852,1,500000.0,2023-01_2025-06
3,C3 Hybrid,2024-04,2024-04-30,P_selected,HPS,0.026274696275945843,NEUTRAL,-0.18080104212850523,-0.18080104212850523,-0.09040052106425261,1672504.9949999999,0.9999999998695563,1,exclude,1,34,26,0.861028,0.009144,0.9989,ok,0.006360305653511311,0.4473005758950512,0.9998710518943078,26,-0.01610017889087656,-0.0004230273103461762,1,500000.0,2023-01_2025-06
3,C3 Hybrid,2024-04,2024-04-30,P_selected,RIS,0.025709891110931943,BUY,0.6048770059542621,0.6048770059542621,0.6048770059542621,7575247.3,1.0,1,exclude,1,34,26,0.861028,0.009144,0.9989,ok,0.006360305653511311,0.4473005758950512,0.9998710518943078,26,-0.0773076923076923,-0.0019875723512682,1,500000.0,2023-01_2025-06
3,C3 Hybrid,2024-04,2024-04-30,P_selected,ARD,0.024799010098889393,BUY,0.8563444669426943,0.8563444669426943,0.8563444669426943,3736586.44,1.0,1,exclude,1,34,26,0.861028,0.009144,0.9989,ok,0.006360305653511311,0.4473005758950512,0.9998710518943078,26,-0.09743967581506718,-0.0024164075045703596,1,500000.0,2023-01_2025-06
3,C3 Hybrid,2024-04,2024-04-30,P_selected,TGC,0.0140543592400534,BUY,0.8171615397799922,0.8171615397799922,0.8171615397799922,56961280.685,1.0,1,exclude,1,34,26,0.861028,0.009144,0.9989,ok,0.006360305653511311,0.4473005758950512,0.9998710518943078,26,0.019354838709677358,0.0002720198562590972,1,500000.0,2023-01_2025-06
3,C3 Hybrid,2024-04,2024-04-30,P_selected,TMA,0.013486275093453362,BUY,0.37066292886792657,0.37066292886792657,0.37066292886792657,1436102.7,0.9999999942705322,1,exclude,1,34,26,0.861028,0.009144,0.9989,ok,0.006360305653511311,0.4473005758950512,0.9998710518943078,26,-0.014285714285714235,-0.00019266107276361878,1,500000.0,2023-01_2025-06
3,C3 Hybrid,2024-04,2024-04-30,P_selected,ATL,0.013275339389058203,NEUTRAL,0.1676569094112095,0.1676569094112095,0.08382845470560475,2920780.725,1.0,1,exclude,1,34,26,0.861028,0.009144,0.9989,ok,0.006360305653511311,0.4473005758950512,0.9998710518943078,26,-0.07094594594594594,-0.0009418315107102103,1,500000.0,2023-01_2025-06
3,C3 Hybrid,2024-04,2024-04-30,P_selected,IAM,0.012125750970375646,BUY,0.3195009204081433,0.3195009204081433,0.3195009204081433,12905227.779500002,1.0,1,exclude,1,34,26,0.861028,0.009144,0.9989,ok,0.006360305653511311,0.4473005758950512,0.9998710518943078,26,-0.04365904365904372,-0.000529398691014322,1,500000.0,2023-01_2025-06
3,C3 Hybrid,2024-04,2024-04-30,P_selected,SMI,0.00819176044309564,BUY,0.29654727218400434,0.29654727218400434,0.29654727218400434,661098.2,0.9986107086157655,1,exclude,1,34,26,0.861028,0.009144,0.9989,ok,0.006360305653511311,0.4473005758950512,0.9998710518943078,26,0.3566986998304127,0.00292199029937442,1,500000.0,2023-01_2025-06
3,C3 Hybrid,2024-04,2024-04-30,P_selected,ATH,0.005239390368675973,BUY,0.5773015294155847,0.5773015294155847,0.5773015294155847,2456654.2399999998,0.9999999999999996,1,exclude,1,34,26,0.861028,0.009144,0.9989,ok,0.006360305653511311,0.4473005758950512,0.9998710518943078,26,-0.051948051948051965,-0.0002721761230481026,1,500000.0,2023-01_2025-06
3,C3 Hybrid,2024-04,2024-04-30,P_selected,CMT,0.0008574017639891401,BUY,1.0038488626033824,1.0038488626033824,1.0038488626033824,3423620.85,1.0,1,exclude,1,34,26,0.861028,0.009144,0.9989,ok,0.006360305653511311,0.4473005758950512,0.9998710518943078,26,0.14020139426800937,0.00012020892275912815,1,500000.0,2023-01_2025-06
3,C3 Hybrid,2024-04,2024-04-30,P_selected,ATW,0.0007861349477018703,NEUTRAL,0.0913564362531674,0.0913564362531674,0.0456782181265837,18544729.095,1.0,1,exclude,1,34,26,0.861028,0.009144,0.9989,ok,0.006360305653511311,0.4473005758950512,0.9998710518943078,26,0.02610081689579613,2.0518764325352784e-05,1,500000.0,2023-01_2025-06
3,C3 Hybrid,2024-04,2024-04-30,P_selected,LBV,0.000620249799272029,NEUTRAL,0.11263841561940392,0.11263841561940392,0.05631920780970196,3613116.1,1.0,1,exclude,1,34,26,0.861028,0.009144,0.9989,ok,0.006360305653511311,0.4473005758950512,0.9998710518943078,26,-0.02564102564102566,-1.5903841006975114e-05,1,500000.0,2023-01_2025-06
3,C3 Hybrid,2024-04,2024-04-30,P_selected,TQM,0.0005550739550439328,NEUTRAL,0.20628564729591992,0.20628564729591992,0.10314282364795996,3067345.3,1.0,1,exclude,1,34,26,0.861028,0.009144,0.9989,ok,0.006360305653511311,0.4473005758950512,0.9998710518943078,26,-0.014814814814814836,-8.22331785250272e-06,1,500000.0,2023-01_2025-06
3,C3 Hybrid,2024-04,2024-04-30,P_selected,DHO,0.00025151078741251885,BUY,0.43111738488474366,0.43111738488474366,0.43111738488474366,3179604.356,1.0,1,exclude,1,34,26,0.861028,0.009144,0.9989,ok,0.006360305653511311,0.4473005758950512,0.9998710518943078,26,0.0652173913043479,1.64028774399469e-05,1,500000.0,2023-01_2025-06
3,C3 Hybrid,2024-04,2024-04-30,P_selected,CSR,0.00017454532641584486,NEUTRAL,0.006197745470334914,0.006197745470334914,0.003098872735167457,3788110.8225000002,1.0,1,exclude,1,34,26,0.861028,0.009144,0.9989,ok,0.006360305653511311,0.4473005758950512,0.9998710518943078,26,-0.004102564102564155,-7.160833904239881e-07,1,500000.0,2023-01_2025-06
3,C3 Hybrid,2024-04,2024-04-30,P_selected,MNG,0.00013535961894937913,BUY,0.3703462311413987,0.3703462311413987,0.3703462311413987,4523386.4,1.0,1,exclude,1,34,26,0.861028,0.009144,0.9989,ok,0.006360305653511311,0.4473005758950512,0.9998710518943078,26,-0.029945170814002497,-4.053366910757447e-06,1,500000.0,2023-01_2025-06
3,C3 Hybrid,2024-04,2024-04-30,P_selected,LHM,0.00011189519036702912,NEUTRAL,0.049540797733402406,0.049540797733402406,0.024770398866701203,8023706.2,1.0,1,exclude,1,34,26,0.861028,0.009144,0.9989,ok,0.006360305653511311,0.4473005758950512,0.9998710518943078,26,-0.024752475247524774,-2.769682929876961e-06,1,500000.0,2023-01_2025-06
3,C3 Hybrid,2024-05,2024-05-31,P_selected,CFG,0.3783171214327448,BUY,0.43665509631052035,0.43665509631052035,0.43665509631052035,7738126.6274999995,1.0,1,exclude,1,34,26,0.862374,0.010405,0.9995,ok,-0.006851492289080663,0.6790870258750416,0.999891265718676,26,-0.006211180124223614,-0.002349795785296556,1,500000.0,2023-01_2025-06
3,C3 Hybrid,2024-05,2024-05-31,P_selected,AKT,0.14692960772132702,BUY,0.2669636035887567,0.2669636035887567,0.2669636035887567,10812501.37,1.0,1,exclude,1,34,26,0.862374,0.010405,0.9995,ok,-0.006851492289080663,0.6790870258750416,0.999891265718676,26,0.03134328358208949,0.004605256361414718,1,500000.0,2023-01_2025-06
3,C3 Hybrid,2024-05,2024-05-31,P_selected,ADI,0.1000129676542632,BUY,2.2198288479406276,2.2198288479406276,2.2198288479406276,10512214.0175,1.0,1,exclude,1,34,26,0.862374,0.010405,0.9995,ok,-0.006851492289080663,0.6790870258750416,0.999891265718676,26,-0.000406338886631441,-4.063915792533963e-05,1,500000.0,2023-01_2025-06
3,C3 Hybrid,2024-05,2024-05-31,P_selected,RDS,0.06718140064949159,BUY,2.8424448938847973,2.8424448938847973,2.8424448938847973,18868393.257,1.0,1,exclude,1,34,26,0.862374,0.010405,0.9995,ok,-0.006851492289080663,0.6790870258750416,0.999891265718676,26,-0.052158273381295084,-0.0035040658612144975,1,500000.0,2023-01_2025-06
3,C3 Hybrid,2024-05,2024-05-31,P_selected,JET,0.047044071476121725,BUY,2.120457772130693,2.120457772130693,2.120457772130693,1570905.0050000001,0.9999999993371551,1,exclude,1,34,26,0.862374,0.010405,0.9995,ok,-0.006851492289080663,0.6790870258750416,0.999891265718676,26,0.012323943661971759,0.0005797684865014968,1,500000.0,2023-01_2025-06
3,C3 Hybrid,2024-05,2024-05-31,P_selected,BOA,0.04460287252529416,BUY,0.48581303208759474,0.48581303208759474,0.48581303208759474,2986016.01,1.0,1,exclude,1,34,26,0.862374,0.010405,0.9995,ok,-0.006851492289080663,0.6790870258750416,0.999891265718676,26,-0.0005154639175257714,-2.299117140479072e-05,1,500000.0,2023-01_2025-06
3,C3 Hybrid,2024-05,2024-05-31,P_selected,BCI,0.03482168560904496,BUY,1.7076794117504877,1.7076794117504877,1.7076794117504877,658592.8,0.9985539677877936,1,exclude,1,34,26,0.862374,0.010405,0.9995,ok,-0.006851492289080663,0.6790870258750416,0.999891265718676,26,-0.047244094488189003,-0.0016451190051517313,1,500000.0,2023-01_2025-06
3,C3 Hybrid,2024-05,2024-05-31,P_selected,COL,0.03009696346325481,NEUTRAL,0.0429741119348466,0.0429741119348466,0.0214870559674233,518978.0255000001,0.9866611838295463,1,exclude,1,34,26,0.862374,0.010405,0.9995,ok,-0.006851492289080663,0.6790870258750416,0.999891265718676,26,-0.05393820325058052,-0.0016233761325063338,1,500000.0,2023-01_2025-06
3,C3 Hybrid,2024-05,2024-05-31,P_selected,CMT,0.02269902044208793,BUY,0.9876371200474987,0.9876371200474987,0.9876371200474987,3652362.7,1.0,1,exclude,1,34,26,0.862374,0.010405,0.9995,ok,-0.006851492289080663,0.6790870258750416,0.999891265718676,26,-0.1103448275862069,-0.0025047194970579784,1,500000.0,2023-01_2025-06
3,C3 Hybrid,2024-05,2024-05-31,P_selected,CIH,0.02054952323445251,BUY,0.4329013598013931,0.4329013598013931,0.4329013598013931,1201983.5025000004,0.9999997573719641,1,exclude,1,34,26,0.862374,0.010405,0.9995,ok,-0.006851492289080663,0.6790870258750416,0.999891265718676,26,0.01437908496732021,0.00029548334062611345,1,500000.0,2023-01_2025-06
3,C3 Hybrid,2024-05,2024-05-31,P_selected,GAZ,0.019610165303164305,NEUTRAL,0.06927288609937028,0.06927288609937028,0.03463644304968514,14083571.45,1.0,1,exclude,1,34,26,0.862374,0.010405,0.9995,ok,-0.006851492289080663,0.6790870258750416,0.999891265718676,26,-0.04878048780487809,-0.0009565934294226498,1,500000.0,2023-01_2025-06
3,C3 Hybrid,2024-05,2024-05-31,P_selected,SMI,0.01528190730837836,BUY,0.4282971910496802,0.4282971910496802,0.4282971910496802,2533510.5,0.9999999999999998,1,exclude,1,34,26,0.862374,0.010405,0.9995,ok,-0.006851492289080663,0.6790870258750416,0.999891265718676,26,-0.01673640167364021,-0.0002557641390523582,1,500000.0,2023-01_2025-06
3,C3 Hybrid,2024-05,2024-05-31,P_selected,ARD,0.014243927568831204,BUY,0.6664734731885138,0.6664734731885138,0.6664734731885138,1972050.2199999995,0.9999999999989186,1,exclude,1,34,26,0.862374,0.010405,0.9995,ok,-0.006851492289080663,0.6790870258750416,0.999891265718676,26,0.04166666666666674,0.0005934969820346346,1,500000.0,2023-01_2025-06
3,C3 Hybrid,2024-05,2024-05-31,P_selected,LES,0.012812167465453677,NEUTRAL,0.14689731657264932,0.14689731657264932,0.07344865828632466,7936371.455,1.0,1,exclude,1,34,26,0.862374,0.010405,0.9995,ok,-0.006851492289080663,0.6790870258750416,0.999891265718676,26,0.08303249097472931,0.0010638261794420028,1,500000.0,2023-01_2025-06
3,C3 Hybrid,2024-05,2024-05-31,P_selected,EQD,0.009773717671287032,NEUTRAL,0.2039969734296315,0.2039969734296315,0.10199848671481575,1168745.5,0.9999995870454972,1,exclude,1,34,26,0.862374,0.010405,0.9995,ok,-0.006851492289080663,0.6790870258750416,0.999891265718676,26,-0.10338983050847461,-0.0010105030134720495,1,500000.0,2023-01_2025-06
3,C3 Hybrid,2024-05,2024-05-31,P_selected,MNG,0.008659187426662496,BUY,0.3853290054446337,0.3853290054446337,0.3853290054446337,5557865.45,1.0,1,exclude,1,34,26,0.862374,0.010405,0.9995,ok,-0.006851492289080663,0.6790870258750416,0.999891265718676,26,0.08225108225108224,0.0007122275372579541,1,500000.0,2023-01_2025-06
3,C3 Hybrid,2024-05,2024-05-31,P_selected,SID,0.006302825017660084,BUY,0.4813032693597751,0.4813032693597751,0.4813032693597751,2427413.0650000004,0.9999999999999993,1,exclude,1,34,26,0.862374,0.010405,0.9995,ok,-0.006851492289080663,0.6790870258750416,0.999891265718676,26,0.01833740831295838,0.00011557747587396208,1,500000.0,2023-01_2025-06
3,C3 Hybrid,2024-05,2024-05-31,P_selected,LBV,0.005856503584776204,BUY,0.24110190641322823,0.24110190641322823,0.24110190641322823,10725821.85,1.0,1,exclude,1,34,26,0.862374,0.010405,0.9995,ok,-0.006851492289080663,0.6790870258750416,0.999891265718676,26,0.0452380952380953,0.00026493706693035246,1,500000.0,2023-01_2025-06
3,C3 Hybrid,2024-05,2024-05-31,P_selected,SLF,0.005779833248517129,NEUTRAL,0.09559031408721633,0.09559031408721633,0.047795157043608164,635725.525,0.9979164749800901,1,exclude,1,34,26,0.862374,0.010405,0.9995,ok,-0.006851492289080663,0.6790870258750416,0.999891265718676,26,-0.09999999999999998,-0.0005779833248517127,1,500000.0,2023-01_2025-06
3,C3 Hybrid,2024-05,2024-05-31,P_selected,BCP,0.0029981886287828593,BUY,0.6750381081251152,0.6750381081251152,0.6750381081251152,14493002.694999998,1.0,1,exclude,1,34,26,0.862374,0.010405,0.9995,ok,-0.006851492289080663,0.6790870258750416,0.999891265718676,26,0.006802721088435382,2.0395841012128317e-05,1,500000.0,2023-01_2025-06
3,C3 Hybrid,2024-05,2024-05-31,P_selected,CMA,0.0016548904717264205,NEUTRAL,-0.16554079508237074,-0.16554079508237074,-0.08277039754118537,12763053.1,1.0,1,exclude,1,34,26,0.862374,0.010405,0.9995,ok,-0.006851492289080663,0.6790870258750416,0.999891265718676,26,0.025352112676056304,4.1954969705740183e-05,1,500000.0,2023-01_2025-06
3,C3 Hybrid,2024-05,2024-05-31,P_selected,ATL,0.0015404027366658771,NEUTRAL,-0.06494446121859593,-0.06494446121859593,-0.032472230609297964,1528024.295,0.999999998683631,1,exclude,1,34,26,0.862374,0.010405,0.9995,ok,-0.006851492289080663,0.6790870258750416,0.999891265718676,26,-0.07627711686494054,-0.00011749747956373734,1,500000.0,2023-01_2025-06
3,C3 Hybrid,2024-05,2024-05-31,P_selected,LHM,0.0011200447575331247,NEUTRAL,-0.10825102704207232,-0.10825102704207232,-0.05412551352103616,6528756.1,1.0,1,exclude,1,34,26,0.862374,0.010405,0.9995,ok,-0.006851492289080663,0.6790870258750416,0.999891265718676,26,-0.035532994923857864,-3.9798544683918134e-05,1,500000.0,2023-01_2025-06
3,C3 Hybrid,2024-05,2024-05-31,P_selected,ATW,0.0011180655661714191,NEUTRAL,0.18634576634712696,0.18634576634712696,0.09317288317356348,24880829.09,1.0,1,exclude,1,34,26,0.862374,0.010405,0.9995,ok,-0.006851492289080663,0.6790870258750416,0.999891265718676,26,0.000970873786407811,1.0855005496810386e-06,1,500000.0,2023-01_2025-06
3,C3 Hybrid,2024-05,2024-05-31,P_selected,TMA,0.0007673907704606185,NEUTRAL,0.055677508374725,0.055677508374725,0.0278387541873625,1126346.1,0.9999991861895933,1,exclude,1,34,26,0.862374,0.010405,0.9995,ok,-0.006851492289080663,0.6790870258750416,0.999891265718676,26,-0.0007246376811593791,-5.56080268449692e-07,1,500000.0,2023-01_2025-06
3,C3 Hybrid,2024-05,2024-05-31,P_selected,DHO,0.00011681398452246953,BUY,0.33473255596431734,0.33473255596431734,0.33473255596431734,2500229.9525,0.9999999999999998,1,exclude,1,34,26,0.862374,0.010405,0.9995,ok,-0.006851492289080663,0.6790870258750416,0.999891265718676,26,0.0006126199714111547,7.156257985857835e-08,1,500000.0,2023-01_2025-06
3,C3 Hybrid,2024-06,2024-06-28,P_selected,CFG,0.3610328641371246,BUY,0.5692756731202535,0.5692756731202535,0.5692756731202535,10786535.65,1.0,1,exclude,1,32,29,0.972734,0.010694,0.9998,ok,0.11011370503105677,0.4118356274230064,0.9999151745869828,29,0.09375,0.03384683101285543,1,500000.0,2023-01_2025-06
3,C3 Hybrid,2024-06,2024-06-28,P_selected,AKT,0.12930591119092766,BUY,0.6476159430291879,0.6476159430291879,0.6476159430291879,5041155.0649999995,1.0,1,exclude,1,32,29,0.972734,0.010694,0.9998,ok,0.11011370503105677,0.4118356274230064,0.9999151745869828,29,0.3632416787264834,0.046969296250250134,1,500000.0,2023-01_2025-06
3,C3 Hybrid,2024-06,2024-06-28,P_selected,JET,0.09075167396033863,BUY,2.38725702299894,2.38725702299894,2.38725702299894,1279827.9049999998,0.9999999301731024,1,exclude,1,32,29,0.972734,0.010694,0.9998,ok,0.11011370503105677,0.4118356274230064,0.9999151745869828,29,0.10086956521739121,0.009154081895129802,1,500000.0,2023-01_2025-06
3,C3 Hybrid,2024-06,2024-06-28,P_selected,ADI,0.08745897076673356,BUY,1.8791104072259783,1.8791104072259783,1.8791104072259783,5185035.925,1.0,1,exclude,1,32,29,0.972734,0.010694,0.9998,ok,0.11011370503105677,0.4118356274230064,0.9999151745869828,29,0.07390771743568791,0.0064638928986438336,1,500000.0,2023-01_2025-06
3,C3 Hybrid,2024-06,2024-06-28,P_selected,RDS,0.0687697012513115,BUY,2.7665701432024825,2.7665701432024825,2.7665701432024825,5495935.9745,1.0,1,exclude,1,32,29,0.972734,0.010694,0.9998,ok,0.11011370503105677,0.4118356274230064,0.9999151745869828,29,0.10626185958254286,0.0073075963379002845,1,500000.0,2023-01_2025-06
3,C3 Hybrid,2024-06,2024-06-28,P_selected,DHO,0.04862145358907223,BUY,0.5559473510090968,0.5559473510090968,0.5559473510090968,580121.4380000001,0.9949431558763042,1,exclude,1,32,29,0.972734,0.010694,0.9998,ok,0.11011370503105677,0.4118356274230064,0.9999151745869828,29,0.08163265306122458,0.003969098252169166,1,500000.0,2023-01_2025-06
3,C3 Hybrid,2024-06,2024-06-28,P_selected,CIH,0.040967021601949184,BUY,0.5315075059124774,0.5315075059124774,0.5315075059124774,5399980.12,1.0,1,exclude,1,32,29,0.972734,0.010694,0.9998,ok,0.11011370503105677,0.4118356274230064,0.9999151745869828,29,0.030927835051546282,0.0012670212866582177,1,500000.0,2023-01_2025-06
3,C3 Hybrid,2024-06,2024-06-28,P_selected,BOA,0.03637205123812618,BUY,0.35790848480204984,0.35790848480204984,0.35790848480204984,1167701.4,0.9999995800889021,1,exclude,1,32,29,0.972734,0.010694,0.9998,ok,0.11011370503105677,0.4118356274230064,0.9999151745869828,29,0.015471892728210479,0.0005627444750612634,1,500000.0,2023-01_2025-06
3,C3 Hybrid,2024-06,2024-06-28,P_selected,BCP,0.025789053030528395,BUY,0.6723862360763734,0.6723862360763734,0.6723862360763734,57204545.892500006,1.0,1,exclude,1,32,29,0.972734,0.010694,0.9998,ok,0.11011370503105677,0.4118356274230064,0.9999151745869828,29,0.04391891891891886,0.0011326273290434752,1,500000.0,2023-01_2025-06
3,C3 Hybrid,2024-06,2024-06-28,P_selected,MUT,0.02463121880505148,BUY,0.4918387664373852,0.4918387664373852,0.4918387664373852,3076140.6574999997,1.0,1,exclude,1,32,29,0.972734,0.010694,0.9998,ok,0.11011370503105677,0.4118356274230064,0.9999151745869828,29,0.018885741265344702,0.0004651788254022952,1,500000.0,2023-01_2025-06
3,C3 Hybrid,2024-06,2024-06-28,P_selected,CSR,0.023487336530664746,NEUTRAL,-0.01799309681943849,-0.01799309681943849,-0.008996548409719245,2088093.2025,0.999999999999831,1,exclude,1,32,29,0.972734,0.010694,0.9998,ok,0.11011370503105677,0.4118356274230064,0.9999151745869828,29,-0.025261546312834837,-0.000593326439534525,1,500000.0,2023-01_2025-06
3,C3 Hybrid,2024-06,2024-06-28,P_selected,ARD,0.010826967607741383,BUY,0.9119493322756321,0.9119493322756321,0.9119493322756321,1975660.815,0.9999999999989793,1,exclude,1,32,29,0.972734,0.010694,0.9998,ok,0.11011370503105677,0.4118356274230064,0.9999151745869828,29,0.03180000000000005,0.00034429756992617654,1,500000.0,2023-01_2025-06
3,C3 Hybrid,2024-06,2024-06-28,P_selected,TQM,0.00974773114556754,NEUTRAL,0.21191100155387432,0.21191100155387432,0.10595550077693716,2885243.25,1.0,1,exclude,1,32,29,0.972734,0.010694,0.9998,ok,0.11011370503105677,0.4118356274230064,0.9999151745869828,29,-0.021029731689630182,-0.00020499217057393682,1,500000.0,2023-01_2025-06
3,C3 Hybrid,2024-06,2024-06-28,P_selected,GAZ,0.00883804785224571,NEUTRAL,-0.11138231442986442,-0.11138231442986442,-0.05569115721493221,3847603.45,1.0,1,exclude,1,32,29,0.972734,0.010694,0.9998,ok,0.11011370503105677,0.4118356274230064,0.9999151745869828,29,0.0,0.0,1,500000.0,2023-01_2025-06
3,C3 Hybrid,2024-06,2024-06-28,P_selected,SLF,0.00752603095572872,NEUTRAL,0.12652719924757977,0.12652719924757977,0.06326359962378988,1211269.0,0.9999997908688374,1,exclude,1,32,29,0.972734,0.010694,0.9998,ok,0.11011370503105677,0.4118356274230064,0.9999151745869828,29,0.05461393596986808,0.00041102617272341336,1,500000.0,2023-01_2025-06
3,C3 Hybrid,2024-06,2024-06-28,P_selected,ATL,0.0053949911325566445,NEUTRAL,0.0891379297093523,0.0891379297093523,0.04456896485467615,847930.515,0.9999299960050232,1,exclude,1,32,29,0.972734,0.010694,0.9998,ok,0.11011370503105677,0.4118356274230064,0.9999151745869828,29,0.007575757575757569,4.087114494361091e-05,1,500000.0,2023-01_2025-06
3,C3 Hybrid,2024-06,2024-06-28,P_selected,LES,0.004294227025963521,BUY,0.288262751520107,0.288262751520107,0.288262751520107,4144134.3775,1.0,1,exclude,1,32,29,0.972734,0.010694,0.9998,ok,0.11011370503105677,0.4118356274230064,0.9999151745869828,29,-0.06666666666666665,-0.00028628180173090133,1,500000.0,2023-01_2025-06
3,C3 Hybrid,2024-06,2024-06-28,P_selected,EQD,0.004185265895287572,NEUTRAL,0.17194091906426995,0.17194091906426995,0.08597045953213497,770187.45,0.9997571926037381,1,exclude,1,32,29,0.972734,0.010694,0.9998,ok,0.11011370503105677,0.4118356274230064,0.9999151745869828,29,0.05954631379962194,0.00024921715633564943,1,500000.0,2023-01_2025-06
3,C3 Hybrid,2024-06,2024-06-28,P_selected,CMT,0.004054872677893362,BUY,0.9188008706045492,0.9188008706045492,0.9188008706045492,1303764.45,0.999999952390392,1,exclude,1,32,29,0.972734,0.010694,0.9998,ok,0.11011370503105677,0.4118356274230064,0.9999151745869828,29,0.24031007751937983,0.0009744267675557692,1,500000.0,2023-01_2025-06
3,C3 Hybrid,2024-06,2024-06-28,P_selected,ATW,0.002724890892465171,NEUTRAL,0.12633474279127993,0.12633474279127993,0.06316737139563997,20494429.509999998,1.0,1,exclude,1,32,29,0.972734,0.010694,0.9998,ok,0.11011370503105677,0.4118356274230064,0.9999151745869828,29,0.07662463627546079,0.00020879377352545946,1,500000.0,2023-01_2025-06
3,C3 Hybrid,2024-06,2024-06-28,P_selected,ADH,0.0013319074737605878,BUY,1.718241446847668,1.718241446847668,1.718241446847668,9873937.295,1.0,1,exclude,1,32,29,0.972734,0.010694,0.9998,ok,0.11011370503105677,0.4118356274230064,0.9999151745869828,29,0.056803170409511106,7.565656720172411e-05,1,500000.0,2023-01_2025-06
3,C3 Hybrid,2024-06,2024-06-28,P_selected,TGC,0.0012052653510460738,NEUTRAL,0.15751257212299782,0.15751257212299782,0.07875628606149891,3624537.825,1.0,1,exclude,1,32,29,0.972734,0.010694,0.9998,ok,0.11011370503105677,0.4118356274230064,0.9999151745869828,29,0.10000000000000009,0.00012052653510460748,1,500000.0,2023-01_2025-06
3,C3 Hybrid,2024-06,2024-06-28,P_selected,LBV,0.000758397300789889,BUY,0.26130916088199285,0.26130916088199285,0.26130916088199285,7641962.75,1.0,1,exclude,1,32,29,0.972734,0.010694,0.9998,ok,0.11011370503105677,0.4118356274230064,0.9999151745869828,29,0.036446469248291535,2.7640903901225996e-05,1,500000.0,2023-01_2025-06
3,C3 Hybrid,2024-06,2024-06-28,P_selected,IAM,0.000728213168550638,BUY,0.23178202013010896,0.23178202013010896,0.23178202013010896,12980278.3465,1.0,1,exclude,1,32,29,0.972734,0.010694,0.9998,ok,0.11011370503105677,0.4118356274230064,0.9999151745869828,29,0.0011049723756906271,8.046554348625975e-07,1,500000.0,2023-01_2025-06
3,C3 Hybrid,2024-06,2024-06-28,P_selected,HPS,0.00044128896617595854,NEUTRAL,0.015406624225172375,0.015406624225172375,0.007703312112586187,3264715.725,1.0,1,exclude,1,32,29,0.972734,0.010694,0.9998,ok,0.11011370503105677,0.4118356274230064,0.9999151745869828,29,-0.0019230769230769162,-8.486326272614557e-07,1,500000.0,2023-01_2025-06
3,C3 Hybrid,2024-06,2024-06-28,P_selected,TMA,0.00028982563759869906,NEUTRAL,-0.13000323543522382,-0.13000323543522382,-0.06500161771761191,1394228.95,0.9999999888034844,1,exclude,1,32,29,0.972734,0.010694,0.9998,ok,0.11011370503105677,0.4118356274230064,0.9999151745869828,29,0.047860768672951304,1.3871277796601953e-05,1,500000.0,2023-01_2025-06
3,C3 Hybrid,2024-06,2024-06-28,P_selected,SBM,0.00014028981561472,NEUTRAL,-0.1273113279829205,-0.1273113279829205,-0.06365566399146025,2489899.15,0.9999999999999998,1,exclude,1,32,29,0.972734,0.010694,0.9998,ok,0.11011370503105677,0.4118356274230064,0.9999151745869828,29,0.07390771743568814,1.0368500051557516e-05,1,500000.0,2023-01_2025-06
3,C3 Hybrid,2024-06,2024-06-28,P_selected,BCI,0.0001332524948796498,BUY,0.7254631840370367,0.7254631840370367,0.7254631840370367,1452346.49,0.9999999955818459,1,exclude,1,32,29,0.972734,0.010694,0.9998,ok,0.11011370503105677,0.4118356274230064,0.9999151745869828,29,0.04132231404958686,5.506301441307855e-06,1,500000.0,2023-01_2025-06
3,C3 Hybrid,2024-06,2024-06-28,P_selected,SID,0.00010645309128890263,BUY,0.5022322935730785,0.5022322935730785,0.5022322935730785,1999560.55,0.9999999999993037,1,exclude,1,32,29,0.972734,0.010694,0.9998,ok,0.11011370503105677,0.4118356274230064,0.9999151745869828,29,0.09831932773109231,1.0466396370421505e-05,1,500000.0,2023-01_2025-06
3,C3 Hybrid,2024-07,2024-07-31,P_selected,CFG,0.33614701793039864,BUY,0.6716159271432508,0.6716159271432508,0.6716159271432508,5355231.279999999,1.0,1,exclude,1,28,26,1.119898,0.00998,1.0,ok,0.018488079180169592,0.47604415318462756,0.9999448641672157,26,0.0,0.0,1,500000.0,2023-01_2025-06
3,C3 Hybrid,2024-07,2024-07-31,P_selected,AKT,0.16855797035173214,BUY,0.7820060087683636,0.7820060087683636,0.7820060087683636,42614810.38,1.0,1,exclude,1,28,26,1.119898,0.00998,1.0,ok,0.018488079180169592,0.47604415318462756,0.9999448641672157,26,0.03835470085470094,0.006464990529516237,1,500000.0,2023-01_2025-06
3,C3 Hybrid,2024-07,2024-07-31,P_selected,IMO,0.14420784442064047,BUY,0.6601401953662621,0.6601401953662621,0.6601401953662621,835648.4675,0.9999147958731212,1,exclude,1,28,26,1.119898,0.00998,1.0,ok,0.018488079180169592,0.47604415318462756,0.9999448641672157,26,-0.006244616709732975,-0.0009005227149437047,1,500000.0,2023-01_2025-06
3,C3 Hybrid,2024-07,2024-07-31,P_selected,JET,0.09014025529635902,BUY,3.0216805110532396,3.0216805110532396,3.0216805110532396,2106353.9349999996,0.9999999999998739,1,exclude,1,28,26,1.119898,0.00998,1.0,ok,0.018488079180169592,0.47604415318462756,0.9999448641672157,26,0.20634920634920628,0.018600370140518522,1,500000.0,2023-01_2025-06
3,C3 Hybrid,2024-07,2024-07-31,P_selected,ADI,0.0626737813119738,BUY,2.6674158076938435,2.6674158076938435,2.6674158076938435,7709388.527499999,1.0,1,exclude,1,28,26,1.119898,0.00998,1.0,ok,0.018488079180169592,0.47604415318462756,0.9999448641672157,26,0.026974951830443183,0.0016906222319222235,1,500000.0,2023-01_2025-06
3,C3 Hybrid,2024-07,2024-07-31,P_selected,RDS,0.05332257952875082,BUY,3.158498188877273,3.158498188877273,3.158498188877273,4223484.5695,1.0,1,exclude,1,28,26,1.119898,0.00998,1.0,ok,0.018488079180169592,0.47604415318462756,0.9999448641672157,26,-0.10877192982456141,-0.005799999878565879,1,500000.0,2023-01_2025-06
3,C3 Hybrid,2024-07,2024-07-31,P_selected,MUT,0.044289369932773104,BUY,0.5382793220613865,0.5382793220613865,0.5382793220613865,2142718.98,0.9999999999999296,1,exclude,1,28,26,1.119898,0.00998,1.0,ok,0.018488079180169592,0.47604415318462756,0.9999448641672157,26,0.0074349442379182396,0.0003292889957827007,1,500000.0,2023-01_2025-06
3,C3 Hybrid,2024-07,2024-07-31,P_selected,CIH,0.024073885907669134,BUY,0.3090907134350295,0.3090907134350295,0.3090907134350295,3803244.8850000002,1.0,1,exclude,1,28,26,1.119898,0.00998,1.0,ok,0.018488079180169592,0.47604415318462756,0.9999448641672157,26,0.004901960784313708,0.0001180092446454365,1,500000.0,2023-01_2025-06
3,C3 Hybrid,2024-07,2024-07-31,P_selected,DHO,0.01662127721560596,BUY,0.4076358932259646,0.4076358932259646,0.4076358932259646,2963079.602,1.0,1,exclude,1,28,26,1.119898,0.00998,1.0,ok,0.018488079180169592,0.47604415318462756,0.9999448641672157,26,-0.06454630495790459,-0.0010728420279483735,1,500000.0,2023-01_2025-06
3,C3 Hybrid,2024-07,2024-07-31,P_selected,ATH,0.015461231944433754,BUY,0.22690823957261316,0.22690823957261316,0.22690823957261316,668352.7654999999,0.9987627724403259,1,exclude,1,28,26,1.119898,0.00998,1.0,ok,0.018488079180169592,0.47604415318462756,0.9999448641672157,26,0.014411764705882346,0.00022282363684625106,1,500000.0,2023-01_2025-06
3,C3 Hybrid,2024-07,2024-07-31,P_selected,ARD,0.009037481964457757,BUY,0.44126231035116115,0.44126231035116115,0.44126231035116115,4326607.075,1.0,1,exclude,1,28,26,1.119898,0.00998,1.0,ok,0.018488079180169592,0.47604415318462756,0.9999448641672157,26,-0.025242718446601975,-0.00022813061269505046,1,500000.0,2023-01_2025-06
3,C3 Hybrid,2024-07,2024-07-31,P_selected,BCP,0.007697198444139873,NEUTRAL,-0.08793418077934977,-0.08793418077934977,-0.04396709038967488,18421993.2525,1.0,1,exclude,1,28,26,1.119898,0.00998,1.0,ok,0.018488079180169592,0.47604415318462756,0.9999448641672157,26,0.014843497902549352,0.00011425334896109634,1,500000.0,2023-01_2025-06
3,C3 Hybrid,2024-07,2024-07-31,P_selected,BCI,0.006414642499465012,BUY,0.2533191420728923,0.2533191420728923,0.2533191420728923,689026.835,0.9991109160006613,1,exclude,1,28,26,1.119898,0.00998,1.0,ok,0.018488079180169592,0.47604415318462756,0.9999448641672157,26,0.03015873015873005,0.00019345747220608696,1,500000.0,2023-01_2025-06
3,C3 Hybrid,2024-07,2024-07-31,P_selected,ADH,0.004545804331846066,BUY,2.885053724423492,2.885053724423492,2.885053724423492,8394013.4945,1.0,1,exclude,1,28,26,1.119898,0.00998,1.0,ok,0.018488079180169592,0.47604415318462756,0.9999448641672157,26,-0.00990099009900991,-4.5007963681644254e-05,1,500000.0,2023-01_2025-06
3,C3 Hybrid,2024-07,2024-07-31,P_selected,MSA,0.004277494268346176,NEUTRAL,-0.15516255553963262,-0.15516255553963262,-0.07758127776981631,12287368.125000002,1.0,1,exclude,1,28,26,1.119898,0.00998,1.0,ok,0.018488079180169592,0.47604415318462756,0.9999448641672157,26,0.021333333333333426,9.125321105805214e-05,1,500000.0,2023-01_2025-06
3,C3 Hybrid,2024-07,2024-07-31,P_selected,MNG,0.003239266019002709,NEUTRAL,0.06075497480944614,0.06075497480944614,0.03037748740472307,1193799.85,0.9999997234288919,1,exclude,1,28,26,1.119898,0.00998,1.0,ok,0.018488079180169592,0.47604415318462756,0.9999448641672157,26,0.03967670830271852,0.00012852341295087875,1,500000.0,2023-01_2025-06
3,C3 Hybrid,2024-07,2024-07-31,P_selected,ATW,0.0029348385226620616,NEUTRAL,-0.19460654687225304,-0.19460654687225304,-0.09730327343612652,22387000.455000002,1.0,1,exclude,1,28,26,1.119898,0.00998,1.0,ok,0.018488079180169592,0.47604415318462756,0.9999448641672157,26,-0.016606498194945973,-4.873739062904543e-05,1,500000.0,2023-01_2025-06
3,C3 Hybrid,2024-07,2024-07-31,P_selected,IAM,0.0020428910033492404,NEUTRAL,0.03229751733119879,0.03229751733119879,0.016148758665599394,8428432.7605,1.0,1,exclude,1,28,26,1.119898,0.00998,1.0,ok,0.018488079180169592,0.47604415318462756,0.9999448641672157,26,0.025652317516239087,5.240488866898296e-05,1,500000.0,2023-01_2025-06
3,C3 Hybrid,2024-07,2024-07-31,P_selected,CDM,0.0008172330914186946,NEUTRAL,-0.12891551282610508,-0.12891551282610508,-0.06445775641305254,517466.06000000006,0.9863390257226371,1,exclude,1,28,26,1.119898,0.00998,1.0,ok,0.018488079180169592,0.47604415318462756,0.9999448641672157,26,0.013627660772609573,1.1136975342004997e-05,1,500000.0,2023-01_2025-06
3,C3 Hybrid,2024-07,2024-07-31,P_selected,TGC,0.0007795198493064984,BUY,0.32698161940132797,0.32698161940132797,0.32698161940132797,5667767.225,1.0,1,exclude,1,28,26,1.119898,0.00998,1.0,ok,0.018488079180169592,0.47604415318462756,0.9999448641672157,26,0.09300291545189499,7.24976186381262e-05,1,500000.0,2023-01_2025-06
3,C3 Hybrid,2024-07,2024-07-31,P_selected,ATL,0.0007478625887065832,NEUTRAL,-0.05699895847604053,-0.05699895847604053,-0.028499479238020264,1079763.275,0.9999982852000215,1,exclude,1,28,26,1.119898,0.00998,1.0,ok,0.018488079180169592,0.47604415318462756,0.9999448641672157,26,-0.0071455434373823845,-5.343884612796127e-06,1,500000.0,2023-01_2025-06
3,C3 Hybrid,2024-07,2024-07-31,P_selected,LBV,0.000637150697916934,NEUTRAL,-0.053433941346243345,-0.053433941346243345,-0.026716970673121673,11614603.35,1.0,1,exclude,1,28,26,1.119898,0.00998,1.0,ok,0.018488079180169592,0.47604415318462756,0.9999448641672157,26,-0.022826086956521774,-1.4543657235060474e-05,1,500000.0,2023-01_2025-06
3,C3 Hybrid,2024-07,2024-07-31,P_selected,CMT,0.0005811793906752504,BUY,0.6698917771753554,0.6698917771753554,0.6698917771753554,3454765.85,1.0,1,exclude,1,28,26,1.119898,0.00998,1.0,ok,0.018488079180169592,0.47604415318462756,0.9999448641672157,26,0.07571964956195254,4.400669979455907e-05,1,500000.0,2023-01_2025-06
3,C3 Hybrid,2024-07,2024-07-31,P_selected,BOA,0.0004014880776469408,NEUTRAL,0.1172327835915167,0.1172327835915167,0.05861639179575835,1744501.3225000002,0.9999999999587768,1,exclude,1,28,26,1.119898,0.00998,1.0,ok,0.018488079180169592,0.47604415318462756,0.9999448641672157,26,-0.020158203623373283,-8.093278421563736e-06,1,500000.0,2023-01_2025-06
3,C3 Hybrid,2024-07,2024-07-31,P_selected,TQM,0.00019187055554314335,NEUTRAL,-0.06405601224580754,-0.06405601224580754,-0.03202800612290377,1628791.3,0.9999999997374713,1,exclude,1,28,26,1.119898,0.00998,1.0,ok,0.018488079180169592,0.47604415318462756,0.9999448641672157,26,-0.034431137724550864,-6.606321523192055e-06,1,500000.0,2023-01_2025-06
3,C3 Hybrid,2024-07,2024-07-31,P_selected,LHM,0.00010372902239591734,NEUTRAL,-0.08964641999531459,-0.08964641999531459,-0.04482320999765729,2410930.8,0.9999999999999991,1,exclude,1,28,26,1.119898,0.00998,1.0,ok,0.018488079180169592,0.47604415318462756,0.9999448641672157,26,-0.022130725681935193,-2.2955985398993584e-06,1,500000.0,2023-01_2025-06
3,C3 Hybrid,2024-08,2024-08-30,P_selected,IMO,0.15506555686255144,BUY,0.6274547050469822,0.6274547050469822,0.6274547050469822,625743.8495,0.9975565590873477,1,exclude,1,30,23,0.972808,0.010829,0.999,ok,0.06566438659815077,0.7843202749111884,0.9997969803152685,23,-0.0010869565217390686,-0.00016854951832885067,1,500000.0,2023-01_2025-06
3,C3 Hybrid,2024-08,2024-08-30,P_selected,AKT,0.14869580766266227,BUY,0.654677507118772,0.654677507118772,0.654677507118772,11937530.819999998,1.0,1,exclude,1,30,23,0.972808,0.010829,0.999,ok,0.06566438659815077,0.7843202749111884,0.9997969803152685,23,0.10412371134020626,0.015482759354565877,1,500000.0,2023-01_2025-06
3,C3 Hybrid,2024-08,2024-08-30,P_selected,SRM,0.1178818959601358,BUY,2.435292377156357,2.435292377156357,2.435292377156357,699615.595,0.9992493720460492,1,exclude,1,30,23,0.972808,0.010829,0.999,ok,0.06566438659815077,0.7843202749111884,0.9997969803152685,23,0.039775280898876275,0.00468878552470651,1,500000.0,2023-01_2025-06
3,C3 Hybrid,2024-08,2024-08-30,P_selected,BOA,0.09493018547905488,BUY,0.2414839165978686,0.2414839165978686,0.2414839165978686,1152916.4300000002,0.9999994680218457,1,exclude,1,30,23,0.972808,0.010829,0.999,ok,0.06566438659815077,0.7843202749111884,0.9997969803152685,23,0.005208333333333259,0.0004944280493700705,1,500000.0,2023-01_2025-06
3,C3 Hybrid,2024-08,2024-08-30,P_selected,JET,0.08653088537123356,BUY,2.355413201428097,2.355413201428097,2.355413201428097,2660410.56,1.0,1,exclude,1,30,23,0.972808,0.010829,0.999,ok,0.06566438659815077,0.7843202749111884,0.9997969803152685,23,0.2894736842105263,0.025048414186409716,1,500000.0,2023-01_2025-06
3,C3 Hybrid,2024-08,2024-08-30,P_selected,MUT,0.07619610112045243,BUY,0.6059357289974137,0.6059357289974137,0.6059357289974137,1384733.2650000001,0.9999999869663616,1,exclude,1,30,23,0.972808,0.010829,0.999,ok,0.06566438659815077,0.7843202749111884,0.9997969803152685,23,0.10781771026306042,0.008215289153779793,1,500000.0,2023-01_2025-06
3,C3 Hybrid,2024-08,2024-08-30,P_selected,ADI,0.068631637524386,BUY,1.8640993486890984,1.8640993486890984,1.8640993486890984,8788463.7425,1.0,1,exclude,1,30,23,0.972808,0.010829,0.999,ok,0.06566438659815077,0.7843202749111884,0.9997969803152685,23,0.10201296485841005,0.0070013168269503255,1,500000.0,2023-01_2025-06
3,C3 Hybrid,2024-08,2024-08-30,P_selected,CFG,0.06586070211747988,NEUTRAL,-0.03627559673486341,-0.03627559673486341,-0.018137798367431707,2385816.995,0.9999999999999987,1,exclude,1,30,23,0.972808,0.010829,0.999,ok,0.06566438659815077,0.7843202749111884,0.9997969803152685,23,0.05617977528089879,0.003700039444802235,1,500000.0,2023-01_2025-06
3,C3 Hybrid,2024-08,2024-08-30,P_selected,ARD,0.0504590224834475,BUY,0.33653001792219517,0.33653001792219517,0.33653001792219517,538114.4,0.9901445896098349,1,exclude,1,30,23,0.972808,0.010829,0.999,ok,0.06566438659815077,0.7843202749111884,0.9997969803152685,23,0.0016122531237403592,8.135271661982326e-05,1,500000.0,2023-01_2025-06
3,C3 Hybrid,2024-08,2024-08-30,P_selected,ATH,0.04133664706055616,BUY,0.4327333284931485,0.4327333284931485,0.4327333284931485,1329046.1475,0.9999999682298412,1,exclude,1,30,23,0.972808,0.010829,0.999,ok,0.06566438659815077,0.7843202749111884,0.9997969803152685,23,0.051486584481508224,0.0021282827710656133,1,500000.0,2023-01_2025-06
3,C3 Hybrid,2024-08,2024-08-30,P_selected,ATL,0.019111708314776484,NEUTRAL,0.09774546095587064,0.09774546095587064,0.04887273047793532,803587.2175,0.9998576949827374,1,exclude,1,30,23,0.972808,0.010829,0.999,ok,0.06566438659815077,0.7843202749111884,0.9997969803152685,23,0.06832061068702289,0.0013057235833377823,1,500000.0,2023-01_2025-06
3,C3 Hybrid,2024-08,2024-08-30,P_selected,HPS,0.016906659879596393,NEUTRAL,-0.06990441063225755,-0.06990441063225755,-0.034952205316128776,6440034.385,1.0,1,exclude,1,30,23,0.972808,0.010829,0.999,ok,0.06566438659815077,0.7843202749111884,0.9997969803152685,23,-0.05861058438200306,-0.0009909092154909102,1,500000.0,2023-01_2025-06
3,C3 Hybrid,2024-08,2024-08-30,P_selected,RDS,0.014882925697527236,BUY,3.442131356041698,3.442131356041698,3.442131356041698,8610768.602000002,1.0,1,exclude,1,30,23,0.972808,0.010829,0.999,ok,0.06566438659815077,0.7843202749111884,0.9997969803152685,23,-0.0479899497487436,-0.0007142308563386168,1,500000.0,2023-01_2025-06
3,C3 Hybrid,2024-08,2024-08-30,P_selected,CSR,0.010686856936601208,NEUTRAL,-0.13904984020861647,-0.13904984020861647,-0.06952492010430823,2130327.6925,0.9999999999999141,1,exclude,1,30,23,0.972808,0.010829,0.999,ok,0.06566438659815077,0.7843202749111884,0.9997969803152685,23,0.036956521739130554,0.0003949490607004807,1,500000.0,2023-01_2025-06
3,C3 Hybrid,2024-08,2024-08-30,P_selected,SNP,0.009425339985299578,NEUTRAL,0.02003924878041599,0.02003924878041599,0.010019624390207996,671263.3200000001,0.998819001269447,1,exclude,1,30,23,0.972808,0.010829,0.999,ok,0.06566438659815077,0.7843202749111884,0.9997969803152685,23,-0.04206077681626075,-0.0003964371215390639,1,500000.0,2023-01_2025-06
3,C3 Hybrid,2024-08,2024-08-30,P_selected,BCI,0.00730939171462472,BUY,0.463261096271699,0.463261096271699,0.463261096271699,1334437.48,0.9999999708555025,1,exclude,1,30,23,0.972808,0.010829,0.999,ok,0.06566438659815077,0.7843202749111884,0.9997969803152685,23,-0.046875,-0.00034262773662303375,1,500000.0,2023-01_2025-06
3,C3 Hybrid,2024-08,2024-08-30,P_selected,TGC,0.006682400680831634,BUY,0.33398892876134556,0.33398892876134556,0.33398892876134556,7421795.1975,1.0,1,exclude,1,30,23,0.972808,0.010829,0.999,ok,0.06566438659815077,0.7843202749111884,0.9997969803152685,23,0.1306666666666667,0.0008731670222953338,1,500000.0,2023-01_2025-06
3,C3 Hybrid,2024-08,2024-08-30,P_selected,CIH,0.0036249816777663927,BUY,0.29736875741286994,0.29736875741286994,0.29736875741286994,1894588.4825,0.9999999999962654,1,exclude,1,30,23,0.972808,0.010829,0.999,ok,0.06566438659815077,0.7843202749111884,0.9997969803152685,23,-0.009708737864077666,-3.519399687151836e-05,1,500000.0,2023-01_2025-06
3,C3 Hybrid,2024-08,2024-08-30,P_selected,DHO,0.002534186447933008,BUY,0.2736206984029229,0.2736206984029229,0.2736206984029229,2298961.627,0.9999999999999942,1,exclude,1,30,23,0.972808,0.010829,0.999,ok,0.06566438659815077,0.7843202749111884,0.9997969803152685,23,0.16069641785071043,0.00040723468434865026,1,500000.0,2023-01_2025-06
3,C3 Hybrid,2024-08,2024-08-30,P_selected,GAZ,0.0012401315201660155,NEUTRAL,-0.16725326404772084,-0.16725326404772084,-0.08362663202386042,1181387.25,0.9999996626673621,1,exclude,1,30,23,0.972808,0.010829,0.999,ok,0.06566438659815077,0.7843202749111884,0.9997969803152685,23,-0.004708344232278283,-5.838966090240158e-06,1,500000.0,2023-01_2025-06
3,C3 Hybrid,2024-08,2024-08-30,P_selected,IAM,0.0011111462509607024,NEUTRAL,-0.08354869980642027,-0.08354869980642027,-0.041774349903210134,9434260.036,1.0,1,exclude,1,30,23,0.972808,0.010829,0.999,ok,0.06566438659815077,0.7843202749111884,0.9997969803152685,23,-0.005291005291005346,-5.879080692913831e-06,1,500000.0,2023-01_2025-06
3,C3 Hybrid,2024-08,2024-08-30,P_selected,BCP,0.00045692697068107737,NEUTRAL,-0.10221853435435203,-0.10221853435435203,-0.05110926717717602,16737158.877500001,1.0,1,exclude,1,30,23,0.972808,0.010829,0.999,ok,0.06566438659815077,0.7843202749111884,0.9997969803152685,23,-0.07129032258064527,-3.257447113565105e-05,1,500000.0,2023-01_2025-06
3,C3 Hybrid,2024-08,2024-08-30,P_selected,SMI,0.0002358825965442873,NEUTRAL,0.09543312061610157,0.09543312061610157,0.047716560308050784,748829.25,0.9996583110533012,1,exclude,1,30,23,0.972808,0.010829,0.999,ok,0.06566438659815077,0.7843202749111884,0.9997969803152685,23,0.05458715596330266,1.2876160086591808e-05,1,500000.0,2023-01_2025-06
3,C3 Hybrid,2024-09,2024-09-30,P_selected,IMO,0.26748115195873357,BUY,1.495125381671523,1.495125381671523,1.495125381671523,567851.988,0.9938530406721361,1,exclude,1,28,26,0.696728,0.01056,0.9983,ok,-0.013906134938915904,0.8388422585033254,0.9999445785586837,26,-0.026702702702702696,-0.007142469679330505,1,500000.0,2023-01_2025-06
3,C3 Hybrid,2024-09,2024-09-30,P_selected,CFG,0.21054969014020417,NEUTRAL,0.07506516117577941,0.07506516117577941,0.037532580587889705,6574180.4275,1.0,1,exclude,1,28,26,0.696728,0.01056,0.9983,ok,-0.013906134938915904,0.8388422585033254,0.9999445785586837,26,-0.021333333333333315,-0.004491726722991018,1,500000.0,2023-01_2025-06
3,C3 Hybrid,2024-09,2024-09-30,P_selected,AKT,0.09283746508947502,NEUTRAL,0.07936970129496446,0.07936970129496446,0.03968485064748223,19365557.67,1.0,1,exclude,1,28,26,0.696728,0.01056,0.9983,ok,-0.013906134938915904,0.8388422585033254,0.9999445785586837,26,-0.014312977099236623,-0.0013287805117768354,1,500000.0,2023-01_2025-06
3,C3 Hybrid,2024-09,2024-09-30,P_selected,BOA,0.05772525248754302,BUY,0.2546202035451955,0.2546202035451955,0.2546202035451955,2074999.1824999999,0.9999999999997917,1,exclude,1,28,26,0.696728,0.01056,0.9983,ok,-0.013906134938915904,0.8388422585033254,0.9999445785586837,26,-0.005235602094240788,-0.00030222645281435844,1,500000.0,2023-01_2025-06
3,C3 Hybrid,2024-09,2024-09-30,P_selected,MUT,0.05626762720901906,BUY,0.6156784106693151,0.6156784106693151,0.6156784106693151,4026016.7574999994,1.0,1,exclude,1,28,26,0.696728,0.01056,0.9983,ok,-0.013906134938915904,0.8388422585033254,0.9999445785586837,26,-0.002956636005256197,-0.000166362892536519,1,500000.0,2023-01_2025-06
3,C3 Hybrid,2024-09,2024-09-30,P_selected,ATH,0.051814638373347245,BUY,1.324442893811849,1.324442893811849,1.324442893811849,3843200.8329999996,1.0,1,exclude,1,28,26,0.696728,0.01056,0.9983,ok,-0.013906134938915904,0.8388422585033254,0.9999445785586837,26,-0.07521578298397036,-0.0038972785952825894,1,500000.0,2023-01_2025-06
3,C3 Hybrid,2024-09,2024-09-30,P_selected,NKL,0.04800654440974908,BUY,0.3228194837314525,0.3228194837314525,0.3228194837314525,961227.5684999998,0.9999885743818966,1,exclude,1,28,26,0.696728,0.01056,0.9983,ok,-0.013906134938915904,0.8388422585033254,0.9999445785586837,26,-0.028059701492537226,-0.0013470493058257908,1,500000.0,2023-01_2025-06
3,C3 Hybrid,2024-09,2024-09-30,P_selected,RDS,0.046830563339496596,BUY,2.034380846038077,2.034380846038077,2.034380846038077,7745901.719500001,1.0,1,exclude,1,28,26,0.696728,0.01056,0.9983,ok,-0.013906134938915904,0.8388422585033254,0.9999445785586837,26,-0.0004025224741714961,-1.885035422225913e-05,1,500000.0,2023-01_2025-06
3,C3 Hybrid,2024-09,2024-09-30,P_selected,ARD,0.042236651418887654,BUY,0.4168403235835933,0.4168403235835933,0.4168403235835933,1275026.855,0.9999999245978278,1,exclude,1,28,26,0.696728,0.01056,0.9983,ok,-0.013906134938915904,0.8388422585033254,0.9999445785586837,26,0.014227642276422703,0.000600927967341895,1,500000.0,2023-01_2025-06
3,C3 Hybrid,2024-09,2024-09-30,P_selected,DYT,0.019755911364087424,BUY,0.9636294865474022,0.9636294865474022,0.9636294865474022,680286.7925000001,0.9989776093235639,1,exclude,1,28,26,0.696728,0.01056,0.9983,ok,-0.013906134938915904,0.8388422585033254,0.9999445785586837,26,0.004444444444444473,8.780405050705579e-05,1,500000.0,2023-01_2025-06
3,C3 Hybrid,2024-09,2024-09-30,P_selected,TMA,0.01770320819360145,NEUTRAL,-0.05189554172733507,-0.05189554172733507,-0.025947770863667535,1311048.65,0.9999999576280159,1,exclude,1,28,26,0.696728,0.01056,0.9983,ok,-0.013906134938915904,0.8388422585033254,0.9999445785586837,26,-0.10588235294117643,-0.001874457338146035,1,500000.0,2023-01_2025-06
3,C3 Hybrid,2024-09,2024-09-30,P_selected,JET,0.0170666093094004,BUY,0.7003195985536317,0.7003195985536317,0.7003195985536317,4833471.675,1.0,1,exclude,1,28,26,0.696728,0.01056,0.9983,ok,-0.013906134938915904,0.8388422585033254,0.9999445785586837,26,0.5210584789415211,0.008892701487445377,1,500000.0,2023-01_2025-06
3,C3 Hybrid,2024-09,2024-09-30,P_selected,ATL,0.016970706918045874,NEUTRAL,-0.0579128749416061,-0.0579128749416061,-0.02895643747080305,2561443.6574999997,1.0,1,exclude,1,28,26,0.696728,0.01056,0.9983,ok,-0.013906134938915904,0.8388422585033254,0.9999445785586837,26,-0.06441165887009703,-0.0010931113847895667,1,500000.0,2023-01_2025-06
3,C3 Hybrid,2024-09,2024-09-30,P_selected,CDM,0.015954585760713586,NEUTRAL,-0.18469434181412536,-0.18469434181412536,-0.09234717090706268,1080495.3199999998,0.9999983051677929,1,exclude,1,28,26,0.696728,0.01056,0.9983,ok,-0.013906134938915904,0.8388422585033254,0.9999445785586837,26,0.03139013452914807,0.0005008165933856298,1,500000.0,2023-01_2025-06
3,C3 Hybrid,2024-09,2024-09-30,P_selected,MNG,0.009563813459077147,NEUTRAL,-0.10924066901149529,-0.10924066901149529,-0.054620334505747645,3542018.85,1.0,1,exclude,1,28,26,0.696728,0.01056,0.9983,ok,-0.013906134938915904,0.8388422585033254,0.9999445785586837,26,0.02230483271375472,0.00021331925931027161,1,500000.0,2023-01_2025-06
3,C3 Hybrid,2024-09,2024-09-30,P_selected,CSR,0.007708543238478062,NEUTRAL,-0.02763112964477049,-0.02763112964477049,-0.013815564822385246,6245298.715,1.0,1,exclude,1,28,26,0.696728,0.01056,0.9983,ok,-0.013906134938915904,0.8388422585033254,0.9999445785586837,26,0.015789473684210575,0.00012171384060754873,1,500000.0,2023-01_2025-06
3,C3 Hybrid,2024-09,2024-09-30,P_selected,CIH,0.007460606604847091,NEUTRAL,-0.023926101500341607,-0.023926101500341607,-0.011963050750170803,5326917.600000001,1.0,1,exclude,1,28,26,0.696728,0.01056,0.9983,ok,-0.013906134938915904,0.8388422585033254,0.9999445785586837,26,0.013732833957553092,0.00010245527172698901,1,500000.0,2023-01_2025-06
3,C3 Hybrid,2024-09,2024-09-30,P_selected,DHO,0.004887155005007348,NEUTRAL,0.0587034861964629,0.0587034861964629,0.02935174309823145,1223397.1755000001,0.99999982775621,1,exclude,1,28,26,0.696728,0.01056,0.9983,ok,-0.013906134938915904,0.8388422585033254,0.9999445785586837,26,-0.08260869565217388,-0.0004037215004136503,1,500000.0,2023-01_2025-06
3,C3 Hybrid,2024-09,2024-09-30,P_selected,HPS,0.0037594850800734075,NEUTRAL,-0.1832934821397102,-0.1832934821397102,-0.0916467410698551,4930110.465000001,1.0,1,exclude,1,28,26,0.696728,0.01056,0.9983,ok,-0.013906134938915904,0.8388422585033254,0.9999445785586837,26,0.011607142857142927,4.363688039370945e-05,1,500000.0,2023-01_2025-06
3,C3 Hybrid,2024-09,2024-09-30,P_selected,ADI,0.001919999726779085,BUY,1.4452072668648266,1.4452072668648266,1.4452072668648266,21969093.389999997,1.0,1,exclude,1,28,26,0.696728,0.01056,0.9983,ok,-0.013906134938915904,0.8388422585033254,0.9999445785586837,26,0.06209150326797386,0.00011921566930981246,1,500000.0,2023-01_2025-06
3,C3 Hybrid,2024-09,2024-09-30,P_selected,SOT,0.0015328527449568036,NEUTRAL,-0.21291273260607235,-0.21291273260607235,-0.10645636630303618,1365931.655,0.9999999823918945,1,exclude,1,28,26,0.696728,0.01056,0.9983,ok,-0.013906134938915904,0.8388422585033254,0.9999445785586837,26,-0.020618556701030966,-3.1605211236222815e-05,1,500000.0,2023-01_2025-06
3,C3 Hybrid,2024-09,2024-09-30,P_selected,LBV,0.0007204673566307848,NEUTRAL,-0.19103822730393988,-0.19103822730393988,-0.09551911365196994,7360936.55,1.0,1,exclude,1,28,26,0.696728,0.01056,0.9983,ok,-0.013906134938915904,0.8388422585033254,0.9999445785586837,26,-0.016949152542372836,-1.2211311129335303e-05,1,500000.0,2023-01_2025-06
3,C3 Hybrid,2024-09,2024-09-30,P_selected,SID,0.00034781490529548403,BUY,0.38253383530195284,0.38253383530195284,0.38253383530195284,2740958.055,1.0,1,exclude,1,28,26,0.696728,0.01056,0.9983,ok,-0.013906134938915904,0.8388422585033254,0.9999445785586837,26,0.07228915662650603,2.514324616593861e-05,1,500000.0,2023-01_2025-06
3,C3 Hybrid,2024-09,2024-09-30,P_selected,BCP,0.00033574982577407156,BUY,0.2391211057721859,0.2391211057721859,0.2391211057721859,20597659.005,1.0,1,exclude,1,28,26,0.696728,0.01056,0.9983,ok,-0.013906134938915904,0.8388422585033254,0.9999445785586837,26,0.0,0.0,1,500000.0,2023-01_2025-06
3,C3 Hybrid,2024-09,2024-09-30,P_selected,SNP,0.00031656001802367887,BUY,0.36906564519516527,0.36906564519516527,0.36906564519516527,815909.7725,0.9998831562762621,1,exclude,1,28,26,0.696728,0.01056,0.9983,ok,-0.013906134938915904,0.8388422585033254,0.9999445785586837,26,0.01641427512443072,5.196103229235413e-06,1,500000.0,2023-01_2025-06
3,C3 Hybrid,2024-09,2024-09-30,P_selected,ADH,0.00019092462143654245,BUY,1.8798166564590122,1.8798166564590122,1.8798166564590122,26915085.794,1.0,1,exclude,1,28,26,0.696728,0.01056,0.9983,ok,-0.013906134938915904,0.8388422585033254,0.9999445785586837,26,-0.10052910052910047,-1.9193480461874625e-05,1,500000.0,2023-01_2025-06
3,C3 Hybrid,2024-10,2024-10-31,P_selected,AKT,0.15224349365908102,BUY,0.3056083263954423,0.3056083263954423,0.3056083263954423,15285418.889999997,1.0,1,exclude,1,20,18,0.927653,0.012137,0.9999,ok,0.005572953433738093,1.2099404248232988,0.9999795416953526,18,0.04854368932038833,0.007390460857236939,1,500000.0,2023-01_2025-06
3,C3 Hybrid,2024-10,2024-10-31,P_selected,BCP,0.1458881810539857,BUY,1.7534948618099686,1.7534948618099686,1.7534948618099686,30980904.752499998,1.0,1,exclude,1,20,18,0.927653,0.012137,0.9999,ok,0.005572953433738093,1.2099404248232988,0.9999795416953526,18,0.027397260273972712,0.003996936467232501,1,500000.0,2023-01_2025-06
3,C3 Hybrid,2024-10,2024-10-31,P_selected,ARD,0.09208516852814745,BUY,1.4529882780979793,1.4529882780979793,1.4529882780979793,3485858.825,1.0,1,exclude,1,20,18,0.927653,0.012137,0.9999,ok,0.005572953433738093,1.2099404248232988,0.9999795416953526,18,-0.010000000000000009,-0.0009208516852814753,1,500000.0,2023-01_2025-06
3,C3 Hybrid,2024-10,2024-10-31,P_selected,BOA,0.08305906749850507,NEUTRAL,0.17998519499596402,0.17998519499596402,0.08999259749798201,1381344.3175,0.9999999862401252,1,exclude,1,20,18,0.927653,0.012137,0.9999,ok,0.005572953433738093,1.2099404248232988,0.9999795416953526,18,0.04157894736842116,0.0034535085959904828,1,500000.0,2023-01_2025-06
3,C3 Hybrid,2024-10,2024-10-31,P_selected,MUT,0.07404977649786862,BUY,0.7458967346258792,0.7458967346258792,0.7458967346258792,3969151.2825,1.0,1,exclude,1,20,18,0.927653,0.012137,0.9999,ok,0.005572953433738093,1.2099404248232988,0.9999795416953526,18,-0.05681818181818177,-0.004207373664651622,1,500000.0,2023-01_2025-06
3,C3 Hybrid,2024-10,2024-10-31,P_selected,JET,0.07381160085507366,BUY,1.5521899405752513,1.5521899405752513,1.5521899405752513,19715665.4,1.0,1,exclude,1,20,18,0.927653,0.012137,0.9999,ok,0.005572953433738093,1.2099404248232988,0.9999795416953526,18,0.059691482226693404,0.0044059238605644166,1,500000.0,2023-01_2025-06
3,C3 Hybrid,2024-10,2024-10-31,P_selected,RDS,0.07193859603807057,BUY,2.9668931137421937,2.9668931137421937,2.9668931137421937,6890815.06,1.0,1,exclude,1,20,18,0.927653,0.012137,0.9999,ok,0.005572953433738093,1.2099404248232988,0.9999795416953526,18,0.02276422764227659,0.0016376265764764153,1,500000.0,2023-01_2025-06
3,C3 Hybrid,2024-10,2024-10-31,P_selected,HPS,0.07134081201459479,NEUTRAL,0.18127741847444742,0.18127741847444742,0.09063870923722371,4194418.135,1.0,1,exclude,1,20,18,0.927653,0.012137,0.9999,ok,0.005572953433738093,1.2099404248232988,0.9999795416953526,18,-0.03508771929824561,-0.00250318638647701,1,500000.0,2023-01_2025-06
3,C3 Hybrid,2024-10,2024-10-31,P_selected,ATH,0.0706382140486786,BUY,1.2125434801145885,1.2125434801145885,1.2125434801145885,2240066.992,0.9999999999999851,1,exclude,1,20,18,0.927653,0.012137,0.9999,ok,0.005572953433738093,1.2099404248232988,0.9999795416953526,18,-0.08810119135166927,-0.006223310812642806,1,500000.0,2023-01_2025-06
3,C3 Hybrid,2024-10,2024-10-31,P_selected,CIH,0.045435794912352036,NEUTRAL,0.06782298919411267,0.06782298919411267,0.033911494597056335,2127402.417500001,0.9999999999999098,1,exclude,1,20,18,0.927653,0.012137,0.9999,ok,0.005572953433738093,1.2099404248232988,0.9999795416953526,18,0.027027027027026973,0.001227994457090593,1,500000.0,2023-01_2025-06
3,C3 Hybrid,2024-10,2024-10-31,P_selected,CSR,0.04035890116718673,NEUTRAL,-0.13325176262912913,-0.13325176262912913,-0.06662588131456457,5504089.847499999,1.0,1,exclude,1,20,18,0.927653,0.012137,0.9999,ok,0.005572953433738093,1.2099404248232988,0.9999795416953526,18,0.0050890585241729624,0.00020538881001112575,1,500000.0,2023-01_2025-06
3,C3 Hybrid,2024-10,2024-10-31,P_selected,LBV,0.03230695350961129,NEUTRAL,-0.21200933732998117,-0.21200933732998117,-0.10600466866499059,1093431.6,0.999998622040778,1,exclude,1,20,18,0.927653,0.012137,0.9999,ok,0.005572953433738093,1.2099404248232988,0.9999795416953526,18,-0.02352941176470591,-0.0007601636119908548,1,500000.0,2023-01_2025-06
3,C3 Hybrid,2024-10,2024-10-31,P_selected,MNG,0.01736982431804315,NEUTRAL,-0.10546831424893569,-0.10546831424893569,-0.05273415712446784,1362500.1,0.9999999813980908,1,exclude,1,20,18,0.927653,0.012137,0.9999,ok,0.005572953433738093,1.2099404248232988,0.9999795416953526,18,0.052823315118396996,0.0009175317035031885,1,500000.0,2023-01_2025-06
3,C3 Hybrid,2024-10,2024-10-31,P_selected,BCI,0.015785219798954444,BUY,0.3505197987309833,0.3505197987309833,0.3505197987309833,592294.97,0.9958343952882754,1,exclude,1,20,18,0.927653,0.012137,0.9999,ok,0.005572953433738093,1.2099404248232988,0.9999795416953526,18,-0.03220338983050852,-0.0005083375867459913,1,500000.0,2023-01_2025-06
3,C3 Hybrid,2024-10,2024-10-31,P_selected,SNP,0.006482092636741425,NEUTRAL,0.15372253376464617,0.15372253376464617,0.07686126688232309,676105.655,0.9989069508763608,1,exclude,1,20,18,0.927653,0.012137,0.9999,ok,0.005572953433738093,1.2099404248232988,0.9999795416953526,18,0.09992751372061726,0.0006477394008962908,1,500000.0,2023-01_2025-06
3,C3 Hybrid,2024-10,2024-10-31,P_selected,GAZ,0.005806754793929614,NEUTRAL,-0.2012200443280578,-0.2012200443280578,-0.1006100221640289,1430351.45,0.9999999937182875,1,exclude,1,20,18,0.927653,0.012137,0.9999,ok,0.005572953433738093,1.2099404248232988,0.9999795416953526,18,-0.007012987012987026,-4.0722695957428535e-05,1,500000.0,2023-01_2025-06
3,C3 Hybrid,2024-10,2024-10-31,P_selected,SID,0.001026136159116845,BUY,0.34282951646289933,0.34282951646289933,0.34282951646289933,2348967.5149999997,0.9999999999999973,1,exclude,1,20,18,0.927653,0.012137,0.9999,ok,0.005572953433738093,1.2099404248232988,0.9999795416953526,18,0.0033407572383072903,3.428071801058441e-06,1,500000.0,2023-01_2025-06
3,C3 Hybrid,2024-10,2024-10-31,P_selected,CMT,0.0003529542054116363,NEUTRAL,-0.04774955900556182,-0.04774955900556182,-0.02387477950278091,2515161.75,0.9999999999999998,1,exclude,1,20,18,0.927653,0.012137,0.9999,ok,0.005572953433738093,1.2099404248232988,0.9999795416953526,18,-0.008805031446540879,-3.1077728778383067e-06,1,500000.0,2023-01_2025-06
3,C3 Hybrid,2024-11,2024-11-29,P_selected,IMO,0.2593781757463046,BUY,1.7654899049792012,1.7654899049792012,1.7654899049792012,540320.1195,0.9904830837265511,1,exclude,1,26,24,1.151671,0.009846,0.9968,ok,0.016839200281980826,1.1561030789681679,0.999902769051663,24,0.006711409395973034,0.0017407931258140935,1,500000.0,2023-01_2025-06
3,C3 Hybrid,2024-11,2024-11-29,P_selected,BOA,0.12725493466475207,BUY,0.7079697113241222,0.7079697113241222,0.7079697113241222,23013142.1075,1.0,1,exclude,1,26,24,1.151671,0.009846,0.9968,ok,0.016839200281980826,1.1561030789681679,0.999902769051663,24,0.05398457583547556,0.0068698036708477956,1,500000.0,2023-01_2025-06
3,C3 Hybrid,2024-11,2024-11-29,P_selected,ARD,0.0870618879005282,BUY,1.2121017818469895,1.2121017818469895,1.2121017818469895,4393442.380000001,1.0,1,exclude,1,26,24,1.151671,0.009846,0.9968,ok,0.016839200281980826,1.1561030789681679,0.999902769051663,24,-0.02051020408163262,-0.0017856570885720552,1,500000.0,2023-01_2025-06
3,C3 Hybrid,2024-11,2024-11-29,P_selected,SRM,0.08256147137073558,BUY,3.5320025523507117,3.5320025523507117,3.5320025523507117,1033210.8,0.9999963884604613,1,exclude,1,26,24,1.151671,0.009846,0.9968,ok,0.016839200281980826,1.1561030789681679,0.999902769051663,24,-0.04489016236867238,-0.0037061978552288166,1,500000.0,2023-01_2025-06
3,C3 Hybrid,2024-11,2024-11-29,P_selected,JET,0.06541466459484387,BUY,0.6723683300519385,0.6723683300519385,0.6723683300519385,11088081.9,1.0,1,exclude,1,26,24,1.151671,0.009846,0.9968,ok,0.016839200281980826,1.1561030789681679,0.999902769051663,24,0.21153846153846145,0.013837717510447736,1,500000.0,2023-01_2025-06
3,C3 Hybrid,2024-11,2024-11-29,P_selected,BCP,0.05456360839831828,BUY,1.18473304090719,1.18473304090719,1.18473304090719,37914058.7275,1.0,1,exclude,1,26,24,1.151671,0.009846,0.9968,ok,0.016839200281980826,1.1561030789681679,0.999902769051663,24,-0.08333333333333337,-0.004546967366526525,1,500000.0,2023-01_2025-06
3,C3 Hybrid,2024-11,2024-11-29,P_selected,ATH,0.04873567602741176,BUY,0.5616022971497784,0.5616022971497784,0.5616022971497784,1163208.068,0.9999995487884503,1,exclude,1,26,24,1.151671,0.009846,0.9968,ok,0.016839200281980826,1.1561030789681679,0.999902769051663,24,0.06263081629367262,0.0030523551722207703,1,500000.0,2023-01_2025-06
3,C3 Hybrid,2024-11,2024-11-29,P_selected,CFG,0.04169836446831694,BUY,0.24625563951607266,0.24625563951607266,0.24625563951607266,8520361.28,1.0,1,exclude,1,26,24,1.151671,0.009846,0.9968,ok,0.016839200281980826,1.1561030789681679,0.999902769051663,24,0.08292682926829276,0.003457913151031164,1,500000.0,2023-01_2025-06
3,C3 Hybrid,2024-11,2024-11-29,P_selected,DWY,0.037140715105987265,NEUTRAL,0.0251840658187914,0.0251840658187914,0.0125920329093957,569660.6900000001,0.9940273323887903,1,exclude,1,26,24,1.151671,0.009846,0.9968,ok,0.016839200281980826,1.1561030789681679,0.999902769051663,24,-0.012383900928792602,-0.0004599469362970571,1,500000.0,2023-01_2025-06
3,C3 Hybrid,2024-11,2024-11-29,P_selected,CSR,0.029477958297258498,NEUTRAL,-0.1760289765755786,-0.1760289765755786,-0.0880144882877893,5539507.555,1.0,1,exclude,1,26,24,1.151671,0.009846,0.9968,ok,0.016839200281980826,1.1561030789681679,0.999902769051663,24,-0.030612244897959218,-0.000902386478487506,1,500000.0,2023-01_2025-06
3,C3 Hybrid,2024-11,2024-11-29,P_selected,SOT,0.024855443560363632,NEUTRAL,-0.15198720428155793,-0.15198720428155793,-0.07599360214077897,508883.6,0.9843596559295373,1,exclude,1,26,24,1.151671,0.009846,0.9968,ok,0.016839200281980826,1.1561030789681679,0.999902769051663,24,-0.021164021164021163,-0.0005260411335526695,1,500000.0,2023-01_2025-06
3,C3 Hybrid,2024-11,2024-11-29,P_selected,S2M,0.024210187737325216,BUY,0.49048546276673,0.49048546276673,0.49048546276673,585535.0375,0.9953607873156116,1,exclude,1,26,24,1.151671,0.009846,0.9968,ok,0.016839200281980826,1.1561030789681679,0.999902769051663,24,-0.13602941176470584,-0.003293297596621444,1,500000.0,2023-01_2025-06
3,C3 Hybrid,2024-11,2024-11-29,P_selected,ADI,0.02319072267007245,BUY,1.4435058977473838,1.4435058977473838,1.4435058977473838,24280205.552500002,1.0,1,exclude,1,26,24,1.151671,0.009846,0.9968,ok,0.016839200281980826,1.1561030789681679,0.999902769051663,24,0.16504854368932032,0.0038275950037983636,1,500000.0,2023-01_2025-06
3,C3 Hybrid,2024-11,2024-11-29,P_selected,RIS,0.020473061270970996,NEUTRAL,-0.06888056105825327,-0.06888056105825327,-0.034440280529126635,800251.0025,0.999849893596349,1,exclude,1,26,24,1.151671,0.009846,0.9968,ok,0.016839200281980826,1.1561030789681679,0.999902769051663,24,0.07200956937799052,0.0014742563259718367,1,500000.0,2023-01_2025-06
3,C3 Hybrid,2024-11,2024-11-29,P_selected,SNP,0.02016141305781764,BUY,0.36514953619938223,0.36514953619938223,0.36514953619938223,2543951.79,0.9999999999999998,1,exclude,1,26,24,1.151671,0.009846,0.9968,ok,0.016839200281980826,1.1561030789681679,0.999902769051663,24,0.12497636604273032,0.0025197001382525003,1,500000.0,2023-01_2025-06
3,C3 Hybrid,2024-11,2024-11-29,P_selected,LBV,0.016603183494562707,NEUTRAL,-0.21945897605371092,-0.21945897605371092,-0.10972948802685546,3704108.4,1.0,1,exclude,1,26,24,1.151671,0.009846,0.9968,ok,0.016839200281980826,1.1561030789681679,0.999902769051663,24,0.0,0.0,1,500000.0,2023-01_2025-06
3,C3 Hybrid,2024-11,2024-11-29,P_selected,AKT,0.01486488006112655,NEUTRAL,0.1486630944476449,0.1486630944476449,0.07433154722382244,15215770.6,1.0,1,exclude,1,26,24,1.151671,0.009846,0.9968,ok,0.016839200281980826,1.1561030789681679,0.999902769051663,24,-0.011278195488721776,-0.00016764902324578775,1,500000.0,2023-01_2025-06
3,C3 Hybrid,2024-11,2024-11-29,P_selected,CIH,0.010752515150277956,NEUTRAL,0.05925386126849566,0.05925386126849566,0.02962693063424783,2798700.9950000006,1.0,1,exclude,1,26,24,1.151671,0.009846,0.9968,ok,0.016839200281980826,1.1561030789681679,0.999902769051663,24,-0.038929440389294356,-0.00041858939757773015,1,500000.0,2023-01_2025-06
3,C3 Hybrid,2024-11,2024-11-29,P_selected,ADH,0.005222976432480803,BUY,2.3169420366012012,2.3169420366012012,2.3169420366012012,25718783.5795,1.0,1,exclude,1,26,24,1.151671,0.009846,0.9968,ok,0.016839200281980826,1.1561030789681679,0.999902769051663,24,0.03421052631578947,0.0001786807726901327,1,500000.0,2023-01_2025-06
3,C3 Hybrid,2024-11,2024-11-29,P_selected,RDS,0.003115878082149796,BUY,1.5845697288543588,1.5845697288543588,1.5845697288543588,5028492.7505,1.0,1,exclude,1,26,24,1.151671,0.009846,0.9968,ok,0.016839200281980826,1.1561030789681679,0.999902769051663,24,0.03027812029045096,9.434293138171116e-05,1,500000.0,2023-01_2025-06
3,C3 Hybrid,2024-11,2024-11-29,P_selected,CDM,0.001406847212358234,NEUTRAL,0.19616506280818785,0.19616506280818785,0.09808253140409393,24178378.389999997,1.0,1,exclude,1,26,24,1.151671,0.009846,0.9968,ok,0.016839200281980826,1.1561030789681679,0.999902769051663,24,-0.06060606060606055,-8.526346741565047e-05,1,500000.0,2023-01_2025-06
3,C3 Hybrid,2024-11,2024-11-29,P_selected,BCI,0.001093169962670844,BUY,0.3047371520739478,0.3047371520739478,0.3047371520739478,782391.265,0.9998002532026524,1,exclude,1,26,24,1.151671,0.009846,0.9968,ok,0.016839200281980826,1.1561030789681679,0.999902769051663,24,0.02473498233215543,2.703953971270634e-05,1,500000.0,2023-01_2025-06
3,C3 Hybrid,2024-11,2024-11-29,P_selected,MUT,0.00046026397509519803,BUY,0.36493906366662543,0.36493906366662543,0.36493906366662543,2312869.6849999996,0.9999999999999953,1,exclude,1,26,24,1.151671,0.009846,0.9968,ok,0.016839200281980826,1.1561030789681679,0.999902769051663,24,0.04467353951890041,2.056162088054152e-05,1,500000.0,2023-01_2025-06
3,C3 Hybrid,2024-11,2024-11-29,P_selected,GAZ,0.000204769809933706,NEUTRAL,-0.15290234883542209,-0.15290234883542209,-0.07645117441771104,2167833.6,0.9999999999999529,1,exclude,1,26,24,1.151671,0.009846,0.9968,ok,0.016839200281980826,1.1561030789681679,0.999902769051663,24,-0.015706806282722474,-3.2162797371786203e-06,1,500000.0,2023-01_2025-06
3,C3 Hybrid,2024-12,2024-12-31,P_selected,IMO,0.28428412703128325,BUY,1.649411268845334,1.649411268845334,1.649411268845334,873454.9809999999,0.9999534659488765,1,exclude,1,26,24,1.032225,0.009189,0.9997,ok,0.031352591680144926,0.6724622453471577,0.9999425208057325,24,-0.002666666666666595,-0.000758091005416735,1,500000.0,2023-01_2025-06
3,C3 Hybrid,2024-12,2024-12-31,P_selected,BOA,0.2179384035355395,BUY,1.381545715007823,1.381545715007823,1.381545715007823,32557984.047500003,1.0,1,exclude,1,26,24,1.032225,0.009189,0.9997,ok,0.031352591680144926,0.6724622453471577,0.9999425208057325,24,0.014705882352941124,0.003204976522581452,1,500000.0,2023-01_2025-06
3,C3 Hybrid,2024-12,2024-12-31,P_selected,ARD,0.07710260581568931,BUY,0.47499322378722925,0.47499322378722925,0.47499322378722925,1386358.4975000003,0.9999999873009159,1,exclude,1,26,24,1.032225,0.009189,0.9997,ok,0.031352591680144926,0.6724622453471577,0.9999425208057325,24,-0.013507939781398082,-0.0010414973563472047,1,500000.0,2023-01_2025-06
3,C3 Hybrid,2024-12,2024-12-31,P_selected,JET,0.05707953422125375,BUY,0.9849657511264901,0.9849657511264901,0.9849657511264901,9101525.8,1.0,1,exclude,1,26,24,1.032225,0.009189,0.9997,ok,0.031352591680144926,0.6724622453471577,0.9999425208057325,24,0.07892204042348405,0.00450483330716343,1,500000.0,2023-01_2025-06
3,C3 Hybrid,2024-12,2024-12-31,P_selected,CTM,0.056151910981085025,BUY,0.6772993124895603,0.6772993124895603,0.6772993124895603,599350.38,0.9962774099988266,1,exclude,1,26,24,1.032225,0.009189,0.9997,ok,0.031352591680144926,0.6724622453471577,0.9999425208057325,24,-0.09618573797678276,-0.005401012996522275,1,500000.0,2023-01_2025-06
3,C3 Hybrid,2024-12,2024-12-31,P_selected,AKT,0.05530312544735876,BUY,0.24976180538192258,0.24976180538192258,0.24976180538192258,9808443.75,1.0,1,exclude,1,26,24,1.032225,0.009189,0.9997,ok,0.031352591680144926,0.6724622453471577,0.9999425208057325,24,0.07363636363636372,0.00407232105566915,1,500000.0,2023-01_2025-06
3,C3 Hybrid,2024-12,2024-12-31,P_selected,CFG,0.038286665268305126,NEUTRAL,0.1054967459453196,0.1054967459453196,0.0527483729726598,8865253.3,1.0,1,exclude,1,26,24,1.032225,0.009189,0.9997,ok,0.031352591680144926,0.6724622453471577,0.9999425208057325,24,0.07474568774878376,0.0028617631270869393,1,500000.0,2023-01_2025-06
3,C3 Hybrid,2024-12,2024-12-31,P_selected,MUT,0.03222048806747205,BUY,0.37781456458880286,0.37781456458880286,0.37781456458880286,1844883.2375,0.999999999991728,1,exclude,1,26,24,1.032225,0.009189,0.9997,ok,0.031352591680144926,0.6724622453471577,0.9999425208057325,24,0.08196721311475419,0.0026410236120878758,1,500000.0,2023-01_2025-06
3,C3 Hybrid,2024-12,2024-12-31,P_selected,SNP,0.0310187400779786,BUY,0.7212940974261218,0.7212940974261218,0.7212940974261218,2980050.79,1.0,1,exclude,1,26,24,1.032225,0.009189,0.9997,ok,0.031352591680144926,0.6724622453471577,0.9999425208057325,24,0.0078125,0.0002423339068592078,1,500000.0,2023-01_2025-06
3,C3 Hybrid,2024-12,2024-12-31,P_selected,RIS,0.02622921759690169,BUY,0.48038880263357053,0.48038880263357053,0.48038880263357053,1871500.9425000001,0.9999999999945968,1,exclude,1,26,24,1.032225,0.009189,0.9997,ok,0.031352591680144926,0.6724622453471577,0.9999425208057325,24,0.2293986636971046,0.006016947466549829,1,500000.0,2023-01_2025-06
3,C3 Hybrid,2024-12,2024-12-31,P_selected,RDS,0.020810266001765065,BUY,2.276682752946863,2.276682752946863,2.276682752946863,8458131.6595,1.0,1,exclude,1,26,24,1.032225,0.009189,0.9997,ok,0.031352591680144926,0.6724622453471577,0.9999425208057325,24,0.43601474139026575,0.009073582749022235,1,500000.0,2023-01_2025-06
3,C3 Hybrid,2024-12,2024-12-31,P_selected,BCP,0.019620352818524513,BUY,0.4674887308214205,0.4674887308214205,0.4674887308214205,29465503.514999997,1.0,1,exclude,1,26,24,1.032225,0.009189,0.9997,ok,0.031352591680144926,0.6724622453471577,0.9999425208057325,24,0.017857142857142794,0.00035036344318793646,1,500000.0,2023-01_2025-06
3,C3 Hybrid,2024-12,2024-12-31,P_selected,MNG,0.016505565629673515,NEUTRAL,-0.17989854885561182,-0.17989854885561182,-0.08994927442780591,3540111.7,1.0,1,exclude,1,26,24,1.032225,0.009189,0.9997,ok,0.031352591680144926,0.6724622453471577,0.9999425208057325,24,0.16131309565831264,0.002662563887314081,1,500000.0,2023-01_2025-06
3,C3 Hybrid,2024-12,2024-12-31,P_selected,HPS,0.014407255360783655,BUY,0.43944507204104605,0.43944507204104605,0.43944507204104605,9382705.684999999,1.0,1,exclude,1,26,24,1.032225,0.009189,0.9997,ok,0.031352591680144926,0.6724622453471577,0.9999425208057325,24,0.07777777777777772,0.001120564305838728,1,500000.0,2023-01_2025-06
3,C3 Hybrid,2024-12,2024-12-31,P_selected,CSR,0.011089609344777287,NEUTRAL,-0.14792688184562677,-0.14792688184562677,-0.07396344092281339,1597910.7675,0.9999999995697146,1,exclude,1,26,24,1.032225,0.009189,0.9997,ok,0.031352591680144926,0.6724622453471577,0.9999425208057325,24,0.09625668449197855,0.0010674490278395244,1,500000.0,2023-01_2025-06
3,C3 Hybrid,2024-12,2024-12-31,P_selected,LES,0.011025154834089973,NEUTRAL,-0.052606012165439614,-0.052606012165439614,-0.026303006082719807,3461192.3075,1.0,1,exclude,1,26,24,1.032225,0.009189,0.9997,ok,0.031352591680144926,0.6724622453471577,0.9999425208057325,24,-0.03448275862068961,-0.0003801777528996538,1,500000.0,2023-01_2025-06
3,C3 Hybrid,2024-12,2024-12-31,P_selected,MIC,0.010155219693361646,NEUTRAL,-0.1395668199612689,-0.1395668199612689,-0.06978340998063445,572191.425,0.9942629855483078,1,exclude,1,26,24,1.032225,0.009189,0.9997,ok,0.031352591680144926,0.6724622453471577,0.9999425208057325,24,0.15898251192368829,0.001614502335987542,1,500000.0,2023-01_2025-06
3,C3 Hybrid,2024-12,2024-12-31,P_selected,LBV,0.007009377176780225,NEUTRAL,-0.03149314154646801,-0.03149314154646801,-0.015746570773234006,4123204.15,1.0,1,exclude,1,26,24,1.032225,0.009189,0.9997,ok,0.031352591680144926,0.6724622453471577,0.9999425208057325,24,-0.0056470588235294494,-3.958236523358271e-05,1,500000.0,2023-01_2025-06
3,C3 Hybrid,2024-12,2024-12-31,P_selected,CDM,0.006935624905414534,NEUTRAL,0.09057440187853213,0.09057440187853213,0.04528720093926607,6680749.609999999,1.0,1,exclude,1,26,24,1.032225,0.009189,0.9997,ok,0.031352591680144926,0.6724622453471577,0.9999425208057325,24,0.16842105263157903,0.0011681052472277114,1,500000.0,2023-01_2025-06
3,C3 Hybrid,2024-12,2024-12-31,P_selected,ADI,0.005927221553763562,BUY,1.581204154404848,1.581204154404848,1.581204154404848,19234488.669999998,1.0,1,exclude,1,26,24,1.032225,0.009189,0.9997,ok,0.031352591680144926,0.6724622453471577,0.9999425208057325,24,0.04230769230769238,0.0002507670657361511,1,500000.0,2023-01_2025-06
3,C3 Hybrid,2024-12,2024-12-31,P_selected,GAZ,0.00047863976535429014,NEUTRAL,-0.21539779650608448,-0.21539779650608448,-0.10769889825304224,2086431.0,0.9999999999998266,1,exclude,1,26,24,1.032225,0.009189,0.9997,ok,0.031352591680144926,0.6724622453471577,0.9999425208057325,24,0.04122340425531923,1.973116053987104e-05,1,500000.0,2023-01_2025-06
3,C3 Hybrid,2024-12,2024-12-31,P_selected,ADH,0.0001542307854181012,BUY,1.876610967909027,1.876610967909027,1.876610967909027,23817214.059,1.0,1,exclude,1,26,24,1.032225,0.009189,0.9997,ok,0.031352591680144926,0.6724622453471577,0.9999425208057325,24,0.05411764705882338,8.346607210861925e-06,1,500000.0,2023-01_2025-06
3,C3 Hybrid,2024-12,2024-12-31,P_selected,CMT,0.00010748350306104322,BUY,0.3157950003643431,0.3157950003643431,0.3157950003643431,2348981.15,0.9999999999999973,1,exclude,1,26,24,1.032225,0.009189,0.9997,ok,0.031352591680144926,0.6724622453471577,0.9999425208057325,24,0.154320987654321,1.6586960348926427e-05,1,500000.0,2023-01_2025-06
3,C3 Hybrid,2024-12,2024-12-31,P_selected,BCI,0.00010170139009817012,BUY,0.673071575256035,0.673071575256035,0.673071575256035,2761344.01,1.0,1,exclude,1,26,24,1.032225,0.009189,0.9997,ok,0.031352591680144926,0.6724622453471577,0.9999425208057325,24,0.07563025210084029,7.691701772130509e-06,1,500000.0,2023-01_2025-06
3,C3 Hybrid,2025-01,2025-01-31,P_selected,JET,0.09074362859360016,BUY,2.330582493339512,2.330582493339512,2.330582493339512,17213018.0,1.0,1,exclude,1,33,29,0.65089,0.00881,0.9995,ok,0.008485925148699724,1.1393822047099809,0.9998966311527767,29,0.11906893464637425,0.010804747182586234,1,500000.0,2023-01_2025-06
3,C3 Hybrid,2025-01,2025-01-31,P_selected,MUT,0.07475454918575937,BUY,0.4301344839328757,0.4301344839328757,0.4301344839328757,7664555.635,1.0,1,exclude,1,33,29,0.65089,0.00881,0.9995,ok,0.008485925148699724,1.1393822047099809,0.9998966311527767,29,-0.06060606060606055,-0.004530578738530867,1,500000.0,2023-01_2025-06
3,C3 Hybrid,2025-01,2025-01-31,P_selected,ARD,0.06787230071822906,NEUTRAL,0.03260588980330073,0.03260588980330073,0.016302944901650365,3442800.7275000005,1.0,1,exclude,1,33,29,0.65089,0.00881,0.9995,ok,0.008485925148699724,1.1393822047099809,0.9998966311527767,29,0.007556675062972307,0.0005128889223039989,1,500000.0,2023-01_2025-06
3,C3 Hybrid,2025-01,2025-01-31,P_selected,CFG,0.061616781193804177,BUY,0.3884830592965146,0.3884830592965146,0.3884830592965146,20518734.5775,1.0,1,exclude,1,33,29,0.65089,0.00881,0.9995,ok,0.008485925148699724,1.1393822047099809,0.9998966311527767,29,-0.02066115702479343,-0.001273073991607527,1,500000.0,2023-01_2025-06
3,C3 Hybrid,2025-01,2025-01-31,P_selected,DWY,0.06079374558872912,NEUTRAL,0.18563158293434798,0.18563158293434798,0.09281579146717399,584488.62,0.9952828300727027,1,exclude,1,33,29,0.65089,0.00881,0.9995,ok,0.008485925148699724,1.1393822047099809,0.9998966311527767,29,0.03886721572027163,0.0023628836242404463,1,500000.0,2023-01_2025-06
3,C3 Hybrid,2025-01,2025-01-31,P_selected,CTM,0.05533447301678078,BUY,0.9252691208503283,0.9252691208503283,0.9252691208503283,1445230.8,0.9999999950490819,1,exclude,1,33,29,0.65089,0.00881,0.9995,ok,0.008485925148699724,1.1393822047099809,0.9998966311527767,29,0.026827012025901986,0.001484458573068127,1,500000.0,2023-01_2025-06
3,C3 Hybrid,2025-01,2025-01-31,P_selected,CSR,0.05354914788011689,NEUTRAL,0.009890605296537645,0.009890605296537645,0.004945302648268823,14173975.5475,1.0,1,exclude,1,33,29,0.65089,0.00881,0.9995,ok,0.008485925148699724,1.1393822047099809,0.9998966311527767,29,-0.00952380952380949,-0.00050999188457254,1,500000.0,2023-01_2025-06
3,C3 Hybrid,2025-01,2025-01-31,P_selected,BOA,0.05301520372153189,NEUTRAL,0.03312823012986638,0.03312823012986638,0.01656411506493319,3689415.745,1.0,1,exclude,1,33,29,0.65089,0.00881,0.9995,ok,0.008485925148699724,1.1393822047099809,0.9998966311527767,29,-0.054441260744985676,-0.0028862145292524524,1,500000.0,2023-01_2025-06
3,C3 Hybrid,2025-01,2025-01-31,P_selected,SRM,0.04762015541776748,BUY,1.7102521085641307,1.7102521085641307,1.7102521085641307,585947.4424999999,0.9953911576736926,1,exclude,1,33,29,0.65089,0.00881,0.9995,ok,0.008485925148699724,1.1393822047099809,0.9998966311527767,29,-0.10495722746216274,-0.004998079483966162,1,500000.0,2023-01_2025-06
3,C3 Hybrid,2025-01,2025-01-31,P_selected,LBV,0.047590605802118796,NEUTRAL,-0.14624592598188432,-0.14624592598188432,-0.07312296299094216,5880402.0,1.0,1,exclude,1,33,29,0.65089,0.00881,0.9995,ok,0.008485925148699724,1.1393822047099809,0.9998966311527767,29,-0.04563445867287541,-0.002171771533693895,1,500000.0,2023-01_2025-06
3,C3 Hybrid,2025-01,2025-01-31,P_selected,S2M,0.04713445946834906,BUY,1.215040558237221,1.215040558237221,1.215040558237221,710440.4450000001,0.9993686679788972,1,exclude,1,33,29,0.65089,0.00881,0.9995,ok,0.008485925148699724,1.1393822047099809,0.9998966311527767,29,0.09870129870129873,0.004652232363109778,1,500000.0,2023-01_2025-06
3,C3 Hybrid,2025-01,2025-01-31,P_selected,TMA,0.046345172740146004,NEUTRAL,-0.17033434897832825,-0.17033434897832825,-0.08516717448916412,5485131.7,1.0,1,exclude,1,33,29,0.65089,0.00881,0.9995,ok,0.008485925148699724,1.1393822047099809,0.9998966311527767,29,0.026298909557408656,0.0012188275063155808,1,500000.0,2023-01_2025-06
3,C3 Hybrid,2025-01,2025-01-31,P_selected,DYT,0.04608123203172568,BUY,1.1227114969050513,1.1227114969050513,1.1227114969050513,1492858.6,0.9999999976893514,1,exclude,1,33,29,0.65089,0.00881,0.9995,ok,0.008485925148699724,1.1393822047099809,0.9998966311527767,29,-0.020881289049654805,-0.0009622355258186757,1,500000.0,2023-01_2025-06
3,C3 Hybrid,2025-01,2025-01-31,P_selected,ATH,0.04036946353769289,BUY,0.32457693862735487,0.32457693862735487,0.32457693862735487,2578353.4235,1.0,1,exclude,1,33,29,0.65089,0.00881,0.9995,ok,0.008485925148699724,1.1393822047099809,0.9998966311527767,29,0.09128508124076795,0.003685129758684515,1,500000.0,2023-01_2025-06
3,C3 Hybrid,2025-01,2025-01-31,P_selected,BCP,0.03686875065131533,NEUTRAL,-0.10369189892522648,-0.10369189892522648,-0.05184594946261324,16120932.485,1.0,1,exclude,1,33,29,0.65089,0.00881,0.9995,ok,0.008485925148699724,1.1393822047099809,0.9998966311527767,29,-0.017192982456140316,-0.0006338837831278763,1,500000.0,2023-01_2025-06
3,C3 Hybrid,2025-01,2025-01-31,P_selected,ADI,0.02676129125941296,BUY,2.2465869074425773,2.2465869074425773,2.2465869074425773,40450865.475,1.0,1,exclude,1,33,29,0.65089,0.00881,0.9995,ok,0.008485925148699724,1.1393822047099809,0.9998966311527767,29,0.07042253521126751,0.0018845979760149945,1,500000.0,2023-01_2025-06
3,C3 Hybrid,2025-01,2025-01-31,P_selected,DHO,0.024252642043864615,BUY,0.7641470863475037,0.7641470863475037,0.7641470863475037,7035798.239499999,1.0,1,exclude,1,33,29,0.65089,0.00881,0.9995,ok,0.008485925148699724,1.1393822047099809,0.9998966311527767,29,-0.02898550724637683,-0.0007029751317062211,1,500000.0,2023-01_2025-06
3,C3 Hybrid,2025-01,2025-01-31,P_selected,MNG,0.022716196088459973,BUY,0.6479488470982034,0.6479488470982034,0.6479488470982034,5081623.5,1.0,1,exclude,1,33,29,0.65089,0.00881,0.9995,ok,0.008485925148699724,1.1393822047099809,0.9998966311527767,29,0.1470588235294117,0.003340617071832347,1,500000.0,2023-01_2025-06
3,C3 Hybrid,2025-01,2025-01-31,P_selected,AKT,0.02270517919630208,NEUTRAL,0.18657806996556753,0.18657806996556753,0.09328903498278376,26306633.45,1.0,1,exclude,1,33,29,0.65089,0.00881,0.9995,ok,0.008485925148699724,1.1393822047099809,0.9998966311527767,29,0.013733905579399242,0.00031183078724535276,1,500000.0,2023-01_2025-06
3,C3 Hybrid,2025-01,2025-01-31,P_selected,SNP,0.0201849961588248,BUY,0.37714229535189614,0.37714229535189614,0.37714229535189614,2261780.23,0.9999999999999896,1,exclude,1,33,29,0.65089,0.00881,0.9995,ok,0.008485925148699724,1.1393822047099809,0.9998966311527767,29,-0.06201550387596899,-0.0012517827075240187,1,500000.0,2023-01_2025-06
3,C3 Hybrid,2025-01,2025-01-31,P_selected,HPS,0.013088226628235134,BUY,0.23271263954425483,0.23271263954425483,0.23271263954425483,17476655.43,1.0,1,exclude,1,33,29,0.65089,0.00881,0.9995,ok,0.008485925148699724,1.1393822047099809,0.9998966311527767,29,-0.038181818181818206,-0.0004997322894417054,1,500000.0,2023-01_2025-06
3,C3 Hybrid,2025-01,2025-01-31,P_selected,GAZ,0.00969746133272632,NEUTRAL,-0.13001650457614727,-0.13001650457614727,-0.06500825228807364,2889641.75,1.0,1,exclude,1,33,29,0.65089,0.00881,0.9995,ok,0.008485925148699724,1.1393822047099809,0.9998966311527767,29,0.09974811083123436,0.0009673034477983946,1,500000.0,2023-01_2025-06
3,C3 Hybrid,2025-01,2025-01-31,P_selected,RDS,0.009449782212450781,BUY,2.076934211446183,2.076934211446183,2.076934211446183,31175995.342,1.0,1,exclude,1,33,29,0.65089,0.00881,0.9995,ok,0.008485925148699724,1.1393822047099809,0.9998966311527767,29,0.04018058690744919,0.0003796977954438461,1,500000.0,2023-01_2025-06
3,C3 Hybrid,2025-01,2025-01-31,P_selected,ATL,0.009219130859632364,BUY,0.26886607311307686,0.26886607311307686,0.26886607311307686,7158556.58,1.0,1,exclude,1,33,29,0.65089,0.00881,0.9995,ok,0.008485925148699724,1.1393822047099809,0.9998966311527767,29,-0.0071428571428571175,-6.585093471165951e-05,1,500000.0,2023-01_2025-06
3,C3 Hybrid,2025-01,2025-01-31,P_selected,CIH,0.006932658588073579,NEUTRAL,0.15827441978397774,0.15827441978397774,0.07913720989198887,6351091.5200000005,1.0,1,exclude,1,33,29,0.65089,0.00881,0.9995,ok,0.008485925148699724,1.1393822047099809,0.9998966311527767,29,-0.010654490106544845,-7.38639423386831e-05,1,500000.0,2023-01_2025-06
3,C3 Hybrid,2025-01,2025-01-31,P_selected,CMT,0.0031692862117478587,BUY,0.34565734533807896,0.34565734533807896,0.34565734533807896,2333491.5,0.9999999999999967,1,exclude,1,33,29,0.65089,0.00881,0.9995,ok,0.008485925148699724,1.1393822047099809,0.9998966311527767,29,-0.06266738082485268,-0.00019861086597455777,1,500000.0,2023-01_2025-06
3,C3 Hybrid,2025-01,2025-01-31,P_selected,SMI,0.001258214208401346,NEUTRAL,-0.07424756071872102,-0.07424756071872102,-0.03712378035936051,2276995.55,0.9999999999999918,1,exclude,1,33,29,0.65089,0.00881,0.9995,ok,0.008485925148699724,1.1393822047099809,0.9998966311527767,29,-0.1192967768940979,-0.00015010089970463937,1,500000.0,2023-01_2025-06
3,C3 Hybrid,2025-01,2025-01-31,P_selected,BCI,0.0006202235841319981,NEUTRAL,0.1402151186355937,0.1402151186355937,0.07010755931779684,6009433.39,1.0,1,exclude,1,33,29,0.65089,0.00881,0.9995,ok,0.008485925148699724,1.1393822047099809,0.9998966311527767,29,-0.043927648578811374,-2.7244963644041264e-05,1,500000.0,2023-01_2025-06
3,C3 Hybrid,2025-01,2025-01-31,P_selected,RIS,0.0001516732328463057,BUY,0.5147580318560447,0.5147580318560447,0.5147580318560447,4453792.8525,1.0,1,exclude,1,33,29,0.65089,0.00881,0.9995,ok,0.008485925148699724,1.1393822047099809,0.9998966311527767,29,-0.010600706713780883,-1.6078434577346838e-06,1,500000.0,2023-01_2025-06
3,C3 Hybrid,2025-02,2025-02-28,P_selected,BOA,0.11240300783077851,NEUTRAL,-0.11294352012154482,-0.11294352012154482,-0.05647176006077241,3357119.9475000002,1.0,1,exclude,1,31,27,0.521179,0.009499,1.0,ok,0.06304764042363953,1.2866785563589453,0.9999988571094597,27,-0.020499999999999963,-0.002304261660530955,1,500000.0,2023-01_2025-06
3,C3 Hybrid,2025-02,2025-02-28,P_selected,AKT,0.09059292346225012,NEUTRAL,0.05360327507309685,0.05360327507309685,0.026801637536548423,26863110.35,1.0,1,exclude,1,31,27,0.521179,0.009499,1.0,ok,0.06304764042363953,1.2866785563589453,0.9999988571094597,27,0.0744500846023688,0.006744650816140442,1,500000.0,2023-01_2025-06
3,C3 Hybrid,2025-02,2025-02-28,P_selected,MSA,0.07991398216746802,NEUTRAL,0.1264621094006107,0.1264621094006107,0.06323105470030535,34379217.95,1.0,1,exclude,1,31,27,0.521179,0.009499,1.0,ok,0.06304764042363953,1.2866785563589453,0.9999988571094597,27,0.04166666666666674,0.00332974925697784,1,500000.0,2023-01_2025-06
3,C3 Hybrid,2025-02,2025-02-28,P_selected,MUT,0.07948497783785473,BUY,0.2376825909589479,0.2376825909589479,0.2376825909589479,3306766.205,1.0,1,exclude,1,31,27,0.521179,0.009499,1.0,ok,0.06304764042363953,1.2866785563589453,0.9999988571094597,27,-0.0016103059581320522,-0.0001279951333942916,1,500000.0,2023-01_2025-06
3,C3 Hybrid,2025-02,2025-02-28,P_selected,ATL,0.06957094600886922,NEUTRAL,0.06847103521252504,0.06847103521252504,0.03423551760626252,2620898.925,1.0,1,exclude,1,31,27,0.521179,0.009499,1.0,ok,0.06304764042363953,1.2866785563589453,0.9999988571094597,27,-0.07023411371237454,-0.00488625373306439,1,500000.0,2023-01_2025-06
3,C3 Hybrid,2025-02,2025-02-28,P_selected,MNG,0.06795482563481062,BUY,0.9375968737751168,0.9375968737751168,0.9375968737751168,5114983.85,1.0,1,exclude,1,31,27,0.521179,0.009499,1.0,ok,0.06304764042363953,1.2866785563589453,0.9999988571094597,27,0.26767676767676774,0.01818992807396446,1,500000.0,2023-01_2025-06
3,C3 Hybrid,2025-02,2025-02-28,P_selected,EQD,0.06580905696098285,NEUTRAL,-0.013856549606344654,-0.013856549606344654,-0.006928274803172327,1046541.7,0.9999970821692682,1,exclude,1,31,27,0.521179,0.009499,1.0,ok,0.06304764042363953,1.2866785563589453,0.9999988571094597,27,0.05714285714285716,0.0037605175406275927,1,500000.0,2023-01_2025-06
3,C3 Hybrid,2025-02,2025-02-28,P_selected,FBR,0.06304470378966277,BUY,2.4669783498980467,2.4669783498980467,2.4669783498980467,1119974.6800000002,0.9999990988515046,1,exclude,1,31,27,0.521179,0.009499,1.0,ok,0.06304764042363953,1.2866785563589453,0.9999988571094597,27,0.46996838777660677,0.029629017797881543,1,500000.0,2023-01_2025-06
3,C3 Hybrid,2025-02,2025-02-28,P_selected,S2M,0.06137430776034709,BUY,1.5751614240701965,1.5751614240701965,1.5751614240701965,1653460.0699999998,0.9999999998230866,1,exclude,1,31,27,0.521179,0.009499,1.0,ok,0.06304764042363953,1.2866785563589453,0.9999988571094597,27,0.00872024510959224,0.0005351990071017757,1,500000.0,2023-01_2025-06
3,C3 Hybrid,2025-02,2025-02-28,P_selected,ADI,0.04128163140871466,BUY,2.166257556430547,2.166257556430547,2.166257556430547,31471320.385,1.0,1,exclude,1,31,27,0.521179,0.009499,1.0,ok,0.06304764042363953,1.2866785563589453,0.9999988571094597,27,-0.034782608695652195,-0.0014358828316074672,1,500000.0,2023-01_2025-06
3,C3 Hybrid,2025-02,2025-02-28,P_selected,SLF,0.03942839323464755,BUY,0.47941323256963064,0.47941323256963064,0.47941323256963064,3731569.3549999995,1.0,1,exclude,1,31,27,0.521179,0.009499,1.0,ok,0.06304764042363953,1.2866785563589453,0.9999988571094597,27,0.16600449127655903,0.006545290360769789,1,500000.0,2023-01_2025-06
3,C3 Hybrid,2025-02,2025-02-28,P_selected,ATH,0.03558614385543941,BUY,0.7497018744135979,0.7497018744135979,0.7497018744135979,3644003.9075,1.0,1,exclude,1,31,27,0.521179,0.009499,1.0,ok,0.06304764042363953,1.2866785563589453,0.9999988571094597,27,0.01971447994561526,0.0007015623193798399,1,500000.0,2023-01_2025-06
3,C3 Hybrid,2025-02,2025-02-28,P_selected,CDM,0.03499465020438179,NEUTRAL,0.02791130936801036,0.02791130936801036,0.01395565468400518,6425465.15,1.0,1,exclude,1,31,27,0.521179,0.009499,1.0,ok,0.06304764042363953,1.2866785563589453,0.9999988571094597,27,0.06334841628959276,0.00221685566905586,1,500000.0,2023-01_2025-06
3,C3 Hybrid,2025-02,2025-02-28,P_selected,CIH,0.03449918009770263,NEUTRAL,0.009835873488346789,0.009835873488346789,0.004917936744173394,3723531.505,1.0,1,exclude,1,31,27,0.521179,0.009499,1.0,ok,0.06304764042363953,1.2866785563589453,0.9999988571094597,27,-0.0888888888888889,-0.0030665937864624566,1,500000.0,2023-01_2025-06
3,C3 Hybrid,2025-02,2025-02-28,P_selected,SOT,0.03409386852226514,NEUTRAL,0.05807462264150293,0.05807462264150293,0.029037311320751467,2547633.4,1.0,1,exclude,1,31,27,0.521179,0.009499,1.0,ok,0.06304764042363953,1.2866785563589453,0.9999988571094597,27,0.07452830188679238,0.0025409581257159843,1,500000.0,2023-01_2025-06
3,C3 Hybrid,2025-02,2025-02-28,P_selected,LBV,0.022669249340634825,NEUTRAL,-0.11569250962838551,-0.11569250962838551,-0.057846254814192755,5561387.85,1.0,1,exclude,1,31,27,0.521179,0.009499,1.0,ok,0.06304764042363953,1.2866785563589453,0.9999988571094597,27,0.08024390243902446,0.0018190690324558206,1,500000.0,2023-01_2025-06
3,C3 Hybrid,2025-02,2025-02-28,P_selected,TQM,0.020936489820460782,NEUTRAL,-0.13542549511666757,-0.13542549511666757,-0.06771274755833379,20271351.25,1.0,1,exclude,1,31,27,0.521179,0.009499,1.0,ok,0.06304764042363953,1.2866785563589453,0.9999988571094597,27,0.3791044776119403,0.00793711703641349,1,500000.0,2023-01_2025-06
3,C3 Hybrid,2025-02,2025-02-28,P_selected,JET,0.011873961982181772,BUY,3.3291751805623644,3.3291751805623644,3.3291751805623644,17600333.0,1.0,1,exclude,1,31,27,0.521179,0.009499,1.0,ok,0.06304764042363953,1.2866785563589453,0.9999988571094597,27,-0.040000000000000036,-0.0004749584792872713,1,500000.0,2023-01_2025-06
3,C3 Hybrid,2025-02,2025-02-28,P_selected,HPS,0.007990647193937148,NEUTRAL,-0.017195836439660314,-0.017195836439660314,-0.008597918219830157,3887198.15,1.0,1,exclude,1,31,27,0.521179,0.009499,1.0,ok,0.06304764042363953,1.2866785563589453,0.9999988571094597,27,-0.0064102564102563875,-5.122209739703281e-05,1,500000.0,2023-01_2025-06
3,C3 Hybrid,2025-02,2025-02-28,P_selected,CFG,0.007270583816884136,NEUTRAL,0.18767421976632837,0.18767421976632837,0.09383710988316418,6187249.0075,1.0,1,exclude,1,31,27,0.521179,0.009499,1.0,ok,0.06304764042363953,1.2866785563589453,0.9999988571094597,27,-0.062304646801416896,-0.0004529911567510636,1,500000.0,2023-01_2025-06
3,C3 Hybrid,2025-02,2025-02-28,P_selected,SNP,0.0063765781034519,NEUTRAL,0.11939484708195583,0.11939484708195583,0.059697423540977915,2050044.405,0.9999999999996896,1,exclude,1,31,27,0.521179,0.009499,1.0,ok,0.06304764042363953,1.2866785563589453,0.9999988571094597,27,0.018347107438016597,0.0001169917635509361,1,500000.0,2023-01_2025-06
3,C3 Hybrid,2025-02,2025-02-28,P_selected,TGC,0.005849509373405329,BUY,0.8919251130691203,0.8919251130691203,0.8919251130691203,27528112.18,1.0,1,exclude,1,31,27,0.521179,0.009499,1.0,ok,0.06304764042363953,1.2866785563589453,0.9999988571094597,27,0.021897810218978186,0.00012809144613296392,1,500000.0,2023-01_2025-06
3,C3 Hybrid,2025-02,2025-02-28,P_selected,BCI,0.0050874039629833214,NEUTRAL,0.015510940371677946,0.015510940371677946,0.007755470185838973,1053016.7149999996,0.9999973693249473,1,exclude,1,31,27,0.521179,0.009499,1.0,ok,0.06304764042363953,1.2866785563589453,0.9999988571094597,27,-0.06687402799377917,-0.0003402151950362097,1,500000.0,2023-01_2025-06
3,C3 Hybrid,2025-02,2025-02-28,P_selected,RIS,0.0009661544762535699,BUY,0.37148635536710783,0.37148635536710783,0.37148635536710783,3234976.3899999997,1.0,1,exclude,1,31,27,0.521179,0.009499,1.0,ok,0.06304764042363953,1.2866785563589453,0.9999988571094597,27,0.010101010101010166,9.759136123773495e-06,1,500000.0,2023-01_2025-06
3,C3 Hybrid,2025-02,2025-02-28,P_selected,GAZ,0.0005276577930267658,NEUTRAL,0.1417801138589881,0.1417801138589881,0.07089005692949404,11058253.4,1.0,1,exclude,1,31,27,0.521179,0.009499,1.0,ok,0.06304764042363953,1.2866785563589453,0.9999988571094597,27,-0.013971598717361422,-7.37222294425852e-06,1,500000.0,2023-01_2025-06
3,C3 Hybrid,2025-02,2025-02-28,P_selected,CMT,0.00030307868159012855,NEUTRAL,0.11061806269250443,0.11061806269250443,0.055309031346252216,1911676.95,0.9999999999971589,1,exclude,1,31,27,0.521179,0.009499,1.0,ok,0.06304764042363953,1.2866785563589453,0.9999988571094597,27,0.11428571428571432,3.463756361030042e-05,1,500000.0,2023-01_2025-06
3,C3 Hybrid,2025-02,2025-02-28,P_selected,ADH,0.00011494378847471617,BUY,1.0450953368027482,1.0450953368027482,1.0450953368027482,12931754.811,1.0,1,exclude,1,31,27,0.521179,0.009499,1.0,ok,0.06304764042363953,1.2866785563589453,0.9999988571094597,27,0.07247058823529406,8.330043964755894e-06,1,500000.0,2023-01_2025-06
3,C3 Hybrid,2025-03,2025-03-28,P_selected,CMG,0.19330462768298942,BUY,0.3502447204497397,0.3502447204497397,0.3502447204497397,13594064.285,1.0,1,exclude,1,38,31,0.626767,0.008273,1.0,ok,-0.011379581836620356,1.2393288540951886,0.9997421810956645,31,-0.06032130948772352,-0.011660388271874772,1,500000.0,2023-01_2025-06
3,C3 Hybrid,2025-03,2025-03-28,P_selected,ALM,0.14933996947685307,BUY,0.8126773208768738,0.8126773208768738,0.8126773208768738,964551.7,0.9999891661821522,1,exclude,1,38,31,0.626767,0.008273,1.0,ok,-0.011379581836620356,1.2393288540951886,0.9997421810956645,31,0.024157303370786476,0.003607650948036332,1,500000.0,2023-01_2025-06
3,C3 Hybrid,2025-03,2025-03-28,P_selected,EQD,0.058243720863304385,BUY,0.2511704828638284,0.2511704828638284,0.2511704828638284,1698691.3,0.9999999999142051,1,exclude,1,38,31,0.626767,0.008273,1.0,ok,-0.011379581836620356,1.2393288540951886,0.9997421810956645,31,-0.058558558558558516,-0.003410668338842146,1,500000.0,2023-01_2025-06
3,C3 Hybrid,2025-03,2025-03-28,P_selected,MIC,0.0564675838658714,BUY,0.25094122752621695,0.25094122752621695,0.25094122752621695,889842.365,0.9999641982449636,1,exclude,1,38,31,0.626767,0.008273,1.0,ok,-0.011379581836620356,1.2393288540951886,0.9997421810956645,31,-0.01820388349514568,-0.0010279293179466908,1,500000.0,2023-01_2025-06
3,C3 Hybrid,2025-03,2025-03-28,P_selected,FBR,0.0537669893996163,BUY,3.1768230029184656,3.1768230029184656,3.1768230029184656,2909726.0524999998,1.0,1,exclude,1,38,31,0.626767,0.008273,1.0,ok,-0.011379581836620356,1.2393288540951886,0.9997421810956645,31,0.03870967741935494,0.002081302815469023,1,500000.0,2023-01_2025-06
3,C3 Hybrid,2025-03,2025-03-28,P_selected,MNG,0.05168115140726481,BUY,1.1757679468084388,1.1757679468084388,1.1757679468084388,12313694.45,1.0,1,exclude,1,38,31,0.626767,0.008273,1.0,ok,-0.011379581836620356,1.2393288540951886,0.9997421810956645,31,-0.0007968127490040056,-4.11802003245149e-05,1,500000.0,2023-01_2025-06
3,C3 Hybrid,2025-03,2025-03-28,P_selected,TMA,0.045088280150377386,NEUTRAL,-0.18830479421503146,-0.18830479421503146,-0.09415239710751573,7612600.05,1.0,1,exclude,1,38,31,0.626767,0.008273,1.0,ok,-0.011379581836620356,1.2393288540951886,0.9997421810956645,31,0.029120879120879017,0.0013130103560274687,1,500000.0,2023-01_2025-06
3,C3 Hybrid,2025-03,2025-03-28,P_selected,JET,0.03859488927488317,BUY,2.1021396460231623,2.1021396460231623,2.1021396460231623,22891245.7,1.0,1,exclude,1,38,31,0.626767,0.008273,1.0,ok,-0.011379581836620356,1.2393288540951886,0.9997421810956645,31,-0.10416666666666663,-0.004020300966133663,1,500000.0,2023-01_2025-06
3,C3 Hybrid,2025-03,2025-03-28,P_selected,AKT,0.037520435378536256,NEUTRAL,0.12135620637356845,0.12135620637356845,0.060678103186784224,34592520.35,1.0,1,exclude,1,38,31,0.626767,0.008273,1.0,ok,-0.011379581836620356,1.2393288540951886,0.9997421810956645,31,0.14094488188976384,0.0052883133328803095,1,500000.0,2023-01_2025-06
3,C3 Hybrid,2025-03,2025-03-28,P_selected,CSR,0.0367504342295329,NEUTRAL,0.13814197763877079,0.13814197763877079,0.06907098881938539,13222201.5575,1.0,1,exclude,1,38,31,0.626767,0.008273,1.0,ok,-0.011379581836620356,1.2393288540951886,0.9997421810956645,31,0.04867256637168138,0.0017887379492250513,1,500000.0,2023-01_2025-06
3,C3 Hybrid,2025-03,2025-03-28,P_selected,ARD,0.03436391241486286,NEUTRAL,-0.05054799519036848,-0.05054799519036848,-0.02527399759518424,2902702.087500001,1.0,1,exclude,1,38,31,0.626767,0.008273,1.0,ok,-0.011379581836620356,1.2393288540951886,0.9997421810956645,31,-0.018388429752066116,-0.0006318983894468584,1,500000.0,2023-01_2025-06
3,C3 Hybrid,2025-03,2025-03-28,P_selected,TQM,0.03144488245393433,BUY,0.34234043172154155,0.34234043172154155,0.34234043172154155,20194720.4,1.0,1,exclude,1,38,31,0.626767,0.008273,1.0,ok,-0.011379581836620356,1.2393288540951886,0.9997421810956645,31,0.038528138528138633,0.0012115127871862178,1,500000.0,2023-01_2025-06
3,C3 Hybrid,2025-03,2025-03-28,P_selected,DWY,0.029516723263957354,NEUTRAL,0.22053824614369708,0.22053824614369708,0.11026912307184854,825540.065,0.9998998399553735,1,exclude,1,38,31,0.626767,0.008273,1.0,ok,-0.011379581836620356,1.2393288540951886,0.9997421810956645,31,-0.028507126781695313,-0.0008414369722658478,1,500000.0,2023-01_2025-06
3,C3 Hybrid,2025-03,2025-03-28,P_selected,CIH,0.028790499479153128,NEUTRAL,-0.20776221300155345,-0.20776221300155345,-0.10388110650077673,3282112.1225,1.0,1,exclude,1,38,31,0.626767,0.008273,1.0,ok,-0.011379581836620356,1.2393288540951886,0.9997421810956645,31,-0.01939024390243904,-0.0005582548069738234,1,500000.0,2023-01_2025-06
3,C3 Hybrid,2025-03,2025-03-28,P_selected,CDM,0.02533237904800985,BUY,0.807439929789312,0.807439929789312,0.807439929789312,12319949.05,1.0,1,exclude,1,38,31,0.626767,0.008273,1.0,ok,-0.011379581836620356,1.2393288540951886,0.9997421810956645,31,-0.06222611744084139,-0.0015763355936973709,1,500000.0,2023-01_2025-06
3,C3 Hybrid,2025-03,2025-03-28,P_selected,ADI,0.02382212754102552,BUY,1.8406957988968946,1.8406957988968946,1.8406957988968946,22098885.755000003,1.0,1,exclude,1,38,31,0.626767,0.008273,1.0,ok,-0.011379581836620356,1.2393288540951886,0.9997421810956645,31,-0.13497927554514322,-0.003215493517431629,1,500000.0,2023-01_2025-06
3,C3 Hybrid,2025-03,2025-03-28,P_selected,DHO,0.022029781236627424,BUY,0.516377106346167,0.516377106346167,0.516377106346167,3481594.2685000002,1.0,1,exclude,1,38,31,0.626767,0.008273,1.0,ok,-0.011379581836620356,1.2393288540951886,0.9997421810956645,31,0.0060975609756097615,0.00013432793436967953,1,500000.0,2023-01_2025-06
3,C3 Hybrid,2025-03,2025-03-28,P_selected,BOA,0.01931036939063147,NEUTRAL,-0.2164599445441912,-0.2164599445441912,-0.1082299722720956,9082371.745000001,1.0,1,exclude,1,38,31,0.626767,0.008273,1.0,ok,-0.011379581836620356,1.2393288540951886,0.9997421810956645,31,0.1383358856559469,0.002671317051996492,1,500000.0,2023-01_2025-06
3,C3 Hybrid,2025-03,2025-03-28,P_selected,ATH,0.012833593104548817,BUY,0.2536112168602706,0.2536112168602706,0.2536112168602706,1473696.0514999998,0.9999999968602944,1,exclude,1,38,31,0.626767,0.008273,1.0,ok,-0.011379581836620356,1.2393288540951886,0.9997421810956645,31,0.020000000000000018,0.00025667186209097655,1,500000.0,2023-01_2025-06
3,C3 Hybrid,2025-03,2025-03-28,P_selected,MSA,0.009479307672107067,NEUTRAL,0.0900417981002117,0.0900417981002117,0.04502089905010585,38774215.205,1.0,1,exclude,1,38,31,0.626767,0.008273,1.0,ok,-0.011379581836620356,1.2393288540951886,0.9997421810956645,31,-0.009333333333333305,-8.847353827299903e-05,1,500000.0,2023-01_2025-06
3,C3 Hybrid,2025-03,2025-03-28,P_selected,MUT,0.008159080360347822,NEUTRAL,0.10624464962676175,0.10624464962676175,0.053122324813380875,2138027.725,0.9999999999999241,1,exclude,1,38,31,0.626767,0.008273,1.0,ok,-0.011379581836620356,1.2393288540951886,0.9997421810956645,31,-0.032258064516129004,-0.0002631961406563811,1,500000.0,2023-01_2025-06
3,C3 Hybrid,2025-03,2025-03-28,P_selected,RDS,0.007803794848397613,BUY,0.9941949478111843,0.9941949478111843,0.9941949478111843,7400143.375,1.0,1,exclude,1,38,31,0.626767,0.008273,1.0,ok,-0.011379581836620356,1.2393288540951886,0.9997421810956645,31,-0.0892857142857143,-0.0006967673971783584,1,500000.0,2023-01_2025-06
3,C3 Hybrid,2025-03,2025-03-28,P_selected,GAZ,0.007091408512986385,NEUTRAL,-0.17670743942380268,-0.17670743942380268,-0.08835371971190134,2379379.55,0.9999999999999984,1,exclude,1,38,31,0.626767,0.008273,1.0,ok,-0.011379581836620356,1.2393288540951886,0.9997421810956645,31,-0.04761904761904767,-0.0003376861196660187,1,500000.0,2023-01_2025-06
3,C3 Hybrid,2025-03,2025-03-28,P_selected,HPS,0.00652821118521449,NEUTRAL,-0.099786337662689,-0.099786337662689,-0.0498931688313445,3962919.1150000007,1.0,1,exclude,1,38,31,0.626767,0.008273,1.0,ok,-0.011379581836620356,1.2393288540951886,0.9997421810956645,31,-0.08225806451612905,-0.0005369980168482888,1,500000.0,2023-01_2025-06
3,C3 Hybrid,2025-03,2025-03-28,P_selected,TGC,0.004461273622915581,BUY,0.5186650727457272,0.5186650727457272,0.5186650727457272,44103313.18,1.0,1,exclude,1,38,31,0.626767,0.008273,1.0,ok,-0.011379581836620356,1.2393288540951886,0.9997421810956645,31,0.04571428571428582,0.00020394393704756988,1,500000.0,2023-01_2025-06
3,C3 Hybrid,2025-03,2025-03-28,P_selected,BCI,0.004094857012472137,NEUTRAL,-0.08697350637222656,-0.08697350637222656,-0.04348675318611328,534851.7749999997,0.989621933539771,1,exclude,1,38,31,0.626767,0.008273,1.0,ok,-0.011379581836620356,1.2393288540951886,0.9997421810956645,31,-0.056499999999999995,-0.00023135942120467573,1,500000.0,2023-01_2025-06
3,C3 Hybrid,2025-03,2025-03-28,P_selected,LBV,0.00202626759954139,NEUTRAL,-0.22898266404265352,-0.22898266404265352,-0.11449133202132676,6966633.45,1.0,1,exclude,1,38,31,0.626767,0.008273,1.0,ok,-0.011379581836620356,1.2393288540951886,0.9997421810956645,31,-0.029577782795213392,-5.993250294421367e-05,1,500000.0,2023-01_2025-06
3,C3 Hybrid,2025-03,2025-03-28,P_selected,SID,0.0007243549371076914,BUY,1.5579389302330675,1.5579389302330675,1.5579389302330675,13314217.6,1.0,1,exclude,1,38,31,0.626767,0.008273,1.0,ok,-0.011379581836620356,1.2393288540951886,0.9997421810956645,31,0.10526315789473695,7.624788811659917e-05,1,500000.0,2023-01_2025-06
3,C3 Hybrid,2025-03,2025-03-28,P_selected,RIS,0.0004979644083780671,NEUTRAL,0.19245777686046667,0.19245777686046667,0.09622888843023333,2198459.7125,0.9999999999999711,1,exclude,1,38,31,0.626767,0.008273,1.0,ok,-0.011379581836620356,1.2393288540951886,0.9997421810956645,31,0.006666666666666599,3.3197627225204133e-06,1,500000.0,2023-01_2025-06
3,C3 Hybrid,2025-03,2025-03-28,P_selected,SMI,0.0003535562879850875,NEUTRAL,0.14350001325382505,0.14350001325382505,0.07175000662691253,1412121.35,0.9999999915908179,1,exclude,1,38,31,0.626767,0.008273,1.0,ok,-0.011379581836620356,1.2393288540951886,0.9997421810956645,31,-0.0008368200836820217,-2.9586300249798585e-07,1,500000.0,2023-01_2025-06
3,C3 Hybrid,2025-03,2025-03-28,P_selected,SLF,0.00031975498623111923,BUY,1.1462971360322778,1.1462971360322778,1.1462971360322778,2379448.65,0.9999999999999984,1,exclude,1,38,31,0.626767,0.008273,1.0,ok,-0.011379581836620356,1.2393288540951886,0.9997421810956645,31,0.007407407407407307,2.368555453563814e-06,1,500000.0,2023-01_2025-06
3,C3 Hybrid,2025-04,2025-04-30,P_selected,CSR,0.15902246060399575,NEUTRAL,-0.025137055489204557,-0.025137055489204557,-0.012568527744602279,11843323.540000001,1.0,1,exclude,1,36,28,0.57545,0.0115,0.9993,ok,0.009498220210278463,1.3141616694237832,0.9999272881677729,28,-0.03361344537815125,-0.00534529279341162,1,500000.0,2023-01_2025-06
3,C3 Hybrid,2025-04,2025-04-30,P_selected,BOA,0.15380516502002364,NEUTRAL,0.12565931635816668,0.12565931635816668,0.06282965817908334,18157454.18,1.0,1,exclude,1,36,28,0.57545,0.0115,0.9993,ok,0.009498220210278463,1.3141616694237832,0.9999272881677729,28,0.053097345132743445,0.008166645930266754,1,500000.0,2023-01_2025-06
3,C3 Hybrid,2025-04,2025-04-30,P_selected,MNG,0.0802028928248341,BUY,0.8600850653910517,0.8600850653910517,0.8600850653910517,12771294.2,1.0,1,exclude,1,36,28,0.57545,0.0115,0.9993,ok,0.009498220210278463,1.3141616694237832,0.9999272881677729,28,0.0372549019607844,0.0029879509091604935,1,500000.0,2023-01_2025-06
3,C3 Hybrid,2025-04,2025-04-30,P_selected,AKT,0.06947937156988465,BUY,0.39664039960197,0.39664039960197,0.39664039960197,89425939.25,1.0,1,exclude,1,36,28,0.57545,0.0115,0.9993,ok,0.009498220210278463,1.3141616694237832,0.9999272881677729,28,-0.010273972602739767,-0.0007138291599645712,1,500000.0,2023-01_2025-06
3,C3 Hybrid,2025-04,2025-04-30,P_selected,S2M,0.06425466825548755,BUY,2.6016860387182774,2.6016860387182774,2.6016860387182774,3274747.2249999996,1.0,1,exclude,1,36,28,0.57545,0.0115,0.9993,ok,0.009498220210278463,1.3141616694237832,0.9999272881677729,28,-0.05150554675118857,-0.003309471819815126,1,500000.0,2023-01_2025-06
3,C3 Hybrid,2025-04,2025-04-30,P_selected,SRM,0.06379294382236493,BUY,2.0093393840538116,2.0093393840538116,2.0093393840538116,528251.6475,0.9884793464143106,1,exclude,1,36,28,0.57545,0.0115,0.9993,ok,0.009498220210278463,1.3141616694237832,0.9999272881677729,28,-0.07206928549334979,-0.004597511880795243,1,500000.0,2023-01_2025-06
3,C3 Hybrid,2025-04,2025-04-30,P_selected,TMA,0.05946514415074829,NEUTRAL,0.10012814111262665,0.10012814111262665,0.050064070556313324,7444221.15,1.0,1,exclude,1,36,28,0.57545,0.0115,0.9993,ok,0.009498220210278463,1.3141616694237832,0.9999272881677729,28,0.03200000000000003,0.001902884612823947,1,500000.0,2023-01_2025-06
3,C3 Hybrid,2025-04,2025-04-30,P_selected,ATH,0.059363853837356394,BUY,0.28533529696357485,0.28533529696357485,0.28533529696357485,1815019.193,0.9999999999866607,1,exclude,1,36,28,0.57545,0.0115,0.9993,ok,0.009498220210278463,1.3141616694237832,0.9999272881677729,28,0.0128571428571429,0.0007632495493374419,1,500000.0,2023-01_2025-06
3,C3 Hybrid,2025-04,2025-04-30,P_selected,CMG,0.04632889604796461,NEUTRAL,0.20082454745560635,0.20082454745560635,0.10041227372780318,7520290.589999999,1.0,1,exclude,1,36,28,0.57545,0.0115,0.9993,ok,0.009498220210278463,1.3141616694237832,0.9999272881677729,28,0.06962025316455689,0.0032254294716937354,1,500000.0,2023-01_2025-06
3,C3 Hybrid,2025-04,2025-04-30,P_selected,SBM,0.04042737336723224,NEUTRAL,-0.1964209692801065,-0.1964209692801065,-0.09821048464005325,1068319.0,0.9999979406209638,1,exclude,1,36,28,0.57545,0.0115,0.9993,ok,0.009498220210278463,1.3141616694237832,0.9999272881677729,28,0.044273339749759444,0.0017898548362778495,1,500000.0,2023-01_2025-06
3,C3 Hybrid,2025-04,2025-04-30,P_selected,FBR,0.03946371466927803,BUY,2.1674880880378673,2.1674880880378673,2.1674880880378673,1161091.0175,0.9999995332428551,1,exclude,1,36,28,0.57545,0.0115,0.9993,ok,0.009498220210278463,1.3141616694237832,0.9999272881677729,28,0.03157894736842115,0.0012462225685035207,1,500000.0,2023-01_2025-06
3,C3 Hybrid,2025-04,2025-04-30,P_selected,CFG,0.03463375120689351,NEUTRAL,0.20488230546198183,0.20488230546198183,0.10244115273099091,7819518.352500001,1.0,1,exclude,1,36,28,0.57545,0.0115,0.9993,ok,0.009498220210278463,1.3141616694237832,0.9999272881677729,28,0.039755351681957096,0.0013768769592954573,1,500000.0,2023-01_2025-06
3,C3 Hybrid,2025-04,2025-04-30,P_selected,MSA,0.030149151386192213,NEUTRAL,0.22457029547077856,0.22457029547077856,0.11228514773538928,50689804.875,1.0,1,exclude,1,36,28,0.57545,0.0115,0.9993,ok,0.009498220210278463,1.3141616694237832,0.9999272881677729,28,0.06325706594885605,0.0019071468575384057,1,500000.0,2023-01_2025-06
3,C3 Hybrid,2025-04,2025-04-30,P_selected,MUT,0.022232570412265756,BUY,0.3730186684670982,0.3730186684670982,0.3730186684670982,4187930.2975000003,1.0,1,exclude,1,36,28,0.57545,0.0115,0.9993,ok,0.009498220210278463,1.3141616694237832,0.9999272881677729,28,-0.039029189898327266,-0.0008677192125482523,1,500000.0,2023-01_2025-06
3,C3 Hybrid,2025-04,2025-04-30,P_selected,RIS,0.018322513776279237,NEUTRAL,0.18043523126739083,0.18043523126739083,0.09021761563369542,1843524.1774999998,0.9999999999915461,1,exclude,1,36,28,0.57545,0.0115,0.9993,ok,0.009498220210278463,1.3141616694237832,0.9999272881677729,28,0.10855263157894735,0.0019889570875566273,1,500000.0,2023-01_2025-06
3,C3 Hybrid,2025-04,2025-04-30,P_selected,BCI,0.01805076531877801,NEUTRAL,0.10061773854254141,0.10061773854254141,0.050308869271270706,3613811.9899999998,1.0,1,exclude,1,36,28,0.57545,0.0115,0.9993,ok,0.009498220210278463,1.3141616694237832,0.9999272881677729,28,-0.010600706713780883,-0.00019135086910365318,1,500000.0,2023-01_2025-06
3,C3 Hybrid,2025-04,2025-04-30,P_selected,JET,0.016372821523322038,BUY,1.6685071454011895,1.6685071454011895,1.6685071454011895,18997465.15,1.0,1,exclude,1,36,28,0.57545,0.0115,0.9993,ok,0.009498220210278463,1.3141616694237832,0.9999272881677729,28,0.032258064516129004,0.0005281555330103879,1,500000.0,2023-01_2025-06
3,C3 Hybrid,2025-04,2025-04-30,P_selected,GAZ,0.006138692107132436,NEUTRAL,-0.05104167034932487,-0.05104167034932487,-0.025520835174662436,921467.25,0.9999784146903951,1,exclude,1,36,28,0.57545,0.0115,0.9993,ok,0.009498220210278463,1.3141616694237832,0.9999272881677729,28,-0.008264462809917328,-5.073299262092906e-05,1,500000.0,2023-01_2025-06
3,C3 Hybrid,2025-04,2025-04-30,P_selected,LBV,0.004963358105113636,NEUTRAL,0.1322450559965265,0.1322450559965265,0.06612252799826325,25683203.1,1.0,1,exclude,1,36,28,0.57545,0.0115,0.9993,ok,0.009498220210278463,1.3141616694237832,0.9999272881677729,28,0.04651162790697683,0.00023085386535412301,1,500000.0,2023-01_2025-06
3,C3 Hybrid,2025-04,2025-04-30,P_selected,CMT,0.003079655561835165,NEUTRAL,0.16946738734569022,0.16946738734569022,0.08473369367284511,1613564.85,0.9999999996650493,1,exclude,1,36,28,0.57545,0.0115,0.9993,ok,0.009498220210278463,1.3141616694237832,0.9999272881677729,28,0.005376344086021501,1.655728796685571e-05,1,500000.0,2023-01_2025-06
3,C3 Hybrid,2025-04,2025-04-30,P_selected,SOT,0.0027811436559440498,NEUTRAL,0.1439991054384371,0.1439991054384371,0.07199955271921855,2642072.95,1.0,1,exclude,1,36,28,0.57545,0.0115,0.9993,ok,0.009498220210278463,1.3141616694237832,0.9999272881677729,28,0.15651503469545114,0.0004352907958031168,1,500000.0,2023-01_2025-06
3,C3 Hybrid,2025-04,2025-04-30,P_selected,TQM,0.002341432143780284,BUY,0.4036253016422889,0.4036253016422889,0.4036253016422889,18219816.0,1.0,1,exclude,1,36,28,0.57545,0.0115,0.9993,ok,0.009498220210278463,1.3141616694237832,0.9999272881677729,28,0.2875000000000001,0.0006731617413368319,1,500000.0,2023-01_2025-06
3,C3 Hybrid,2025-04,2025-04-30,P_selected,CDM,0.0022816460327874364,NEUTRAL,0.03015077332750037,0.03015077332750037,0.015075386663750185,3530494.05,1.0,1,exclude,1,36,28,0.57545,0.0115,0.9993,ok,0.009498220210278463,1.3141616694237832,0.9999272881677729,28,0.02777777777777768,6.337905646631745e-05,1,500000.0,2023-01_2025-06
3,C3 Hybrid,2025-04,2025-04-30,P_selected,DHO,0.0011748632831955828,BUY,0.4906162319648453,0.4906162319648453,0.4906162319648453,6295311.591,1.0,1,exclude,1,36,28,0.57545,0.0115,0.9993,ok,0.009498220210278463,1.3141616694237832,0.9999272881677729,28,0.009732360097323589,1.1434192537183273e-05,1,500000.0,2023-01_2025-06
3,C3 Hybrid,2025-04,2025-04-30,P_selected,TGC,0.0007760072332178841,BUY,0.6320597021252856,0.6320597021252856,0.6320597021252856,37316632.05499999,1.0,1,exclude,1,36,28,0.57545,0.0115,0.9993,ok,0.009498220210278463,1.3141616694237832,0.9999272881677729,28,0.20054570259208737,0.00015562491580222237,1,500000.0,2023-01_2025-06
3,C3 Hybrid,2025-04,2025-04-30,P_selected,ATL,0.0005883460864546151,NEUTRAL,-0.010410023021497732,-0.010410023021497732,-0.005205011510748866,4126468.5925,1.0,1,exclude,1,36,28,0.57545,0.0115,0.9993,ok,0.009498220210278463,1.3141616694237832,0.9999272881677729,28,0.014814814814814836,8.716238317846161e-06,1,500000.0,2023-01_2025-06
3,C3 Hybrid,2025-04,2025-04-30,P_selected,SID,0.0003112018401930017,BUY,1.4360606453664537,1.4360606453664537,1.4360606453664537,14517901.05,1.0,1,exclude,1,36,28,0.57545,0.0115,0.9993,ok,0.009498220210278463,1.3141616694237832,0.9999272881677729,28,0.1880952380952381,5.853558422677889e-05,1,500000.0,2023-01_2025-06
3,C3 Hybrid,2025-04,2025-04-30,P_selected,HPS,0.00012288432521754698,NEUTRAL,-0.10473603543198276,-0.10473603543198276,-0.05236801771599138,4638703.975,1.0,1,exclude,1,36,28,0.57545,0.0115,0.9993,ok,0.009498220210278463,1.3141616694237832,0.9999272881677729,28,-0.03508771929824561,-4.311730709387613e-06,1,500000.0,2023-01_2025-06
3,C3 Hybrid,2025-05,2025-05-30,P_selected,BOA,0.16800934990775748,NEUTRAL,0.03378826349087813,0.03378826349087813,0.016894131745439064,7024782.4825,1.0,1,exclude,1,33,30,0.514062,0.011466,0.9999,ok,0.057344963864817355,0.6654174570355204,0.9999155085818623,30,0.17647058823529416,0.029648708807251328,1,500000.0,2023-01_2025-06
3,C3 Hybrid,2025-05,2025-05-30,P_selected,MNG,0.08523947533888682,BUY,0.9500952401409488,0.9500952401409488,0.9500952401409488,6070304.8,1.0,1,exclude,1,33,30,0.514062,0.011466,0.9999,ok,0.057344963864817355,0.6654174570355204,0.9999155085818623,30,0.0,0.0,1,500000.0,2023-01_2025-06
3,C3 Hybrid,2025-05,2025-05-30,P_selected,EQD,0.07987909331460089,NEUTRAL,0.185505011950412,0.185505011950412,0.092752505975206,923517.8,0.9999791113725627,1,exclude,1,33,30,0.514062,0.011466,0.9999,ok,0.057344963864817355,0.6654174570355204,0.9999155085818623,30,0.19999999999999996,0.015975818662920173,1,500000.0,2023-01_2025-06
3,C3 Hybrid,2025-05,2025-05-30,P_selected,S2M,0.07778445247915199,BUY,1.4499583851086657,1.4499583851086657,1.4499583851086657,684420.8949999999,0.9990429852873827,1,exclude,1,33,30,0.514062,0.011466,0.9999,ok,0.057344963864817355,0.6654174570355204,0.9999155085818623,30,0.039408866995073843,0.0030653971420355427,1,500000.0,2023-01_2025-06
3,C3 Hybrid,2025-05,2025-05-30,P_selected,CSR,0.0641244140708477,NEUTRAL,-0.17490983633202206,-0.17490983633202206,-0.08745491816601103,4587240.37,1.0,1,exclude,1,33,30,0.514062,0.011466,0.9999,ok,0.057344963864817355,0.6654174570355204,0.9999155085818623,30,0.008583690987124415,0.0005504241551145694,1,500000.0,2023-01_2025-06
3,C3 Hybrid,2025-05,2025-05-30,P_selected,TMA,0.061816241786883816,NEUTRAL,-0.02780476703178289,-0.02780476703178289,-0.013902383515891445,7488419.35,1.0,1,exclude,1,33,30,0.514062,0.011466,0.9999,ok,0.057344963864817355,0.6654174570355204,0.9999155085818623,30,-0.07799586776859502,-0.004821411420361288,1,500000.0,2023-01_2025-06
3,C3 Hybrid,2025-05,2025-05-30,P_selected,AKT,0.05409841325044282,BUY,0.2500795180033273,0.2500795180033273,0.2500795180033273,16301656.05,1.0,1,exclude,1,33,30,0.514062,0.011466,0.9999,ok,0.057344963864817355,0.6654174570355204,0.9999155085818623,30,0.0006896551724138167,3.730925051754805e-05,1,500000.0,2023-01_2025-06
3,C3 Hybrid,2025-05,2025-05-30,P_selected,DWY,0.05309670699942805,NEUTRAL,0.15806373313610805,0.15806373313610805,0.07903186656805403,741636.3949999999,0.9996166513778185,1,exclude,1,33,30,0.514062,0.011466,0.9999,ok,0.057344963864817355,0.6654174570355204,0.9999155085818623,30,-0.040000000000000036,-0.0021238682799771236,1,500000.0,2023-01_2025-06
3,C3 Hybrid,2025-05,2025-05-30,P_selected,ATH,0.052135792127867876,BUY,0.4405275949587366,0.4405275949587366,0.4405275949587366,1916332.736,0.9999999999973628,1,exclude,1,33,30,0.514062,0.011466,0.9999,ok,0.057344963864817355,0.6654174570355204,0.9999155085818623,30,0.038594691627131805,0.0020121648199113067,1,500000.0,2023-01_2025-06
3,C3 Hybrid,2025-05,2025-05-30,P_selected,FBR,0.04625384243224421,BUY,2.487180928910842,2.487180928910842,2.487180928910842,939575.5599999999,0.9999838440978368,1,exclude,1,33,30,0.514062,0.011466,0.9999,ok,0.057344963864817355,0.6654174570355204,0.9999155085818623,30,0.37400662251655636,0.017299243386496636,1,500000.0,2023-01_2025-06
3,C3 Hybrid,2025-05,2025-05-30,P_selected,MIC,0.039822887917477755,BUY,0.44925224504726846,0.44925224504726846,0.44925224504726846,845191.45,0.9999268600875737,1,exclude,1,33,30,0.514062,0.011466,0.9999,ok,0.057344963864817355,0.6654174570355204,0.9999155085818623,30,-0.02352941176470591,-0.0009370091274700659,1,500000.0,2023-01_2025-06
3,C3 Hybrid,2025-05,2025-05-30,P_selected,CMG,0.03402390386220114,BUY,0.7367874137329199,0.7367874137329199,0.7367874137329199,9064685.364999998,1.0,1,exclude,1,33,30,0.514062,0.011466,0.9999,ok,0.057344963864817355,0.6654174570355204,0.9999155085818623,30,-0.06694312796208535,-0.0022776665500170204,1,500000.0,2023-01_2025-06
3,C3 Hybrid,2025-05,2025-05-30,P_selected,TGC,0.03321256082663308,BUY,0.9373322225214981,0.9373322225214981,0.9373322225214981,43987244.82,1.0,1,exclude,1,33,30,0.514062,0.011466,0.9999,ok,0.057344963864817355,0.6654174570355204,0.9999155085818623,30,-0.021615472127417545,-0.0007179051828282471,1,500000.0,2023-01_2025-06
3,C3 Hybrid,2025-05,2025-05-30,P_selected,BCI,0.02816020654384745,NEUTRAL,-0.19488816052671917,-0.19488816052671917,-0.09744408026335959,1462316.3799999997,0.9999999962332831,1,exclude,1,33,30,0.514062,0.011466,0.9999,ok,0.057344963864817355,0.6654174570355204,0.9999155085818623,30,0.11981063364894373,0.0033738921897034945,1,500000.0,2023-01_2025-06
3,C3 Hybrid,2025-05,2025-05-30,P_selected,LBV,0.02513477295037277,BUY,0.3357898689896741,0.3357898689896741,0.3357898689896741,21415882.05,1.0,1,exclude,1,33,30,0.514062,0.011466,0.9999,ok,0.057344963864817355,0.6654174570355204,0.9999155085818623,30,-0.0430622009569378,-0.0010823586437959567,1,500000.0,2023-01_2025-06
3,C3 Hybrid,2025-05,2025-05-30,P_selected,CDM,0.023857915831137774,NEUTRAL,-0.0001836970577848429,-0.0001836970577848429,-9.184852889242145e-05,5271587.35,1.0,1,exclude,1,33,30,0.514062,0.011466,0.9999,ok,0.057344963864817355,0.6654174570355204,0.9999155085818623,30,0.022831050228310446,0.0005447012746835094,1,500000.0,2023-01_2025-06
3,C3 Hybrid,2025-05,2025-05-30,P_selected,RIS,0.017305814781865384,NEUTRAL,0.11758710990164567,0.11758710990164567,0.058793554950822835,1320001.765,0.9999999632830845,1,exclude,1,33,30,0.514062,0.011466,0.9999,ok,0.057344963864817355,0.6654174570355204,0.9999155085818623,30,0.00591715976331364,0.00010240127089861227,1,500000.0,2023-01_2025-06
3,C3 Hybrid,2025-05,2025-05-30,P_selected,SID,0.01703435934270821,BUY,1.8096033882538565,1.8096033882538565,1.8096033882538565,7997719.5,1.0,1,exclude,1,33,30,0.514062,0.011466,0.9999,ok,0.057344963864817355,0.6654174570355204,0.9999155085818623,30,0.022044088176352616,0.0003755069193783358,1,500000.0,2023-01_2025-06
3,C3 Hybrid,2025-05,2025-05-30,P_selected,SOT,0.01666628269296334,BUY,0.45586619878857965,0.45586619878857965,0.45586619878857965,3893552.45,1.0,1,exclude,1,33,30,0.514062,0.011466,0.9999,ok,0.057344963864817355,0.6654174570355204,0.9999155085818623,30,-0.04096228868660601,-0.0006826890830017498,1,500000.0,2023-01_2025-06
3,C3 Hybrid,2025-05,2025-05-30,P_selected,JET,0.014103041491389733,BUY,2.241960625056501,2.241960625056501,2.241960625056501,18433017.2,1.0,1,exclude,1,33,30,0.514062,0.011466,0.9999,ok,0.057344963864817355,0.6654174570355204,0.9999155085818623,30,-0.09140518417462484,-0.0012890911049428543,1,500000.0,2023-01_2025-06
3,C3 Hybrid,2025-05,2025-05-30,P_selected,MUT,0.0023961500589248274,BUY,0.2988524879600897,0.2988524879600897,0.2988524879600897,2958387.6725,1.0,1,exclude,1,33,30,0.514062,0.011466,0.9999,ok,0.057344963864817355,0.6654174570355204,0.9999155085818623,30,-0.006565656565656552,-1.5732298366678126e-05,1,500000.0,2023-01_2025-06
3,C3 Hybrid,2025-05,2025-05-30,P_selected,HPS,0.0019106320941595098,NEUTRAL,-0.040918377380944004,-0.040918377380944004,-0.020459188690472002,6033217.15,1.0,1,exclude,1,33,30,0.514062,0.011466,0.9999,ok,0.057344963864817355,0.6654174570355204,0.9999155085818623,30,0.02473498233215543,4.725945109228461e-05,1,500000.0,2023-01_2025-06
3,C3 Hybrid,2025-05,2025-05-30,P_selected,TQM,0.0011435720800018283,BUY,0.7902741286088637,0.7902741286088637,0.7902741286088637,20907903.1,1.0,1,exclude,1,33,30,0.514062,0.011466,0.9999,ok,0.057344963864817355,0.6654174570355204,0.9999155085818623,30,-0.08196721311475408,-9.373541639359247e-05,1,500000.0,2023-01_2025-06
3,C3 Hybrid,2025-05,2025-05-30,P_selected,CFG,0.0007319133709434921,BUY,0.2732277531105347,0.2732277531105347,0.2732277531105347,8310008.505000001,1.0,1,exclude,1,33,30,0.514062,0.011466,0.9999,ok,0.057344963864817355,0.6654174570355204,0.9999155085818623,30,-0.033816425120772986,-2.4750693703403143e-05,1,500000.0,2023-01_2025-06
3,C3 Hybrid,2025-05,2025-05-30,P_selected,ADI,0.0007000160809315015,BUY,2.0635336048371467,2.0635336048371467,2.0635336048371467,17076495.002499998,1.0,1,exclude,1,33,30,0.514062,0.011466,0.9999,ok,0.057344963864817355,0.6654174570355204,0.9999155085818623,30,-0.055666003976143186,-3.896709794449713e-05,1,500000.0,2023-01_2025-06
3,C3 Hybrid,2025-05,2025-05-30,P_selected,CMT,0.0004515140889033374,NEUTRAL,0.08663525692262827,0.08663525692262827,0.04331762846131414,1099009.4,0.9999987396885189,1,exclude,1,33,30,0.514062,0.011466,0.9999,ok,0.057344963864817355,0.6654174570355204,0.9999155085818623,30,0.267379679144385,0.00012072569222014368,1,500000.0,2023-01_2025-06
3,C3 Hybrid,2025-05,2025-05-30,P_selected,SNP,0.000327574852188349,BUY,0.4855868163878413,0.4855868163878413,0.4855868163878413,2363377.03,0.999999999999998,1,exclude,1,33,30,0.514062,0.011466,0.9999,ok,0.057344963864817355,0.6654174570355204,0.9999155085818623,30,-0.07244623655913973,-2.373156523246236e-05,1,500000.0,2023-01_2025-06
3,C3 Hybrid,2025-05,2025-05-30,P_selected,DHO,0.00021954924204587662,BUY,0.8900633803636051,0.8900633803636051,0.8900633803636051,16194570.0795,1.0,1,exclude,1,33,30,0.514062,0.011466,0.9999,ok,0.057344963864817355,0.6654174570355204,0.9999155085818623,30,-0.0037359900373599153,-8.202337809933157e-07,1,500000.0,2023-01_2025-06
3,C3 Hybrid,2025-05,2025-05-30,P_selected,SMI,0.0001554445313692237,NEUTRAL,-0.08671503311070561,-0.08671503311070561,-0.043357516555352804,1006904.5,0.9999944984324739,1,exclude,1,33,30,0.514062,0.011466,0.9999,ok,0.057344963864817355,0.6654174570355204,0.9999155085818623,30,0.04691572545612521,7.292792957374543e-06,1,500000.0,2023-01_2025-06
3,C3 Hybrid,2025-05,2025-05-30,P_selected,RDS,0.00011961423368606239,BUY,0.9285160142179297,0.9285160142179297,0.9285160142179297,6781603.391,1.0,1,exclude,1,33,30,0.514062,0.011466,0.9999,ok,0.057344963864817355,0.6654174570355204,0.9999155085818623,30,0.20307988450433112,2.429124476203962e-05,1,500000.0,2023-01_2025-06
3,C3 Hybrid,2025-06,2025-06-30,P_selected,BOA,0.15017086421361656,NEUTRAL,-0.02908614004732804,-0.02908614004732804,-0.01454307002366402,37162078.075,1.0,1,exclude,1,35,28,0.520723,0.012323,0.9998,ok,-0.0003955827213161234,0.7581696021549233,0.9998470723753365,28,-0.25330882352941175,-0.038039604942346254,1,500000.0,2023-01_2025-06
3,C3 Hybrid,2025-06,2025-06-30,P_selected,CSR,0.12682393259325433,NEUTRAL,-0.21246045947999848,-0.21246045947999848,-0.10623022973999924,4633836.7225,1.0,1,exclude,1,35,28,0.520723,0.012323,0.9998,ok,-0.0003955827213161234,0.7581696021549233,0.9998470723753365,28,-0.22375397667020147,-0.028377359254694236,1,500000.0,2023-01_2025-06
3,C3 Hybrid,2025-06,2025-06-30,P_selected,ARD,0.11823853221673665,BUY,0.5293195418879519,0.5293195418879519,0.5293195418879519,1942854.0150000001,0.9999999999982747,1,exclude,1,35,28,0.520723,0.012323,0.9998,ok,-0.0003955827213161234,0.7581696021549233,0.9998470723753365,28,-0.04391304347826086,-0.005192213806039304,1,500000.0,2023-01_2025-06
3,C3 Hybrid,2025-06,2025-06-30,P_selected,AFI,0.0783636384863128,BUY,0.9354751715986555,0.9354751715986555,0.9354751715986555,621474.575,0.9973842707703422,1,exclude,1,35,28,0.520723,0.012323,0.9998,ok,-0.0003955827213161234,0.7581696021549233,0.9998470723753365,28,0.03571428571428581,0.002798701374511179,1,500000.0,2023-01_2025-06
3,C3 Hybrid,2025-06,2025-06-30,P_selected,S2M,0.07034883561811005,BUY,1.565113337624896,1.565113337624896,1.565113337624896,1125743.47,0.9999991783048232,1,exclude,1,35,28,0.520723,0.012323,0.9998,ok,-0.0003955827213161234,0.7581696021549233,0.9998470723753365,28,-0.12068965517241381,-0.008490376712530525,1,500000.0,2023-01_2025-06
3,C3 Hybrid,2025-06,2025-06-30,P_selected,MNG,0.06981077128918209,BUY,0.6131930765155827,0.6131930765155827,0.6131930765155827,7154653.15,1.0,1,exclude,1,35,28,0.520723,0.012323,0.9998,ok,-0.0003955827213161234,0.7581696021549233,0.9998470723753365,28,1.8006859756097562,0.12570727680693042,1,500000.0,2023-01_2025-06
3,C3 Hybrid,2025-06,2025-06-30,P_selected,FBR,0.06875745782402166,BUY,2.434254013398027,2.434254013398027,2.434254013398027,2861645.0799999996,1.0,1,exclude,1,35,28,0.520723,0.012323,0.9998,ok,-0.0003955827213161234,0.7581696021549233,0.9998470723753365,28,-0.3547326906222611,-0.02439051801426184,1,500000.0,2023-01_2025-06
3,C3 Hybrid,2025-06,2025-06-30,P_selected,CMG,0.05025010782091009,NEUTRAL,0.02562908061094263,0.02562908061094263,0.012814540305471314,5977554.67,1.0,1,exclude,1,35,28,0.520723,0.012323,0.9998,ok,-0.0003955827213161234,0.7581696021549233,0.9998470723753365,28,0.15512820512820502,0.00779520903375656,1,500000.0,2023-01_2025-06
3,C3 Hybrid,2025-06,2025-06-30,P_selected,EQD,0.04761397609462299,NEUTRAL,0.10224622612763637,0.10224622612763637,0.051123113063818185,835199.9,0.9999141822092419,1,exclude,1,35,28,0.520723,0.012323,0.9998,ok,-0.0003955827213161234,0.7581696021549233,0.9998470723753365,28,0.10952380952380958,0.0052148640484587115,1,500000.0,2023-01_2025-06
3,C3 Hybrid,2025-06,2025-06-30,P_selected,AKT,0.04305750584985079,NEUTRAL,0.22839363815778,0.22839363815778,0.11419681907889,19644666.45,1.0,1,exclude,1,35,28,0.520723,0.012323,0.9998,ok,-0.0003955827213161234,0.7581696021549233,0.9998470723753365,28,-0.17903335602450643,-0.007708729774343605,1,500000.0,2023-01_2025-06
3,C3 Hybrid,2025-06,2025-06-30,P_selected,TMA,0.04263335608818152,NEUTRAL,-0.17867703328844964,-0.17867703328844964,-0.08933851664422482,3993020.15,1.0,1,exclude,1,35,28,0.520723,0.012323,0.9998,ok,-0.0003955827213161234,0.7581696021549233,0.9998470723753365,28,-0.101123595505618,-0.004311238256108245,1,500000.0,2023-01_2025-06
3,C3 Hybrid,2025-06,2025-06-30,P_selected,ADI,0.026258895800417063,BUY,1.738969933901845,1.738969933901845,1.738969933901845,25074011.71,1.0,1,exclude,1,35,28,0.520723,0.012323,0.9998,ok,-0.0003955827213161234,0.7581696021549233,0.9998470723753365,28,-0.12757201646090532,-0.0033499002872960032,1,500000.0,2023-01_2025-06
3,C3 Hybrid,2025-06,2025-06-30,P_selected,ATH,0.017743905255901346,BUY,0.41604344882690825,0.41604344882690825,0.41604344882690825,1095306.1835,0.9999986627566618,1,exclude,1,35,28,0.520723,0.012323,0.9998,ok,-0.0003955827213161234,0.7581696021549233,0.9998470723753365,28,-0.09408805031446543,-0.0016694894504923534,1,500000.0,2023-01_2025-06
3,C3 Hybrid,2025-06,2025-06-30,P_selected,ATL,0.016039951646545102,NEUTRAL,0.055005385224323126,0.055005385224323126,0.027502692612161563,5286162.535,1.0,1,exclude,1,35,28,0.520723,0.012323,0.9998,ok,-0.0003955827213161234,0.7581696021549233,0.9998470723753365,28,-0.08450704225352113,-0.0013554888715390228,1,500000.0,2023-01_2025-06
3,C3 Hybrid,2025-06,2025-06-30,P_selected,CTM,0.013235902336899337,BUY,0.802437331290443,0.802437331290443,0.802437331290443,719493.7950000002,0.9994537572653089,1,exclude,1,35,28,0.520723,0.012323,0.9998,ok,-0.0003955827213161234,0.7581696021549233,0.9998470723753365,28,-0.03718430951101559,-0.0004921678891528395,1,500000.0,2023-01_2025-06
3,C3 Hybrid,2025-06,2025-06-30,P_selected,CDM,0.010866637131447369,BUY,0.6177293002354034,0.6177293002354034,0.6177293002354034,11199656.0,1.0,1,exclude,1,35,28,0.520723,0.012323,0.9998,ok,-0.0003955827213161234,0.7581696021549233,0.9998470723753365,28,-0.0855323020928116,-0.00092944848985992,1,500000.0,2023-01_2025-06
3,C3 Hybrid,2025-06,2025-06-30,P_selected,MUT,0.010191320901359234,BUY,0.3182412632533558,0.3182412632533558,0.3182412632533558,5967187.999999999,1.0,1,exclude,1,35,28,0.520723,0.012323,0.9998,ok,-0.0003955827213161234,0.7581696021549233,0.9998470723753365,28,-0.18454204971058896,-0.0018807272483952,1,500000.0,2023-01_2025-06
3,C3 Hybrid,2025-06,2025-06-30,P_selected,LBV,0.008266226324308025,NEUTRAL,0.04927016360871578,0.04927016360871578,0.02463508180435789,15097103.35,1.0,1,exclude,1,35,28,0.520723,0.012323,0.9998,ok,-0.0003955827213161234,0.7581696021549233,0.9998470723753365,28,-0.1123595505617978,-0.0009287894746413516,1,500000.0,2023-01_2025-06
3,C3 Hybrid,2025-06,2025-06-30,P_selected,CFG,0.00679574938024569,BUY,0.5298936996727741,0.5298936996727741,0.5298936996727741,4551682.8175,1.0,1,exclude,1,35,28,0.520723,0.012323,0.9998,ok,-0.0003955827213161234,0.7581696021549233,0.9998470723753365,28,-0.09292035398230092,-0.0006314634379874317,1,500000.0,2023-01_2025-06
3,C3 Hybrid,2025-06,2025-06-30,P_selected,BCI,0.006641694987428369,NEUTRAL,-0.058634949871758185,-0.058634949871758185,-0.029317474935879093,3773954.8599999994,1.0,1,exclude,1,35,28,0.520723,0.012323,0.9998,ok,-0.0003955827213161234,0.7581696021549233,0.9998470723753365,28,-0.048400328137817916,-0.0003214602167828335,1,500000.0,2023-01_2025-06
3,C3 Hybrid,2025-06,2025-06-30,P_selected,CMT,0.005613085335955669,BUY,0.5132176088847326,0.5132176088847326,0.5132176088847326,2982476.6,1.0,1,exclude,1,35,28,0.520723,0.012323,0.9998,ok,-0.0003955827213161234,0.7581696021549233,0.9998470723753365,28,1.0714900947459087,0.006014365338440011,1,500000.0,2023-01_2025-06
3,C3 Hybrid,2025-06,2025-06-30,P_selected,RDS,0.00510726412708153,BUY,0.8608581546452427,0.8608581546452427,0.8608581546452427,15340858.992500002,1.0,1,exclude,1,35,28,0.520723,0.012323,0.9998,ok,-0.0003955827213161234,0.7581696021549233,0.9998470723753365,28,0.31911532385466046,0.001629806245924912,1,500000.0,2023-01_2025-06
3,C3 Hybrid,2025-06,2025-06-30,P_selected,TGC,0.003979926352681845,BUY,0.37055005906059063,0.37055005906059063,0.37055005906059063,37492644.615,1.0,1,exclude,1,35,28,0.520723,0.012323,0.9998,ok,-0.0003955827213161234,0.7581696021549233,0.9998470723753365,28,-0.1238636363636364,-0.0004929681505026377,1,500000.0,2023-01_2025-06
3,C3 Hybrid,2025-06,2025-06-30,P_selected,DHO,0.0019059490794074317,BUY,0.25928889741022604,0.25928889741022604,0.25928889741022604,2390132.4845,0.9999999999999987,1,exclude,1,35,28,0.520723,0.012323,0.9998,ok,-0.0003955827213161234,0.7581696021549233,0.9998470723753365,28,-0.25,-0.0004764872698518579,1,500000.0,2023-01_2025-06
3,C3 Hybrid,2025-06,2025-06-30,P_selected,SMI,0.0005171411260414065,NEUTRAL,0.047813045881459855,0.047813045881459855,0.023906522940729927,1162948.65,0.9999995469117205,1,exclude,1,35,28,0.520723,0.012323,0.9998,ok,-0.0003955827213161234,0.7581696021549233,0.9998470723753365,28,3.513823904721395,0.0018171428507988343,1,500000.0,2023-01_2025-06
3,C3 Hybrid,2025-06,2025-06-30,P_selected,TQM,0.00031578630511011347,NEUTRAL,0.18840275098139955,0.18840275098139955,0.09420137549069978,10620135.5,1.0,1,exclude,1,35,28,0.520723,0.012323,0.9998,ok,-0.0003955827213161234,0.7581696021549233,0.9998470723753365,28,-0.38245614035087716,-0.00012077441142807847,1,500000.0,2023-01_2025-06
3,C3 Hybrid,2025-06,2025-06-30,P_selected,RIS,0.00017064191859932076,NEUTRAL,0.1596115627288558,0.1596115627288558,0.0798057813644279,1031681.5225000002,0.9999962990020594,1,exclude,1,35,28,0.520723,0.012323,0.9998,ok,-0.0003955827213161234,0.7581696021549233,0.9998470723753365,28,-0.051191526919682206,-8.735420369603349e-06,1,500000.0,2023-01_2025-06
3,C3 Hybrid,2025-06,2025-06-30,P_selected,CIH,0.00012801627110809385,NEUTRAL,-0.012894871532615426,-0.012894871532615426,-0.006447435766307713,3604032.0725000002,1.0,1,exclude,1,35,28,0.520723,0.012323,0.9998,ok,-0.0003955827213161234,0.7581696021549233,0.9998470723753365,28,-0.12653160257187912,-1.619810393858326e-05,1,500000.0,2023-01_2025-06
4,C4 Hybrid + régime,2023-01,2023-01-31,P_selected,CMA,0.19496660086330503,BUY,0.23380898654790178,0.23380898654790178,0.23380898654790178,2986329.6,1.0,1,exclude,1,17,13,0.516879,0.015495,0.9999,ok,0.0435671425956865,0.9999472502155714,0.9999472502155714,13,0.05551149881046791,0.010822888231904328,1,500000.0,2023-01_2025-06
4,C4 Hybrid + régime,2023-01,2023-01-31,P_selected,IAM,0.19168928445542038,BUY,0.9321461077228547,0.9321461077228547,0.9321461077228547,13544039.144499999,1.0,1,exclude,1,17,13,0.516879,0.015495,0.9999,ok,0.0435671425956865,0.9999472502155714,0.9999472502155714,13,-0.022105263157894628,-0.004237342077435587,1,500000.0,2023-01_2025-06
4,C4 Hybrid + régime,2023-01,2023-01-31,P_selected,LBV,0.1458222433329265,NEUTRAL,0.17183214237576477,0.17183214237576477,0.08591607118788239,2657280.1,1.0,1,exclude,1,17,13,0.516879,0.015495,0.9999,ok,0.0435671425956865,0.9999472502155714,0.9999472502155714,13,0.06024096385542177,0.008784472489935344,1,500000.0,2023-01_2025-06
4,C4 Hybrid + régime,2023-01,2023-01-31,P_selected,ARD,0.10326096974457598,NEUTRAL,-0.08380100915449865,-0.08380100915449865,-0.04190050457724932,1139534.2349999999,0.9999993410040309,1,exclude,1,17,13,0.516879,0.015495,0.9999,ok,0.0435671425956865,0.9999472502155714,0.9999472502155714,13,0.047601010101010255,0.004915326463851675,1,500000.0,2023-01_2025-06
4,C4 Hybrid + régime,2023-01,2023-01-31,P_selected,CSR,0.10145819539535722,BUY,2.49909552686642,2.49909552686642,2.49909552686642,2767953.9,1.0,1,exclude,1,17,13,0.516879,0.015495,0.9999,ok,0.0435671425956865,0.9999472502155714,0.9999472502155714,13,0.04651162790697683,0.004718985832342205,1,500000.0,2023-01_2025-06
4,C4 Hybrid + régime,2023-01,2023-01-31,P_selected,CMT,0.080449789268684,NEUTRAL,-0.0737948799301664,-0.0737948799301664,-0.0368974399650832,1487451.35,0.9999999974805409,1,exclude,1,17,13,0.516879,0.015495,0.9999,ok,0.0435671425956865,0.9999472502155714,0.9999472502155714,13,0.10256410256410264,0.00825126043781375,1,500000.0,2023-01_2025-06
4,C4 Hybrid + régime,2023-01,2023-01-31,P_selected,GAZ,0.060873235242332076,NEUTRAL,-0.14130449102766549,-0.14130449102766549,-0.07065224551383274,1628466.1,0.9999999997361018,1,exclude,1,17,13,0.516879,0.015495,0.9999,ok,0.0435671425956865,0.9999472502155714,0.9999472502155714,13,0.03402298850574703,0.0020710893829574994,1,500000.0,2023-01_2025-06
4,C4 Hybrid + régime,2023-01,2023-01-31,P_selected,BOA,0.05735921982755863,NEUTRAL,0.206234447220948,0.206234447220948,0.103117223610474,2365189.8625,0.999999999999998,1,exclude,1,17,13,0.516879,0.015495,0.9999,ok,0.0435671425956865,0.9999472502155714,0.9999472502155714,13,0.050000000000000044,0.002867960991377934,1,500000.0,2023-01_2025-06
4,C4 Hybrid + régime,2023-01,2023-01-31,P_selected,CIH,0.04428329140047691,BUY,0.3084855051443747,0.3084855051443747,0.3084855051443747,640825.5349999999,0.9980794256192659,1,exclude,1,17,13,0.516879,0.015495,0.9999,ok,0.0435671425956865,0.9999472502155714,0.9999472502155714,13,0.10154263434480426,0.004496642066263042,1,500000.0,2023-01_2025-06
4,C4 Hybrid + régime,2023-01,2023-01-31,P_selected,TQM,0.006096572744882861,BUY,1.181600595872839,1.181600595872839,1.181600595872839,574601.905,0.9944788380348597,1,exclude,1,17,13,0.516879,0.015495,0.9999,ok,0.0435671425956865,0.9999472502155714,0.9999472502155714,13,0.042105263157894646,0.00025669779978454096,1,500000.0,2023-01_2025-06
4,C4 Hybrid + régime,2023-01,2023-01-31,P_selected,MSA,0.0050700674891865595,BUY,0.35595993155384276,0.35595993155384276,0.35595993155384276,6920604.67,1.0,1,exclude,1,17,13,0.516879,0.015495,0.9999,ok,0.0435671425956865,0.9999472502155714,0.9999472502155714,13,0.06341463414634152,0.000321516474924026,1,500000.0,2023-01_2025-06
4,C4 Hybrid + régime,2023-01,2023-01-31,P_selected,TGC,0.004479836371069251,BUY,0.23786885691967766,0.23786885691967766,0.23786885691967766,611269.9075,0.9969217729919869,1,exclude,1,17,13,0.516879,0.015495,0.9999,ok,0.0435671425956865,0.9999472502155714,0.9999472502155714,13,0.10172413793103452,0.00045570749291911364,1,500000.0,2023-01_2025-06
4,C4 Hybrid + régime,2023-01,2023-01-31,P_selected,BCI,0.00413794407979583,BUY,0.39210329382570563,0.39210329382570563,0.39210329382570563,1096782.8175000001,0.9999986939802256,1,exclude,1,17,13,0.516879,0.015495,0.9999,ok,0.0435671425956865,0.9999472502155714,0.9999472502155714,13,0.32432432432432434,0.0013420359177716205,1,500000.0,2023-01_2025-06
4,C4 Hybrid + régime,2023-02,2023-02-28,P_selected,CMT,0.2036665923230476,BUY,3.9306223848672097,3.9306223848672097,3.9306223848672097,1034067.45,0.9999964376237946,1,exclude,1,17,15,1.024021,0.014728,1.0,ok,-0.053265194497679524,0.588214411280754,0.9999989831261937,15,-0.037837837837837784,-0.007706303493304493,1,500000.0,2023-01_2025-06
4,C4 Hybrid + régime,2023-02,2023-02-28,P_selected,CMA,0.1636939653214892,BUY,0.4570077347132889,0.4570077347132889,0.4570077347132889,1089665.05,0.9999985364451657,1,exclude,1,17,15,1.024021,0.014728,1.0,ok,-0.053265194497679524,0.588214411280754,0.9999989831261937,15,-0.10188679245283017,-0.01667825307049135,1,500000.0,2023-01_2025-06
4,C4 Hybrid + régime,2023-02,2023-02-28,P_selected,LBV,0.12098830798266111,NEUTRAL,-0.15073732416297975,-0.15073732416297975,-0.07536866208148987,3061243.25,1.0,1,exclude,1,17,15,1.024021,0.014728,1.0,ok,-0.053265194497679524,0.588214411280754,0.9999989831261937,15,-0.011363636363636354,-0.0013748671361666022,1,500000.0,2023-01_2025-06
4,C4 Hybrid + régime,2023-02,2023-02-28,P_selected,CIH,0.0980476953851444,NEUTRAL,0.07774090657754738,0.07774090657754738,0.03887045328877369,1095213.6300000001,0.9999986607749326,1,exclude,1,17,15,1.024021,0.014728,1.0,ok,-0.053265194497679524,0.588214411280754,0.9999989831261937,15,-0.012618296529968487,-0.001237194894449775,1,500000.0,2023-01_2025-06
4,C4 Hybrid + régime,2023-02,2023-02-28,P_selected,GAZ,0.08114499142488575,NEUTRAL,-0.07804246059348321,-0.07804246059348321,-0.03902123029674161,2997477.45,1.0,1,exclude,1,17,15,1.024021,0.014728,1.0,ok,-0.053265194497679524,0.588214411280754,0.9999989831261937,15,-0.1235955056179775,-0.010029156243525203,1,500000.0,2023-01_2025-06
4,C4 Hybrid + régime,2023-02,2023-02-28,P_selected,IAM,0.07715112119836341,BUY,0.4660679122403437,0.4660679122403437,0.4660679122403437,19150457.830000002,1.0,1,exclude,1,17,15,1.024021,0.014728,1.0,ok,-0.053265194497679524,0.588214411280754,0.9999989831261937,15,-0.07608695652173914,-0.005870194004223304,1,500000.0,2023-01_2025-06
4,C4 Hybrid + régime,2023-02,2023-02-28,P_selected,ARD,0.0712882788085595,BUY,0.48837951575291066,0.48837951575291066,0.48837951575291066,1171041.635,0.9999996019413807,1,exclude,1,17,15,1.024021,0.014728,1.0,ok,-0.053265194497679524,0.588214411280754,0.9999989831261937,15,0.00518259611907923,0.00036945835708907855,1,500000.0,2023-01_2025-06
4,C4 Hybrid + régime,2023-02,2023-02-28,P_selected,ATL,0.051618128765212185,NEUTRAL,-0.12885518104027224,-0.12885518104027224,-0.06442759052013612,1271202.9575,0.999999919840497,1,exclude,1,17,15,1.024021,0.014728,1.0,ok,-0.053265194497679524,0.588214411280754,0.9999989831261937,15,-0.07072987208427395,-0.0036509436447930395,1,500000.0,2023-01_2025-06
4,C4 Hybrid + régime,2023-02,2023-02-28,P_selected,CSR,0.0474205387165561,BUY,2.077691700955194,2.077691700955194,2.077691700955194,910033.8474999999,0.9999740818607816,1,exclude,1,17,15,1.024021,0.014728,1.0,ok,-0.053265194497679524,0.588214411280754,0.9999989831261937,15,-0.0444444444444444,-0.002107579498513602,1,500000.0,2023-01_2025-06
4,C4 Hybrid + régime,2023-02,2023-02-28,P_selected,SAH,0.0425262233169964,NEUTRAL,-0.06158848846499528,-0.06158848846499528,-0.03079424423249764,2543576.1,0.9999999999999998,1,exclude,1,17,15,1.024021,0.014728,1.0,ok,-0.053265194497679524,0.588214411280754,0.9999989831261937,15,-0.09134615384615385,-0.0038846069376102486,1,500000.0,2023-01_2025-06
4,C4 Hybrid + régime,2023-02,2023-02-28,P_selected,BOA,0.03815833153750078,NEUTRAL,0.14152861544898587,0.14152861544898587,0.07076430772449294,9772784.5,1.0,1,exclude,1,17,15,1.024021,0.014728,1.0,ok,-0.053265194497679524,0.588214411280754,0.9999989831261937,15,-0.026946107784431184,-0.0010282185144835556,1,500000.0,2023-01_2025-06
4,C4 Hybrid + régime,2023-02,2023-02-28,P_selected,MSA,0.0015590515538824435,NEUTRAL,0.09500412867582975,0.09500412867582975,0.04750206433791487,8126108.8225,1.0,1,exclude,1,17,15,1.024021,0.014728,1.0,ok,-0.053265194497679524,0.588214411280754,0.9999989831261937,15,-0.01834862385321101,-2.8606450529953093e-05,1,500000.0,2023-01_2025-06
4,C4 Hybrid + régime,2023-02,2023-02-28,P_selected,MUT,0.001433805620972268,NEUTRAL,-0.07779556013209395,-0.07779556013209395,-0.03889778006604697,878192.76,0.9999568629067194,1,exclude,1,17,15,1.024021,0.014728,1.0,ok,-0.053265194497679524,0.588214411280754,0.9999989831261937,15,-0.022685185185185253,-3.252614603131544e-05,1,500000.0,2023-01_2025-06
4,C4 Hybrid + régime,2023-02,2023-02-28,P_selected,BCP,0.0010868697855117933,NEUTRAL,0.14144001098519485,0.14144001098519485,0.07072000549259742,11828347.8025,1.0,1,exclude,1,17,15,1.024021,0.014728,1.0,ok,-0.053265194497679524,0.588214411280754,0.9999989831261937,15,-0.05020920502092052,-5.457086789180554e-05,1,500000.0,2023-01_2025-06
4,C4 Hybrid + régime,2023-02,2023-02-28,P_selected,LHM,0.00021508138541082285,NEUTRAL,0.018159174584649107,0.018159174584649107,0.009079587292324554,3813937.35,1.0,1,exclude,1,17,15,1.024021,0.014728,1.0,ok,-0.053265194497679524,0.588214411280754,0.9999989831261937,15,-0.013561741613133504,-2.9168781747363615e-06,1,500000.0,2023-01_2025-06
4,C4 Hybrid + régime,2023-03,2023-03-31,P_selected,AKT,0.35097095577401627,BUY,0.3591294762903777,0.3591294762903777,0.3591294762903777,835562.8699999999,0.9999146791109752,1,exclude,1,15,13,0.66278,0.013369,0.9979,ok,0.02033924995977232,1.2818369265979461,0.9999257102581023,13,0.03672413793103435,0.01288910578963193,1,500000.0,2023-01_2025-06
4,C4 Hybrid + régime,2023-03,2023-03-31,P_selected,CSR,0.16199223819665934,BUY,2.244929458137284,2.244929458137284,2.244929458137284,2099710.955,0.9999999999998597,1,exclude,1,15,13,0.66278,0.013369,0.9979,ok,0.02033924995977232,1.2818369265979461,0.9999257102581023,13,-0.013486934532171868,-0.0021847787112783353,1,500000.0,2023-01_2025-06
4,C4 Hybrid + régime,2023-03,2023-03-31,P_selected,ADI,0.14553236893209695,BUY,0.2931262270924591,0.2931262270924591,0.2931262270924591,1206786.3105000001,0.9999997753183202,1,exclude,1,15,13,0.66278,0.013369,0.9979,ok,0.02033924995977232,1.2818369265979461,0.9999257102581023,13,0.06788079470198682,0.00987885285797348,1,500000.0,2023-01_2025-06
4,C4 Hybrid + régime,2023-03,2023-03-31,P_selected,CMA,0.13163989847813584,BUY,0.2793371375577231,0.2793371375577231,0.2793371375577231,2768078.85,1.0,1,exclude,1,15,13,0.66278,0.013369,0.9979,ok,0.02033924995977232,1.2818369265979461,0.9999257102581023,13,0.03813559322033888,0.005020165619928896,1,500000.0,2023-01_2025-06
4,C4 Hybrid + régime,2023-03,2023-03-31,P_selected,CMT,0.12362908382388327,BUY,0.5883616469262345,0.5883616469262345,0.5883616469262345,507315.95,0.9839687658365996,1,exclude,1,15,13,0.66278,0.013369,0.9979,ok,0.02033924995977232,1.2818369265979461,0.9999257102581023,13,-0.026790595954073293,-0.003312096832897915,1,500000.0,2023-01_2025-06
4,C4 Hybrid + régime,2023-03,2023-03-31,P_selected,ATL,0.03197618910043927,BUY,0.30850653788874205,0.30850653788874205,0.30850653788874205,2324704.1875,0.9999999999999962,1,exclude,1,15,13,0.66278,0.013369,0.9979,ok,0.02033924995977232,1.2818369265979461,0.9999257102581023,13,0.05734038226921512,0.0018335269065318975,1,500000.0,2023-01_2025-06
4,C4 Hybrid + régime,2023-03,2023-03-31,P_selected,BOA,0.023728857348856647,NEUTRAL,0.1478227638146736,0.1478227638146736,0.0739113819073368,2560153.6025,1.0,1,exclude,1,15,13,0.66278,0.013369,0.9979,ok,0.02033924995977232,1.2818369265979461,0.9999257102581023,13,-0.006134969325153339,-0.0001455758119561749,1,500000.0,2023-01_2025-06
4,C4 Hybrid + régime,2023-03,2023-03-31,P_selected,MNG,0.011523113022812177,NEUTRAL,0.1815067760480739,0.1815067760480739,0.09075338802403694,1282594.6,0.9999999331967206,1,exclude,1,15,13,0.66278,0.013369,0.9979,ok,0.02033924995977232,1.2818369265979461,0.9999257102581023,13,-0.04315417810906241,-0.0004972704717572932,1,500000.0,2023-01_2025-06
4,C4 Hybrid + régime,2023-03,2023-03-31,P_selected,TQM,0.00946453562991184,BUY,0.5697621212669102,0.5697621212669102,0.5697621212669102,6903893.63,1.0,1,exclude,1,15,13,0.66278,0.013369,0.9979,ok,0.02033924995977232,1.2818369265979461,0.9999257102581023,13,0.0,0.0,1,500000.0,2023-01_2025-06
4,C4 Hybrid + régime,2023-03,2023-03-31,P_selected,DHO,0.008392494654035349,NEUTRAL,0.008590545989333113,0.008590545989333113,0.004295272994666557,576016.742,0.9946017515741817,1,exclude,1,15,13,0.66278,0.013369,0.9979,ok,0.02033924995977232,1.2818369265979461,0.9999257102581023,13,-0.02617397998460358,-0.00021966498709561375,1,500000.0,2023-01_2025-06
4,C4 Hybrid + régime,2023-03,2023-03-31,P_selected,BCP,0.0006493159253037235,NEUTRAL,0.016123603750313464,0.016123603750313464,0.008061801875156732,5811499.3625,1.0,1,exclude,1,15,13,0.66278,0.013369,0.9979,ok,0.02033924995977232,1.2818369265979461,0.9999257102581023,13,-0.030303030303030165,-1.9676240160718805e-05,1,500000.0,2023-01_2025-06
4,C4 Hybrid + régime,2023-03,2023-03-31,P_selected,BCI,0.0002900762515178105,NEUTRAL,-0.09023012931167415,-0.09023012931167415,-0.045115064655837075,5306193.6475,1.0,1,exclude,1,15,13,0.66278,0.013369,0.9979,ok,0.02033924995977232,1.2818369265979461,0.9999257102581023,13,-0.03248587570621464,-9.423381052132247e-06,1,500000.0,2023-01_2025-06
4,C4 Hybrid + régime,2023-03,2023-03-31,P_selected,ATW,0.00013658312043380598,NEUTRAL,-0.06173570422477244,-0.06173570422477244,-0.03086785211238622,13377655.584999999,1.0,1,exclude,1,15,13,0.66278,0.013369,0.9979,ok,0.02033924995977232,1.2818369265979461,0.9999257102581023,13,0.012249999999999872,1.6731432253141058e-06,1,500000.0,2023-01_2025-06
4,C4 Hybrid + régime,2023-04,2023-04-28,P_selected,AKT,0.4,NEUTRAL,0.1744644589343575,0.1744644589343575,0.08723222946717875,3402391.0424999995,1.0,1,exclude,1,19,15,0.493362,0.011996,0.999,ok,0.07088067178477031,0.5662406381198456,0.9998526433775977,15,0.0738255033557047,0.029530201342281882,1,500000.0,2023-01_2025-06
4,C4 Hybrid + régime,2023-04,2023-04-28,P_selected,ADI,0.19203255989929902,BUY,0.7251819157689033,0.7251819157689033,0.7251819157689033,1208116.0579999997,0.9999997800481433,1,exclude,1,19,15,0.493362,0.011996,0.999,ok,0.07088067178477031,0.5662406381198456,0.9998526433775977,15,0.09062499999999996,0.017402950740873963,1,500000.0,2023-01_2025-06
4,C4 Hybrid + régime,2023-04,2023-04-28,P_selected,CSR,0.09967398935593834,BUY,2.515651573347953,2.515651573347953,2.515651573347953,3219892.3125,1.0,1,exclude,1,19,15,0.493362,0.011996,0.999,ok,0.07088067178477031,0.5662406381198456,0.9998526433775977,15,0.027934537246049773,0.002784346768125828,1,500000.0,2023-01_2025-06
4,C4 Hybrid + régime,2023-04,2023-04-28,P_selected,CIH,0.07523185616554838,BUY,0.5518463862316572,0.5518463862316572,0.5518463862316572,520413.36500000005,0.9869600757360814,1,exclude,1,19,15,0.493362,0.011996,0.999,ok,0.07088067178477031,0.5662406381198456,0.9998526433775977,15,0.14631428116541945,0.01100749495560244,1,500000.0,2023-01_2025-06
4,C4 Hybrid + régime,2023-04,2023-04-28,P_selected,CMA,0.06123558502208906,NEUTRAL,-0.042100249512683596,-0.042100249512683596,-0.021050124756341798,2487721.45,0.9999999999999998,1,exclude,1,19,15,0.493362,0.011996,0.999,ok,0.07088067178477031,0.5662406381198456,0.9998526433775977,15,0.14113873295910184,0.008642712882027004,1,500000.0,2023-01_2025-06
4,C4 Hybrid + régime,2023-04,2023-04-28,P_selected,MNG,0.04447842838583041,NEUTRAL,-0.20217160553049057,-0.20217160553049057,-0.10108580276524529,1320150.35,0.9999999633702701,1,exclude,1,19,15,0.493362,0.011996,0.999,ok,0.07088067178477031,0.5662406381198456,0.9998526433775977,15,-0.09952809952809949,-0.0044268534472383745,1,500000.0,2023-01_2025-06
4,C4 Hybrid + régime,2023-04,2023-04-28,P_selected,GAZ,0.038839880150619135,NEUTRAL,-0.0007523863949514889,-0.0007523863949514889,-0.00037619319747574445,2067982.95,0.9999999999997671,1,exclude,1,19,15,0.493362,0.011996,0.999,ok,0.07088067178477031,0.5662406381198456,0.9998526433775977,15,0.038691249026227004,0.0015027634750564161,1,500000.0,2023-01_2025-06
4,C4 Hybrid + régime,2023-04,2023-04-28,P_selected,CMT,0.03235576602719235,NEUTRAL,0.03149123383658188,0.03149123383658188,0.01574561691829094,686211.15,0.9990699840753258,1,exclude,1,19,15,0.493362,0.011996,0.999,ok,0.07088067178477031,0.5662406381198456,0.9998526433775977,15,0.03285543608124253,0.0010630628025660566,1,500000.0,2023-01_2025-06
4,C4 Hybrid + régime,2023-04,2023-04-28,P_selected,SBM,0.024074827483785623,NEUTRAL,-0.16102964194603478,-0.16102964194603478,-0.08051482097301739,1084722.7,0.9999984160119108,1,exclude,1,19,15,0.493362,0.011996,0.999,ok,0.07088067178477031,0.5662406381198456,0.9998526433775977,15,0.09959183673469396,0.0023976562881811007,1,500000.0,2023-01_2025-06
4,C4 Hybrid + régime,2023-04,2023-04-28,P_selected,BOA,0.015229085928223573,NEUTRAL,0.1690466573933169,0.1690466573933169,0.08452332869665845,1890395.8974999997,0.9999999999960065,1,exclude,1,19,15,0.493362,0.011996,0.999,ok,0.07088067178477031,0.5662406381198456,0.9998526433775977,15,0.030615337981206414,0.0004662436128373993,1,500000.0,2023-01_2025-06
4,C4 Hybrid + régime,2023-04,2023-04-28,P_selected,MSA,0.01043152237660509,NEUTRAL,0.16002694010284196,0.16002694010284196,0.08001347005142098,4869166.4375,1.0,1,exclude,1,19,15,0.493362,0.011996,0.999,ok,0.07088067178477031,0.5662406381198456,0.9998526433775977,15,0.13025780189959302,0.0013587871752429976,1,500000.0,2023-01_2025-06
4,C4 Hybrid + régime,2023-04,2023-04-28,P_selected,SID,0.003753801137536315,BUY,0.3412838361916209,0.3412838361916209,0.3412838361916209,703463.7849999999,0.9992941632968811,1,exclude,1,19,15,0.493362,0.011996,0.999,ok,0.07088067178477031,0.5662406381198456,0.9998526433775977,15,0.048214285714285765,0.00018098684055978682,1,500000.0,2023-01_2025-06
4,C4 Hybrid + régime,2023-04,2023-04-28,P_selected,ATW,0.002288498057909839,BUY,0.42668587017661824,0.42668587017661824,0.42668587017661824,19593211.035,1.0,1,exclude,1,19,15,0.493362,0.011996,0.999,ok,0.07088067178477031,0.5662406381198456,0.9998526433775977,15,0.06848287928017993,0.00015672293623276575,1,500000.0,2023-01_2025-06
4,C4 Hybrid + régime,2023-04,2023-04-28,P_selected,TGC,0.0001154328118958996,NEUTRAL,0.07123817735643322,0.07123817735643322,0.03561908867821661,737828.0700000001,0.9995925761960032,1,exclude,1,19,15,0.493362,0.011996,0.999,ok,0.07088067178477031,0.5662406381198456,0.9998526433775977,15,0.022222222222222143,2.565173597686649e-06,1,500000.0,2023-01_2025-06
4,C4 Hybrid + régime,2023-04,2023-04-28,P_selected,TQM,0.0001114105751247652,NEUTRAL,-0.05320033668908243,-0.05320033668908243,-0.026600168344541215,1271501.99,0.9999999202231057,1,exclude,1,19,15,0.493362,0.011996,0.999,ok,0.07088067178477031,0.5662406381198456,0.9998526433775977,15,0.05714285714285716,6.366318578558013e-06,1,500000.0,2023-01_2025-06
4,C4 Hybrid + régime,2023-05,2023-05-31,P_selected,ADI,0.2796727475780676,BUY,0.7392857518202045,0.7392857518202045,0.7392857518202045,1961794.8165,0.9999999999987259,1,exclude,1,21,16,1.037014,0.014392,0.9992,ok,0.07964425751964654,1.1560598871607763,0.9997805479618913,16,0.1683453237410073,0.04708159923256681,1,500000.0,2023-01_2025-06
4,C4 Hybrid + régime,2023-05,2023-05-31,P_selected,CMA,0.19160063355963486,BUY,1.0012848973364683,1.0012848973364683,1.0012848973364683,4442305.05,1.0,1,exclude,1,21,16,1.037014,0.014392,0.9992,ok,0.07964425751964654,1.1560598871607763,0.9997805479618913,16,0.08203677510608198,0.01571829808551459,1,500000.0,2023-01_2025-06
4,C4 Hybrid + régime,2023-05,2023-05-31,P_selected,CSR,0.11574524044753065,BUY,3.8826629767042045,3.8826629767042045,3.8826629767042045,4808098.57,1.0,1,exclude,1,21,16,1.037014,0.014392,0.9992,ok,0.07964425751964654,1.1560598871607763,0.9997805479618913,16,0.0652827096421742,0.00755616292459978,1,500000.0,2023-01_2025-06
4,C4 Hybrid + régime,2023-05,2023-05-31,P_selected,CMT,0.11147211166492546,BUY,0.37488772456043523,0.37488772456043523,0.37488772456043523,780695.1,0.999794759246753,1,exclude,1,21,16,1.037014,0.014392,0.9992,ok,0.07964425751964654,1.1560598871607763,0.9997805479618913,16,0.05882352941176472,0.006557183039113264,1,500000.0,2023-01_2025-06
4,C4 Hybrid + régime,2023-05,2023-05-31,P_selected,CDM,0.09928006794344575,BUY,0.4509996464250211,0.4509996464250211,0.4509996464250211,2111296.7199999997,0.9999999999998834,1,exclude,1,21,16,1.037014,0.014392,0.9992,ok,0.07964425751964654,1.1560598871607763,0.9997805479618913,16,0.05957446808510647,0.005914557239184011,1,500000.0,2023-01_2025-06
4,C4 Hybrid + régime,2023-05,2023-05-31,P_selected,SBM,0.06848869639991895,BUY,0.8757321925346213,0.8757321925346213,0.8757321925346213,1324841.7,0.9999999660190999,1,exclude,1,21,16,1.037014,0.014392,0.9992,ok,0.07964425751964654,1.1560598871607763,0.9997805479618913,16,-0.041353383458646586,-0.0028322393248086763,1,500000.0,2023-01_2025-06
4,C4 Hybrid + régime,2023-05,2023-05-31,P_selected,DWY,0.06236306788920285,BUY,0.47330850496016247,0.47330850496016247,0.47330850496016247,547346.64,0.9914864497483079,1,exclude,1,21,16,1.037014,0.014392,0.9992,ok,0.07964425751964654,1.1560598871607763,0.9997805479618913,16,-0.01388888888888884,-0.0008661537206833699,1,500000.0,2023-01_2025-06
4,C4 Hybrid + régime,2023-05,2023-05-31,P_selected,TGC,0.0259442730619396,BUY,0.3717178154322622,0.3717178154322622,0.3717178154322622,1231054.7525,0.9999998476181343,1,exclude,1,21,16,1.037014,0.014392,0.9992,ok,0.07964425751964654,1.1560598871607763,0.9997805479618913,16,0.05776173285198549,0.0014985861696427188,1,500000.0,2023-01_2025-06
4,C4 Hybrid + régime,2023-05,2023-05-31,P_selected,HPS,0.014391241178093078,NEUTRAL,-0.031795339446048496,-0.031795339446048496,-0.015897669723024248,513894.9,0.985547335993131,1,exclude,1,21,16,1.037014,0.014392,0.9992,ok,0.07964425751964654,1.1560598871607763,0.9997805479618913,16,0.05269784172661862,0.0007583873498527455,1,500000.0,2023-01_2025-06
4,C4 Hybrid + régime,2023-05,2023-05-31,P_selected,ARD,0.013779272323054014,NEUTRAL,-0.03545982902564558,-0.03545982902564558,-0.01772991451282279,2783074.87,1.0,1,exclude,1,21,16,1.037014,0.014392,0.9992,ok,0.07964425751964654,1.1560598871607763,0.9997805479618913,16,0.0352831940575673,0.000486176739346381,1,500000.0,2023-01_2025-06
4,C4 Hybrid + régime,2023-05,2023-05-31,P_selected,MSA,0.01002640849418338,BUY,0.39293963062987947,0.39293963062987947,0.39293963062987947,3986821.0275,1.0,1,exclude,1,21,16,1.037014,0.014392,0.9992,ok,0.07964425751964654,1.1560598871607763,0.9997805479618913,16,0.012861736334405016,0.00012895702243322546,1,500000.0,2023-01_2025-06
4,C4 Hybrid + régime,2023-05,2023-05-31,P_selected,IAM,0.0023522736393739078,NEUTRAL,-0.10766708909771451,-0.10766708909771451,-0.053833544548857255,9482174.524,1.0,1,exclude,1,21,16,1.037014,0.014392,0.9992,ok,0.07964425751964654,1.1560598871607763,0.9997805479618913,16,0.08695652173913038,0.00020454553385860054,1,500000.0,2023-01_2025-06
4,C4 Hybrid + régime,2023-05,2023-05-31,P_selected,DHO,0.0016013383961654226,BUY,0.2171175246184961,0.2171175246184961,0.2171175246184961,850283.1369999999,0.9999325819392528,1,exclude,1,21,16,1.037014,0.014392,0.9992,ok,0.07964425751964654,1.1560598871607763,0.9997805479618913,16,0.15241635687732358,0.00024407016447131,1,500000.0,2023-01_2025-06
4,C4 Hybrid + régime,2023-05,2023-05-31,P_selected,CIH,0.001547179998460607,NEUTRAL,0.021778675552470927,0.021778675552470927,0.010889337776235464,2294585.9675000003,0.9999999999999938,1,exclude,1,21,16,1.037014,0.014392,0.9992,ok,0.07964425751964654,1.1560598871607763,0.9997805479618913,16,0.023339816615726594,3.6110897435590724e-05,1,500000.0,2023-01_2025-06
4,C4 Hybrid + régime,2023-05,2023-05-31,P_selected,LHM,0.0007910923913831059,BUY,0.3047955305374421,0.3047955305374421,0.3047955305374421,6990852.45,1.0,1,exclude,1,21,16,1.037014,0.014392,0.9992,ok,0.07964425751964654,1.1560598871607763,0.9997805479618913,16,0.09876543209876543,7.813258186499811e-05,1,500000.0,2023-01_2025-06
4,C4 Hybrid + régime,2023-05,2023-05-31,P_selected,GAZ,0.0007249029965120903,NEUTRAL,-0.12405364515773841,-0.12405364515773841,-0.062026822578869205,2430464.6,0.9999999999999993,1,exclude,1,21,16,1.037014,0.014392,0.9992,ok,0.07964425751964654,1.1560598871607763,0.9997805479618913,16,0.043695380774032566,3.167491245683299e-05,1,500000.0,2023-01_2025-06
4,C4 Hybrid + régime,2023-06,2023-06-28,P_selected,AKT,0.4,BUY,0.5392444181264222,0.5392444181264222,0.5392444181264222,3411651.5375,1.0,1,exclude,1,23,20,0.933828,0.010749,0.9995,ok,0.08096721776130344,1.428521616099557,0.9999606654497256,20,0.15107913669064743,0.060431654676258974,1,500000.0,2023-01_2025-06
4,C4 Hybrid + régime,2023-06,2023-06-28,P_selected,LES,0.18799893563663317,BUY,2.554729974500626,2.554729974500626,2.554729974500626,2605558.6,1.0,1,exclude,1,23,20,0.933828,0.010749,0.9995,ok,0.08096721776130344,1.428521616099557,0.9999606654497256,20,0.02544731610337969,0.004784068342244338,1,500000.0,2023-01_2025-06
4,C4 Hybrid + régime,2023-06,2023-06-28,P_selected,ADI,0.18079935072442205,BUY,0.9771363677506533,0.9771363677506533,0.9771363677506533,5938925.788,1.0,1,exclude,1,23,20,0.933828,0.010749,0.9995,ok,0.08096721776130344,1.428521616099557,0.9999606654497256,20,0.08227770261960399,0.01487575521272148,1,500000.0,2023-01_2025-06
4,C4 Hybrid + régime,2023-06,2023-06-28,P_selected,ATL,0.05160084259716907,BUY,0.27381843691358765,0.27381843691358765,0.27381843691358765,853437.7050000001,0.9999359000761471,1,exclude,1,23,20,0.933828,0.010749,0.9995,ok,0.08096721776130344,1.428521616099557,0.9999606654497256,20,-0.008130081300813052,-0.0004195190455054419,1,500000.0,2023-01_2025-06
4,C4 Hybrid + régime,2023-06,2023-06-28,P_selected,SLF,0.04632845164263389,BUY,0.2273452195554007,0.2273452195554007,0.2273452195554007,541188.725,0.9906131990863436,1,exclude,1,23,20,0.933828,0.010749,0.9995,ok,0.08096721776130344,1.428521616099557,0.9999606654497256,20,0.036363636363636376,0.0016846709688230512,1,500000.0,2023-01_2025-06
4,C4 Hybrid + régime,2023-06,2023-06-28,P_selected,CMA,0.03411609174674347,BUY,0.39981776468813013,0.39981776468813013,0.39981776468813013,4495991.85,1.0,1,exclude,1,23,20,0.933828,0.010749,0.9995,ok,0.08096721776130344,1.428521616099557,0.9999606654497256,20,-0.019607843137254943,-0.0006689429754263439,1,500000.0,2023-01_2025-06
4,C4 Hybrid + régime,2023-06,2023-06-28,P_selected,CDM,0.03054904176625074,NEUTRAL,0.06359096067378281,0.06359096067378281,0.031795480336891405,1552744.55,0.9999999991136532,1,exclude,1,23,20,0.933828,0.010749,0.9995,ok,0.08096721776130344,1.428521616099557,0.9999606654497256,20,-0.004016064257028162,-0.00012268691472390008,1,500000.0,2023-01_2025-06
4,C4 Hybrid + régime,2023-06,2023-06-28,P_selected,DWY,0.018189560576172853,NEUTRAL,0.15600573122653064,0.15600573122653064,0.07800286561326532,698752.775,0.9992389456200612,1,exclude,1,23,20,0.933828,0.010749,0.9995,ok,0.08096721776130344,1.428521616099557,0.9999606654497256,20,0.0028169014084507005,5.123819880612065e-05,1,500000.0,2023-01_2025-06
4,C4 Hybrid + régime,2023-06,2023-06-28,P_selected,CMT,0.01374096979024201,BUY,0.32560420707094045,0.32560420707094045,0.32560420707094045,765167.1,0.9997368895744893,1,exclude,1,23,20,0.933828,0.010749,0.9995,ok,0.08096721776130344,1.428521616099557,0.9999606654497256,20,0.11388888888888893,0.0015649437816664517,1,500000.0,2023-01_2025-06
4,C4 Hybrid + régime,2023-06,2023-06-28,P_selected,IAM,0.010926611188982496,BUY,0.429557161093205,0.429557161093205,0.429557161093205,44771855.795,1.0,1,exclude,1,23,20,0.933828,0.010749,0.9995,ok,0.08096721776130344,1.428521616099557,0.9999606654497256,20,0.15368421052631565,0.001679247614306782,1,500000.0,2023-01_2025-06
4,C4 Hybrid + régime,2023-06,2023-06-28,P_selected,BCI,0.0077389992021984965,BUY,0.45259944113664585,0.45259944113664585,0.45259944113664585,7488214.477500001,1.0,1,exclude,1,23,20,0.933828,0.010749,0.9995,ok,0.08096721776130344,1.428521616099557,0.9999606654497256,20,0.05676855895196509,0.00043933183243921614,1,500000.0,2023-01_2025-06
4,C4 Hybrid + régime,2023-06,2023-06-28,P_selected,SAH,0.005780856853870226,NEUTRAL,0.20310962294178214,0.20310962294178214,0.10155481147089107,814567.125,0.9998806193449075,1,exclude,1,23,20,0.933828,0.010749,0.9995,ok,0.08096721776130344,1.428521616099557,0.9999606654497256,20,0.05499999999999994,0.0003179471269628621,1,500000.0,2023-01_2025-06
4,C4 Hybrid + régime,2023-06,2023-06-28,P_selected,MUT,0.004104860784721324,NEUTRAL,-0.1896245375751791,-0.1896245375751791,-0.09481226878758955,1311488.7449999999,0.9999999579253309,1,exclude,1,23,20,0.933828,0.010749,0.9995,ok,0.08096721776130344,1.428521616099557,0.9999606654497256,20,0.06465517241379315,0.0002654004817707754,1,500000.0,2023-01_2025-06
4,C4 Hybrid + régime,2023-06,2023-06-28,P_selected,CSR,0.0021816785809058922,BUY,1.9064380077631096,1.9064380077631096,1.9064380077631096,2951938.085,1.0,1,exclude,1,23,20,0.933828,0.010749,0.9995,ok,0.08096721776130344,1.428521616099557,0.9999606654497256,20,0.10230769230769221,0.00022320250096960262,1,500000.0,2023-01_2025-06
4,C4 Hybrid + régime,2023-06,2023-06-28,P_selected,MSA,0.0018916986923702681,BUY,0.2843146952856271,0.2843146952856271,0.2843146952856271,11994691.645000001,1.0,1,exclude,1,23,20,0.933828,0.010749,0.9995,ok,0.08096721776130344,1.428521616099557,0.9999606654497256,20,0.09126984126984117,0.00017265503938300046,1,500000.0,2023-01_2025-06
4,C4 Hybrid + régime,2023-06,2023-06-28,P_selected,SBM,0.0013286519116295196,NEUTRAL,0.005480998146186386,0.005480998146186386,0.002740499073093193,623495.0,0.9974672660492686,1,exclude,1,23,20,0.933828,0.010749,0.9995,ok,0.08096721776130344,1.428521616099557,0.9999606654497256,20,0.11764705882352944,0.00015631198960347294,1,500000.0,2023-01_2025-06
4,C4 Hybrid + régime,2023-06,2023-06-28,P_selected,SID,0.001004645599680135,NEUTRAL,0.20699932760980663,0.20699932760980663,0.10349966380490332,872015.2300000001,0.999952381599178,1,exclude,1,23,20,0.933828,0.010749,0.9995,ok,0.08096721776130344,1.428521616099557,0.9999606654497256,20,0.0065517241379309255,6.5821608254904295e-06,1,500000.0,2023-01_2025-06
4,C4 Hybrid + régime,2023-06,2023-06-28,P_selected,LBV,0.0007426578793109478,NEUTRAL,-0.20198855998526388,-0.20198855998526388,-0.10099427999263194,5713665.0,1.0,1,exclude,1,23,20,0.933828,0.010749,0.9995,ok,0.08096721776130344,1.428521616099557,0.9999606654497256,20,0.026086956521739202,1.9373683808111737e-05,1,500000.0,2023-01_2025-06
4,C4 Hybrid + régime,2023-06,2023-06-28,P_selected,SNP,0.0004762790478699309,BUY,0.49712378997282736,0.49712378997282736,0.49712378997282736,547117.28,0.99145541711152,1,exclude,1,23,20,0.933828,0.010749,0.9995,ok,0.08096721776130344,1.428521616099557,0.9999606654497256,20,0.14368932038834958,6.84362127036406e-05,1,500000.0,2023-01_2025-06
4,C4 Hybrid + régime,2023-06,2023-06-28,P_selected,TGC,0.00046048122791932165,NEUTRAL,0.0696503432028647,0.0696503432028647,0.03482517160143235,7693227.525,1.0,1,exclude,1,23,20,0.933828,0.010749,0.9995,ok,0.08096721776130344,1.428521616099557,0.9999606654497256,20,0.03344709897610931,1.5401761206857903e-05,1,500000.0,2023-01_2025-06
4,C4 Hybrid + régime,2023-07,2023-07-31,P_selected,AKT,0.3522573411045459,BUY,1.391047724972205,1.391047724972205,1.391047724972205,6380450.305,1.0,1,exclude,1,33,27,1.10714,0.010683,0.9987,ok,0.019682036846907502,0.7979754007844138,0.9998570588489515,27,0.022474685107434,0.007916872818106636,1,500000.0,2023-01_2025-06
4,C4 Hybrid + régime,2023-07,2023-07-31,P_selected,ADI,0.20911218956024846,BUY,2.123146820090217,2.123146820090217,2.123146820090217,4485967.051000001,1.0,1,exclude,1,33,27,1.10714,0.010683,0.9987,ok,0.019682036846907502,0.7979754007844138,0.9998570588489515,27,0.10344827586206895,0.021632295471749836,1,500000.0,2023-01_2025-06
4,C4 Hybrid + régime,2023-07,2023-07-31,P_selected,SOT,0.0797796846159632,BUY,0.27724434478594473,0.27724434478594473,0.27724434478594473,558011.45,0.992812391403546,1,exclude,1,33,27,1.10714,0.010683,0.9987,ok,0.019682036846907502,0.7979754007844138,0.9998570588489515,27,-0.04503753127606336,-0.0035930800410859135,1,500000.0,2023-01_2025-06
4,C4 Hybrid + régime,2023-07,2023-07-31,P_selected,EQD,0.051367042421700586,NEUTRAL,0.1986523025172395,0.1986523025172395,0.09932615125861975,564841.2,0.9935516335702447,1,exclude,1,33,27,1.10714,0.010683,0.9987,ok,0.019682036846907502,0.7979754007844138,0.9998570588489515,27,0.044074436826640584,0.0022639734661866096,1,500000.0,2023-01_2025-06
4,C4 Hybrid + régime,2023-07,2023-07-31,P_selected,DHO,0.03948861409957212,BUY,0.2927545148212567,0.2927545148212567,0.2927545148212567,1528675.736,0.9999999986972805,1,exclude,1,33,27,1.10714,0.010683,0.9987,ok,0.019682036846907502,0.7979754007844138,0.9998570588489515,27,-0.06598373003916835,-0.0026056060523670637,1,500000.0,2023-01_2025-06
4,C4 Hybrid + régime,2023-07,2023-07-31,P_selected,CIH,0.036030299592831515,BUY,0.6393186404796548,0.6393186404796548,0.6393186404796548,1337855.95,0.9999999724067657,1,exclude,1,33,27,1.10714,0.010683,0.9987,ok,0.019682036846907502,0.7979754007844138,0.9998570588489515,27,0.016124661246612382,0.0005809763755483642,1,500000.0,2023-01_2025-06
4,C4 Hybrid + régime,2023-07,2023-07-31,P_selected,LBV,0.027183392025310962,BUY,0.4291489042220048,0.4291489042220048,0.4291489042220048,2436478.15,0.9999999999999993,1,exclude,1,33,27,1.10714,0.010683,0.9987,ok,0.019682036846907502,0.7979754007844138,0.9998570588489515,27,-0.0527291452111226,-0.0014333570254334938,1,500000.0,2023-01_2025-06
4,C4 Hybrid + régime,2023-07,2023-07-31,P_selected,CMA,0.026984479749363927,BUY,0.5247270523576801,0.5247270523576801,0.5247270523576801,2032144.5,0.9999999999995866,1,exclude,1,33,27,1.10714,0.010683,0.9987,ok,0.019682036846907502,0.7979754007844138,0.9998570588489515,27,-0.032471835652750136,-0.0008762355915963096,1,500000.0,2023-01_2025-06
4,C4 Hybrid + régime,2023-07,2023-07-31,P_selected,TMA,0.02551654281833382,BUY,0.628943187516372,0.628943187516372,0.628943187516372,894651.2,0.9999668494864936,1,exclude,1,33,27,1.10714,0.010683,0.9987,ok,0.019682036846907502,0.7979754007844138,0.9998570588489515,27,-0.06396255850234012,-0.0016321033627951435,1,500000.0,2023-01_2025-06
4,C4 Hybrid + régime,2023-07,2023-07-31,P_selected,RIS,0.024754155794363016,BUY,0.44692483663421956,0.44692483663421956,0.44692483663421956,895160.8149999998,0.9999671186826061,1,exclude,1,33,27,1.10714,0.010683,0.9987,ok,0.019682036846907502,0.7979754007844138,0.9998570588489515,27,0.11512648425400118,0.0028498589272808257,1,500000.0,2023-01_2025-06
4,C4 Hybrid + régime,2023-07,2023-07-31,P_selected,MIC,0.021645724745057618,NEUTRAL,-0.1892070480359227,-0.1892070480359227,-0.09460352401796135,535064.25,0.9896567906092791,1,exclude,1,33,27,1.10714,0.010683,0.9987,ok,0.019682036846907502,0.7979754007844138,0.9998570588489515,27,-0.011194029850746245,-0.00024230288893721164,1,500000.0,2023-01_2025-06
4,C4 Hybrid + régime,2023-07,2023-07-31,P_selected,ATL,0.019411732576366202,NEUTRAL,-0.18209030296779105,-0.18209030296779105,-0.09104515148389553,546552.23,0.9913784860220385,1,exclude,1,33,27,1.10714,0.010683,0.9987,ok,0.019682036846907502,0.7979754007844138,0.9998570588489515,27,0.0,0.0,1,500000.0,2023-01_2025-06
4,C4 Hybrid + régime,2023-07,2023-07-31,P_selected,GAZ,0.01716303160915496,BUY,0.3269701296502504,0.3269701296502504,0.3269701296502504,1530669.3,0.9999999987381776,1,exclude,1,33,27,1.10714,0.010683,0.9987,ok,0.019682036846907502,0.7979754007844138,0.9998570588489515,27,-0.022222222222222254,-0.00038140070242566635,1,500000.0,2023-01_2025-06
4,C4 Hybrid + régime,2023-07,2023-07-31,P_selected,CSR,0.016259039583401084,BUY,1.795686720268844,1.795686720268844,1.795686720268844,1551664.3000000003,0.9999999990982005,1,exclude,1,33,27,1.10714,0.010683,0.9987,ok,0.019682036846907502,0.7979754007844138,0.9998570588489515,27,-0.07572637840311147,-0.0012312381839637984,1,500000.0,2023-01_2025-06
4,C4 Hybrid + régime,2023-07,2023-07-31,P_selected,CMT,0.011645281618266553,BUY,0.2619124279006854,0.2619124279006854,0.2619124279006854,2255001.7,0.9999999999999882,1,exclude,1,33,27,1.10714,0.010683,0.9987,ok,0.019682036846907502,0.7979754007844138,0.9998570588489515,27,-0.007492507492507516,-8.72523597772222e-05,1,500000.0,2023-01_2025-06
4,C4 Hybrid + régime,2023-07,2023-07-31,P_selected,ARD,0.009647120777643502,BUY,0.614412070174257,0.614412070174257,0.614412070174257,934669.3525,0.9999825247875991,1,exclude,1,33,27,1.10714,0.010683,0.9987,ok,0.019682036846907502,0.7979754007844138,0.9998570588489515,27,-0.03679653679653683,-0.0003549806346751941,1,500000.0,2023-01_2025-06
4,C4 Hybrid + régime,2023-07,2023-07-31,P_selected,SID,0.0069578885851035105,BUY,0.5830667029210659,0.5830667029210659,0.5830667029210659,1996302.0399999998,0.9999999999992664,1,exclude,1,33,27,1.10714,0.010683,0.9987,ok,0.019682036846907502,0.7979754007844138,0.9998570588489515,27,-0.051724137931034475,-0.00035989078888466427,1,500000.0,2023-01_2025-06
4,C4 Hybrid + régime,2023-07,2023-07-31,P_selected,SBM,0.006327289488516142,NEUTRAL,0.19484339996364164,0.19484339996364164,0.09742169998182082,1043809.95,0.99999695180897,1,exclude,1,33,27,1.10714,0.010683,0.9987,ok,0.019682036846907502,0.7979754007844138,0.9998570588489515,27,0.0,0.0,1,500000.0,2023-01_2025-06
4,C4 Hybrid + régime,2023-07,2023-07-31,P_selected,MUT,0.0062887290515154575,BUY,0.6720714986780331,0.6720714986780331,0.6720714986780331,2526895.7175000003,0.9999999999999998,1,exclude,1,33,27,1.10714,0.010683,0.9987,ok,0.019682036846907502,0.7979754007844138,0.9998570588489515,27,-0.028340080971659964,-0.00017822309052877843,1,500000.0,2023-01_2025-06
4,C4 Hybrid + régime,2023-07,2023-07-31,P_selected,TGC,0.004133247179766199,BUY,0.44454351699315375,0.44454351699315375,0.44454351699315375,2521328.0025,0.9999999999999998,1,exclude,1,33,27,1.10714,0.010683,0.9987,ok,0.019682036846907502,0.7979754007844138,0.9998570588489515,27,-0.030526668903052778,-0.00012617426815119943,1,500000.0,2023-01_2025-06
4,C4 Hybrid + régime,2023-07,2023-07-31,P_selected,MNG,0.003029249756066745,BUY,0.4790074311849496,0.4790074311849496,0.4790074311849496,915324.9,0.9999761856499245,1,exclude,1,33,27,1.10714,0.010683,0.9987,ok,0.019682036846907502,0.7979754007844138,0.9998570588489515,27,-0.0657084188911704,-0.00019904721189760945,1,500000.0,2023-01_2025-06
4,C4 Hybrid + régime,2023-07,2023-07-31,P_selected,RDS,0.002607696335553978,BUY,1.2883255036542485,1.2883255036542485,1.2883255036542485,681112.59,0.9989910155346685,1,exclude,1,33,27,1.10714,0.010683,0.9987,ok,0.019682036846907502,0.7979754007844138,0.9998570588489515,27,-0.10326659641728142,-0.0002692879250624763,1,500000.0,2023-01_2025-06
4,C4 Hybrid + régime,2023-07,2023-07-31,P_selected,ATW,0.0006147499411823308,BUY,0.46613056010037374,0.46613056010037374,0.46613056010037374,12572968.372499999,1.0,1,exclude,1,33,27,1.10714,0.010683,0.9987,ok,0.019682036846907502,0.7979754007844138,0.9998570588489515,27,-0.004565217391304444,-2.8064671227889605e-06,1,500000.0,2023-01_2025-06
4,C4 Hybrid + régime,2023-07,2023-07-31,P_selected,ATH,0.0005351892872123503,BUY,0.44132154002791446,0.44132154002791446,0.44132154002791446,764456.9664999999,0.999733883830103,1,exclude,1,33,27,1.10714,0.010683,0.9987,ok,0.019682036846907502,0.7979754007844138,0.9998570588489515,27,-0.05063291139240511,-2.7098191757587382e-05,1,500000.0,2023-01_2025-06
4,C4 Hybrid + régime,2023-07,2023-07-31,P_selected,BOA,0.0004989774362323937,BUY,0.37381904055772835,0.37381904055772835,0.37381904055772835,3190740.0575,1.0,1,exclude,1,33,27,1.10714,0.010683,0.9987,ok,0.019682036846907502,0.7979754007844138,0.9998570588489515,27,-0.0027917364600781314,-1.3930135014862844e-06,1,500000.0,2023-01_2025-06
4,C4 Hybrid + régime,2023-07,2023-07-31,P_selected,TQM,0.0003349631369099235,BUY,0.35434422902873,0.35434422902873,0.35434422902873,2243716.8,0.999999999999986,1,exclude,1,33,27,1.10714,0.010683,0.9987,ok,0.019682036846907502,0.7979754007844138,0.9998570588489515,27,0.0172570390554041,5.78047193577522e-06,1,500000.0,2023-01_2025-06
4,C4 Hybrid + régime,2023-07,2023-07-31,P_selected,BCP,0.0002834059587689363,BUY,0.2910219083977557,0.2910219083977557,0.2910219083977557,14000373.75,1.0,1,exclude,1,33,27,1.10714,0.010683,0.9987,ok,0.019682036846907502,0.7979754007844138,0.9998570588489515,27,0.0018939393939394478,5.367537097896673e-07,1,500000.0,2023-01_2025-06
4,C4 Hybrid + régime,2023-08,2023-08-31,P_selected,AKT,0.38679826748699936,BUY,1.791440492458289,1.791440492458289,1.791440492458289,5632801.665,1.0,1,exclude,1,30,25,1.223048,0.009861,0.9996,ok,0.0819745621004151,0.7978361631706626,0.9999383675355299,25,0.15393880992531916,0.059543264978123955,1,500000.0,2023-01_2025-06
4,C4 Hybrid + régime,2023-08,2023-08-31,P_selected,ADI,0.13338568641026147,BUY,1.951859758210877,1.951859758210877,1.951859758210877,3926191.3200000003,1.0,1,exclude,1,30,25,1.223048,0.009861,0.9996,ok,0.0819745621004151,0.7978361631706626,0.9999383675355299,25,0.20947368421052648,0.027940791153307425,1,500000.0,2023-01_2025-06
4,C4 Hybrid + régime,2023-08,2023-08-31,P_selected,SAH,0.06782259211479262,BUY,0.3698993058766331,0.3698993058766331,0.3698993058766331,719711.1,0.9994556521558494,1,exclude,1,30,25,1.223048,0.009861,0.9996,ok,0.0819745621004151,0.7978361631706626,0.9999383675355299,25,0.0,0.0,1,500000.0,2023-01_2025-06
4,C4 Hybrid + régime,2023-08,2023-08-31,P_selected,LES,0.061425044954912,BUY,0.5194155511413663,0.5194155511413663,0.5194155511413663,3862276.2449999996,1.0,1,exclude,1,30,25,1.223048,0.009861,0.9996,ok,0.0819745621004151,0.7978361631706626,0.9999383675355299,25,0.095617529880478,0.005873311071386003,1,500000.0,2023-01_2025-06
4,C4 Hybrid + régime,2023-08,2023-08-31,P_selected,DWY,0.05958624095299522,NEUTRAL,0.1260361239379159,0.1260361239379159,0.06301806196895796,636558.115,0.9979439897925694,1,exclude,1,30,25,1.223048,0.009861,0.9996,ok,0.0819745621004151,0.7978361631706626,0.9999383675355299,25,-0.014104372355430161,-0.0008404265296614264,1,500000.0,2023-01_2025-06
4,C4 Hybrid + régime,2023-08,2023-08-31,P_selected,LBV,0.0480163543435457,BUY,0.47729380507940283,0.47729380507940283,0.47729380507940283,2625726.45,1.0,1,exclude,1,30,25,1.223048,0.009861,0.9996,ok,0.0819745621004151,0.7978361631706626,0.9999383675355299,25,0.0006525995214270441,3.13354498652693e-05,1,500000.0,2023-01_2025-06
4,C4 Hybrid + régime,2023-08,2023-08-31,P_selected,JET,0.04612949741824146,BUY,0.9203908458435932,0.9203908458435932,0.9203908458435932,1309289.895,0.99999995641873,1,exclude,1,30,25,1.223048,0.009861,0.9996,ok,0.0819745621004151,0.7978361631706626,0.9999383675355299,25,-0.072039072039072,-0.0033231261876388828,1,500000.0,2023-01_2025-06
4,C4 Hybrid + régime,2023-08,2023-08-31,P_selected,RIS,0.04281897006009286,BUY,0.9192758951165168,0.9192758951165168,0.9192758951165168,2178454.9825,0.9999999999999603,1,exclude,1,30,25,1.223048,0.009861,0.9996,ok,0.0819745621004151,0.7978361631706626,0.9999383675355299,25,-0.009433962264150941,-0.000403952547736725,1,500000.0,2023-01_2025-06
4,C4 Hybrid + régime,2023-08,2023-08-31,P_selected,MNG,0.037916244400714075,BUY,0.5555327605872717,0.5555327605872717,0.5555327605872717,743997.85,0.9996308600834183,1,exclude,1,30,25,1.223048,0.009861,0.9996,ok,0.0819745621004151,0.7978361631706626,0.9999383675355299,25,-0.0776536312849162,-0.0029443340624018192,1,500000.0,2023-01_2025-06
4,C4 Hybrid + régime,2023-08,2023-08-31,P_selected,CMA,0.03391685580504902,BUY,0.298505073498991,0.298505073498991,0.298505073498991,2339678.7,0.9999999999999969,1,exclude,1,30,25,1.223048,0.009861,0.9996,ok,0.0819745621004151,0.7978361631706626,0.9999383675355299,25,0.020547945205479534,0.0006969216946242977,1,500000.0,2023-01_2025-06
4,C4 Hybrid + régime,2023-08,2023-08-31,P_selected,CMT,0.031861301396145576,BUY,1.2625402059446504,1.2625402059446504,1.2625402059446504,557922.65,0.9928022455479221,1,exclude,1,30,25,1.223048,0.009861,0.9996,ok,0.0819745621004151,0.7978361631706626,0.9999383675355299,25,-0.06988436400201103,-0.00222660678434602,1,500000.0,2023-01_2025-06
4,C4 Hybrid + régime,2023-08,2023-08-31,P_selected,MUT,0.017070679682673257,BUY,0.4439198156313878,0.4439198156313878,0.4439198156313878,918897.5449999999,0.9999775087274692,1,exclude,1,30,25,1.223048,0.009861,0.9996,ok,0.0819745621004151,0.7978361631706626,0.9999383675355299,25,0.02114164904862581,0.000360902318872585,1,500000.0,2023-01_2025-06
4,C4 Hybrid + régime,2023-08,2023-08-31,P_selected,LHM,0.012521764730632467,BUY,0.8301334670981049,0.8301334670981049,0.8301334670981049,10489521.3,1.0,1,exclude,1,30,25,1.223048,0.009861,0.9996,ok,0.0819745621004151,0.7978361631706626,0.9999383675355299,25,0.0,0.0,1,500000.0,2023-01_2025-06
4,C4 Hybrid + régime,2023-08,2023-08-31,P_selected,GAZ,0.008507625419414471,BUY,0.820826477579639,0.820826477579639,0.820826477579639,1221689.0,0.9999998229837281,1,exclude,1,30,25,1.223048,0.009861,0.9996,ok,0.0819745621004151,0.7978361631706626,0.9999383675355299,25,-0.045454545454545414,-0.0003867102463370211,1,500000.0,2023-01_2025-06
4,C4 Hybrid + régime,2023-08,2023-08-31,P_selected,EQD,0.0034823389680648086,NEUTRAL,-0.083500269235765,-0.083500269235765,-0.0417501346178825,717785.45,0.9994386290991296,1,exclude,1,30,25,1.223048,0.009861,0.9996,ok,0.0819745621004151,0.7978361631706626,0.9999383675355299,25,0.031894934333958735,0.00011106897271501269,1,500000.0,2023-01_2025-06
4,C4 Hybrid + régime,2023-08,2023-08-31,P_selected,BCP,0.0024407812502715816,BUY,0.5851121227862894,0.5851121227862894,0.5851121227862894,16207307.092500001,1.0,1,exclude,1,30,25,1.223048,0.009861,0.9996,ok,0.0819745621004151,0.7978361631706626,0.9999383675355299,25,-0.019423076923076987,-4.740748197642895e-05,1,500000.0,2023-01_2025-06
4,C4 Hybrid + régime,2023-08,2023-08-31,P_selected,BOA,0.0017393685759043347,BUY,0.5608562006830843,0.5608562006830843,0.5608562006830843,4308750.470000001,1.0,1,exclude,1,30,25,1.223048,0.009861,0.9996,ok,0.0819745621004151,0.7978361631706626,0.9999383675355299,25,0.03672316384180796,6.387511719422707e-05,1,500000.0,2023-01_2025-06
4,C4 Hybrid + régime,2023-08,2023-08-31,P_selected,ATH,0.0011472092657470784,NEUTRAL,-0.10696656906764328,-0.10696656906764328,-0.05348328453382164,813922.7579999999,0.9998793823283061,1,exclude,1,30,25,1.223048,0.009861,0.9996,ok,0.0819745621004151,0.7978361631706626,0.9999383675355299,25,-0.05533488563210531,-6.348069351620609e-05,1,500000.0,2023-01_2025-06
4,C4 Hybrid + régime,2023-08,2023-08-31,P_selected,TGC,0.0010491495035284126,BUY,0.6572570167720813,0.6572570167720813,0.6572570167720813,659414.665,0.9985728314434288,1,exclude,1,30,25,1.223048,0.009861,0.9996,ok,0.0819745621004151,0.7978361631706626,0.9999383675355299,25,0.0714285714285714,7.493925025202943e-05,1,500000.0,2023-01_2025-06
4,C4 Hybrid + régime,2023-08,2023-08-31,P_selected,ATW,0.0009375770628650325,BUY,0.41440241879923895,0.41440241879923895,0.41440241879923895,15413165.304999998,1.0,1,exclude,1,30,25,1.223048,0.009861,0.9996,ok,0.0819745621004151,0.7978361631706626,0.9999383675355299,25,0.00219780219780219,2.0606089293736905e-06,1,500000.0,2023-01_2025-06
4,C4 Hybrid + régime,2023-08,2023-08-31,P_selected,BCI,0.00040913460327608134,BUY,0.48021396438118635,0.48021396438118635,0.48021396438118635,4676055.965000001,1.0,1,exclude,1,30,25,1.223048,0.009861,0.9996,ok,0.0819745621004151,0.7978361631706626,0.9999383675355299,25,0.10693069306930703,4.374904668694735e-05,1,500000.0,2023-01_2025-06
4,C4 Hybrid + régime,2023-08,2023-08-31,P_selected,MSA,0.00029697771005944,BUY,0.31750621146348706,0.31750621146348706,0.31750621146348706,6958993.415000001,1.0,1,exclude,1,30,25,1.223048,0.009861,0.9996,ok,0.0819745621004151,0.7978361631706626,0.9999383675355299,25,0.011278195488721776,3.3493726698432996e-06,1,500000.0,2023-01_2025-06
4,C4 Hybrid + régime,2023-08,2023-08-31,P_selected,TMA,0.0002924951491970658,BUY,0.6259427670321274,0.6259427670321274,0.6259427670321274,557299.95,0.9927306983541194,1,exclude,1,30,25,1.223048,0.009861,0.9996,ok,0.0819745621004151,0.7978361631706626,0.9999383675355299,25,-0.04006677796327207,-1.1719338198212974e-05,1,500000.0,2023-01_2025-06
4,C4 Hybrid + régime,2023-08,2023-08-31,P_selected,TQM,0.0001873844336145532,BUY,1.2188281076446676,1.2188281076446676,1.2188281076446676,506317.4,0.9837147856180503,1,exclude,1,30,25,1.223048,0.009861,0.9996,ok,0.0819745621004151,0.7978361631706626,0.9999383675355299,25,-0.05727272727272725,-1.073201756156077e-05,1,500000.0,2023-01_2025-06
4,C4 Hybrid + régime,2023-08,2023-08-31,P_selected,ADH,0.00017882583653202767,BUY,1.5211931302221546,1.5211931302221546,1.5211931302221546,2000368.958,0.9999999999993125,1,exclude,1,30,25,1.223048,0.009861,0.9996,ok,0.0819745621004151,0.7978361631706626,0.9999383675355299,25,0.3451400329489289,6.171995511278381e-05,1,500000.0,2023-01_2025-06
4,C4 Hybrid + régime,2023-09,2023-09-27,P_selected,AKT,0.334057064694897,BUY,1.1389660195460727,1.1389660195460727,1.1389660195460727,8180759.1375,1.0,1,exclude,1,31,24,1.057411,0.010855,0.9999,ok,0.035820409130110864,0.5524613789329398,0.9999044774818119,24,0.05427974947807934,0.018132533783021553,1,500000.0,2023-01_2025-06
4,C4 Hybrid + régime,2023-09,2023-09-27,P_selected,ADI,0.1483822988242435,BUY,1.6839897128228611,1.6839897128228611,1.6839897128228611,12172992.123,1.0,1,exclude,1,31,24,1.057411,0.010855,0.9999,ok,0.035820409130110864,0.5524613789329398,0.9999044774818119,24,-0.0013636363636364557,-0.00020233949839670935,1,500000.0,2023-01_2025-06
4,C4 Hybrid + régime,2023-09,2023-09-27,P_selected,JET,0.07323626160063638,BUY,1.2285593281423348,1.2285593281423348,1.2285593281423348,1171576.085,0.9999996053307462,1,exclude,1,31,24,1.057411,0.010855,0.9999,ok,0.035820409130110864,0.5524613789329398,0.9999044774818119,24,0.09649122807017552,0.007066656821114043,1,500000.0,2023-01_2025-06
4,C4 Hybrid + régime,2023-09,2023-09-27,P_selected,LES,0.0694134599203045,BUY,0.5621699803979721,0.5621699803979721,0.5621699803979721,2002314.6675,0.9999999999993336,1,exclude,1,31,24,1.057411,0.010855,0.9999,ok,0.035820409130110864,0.5524613789329398,0.9999044774818119,24,0.009090909090909038,0.0006310314538209463,1,500000.0,2023-01_2025-06
4,C4 Hybrid + régime,2023-09,2023-09-27,P_selected,MNG,0.05976690936970908,BUY,0.6263858365958754,0.6263858365958754,0.6263858365958754,1577103.25,0.9999999993997362,1,exclude,1,31,24,1.057411,0.010855,0.9999,ok,0.035820409130110864,0.5524613789329398,0.9999044774818119,24,0.029073288915808515,0.0017376206237104952,1,500000.0,2023-01_2025-06
4,C4 Hybrid + régime,2023-09,2023-09-27,P_selected,BOA,0.053571324871570125,BUY,1.0329213925412848,1.0329213925412848,1.0329213925412848,2541056.5375,0.9999999999999998,1,exclude,1,31,24,1.057411,0.010855,0.9999,ok,0.035820409130110864,0.5524613789329398,0.9999044774818119,24,-0.02452316076294281,-0.0013137382121093508,1,500000.0,2023-01_2025-06
4,C4 Hybrid + régime,2023-09,2023-09-27,P_selected,CMA,0.04841177884074955,BUY,0.5753646968678457,0.5753646968678457,0.5753646968678457,2491748.75,0.9999999999999998,1,exclude,1,31,24,1.057411,0.010855,0.9999,ok,0.035820409130110864,0.5524613789329398,0.9999044774818119,24,0.10810810810810811,0.005233705820621573,1,500000.0,2023-01_2025-06
4,C4 Hybrid + régime,2023-09,2023-09-27,P_selected,EQD,0.03137993672455287,BUY,0.9434411369922905,0.9434411369922905,0.9434411369922905,1062536.95,0.9999977410116079,1,exclude,1,31,24,1.057411,0.010855,0.9999,ok,0.035820409130110864,0.5524613789329398,0.9999044774818119,24,0.009090909090909038,0.0002852721520413881,1,500000.0,2023-01_2025-06
4,C4 Hybrid + régime,2023-09,2023-09-27,P_selected,LBV,0.03118969095394145,BUY,0.3887091347842794,0.3887091347842794,0.3887091347842794,2663585.35,1.0,1,exclude,1,31,24,1.057411,0.010855,0.9999,ok,0.035820409130110864,0.5524613789329398,0.9999044774818119,24,-0.0354347826086957,-0.0011051999185853181,1,500000.0,2023-01_2025-06
4,C4 Hybrid + régime,2023-09,2023-09-27,P_selected,ATL,0.029934180196110927,BUY,0.5791510762393255,0.5791510762393255,0.5791510762393255,1336113.415,0.999999971626626,1,exclude,1,31,24,1.057411,0.010855,0.9999,ok,0.035820409130110864,0.5524613789329398,0.9999044774818119,24,-0.029911075181891733,-0.0008953635143541686,1,500000.0,2023-01_2025-06
4,C4 Hybrid + régime,2023-09,2023-09-27,P_selected,RIS,0.028701370980408186,BUY,1.392784478152971,1.392784478152971,1.392784478152971,3183156.9175,1.0,1,exclude,1,31,24,1.057411,0.010855,0.9999,ok,0.035820409130110864,0.5524613789329398,0.9999044774818119,24,0.05142857142857138,0.001476070507563848,1,500000.0,2023-01_2025-06
4,C4 Hybrid + régime,2023-09,2023-09-27,P_selected,DHO,0.027010486279102262,BUY,0.7558512470533935,0.7558512470533935,0.7558512470533935,581665.9195000001,0.9950659787091841,1,exclude,1,31,24,1.057411,0.010855,0.9999,ok,0.035820409130110864,0.5524613789329398,0.9999044774818119,24,0.07215299913068685,0.0019488875930154944,1,500000.0,2023-01_2025-06
4,C4 Hybrid + régime,2023-09,2023-09-27,P_selected,CSR,0.014515349231472416,BUY,2.2122924478876334,2.2122924478876334,2.2122924478876334,3045668.365,1.0,1,exclude,1,31,24,1.057411,0.010855,0.9999,ok,0.035820409130110864,0.5524613789329398,0.9999044774818119,24,0.03589743589743599,0.0005210638185656778,1,500000.0,2023-01_2025-06
4,C4 Hybrid + régime,2023-09,2023-09-27,P_selected,SOT,0.0124223532398835,NEUTRAL,-0.018995475268302524,-0.018995475268302524,-0.009497737634151262,724950.345,0.9994994015342568,1,exclude,1,31,24,1.057411,0.010855,0.9999,ok,0.035820409130110864,0.5524613789329398,0.9999044774818119,24,0.03003003003003002,0.0003730436408373422,1,500000.0,2023-01_2025-06
4,C4 Hybrid + régime,2023-09,2023-09-27,P_selected,ADH,0.0092710617920347,BUY,1.052427501697676,1.052427501697676,1.052427501697676,29831905.613000005,1.0,1,exclude,1,31,24,1.057411,0.010855,0.9999,ok,0.035820409130110864,0.5524613789329398,0.9999044774818119,24,-0.05572565829761167,-0.000516636021478969,1,500000.0,2023-01_2025-06
4,C4 Hybrid + régime,2023-09,2023-09-27,P_selected,SID,0.007855507440808701,BUY,0.7535567536038283,0.7535567536038283,0.7535567536038283,2414992.135,0.9999999999999991,1,exclude,1,31,24,1.057411,0.010855,0.9999,ok,0.035820409130110864,0.5524613789329398,0.9999044774818119,24,0.2527272727272727,0.0019853009714043807,1,500000.0,2023-01_2025-06
4,C4 Hybrid + régime,2023-09,2023-09-27,P_selected,CMT,0.007372985941314403,BUY,0.5905385020206712,0.5905385020206712,0.5905385020206712,1098404.15,0.999998727424391,1,exclude,1,31,24,1.057411,0.010855,0.9999,ok,0.035820409130110864,0.5524613789329398,0.9999044774818119,24,-0.0562162162162162,-0.00041448137183605274,1,500000.0,2023-01_2025-06
4,C4 Hybrid + régime,2023-09,2023-09-27,P_selected,IAM,0.00560052681123176,BUY,0.3496966580876645,0.3496966580876645,0.3496966580876645,6901184.76,1.0,1,exclude,1,31,24,1.057411,0.010855,0.9999,ok,0.035820409130110864,0.5524613789329398,0.9999044774818119,24,-0.04950495049504955,-0.000277253802536226,1,500000.0,2023-01_2025-06
4,C4 Hybrid + régime,2023-09,2023-09-27,P_selected,LHM,0.0029552734769961895,BUY,0.4118131608910897,0.4118131608910897,0.4118131608910897,3041841.45,1.0,1,exclude,1,31,24,1.057411,0.010855,0.9999,ok,0.035820409130110864,0.5524613789329398,0.9999044774818119,24,0.09764705882352942,0.00028857376304786326,1,500000.0,2023-01_2025-06
4,C4 Hybrid + régime,2023-09,2023-09-27,P_selected,TQM,0.0016671829503041228,BUY,0.7775660850972388,0.7775660850972388,0.7775660850972388,1640365.95,0.9999999997818536,1,exclude,1,31,24,1.057411,0.010855,0.9999,ok,0.035820409130110864,0.5524613789329398,0.9999044774818119,24,-0.06173913043478263,-0.00010293042562747197,1,500000.0,2023-01_2025-06
4,C4 Hybrid + régime,2023-09,2023-09-27,P_selected,TMA,0.0014257040238692274,BUY,0.4572963133359569,0.4572963133359569,0.4572963133359569,597053.0,0.9961385669488584,1,exclude,1,31,24,1.057411,0.010855,0.9999,ok,0.035820409130110864,0.5524613789329398,0.9999044774818119,24,-0.036363636363636376,-5.184378268615374e-05,1,500000.0,2023-01_2025-06
4,C4 Hybrid + régime,2023-09,2023-09-27,P_selected,BCI,0.001132604123305744,BUY,0.4767481858144529,0.4767481858144529,0.4767481858144529,2974051.2199999997,1.0,1,exclude,1,31,24,1.057411,0.010855,0.9999,ok,0.035820409130110864,0.5524613789329398,0.9999044774818119,24,-0.06082289803220031,-6.88882651026749e-05,1,500000.0,2023-01_2025-06
4,C4 Hybrid + régime,2023-09,2023-09-27,P_selected,TGC,0.0003514704388769759,BUY,0.7404073705614856,0.7404073705614856,0.7404073705614856,4125233.915,1.0,1,exclude,1,31,24,1.057411,0.010855,0.9999,ok,0.035820409130110864,0.5524613789329398,0.9999044774818119,24,0.11764705882352944,4.134946339729129e-05,1,500000.0,2023-01_2025-06
4,C4 Hybrid + régime,2023-09,2023-09-27,P_selected,SBM,0.0002796947554884323,BUY,0.2130670713196025,0.2130670713196025,0.2130670713196025,536780.2,0.9899340830464087,1,exclude,1,31,24,1.057411,0.010855,0.9999,ok,0.035820409130110864,0.5524613789329398,0.9999044774818119,24,-0.05555555555555558,-1.5538597527135135e-05,1,500000.0,2023-01_2025-06
4,C4 Hybrid + régime,2023-10,2023-10-31,P_selected,AKT,0.33266607609869797,BUY,0.902692540069889,0.902692540069889,0.902692540069889,8463698.025,1.0,1,exclude,1,31,22,0.850348,0.011076,1.0,ok,-0.03110407196218734,0.44298864515113817,0.9998719367338642,22,-0.024752475247524774,-0.008234308814324215,1,500000.0,2023-01_2025-06
4,C4 Hybrid + régime,2023-10,2023-10-31,P_selected,ADI,0.16661198416974418,BUY,1.4741616194899383,1.4741616194899383,1.4741616194899383,4632337.0475,1.0,1,exclude,1,31,22,0.850348,0.011076,1.0,ok,-0.03110407196218734,0.44298864515113817,0.9998719367338642,22,0.005045871559633097,0.000840702672416152,1,500000.0,2023-01_2025-06
4,C4 Hybrid + régime,2023-10,2023-10-31,P_selected,CMA,0.10015527767591605,BUY,0.5965843650376486,0.5965843650376486,0.5965843650376486,7454566.0,1.0,1,exclude,1,31,22,0.850348,0.011076,1.0,ok,-0.03110407196218734,0.44298864515113817,0.9998719367338642,22,-0.022063208109719734,-0.0022097467346505026,1,500000.0,2023-01_2025-06
4,C4 Hybrid + régime,2023-10,2023-10-31,P_selected,MNG,0.08198425289976423,BUY,0.5065676760629505,0.5065676760629505,0.5065676760629505,1449553.4,0.9999999953799228,1,exclude,1,31,22,0.850348,0.011076,1.0,ok,-0.03110407196218734,0.44298864515113817,0.9998719367338642,22,-0.0965273690406121,-0.007913724235174415,1,500000.0,2023-01_2025-06
4,C4 Hybrid + régime,2023-10,2023-10-31,P_selected,LES,0.07861266073917052,BUY,0.3064284343193113,0.3064284343193113,0.3064284343193113,1577609.0125,0.9999999994045741,1,exclude,1,31,22,0.850348,0.011076,1.0,ok,-0.03110407196218734,0.44298864515113817,0.9998719367338642,22,-0.05135135135135138,-0.004036866362281732,1,500000.0,2023-01_2025-06
4,C4 Hybrid + régime,2023-10,2023-10-31,P_selected,JET,0.05972849505647061,BUY,1.0778953593167167,1.0778953593167167,1.0778953593167167,1179271.565,0.9999996510528605,1,exclude,1,31,22,0.850348,0.011076,1.0,ok,-0.03110407196218734,0.44298864515113817,0.9998719367338642,22,-0.013205282112845218,-0.0007887316273963754,1,500000.0,2023-01_2025-06
4,C4 Hybrid + régime,2023-10,2023-10-31,P_selected,SOT,0.053638982688199756,BUY,0.3546395146296987,0.3546395146296987,0.3546395146296987,1003430.3,0.9999941839581148,1,exclude,1,31,22,0.850348,0.011076,1.0,ok,-0.03110407196218734,0.44298864515113817,0.9998719367338642,22,-0.002915451895043719,-0.00015638187372652923,1,500000.0,2023-01_2025-06
4,C4 Hybrid + régime,2023-10,2023-10-31,P_selected,SID,0.03225683431039035,BUY,0.971373054572201,0.971373054572201,0.971373054572201,4286500.55,1.0,1,exclude,1,31,22,0.850348,0.011076,1.0,ok,-0.03110407196218734,0.44298864515113817,0.9998719367338642,22,-0.08106169296987087,-0.002614793599048859,1,500000.0,2023-01_2025-06
4,C4 Hybrid + régime,2023-10,2023-10-31,P_selected,RIS,0.025576911066330633,BUY,1.046201968327563,1.046201968327563,1.046201968327563,2183994.935,0.9999999999999636,1,exclude,1,31,22,0.850348,0.011076,1.0,ok,-0.03110407196218734,0.44298864515113817,0.9998719367338642,22,-0.07524000893056482,-0.001924407017046979,1,500000.0,2023-01_2025-06
4,C4 Hybrid + régime,2023-10,2023-10-31,P_selected,CIH,0.021296547438489306,BUY,0.6961134459440559,0.6961134459440559,0.6961134459440559,1047085.43,0.999997107443291,1,exclude,1,31,22,0.850348,0.011076,1.0,ok,-0.03110407196218734,0.44298864515113817,0.9998719367338642,22,-0.10664291168236184,-0.0022711258276220444,1,500000.0,2023-01_2025-06
4,C4 Hybrid + régime,2023-10,2023-10-31,P_selected,BCI,0.010832275730979354,BUY,0.6119504265953097,0.6119504265953097,0.6119504265953097,740281.755,0.9996082551807979,1,exclude,1,31,22,0.850348,0.011076,1.0,ok,-0.03110407196218734,0.44298864515113817,0.9998719367338642,22,-0.009333333333333305,-0.00010110124015580699,1,500000.0,2023-01_2025-06
4,C4 Hybrid + régime,2023-10,2023-10-31,P_selected,GAZ,0.010477867696775372,BUY,0.5736437857910798,0.5736437857910798,0.5736437857910798,2127587.25,0.9999999999999103,1,exclude,1,31,22,0.850348,0.011076,1.0,ok,-0.03110407196218734,0.44298864515113817,0.9998719367338642,22,-0.04714285714285715,-0.0004939566199908391,1,500000.0,2023-01_2025-06
4,C4 Hybrid + régime,2023-10,2023-10-31,P_selected,LBV,0.007218696378879261,BUY,0.23114987591508,0.23114987591508,0.23114987591508,4748018.9,1.0,1,exclude,1,31,22,0.850348,0.011076,1.0,ok,-0.03110407196218734,0.44298864515113817,0.9998719367338642,22,-0.08181203515889113,-0.0005905762419502301,1,500000.0,2023-01_2025-06
4,C4 Hybrid + régime,2023-10,2023-10-31,P_selected,MUT,0.005456302633761731,BUY,0.8832148534492175,0.8832148534492175,0.8832148534492175,3860779.0925,1.0,1,exclude,1,31,22,0.850348,0.011076,1.0,ok,-0.03110407196218734,0.44298864515113817,0.9998719367338642,22,-0.024285714285714244,-0.00013251020681992752,1,500000.0,2023-01_2025-06
4,C4 Hybrid + régime,2023-10,2023-10-31,P_selected,DWY,0.004194525947615795,NEUTRAL,0.1542437606646488,0.1542437606646488,0.0771218803323244,1102735.4,0.9999988126273957,1,exclude,1,31,22,0.850348,0.011076,1.0,ok,-0.03110407196218734,0.44298864515113817,0.9998719367338642,22,-0.0014513788098693414,-6.087846077816684e-06,1,500000.0,2023-01_2025-06
4,C4 Hybrid + régime,2023-10,2023-10-31,P_selected,EQD,0.0020434182856450683,NEUTRAL,0.20732958650296734,0.20732958650296734,0.10366479325148367,608872.45,0.9968017853280707,1,exclude,1,31,22,0.850348,0.011076,1.0,ok,-0.03110407196218734,0.44298864515113817,0.9998719367338642,22,-0.05405405405405406,-0.000110455042467301,1,500000.0,2023-01_2025-06
4,C4 Hybrid + régime,2023-10,2023-10-31,P_selected,TMA,0.0018400848775285627,NEUTRAL,-0.11432729876006673,-0.11432729876006673,-0.05716364938003336,591705.6,0.9957950941311906,1,exclude,1,31,22,0.850348,0.011076,1.0,ok,-0.03110407196218734,0.44298864515113817,0.9998719367338642,22,0.023452157598499168,4.315396054241489e-05,1,500000.0,2023-01_2025-06
4,C4 Hybrid + régime,2023-10,2023-10-31,P_selected,HPS,0.001692476845093743,NEUTRAL,0.05959810669574325,0.05959810669574325,0.029799053347871626,950247.25,0.9999863799777023,1,exclude,1,31,22,0.850348,0.011076,1.0,ok,-0.03110407196218734,0.44298864515113817,0.9998719367338642,22,-0.011217948717948678,-1.898611845457718e-05,1,500000.0,2023-01_2025-06
4,C4 Hybrid + régime,2023-10,2023-10-31,P_selected,MSA,0.0012385943310400888,NEUTRAL,0.1802443585174614,0.1802443585174614,0.0901221792587307,9491637.1775,1.0,1,exclude,1,31,22,0.850348,0.011076,1.0,ok,-0.03110407196218734,0.44298864515113817,0.9998719367338642,22,0.01263940520446094,1.5655095633963915e-05,1,500000.0,2023-01_2025-06
4,C4 Hybrid + régime,2023-10,2023-10-31,P_selected,ADH,0.0011390829505840887,BUY,1.66624184383102,1.66624184383102,1.66624184383102,11950268.1845,1.0,1,exclude,1,31,22,0.850348,0.011076,1.0,ok,-0.03110407196218734,0.44298864515113817,0.9998719367338642,22,0.08552631578947367,9.74215681420602e-05,1,500000.0,2023-01_2025-06
4,C4 Hybrid + régime,2023-10,2023-10-31,P_selected,CMT,0.0007414288944862992,BUY,0.5917589072170912,0.5917589072170912,0.5917589072170912,2200877.15,0.9999999999999722,1,exclude,1,31,22,0.850348,0.011076,1.0,ok,-0.03110407196218734,0.44298864515113817,0.9998719367338642,22,-0.2356651376146789,-0.00017472894245061294,1,500000.0,2023-01_2025-06
4,C4 Hybrid + régime,2023-10,2023-10-31,P_selected,BOA,0.0004691600183012951,NEUTRAL,0.11768220060646681,0.11768220060646681,0.058841100303233404,3030739.6450000005,1.0,1,exclude,1,31,22,0.850348,0.011076,1.0,ok,-0.03110407196218734,0.44298864515113817,0.9998719367338642,22,-0.03351955307262566,-1.572603413300429e-05,1,500000.0,2023-01_2025-06
4,C4 Hybrid + régime,2023-11,2023-11-30,P_selected,AKT,0.35147444497834235,BUY,1.124058146187437,1.124058146187437,1.124058146187437,3633133.62,1.0,1,exclude,1,25,19,1.012819,0.011233,0.9997,ok,0.023537115647939144,0.6076382419519452,0.9998833007559195,19,0.008130081300812941,0.002857515812832028,1,500000.0,2023-01_2025-06
4,C4 Hybrid + régime,2023-11,2023-11-30,P_selected,ADI,0.14731508744389174,BUY,1.5851940332353704,1.5851940332353704,1.5851940332353704,2184105.7175000003,0.9999999999999636,1,exclude,1,25,19,1.012819,0.011233,0.9997,ok,0.023537115647939144,0.6076382419519452,0.9998833007559195,19,0.10052405907575035,0.014808710552959101,1,500000.0,2023-01_2025-06
4,C4 Hybrid + régime,2023-11,2023-11-30,P_selected,EQD,0.07008520614205492,BUY,1.1180501987051663,1.1180501987051663,1.1180501987051663,877409.7,0.9999563190676561,1,exclude,1,25,19,1.012819,0.011233,0.9997,ok,0.023537115647939144,0.6076382419519452,0.9998833007559195,19,-0.05980952380952376,-0.004191762805448615,1,500000.0,2023-01_2025-06
4,C4 Hybrid + régime,2023-11,2023-11-30,P_selected,LES,0.05891982588794922,BUY,0.6405278584987226,0.6405278584987226,0.6405278584987226,5129099.8275,1.0,1,exclude,1,25,19,1.012819,0.011233,0.9997,ok,0.023537115647939144,0.6076382419519452,0.9998833007559195,19,0.02564102564102555,0.001510764766357667,1,500000.0,2023-01_2025-06
4,C4 Hybrid + régime,2023-11,2023-11-30,P_selected,MNG,0.04947180347765522,BUY,0.8147749147772523,0.8147749147772523,0.8147749147772523,1531260.2,0.9999999987500512,1,exclude,1,25,19,1.012819,0.011233,0.9997,ok,0.023537115647939144,0.6076382419519452,0.9998833007559195,19,0.15032679738562083,0.007436937777686729,1,500000.0,2023-01_2025-06
4,C4 Hybrid + régime,2023-11,2023-11-30,P_selected,CMA,0.0469370414433135,BUY,0.4198923802918385,0.4198923802918385,0.4198923802918385,3303293.7,1.0,1,exclude,1,25,19,1.012819,0.011233,0.9997,ok,0.023537115647939144,0.6076382419519452,0.9998833007559195,19,0.030674846625766916,0.0014397865473409072,1,500000.0,2023-01_2025-06
4,C4 Hybrid + régime,2023-11,2023-11-30,P_selected,MIC,0.04403933681238324,BUY,0.31788739742117367,0.31788739742117367,0.31788739742117367,570485.6,0.9941051834177336,1,exclude,1,25,19,1.012819,0.011233,0.9997,ok,0.023537115647939144,0.6076382419519452,0.9998833007559195,19,0.0714285714285714,0.00314566691517023,1,500000.0,2023-01_2025-06
4,C4 Hybrid + régime,2023-11,2023-11-30,P_selected,CIH,0.04344540071149837,BUY,0.6172271077074666,0.6172271077074666,0.6172271077074666,2447255.165,0.9999999999999996,1,exclude,1,25,19,1.012819,0.011233,0.9997,ok,0.023537115647939144,0.6076382419519452,0.9998833007559195,19,0.004428571428571448,0.00019240106029377936,1,500000.0,2023-01_2025-06
4,C4 Hybrid + régime,2023-11,2023-11-30,P_selected,RIS,0.03913810962417402,BUY,0.7984505354853814,0.7984505354853814,0.7984505354853814,1074754.545,0.9999981421201349,1,exclude,1,25,19,1.012819,0.011233,0.9997,ok,0.023537115647939144,0.6076382419519452,0.9998833007559195,19,-0.014285714285714235,-0.0005591158517739126,1,500000.0,2023-01_2025-06
4,C4 Hybrid + régime,2023-11,2023-11-30,P_selected,CMT,0.03345116685568371,BUY,1.1130492446642408,1.1130492446642408,1.1130492446642408,2560967.55,1.0,1,exclude,1,25,19,1.012819,0.011233,0.9997,ok,0.023537115647939144,0.6076382419519452,0.9998833007559195,19,-0.1773584905660377,-0.005932848461196732,1,500000.0,2023-01_2025-06
4,C4 Hybrid + régime,2023-11,2023-11-30,P_selected,BOA,0.03280472445256875,BUY,0.6795925076930567,0.6795925076930567,0.6795925076930567,6361102.3725000005,1.0,1,exclude,1,25,19,1.012819,0.011233,0.9997,ok,0.023537115647939144,0.6076382419519452,0.9998833007559195,19,0.037572254335260125,0.00123254745053004,1,500000.0,2023-01_2025-06
4,C4 Hybrid + régime,2023-11,2023-11-30,P_selected,HPS,0.028247249539898888,BUY,0.8919434734690999,0.8919434734690999,0.8919434734690999,3602107.95,1.0,1,exclude,1,25,19,1.012819,0.011233,0.9997,ok,0.023537115647939144,0.6076382419519452,0.9998833007559195,19,0.011382113821138296,0.0003215134093972255,1,500000.0,2023-01_2025-06
4,C4 Hybrid + régime,2023-11,2023-11-30,P_selected,LBV,0.025132795999789206,BUY,0.7166095867621142,0.7166095867621142,0.7166095867621142,5825327.95,1.0,1,exclude,1,25,19,1.012819,0.011233,0.9997,ok,0.023537115647939144,0.6076382419519452,0.9998833007559195,19,0.03703703703703698,0.0009308442962884877,1,500000.0,2023-01_2025-06
4,C4 Hybrid + régime,2023-11,2023-11-30,P_selected,TGC,0.021282825303081516,BUY,1.0106167728326063,1.0106167728326063,1.0106167728326063,4168308.3,1.0,1,exclude,1,25,19,1.012819,0.011233,0.9997,ok,0.023537115647939144,0.6076382419519452,0.9998833007559195,19,0.05084745762711873,0.0010821775577838078,1,500000.0,2023-01_2025-06
4,C4 Hybrid + régime,2023-11,2023-11-30,P_selected,ADH,0.005949181623679863,BUY,1.8368541223140689,1.8368541223140689,1.8368541223140689,6251753.325,1.0,1,exclude,1,25,19,1.012819,0.011233,0.9997,ok,0.023537115647939144,0.6076382419519452,0.9998833007559195,19,-0.03566621803499326,-0.0002121848089199412,1,500000.0,2023-01_2025-06
4,C4 Hybrid + régime,2023-11,2023-11-30,P_selected,SMI,0.0009921222702409308,NEUTRAL,0.08965602492438923,0.08965602492438923,0.044828012462194616,538610.45,0.9902217386082243,1,exclude,1,25,19,1.012819,0.011233,0.9997,ok,0.023537115647939144,0.6076382419519452,0.9998833007559195,19,0.0669354838709677,6.640818421773969e-05,1,500000.0,2023-01_2025-06
4,C4 Hybrid + régime,2023-11,2023-11-30,P_selected,MSA,0.0005709415396019518,BUY,0.4575895634950008,0.4575895634950008,0.4575895634950008,3300894.902500001,1.0,1,exclude,1,25,19,1.012819,0.011233,0.9997,ok,0.023537115647939144,0.6076382419519452,0.9998833007559195,19,0.022058823529411686,1.2594298667690069e-05,1,500000.0,2023-01_2025-06
4,C4 Hybrid + régime,2023-11,2023-11-30,P_selected,BCP,0.00036783161259916876,BUY,0.7607946515792211,0.7607946515792211,0.7607946515792211,20457196.2625,1.0,1,exclude,1,25,19,1.012819,0.011233,0.9997,ok,0.023537115647939144,0.6076382419519452,0.9998833007559195,19,0.03383458646616533,1.2445430501475604e-05,1,500000.0,2023-01_2025-06
4,C4 Hybrid + régime,2023-11,2023-11-30,P_selected,IAM,0.0002582050375129834,BUY,0.6915079310005139,0.6915079310005139,0.6915079310005139,3791502.8405,1.0,1,exclude,1,25,19,1.012819,0.011233,0.9997,ok,0.023537115647939144,0.6076382419519452,0.9998833007559195,19,0.08342361863488623,2.154039857908962e-05,1,500000.0,2023-01_2025-06
4,C4 Hybrid + régime,2023-12,2023-12-29,P_selected,AKT,0.31938680451713836,BUY,0.90453740251535,0.90453740251535,0.90453740251535,4993683.725,1.0,1,exclude,1,32,23,0.905597,0.010064,0.9993,ok,0.10307651112706684,0.6590090487632976,0.999835165922065,23,0.22983870967741926,0.07340745103821322,1,500000.0,2023-01_2025-06
4,C4 Hybrid + régime,2023-12,2023-12-29,P_selected,ADI,0.08840506845242106,BUY,1.06616169585377,1.06616169585377,1.06616169585377,5741395.845000001,1.0,1,exclude,1,32,23,0.905597,0.010064,0.9993,ok,0.10307651112706684,0.6590090487632976,0.999835165922065,23,0.29757085020242924,0.02630677138159089,1,500000.0,2023-01_2025-06
4,C4 Hybrid + régime,2023-12,2023-12-29,P_selected,SAH,0.08835912303818111,BUY,1.6632610244542958,1.6632610244542958,1.6632610244542958,16341221.15,1.0,1,exclude,1,32,23,0.905597,0.010064,0.9993,ok,0.10307651112706684,0.6590090487632976,0.999835165922065,23,-0.038461538461538436,-0.0033984278091608094,1,500000.0,2023-01_2025-06
4,C4 Hybrid + régime,2023-12,2023-12-29,P_selected,CMA,0.08284832696622603,BUY,0.25122320279412114,0.25122320279412114,0.25122320279412114,6622400.05,1.0,1,exclude,1,32,23,0.905597,0.010064,0.9993,ok,0.10307651112706684,0.6590090487632976,0.999835165922065,23,0.023809523809523725,0.0019725792134815652,1,500000.0,2023-01_2025-06
4,C4 Hybrid + régime,2023-12,2023-12-29,P_selected,M2M,0.07456438623894458,BUY,0.7996113336712396,0.7996113336712396,0.7996113336712396,1262581.0,0.999999907983331,1,exclude,1,32,23,0.905597,0.010064,0.9993,ok,0.10307651112706684,0.6590090487632976,0.999835165922065,23,-0.012924071082390909,-0.0009636754279669703,1,500000.0,2023-01_2025-06
4,C4 Hybrid + régime,2023-12,2023-12-29,P_selected,MNG,0.06813124448000148,BUY,1.463480642145266,1.463480642145266,1.463480642145266,1662092.55,0.9999999998459095,1,exclude,1,32,23,0.905597,0.010064,0.9993,ok,0.10307651112706684,0.6590090487632976,0.999835165922065,23,0.02499999999999991,0.0017032811120000308,1,500000.0,2023-01_2025-06
4,C4 Hybrid + régime,2023-12,2023-12-29,P_selected,MIC,0.05459917094929343,NEUTRAL,0.08926000619778585,0.08926000619778585,0.04463000309889292,527852.025,0.9884063045733789,1,exclude,1,32,23,0.905597,0.010064,0.9993,ok,0.10307651112706684,0.6590090487632976,0.999835165922065,23,0.10333333333333328,0.005641914331426984,1,500000.0,2023-01_2025-06
4,C4 Hybrid + régime,2023-12,2023-12-29,P_selected,RIS,0.046991731202769414,BUY,1.2197920302221295,1.2197920302221295,1.2197920302221295,9471936.3375,1.0,1,exclude,1,32,23,0.905597,0.010064,0.9993,ok,0.10307651112706684,0.6590090487632976,0.999835165922065,23,-0.028743961352657,-0.00135072850558685,1,500000.0,2023-01_2025-06
4,C4 Hybrid + régime,2023-12,2023-12-29,P_selected,LBV,0.04098413206503338,BUY,0.6074585725608349,0.6074585725608349,0.6074585725608349,8614153.1,1.0,1,exclude,1,32,23,0.905597,0.010064,0.9993,ok,0.10307651112706684,0.6590090487632976,0.999835165922065,23,0.004761904761904745,0.0001951625336430154,1,500000.0,2023-01_2025-06
4,C4 Hybrid + régime,2023-12,2023-12-29,P_selected,HPS,0.03969244539033215,BUY,1.3636640502448527,1.3636640502448527,1.3636640502448527,22994789.305,1.0,1,exclude,1,32,23,0.905597,0.010064,0.9993,ok,0.10307651112706684,0.6590090487632976,0.999835165922065,23,-0.017041800643086802,-0.0006764307413786502,1,500000.0,2023-01_2025-06
4,C4 Hybrid + régime,2023-12,2023-12-29,P_selected,ATL,0.03485088159530279,BUY,0.6112684826961853,0.6112684826961853,0.6112684826961853,2169785.6350000002,0.9999999999999543,1,exclude,1,32,23,0.905597,0.010064,0.9993,ok,0.10307651112706684,0.6590090487632976,0.999835165922065,23,-0.03070866141732287,-0.0010702239230053626,1,500000.0,2023-01_2025-06
4,C4 Hybrid + régime,2023-12,2023-12-29,P_selected,TGC,0.01571313275276126,BUY,1.0666193200599192,1.0666193200599192,1.0666193200599192,3219010.3649999998,1.0,1,exclude,1,32,23,0.905597,0.010064,0.9993,ok,0.10307651112706684,0.6590090487632976,0.999835165922065,23,0.17204301075268824,0.0027033346671417233,1,500000.0,2023-01_2025-06
4,C4 Hybrid + régime,2023-12,2023-12-29,P_selected,CSR,0.012302897033209569,BUY,0.28383950424873355,0.28383950424873355,0.28383950424873355,2731397.4375,1.0,1,exclude,1,32,23,0.905597,0.010064,0.9993,ok,0.10307651112706684,0.6590090487632976,0.999835165922065,23,-0.04102564102564099,-0.0005047342372598793,1,500000.0,2023-01_2025-06
4,C4 Hybrid + régime,2023-12,2023-12-29,P_selected,JET,0.011296851249134422,NEUTRAL,0.18228783202527943,0.18228783202527943,0.09114391601263971,650833.655,0.9983631419194613,1,exclude,1,32,23,0.905597,0.010064,0.9993,ok,0.10307651112706684,0.6590090487632976,0.999835165922065,23,0.22549019607843146,0.002547329203236194,1,500000.0,2023-01_2025-06
4,C4 Hybrid + régime,2023-12,2023-12-29,P_selected,EQD,0.00936142084215879,BUY,0.6010997700740931,0.6010997700740931,0.6010997700740931,1635925.4300000002,0.9999999997657909,1,exclude,1,32,23,0.905597,0.010064,0.9993,ok,0.10307651112706684,0.6590090487632976,0.999835165922065,23,0.11426256077795771,0.0010696599179452087,1,500000.0,2023-01_2025-06
4,C4 Hybrid + régime,2023-12,2023-12-29,P_selected,LES,0.003308682038374339,BUY,0.3000063208188979,0.3000063208188979,0.3000063208188979,10936409.680000002,1.0,1,exclude,1,32,23,0.905597,0.010064,0.9993,ok,0.10307651112706684,0.6590090487632976,0.999835165922065,23,0.0185185185185186,6.127188959952507e-05,1,500000.0,2023-01_2025-06
4,C4 Hybrid + régime,2023-12,2023-12-29,P_selected,CDM,0.003127625594727363,NEUTRAL,-0.008074602735334252,-0.008074602735334252,-0.004037301367667126,1770864.5,0.9999999999729634,1,exclude,1,32,23,0.905597,0.010064,0.9993,ok,0.10307651112706684,0.6590090487632976,0.999835165922065,23,0.07779171894604775,0.00024330337123349647,1,500000.0,2023-01_2025-06
4,C4 Hybrid + régime,2023-12,2023-12-29,P_selected,SID,0.0016872814726803702,BUY,1.294547424232108,1.294547424232108,1.294547424232108,1803953.1,0.999999999984077,1,exclude,1,32,23,0.905597,0.010064,0.9993,ok,0.10307651112706684,0.6590090487632976,0.999835165922065,23,0.06060606060606055,0.00010225948319274962,1,500000.0,2023-01_2025-06
4,C4 Hybrid + régime,2023-12,2023-12-29,P_selected,BOA,0.0012132634572756583,BUY,0.7871675522352001,0.7871675522352001,0.7871675522352001,19336119.6625,1.0,1,exclude,1,32,23,0.905597,0.010064,0.9993,ok,0.10307651112706684,0.6590090487632976,0.999835165922065,23,0.07520891364902504,9.124822659176257e-05,1,500000.0,2023-01_2025-06
4,C4 Hybrid + régime,2023-12,2023-12-29,P_selected,TMA,0.0009231188082469317,NEUTRAL,0.06328979499890688,0.06328979499890688,0.03164489749945344,1447405.75,0.9999999952184067,1,exclude,1,32,23,0.905597,0.010064,0.9993,ok,0.10307651112706684,0.6590090487632976,0.999835165922065,23,0.15384615384615374,0.00014201827819183556,1,500000.0,2023-01_2025-06
4,C4 Hybrid + régime,2023-12,2023-12-29,P_selected,MUT,0.0008213937358544369,BUY,0.755941457073579,0.755941457073579,0.755941457073579,3589934.7825,1.0,1,exclude,1,32,23,0.905597,0.010064,0.9993,ok,0.10307651112706684,0.6590090487632976,0.999835165922065,23,0.07559999999999989,6.209736643059534e-05,1,500000.0,2023-01_2025-06
4,C4 Hybrid + régime,2023-12,2023-12-29,P_selected,IMO,0.0006526461765023619,NEUTRAL,-0.1389276870458183,-0.1389276870458183,-0.06946384352290914,1439050.5135,0.9999999945344891,1,exclude,1,32,23,0.905597,0.010064,0.9993,ok,0.10307651112706684,0.6590090487632976,0.999835165922065,23,0.010752688172043001,7.0177008226060355e-06,1,500000.0,2023-01_2025-06
4,C4 Hybrid + régime,2023-12,2023-12-29,P_selected,DHO,0.0006135378654957266,NEUTRAL,0.1625268797696014,0.1625268797696014,0.0812634398848007,735953.928,0.9995801792640159,1,exclude,1,32,23,0.905597,0.010064,0.9993,ok,0.10307651112706684,0.6590090487632976,0.999835165922065,23,0.03943661971830981,2.4195859484338482e-05,1,500000.0,2023-01_2025-06
4,C4 Hybrid + régime,2024-01,2024-01-31,P_selected,AKT,0.2906387113246037,BUY,0.8049922294023746,0.8049922294023746,0.8049922294023746,8142793.784999999,1.0,1,exclude,1,31,21,0.983432,0.010772,0.9999,ok,0.07657655040717448,0.6525299897102084,0.9999477542305086,21,0.14802631578947367,0.04302217766318147,1,500000.0,2023-01_2025-06
4,C4 Hybrid + régime,2024-01,2024-01-31,P_selected,ADI,0.1783437024573221,BUY,3.4103617355238596,3.4103617355238596,3.4103617355238596,15345130.622500002,1.0,1,exclude,1,31,21,0.983432,0.010772,0.9999,ok,0.07657655040717448,0.6525299897102084,0.9999477542305086,21,0.09230769230769242,0.016462495611445138,1,500000.0,2023-01_2025-06
4,C4 Hybrid + régime,2024-01,2024-01-31,P_selected,CMA,0.08686601551766167,NEUTRAL,-0.012987337740297297,-0.012987337740297297,-0.006493668870148649,2966185.35,1.0,1,exclude,1,31,21,0.983432,0.010772,0.9999,ok,0.07657655040717448,0.6525299897102084,0.9999477542305086,21,0.011730205278592365,0.0010189561937555612,1,500000.0,2023-01_2025-06
4,C4 Hybrid + régime,2024-01,2024-01-31,P_selected,MIC,0.050581866891932205,NEUTRAL,-0.165732917316186,-0.165732917316186,-0.082866458658093,746943.955,0.999647850758702,1,exclude,1,31,21,0.983432,0.010772,0.9999,ok,0.07657655040717448,0.6525299897102084,0.9999477542305086,21,0.07737817219367904,0.003913932406241683,1,500000.0,2023-01_2025-06
4,C4 Hybrid + régime,2024-01,2024-01-31,P_selected,TMA,0.04488065164424743,BUY,0.5068394690023128,0.5068394690023128,0.5068394690023128,1637733.3,0.9999999997724687,1,exclude,1,31,21,0.983432,0.010772,0.9999,ok,0.07657655040717448,0.6525299897102084,0.9999477542305086,21,0.057777777777777706,0.0025931043172231815,1,500000.0,2023-01_2025-06
4,C4 Hybrid + régime,2024-01,2024-01-31,P_selected,MNG,0.043930091597693226,NEUTRAL,0.1080632453886197,0.1080632453886197,0.05403162269430985,1533391.5,0.9999999987919568,1,exclude,1,31,21,0.983432,0.010772,0.9999,ok,0.07657655040717448,0.6525299897102084,0.9999477542305086,21,-0.0022172949002217113,-9.740596806583784e-05,1,500000.0,2023-01_2025-06
4,C4 Hybrid + régime,2024-01,2024-01-31,P_selected,LBV,0.04384402505234391,NEUTRAL,-0.06643974179230576,-0.06643974179230576,-0.03321987089615288,5215042.6,1.0,1,exclude,1,31,21,0.983432,0.010772,0.9999,ok,0.07657655040717448,0.6525299897102084,0.9999477542305086,21,0.02962085308056861,0.0012986974245362483,1,500000.0,2023-01_2025-06
4,C4 Hybrid + régime,2024-01,2024-01-31,P_selected,EQD,0.0435083681523297,BUY,0.8042447292229392,0.8042447292229392,0.8042447292229392,705048.0,0.999311817448991,1,exclude,1,31,21,0.983432,0.010772,0.9999,ok,0.07657655040717448,0.6525299897102084,0.9999477542305086,21,0.026851851851851904,0.0011682802559421887,1,500000.0,2023-01_2025-06
4,C4 Hybrid + régime,2024-01,2024-01-31,P_selected,CIH,0.0423381028347725,BUY,0.3724175529833845,0.3724175529833845,0.3724175529833845,3252529.8899999997,1.0,1,exclude,1,31,21,0.983432,0.010772,0.9999,ok,0.07657655040717448,0.6525299897102084,0.9999477542305086,21,0.0714285714285714,0.0030241502024837483,1,500000.0,2023-01_2025-06
4,C4 Hybrid + régime,2024-01,2024-01-31,P_selected,SMI,0.04141198804731681,BUY,0.38798108340569015,0.38798108340569015,0.38798108340569015,1967456.6,0.9999999999988363,1,exclude,1,31,21,0.983432,0.010772,0.9999,ok,0.07657655040717448,0.6525299897102084,0.9999477542305086,21,0.013157894736842035,0.000544894579569955,1,500000.0,2023-01_2025-06
4,C4 Hybrid + régime,2024-01,2024-01-31,P_selected,RIS,0.030499717945773146,BUY,0.4577462572121217,0.4577462572121217,0.4577462572121217,1448157.5425,0.9999999952755783,1,exclude,1,31,21,0.983432,0.010772,0.9999,ok,0.07657655040717448,0.6525299897102084,0.9999477542305086,21,0.09235352532274077,0.0028167564736414114,1,500000.0,2023-01_2025-06
4,C4 Hybrid + régime,2024-01,2024-01-31,P_selected,DWY,0.02571210776259198,NEUTRAL,-0.05048738057101626,-0.05048738057101626,-0.02524369028550813,648790.7849999999,0.9983088476929789,1,exclude,1,31,21,0.983432,0.010772,0.9999,ok,0.07657655040717448,0.6525299897102084,0.9999477542305086,21,-0.045671438309475065,-0.0011743089434857947,1,500000.0,2023-01_2025-06
4,C4 Hybrid + régime,2024-01,2024-01-31,P_selected,JET,0.02309235577459062,BUY,1.6781311914834993,1.6781311914834993,1.6781311914834993,2528861.3150000004,0.9999999999999998,1,exclude,1,31,21,0.983432,0.010772,0.9999,ok,0.07657655040717448,0.6525299897102084,0.9999477542305086,21,0.17460317460317465,0.0040319986273094745,1,500000.0,2023-01_2025-06
4,C4 Hybrid + régime,2024-01,2024-01-31,P_selected,HPS,0.022273826505074132,NEUTRAL,0.0038133116462656103,0.0038133116462656103,0.0019066558231328051,2613318.2199999997,1.0,1,exclude,1,31,21,0.983432,0.010772,0.9999,ok,0.07657655040717448,0.6525299897102084,0.9999477542305086,21,-0.07752063440686197,-0.0017266811613417237,1,500000.0,2023-01_2025-06
4,C4 Hybrid + régime,2024-01,2024-01-31,P_selected,GAZ,0.021859304936109894,NEUTRAL,-0.11182956812494389,-0.11182956812494389,-0.055914784062471946,2309223.85,0.9999999999999951,1,exclude,1,31,21,0.983432,0.010772,0.9999,ok,0.07657655040717448,0.6525299897102084,0.9999477542305086,21,0.03750000000000009,0.000819723935104123,1,500000.0,2023-01_2025-06
4,C4 Hybrid + régime,2024-01,2024-01-31,P_selected,BCI,0.0035931524403323583,BUY,2.017230546922194,2.017230546922194,2.017230546922194,2784113.5100000002,1.0,1,exclude,1,31,21,0.983432,0.010772,0.9999,ok,0.07657655040717448,0.6525299897102084,0.9999477542305086,21,0.037234042553191404,0.00013378759086343856,1,500000.0,2023-01_2025-06
4,C4 Hybrid + régime,2024-01,2024-01-31,P_selected,DYT,0.0031278263481972534,NEUTRAL,0.12269150099421378,0.12269150099421378,0.06134575049710689,580627.6725000001,0.9949837449950952,1,exclude,1,31,21,0.983432,0.010772,0.9999,ok,0.07657655040717448,0.6525299897102084,0.9999477542305086,21,0.06699751861042191,0.0002095566039735135,1,500000.0,2023-01_2025-06
4,C4 Hybrid + régime,2024-01,2024-01-31,P_selected,TGC,0.001883332572885514,BUY,0.7664726242879554,0.7664726242879554,0.7664726242879554,7474786.657500001,1.0,1,exclude,1,31,21,0.983432,0.010772,0.9999,ok,0.07657655040717448,0.6525299897102084,0.9999477542305086,21,0.05145413870246096,9.69052554281139e-05,1,500000.0,2023-01_2025-06
4,C4 Hybrid + régime,2024-01,2024-01-31,P_selected,LHM,0.0007248621489863634,NEUTRAL,0.11782368796650798,0.11782368796650798,0.05891184398325399,4054285.2,1.0,1,exclude,1,31,21,0.983432,0.010772,0.9999,ok,0.07657655040717448,0.6525299897102084,0.9999477542305086,21,0.01989795918367343,1.4423277454320468e-05,1,500000.0,2023-01_2025-06
4,C4 Hybrid + régime,2024-01,2024-01-31,P_selected,ADH,0.0004473854547832739,BUY,2.6163479449636258,2.6163479449636258,2.6163479449636258,9898389.202,1.0,1,exclude,1,31,21,0.983432,0.010772,0.9999,ok,0.07657655040717448,0.6525299897102084,0.9999477542305086,21,0.12711333750782705,5.686865830995899e-05,1,500000.0,2023-01_2025-06
4,C4 Hybrid + régime,2024-01,2024-01-31,P_selected,ARD,0.0003903588209607266,NEUTRAL,-0.1282256923748025,-0.1282256923748025,-0.06411284618740125,1483984.33,0.9999999973368316,1,exclude,1,31,21,0.983432,0.010772,0.9999,ok,0.07657655040717448,0.6525299897102084,0.9999477542305086,21,0.028548289127353854,1.114407648419978e-05,1,500000.0,2023-01_2025-06
4,C4 Hybrid + régime,2024-02,2024-02-29,P_selected,AKT,0.2826777780480272,BUY,0.9884261190053456,0.9884261190053456,0.9884261190053456,10945682.17,1.0,1,exclude,1,29,26,1.203209,0.011566,0.9999,ok,0.028869402758755935,0.6511339331183111,0.999996578844523,26,-0.01449275362318836,-0.004096779392000381,1,500000.0,2023-01_2025-06
4,C4 Hybrid + régime,2024-02,2024-02-29,P_selected,ADI,0.12600039127105736,BUY,2.9265261399968834,2.9265261399968834,2.9265261399968834,6208376.7225,1.0,1,exclude,1,29,26,1.203209,0.011566,0.9999,ok,0.028869402758755935,0.6511339331183111,0.999996578844523,26,0.19068670792808717,0.02402659980912882,1,500000.0,2023-01_2025-06
4,C4 Hybrid + régime,2024-02,2024-02-29,P_selected,JET,0.10624035724532922,BUY,3.0217633872205765,3.0217633872205765,3.0217633872205765,4083213.13,1.0,1,exclude,1,29,26,1.203209,0.011566,0.9999,ok,0.028869402758755935,0.6511339331183111,0.999996578844523,26,0.09578445275235259,0.010176174478958296,1,500000.0,2023-01_2025-06
4,C4 Hybrid + régime,2024-02,2024-02-29,P_selected,CMA,0.10010376258198281,NEUTRAL,0.05648960514125509,0.05648960514125509,0.028244802570627545,2751247.1,1.0,1,exclude,1,29,26,1.203209,0.011566,0.9999,ok,0.028869402758755935,0.6511339331183111,0.999996578844523,26,-0.020289855072463725,-0.002031090834996748,1,500000.0,2023-01_2025-06
4,C4 Hybrid + régime,2024-02,2024-02-29,P_selected,MNG,0.05697056677176646,BUY,0.46144694421299226,0.46144694421299226,0.46144694421299226,2811680.1,1.0,1,exclude,1,29,26,1.203209,0.011566,0.9999,ok,0.028869402758755935,0.6511339331183111,0.999996578844523,26,-0.04839586731919521,-0.0027571399905857606,1,500000.0,2023-01_2025-06
4,C4 Hybrid + régime,2024-02,2024-02-29,P_selected,BOA,0.05566450539138638,BUY,0.4379347951764009,0.4379347951764009,0.4379347951764009,4163997.8575000004,1.0,1,exclude,1,29,26,1.203209,0.011566,0.9999,ok,0.028869402758755935,0.6511339331183111,0.999996578844523,26,-0.025000000000000022,-0.0013916126347846608,1,500000.0,2023-01_2025-06
4,C4 Hybrid + régime,2024-02,2024-02-29,P_selected,IMO,0.05271785634503523,NEUTRAL,-0.0488473764748657,-0.0488473764748657,-0.02442368823743285,634544.4794999999,0.9978768132095764,1,exclude,1,29,26,1.203209,0.011566,0.9999,ok,0.028869402758755935,0.6511339331183111,0.999996578844523,26,-0.025078369905956133,-0.00132207790206985,1,500000.0,2023-01_2025-06
4,C4 Hybrid + régime,2024-02,2024-02-29,P_selected,LBV,0.04248426802142035,NEUTRAL,0.17489408905408302,0.17489408905408302,0.08744704452704151,7394740.15,1.0,1,exclude,1,29,26,1.203209,0.011566,0.9999,ok,0.028869402758755935,0.6511339331183111,0.999996578844523,26,0.04522727272727267,0.0019214475764233272,1,500000.0,2023-01_2025-06
4,C4 Hybrid + régime,2024-02,2024-02-29,P_selected,RDS,0.03995836055290667,BUY,2.3096199011100813,2.3096199011100813,2.3096199011100813,2688570.9235,1.0,1,exclude,1,29,26,1.203209,0.011566,0.9999,ok,0.028869402758755935,0.6511339331183111,0.999996578844523,26,0.0,0.0,1,500000.0,2023-01_2025-06
4,C4 Hybrid + régime,2024-02,2024-02-29,P_selected,BCI,0.03175704434830567,BUY,1.2795780716450205,1.2795780716450205,1.2795780716450205,1035423.3800000001,0.9999965140765344,1,exclude,1,29,26,1.203209,0.011566,0.9999,ok,0.028869402758755935,0.6511339331183111,0.999996578844523,26,0.0608695652173914,0.0019330374820707827,1,500000.0,2023-01_2025-06
4,C4 Hybrid + régime,2024-02,2024-02-29,P_selected,RIS,0.031041134305154396,NEUTRAL,0.19820190296236478,0.19820190296236478,0.09910095148118239,1779360.1949999998,0.9999999999763998,1,exclude,1,29,26,1.203209,0.011566,0.9999,ok,0.028869402758755935,0.6511339331183111,0.999996578844523,26,0.12139534883720926,0.0037682493272768814,1,500000.0,2023-01_2025-06
4,C4 Hybrid + régime,2024-02,2024-02-29,P_selected,SMI,0.016662237297257167,NEUTRAL,0.1523425912858386,0.1523425912858386,0.0761712956429193,1361851.55,0.9999999812040575,1,exclude,1,29,26,1.203209,0.011566,0.9999,ok,0.028869402758755935,0.6511339331183111,0.999996578844523,26,0.13475177304964547,0.002245266018779336,1,500000.0,2023-01_2025-06
4,C4 Hybrid + régime,2024-02,2024-02-29,P_selected,CMT,0.015938370568489655,BUY,0.9020276678453938,0.9020276678453938,0.9020276678453938,4929366.0,1.0,1,exclude,1,29,26,1.203209,0.011566,0.9999,ok,0.028869402758755935,0.6511339331183111,0.999996578844523,26,-0.11923076923076925,-0.0019003441831660745,1,500000.0,2023-01_2025-06
4,C4 Hybrid + régime,2024-02,2024-02-29,P_selected,TMA,0.01575288954592608,BUY,0.2384828093679554,0.2384828093679554,0.2384828093679554,3163242.05,1.0,1,exclude,1,29,26,1.203209,0.011566,0.9999,ok,0.028869402758755935,0.6511339331183111,0.999996578844523,26,-0.006382978723404209,-0.00010055035880378276,1,500000.0,2023-01_2025-06
4,C4 Hybrid + régime,2024-02,2024-02-29,P_selected,TGC,0.010405425460881468,BUY,0.7554093673067108,0.7554093673067108,0.7554093673067108,7327413.1875,1.0,1,exclude,1,29,26,1.203209,0.011566,0.9999,ok,0.028869402758755935,0.6511339331183111,0.999996578844523,26,0.08974358974358965,0.0009338202336688486,1,500000.0,2023-01_2025-06
4,C4 Hybrid + régime,2024-02,2024-02-29,P_selected,MSA,0.006615286137224774,NEUTRAL,-0.07028081368777811,-0.07028081368777811,-0.035140406843889055,7937476.967500001,1.0,1,exclude,1,29,26,1.203209,0.011566,0.9999,ok,0.028869402758755935,0.6511339331183111,0.999996578844523,26,-0.03464919841406655,-0.00022921436193452507,1,500000.0,2023-01_2025-06
4,C4 Hybrid + régime,2024-02,2024-02-29,P_selected,TQM,0.002007348540647238,BUY,0.27681662924823147,0.27681662924823147,0.27681662924823147,6397307.25,1.0,1,exclude,1,29,26,1.203209,0.011566,0.9999,ok,0.028869402758755935,0.6511339331183111,0.999996578844523,26,0.0008333333333332416,1.6727904505391807e-06,1,500000.0,2023-01_2025-06
4,C4 Hybrid + régime,2024-02,2024-02-29,P_selected,ADH,0.001918386408012121,BUY,2.148488898612735,2.148488898612735,2.148488898612735,10067875.521000002,1.0,1,exclude,1,29,26,1.203209,0.011566,0.9999,ok,0.028869402758755935,0.6511339331183111,0.999996578844523,26,0.11956521739130443,0.0002293722879144929,1,500000.0,2023-01_2025-06
4,C4 Hybrid + régime,2024-02,2024-02-29,P_selected,ARD,0.0016051374825209873,NEUTRAL,-0.04066051688412636,-0.04066051688412636,-0.02033025844206318,949676.8875,0.9999862551169507,1,exclude,1,29,26,1.203209,0.011566,0.9999,ok,0.028869402758755935,0.6511339331183111,0.999996578844523,26,0.0,0.0,1,500000.0,2023-01_2025-06
4,C4 Hybrid + régime,2024-02,2024-02-29,P_selected,CSR,0.0012904386006214051,NEUTRAL,0.0245012955819814,0.0245012955819814,0.0122506477909907,13618939.419999998,1.0,1,exclude,1,29,26,1.203209,0.011566,0.9999,ok,0.028869402758755935,0.6511339331183111,0.999996578844523,26,0.03350515463917536,4.323634486618123e-05,1,500000.0,2023-01_2025-06
4,C4 Hybrid + régime,2024-02,2024-02-29,P_selected,SID,0.000752844080423455,BUY,0.7375245747049514,0.7375245747049514,0.7375245747049514,2219809.335,0.9999999999999796,1,exclude,1,29,26,1.203209,0.011566,0.9999,ok,0.028869402758755935,0.6511339331183111,0.999996578844523,26,0.013143483023001057,9.894993390012523e-06,1,500000.0,2023-01_2025-06
4,C4 Hybrid + régime,2024-02,2024-02-29,P_selected,ATL,0.0005403933695747525,NEUTRAL,0.09575614555150307,0.09575614555150307,0.04787807277575153,2519184.9325,0.9999999999999998,1,exclude,1,29,26,1.203209,0.011566,0.9999,ok,0.028869402758755935,0.6511339331183111,0.999996578844523,26,0.001615508885298933,8.730102901046428e-07,1,500000.0,2023-01_2025-06
4,C4 Hybrid + régime,2024-02,2024-02-29,P_selected,IAM,0.00037820867115709783,BUY,0.3186107222392801,0.3186107222392801,0.3186107222392801,21562363.474,1.0,1,exclude,1,29,26,1.203209,0.011566,0.9999,ok,0.028869402758755935,0.6511339331183111,0.999996578844523,26,-0.02512077294685988,-9.500894154671048e-06,1,500000.0,2023-01_2025-06
4,C4 Hybrid + régime,2024-02,2024-02-29,P_selected,BCP,0.00025484432584374495,BUY,0.8217596126424223,0.8217596126424223,0.8217596126424223,22981976.9,1.0,1,exclude,1,29,26,1.203209,0.011566,0.9999,ok,0.028869402758755935,0.6511339331183111,0.999996578844523,26,-0.020198675496688856,-5.147517839890241e-06,1,500000.0,2023-01_2025-06
4,C4 Hybrid + régime,2024-02,2024-02-29,P_selected,MUT,0.0001335178035797739,BUY,0.4993958594890169,0.4993958594890169,0.4993958594890169,2293581.0324999997,0.9999999999999938,1,exclude,1,29,26,1.203209,0.011566,0.9999,ok,0.028869402758755935,0.6511339331183111,0.999996578844523,26,-0.02434456928838946,-3.25043342048138e-06,1,500000.0,2023-01_2025-06
4,C4 Hybrid + régime,2024-02,2024-02-29,P_selected,CIH,0.0001252256699915354,BUY,0.46773510926572504,0.46773510926572504,0.46773510926572504,2469183.2825,0.9999999999999996,1,exclude,1,29,26,1.203209,0.011566,0.9999,ok,0.028869402758755935,0.6511339331183111,0.999996578844523,26,0.012328767123287676,1.5438781231833137e-06,1,500000.0,2023-01_2025-06
4,C4 Hybrid + régime,2024-03,2024-03-29,P_selected,CFG,0.3390075814669286,BUY,0.21652127981991848,0.21652127981991848,0.21652127981991848,3098808.275,1.0,1,exclude,1,34,29,1.015205,0.009464,1.0,ok,0.061548342658417354,1.0964146749229313,0.999943481636463,29,-0.02517753389283417,-0.008535374872311336,1,500000.0,2023-01_2025-06
4,C4 Hybrid + régime,2024-03,2024-03-29,P_selected,AKT,0.13659287588118996,BUY,0.6879760304773255,0.6879760304773255,0.6879760304773255,5701409.33,1.0,1,exclude,1,34,29,1.015205,0.009464,1.0,ok,0.061548342658417354,1.0964146749229313,0.999943481636463,29,0.0591176470588235,0.008075049427093873,1,500000.0,2023-01_2025-06
4,C4 Hybrid + régime,2024-03,2024-03-29,P_selected,ADI,0.11600139664541857,BUY,2.7678723770315257,2.7678723770315257,2.7678723770315257,8374011.227500001,1.0,1,exclude,1,34,29,1.015205,0.009464,1.0,ok,0.061548342658417354,1.0964146749229313,0.999943481636463,29,0.04952723998199016,0.0057452290099036735,1,500000.0,2023-01_2025-06
4,C4 Hybrid + régime,2024-03,2024-03-29,P_selected,JET,0.08458327414405482,BUY,3.059320132117588,3.059320132117588,3.059320132117588,2114080.415,0.9999999999998885,1,exclude,1,34,29,1.015205,0.009464,1.0,ok,0.061548342658417354,1.0964146749229313,0.999943481636463,29,0.42352941176470593,0.0358235043433644,1,500000.0,2023-01_2025-06
4,C4 Hybrid + régime,2024-03,2024-03-29,P_selected,ARD,0.04942128128094582,BUY,1.2884507632340494,1.2884507632340494,1.2884507632340494,1756048.5850000002,0.999999999965731,1,exclude,1,34,29,1.015205,0.009464,1.0,ok,0.061548342658417354,1.0964146749229313,0.999943481636463,29,0.08400000000000007,0.004151387627599453,1,500000.0,2023-01_2025-06
4,C4 Hybrid + régime,2024-03,2024-03-29,P_selected,CMT,0.04198176280729663,BUY,0.9220881813328221,0.9220881813328221,0.9220881813328221,906131.4,0.999972412008993,1,exclude,1,34,29,1.015205,0.009464,1.0,ok,0.061548342658417354,1.0964146749229313,0.999943481636463,29,0.15283842794759828,0.006416426629936168,1,500000.0,2023-01_2025-06
4,C4 Hybrid + régime,2024-03,2024-03-29,P_selected,HPS,0.03522617982996877,NEUTRAL,-0.18415587565187247,-0.18415587565187247,-0.09207793782593623,1028472.4949999999,0.9999961040141963,1,exclude,1,34,29,1.015205,0.009464,1.0,ok,0.061548342658417354,1.0964146749229313,0.999943481636463,29,-0.051724137931034475,-0.0018220437843087293,1,500000.0,2023-01_2025-06
4,C4 Hybrid + régime,2024-03,2024-03-29,P_selected,RDS,0.03395321634537081,BUY,2.080262851836755,2.080262851836755,2.080262851836755,2936320.8575,1.0,1,exclude,1,34,29,1.015205,0.009464,1.0,ok,0.061548342658417354,1.0964146749229313,0.999943481636463,29,0.4993939393939393,0.01695603046580942,1,500000.0,2023-01_2025-06
4,C4 Hybrid + régime,2024-03,2024-03-29,P_selected,CDM,0.03333233048666468,BUY,1.0204188675773012,1.0204188675773012,1.0204188675773012,5514061.404999999,1.0,1,exclude,1,34,29,1.015205,0.009464,1.0,ok,0.061548342658417354,1.0964146749229313,0.999943481636463,29,0.0033333333333334103,0.00011110776828888484,1,500000.0,2023-01_2025-06
4,C4 Hybrid + régime,2024-03,2024-03-29,P_selected,DYT,0.028677384226840893,BUY,0.8003132538738075,0.8003132538738075,0.8003132538738075,710520.0700000001,0.9993694712769375,1,exclude,1,34,29,1.015205,0.009464,1.0,ok,0.061548342658417354,1.0964146749229313,0.999943481636463,29,-0.01922322479403693,-0.0005512718034975314,1,500000.0,2023-01_2025-06
4,C4 Hybrid + régime,2024-03,2024-03-29,P_selected,LBV,0.024541536476100363,NEUTRAL,0.15001243987704696,0.15001243987704696,0.07500621993852348,4552965.35,1.0,1,exclude,1,34,29,1.015205,0.009464,1.0,ok,0.061548342658417354,1.0964146749229313,0.999943481636463,29,-0.06240487062404876,-0.0015315114087064167,1,500000.0,2023-01_2025-06
4,C4 Hybrid + régime,2024-03,2024-03-29,P_selected,SMI,0.01888525976002899,BUY,0.8614374707311043,0.8614374707311043,0.8614374707311043,722877.55,0.9994825296888584,1,exclude,1,34,29,1.015205,0.009464,1.0,ok,0.061548342658417354,1.0964146749229313,0.999943481636463,29,0.11562500000000009,0.0021836081597533534,1,500000.0,2023-01_2025-06
4,C4 Hybrid + régime,2024-03,2024-03-29,P_selected,BCP,0.011987670228478754,BUY,0.6939407435667805,0.6939407435667805,0.6939407435667805,7055951.8225,1.0,1,exclude,1,34,29,1.015205,0.009464,1.0,ok,0.061548342658417354,1.0964146749229313,0.999943481636463,29,-0.013180128421764081,-0.00015799903308910795,1,500000.0,2023-01_2025-06
4,C4 Hybrid + régime,2024-03,2024-03-29,P_selected,EQD,0.008905864736446339,BUY,0.5600191493446158,0.5600191493446158,0.5600191493446158,2302739.15,0.9999999999999944,1,exclude,1,34,29,1.015205,0.009464,1.0,ok,0.061548342658417354,1.0964146749229313,0.999943481636463,29,0.06695652173913036,0.0005963057258316237,1,500000.0,2023-01_2025-06
4,C4 Hybrid + régime,2024-03,2024-03-29,P_selected,RIS,0.007896084401569229,BUY,0.6186669387434441,0.6186669387434441,0.6186669387434441,3785209.81,1.0,1,exclude,1,34,29,1.015205,0.009464,1.0,ok,0.061548342658417354,1.0964146749229313,0.999943481636463,29,0.07880547490667777,0.0006222546811688736,1,500000.0,2023-01_2025-06
4,C4 Hybrid + régime,2024-03,2024-03-29,P_selected,BOA,0.0073454183561576115,BUY,0.386485480727374,0.386485480727374,0.386485480727374,2661902.9025,1.0,1,exclude,1,34,29,1.015205,0.009464,1.0,ok,0.061548342658417354,1.0964146749229313,0.999943481636463,29,-0.01538461538461533,-0.00011300643624857823,1,500000.0,2023-01_2025-06
4,C4 Hybrid + régime,2024-03,2024-03-29,P_selected,CSR,0.004544705483499299,NEUTRAL,0.0010371160349666175,0.0010371160349666175,0.0005185580174833088,2228600.15,0.9999999999999822,1,exclude,1,34,29,1.015205,0.009464,1.0,ok,0.061548342658417354,1.0964146749229313,0.999943481636463,29,-0.012468827930174564,-5.6667150667073556e-05,1,500000.0,2023-01_2025-06
4,C4 Hybrid + régime,2024-03,2024-03-29,P_selected,ATW,0.0042246613880838795,NEUTRAL,0.019530153970254843,0.019530153970254843,0.009765076985127422,12538974.315000001,1.0,1,exclude,1,34,29,1.015205,0.009464,1.0,ok,0.061548342658417354,1.0964146749229313,0.999943481636463,29,-0.012404016538688611,-5.240276972815163e-05,1,500000.0,2023-01_2025-06
4,C4 Hybrid + régime,2024-03,2024-03-29,P_selected,IAM,0.003960665711212614,NEUTRAL,-0.010337967382859442,-0.010337967382859442,-0.005168983691429721,7433794.630000001,1.0,1,exclude,1,34,29,1.015205,0.009464,1.0,ok,0.061548342658417354,1.0964146749229313,0.999943481636463,29,-0.04410307234886024,-0.00017467752641125991,1,500000.0,2023-01_2025-06
4,C4 Hybrid + régime,2024-03,2024-03-29,P_selected,SID,0.00314780275447298,BUY,0.7350024691191022,0.7350024691191022,0.7350024691191022,2181045.175,0.9999999999999618,1,exclude,1,34,29,1.015205,0.009464,1.0,ok,0.061548342658417354,1.0964146749229313,0.999943481636463,29,0.14054054054054044,0.00044239390062863473,1,500000.0,2023-01_2025-06
4,C4 Hybrid + régime,2024-03,2024-03-29,P_selected,TMA,0.0013411382886180081,BUY,0.298834619625862,0.298834619625862,0.298834619625862,1932797.55,0.9999999999979736,1,exclude,1,34,29,1.015205,0.009464,1.0,ok,0.061548342658417354,1.0964146749229313,0.999943481636463,29,0.00786275911365264,1.0545047301499748e-05,1,500000.0,2023-01_2025-06
4,C4 Hybrid + régime,2024-03,2024-03-29,P_selected,MNG,0.0009264537622895985,NEUTRAL,0.1577364177451479,0.1577364177451479,0.07886820887257395,2789222.85,1.0,1,exclude,1,34,29,1.015205,0.009464,1.0,ok,0.061548342658417354,1.0964146749229313,0.999943481636463,29,0.3360000000000001,0.00031128846412930514,1,500000.0,2023-01_2025-06
4,C4 Hybrid + régime,2024-03,2024-03-29,P_selected,CMA,0.000741679290151392,NEUTRAL,-0.08189779102917813,-0.08189779102917813,-0.040948895514589065,3302835.7,1.0,1,exclude,1,34,29,1.015205,0.009464,1.0,ok,0.061548342658417354,1.0964146749229313,0.999943481636463,29,0.040804257835600266,3.026367298666238e-05,1,500000.0,2023-01_2025-06
4,C4 Hybrid + régime,2024-03,2024-03-29,P_selected,MUT,0.000650344082836328,BUY,0.3512387118529755,0.3512387118529755,0.3512387118529755,604477.7775000001,0.9965696079680872,1,exclude,1,34,29,1.015205,0.009464,1.0,ok,0.061548342658417354,1.0964146749229313,0.999943481636463,29,0.02111324376199608,1.3730873150095165e-05,1,500000.0,2023-01_2025-06
4,C4 Hybrid + régime,2024-03,2024-03-29,P_selected,ATH,0.0005347280003257883,NEUTRAL,0.027178391117084033,0.027178391117084033,0.013589195558542017,1238156.2339999997,0.9999998639848936,1,exclude,1,34,29,1.015205,0.009464,1.0,ok,0.061548342658417354,1.0964146749229313,0.999943481636463,29,0.1890624999999999,0.0001010970125615943,1,500000.0,2023-01_2025-06
4,C4 Hybrid + régime,2024-03,2024-03-29,P_selected,ATL,0.0005075021121100122,NEUTRAL,0.07761667794721845,0.07761667794721845,0.038808338973609226,2370839.145,0.9999999999999982,1,exclude,1,34,29,1.015205,0.009464,1.0,ok,0.061548342658417354,1.0964146749229313,0.999943481636463,29,0.16129032258064524,8.185517937258266e-05,1,500000.0,2023-01_2025-06
4,C4 Hybrid + régime,2024-03,2024-03-29,P_selected,GAZ,0.0004898290878428095,NEUTRAL,0.15829287461257033,0.15829287461257033,0.07914643730628516,2556413.0,1.0,1,exclude,1,34,29,1.015205,0.009464,1.0,ok,0.061548342658417354,1.0964146749229313,0.999943481636463,29,-0.03488372093023251,-1.7087061203818913e-05,1,500000.0,2023-01_2025-06
4,C4 Hybrid + régime,2024-03,2024-03-29,P_selected,TGC,0.000316518246103642,BUY,0.8963544805863755,0.8963544805863755,0.8963544805863755,5166311.55,1.0,1,exclude,1,34,29,1.015205,0.009464,1.0,ok,0.061548342658417354,1.0964146749229313,0.999943481636463,29,0.21843137254901945,6.913751493322685e-05,1,500000.0,2023-01_2025-06
4,C4 Hybrid + régime,2024-03,2024-03-29,P_selected,LHM,0.0002183363554555873,NEUTRAL,0.10905311251469318,0.10905311251469318,0.05452655625734659,5698712.05,1.0,1,exclude,1,34,29,1.015205,0.009464,1.0,ok,0.061548342658417354,1.0964146749229313,0.999943481636463,29,0.02564102564102555,5.598368088604782e-06,1,500000.0,2023-01_2025-06
4,C4 Hybrid + régime,2024-04,2024-04-30,P_selected,CFG,0.4,NEUTRAL,0.15144419115841307,0.15144419115841307,0.07572209557920653,4652391.455,1.0,1,exclude,1,34,27,0.826851,0.009019,0.9992,ok,0.0069864904025340735,0.5524481657888389,0.9998019581491123,27,0.06721854304635766,0.026887417218543066,1,500000.0,2023-01_2025-06
4,C4 Hybrid + régime,2024-04,2024-04-30,P_selected,JET,0.13244713390075993,BUY,3.1162436887989626,3.1162436887989626,3.1162436887989626,7520058.69,1.0,1,exclude,1,34,27,0.826851,0.009019,0.9992,ok,0.0069864904025340735,0.5524481657888389,0.9998019581491123,27,-0.0984126984126984,-0.013034479844201769,1,500000.0,2023-01_2025-06
4,C4 Hybrid + régime,2024-04,2024-04-30,P_selected,AKT,0.12997074151649918,BUY,0.7364670548945936,0.7364670548945936,0.7364670548945936,11312012.120000001,1.0,1,exclude,1,34,27,0.826851,0.009019,0.9992,ok,0.0069864904025340735,0.5524481657888389,0.9998019581491123,27,-0.06388888888888888,-0.008303686263554114,1,500000.0,2023-01_2025-06
4,C4 Hybrid + régime,2024-04,2024-04-30,P_selected,BOA,0.05387210336212766,BUY,0.9050051544760145,0.9050051544760145,0.9050051544760145,2797790.9925,1.0,1,exclude,1,34,27,0.826851,0.009019,0.9992,ok,0.0069864904025340735,0.5524481657888389,0.9998019581491123,27,0.02472670484122852,0.0013320795990114853,1,500000.0,2023-01_2025-06
4,C4 Hybrid + régime,2024-04,2024-04-30,P_selected,ARD,0.04567711058753961,BUY,0.8685096076275235,0.8685096076275235,0.8685096076275235,3736586.44,1.0,1,exclude,1,34,27,0.826851,0.009019,0.9992,ok,0.0069864904025340735,0.5524481657888389,0.9998019581491123,27,-0.09743967581506718,-0.004450762847818832,1,500000.0,2023-01_2025-06
4,C4 Hybrid + régime,2024-04,2024-04-30,P_selected,IMO,0.04149736714219571,NEUTRAL,0.16629672651571173,0.16629672651571173,0.08314836325785586,524083.61100000003,0.9876946294827621,1,exclude,1,34,27,0.826851,0.009019,0.9992,ok,0.0069864904025340735,0.5524481657888389,0.9998019581491123,27,0.035490830636461634,0.0014727760291027357,1,500000.0,2023-01_2025-06
4,C4 Hybrid + régime,2024-04,2024-04-30,P_selected,ADI,0.041400923119404985,BUY,2.2200687229533167,2.2200687229533167,2.2200687229533167,40987828.1325,1.0,1,exclude,1,34,27,0.826851,0.009019,0.9992,ok,0.0069864904025340735,0.5524481657888389,0.9998019581491123,27,0.0376958915713681,0.0015606447088636372,1,500000.0,2023-01_2025-06
4,C4 Hybrid + régime,2024-04,2024-04-30,P_selected,FBR,0.031340308692394736,BUY,0.306967722816626,0.306967722816626,0.306967722816626,541356.7455,0.9906381640699479,1,exclude,1,34,27,0.826851,0.009019,0.9992,ok,0.0069864904025340735,0.5524481657888389,0.9998019581491123,27,0.04469026548672561,0.001400606715899055,1,500000.0,2023-01_2025-06
4,C4 Hybrid + régime,2024-04,2024-04-30,P_selected,DYT,0.028495945074671306,BUY,0.8755540804549387,0.8755540804549387,0.8755540804549387,2030098.7274999998,0.9999999999995728,1,exclude,1,34,27,0.826851,0.009019,0.9992,ok,0.0069864904025340735,0.5524481657888389,0.9998019581491123,27,0.00989699050696835,0.0002820240978911134,1,500000.0,2023-01_2025-06
4,C4 Hybrid + régime,2024-04,2024-04-30,P_selected,RIS,0.025427187228455984,BUY,0.604377512947866,0.604377512947866,0.604377512947866,7575247.3,1.0,1,exclude,1,34,27,0.826851,0.009019,0.9992,ok,0.0069864904025340735,0.5524481657888389,0.9998019581491123,27,-0.0773076923076923,-0.0019657171665075587,1,500000.0,2023-01_2025-06
4,C4 Hybrid + régime,2024-04,2024-04-30,P_selected,SMI,0.015340754012025894,BUY,0.2958566593786435,0.2958566593786435,0.2958566593786435,661098.2,0.9986107086157655,1,exclude,1,34,27,0.826851,0.009019,0.9992,ok,0.0069864904025340735,0.5524481657888389,0.9998019581491123,27,0.3566986998304127,0.005472027010507824,1,500000.0,2023-01_2025-06
4,C4 Hybrid + régime,2024-04,2024-04-30,P_selected,ATL,0.012859749574729382,NEUTRAL,0.1672975283749476,0.1672975283749476,0.0836487641874738,2920780.725,1.0,1,exclude,1,34,27,0.826851,0.009019,0.9992,ok,0.0069864904025340735,0.5524481657888389,0.9998019581491123,27,-0.07094594594594594,-0.0009123470982071521,1,500000.0,2023-01_2025-06
4,C4 Hybrid + régime,2024-04,2024-04-30,P_selected,TMA,0.011977282887648934,BUY,0.36998270170593306,0.36998270170593306,0.36998270170593306,1436102.7,0.9999999942705322,1,exclude,1,34,27,0.826851,0.009019,0.9992,ok,0.0069864904025340735,0.5524481657888389,0.9998019581491123,27,-0.014285714285714235,-0.00017110404125212703,1,500000.0,2023-01_2025-06
4,C4 Hybrid + régime,2024-04,2024-04-30,P_selected,BCP,0.0073629765682027325,BUY,0.6999206392469766,0.6999206392469766,0.6999206392469766,22700566.955000002,1.0,1,exclude,1,34,27,0.826851,0.009019,0.9992,ok,0.0069864904025340735,0.5524481657888389,0.9998019581491123,27,0.01730103806228378,0.00012738713785817907,1,500000.0,2023-01_2025-06
4,C4 Hybrid + régime,2024-04,2024-04-30,P_selected,HPS,0.005653623220495323,NEUTRAL,-0.181121955355737,-0.181121955355737,-0.0905609776778685,1672504.9949999999,0.9999999998695563,1,exclude,1,34,27,0.826851,0.009019,0.9992,ok,0.0069864904025340735,0.5524481657888389,0.9998019581491123,27,-0.01610017889087656,-9.102434523158835e-05,1,500000.0,2023-01_2025-06
4,C4 Hybrid + régime,2024-04,2024-04-30,P_selected,IAM,0.004764284907185067,BUY,0.3191019469008851,0.3191019469008851,0.3191019469008851,12905227.779500002,1.0,1,exclude,1,34,27,0.826851,0.009019,0.9992,ok,0.0069864904025340735,0.5524481657888389,0.9998019581491123,27,-0.04365904365904372,-0.0002080041227669159,1,500000.0,2023-01_2025-06
4,C4 Hybrid + régime,2024-04,2024-04-30,P_selected,ATH,0.003861808287779312,BUY,0.577027545097166,0.577027545097166,0.577027545097166,2456654.2399999998,0.9999999999999996,1,exclude,1,34,27,0.826851,0.009019,0.9992,ok,0.0069864904025340735,0.5524481657888389,0.9998019581491123,27,-0.051948051948051965,-0.0002006134175469773,1,500000.0,2023-01_2025-06
4,C4 Hybrid + régime,2024-04,2024-04-30,P_selected,CMA,0.0026690480051807094,NEUTRAL,-0.06701979509439845,-0.06701979509439845,-0.03350989754719923,6509271.2,1.0,1,exclude,1,34,27,0.826851,0.009019,0.9992,ok,0.0069864904025340735,0.5524481657888389,0.9998019581491123,27,0.011938601478112654,3.186470045980405e-05,1,500000.0,2023-01_2025-06
4,C4 Hybrid + régime,2024-04,2024-04-30,P_selected,SID,0.001497367335159802,BUY,0.2431357708038122,0.2431357708038122,0.2431357708038122,6575689.115,1.0,1,exclude,1,34,27,0.826851,0.009019,0.9992,ok,0.0069864904025340735,0.5524481657888389,0.9998019581491123,27,-0.008333333333333304,-1.2478061126331639e-05,1,500000.0,2023-01_2025-06
4,C4 Hybrid + régime,2024-04,2024-04-30,P_selected,CMT,0.0008347346666563766,BUY,1.0040491133125484,1.0040491133125484,1.0040491133125484,3423620.85,1.0,1,exclude,1,34,27,0.826851,0.009019,0.9992,ok,0.0069864904025340735,0.5524481657888389,0.9998019581491123,27,0.14020139426800937,0.00011703096410906604,1,500000.0,2023-01_2025-06
4,C4 Hybrid + régime,2024-04,2024-04-30,P_selected,MSA,0.0006791954867866887,NEUTRAL,-0.14756271938913934,-0.14756271938913934,-0.07378135969456967,8485120.320000002,1.0,1,exclude,1,34,27,0.826851,0.009019,0.9992,ok,0.0069864904025340735,0.5524481657888389,0.9998019581491123,27,0.01676963812886134,1.1389862532168595e-05,1,500000.0,2023-01_2025-06
4,C4 Hybrid + régime,2024-04,2024-04-30,P_selected,LBV,0.0006309332813881224,NEUTRAL,0.112235695202457,0.112235695202457,0.0561178476012285,3613116.1,1.0,1,exclude,1,34,27,0.826851,0.009019,0.9992,ok,0.0069864904025340735,0.5524481657888389,0.9998019581491123,27,-0.02564102564102566,-1.6177776445849304e-05,1,500000.0,2023-01_2025-06
4,C4 Hybrid + régime,2024-04,2024-04-30,P_selected,CSR,0.000499275313571278,NEUTRAL,0.005889393054043027,0.005889393054043027,0.0029446965270215134,3788110.8225000002,1.0,1,exclude,1,34,27,0.826851,0.009019,0.9992,ok,0.0069864904025340735,0.5524481657888389,0.9998019581491123,27,-0.004102564102564155,-2.048308978753987e-06,1,500000.0,2023-01_2025-06
4,C4 Hybrid + régime,2024-04,2024-04-30,P_selected,MUT,0.0003661805316253634,BUY,0.3120931288066415,0.3120931288066415,0.3120931288066415,2138142.6,0.9999999999999241,1,exclude,1,34,27,0.826851,0.009019,0.9992,ok,0.0069864904025340735,0.5524481657888389,0.9998019581491123,27,0.030188679245283012,1.1054506615105308e-05,1,500000.0,2023-01_2025-06
4,C4 Hybrid + régime,2024-04,2024-04-30,P_selected,BCI,0.0003522128467027609,BUY,0.8849987283270677,0.8849987283270677,0.8849987283270677,3620510.15,1.0,1,exclude,1,34,27,0.826851,0.009019,0.9992,ok,0.0069864904025340735,0.5524481657888389,0.9998019581491123,27,0.0967184801381693,3.406549121822905e-05,1,500000.0,2023-01_2025-06
4,C4 Hybrid + régime,2024-04,2024-04-30,P_selected,SNP,0.0002175469699568478,BUY,0.3693663630921844,0.3693663630921844,0.3693663630921844,1432720.08,0.9999999939518978,1,exclude,1,34,27,0.826851,0.009019,0.9992,ok,0.0069864904025340735,0.5524481657888389,0.9998019581491123,27,-0.09515570934256057,-2.0700836241568564e-05,1,500000.0,2023-01_2025-06
4,C4 Hybrid + régime,2024-04,2024-04-30,P_selected,CIH,0.00010616362996841334,BUY,0.4122239787398453,0.4122239787398453,0.4122239787398453,3504226.425,1.0,1,exclude,1,34,27,0.826851,0.009019,0.9992,ok,0.0069864904025340735,0.5524481657888389,0.9998019581491123,27,0.006578947368421018,6.984449340027156e-07,1,500000.0,2023-01_2025-06
4,C4 Hybrid + régime,2024-05,2024-05-31,P_selected,CFG,0.4,BUY,0.4364588118128132,0.4364588118128132,0.4364588118128132,7738126.6274999995,1.0,1,exclude,1,34,30,0.937393,0.010525,0.9998,ok,-0.009594198415421196,0.663285857184507,0.9999481207652892,30,-0.006211180124223614,-0.002484472049689446,1,500000.0,2023-01_2025-06
4,C4 Hybrid + régime,2024-05,2024-05-31,P_selected,JET,0.09469069263815102,BUY,2.1255191683845416,2.1255191683845416,2.1255191683845416,1570905.0050000001,0.9999999993371551,1,exclude,1,34,30,0.937393,0.010525,0.9998,ok,-0.009594198415421196,0.663285857184507,0.9999481207652892,30,0.012323943661971759,0.0011669627613856573,1,500000.0,2023-01_2025-06
4,C4 Hybrid + régime,2024-05,2024-05-31,P_selected,ADI,0.0863816378385202,BUY,2.2250188238622988,2.2250188238622988,2.2250188238622988,10512214.0175,1.0,1,exclude,1,34,30,0.937393,0.010525,0.9998,ok,-0.009594198415421196,0.663285857184507,0.9999481207652892,30,-0.000406338886631441,-3.510021854470465e-05,1,500000.0,2023-01_2025-06
4,C4 Hybrid + régime,2024-05,2024-05-31,P_selected,RDS,0.07233599647003085,BUY,2.842326748864861,2.842326748864861,2.842326748864861,18868393.257,1.0,1,exclude,1,34,30,0.937393,0.010525,0.9998,ok,-0.009594198415421196,0.663285857184507,0.9999481207652892,30,-0.052158273381295084,-0.0037729206791922653,1,500000.0,2023-01_2025-06
4,C4 Hybrid + régime,2024-05,2024-05-31,P_selected,AKT,0.052961850535488506,BUY,0.2666549394330759,0.2666549394330759,0.2666549394330759,10812501.37,1.0,1,exclude,1,34,30,0.937393,0.010525,0.9998,ok,-0.009594198415421196,0.663285857184507,0.9999481207652892,30,0.03134328358208949,0.0016599983003660543,1,500000.0,2023-01_2025-06
4,C4 Hybrid + régime,2024-05,2024-05-31,P_selected,CMT,0.03230047091775403,BUY,0.9898632669039807,0.9898632669039807,0.9898632669039807,3652362.7,1.0,1,exclude,1,34,30,0.937393,0.010525,0.9998,ok,-0.009594198415421196,0.663285857184507,0.9999481207652892,30,-0.1103448275862069,-0.0035641898943728585,1,500000.0,2023-01_2025-06
4,C4 Hybrid + régime,2024-05,2024-05-31,P_selected,ARD,0.029119363892101163,BUY,0.6802742230149481,0.6802742230149481,0.6802742230149481,1972050.2199999995,0.9999999999989186,1,exclude,1,34,30,0.937393,0.010525,0.9998,ok,-0.009594198415421196,0.663285857184507,0.9999481207652892,30,0.04166666666666674,0.0012133068288375506,1,500000.0,2023-01_2025-06
4,C4 Hybrid + régime,2024-05,2024-05-31,P_selected,LBV,0.023944755599881816,BUY,0.24099865860299446,0.24099865860299446,0.24099865860299446,10725821.85,1.0,1,exclude,1,34,30,0.937393,0.010525,0.9998,ok,-0.009594198415421196,0.663285857184507,0.9999481207652892,30,0.0452380952380953,0.0010832151342803694,1,500000.0,2023-01_2025-06
4,C4 Hybrid + régime,2024-05,2024-05-31,P_selected,BCI,0.021570195567763538,BUY,1.7120526602507558,1.7120526602507558,1.7120526602507558,658592.8,0.9985539677877936,1,exclude,1,34,30,0.937393,0.010525,0.9998,ok,-0.009594198415421196,0.663285857184507,0.9999481207652892,30,-0.047244094488189003,-0.0010190643575321361,1,500000.0,2023-01_2025-06
4,C4 Hybrid + régime,2024-05,2024-05-31,P_selected,BOA,0.02065482154791359,BUY,0.4856117834811993,0.4856117834811993,0.4856117834811993,2986016.01,1.0,1,exclude,1,34,30,0.937393,0.010525,0.9998,ok,-0.009594198415421196,0.663285857184507,0.9999481207652892,30,-0.0005154639175257714,-1.0646815230883255e-05,1,500000.0,2023-01_2025-06
4,C4 Hybrid + régime,2024-05,2024-05-31,P_selected,DHO,0.020631221876872684,BUY,0.33454835596941407,0.33454835596941407,0.33454835596941407,2500229.9525,0.9999999999999998,1,exclude,1,34,30,0.937393,0.010525,0.9998,ok,-0.009594198415421196,0.663285857184507,0.9999481207652892,30,0.0006126199714111547,1.2639098556386932e-05,1,500000.0,2023-01_2025-06
4,C4 Hybrid + régime,2024-05,2024-05-31,P_selected,EQD,0.020102644977014257,NEUTRAL,0.2027912657086679,0.2027912657086679,0.10139563285433395,1168745.5,0.9999995870454972,1,exclude,1,34,30,0.937393,0.010525,0.9998,ok,-0.009594198415421196,0.663285857184507,0.9999481207652892,30,-0.10338983050847461,-0.0020784090569455427,1,500000.0,2023-01_2025-06
4,C4 Hybrid + régime,2024-05,2024-05-31,P_selected,SMI,0.019316737944258665,BUY,0.42166650893591384,0.42166650893591384,0.42166650893591384,2533510.5,0.9999999999999998,1,exclude,1,34,30,0.937393,0.010525,0.9998,ok,-0.009594198415421196,0.663285857184507,0.9999481207652892,30,-0.01673640167364021,-0.00032329268525956007,1,500000.0,2023-01_2025-06
4,C4 Hybrid + régime,2024-05,2024-05-31,P_selected,IAM,0.01819283568350851,NEUTRAL,0.1425257256160627,0.1425257256160627,0.07126286280803135,12353891.8095,1.0,1,exclude,1,34,30,0.937393,0.010525,0.9998,ok,-0.009594198415421196,0.663285857184507,0.9999481207652892,30,-0.014161220043573008,-0.00025763274933073097,1,500000.0,2023-01_2025-06
4,C4 Hybrid + régime,2024-05,2024-05-31,P_selected,GAZ,0.018137511854366458,NEUTRAL,0.06920588426661134,0.06920588426661134,0.03460294213330567,14083571.45,1.0,1,exclude,1,34,30,0.937393,0.010525,0.9998,ok,-0.009594198415421196,0.663285857184507,0.9999481207652892,30,-0.04878048780487809,-0.0008847566758227549,1,500000.0,2023-01_2025-06
4,C4 Hybrid + régime,2024-05,2024-05-31,P_selected,COL,0.013522479179096571,NEUTRAL,0.04160688225774323,0.04160688225774323,0.020803441128871614,518978.0255000001,0.9866611838295463,1,exclude,1,34,30,0.937393,0.010525,0.9998,ok,-0.009594198415421196,0.663285857184507,0.9999481207652892,30,-0.05393820325058052,-0.000729378230413854,1,500000.0,2023-01_2025-06
4,C4 Hybrid + régime,2024-05,2024-05-31,P_selected,LES,0.012503965913098701,NEUTRAL,0.14649037879436977,0.14649037879436977,0.07324518939718488,7936371.455,1.0,1,exclude,1,34,30,0.937393,0.010525,0.9998,ok,-0.009594198415421196,0.663285857184507,0.9999481207652892,30,0.08303249097472931,0.001038235436827691,1,500000.0,2023-01_2025-06
4,C4 Hybrid + régime,2024-05,2024-05-31,P_selected,MNG,0.010978492961165804,BUY,0.38519837711337507,0.38519837711337507,0.38519837711337507,5557865.45,1.0,1,exclude,1,34,30,0.937393,0.010525,0.9998,ok,-0.009594198415421196,0.663285857184507,0.9999481207652892,30,0.08225108225108224,0.0009029929275417761,1,500000.0,2023-01_2025-06
4,C4 Hybrid + régime,2024-05,2024-05-31,P_selected,SLF,0.008852243639223606,NEUTRAL,0.09452556565661535,0.09452556565661535,0.047262782828307676,635725.525,0.9979164749800901,1,exclude,1,34,30,0.937393,0.010525,0.9998,ok,-0.009594198415421196,0.663285857184507,0.9999481207652892,30,-0.09999999999999998,-0.0008852243639223603,1,500000.0,2023-01_2025-06
4,C4 Hybrid + régime,2024-05,2024-05-31,P_selected,MUT,0.007085765880269404,BUY,0.6147948358493608,0.6147948358493608,0.6147948358493608,5108377.5600000005,1.0,1,exclude,1,34,30,0.937393,0.010525,0.9998,ok,-0.009594198415421196,0.663285857184507,0.9999481207652892,30,-0.030219780219780223,-0.00021413028759055894,1,500000.0,2023-01_2025-06
4,C4 Hybrid + régime,2024-05,2024-05-31,P_selected,ADH,0.004896037509955439,BUY,1.597329683867547,1.597329683867547,1.597329683867547,22250421.9585,1.0,1,exclude,1,34,30,0.937393,0.010525,0.9998,ok,-0.009594198415421196,0.663285857184507,0.9999481207652892,30,-0.038730158730158726,-0.00018962430990938524,1,500000.0,2023-01_2025-06
4,C4 Hybrid + régime,2024-05,2024-05-31,P_selected,TMA,0.004077171881138672,NEUTRAL,0.05542806546831763,0.05542806546831763,0.027714032734158817,1126346.1,0.9999991861895933,1,exclude,1,34,30,0.937393,0.010525,0.9998,ok,-0.009594198415421196,0.663285857184507,0.9999481207652892,30,-0.0007246376811593791,-2.9544723776365507e-06,1,500000.0,2023-01_2025-06
4,C4 Hybrid + régime,2024-05,2024-05-31,P_selected,SID,0.002111024074658507,BUY,0.48111563012666725,0.48111563012666725,0.48111563012666725,2427413.0650000004,0.9999999999999993,1,exclude,1,34,30,0.937393,0.010525,0.9998,ok,-0.009594198415421196,0.663285857184507,0.9999481207652892,30,0.01833740831295838,3.8710710415498185e-05,1,500000.0,2023-01_2025-06
4,C4 Hybrid + régime,2024-05,2024-05-31,P_selected,TQM,0.001311673298417437,BUY,0.2505148238585563,0.2505148238585563,0.2505148238585563,19464618.25,1.0,1,exclude,1,34,30,0.937393,0.010525,0.9998,ok,-0.009594198415421196,0.663285857184507,0.9999481207652892,30,-0.02182091798344621,-2.8621915465843258e-05,1,500000.0,2023-01_2025-06
4,C4 Hybrid + régime,2024-05,2024-05-31,P_selected,CSR,0.0012194749947293324,NEUTRAL,0.002728046457257438,0.002728046457257438,0.001364023228628719,2165682.745,0.9999999999999512,1,exclude,1,34,30,0.937393,0.010525,0.9998,ok,-0.009594198415421196,0.663285857184507,0.9999481207652892,30,0.004871794871794899,5.941032025604473e-06,1,500000.0,2023-01_2025-06
4,C4 Hybrid + régime,2024-05,2024-05-31,P_selected,CIH,0.0012150636395906957,BUY,0.43276985123645434,0.43276985123645434,0.43276985123645434,1201983.5025000004,0.9999997573719641,1,exclude,1,34,30,0.937393,0.010525,0.9998,ok,-0.009594198415421196,0.663285857184507,0.9999481207652892,30,0.01437908496732021,1.7471503314375955e-05,1,500000.0,2023-01_2025-06
4,C4 Hybrid + régime,2024-05,2024-05-31,P_selected,ATW,0.0008986097238536999,NEUTRAL,0.18625647727772476,0.18625647727772476,0.09312823863886238,24880829.09,1.0,1,exclude,1,34,30,0.937393,0.010525,0.9998,ok,-0.009594198415421196,0.663285857184507,0.9999481207652892,30,0.000970873786407811,8.724366251007191e-07,1,500000.0,2023-01_2025-06
4,C4 Hybrid + régime,2024-05,2024-05-31,P_selected,BCP,0.0004144648759101174,BUY,0.6768880566578641,0.6768880566578641,0.6768880566578641,14493002.694999998,1.0,1,exclude,1,34,30,0.937393,0.010525,0.9998,ok,-0.009594198415421196,0.663285857184507,0.9999481207652892,30,0.006802721088435382,2.8194889517695092e-06,1,500000.0,2023-01_2025-06
4,C4 Hybrid + régime,2024-05,2024-05-31,P_selected,ATL,0.00031298524490273795,NEUTRAL,-0.0650637966636836,-0.0650637966636836,-0.0325318983318418,1528024.295,0.999999998683631,1,exclude,1,34,30,0.937393,0.010525,0.9998,ok,-0.009594198415421196,0.663285857184507,0.9999481207652892,30,-0.07627711686494054,-2.387361210244818e-05,1,500000.0,2023-01_2025-06
4,C4 Hybrid + régime,2024-05,2024-05-31,P_selected,CMA,0.00020793060565322356,NEUTRAL,-0.16555853745501975,-0.16555853745501975,-0.08277926872750987,12763053.1,1.0,1,exclude,1,34,30,0.937393,0.010525,0.9998,ok,-0.009594198415421196,0.663285857184507,0.9999481207652892,30,0.025352112676056304,5.271480143321153e-06,1,500000.0,2023-01_2025-06
4,C4 Hybrid + régime,2024-06,2024-06-28,P_selected,CFG,0.4,BUY,0.5692776705274674,0.5692776705274674,0.5692776705274674,10786535.65,1.0,1,exclude,1,32,30,0.862649,0.009672,0.9997,ok,0.12104548046636321,0.49145898242285213,0.9999779972807272,30,0.09375,0.037500000000000006,1,500000.0,2023-01_2025-06
4,C4 Hybrid + régime,2024-06,2024-06-28,P_selected,AKT,0.1625068188447882,BUY,0.6475083343447495,0.6475083343447495,0.6475083343447495,5041155.0649999995,1.0,1,exclude,1,32,30,0.862649,0.009672,0.9997,ok,0.12104548046636321,0.49145898242285213,0.9999779972807272,30,0.3632416787264834,0.0590292496816814,1,500000.0,2023-01_2025-06
4,C4 Hybrid + régime,2024-06,2024-06-28,P_selected,ADI,0.05864956074770013,BUY,1.8779621811711604,1.8779621811711604,1.8779621811711604,5185035.925,1.0,1,exclude,1,32,30,0.862649,0.009672,0.9997,ok,0.12104548046636321,0.49145898242285213,0.9999779972807272,30,0.07390771743568791,0.004334655163468234,1,500000.0,2023-01_2025-06
4,C4 Hybrid + régime,2024-06,2024-06-28,P_selected,JET,0.05704102751205447,BUY,2.3859054176352874,2.3859054176352874,2.3859054176352874,1279827.9049999998,0.9999999301731024,1,exclude,1,32,30,0.862649,0.009672,0.9997,ok,0.12104548046636321,0.49145898242285213,0.9999779972807272,30,0.10086956521739121,0.005753703644694185,1,500000.0,2023-01_2025-06
4,C4 Hybrid + régime,2024-06,2024-06-28,P_selected,DHO,0.05663885638072874,BUY,0.555793208331998,0.555793208331998,0.555793208331998,580121.4380000001,0.9949431558763042,1,exclude,1,32,30,0.862649,0.009672,0.9997,ok,0.12104548046636321,0.49145898242285213,0.9999779972807272,30,0.08163265306122458,0.004623580112712556,1,500000.0,2023-01_2025-06
4,C4 Hybrid + régime,2024-06,2024-06-28,P_selected,ARD,0.05640286752934687,BUY,0.9223328809693561,0.9223328809693561,0.9223328809693561,1975660.815,0.9999999999989793,1,exclude,1,32,30,0.862649,0.009672,0.9997,ok,0.12104548046636321,0.49145898242285213,0.9999779972807272,30,0.03180000000000005,0.0017936111874332333,1,500000.0,2023-01_2025-06
4,C4 Hybrid + régime,2024-06,2024-06-28,P_selected,RDS,0.05356572951433951,BUY,2.764913373158463,2.764913373158463,2.764913373158463,5495935.9745,1.0,1,exclude,1,32,30,0.862649,0.009672,0.9997,ok,0.12104548046636321,0.49145898242285213,0.9999779972807272,30,0.10626185958254286,0.005691994028089216,1,500000.0,2023-01_2025-06
4,C4 Hybrid + régime,2024-06,2024-06-28,P_selected,BOA,0.04653748532489099,BUY,0.35792577836281686,0.35792577836281686,0.35792577836281686,1167701.4,0.9999995800889021,1,exclude,1,32,30,0.862649,0.009672,0.9997,ok,0.12104548046636321,0.49145898242285213,0.9999779972807272,30,0.015471892728210479,0.0007200229807873828,1,500000.0,2023-01_2025-06
4,C4 Hybrid + régime,2024-06,2024-06-28,P_selected,EQD,0.030634966307849537,NEUTRAL,0.17253267376742062,0.17253267376742062,0.08626633688371031,770187.45,0.9997571926037381,1,exclude,1,32,30,0.862649,0.009672,0.9997,ok,0.12104548046636321,0.49145898242285213,0.9999779972807272,30,0.05954631379962194,0.0018241993170080542,1,500000.0,2023-01_2025-06
4,C4 Hybrid + régime,2024-06,2024-06-28,P_selected,BCP,0.01806697438096668,BUY,0.6720584398760063,0.6720584398760063,0.6720584398760063,57204545.892500006,1.0,1,exclude,1,32,30,0.862649,0.009672,0.9997,ok,0.12104548046636321,0.49145898242285213,0.9999779972807272,30,0.04391891891891886,0.0007934819829478599,1,500000.0,2023-01_2025-06
4,C4 Hybrid + régime,2024-06,2024-06-28,P_selected,MUT,0.012933050755420488,BUY,0.4919103316139009,0.4919103316139009,0.4919103316139009,3076140.6574999997,1.0,1,exclude,1,32,30,0.862649,0.009672,0.9997,ok,0.12104548046636321,0.49145898242285213,0.9999779972807272,30,0.018885741265344702,0.0002442502503384422,1,500000.0,2023-01_2025-06
4,C4 Hybrid + régime,2024-06,2024-06-28,P_selected,GAZ,0.01208571177900329,NEUTRAL,-0.11106424006617067,-0.11106424006617067,-0.05553212003308534,3847603.45,1.0,1,exclude,1,32,30,0.862649,0.009672,0.9997,ok,0.12104548046636321,0.49145898242285213,0.9999779972807272,30,0.0,0.0,1,500000.0,2023-01_2025-06
4,C4 Hybrid + régime,2024-06,2024-06-28,P_selected,CIH,0.006029205874721975,BUY,0.5314610028039057,0.5314610028039057,0.5314610028039057,5399980.12,1.0,1,exclude,1,32,30,0.862649,0.009672,0.9997,ok,0.12104548046636321,0.49145898242285213,0.9999779972807272,30,0.030927835051546282,0.00018647028478521504,1,500000.0,2023-01_2025-06
4,C4 Hybrid + régime,2024-06,2024-06-28,P_selected,CMT,0.004787474371936801,BUY,0.9188525289663272,0.9188525289663272,0.9188525289663272,1303764.45,0.999999952390392,1,exclude,1,32,30,0.862649,0.009672,0.9997,ok,0.12104548046636321,0.49145898242285213,0.9999779972807272,30,0.24031007751937983,0.0011504783374421768,1,500000.0,2023-01_2025-06
4,C4 Hybrid + régime,2024-06,2024-06-28,P_selected,LES,0.004680415637868685,BUY,0.28810178143288545,0.28810178143288545,0.28810178143288545,4144134.3775,1.0,1,exclude,1,32,30,0.862649,0.009672,0.9997,ok,0.12104548046636321,0.49145898242285213,0.9999779972807272,30,-0.06666666666666665,-0.0003120277091912456,1,500000.0,2023-01_2025-06
4,C4 Hybrid + régime,2024-06,2024-06-28,P_selected,ATL,0.004025764873577526,NEUTRAL,0.08945687320308184,0.08945687320308184,0.04472843660154092,847930.515,0.9999299960050232,1,exclude,1,32,30,0.862649,0.009672,0.9997,ok,0.12104548046636321,0.49145898242285213,0.9999779972807272,30,0.007575757575757569,3.0498218739223652e-05,1,500000.0,2023-01_2025-06
4,C4 Hybrid + régime,2024-06,2024-06-28,P_selected,IAM,0.0028046447098385016,BUY,0.23216720463007873,0.23216720463007873,0.23216720463007873,12980278.3465,1.0,1,exclude,1,32,30,0.862649,0.009672,0.9997,ok,0.12104548046636321,0.49145898242285213,0.9999779972807272,30,0.0011049723756906271,3.0990549279983988e-06,1,500000.0,2023-01_2025-06
4,C4 Hybrid + régime,2024-06,2024-06-28,P_selected,BCI,0.00229111165823552,BUY,0.7253726638522686,0.7253726638522686,0.7253726638522686,1452346.49,0.9999999955818459,1,exclude,1,32,30,0.862649,0.009672,0.9997,ok,0.12104548046636321,0.49145898242285213,0.9999779972807272,30,0.04132231404958686,9.467403546427789e-05,1,500000.0,2023-01_2025-06
4,C4 Hybrid + régime,2024-06,2024-06-28,P_selected,LBV,0.002270156888014413,BUY,0.2614339235637921,0.2614339235637921,0.2614339235637921,7641962.75,1.0,1,exclude,1,32,30,0.862649,0.009672,0.9997,ok,0.12104548046636321,0.49145898242285213,0.9999779972807272,30,0.036446469248291535,8.273920320781452e-05,1,500000.0,2023-01_2025-06
4,C4 Hybrid + régime,2024-06,2024-06-28,P_selected,CSR,0.0022230798208814078,NEUTRAL,-0.01790478669764839,-0.01790478669764839,-0.008952393348824195,2088093.2025,0.999999999999831,1,exclude,1,32,30,0.862649,0.009672,0.9997,ok,0.12104548046636321,0.49145898242285213,0.9999779972807272,30,-0.025261546312834837,-5.615843385232426e-05,1,500000.0,2023-01_2025-06
4,C4 Hybrid + régime,2024-06,2024-06-28,P_selected,ATW,0.0014955963948318851,NEUTRAL,0.1264582877466362,0.1264582877466362,0.0632291438733181,20494429.509999998,1.0,1,exclude,1,32,30,0.862649,0.009672,0.9997,ok,0.12104548046636321,0.49145898242285213,0.9999779972807272,30,0.07662463627546079,0.00011459952976888365,1,500000.0,2023-01_2025-06
4,C4 Hybrid + régime,2024-06,2024-06-28,P_selected,MSA,0.0012799111924353505,NEUTRAL,-0.008236191819957689,-0.008236191819957689,-0.0041180959099788444,16919685.1275,1.0,1,exclude,1,32,30,0.862649,0.009672,0.9997,ok,0.12104548046636321,0.49145898242285213,0.9999779972807272,30,0.20192307692307687,0.0002584436061648303,1,500000.0,2023-01_2025-06
4,C4 Hybrid + régime,2024-06,2024-06-28,P_selected,TGC,0.0009694500494928314,NEUTRAL,0.1574407881022959,0.1574407881022959,0.07872039405114795,3624537.825,1.0,1,exclude,1,32,30,0.862649,0.009672,0.9997,ok,0.12104548046636321,0.49145898242285213,0.9999779972807272,30,0.10000000000000009,9.694500494928323e-05,1,500000.0,2023-01_2025-06
4,C4 Hybrid + régime,2024-06,2024-06-28,P_selected,HPS,0.0004960227435468334,NEUTRAL,0.015592024524403142,0.015592024524403142,0.007796012262201571,3264715.725,1.0,1,exclude,1,32,30,0.862649,0.009672,0.9997,ok,0.12104548046636321,0.49145898242285213,0.9999779972807272,30,-0.0019230769230769162,-9.538898914362147e-07,1,500000.0,2023-01_2025-06
4,C4 Hybrid + régime,2024-06,2024-06-28,P_selected,TMA,0.00047831089030433917,NEUTRAL,-0.1297929512531406,-0.1297929512531406,-0.0648964756265703,1394228.95,0.9999999888034844,1,exclude,1,32,30,0.862649,0.009672,0.9997,ok,0.12104548046636321,0.49145898242285213,0.9999779972807272,30,0.047860768672951304,2.2892326874609364e-05,1,500000.0,2023-01_2025-06
4,C4 Hybrid + régime,2024-06,2024-06-28,P_selected,SLF,0.00030726713548116216,NEUTRAL,0.1271984984355287,0.1271984984355287,0.06359924921776434,1211269.0,0.9999997908688374,1,exclude,1,32,30,0.862649,0.009672,0.9997,ok,0.12104548046636321,0.49145898242285213,0.9999779972807272,30,0.05461393596986808,1.678106766281297e-05,1,500000.0,2023-01_2025-06
4,C4 Hybrid + régime,2024-06,2024-06-28,P_selected,TQM,0.00024475679033346745,NEUTRAL,0.21209823757067586,0.21209823757067586,0.10604911878533793,2885243.25,1.0,1,exclude,1,32,30,0.862649,0.009672,0.9997,ok,0.12104548046636321,0.49145898242285213,0.9999779972807272,30,-0.021029731689630182,-5.147169629927891e-06,1,500000.0,2023-01_2025-06
4,C4 Hybrid + régime,2024-06,2024-06-28,P_selected,MNG,0.00022002899511836338,BUY,0.461638154104553,0.461638154104553,0.461638154104553,3726382.65,1.0,1,exclude,1,32,30,0.862649,0.009672,0.9997,ok,0.12104548046636321,0.49145898242285213,0.9999779972807272,30,0.10000000000000009,2.2002899511836358e-05,1,500000.0,2023-01_2025-06
4,C4 Hybrid + régime,2024-06,2024-06-28,P_selected,SID,0.00019110399270729064,BUY,0.5021982959384198,0.5021982959384198,0.5021982959384198,1999560.55,0.9999999999993037,1,exclude,1,32,30,0.862649,0.009672,0.9997,ok,0.12104548046636321,0.49145898242285213,0.9999779972807272,30,0.09831932773109231,1.8789216089708382e-05,1,500000.0,2023-01_2025-06
4,C4 Hybrid + régime,2024-06,2024-06-28,P_selected,SBM,0.0001206461843118553,NEUTRAL,-0.1269109166513782,-0.1269109166513782,-0.0634554583256891,2489899.15,0.9999999999999998,1,exclude,1,32,30,0.862649,0.009672,0.9997,ok,0.12104548046636321,0.49145898242285213,0.9999779972807272,30,0.07390771743568814,8.916684099814552e-06,1,500000.0,2023-01_2025-06
4,C4 Hybrid + régime,2024-07,2024-07-31,P_selected,CFG,0.3361709291421833,BUY,0.6713741281870608,0.6713741281870608,0.6713741281870608,5355231.279999999,1.0,1,exclude,1,28,26,1.119689,0.00998,1.0,ok,0.01829357372666407,0.5385683301304118,0.9999447615129761,26,0.0,0.0,1,500000.0,2023-01_2025-06
4,C4 Hybrid + régime,2024-07,2024-07-31,P_selected,AKT,0.16856982776572602,BUY,0.7816012625158905,0.7816012625158905,0.7816012625158905,42614810.38,1.0,1,exclude,1,28,26,1.119689,0.00998,1.0,ok,0.01829357372666407,0.5385683301304118,0.9999447615129761,26,0.03835470085470094,0.006465445317082882,1,500000.0,2023-01_2025-06
4,C4 Hybrid + régime,2024-07,2024-07-31,P_selected,IMO,0.14421790080193628,BUY,0.6603872464514146,0.6603872464514146,0.6603872464514146,835648.4675,0.9999147958731212,1,exclude,1,28,26,1.119689,0.00998,1.0,ok,0.01829357372666407,0.5385683301304118,0.9999447615129761,26,-0.006244616709732975,-0.0009005855131903839,1,500000.0,2023-01_2025-06
4,C4 Hybrid + régime,2024-07,2024-07-31,P_selected,JET,0.090140473117102,BUY,3.0206203602516855,3.0206203602516855,3.0206203602516855,2106353.9349999996,0.9999999999998739,1,exclude,1,28,26,1.119689,0.00998,1.0,ok,0.01829357372666407,0.5385683301304118,0.9999447615129761,26,0.20634920634920628,0.01860041508765596,1,500000.0,2023-01_2025-06
4,C4 Hybrid + régime,2024-07,2024-07-31,P_selected,ADI,0.06267088597401539,BUY,2.6678302560469893,2.6678302560469893,2.6678302560469893,7709388.527499999,1.0,1,exclude,1,28,26,1.119689,0.00998,1.0,ok,0.01829357372666407,0.5385683301304118,0.9999447615129761,26,0.026974951830443183,0.0016905441303202626,1,500000.0,2023-01_2025-06
4,C4 Hybrid + régime,2024-07,2024-07-31,P_selected,RDS,0.053326454164920885,BUY,3.1567136772126587,3.1567136772126587,3.1567136772126587,4223484.5695,1.0,1,exclude,1,28,26,1.119689,0.00998,1.0,ok,0.01829357372666407,0.5385683301304118,0.9999447615129761,26,-0.10877192982456141,-0.005800421330219465,1,500000.0,2023-01_2025-06
4,C4 Hybrid + régime,2024-07,2024-07-31,P_selected,MUT,0.04429252038695029,BUY,0.5386305607413976,0.5386305607413976,0.5386305607413976,2142718.98,0.9999999999999296,1,exclude,1,28,26,1.119689,0.00998,1.0,ok,0.01829357372666407,0.5385683301304118,0.9999447615129761,26,0.0074349442379182396,0.00032931241923383223,1,500000.0,2023-01_2025-06
4,C4 Hybrid + régime,2024-07,2024-07-31,P_selected,CIH,0.02407559820903057,BUY,0.3097822850575852,0.3097822850575852,0.3097822850575852,3803244.8850000002,1.0,1,exclude,1,28,26,1.119689,0.00998,1.0,ok,0.01829357372666407,0.5385683301304118,0.9999447615129761,26,0.004901960784313708,0.00011801763827956121,1,500000.0,2023-01_2025-06
4,C4 Hybrid + régime,2024-07,2024-07-31,P_selected,DHO,0.01662244629666526,BUY,0.4075895856277253,0.4075895856277253,0.4075895856277253,2963079.602,1.0,1,exclude,1,28,26,1.119689,0.00998,1.0,ok,0.01829357372666407,0.5385683301304118,0.9999447615129761,26,-0.06454630495790459,-0.0010729174878109477,1,500000.0,2023-01_2025-06
4,C4 Hybrid + régime,2024-07,2024-07-31,P_selected,ATH,0.015461875427794196,BUY,0.22719376081685438,0.22719376081685438,0.22719376081685438,668352.7654999999,0.9987627724403259,1,exclude,1,28,26,1.119689,0.00998,1.0,ok,0.01829357372666407,0.5385683301304118,0.9999447615129761,26,0.014411764705882346,0.0002228329105770339,1,500000.0,2023-01_2025-06
4,C4 Hybrid + régime,2024-07,2024-07-31,P_selected,ARD,0.009038283300728383,BUY,0.44191133331606325,0.44191133331606325,0.44191133331606325,4326607.075,1.0,1,exclude,1,28,26,1.119689,0.00998,1.0,ok,0.01829357372666407,0.5385683301304118,0.9999447615129761,26,-0.025242718446601975,-0.00022815084060091092,1,500000.0,2023-01_2025-06
4,C4 Hybrid + régime,2024-07,2024-07-31,P_selected,BCP,0.0076977459701674114,NEUTRAL,-0.0885895105004567,-0.0885895105004567,-0.04429475525022835,18421993.2525,1.0,1,exclude,1,28,26,1.119689,0.00998,1.0,ok,0.01829357372666407,0.5385683301304118,0.9999447615129761,26,0.014843497902549352,0.0001142614761625377,1,500000.0,2023-01_2025-06
4,C4 Hybrid + régime,2024-07,2024-07-31,P_selected,BCI,0.006415316040892275,BUY,0.253205495271013,0.253205495271013,0.253205495271013,689026.835,0.9991109160006613,1,exclude,1,28,26,1.119689,0.00998,1.0,ok,0.01829357372666407,0.5385683301304118,0.9999447615129761,26,0.03015873015873005,0.00019347778536024253,1,500000.0,2023-01_2025-06
4,C4 Hybrid + régime,2024-07,2024-07-31,P_selected,ADH,0.004546149966783316,BUY,2.884097824865302,2.884097824865302,2.884097824865302,8394013.4945,1.0,1,exclude,1,28,26,1.119689,0.00998,1.0,ok,0.01829357372666407,0.5385683301304118,0.9999447615129761,26,-0.00990099009900991,-4.501138580973584e-05,1,500000.0,2023-01_2025-06
4,C4 Hybrid + régime,2024-07,2024-07-31,P_selected,MSA,0.00427779854001873,NEUTRAL,-0.15438978019510702,-0.15438978019510702,-0.07719489009755351,12287368.125000002,1.0,1,exclude,1,28,26,1.119689,0.00998,1.0,ok,0.01829357372666407,0.5385683301304118,0.9999447615129761,26,0.021333333333333426,9.125970218706663e-05,1,500000.0,2023-01_2025-06
4,C4 Hybrid + régime,2024-07,2024-07-31,P_selected,MNG,0.003189438011740958,NEUTRAL,0.059953481332413516,0.059953481332413516,0.029976740666206758,1193799.85,0.9999997234288919,1,exclude,1,28,26,1.119689,0.00998,1.0,ok,0.01829357372666407,0.5385683301304118,0.9999447615129761,26,0.03967670830271852,0.00012654640164144854,1,500000.0,2023-01_2025-06
4,C4 Hybrid + régime,2024-07,2024-07-31,P_selected,ATW,0.0029350472898891076,NEUTRAL,-0.1950078432649024,-0.1950078432649024,-0.0975039216324512,22387000.455000002,1.0,1,exclude,1,28,26,1.119689,0.00998,1.0,ok,0.01829357372666407,0.5385683301304118,0.9999447615129761,26,-0.016606498194945973,-4.8740857521624534e-05,1,500000.0,2023-01_2025-06
4,C4 Hybrid + régime,2024-07,2024-07-31,P_selected,IAM,0.0020430363206362864,NEUTRAL,0.03290751497707306,0.03290751497707306,0.01645375748853653,8428432.7605,1.0,1,exclude,1,28,26,1.119689,0.00998,1.0,ok,0.01829357372666407,0.5385683301304118,0.9999447615129761,26,0.025652317516239087,5.2408616394170863e-05,1,500000.0,2023-01_2025-06
4,C4 Hybrid + régime,2024-07,2024-07-31,P_selected,CDM,0.0008172912237887205,NEUTRAL,-0.12822579854914068,-0.12822579854914068,-0.06411289927457034,517466.06000000006,0.9863390257226371,1,exclude,1,28,26,1.119689,0.00998,1.0,ok,0.01829357372666407,0.5385683301304118,0.9999447615129761,26,0.013627660772609573,1.1137767550223617e-05,1,500000.0,2023-01_2025-06
4,C4 Hybrid + régime,2024-07,2024-07-31,P_selected,TGC,0.0007712757576461961,BUY,0.3259921873091159,0.3259921873091159,0.3259921873091159,5667767.225,1.0,1,exclude,1,28,26,1.119689,0.00998,1.0,ok,0.01829357372666407,0.5385683301304118,0.9999447615129761,26,0.09300291545189499,7.173089407846542e-05,1,500000.0,2023-01_2025-06
4,C4 Hybrid + régime,2024-07,2024-07-31,P_selected,ATL,0.0007479046534809291,NEUTRAL,-0.05670955160223386,-0.05670955160223386,-0.02835477580111693,1079763.275,0.9999982852000215,1,exclude,1,28,26,1.119689,0.00998,1.0,ok,0.01829357372666407,0.5385683301304118,0.9999447615129761,26,-0.0071455434373823845,-5.344185188468399e-06,1,500000.0,2023-01_2025-06
4,C4 Hybrid + régime,2024-07,2024-07-31,P_selected,LBV,0.0006372195476017844,NEUTRAL,-0.05302264807885251,-0.05302264807885251,-0.026511324039426257,11614603.35,1.0,1,exclude,1,28,26,1.119689,0.00998,1.0,ok,0.01829357372666407,0.5385683301304118,0.9999447615129761,26,-0.022826086956521774,-1.4545228803953796e-05,1,500000.0,2023-01_2025-06
4,C4 Hybrid + régime,2024-07,2024-07-31,P_selected,CMT,0.0005811890907238285,BUY,0.6715578910239993,0.6715578910239993,0.6715578910239993,3454765.85,1.0,1,exclude,1,28,26,1.119689,0.00998,1.0,ok,0.01829357372666407,0.5385683301304118,0.9999447615129761,26,0.07571964956195254,4.400743427883813e-05,1,500000.0,2023-01_2025-06
4,C4 Hybrid + régime,2024-07,2024-07-31,P_selected,BOA,0.00040253390550919074,NEUTRAL,0.11761903124633102,0.11761903124633102,0.05880951562316551,1744501.3225000002,0.9999999999587768,1,exclude,1,28,26,1.119689,0.00998,1.0,ok,0.01829357372666407,0.5385683301304118,0.9999447615129761,26,-0.020158203623373283,-8.114360432565967e-06,1,500000.0,2023-01_2025-06
4,C4 Hybrid + régime,2024-07,2024-07-31,P_selected,TQM,0.0001918842060758006,NEUTRAL,-0.06316858728633566,-0.06316858728633566,-0.03158429364316783,1628791.3,0.9999999997374713,1,exclude,1,28,26,1.119689,0.00998,1.0,ok,0.01829357372666407,0.5385683301304118,0.9999447615129761,26,-0.034431137724550864,-6.60679152656199e-06,1,500000.0,2023-01_2025-06
4,C4 Hybrid + régime,2024-07,2024-07-31,P_selected,LHM,0.00010373640096878188,NEUTRAL,-0.08932670576135873,-0.08932670576135873,-0.044663352880679366,2410930.8,0.9999999999999991,1,exclude,1,28,26,1.119689,0.00998,1.0,ok,0.01829357372666407,0.5385683301304118,0.9999447615129761,26,-0.022130725681935193,-2.295761833071348e-06,1,500000.0,2023-01_2025-06
4,C4 Hybrid + régime,2024-08,2024-08-30,P_selected,IMO,0.18633829086719986,BUY,0.6283928445593685,0.6283928445593685,0.6283928445593685,625743.8495,0.9975565590873477,1,exclude,1,30,29,0.958376,0.010918,0.9985,ok,0.05447907163081922,0.8378306338964469,0.9999957741833951,29,-0.0010869565217390686,-0.0002025416205078144,1,500000.0,2023-01_2025-06
4,C4 Hybrid + régime,2024-08,2024-08-30,P_selected,SRM,0.12526618232642414,BUY,2.422425856106669,2.422425856106669,2.422425856106669,699615.595,0.9992493720460492,1,exclude,1,30,29,0.958376,0.010918,0.9985,ok,0.05447907163081922,0.8378306338964469,0.9999957741833951,29,0.039775280898876275,0.004982497589163371,1,500000.0,2023-01_2025-06
4,C4 Hybrid + régime,2024-08,2024-08-30,P_selected,AKT,0.11233406752641581,BUY,0.6533983670211071,0.6533983670211071,0.6533983670211071,11937530.819999998,1.0,1,exclude,1,30,29,0.958376,0.010918,0.9985,ok,0.05447907163081922,0.8378306338964469,0.9999957741833951,29,0.10412371134020626,0.011696640020791758,1,500000.0,2023-01_2025-06
4,C4 Hybrid + régime,2024-08,2024-08-30,P_selected,JET,0.09836382987092288,BUY,2.3557878660692584,2.3557878660692584,2.3557878660692584,2660410.56,1.0,1,exclude,1,30,29,0.958376,0.010918,0.9985,ok,0.05447907163081922,0.8378306338964469,0.9999957741833951,29,0.2894736842105263,0.028473740225793465,1,500000.0,2023-01_2025-06
4,C4 Hybrid + régime,2024-08,2024-08-30,P_selected,CFG,0.08772079353810018,NEUTRAL,-0.03736570383702843,-0.03736570383702843,-0.018682851918514216,2385816.995,0.9999999999999987,1,exclude,1,30,29,0.958376,0.010918,0.9985,ok,0.05447907163081922,0.8378306338964469,0.9999957741833951,29,0.05617977528089879,0.004928134468432587,1,500000.0,2023-01_2025-06
4,C4 Hybrid + régime,2024-08,2024-08-30,P_selected,ARD,0.074458931893344,BUY,0.3375166936143358,0.3375166936143358,0.3375166936143358,538114.4,0.9901445896098349,1,exclude,1,30,29,0.958376,0.010918,0.9985,ok,0.05447907163081922,0.8378306338964469,0.9999957741833951,29,0.0016122531237403592,0.00012004664553541453,1,500000.0,2023-01_2025-06
4,C4 Hybrid + régime,2024-08,2024-08-30,P_selected,MDP,0.05221649627774908,BUY,0.9727228688610967,0.9727228688610967,0.9727228688610967,599557.7605,0.9962896956570806,1,exclude,1,30,29,0.958376,0.010918,0.9985,ok,0.05447907163081922,0.8378306338964469,0.9999957741833951,29,-0.07273519163763076,-0.0037979768634077127,1,500000.0,2023-01_2025-06
4,C4 Hybrid + régime,2024-08,2024-08-30,P_selected,MUT,0.040679820380028556,BUY,0.6066374539735863,0.6066374539735863,0.6066374539735863,1384733.2650000001,0.9999999869663616,1,exclude,1,30,29,0.958376,0.010918,0.9985,ok,0.05447907163081922,0.8378306338964469,0.9999957741833951,29,0.10781771026306042,0.004386005087287259,1,500000.0,2023-01_2025-06
4,C4 Hybrid + régime,2024-08,2024-08-30,P_selected,ATH,0.040287671474532716,BUY,0.4338773173001329,0.4338773173001329,0.4338773173001329,1329046.1475,0.9999999682298412,1,exclude,1,30,29,0.958376,0.010918,0.9985,ok,0.05447907163081922,0.8378306338964469,0.9999957741833951,29,0.051486584481508224,0.002074274600936778,1,500000.0,2023-01_2025-06
4,C4 Hybrid + régime,2024-08,2024-08-30,P_selected,TGC,0.03357413547742751,BUY,0.3338685351863625,0.3338685351863625,0.3338685351863625,7421795.1975,1.0,1,exclude,1,30,29,0.958376,0.010918,0.9985,ok,0.05447907163081922,0.8378306338964469,0.9999957741833951,29,0.1306666666666667,0.00438702036905053,1,500000.0,2023-01_2025-06
4,C4 Hybrid + régime,2024-08,2024-08-30,P_selected,BOA,0.02433245130836969,BUY,0.24247216173781158,0.24247216173781158,0.24247216173781158,1152916.4300000002,0.9999994680218457,1,exclude,1,30,29,0.958376,0.010918,0.9985,ok,0.05447907163081922,0.8378306338964469,0.9999957741833951,29,0.005208333333333259,0.00012673151723109033,1,500000.0,2023-01_2025-06
4,C4 Hybrid + régime,2024-08,2024-08-30,P_selected,CIH,0.024103281288769866,BUY,0.29801360088214557,0.29801360088214557,0.29801360088214557,1894588.4825,0.9999999999962654,1,exclude,1,30,29,0.958376,0.010918,0.9985,ok,0.05447907163081922,0.8378306338964469,0.9999957741833951,29,-0.009708737864077666,-0.0002340124396967947,1,500000.0,2023-01_2025-06
4,C4 Hybrid + régime,2024-08,2024-08-30,P_selected,BCP,0.023855343089406407,NEUTRAL,-0.10220456590192482,-0.10220456590192482,-0.05110228295096241,16737158.877500001,1.0,1,exclude,1,30,29,0.958376,0.010918,0.9985,ok,0.05447907163081922,0.8378306338964469,0.9999957741833951,29,-0.07129032258064527,-0.0017006551041157498,1,500000.0,2023-01_2025-06
4,C4 Hybrid + régime,2024-08,2024-08-30,P_selected,RDS,0.017982836330171236,BUY,3.4407051674089315,3.4407051674089315,3.4407051674089315,8610768.602000002,1.0,1,exclude,1,30,29,0.958376,0.010918,0.9985,ok,0.05447907163081922,0.8378306338964469,0.9999957741833951,29,-0.0479899497487436,-0.0008629954118247984,1,500000.0,2023-01_2025-06
4,C4 Hybrid + régime,2024-08,2024-08-30,P_selected,ATL,0.01191454046962919,NEUTRAL,0.09822169525705543,0.09822169525705543,0.049110847628527715,803587.2175,0.9998576949827374,1,exclude,1,30,29,0.958376,0.010918,0.9985,ok,0.05447907163081922,0.8378306338964469,0.9999957741833951,29,0.06832061068702289,0.0008140086809403146,1,500000.0,2023-01_2025-06
4,C4 Hybrid + régime,2024-08,2024-08-30,P_selected,ADI,0.01145728252720146,BUY,1.8652542345380736,1.8652542345380736,1.8652542345380736,8788463.7425,1.0,1,exclude,1,30,29,0.958376,0.010918,0.9985,ok,0.05447907163081922,0.8378306338964469,0.9999957741833951,29,0.10201296485841005,0.0011687913598202781,1,500000.0,2023-01_2025-06
4,C4 Hybrid + régime,2024-08,2024-08-30,P_selected,BCI,0.007140480184372979,BUY,0.4639243855895999,0.4639243855895999,0.4639243855895999,1334437.48,0.9999999708555025,1,exclude,1,30,29,0.958376,0.010918,0.9985,ok,0.05447907163081922,0.8378306338964469,0.9999957741833951,29,-0.046875,-0.0003347100086424834,1,500000.0,2023-01_2025-06
4,C4 Hybrid + régime,2024-08,2024-08-30,P_selected,GAZ,0.005593908517420625,NEUTRAL,-0.16649376695990145,-0.16649376695990145,-0.08324688347995073,1181387.25,0.9999996626673621,1,exclude,1,30,29,0.958376,0.010918,0.9985,ok,0.05447907163081922,0.8378306338964469,0.9999957741833951,29,-0.004708344232278283,-2.6338046903889763e-05,1,500000.0,2023-01_2025-06
4,C4 Hybrid + régime,2024-08,2024-08-30,P_selected,ADH,0.0048358695347688555,BUY,1.9654447123373116,1.9654447123373116,1.9654447123373116,10009231.4885,1.0,1,exclude,1,30,29,0.958376,0.010918,0.9985,ok,0.05447907163081922,0.8378306338964469,0.9999957741833951,29,0.15136403637430318,0.0007319767321621376,1,500000.0,2023-01_2025-06
4,C4 Hybrid + régime,2024-08,2024-08-30,P_selected,LHM,0.004575512776417543,NEUTRAL,-0.11359979448994059,-0.11359979448994059,-0.056799897244970296,4223801.75,1.0,1,exclude,1,30,29,0.958376,0.010918,0.9985,ok,0.05447907163081922,0.8378306338964469,0.9999957741833951,29,-0.006342494714587699,-2.9020165600956752e-05,1,500000.0,2023-01_2025-06
4,C4 Hybrid + régime,2024-08,2024-08-30,P_selected,MNG,0.00358591952052827,NEUTRAL,0.12778245840020278,0.12778245840020278,0.06389122920010139,3081508.65,1.0,1,exclude,1,30,29,0.958376,0.010918,0.9985,ok,0.05447907163081922,0.8378306338964469,0.9999957741833951,29,-0.03228070175438591,-0.00011575599855740361,1,500000.0,2023-01_2025-06
4,C4 Hybrid + régime,2024-08,2024-08-30,P_selected,LBV,0.0022582179986858695,NEUTRAL,-0.16487661215737506,-0.16487661215737506,-0.08243830607868753,4683424.35,1.0,1,exclude,1,30,29,0.958376,0.010918,0.9985,ok,0.05447907163081922,0.8378306338964469,0.9999957741833951,29,0.006515389800044957,1.4713170514915851e-05,1,500000.0,2023-01_2025-06
4,C4 Hybrid + régime,2024-08,2024-08-30,P_selected,IAM,0.002022888333942292,NEUTRAL,-0.08321101089249094,-0.08321101089249094,-0.04160550544624547,9434260.036,1.0,1,exclude,1,30,29,0.958376,0.010918,0.9985,ok,0.05447907163081922,0.8378306338964469,0.9999957741833951,29,-0.005291005291005346,-1.0703112878001656e-05,1,500000.0,2023-01_2025-06
4,C4 Hybrid + régime,2024-08,2024-08-30,P_selected,CSR,0.0013470400626745575,NEUTRAL,-0.13935780961867866,-0.13935780961867866,-0.06967890480933933,2130327.6925,0.9999999999999141,1,exclude,1,30,29,0.958376,0.010918,0.9985,ok,0.05447907163081922,0.8378306338964469,0.9999957741833951,29,0.036956521739130554,4.978191535971207e-05,1,500000.0,2023-01_2025-06
4,C4 Hybrid + régime,2024-08,2024-08-30,P_selected,DHO,0.0011666797046893228,BUY,0.273356179245409,0.273356179245409,0.273356179245409,2298961.627,0.9999999999999942,1,exclude,1,30,29,0.958376,0.010918,0.9985,ok,0.05447907163081922,0.8378306338964469,0.9999957741833951,29,0.16069641785071043,0.00018748124932269888,1,500000.0,2023-01_2025-06
4,C4 Hybrid + régime,2024-08,2024-08-30,P_selected,SMI,0.0011201088167726674,NEUTRAL,0.09629832056776874,0.09629832056776874,0.04814916028388437,748829.25,0.9996583110533012,1,exclude,1,30,29,0.958376,0.010918,0.9985,ok,0.05447907163081922,0.8378306338964469,0.9999957741833951,29,0.05458715596330266,6.114355467704e-05,1,500000.0,2023-01_2025-06
4,C4 Hybrid + régime,2024-08,2024-08-30,P_selected,HPS,0.0008311795610128166,NEUTRAL,-0.06901708870766918,-0.06901708870766918,-0.03450854435383459,6440034.385,1.0,1,exclude,1,30,29,0.958376,0.010918,0.9985,ok,0.05447907163081922,0.8378306338964469,0.9999957741833951,29,-0.05861058438200306,-4.871591979733795e-05,1,500000.0,2023-01_2025-06
4,C4 Hybrid + régime,2024-08,2024-08-30,P_selected,SID,0.00038688307838579333,BUY,0.430421550723207,0.430421550723207,0.430421550723207,2148965.995,0.9999999999999363,1,exclude,1,30,29,0.958376,0.010918,0.9985,ok,0.05447907163081922,0.8378306338964469,0.9999957741833951,29,0.022126022126021994,8.560183552547564e-06,1,500000.0,2023-01_2025-06
4,C4 Hybrid + régime,2024-08,2024-08-30,P_selected,CMT,0.00024513144803114305,NEUTRAL,0.02647735324659749,0.02647735324659749,0.013238676623298746,5708164.8,1.0,1,exclude,1,30,29,0.958376,0.010918,0.9985,ok,0.05447907163081922,0.8378306338964469,0.9999957741833951,29,-0.035693039857227826,-8.749486544835561e-06,1,500000.0,2023-01_2025-06
4,C4 Hybrid + régime,2024-09,2024-09-30,P_selected,IMO,0.22792904786894858,BUY,1.63522327479567,1.63522327479567,1.63522327479567,567851.988,0.9938530406721361,1,exclude,1,28,28,0.768058,0.011087,0.9985,ok,0.003799922817949053,0.767311326244425,0.9999999999999998,28,-0.026702702702702696,-0.0060863216025546256,1,500000.0,2023-01_2025-06
4,C4 Hybrid + régime,2024-09,2024-09-30,P_selected,AKT,0.140824670501121,NEUTRAL,0.07373000127934565,0.07373000127934565,0.036865000639672824,19365557.67,1.0,1,exclude,1,28,28,0.768058,0.011087,0.9985,ok,0.003799922817949053,0.767311326244425,0.9999999999999998,28,-0.014312977099236623,-0.002015620283890088,1,500000.0,2023-01_2025-06
4,C4 Hybrid + régime,2024-09,2024-09-30,P_selected,ATH,0.0748637419236554,BUY,1.3218162567371212,1.3218162567371212,1.3218162567371212,3843200.8329999996,1.0,1,exclude,1,28,28,0.768058,0.011087,0.9985,ok,0.003799922817949053,0.767311326244425,0.9999999999999998,28,-0.07521578298397036,-0.005630934965897628,1,500000.0,2023-01_2025-06
4,C4 Hybrid + régime,2024-09,2024-09-30,P_selected,BOA,0.07450403561123654,BUY,0.24641932362293006,0.24641932362293006,0.24641932362293006,2074999.1824999999,0.9999999999997917,1,exclude,1,28,28,0.768058,0.011087,0.9985,ok,0.003799922817949053,0.767311326244425,0.9999999999999998,28,-0.005235602094240788,-0.0003900734848755803,1,500000.0,2023-01_2025-06
4,C4 Hybrid + régime,2024-09,2024-09-30,P_selected,ARD,0.06410664401398102,BUY,0.41428265089986743,0.41428265089986743,0.41428265089986743,1275026.855,0.9999999245978278,1,exclude,1,28,28,0.768058,0.011087,0.9985,ok,0.003799922817949053,0.767311326244425,0.9999999999999998,28,0.014227642276422703,0.0009120863985728967,1,500000.0,2023-01_2025-06
4,C4 Hybrid + régime,2024-09,2024-09-30,P_selected,CFG,0.05964189886851222,NEUTRAL,0.07233494014763787,0.07233494014763787,0.03616747007381894,6574180.4275,1.0,1,exclude,1,28,28,0.768058,0.011087,0.9985,ok,0.003799922817949053,0.767311326244425,0.9999999999999998,28,-0.021333333333333315,-0.0012723605091949262,1,500000.0,2023-01_2025-06
4,C4 Hybrid + régime,2024-09,2024-09-30,P_selected,DYT,0.058117771464266034,BUY,0.959183406610787,0.959183406610787,0.959183406610787,680286.7925000001,0.9989776093235639,1,exclude,1,28,28,0.768058,0.011087,0.9985,ok,0.003799922817949053,0.767311326244425,0.9999999999999998,28,0.004444444444444473,0.0002583012065078507,1,500000.0,2023-01_2025-06
4,C4 Hybrid + régime,2024-09,2024-09-30,P_selected,JET,0.05337474879637659,BUY,0.6944418914979604,0.6944418914979604,0.6944418914979604,4833471.675,1.0,1,exclude,1,28,28,0.768058,0.011087,0.9985,ok,0.003799922817949053,0.767311326244425,0.9999999999999998,28,0.5210584789415211,0.02781136542172577,1,500000.0,2023-01_2025-06
4,C4 Hybrid + régime,2024-09,2024-09-30,P_selected,RDS,0.04877954500419296,BUY,2.014986556574999,2.014986556574999,2.014986556574999,7745901.719500001,1.0,1,exclude,1,28,28,0.768058,0.011087,0.9985,ok,0.003799922817949053,0.767311326244425,0.9999999999999998,28,-0.0004025224741714961,-1.963486314404759e-05,1,500000.0,2023-01_2025-06
4,C4 Hybrid + régime,2024-09,2024-09-30,P_selected,NKL,0.04833376614642401,BUY,0.32215672632867176,0.32215672632867176,0.32215672632867176,961227.5684999998,0.9999885743818966,1,exclude,1,28,28,0.768058,0.011087,0.9985,ok,0.003799922817949053,0.767311326244425,0.9999999999999998,28,-0.028059701492537226,-0.0013562310500787591,1,500000.0,2023-01_2025-06
4,C4 Hybrid + régime,2024-09,2024-09-30,P_selected,MUT,0.028520238267438245,BUY,0.6113929871067584,0.6113929871067584,0.6113929871067584,4026016.7574999994,1.0,1,exclude,1,28,28,0.768058,0.011087,0.9985,ok,0.003799922817949053,0.767311326244425,0.9999999999999998,28,-0.002956636005256197,-8.432396333999354e-05,1,500000.0,2023-01_2025-06
4,C4 Hybrid + régime,2024-09,2024-09-30,P_selected,ATL,0.027637549192498147,NEUTRAL,-0.05968963109237932,-0.05968963109237932,-0.02984481554618966,2561443.6574999997,1.0,1,exclude,1,28,28,0.768058,0.011087,0.9985,ok,0.003799922817949053,0.767311326244425,0.9999999999999998,28,-0.06441165887009703,-0.0017801803905927163,1,500000.0,2023-01_2025-06
4,C4 Hybrid + régime,2024-09,2024-09-30,P_selected,CDM,0.023779977853314652,NEUTRAL,-0.18623308897091434,-0.18623308897091434,-0.09311654448545717,1080495.3199999998,0.9999983051677929,1,exclude,1,28,28,0.768058,0.011087,0.9985,ok,0.003799922817949053,0.767311326244425,0.9999999999999998,28,0.03139013452914807,0.0007464567039157088,1,500000.0,2023-01_2025-06
4,C4 Hybrid + régime,2024-09,2024-09-30,P_selected,CSR,0.014590824730031966,NEUTRAL,-0.028598703717887558,-0.028598703717887558,-0.014299351858943779,6245298.715,1.0,1,exclude,1,28,28,0.768058,0.011087,0.9985,ok,0.003799922817949053,0.767311326244425,0.9999999999999998,28,0.015789473684210575,0.0002303814431057686,1,500000.0,2023-01_2025-06
4,C4 Hybrid + régime,2024-09,2024-09-30,P_selected,TMA,0.013768377213218604,NEUTRAL,-0.05352476293943237,-0.05352476293943237,-0.026762381469716184,1311048.65,0.9999999576280159,1,exclude,1,28,28,0.768058,0.011087,0.9985,ok,0.003799922817949053,0.767311326244425,0.9999999999999998,28,-0.10588235294117643,-0.0014578281755172635,1,500000.0,2023-01_2025-06
4,C4 Hybrid + régime,2024-09,2024-09-30,P_selected,SOT,0.010387799267830893,NEUTRAL,-0.21251434973555186,-0.21251434973555186,-0.10625717486777593,1365931.655,0.9999999823918945,1,exclude,1,28,28,0.768058,0.011087,0.9985,ok,0.003799922817949053,0.767311326244425,0.9999999999999998,28,-0.020618556701030966,-0.0002141814282026992,1,500000.0,2023-01_2025-06
4,C4 Hybrid + régime,2024-09,2024-09-30,P_selected,ADH,0.009691928855307208,BUY,1.8597228245116524,1.8597228245116524,1.8597228245116524,26915085.794,1.0,1,exclude,1,28,28,0.768058,0.011087,0.9985,ok,0.003799922817949053,0.767311326244425,0.9999999999999998,28,-0.10052910052910047,-0.0009743208902160679,1,500000.0,2023-01_2025-06
4,C4 Hybrid + régime,2024-09,2024-09-30,P_selected,HPS,0.00839226260062531,NEUTRAL,-0.18679272923115778,-0.18679272923115778,-0.09339636461557889,4930110.465000001,1.0,1,exclude,1,28,28,0.768058,0.011087,0.9985,ok,0.003799922817949053,0.767311326244425,0.9999999999999998,28,0.011607142857142927,9.741019090011579e-05,1,500000.0,2023-01_2025-06
4,C4 Hybrid + régime,2024-09,2024-09-30,P_selected,ADI,0.0032707631647857617,BUY,1.4409962095390225,1.4409962095390225,1.4409962095390225,21969093.389999997,1.0,1,exclude,1,28,28,0.768058,0.011087,0.9985,ok,0.003799922817949053,0.767311326244425,0.9999999999999998,28,0.06209150326797386,0.00020308660173506363,1,500000.0,2023-01_2025-06
4,C4 Hybrid + régime,2024-09,2024-09-30,P_selected,BCI,0.0020032757419646894,BUY,0.2948181893911056,0.2948181893911056,0.2948181893911056,766811.225,0.9997437189627532,1,exclude,1,28,28,0.768058,0.011087,0.9985,ok,0.003799922817949053,0.767311326244425,0.9999999999999998,28,-0.042735042735042694,-8.561007444293537e-05,1,500000.0,2023-01_2025-06
4,C4 Hybrid + régime,2024-09,2024-09-30,P_selected,CMT,0.0017634750527705382,NEUTRAL,-0.13857918186909413,-0.13857918186909413,-0.06928959093454706,1729851.8,0.9999999999478881,1,exclude,1,28,28,0.768058,0.011087,0.9985,ok,0.003799922817949053,0.767311326244425,0.9999999999999998,28,-0.049079754601227044,-8.655092283536393e-05,1,500000.0,2023-01_2025-06
4,C4 Hybrid + régime,2024-09,2024-09-30,P_selected,BCP,0.0014795179229121383,BUY,0.25950653756137765,0.25950653756137765,0.25950653756137765,20597659.005,1.0,1,exclude,1,28,28,0.768058,0.011087,0.9985,ok,0.003799922817949053,0.767311326244425,0.9999999999999998,28,0.0,0.0,1,500000.0,2023-01_2025-06
4,C4 Hybrid + régime,2024-09,2024-09-30,P_selected,MNG,0.0010160225408028284,NEUTRAL,-0.1113851402032256,-0.1113851402032256,-0.0556925701016128,3542018.85,1.0,1,exclude,1,28,28,0.768058,0.011087,0.9985,ok,0.003799922817949053,0.767311326244425,0.9999999999999998,28,0.02230483271375472,2.2662212806011115e-05,1,500000.0,2023-01_2025-06
4,C4 Hybrid + régime,2024-09,2024-09-30,P_selected,DHO,0.0009906218322528074,NEUTRAL,0.057955067627129264,0.057955067627129264,0.028977533813564632,1223397.1755000001,0.99999982775621,1,exclude,1,28,28,0.768058,0.011087,0.9985,ok,0.003799922817949053,0.767311326244425,0.9999999999999998,28,-0.08260869565217388,-8.1833977446971e-05,1,500000.0,2023-01_2025-06
4,C4 Hybrid + régime,2024-09,2024-09-30,P_selected,SNP,0.000742081327878838,BUY,0.3649667587070285,0.3649667587070285,0.3649667587070285,815909.7725,0.9998831562762621,1,exclude,1,28,28,0.768058,0.011087,0.9985,ok,0.003799922817949053,0.767311326244425,0.9999999999999998,28,0.01641427512443072,1.2180727080506129e-05,1,500000.0,2023-01_2025-06
4,C4 Hybrid + régime,2024-09,2024-09-30,P_selected,CIH,0.0006339370253369802,NEUTRAL,-0.025442549964231065,-0.025442549964231065,-0.012721274982115532,5326917.600000001,1.0,1,exclude,1,28,28,0.768058,0.011087,0.9985,ok,0.003799922817949053,0.767311326244425,0.9999999999999998,28,0.013732833957553092,8.705751908497878e-06,1,500000.0,2023-01_2025-06
4,C4 Hybrid + régime,2024-09,2024-09-30,P_selected,LBV,0.0005610869891452189,NEUTRAL,-0.19239266548442113,-0.19239266548442113,-0.09619633274221057,7360936.55,1.0,1,exclude,1,28,28,0.768058,0.011087,0.9985,ok,0.003799922817949053,0.767311326244425,0.9999999999999998,28,-0.016949152542372836,-9.509948968563007e-06,1,500000.0,2023-01_2025-06
4,C4 Hybrid + régime,2024-09,2024-09-30,P_selected,SID,0.0002943902231707656,BUY,0.38026347325946985,0.38026347325946985,0.38026347325946985,2740958.055,1.0,1,exclude,1,28,28,0.768058,0.011087,0.9985,ok,0.003799922817949053,0.767311326244425,0.9999999999999998,28,0.07228915662650603,2.1281220952103542e-05,1,500000.0,2023-01_2025-06
4,C4 Hybrid + régime,2024-10,2024-10-31,P_selected,AKT,0.1441710612840043,BUY,0.2883553611860181,0.2883553611860181,0.2883553611860181,15285418.889999997,1.0,1,exclude,1,20,19,0.829753,0.011672,0.9999,ok,0.004779619971158056,0.9888841462802997,0.9999689145504496,19,0.04854368932038833,0.006998595207961371,1,500000.0,2023-01_2025-06
4,C4 Hybrid + régime,2024-10,2024-10-31,P_selected,BCP,0.1210469500161363,BUY,1.9598756546689786,1.9598756546689786,1.9598756546689786,30980904.752499998,1.0,1,exclude,1,20,19,0.829753,0.011672,0.9999,ok,0.004779619971158056,0.9888841462802997,0.9999689145504496,19,0.027397260273972712,0.003316354794962652,1,500000.0,2023-01_2025-06
4,C4 Hybrid + régime,2024-10,2024-10-31,P_selected,ARD,0.09920614607696693,BUY,1.4171430611576934,1.4171430611576934,1.4171430611576934,3485858.825,1.0,1,exclude,1,20,19,0.829753,0.011672,0.9999,ok,0.004779619971158056,0.9888841462802997,0.9999689145504496,19,-0.010000000000000009,-0.00099206146076967,1,500000.0,2023-01_2025-06
4,C4 Hybrid + régime,2024-10,2024-10-31,P_selected,JET,0.09322841514316396,BUY,1.544673120439044,1.544673120439044,1.544673120439044,19715665.4,1.0,1,exclude,1,20,19,0.829753,0.011672,0.9999,ok,0.004779619971158056,0.9888841462802997,0.9999689145504496,19,0.059691482226693404,0.005564942285540966,1,500000.0,2023-01_2025-06
4,C4 Hybrid + régime,2024-10,2024-10-31,P_selected,BOA,0.07779412016166705,NEUTRAL,0.1813088617996377,0.1813088617996377,0.09065443089981885,1381344.3175,0.9999999862401252,1,exclude,1,20,19,0.829753,0.011672,0.9999,ok,0.004779619971158056,0.9888841462802997,0.9999689145504496,19,0.04157894736842116,0.0032345976277745854,1,500000.0,2023-01_2025-06
4,C4 Hybrid + régime,2024-10,2024-10-31,P_selected,ATH,0.076977583696872,BUY,1.201740427070106,1.201740427070106,1.201740427070106,2240066.992,0.9999999999999851,1,exclude,1,20,19,0.829753,0.011672,0.9999,ok,0.004779619971158056,0.9888841462802997,0.9999689145504496,19,-0.08810119135166927,-0.006781816831067258,1,500000.0,2023-01_2025-06
4,C4 Hybrid + régime,2024-10,2024-10-31,P_selected,LBV,0.06985034737899186,NEUTRAL,-0.20830452999455662,-0.20830452999455662,-0.10415226499727831,1093431.6,0.999998622040778,1,exclude,1,20,19,0.829753,0.011672,0.9999,ok,0.004779619971158056,0.9888841462802997,0.9999689145504496,19,-0.02352941176470591,-0.0016435375853880456,1,500000.0,2023-01_2025-06
4,C4 Hybrid + régime,2024-10,2024-10-31,P_selected,HPS,0.06714012400289218,NEUTRAL,0.17456118201795073,0.17456118201795073,0.08728059100897537,4194418.135,1.0,1,exclude,1,20,19,0.829753,0.011672,0.9999,ok,0.004779619971158056,0.9888841462802997,0.9999689145504496,19,-0.03508771929824561,-0.0023557938246628832,1,500000.0,2023-01_2025-06
4,C4 Hybrid + régime,2024-10,2024-10-31,P_selected,MUT,0.061937327474254525,BUY,0.7384968821588532,0.7384968821588532,0.7384968821588532,3969151.2825,1.0,1,exclude,1,20,19,0.829753,0.011672,0.9999,ok,0.004779619971158056,0.9888841462802997,0.9999689145504496,19,-0.05681818181818177,-0.0035191663337644586,1,500000.0,2023-01_2025-06
4,C4 Hybrid + régime,2024-10,2024-10-31,P_selected,CSR,0.0501541608868728,NEUTRAL,-0.1298321484424519,-0.1298321484424519,-0.06491607422122594,5504089.847499999,1.0,1,exclude,1,20,19,0.829753,0.011672,0.9999,ok,0.004779619971158056,0.9888841462802997,0.9999689145504496,19,0.0050890585241729624,0.0002552374599840822,1,500000.0,2023-01_2025-06
4,C4 Hybrid + régime,2024-10,2024-10-31,P_selected,CIH,0.04401890720341295,NEUTRAL,0.07120407754858316,0.07120407754858316,0.03560203877429158,2127402.417500001,0.9999999999999098,1,exclude,1,20,19,0.829753,0.011672,0.9999,ok,0.004779619971158056,0.9888841462802997,0.9999689145504496,19,0.027027027027026973,0.001189700194686834,1,500000.0,2023-01_2025-06
4,C4 Hybrid + régime,2024-10,2024-10-31,P_selected,RDS,0.03930351233140972,BUY,2.883498203196662,2.883498203196662,2.883498203196662,6890815.06,1.0,1,exclude,1,20,19,0.829753,0.011672,0.9999,ok,0.004779619971158056,0.9888841462802997,0.9999689145504496,19,0.02276422764227659,0.0008947141018532359,1,500000.0,2023-01_2025-06
4,C4 Hybrid + régime,2024-10,2024-10-31,P_selected,BCI,0.022642115167075795,BUY,0.3384673866568865,0.3384673866568865,0.3384673866568865,592294.97,0.9958343952882754,1,exclude,1,20,19,0.829753,0.011672,0.9999,ok,0.004779619971158056,0.9888841462802997,0.9999689145504496,19,-0.03220338983050852,-0.0007291528613126115,1,500000.0,2023-01_2025-06
4,C4 Hybrid + régime,2024-10,2024-10-31,P_selected,MNG,0.013427051011974599,NEUTRAL,-0.1018609314744025,-0.1018609314744025,-0.05093046573720125,1362500.1,0.9999999813980908,1,exclude,1,20,19,0.829753,0.011672,0.9999,ok,0.004779619971158056,0.9888841462802997,0.9999689145504496,19,0.052823315118396996,0.0007092613467163256,1,500000.0,2023-01_2025-06
4,C4 Hybrid + régime,2024-10,2024-10-31,P_selected,SNP,0.010857096320043814,NEUTRAL,0.1503812473145982,0.1503812473145982,0.0751906236572991,676105.655,0.9989069508763608,1,exclude,1,20,19,0.829753,0.011672,0.9999,ok,0.004779619971158056,0.9888841462802997,0.9999689145504496,19,0.09992751372061726,0.0010849226414872415,1,500000.0,2023-01_2025-06
4,C4 Hybrid + régime,2024-10,2024-10-31,P_selected,GAZ,0.007291500540790237,NEUTRAL,-0.19745267371290087,-0.19745267371290087,-0.09872633685645044,1430351.45,0.9999999937182875,1,exclude,1,20,19,0.829753,0.011672,0.9999,ok,0.004779619971158056,0.9888841462802997,0.9999689145504496,19,-0.007012987012987026,-5.113519859774981e-05,1,500000.0,2023-01_2025-06
4,C4 Hybrid + régime,2024-10,2024-10-31,P_selected,SID,0.0005911022659327178,BUY,0.3399020356981444,0.3399020356981444,0.3399020356981444,2348967.5149999997,0.9999999999999973,1,exclude,1,20,19,0.829753,0.011672,0.9999,ok,0.004779619971158056,0.9888841462802997,0.9999689145504496,19,0.0033407572383072903,1.974729173494568e-06,1,500000.0,2023-01_2025-06
4,C4 Hybrid + régime,2024-10,2024-10-31,P_selected,CMT,0.00022239124702335244,NEUTRAL,-0.04936914150737404,-0.04936914150737404,-0.02468457075368702,2515161.75,0.9999999999999998,1,exclude,1,20,19,0.829753,0.011672,0.9999,ok,0.004779619971158056,0.9888841462802997,0.9999689145504496,19,-0.008805031446540879,-1.9581619234760586e-06,1,500000.0,2023-01_2025-06
4,C4 Hybrid + régime,2024-10,2024-10-31,P_selected,ADI,0.00010900234096435336,BUY,1.489666981498866,1.489666981498866,1.489666981498866,14327048.34,1.0,1,exclude,1,20,19,0.829753,0.011672,0.9999,ok,0.004779619971158056,0.9888841462802997,0.9999689145504496,19,0.2646153846153847,2.8843696378259668e-05,1,500000.0,2023-01_2025-06
4,C4 Hybrid + régime,2024-11,2024-11-29,P_selected,IMO,0.19196753223834498,BUY,1.9174658643223892,1.9174658643223892,1.9174658643223892,540320.1195,0.9904830837265511,1,exclude,1,26,24,1.054979,0.009269,0.9977,ok,0.019243846753079552,1.0882198344378022,0.9999694079588888,24,0.006711409395973034,0.0012883726995861846,1,500000.0,2023-01_2025-06
4,C4 Hybrid + régime,2024-11,2024-11-29,P_selected,BOA,0.12820110151896605,BUY,0.7217394697168532,0.7217394697168532,0.7217394697168532,23013142.1075,1.0,1,exclude,1,26,24,1.054979,0.009269,0.9977,ok,0.019243846753079552,1.0882198344378022,0.9999694079588888,24,0.05398457583547556,0.006920882087142123,1,500000.0,2023-01_2025-06
4,C4 Hybrid + régime,2024-11,2024-11-29,P_selected,CFG,0.10199982213880443,BUY,0.24064995708052278,0.24064995708052278,0.24064995708052278,8520361.28,1.0,1,exclude,1,26,24,1.054979,0.009269,0.9977,ok,0.019243846753079552,1.0882198344378022,0.9999694079588888,24,0.08292682926829276,0.008458521835900863,1,500000.0,2023-01_2025-06
4,C4 Hybrid + régime,2024-11,2024-11-29,P_selected,ARD,0.08881697852376122,BUY,1.1889615512895815,1.1889615512895815,1.1889615512895815,4393442.380000001,1.0,1,exclude,1,26,24,1.054979,0.009269,0.9977,ok,0.019243846753079552,1.0882198344378022,0.9999694079588888,24,-0.02051020408163262,-0.0018216543554363243,1,500000.0,2023-01_2025-06
4,C4 Hybrid + régime,2024-11,2024-11-29,P_selected,BCP,0.0859789074825549,BUY,1.3071598165500107,1.3071598165500107,1.3071598165500107,37914058.7275,1.0,1,exclude,1,26,24,1.054979,0.009269,0.9977,ok,0.019243846753079552,1.0882198344378022,0.9999694079588888,24,-0.08333333333333337,-0.007164908956879578,1,500000.0,2023-01_2025-06
4,C4 Hybrid + régime,2024-11,2024-11-29,P_selected,SRM,0.06651807546520844,BUY,3.4721338004221627,3.4721338004221627,3.4721338004221627,1033210.8,0.9999963884604613,1,exclude,1,26,24,1.054979,0.009269,0.9977,ok,0.019243846753079552,1.0882198344378022,0.9999694079588888,24,-0.04489016236867238,-0.0029860072080848095,1,500000.0,2023-01_2025-06
4,C4 Hybrid + régime,2024-11,2024-11-29,P_selected,DWY,0.06048760963210139,NEUTRAL,0.02840260040316861,0.02840260040316861,0.014201300201584305,569660.6900000001,0.9940273323887903,1,exclude,1,26,24,1.054979,0.009269,0.9977,ok,0.019243846753079552,1.0882198344378022,0.9999694079588888,24,-0.012383900928792602,-0.0007490725651034247,1,500000.0,2023-01_2025-06
4,C4 Hybrid + régime,2024-11,2024-11-29,P_selected,JET,0.04965632021757556,BUY,0.6651313352751347,0.6651313352751347,0.6651313352751347,11088081.9,1.0,1,exclude,1,26,24,1.054979,0.009269,0.9977,ok,0.019243846753079552,1.0882198344378022,0.9999694079588888,24,0.21153846153846145,0.010504221584487133,1,500000.0,2023-01_2025-06
4,C4 Hybrid + régime,2024-11,2024-11-29,P_selected,ATH,0.032325882039461025,BUY,0.5616012688519725,0.5616012688519725,0.5616012688519725,1163208.068,0.9999995487884503,1,exclude,1,26,24,1.054979,0.009269,0.9977,ok,0.019243846753079552,1.0882198344378022,0.9999694079588888,24,0.06263081629367262,0.0020245963795444146,1,500000.0,2023-01_2025-06
4,C4 Hybrid + régime,2024-11,2024-11-29,P_selected,AKT,0.027954678325549757,NEUTRAL,0.13699687859985132,0.13699687859985132,0.06849843929992566,15215770.6,1.0,1,exclude,1,26,24,1.054979,0.009269,0.9977,ok,0.019243846753079552,1.0882198344378022,0.9999694079588888,24,-0.011278195488721776,-0.0003152783269798837,1,500000.0,2023-01_2025-06
4,C4 Hybrid + régime,2024-11,2024-11-29,P_selected,MUT,0.02748045229594255,BUY,0.35844792630653244,0.35844792630653244,0.35844792630653244,2312869.6849999996,0.9999999999999953,1,exclude,1,26,24,1.054979,0.009269,0.9977,ok,0.019243846753079552,1.0882198344378022,0.9999694079588888,24,0.04467353951890041,0.001227649071640047,1,500000.0,2023-01_2025-06
4,C4 Hybrid + régime,2024-11,2024-11-29,P_selected,RIS,0.025588645509932163,NEUTRAL,-0.06592873998390134,-0.06592873998390134,-0.03296436999195067,800251.0025,0.999849893596349,1,exclude,1,26,24,1.054979,0.009269,0.9977,ok,0.019243846753079552,1.0882198344378022,0.9999694079588888,24,0.07200956937799052,0.0018426273441362658,1,500000.0,2023-01_2025-06
4,C4 Hybrid + régime,2024-11,2024-11-29,P_selected,LBV,0.024483096293841877,NEUTRAL,-0.21822099121634117,-0.21822099121634117,-0.10911049560817059,3704108.4,1.0,1,exclude,1,26,24,1.054979,0.009269,0.9977,ok,0.019243846753079552,1.0882198344378022,0.9999694079588888,24,0.0,0.0,1,500000.0,2023-01_2025-06
4,C4 Hybrid + régime,2024-11,2024-11-29,P_selected,ADI,0.024341125803490703,BUY,1.4321025353270371,1.4321025353270371,1.4321025353270371,24280205.552500002,1.0,1,exclude,1,26,24,1.054979,0.009269,0.9977,ok,0.019243846753079552,1.0882198344378022,0.9999694079588888,24,0.16504854368932032,0.0040174673656246775,1,500000.0,2023-01_2025-06
4,C4 Hybrid + régime,2024-11,2024-11-29,P_selected,CSR,0.01825257066690533,NEUTRAL,-0.1754912814268553,-0.1754912814268553,-0.08774564071342765,5539507.555,1.0,1,exclude,1,26,24,1.054979,0.009269,0.9977,ok,0.019243846753079552,1.0882198344378022,0.9999694079588888,24,-0.030612244897959218,-0.0005587521632726127,1,500000.0,2023-01_2025-06
4,C4 Hybrid + régime,2024-11,2024-11-29,P_selected,SNP,0.012704057006958586,BUY,0.36266838934587453,0.36266838934587453,0.36266838934587453,2543951.79,0.9999999999999998,1,exclude,1,26,24,1.054979,0.009269,0.9977,ok,0.019243846753079552,1.0882198344378022,0.9999694079588888,24,0.12497636604273032,0.0015877068787293694,1,500000.0,2023-01_2025-06
4,C4 Hybrid + régime,2024-11,2024-11-29,P_selected,S2M,0.007911206687486884,BUY,0.48782523553108403,0.48782523553108403,0.48782523553108403,585535.0375,0.9953607873156116,1,exclude,1,26,24,1.054979,0.009269,0.9977,ok,0.019243846753079552,1.0882198344378022,0.9999694079588888,24,-0.13602941176470584,-0.0010761567920478479,1,500000.0,2023-01_2025-06
4,C4 Hybrid + régime,2024-11,2024-11-29,P_selected,ADH,0.006851118084635909,BUY,2.247547600572168,2.247547600572168,2.247547600572168,25718783.5795,1.0,1,exclude,1,26,24,1.054979,0.009269,0.9977,ok,0.019243846753079552,1.0882198344378022,0.9999694079588888,24,0.03421052631578947,0.00023438035552701792,1,500000.0,2023-01_2025-06
4,C4 Hybrid + régime,2024-11,2024-11-29,P_selected,SOT,0.005736870756080236,NEUTRAL,-0.14991347395596033,-0.14991347395596033,-0.07495673697798017,508883.6,0.9843596559295373,1,exclude,1,26,24,1.054979,0.009269,0.9977,ok,0.019243846753079552,1.0882198344378022,0.9999694079588888,24,-0.021164021164021163,-0.00012141525409693622,1,500000.0,2023-01_2025-06
4,C4 Hybrid + régime,2024-11,2024-11-29,P_selected,BCI,0.004370152358595477,BUY,0.2945255479964148,0.2945255479964148,0.2945255479964148,782391.265,0.9998002532026524,1,exclude,1,26,24,1.054979,0.009269,0.9977,ok,0.019243846753079552,1.0882198344378022,0.9999694079588888,24,0.02473498233215543,0.0001080956413786865,1,500000.0,2023-01_2025-06
4,C4 Hybrid + régime,2024-11,2024-11-29,P_selected,CIH,0.0043203864985029115,NEUTRAL,0.05921513333462533,0.05921513333462533,0.029607566667312665,2798700.9950000006,1.0,1,exclude,1,26,24,1.054979,0.009269,0.9977,ok,0.019243846753079552,1.0882198344378022,0.9999694079588888,24,-0.038929440389294356,-0.00016819022865218126,1,500000.0,2023-01_2025-06
4,C4 Hybrid + régime,2024-11,2024-11-29,P_selected,RDS,0.003292640925796334,BUY,1.5282027245523155,1.5282027245523155,1.5282027245523155,5028492.7505,1.0,1,exclude,1,26,24,1.054979,0.009269,0.9977,ok,0.019243846753079552,1.0882198344378022,0.9999694079588888,24,0.03027812029045096,9.969497802452322e-05,1,500000.0,2023-01_2025-06
4,C4 Hybrid + régime,2024-11,2024-11-29,P_selected,CDM,0.0005632179037864457,NEUTRAL,0.1935030264446434,0.1935030264446434,0.0967515132223217,24178378.389999997,1.0,1,exclude,1,26,24,1.054979,0.009269,0.9977,ok,0.019243846753079552,1.0882198344378022,0.9999694079588888,24,-0.06060606060606055,-3.413441841129971e-05,1,500000.0,2023-01_2025-06
4,C4 Hybrid + régime,2024-11,2024-11-29,P_selected,GAZ,0.00016695958460572537,NEUTRAL,-0.15253128123778034,-0.15253128123778034,-0.07626564061889017,2167833.6,0.9999999999999529,1,exclude,1,26,24,1.054979,0.009269,0.9977,ok,0.019243846753079552,1.0882198344378022,0.9999694079588888,24,-0.015706806282722474,-2.6224018524459417e-06,1,500000.0,2023-01_2025-06
4,C4 Hybrid + régime,2024-12,2024-12-31,P_selected,IMO,0.29928497899896217,BUY,1.7549555908971484,1.7549555908971484,1.7549555908971484,873454.9809999999,0.9999534659488765,1,exclude,1,26,22,1.091411,0.009224,0.9997,ok,0.024333063006186206,0.7401461667588971,0.9998954563919761,22,-0.002666666666666595,-0.0007980932773305443,1,500000.0,2023-01_2025-06
4,C4 Hybrid + régime,2024-12,2024-12-31,P_selected,BOA,0.21503159447849404,BUY,1.4794752612878026,1.4794752612878026,1.4794752612878026,32557984.047500003,1.0,1,exclude,1,26,22,1.091411,0.009224,0.9997,ok,0.024333063006186206,0.7401461667588971,0.9998954563919761,22,0.014705882352941124,0.0031622293305660775,1,500000.0,2023-01_2025-06
4,C4 Hybrid + régime,2024-12,2024-12-31,P_selected,ARD,0.07500849537102132,BUY,0.47193355688789895,0.47193355688789895,0.47193355688789895,1386358.4975000003,0.9999999873009159,1,exclude,1,26,22,1.091411,0.009224,0.9997,ok,0.024333063006186206,0.7401461667588971,0.9998954563919761,22,-0.013507939781398082,-0.0010132102385650328,1,500000.0,2023-01_2025-06
4,C4 Hybrid + régime,2024-12,2024-12-31,P_selected,JET,0.05949376367322496,BUY,0.975509581904558,0.975509581904558,0.975509581904558,9101525.8,1.0,1,exclude,1,26,22,1.091411,0.009224,0.9997,ok,0.024333063006186206,0.7401461667588971,0.9998954563919761,22,0.07892204042348405,0.004695369221563468,1,500000.0,2023-01_2025-06
4,C4 Hybrid + régime,2024-12,2024-12-31,P_selected,CTM,0.05748736510866853,BUY,0.6736349407045983,0.6736349407045983,0.6736349407045983,599350.38,0.9962774099988266,1,exclude,1,26,22,1.091411,0.009224,0.9997,ok,0.024333063006186206,0.7401461667588971,0.9998954563919761,22,-0.09618573797678276,-0.005529464637318035,1,500000.0,2023-01_2025-06
4,C4 Hybrid + régime,2024-12,2024-12-31,P_selected,CFG,0.05684273848527119,NEUTRAL,0.10072806082590177,0.10072806082590177,0.050364030412950886,8865253.3,1.0,1,exclude,1,26,22,1.091411,0.009224,0.9997,ok,0.024333063006186206,0.7401461667588971,0.9998954563919761,22,0.07474568774878376,0.004248749581605854,1,500000.0,2023-01_2025-06
4,C4 Hybrid + régime,2024-12,2024-12-31,P_selected,AKT,0.05505308704442662,BUY,0.23304218567492802,0.23304218567492802,0.23304218567492802,9808443.75,1.0,1,exclude,1,26,22,1.091411,0.009224,0.9997,ok,0.024333063006186206,0.7401461667588971,0.9998954563919761,22,0.07363636363636372,0.004053909136907783,1,500000.0,2023-01_2025-06
4,C4 Hybrid + régime,2024-12,2024-12-31,P_selected,LES,0.02406221379453961,NEUTRAL,-0.05061539723779723,-0.05061539723779723,-0.025307698618898616,3461192.3075,1.0,1,exclude,1,26,22,1.091411,0.009224,0.9997,ok,0.024333063006186206,0.7401461667588971,0.9998954563919761,22,-0.03448275862068961,-0.0008297315101565372,1,500000.0,2023-01_2025-06
4,C4 Hybrid + régime,2024-12,2024-12-31,P_selected,ADI,0.02095070393722749,BUY,1.5675920409096336,1.5675920409096336,1.5675920409096336,19234488.669999998,1.0,1,exclude,1,26,22,1.091411,0.009224,0.9997,ok,0.024333063006186206,0.7401461667588971,0.9998954563919761,22,0.04230769230769238,0.00088637593580578,1,500000.0,2023-01_2025-06
4,C4 Hybrid + régime,2024-12,2024-12-31,P_selected,BCP,0.0183267548662693,BUY,0.43422448942499037,0.43422448942499037,0.43422448942499037,29465503.514999997,1.0,1,exclude,1,26,22,1.091411,0.009224,0.9997,ok,0.024333063006186206,0.7401461667588971,0.9998954563919761,22,0.017857142857142794,0.00032726347975480777,1,500000.0,2023-01_2025-06
4,C4 Hybrid + régime,2024-12,2024-12-31,P_selected,SNP,0.016450918076473902,BUY,0.7159251880971061,0.7159251880971061,0.7159251880971061,2980050.79,1.0,1,exclude,1,26,22,1.091411,0.009224,0.9997,ok,0.024333063006186206,0.7401461667588971,0.9998954563919761,22,0.0078125,0.00012852279747245236,1,500000.0,2023-01_2025-06
4,C4 Hybrid + régime,2024-12,2024-12-31,P_selected,MNG,0.016000417786645686,NEUTRAL,-0.17966219411017734,-0.17966219411017734,-0.08983109705508867,3540111.7,1.0,1,exclude,1,26,22,1.091411,0.009224,0.9997,ok,0.024333063006186206,0.7401461667588971,0.9998954563919761,22,0.16131309565831264,0.0025810769249901425,1,500000.0,2023-01_2025-06
4,C4 Hybrid + régime,2024-12,2024-12-31,P_selected,RDS,0.015215764836853357,BUY,2.209939587539892,2.209939587539892,2.209939587539892,8458131.6595,1.0,1,exclude,1,26,22,1.091411,0.009224,0.9997,ok,0.024333063006186206,0.7401461667588971,0.9998954563919761,22,0.43601474139026575,0.006634297770395716,1,500000.0,2023-01_2025-06
4,C4 Hybrid + régime,2024-12,2024-12-31,P_selected,HPS,0.01469535432758396,BUY,0.43152982594626227,0.43152982594626227,0.43152982594626227,9382705.684999999,1.0,1,exclude,1,26,22,1.091411,0.009224,0.9997,ok,0.024333063006186206,0.7401461667588971,0.9998954563919761,22,0.07777777777777772,0.0011429720032565295,1,500000.0,2023-01_2025-06
4,C4 Hybrid + régime,2024-12,2024-12-31,P_selected,MUT,0.013671533430921015,BUY,0.3695998439052,0.3695998439052,0.3695998439052,1844883.2375,0.999999999991728,1,exclude,1,26,22,1.091411,0.009224,0.9997,ok,0.024333063006186206,0.7401461667588971,0.9998954563919761,22,0.08196721311475419,0.0011206174943377894,1,500000.0,2023-01_2025-06
4,C4 Hybrid + régime,2024-12,2024-12-31,P_selected,LBV,0.009412407037932983,NEUTRAL,-0.03168207538237133,-0.03168207538237133,-0.015841037691185667,4123204.15,1.0,1,exclude,1,26,22,1.091411,0.009224,0.9997,ok,0.024333063006186206,0.7401461667588971,0.9998954563919761,22,-0.0056470588235294494,-5.315241621421014e-05,1,500000.0,2023-01_2025-06
4,C4 Hybrid + régime,2024-12,2024-12-31,P_selected,CSR,0.009044946926686824,NEUTRAL,-0.14799889636870783,-0.14799889636870783,-0.07399944818435392,1597910.7675,0.9999999995697146,1,exclude,1,26,22,1.091411,0.009224,0.9997,ok,0.024333063006186206,0.7401461667588971,0.9998954563919761,22,0.09625668449197855,0.0008706366025687847,1,500000.0,2023-01_2025-06
4,C4 Hybrid + régime,2024-12,2024-12-31,P_selected,CIH,0.00852204532240413,BUY,0.2295706018484853,0.2295706018484853,0.2295706018484853,13122116.9525,1.0,1,exclude,1,26,22,1.091411,0.009224,0.9997,ok,0.024333063006186206,0.7401461667588971,0.9998954563919761,22,0.16455696202531644,0.0014023618884968822,1,500000.0,2023-01_2025-06
4,C4 Hybrid + régime,2024-12,2024-12-31,P_selected,RIS,0.007774874520567452,BUY,0.4789208807397382,0.4789208807397382,0.4789208807397382,1871500.9425000001,0.9999999999945968,1,exclude,1,26,22,1.091411,0.009224,0.9997,ok,0.024333063006186206,0.7401461667588971,0.9998954563919761,22,0.2293986636971046,0.0017835458254308403,1,500000.0,2023-01_2025-06
4,C4 Hybrid + régime,2024-12,2024-12-31,P_selected,MIC,0.0038483070373409927,NEUTRAL,-0.14490128597954105,-0.14490128597954105,-0.07245064298977053,572191.425,0.9942629855483078,1,exclude,1,26,22,1.091411,0.009224,0.9997,ok,0.024333063006186206,0.7401461667588971,0.9998954563919761,22,0.15898251192368829,0.0006118135194500779,1,500000.0,2023-01_2025-06
4,C4 Hybrid + régime,2024-12,2024-12-31,P_selected,CDM,0.003354895453223252,NEUTRAL,0.08541307123003727,0.08541307123003727,0.04270653561501864,6680749.609999999,1.0,1,exclude,1,26,22,1.091411,0.009224,0.9997,ok,0.024333063006186206,0.7401461667588971,0.9998954563919761,22,0.16842105263157903,0.0005650350237007585,1,500000.0,2023-01_2025-06
4,C4 Hybrid + régime,2024-12,2024-12-31,P_selected,GAZ,0.0003622958772372376,NEUTRAL,-0.21506245353315592,-0.21506245353315592,-0.10753122676657796,2086431.0,0.9999999999998266,1,exclude,1,26,22,1.091411,0.009224,0.9997,ok,0.024333063006186206,0.7401461667588971,0.9998954563919761,22,0.04122340425531923,1.4935069407386153e-05,1,500000.0,2023-01_2025-06
4,C4 Hybrid + régime,2025-01,2025-01-31,P_selected,JET,0.10477241789650654,BUY,2.3298895626218643,2.3298895626218643,2.3298895626218643,17213018.0,1.0,1,exclude,1,33,29,0.65495,0.008886,0.9994,ok,0.010238034286544018,1.1617623305823042,0.9999189005355125,29,0.11906893464637425,0.012475140179261749,1,500000.0,2023-01_2025-06
4,C4 Hybrid + régime,2025-01,2025-01-31,P_selected,MUT,0.08171508808013359,BUY,0.43010456052288754,0.43010456052288754,0.43010456052288754,7664555.635,1.0,1,exclude,1,33,29,0.65495,0.008886,0.9994,ok,0.010238034286544018,1.1617623305823042,0.9999189005355125,29,-0.06060606060606055,-0.004952429580614153,1,500000.0,2023-01_2025-06
4,C4 Hybrid + régime,2025-01,2025-01-31,P_selected,CFG,0.07349528050059047,BUY,0.38776313640566257,0.38776313640566257,0.38776313640566257,20518734.5775,1.0,1,exclude,1,33,29,0.65495,0.008886,0.9994,ok,0.010238034286544018,1.1617623305823042,0.9999189005355125,29,-0.02066115702479343,-0.0015184975310039385,1,500000.0,2023-01_2025-06
4,C4 Hybrid + régime,2025-01,2025-01-31,P_selected,DWY,0.06920100536361781,NEUTRAL,0.18553734078466386,0.18553734078466386,0.09276867039233193,584488.62,0.9952828300727027,1,exclude,1,33,29,0.65495,0.008886,0.9994,ok,0.010238034286544018,1.1617623305823042,0.9999189005355125,29,0.03886721572027163,0.0026896504035274077,1,500000.0,2023-01_2025-06
4,C4 Hybrid + régime,2025-01,2025-01-31,P_selected,ARD,0.067789898637567,NEUTRAL,0.032137919725704275,0.032137919725704275,0.016068959862852138,3442800.7275000005,1.0,1,exclude,1,33,29,0.65495,0.008886,0.9994,ok,0.010238034286544018,1.1617623305823042,0.9999189005355125,29,0.007556675062972307,0.0005122662365559229,1,500000.0,2023-01_2025-06
4,C4 Hybrid + régime,2025-01,2025-01-31,P_selected,BOA,0.06560791641837202,NEUTRAL,0.03328212504771358,0.03328212504771358,0.01664106252385679,3689415.745,1.0,1,exclude,1,33,29,0.65495,0.008886,0.9994,ok,0.010238034286544018,1.1617623305823042,0.9999189005355125,29,-0.054441260744985676,-0.003571777684667818,1,500000.0,2023-01_2025-06
4,C4 Hybrid + régime,2025-01,2025-01-31,P_selected,TMA,0.05867862719996005,NEUTRAL,-0.17005970189709607,-0.17005970189709607,-0.08502985094854804,5485131.7,1.0,1,exclude,1,33,29,0.65495,0.008886,0.9994,ok,0.010238034286544018,1.1617623305823042,0.9999189005355125,29,0.026298909557408656,0.001543183909684649,1,500000.0,2023-01_2025-06
4,C4 Hybrid + régime,2025-01,2025-01-31,P_selected,CSR,0.057615317002209177,NEUTRAL,0.009664832609406097,0.009664832609406097,0.004832416304703048,14173975.5475,1.0,1,exclude,1,33,29,0.65495,0.008886,0.9994,ok,0.010238034286544018,1.1617623305823042,0.9999189005355125,29,-0.00952380952380949,-0.0005487173047829426,1,500000.0,2023-01_2025-06
4,C4 Hybrid + régime,2025-01,2025-01-31,P_selected,DYT,0.055780320410933476,BUY,1.1227327986456421,1.1227327986456421,1.1227327986456421,1492858.6,0.9999999976893514,1,exclude,1,33,29,0.65495,0.008886,0.9994,ok,0.010238034286544018,1.1617623305823042,0.9999189005355125,29,-0.020881289049654805,-0.0011647649937830617,1,500000.0,2023-01_2025-06
4,C4 Hybrid + régime,2025-01,2025-01-31,P_selected,SRM,0.052026054272424974,BUY,1.7080807640955173,1.7080807640955173,1.7080807640955173,585947.4424999999,0.9953911576736926,1,exclude,1,33,29,0.65495,0.008886,0.9994,ok,0.010238034286544018,1.1617623305823042,0.9999189005355125,29,-0.10495722746216274,-0.005460510412229731,1,500000.0,2023-01_2025-06
4,C4 Hybrid + régime,2025-01,2025-01-31,P_selected,S2M,0.04604341238786023,BUY,1.2169686629048453,1.2169686629048453,1.2169686629048453,710440.4450000001,0.9993686679788972,1,exclude,1,33,29,0.65495,0.008886,0.9994,ok,0.010238034286544018,1.1617623305823042,0.9999189005355125,29,0.09870129870129873,0.004544544599321271,1,500000.0,2023-01_2025-06
4,C4 Hybrid + régime,2025-01,2025-01-31,P_selected,MNG,0.044979340056371435,BUY,0.6480600734187665,0.6480600734187665,0.6480600734187665,5081623.5,1.0,1,exclude,1,33,29,0.65495,0.008886,0.9994,ok,0.010238034286544018,1.1617623305823042,0.9999189005355125,29,0.1470588235294117,0.006614608831819325,1,500000.0,2023-01_2025-06
4,C4 Hybrid + régime,2025-01,2025-01-31,P_selected,CTM,0.0374171597457355,BUY,0.9257269282102383,0.9257269282102383,0.9257269282102383,1445230.8,0.9999999950490819,1,exclude,1,33,29,0.65495,0.008886,0.9994,ok,0.010238034286544018,1.1617623305823042,0.9999189005355125,29,0.026827012025901986,0.001003790594473942,1,500000.0,2023-01_2025-06
4,C4 Hybrid + régime,2025-01,2025-01-31,P_selected,BCP,0.03186246793906091,NEUTRAL,-0.10306981633385791,-0.10306981633385791,-0.051534908166928954,16120932.485,1.0,1,exclude,1,33,29,0.65495,0.008886,0.9994,ok,0.010238034286544018,1.1617623305823042,0.9999189005355125,29,-0.017192982456140316,-0.0005478108522856076,1,500000.0,2023-01_2025-06
4,C4 Hybrid + régime,2025-01,2025-01-31,P_selected,ATL,0.027593406131078645,BUY,0.2690151937972972,0.2690151937972972,0.2690151937972972,7158556.58,1.0,1,exclude,1,33,29,0.65495,0.008886,0.9994,ok,0.010238034286544018,1.1617623305823042,0.9999189005355125,29,-0.0071428571428571175,-0.00019709575807913248,1,500000.0,2023-01_2025-06
4,C4 Hybrid + régime,2025-01,2025-01-31,P_selected,RDS,0.020164199007113998,BUY,2.078227121929989,2.078227121929989,2.078227121929989,31175995.342,1.0,1,exclude,1,33,29,0.65495,0.008886,0.9994,ok,0.010238034286544018,1.1617623305823042,0.9999189005355125,29,0.04018058690744919,0.0008102093506244446,1,500000.0,2023-01_2025-06
4,C4 Hybrid + régime,2025-01,2025-01-31,P_selected,ATH,0.019960157168118452,BUY,0.32385362089416764,0.32385362089416764,0.32385362089416764,2578353.4235,1.0,1,exclude,1,33,29,0.65495,0.008886,0.9994,ok,0.010238034286544018,1.1617623305823042,0.9999189005355125,29,0.09128508124076795,0.0018220645686701897,1,500000.0,2023-01_2025-06
4,C4 Hybrid + régime,2025-01,2025-01-31,P_selected,HPS,0.01612328189591604,BUY,0.2327249159828838,0.2327249159828838,0.2327249159828838,17476655.43,1.0,1,exclude,1,33,29,0.65495,0.008886,0.9994,ok,0.010238034286544018,1.1617623305823042,0.9999189005355125,29,-0.038181818181818206,-0.0006156162178440674,1,500000.0,2023-01_2025-06
4,C4 Hybrid + régime,2025-01,2025-01-31,P_selected,AKT,0.01466698455021042,NEUTRAL,0.18733803670806934,0.18733803670806934,0.09366901835403467,26306633.45,1.0,1,exclude,1,33,29,0.65495,0.008886,0.9994,ok,0.010238034286544018,1.1617623305823042,0.9999189005355125,29,0.013733905579399242,0.00020143498094709735,1,500000.0,2023-01_2025-06
4,C4 Hybrid + régime,2025-01,2025-01-31,P_selected,GAZ,0.011350829633886146,NEUTRAL,-0.12996995232061848,-0.12996995232061848,-0.06498497616030924,2889641.75,1.0,1,exclude,1,33,29,0.65495,0.008886,0.9994,ok,0.010238034286544018,1.1617623305823042,0.9999189005355125,29,0.09974811083123436,0.0011322238123473347,1,500000.0,2023-01_2025-06
4,C4 Hybrid + régime,2025-01,2025-01-31,P_selected,RIS,0.008487293191604513,BUY,0.5148221815948197,0.5148221815948197,0.5148221815948197,4453792.8525,1.0,1,exclude,1,33,29,0.65495,0.008886,0.9994,ok,0.010238034286544018,1.1617623305823042,0.9999189005355125,29,-0.010600706713780883,-8.997130591806875e-05,1,500000.0,2023-01_2025-06
4,C4 Hybrid + régime,2025-01,2025-01-31,P_selected,LBV,0.008342300892754055,NEUTRAL,-0.1457489197241286,-0.1457489197241286,-0.0728744598620643,5880402.0,1.0,1,exclude,1,33,29,0.65495,0.008886,0.9994,ok,0.010238034286544018,1.1617623305823042,0.9999189005355125,29,-0.04563445867287541,-0.0003806963853270766,1,500000.0,2023-01_2025-06
4,C4 Hybrid + régime,2025-01,2025-01-31,P_selected,CIH,0.007532017002371027,NEUTRAL,0.1579463586202664,0.1579463586202664,0.0789731793101332,6351091.5200000005,1.0,1,exclude,1,33,29,0.65495,0.008886,0.9994,ok,0.010238034286544018,1.1617623305823042,0.9999189005355125,29,-0.010654490106544845,-8.024980063408968e-05,1,500000.0,2023-01_2025-06
4,C4 Hybrid + régime,2025-01,2025-01-31,P_selected,SNP,0.006006568492766554,BUY,0.3770989128127232,0.3770989128127232,0.3770989128127232,2261780.23,0.9999999999999896,1,exclude,1,33,29,0.65495,0.008886,0.9994,ok,0.010238034286544018,1.1617623305823042,0.9999189005355125,29,-0.06201550387596899,-0.00037250037164443745,1,500000.0,2023-01_2025-06
4,C4 Hybrid + régime,2025-01,2025-01-31,P_selected,CMT,0.005189164367376216,BUY,0.34478330541672436,0.34478330541672436,0.34478330541672436,2333491.5,0.9999999999999967,1,exclude,1,33,29,0.65495,0.008886,0.9994,ok,0.010238034286544018,1.1617623305823042,0.9999189005355125,29,-0.06266738082485268,-0.00032519133957312104,1,500000.0,2023-01_2025-06
4,C4 Hybrid + régime,2025-01,2025-01-31,P_selected,SMI,0.004618733114783556,NEUTRAL,-0.0745222541893242,-0.0745222541893242,-0.0372611270946621,2276995.55,0.9999999999999918,1,exclude,1,33,29,0.65495,0.008886,0.9994,ok,0.010238034286544018,1.1617623305823042,0.9999189005355125,29,-0.1192967768940979,-0.0005509999739277158,1,500000.0,2023-01_2025-06
4,C4 Hybrid + régime,2025-01,2025-01-31,P_selected,DHO,0.0025403031072259025,BUY,0.7640426774503848,0.7640426774503848,0.7640426774503848,7035798.239499999,1.0,1,exclude,1,33,29,0.65495,0.008886,0.9994,ok,0.010238034286544018,1.1617623305823042,0.9999189005355125,29,-0.02898550724637683,-7.363197412248997e-05,1,500000.0,2023-01_2025-06
4,C4 Hybrid + régime,2025-01,2025-01-31,P_selected,ADI,0.00023472270155467937,BUY,2.2466331641154813,2.2466331641154813,2.2466331641154813,40450865.475,1.0,1,exclude,1,33,29,0.65495,0.008886,0.9994,ok,0.010238034286544018,1.1617623305823042,0.9999189005355125,29,0.07042253521126751,1.6529767715118244e-05,1,500000.0,2023-01_2025-06
4,C4 Hybrid + régime,2025-01,2025-01-31,P_selected,BCI,0.00012463336740909173,NEUTRAL,0.14022549376619092,0.14022549376619092,0.07011274688309546,6009433.39,1.0,1,exclude,1,33,29,0.65495,0.008886,0.9994,ok,0.010238034286544018,1.1617623305823042,0.9999189005355125,29,-0.043927648578811374,-5.474850764740464e-06,1,500000.0,2023-01_2025-06
4,C4 Hybrid + régime,2025-02,2025-02-28,P_selected,BOA,0.11290848482037726,NEUTRAL,-0.11303955034743762,-0.11303955034743762,-0.05651977517371881,3357119.9475000002,1.0,1,exclude,1,31,28,0.533358,0.009507,1.0,ok,0.06823916790672735,1.2745903890919854,0.9999810129776883,28,-0.020499999999999963,-0.0023146239388177293,1,500000.0,2023-01_2025-06
4,C4 Hybrid + régime,2025-02,2025-02-28,P_selected,AKT,0.105783566713382,NEUTRAL,0.054573269816553756,0.054573269816553756,0.027286634908276878,26863110.35,1.0,1,exclude,1,31,28,0.533358,0.009507,1.0,ok,0.06823916790672735,1.2745903890919854,0.9999810129776883,28,0.0744500846023688,0.007875595491351613,1,500000.0,2023-01_2025-06
4,C4 Hybrid + régime,2025-02,2025-02-28,P_selected,MUT,0.07832804123527135,BUY,0.23719173144012684,0.23719173144012684,0.23719173144012684,3306766.205,1.0,1,exclude,1,31,28,0.533358,0.009507,1.0,ok,0.06823916790672735,1.2745903890919854,0.9999810129776883,28,-0.0016103059581320522,-0.0001261321114899705,1,500000.0,2023-01_2025-06
4,C4 Hybrid + régime,2025-02,2025-02-28,P_selected,MSA,0.07240579706126533,NEUTRAL,0.12780883465735882,0.12780883465735882,0.06390441732867941,34379217.95,1.0,1,exclude,1,31,28,0.533358,0.009507,1.0,ok,0.06823916790672735,1.2745903890919854,0.9999810129776883,28,0.04166666666666674,0.003016908210886061,1,500000.0,2023-01_2025-06
4,C4 Hybrid + régime,2025-02,2025-02-28,P_selected,ATL,0.07040518171772021,NEUTRAL,0.06833011592089572,0.06833011592089572,0.03416505796044786,2620898.925,1.0,1,exclude,1,31,28,0.533358,0.009507,1.0,ok,0.06823916790672735,1.2745903890919854,0.9999810129776883,28,-0.07023411371237454,-0.004944845538702754,1,500000.0,2023-01_2025-06
4,C4 Hybrid + régime,2025-02,2025-02-28,P_selected,FBR,0.06898529027410859,BUY,2.467721094706421,2.467721094706421,2.467721094706421,1119974.6800000002,0.9999990988515046,1,exclude,1,31,28,0.533358,0.009507,1.0,ok,0.06823916790672735,1.2745903890919854,0.9999810129776883,28,0.46996838777660677,0.03242090565042404,1,500000.0,2023-01_2025-06
4,C4 Hybrid + régime,2025-02,2025-02-28,P_selected,MNG,0.06269722077706902,BUY,0.9378551682640558,0.9378551682640558,0.9378551682640558,5114983.85,1.0,1,exclude,1,31,28,0.533358,0.009507,1.0,ok,0.06823916790672735,1.2745903890919854,0.9999810129776883,28,0.26767676767676774,0.01678258939992252,1,500000.0,2023-01_2025-06
4,C4 Hybrid + régime,2025-02,2025-02-28,P_selected,EQD,0.06072380081443352,NEUTRAL,-0.012339924603485541,-0.012339924603485541,-0.006169962301742771,1046541.7,0.9999970821692682,1,exclude,1,31,28,0.533358,0.009507,1.0,ok,0.06823916790672735,1.2745903890919854,0.9999810129776883,28,0.05714285714285716,0.003469931475110488,1,500000.0,2023-01_2025-06
4,C4 Hybrid + régime,2025-02,2025-02-28,P_selected,S2M,0.05542710821201667,BUY,1.5768318824474628,1.5768318824474628,1.5768318824474628,1653460.0699999998,0.9999999998230866,1,exclude,1,31,28,0.533358,0.009507,1.0,ok,0.06823916790672735,1.2745903890919854,0.9999810129776883,28,0.00872024510959224,0.0004833379693246782,1,500000.0,2023-01_2025-06
4,C4 Hybrid + régime,2025-02,2025-02-28,P_selected,ATH,0.0382316191464042,BUY,0.7486928886702842,0.7486928886702842,0.7486928886702842,3644003.9075,1.0,1,exclude,1,31,28,0.533358,0.009507,1.0,ok,0.06823916790672735,1.2745903890919854,0.9999810129776883,28,0.01971447994561526,0.0007537164889501861,1,500000.0,2023-01_2025-06
4,C4 Hybrid + régime,2025-02,2025-02-28,P_selected,SLF,0.03640337317001184,BUY,0.479952528184681,0.479952528184681,0.479952528184681,3731569.3549999995,1.0,1,exclude,1,31,28,0.533358,0.009507,1.0,ok,0.06823916790672735,1.2745903890919854,0.9999810129776883,28,0.16600449127655903,0.006043123443838554,1,500000.0,2023-01_2025-06
4,C4 Hybrid + régime,2025-02,2025-02-28,P_selected,CDM,0.03261066268046268,NEUTRAL,0.028237336113470353,0.028237336113470353,0.014118668056735176,6425465.15,1.0,1,exclude,1,31,28,0.533358,0.009507,1.0,ok,0.06823916790672735,1.2745903890919854,0.9999810129776883,28,0.06334841628959276,0.0020658338349614364,1,500000.0,2023-01_2025-06
4,C4 Hybrid + régime,2025-02,2025-02-28,P_selected,CIH,0.032085369033913444,NEUTRAL,0.009967085391436252,0.009967085391436252,0.004983542695718126,3723531.505,1.0,1,exclude,1,31,28,0.533358,0.009507,1.0,ok,0.06823916790672735,1.2745903890919854,0.9999810129776883,28,-0.0888888888888889,-0.002852032803014529,1,500000.0,2023-01_2025-06
4,C4 Hybrid + régime,2025-02,2025-02-28,P_selected,SOT,0.03131537957655525,NEUTRAL,0.059045781235395535,0.059045781235395535,0.029522890617697767,2547633.4,1.0,1,exclude,1,31,28,0.533358,0.009507,1.0,ok,0.06823916790672735,1.2745903890919854,0.9999810129776883,28,0.07452830188679238,0.0023338820627810024,1,500000.0,2023-01_2025-06
4,C4 Hybrid + régime,2025-02,2025-02-28,P_selected,JET,0.024740990064454002,BUY,3.3266666551933444,3.3266666551933444,3.3266666551933444,17600333.0,1.0,1,exclude,1,31,28,0.533358,0.009507,1.0,ok,0.06823916790672735,1.2745903890919854,0.9999810129776883,28,-0.040000000000000036,-0.000989639602578161,1,500000.0,2023-01_2025-06
4,C4 Hybrid + régime,2025-02,2025-02-28,P_selected,LBV,0.02112963070589145,NEUTRAL,-0.11578752164960249,-0.11578752164960249,-0.057893760824801244,5561387.85,1.0,1,exclude,1,31,28,0.533358,0.009507,1.0,ok,0.06823916790672735,1.2745903890919854,0.9999810129776883,28,0.08024390243902446,0.0016955240249361691,1,500000.0,2023-01_2025-06
4,C4 Hybrid + régime,2025-02,2025-02-28,P_selected,ADI,0.01964795669331092,BUY,2.1658306696351572,2.1658306696351572,2.1658306696351572,31471320.385,1.0,1,exclude,1,31,28,0.533358,0.009507,1.0,ok,0.06823916790672735,1.2745903890919854,0.9999810129776883,28,-0.034782608695652195,-0.0006834071893325542,1,500000.0,2023-01_2025-06
4,C4 Hybrid + régime,2025-02,2025-02-28,P_selected,TQM,0.0194791672906027,NEUTRAL,-0.135082609965121,-0.135082609965121,-0.0675413049825605,20271351.25,1.0,1,exclude,1,31,28,0.533358,0.009507,1.0,ok,0.06823916790672735,1.2745903890919854,0.9999810129776883,28,0.3791044776119403,0.007384639540019532,1,500000.0,2023-01_2025-06
4,C4 Hybrid + régime,2025-02,2025-02-28,P_selected,SID,0.015637295275788072,BUY,1.1415115252903094,1.1415115252903094,1.1415115252903094,9128184.9,1.0,1,exclude,1,31,28,0.533358,0.009507,1.0,ok,0.06823916790672735,1.2745903890919854,0.9999810129776883,28,0.34751773049645385,0.00543423736534479,1,500000.0,2023-01_2025-06
4,C4 Hybrid + régime,2025-02,2025-02-28,P_selected,BCI,0.013394396702523894,NEUTRAL,0.015213496910852782,0.015213496910852782,0.007606748455426391,1053016.7149999996,0.9999973693249473,1,exclude,1,31,28,0.533358,0.009507,1.0,ok,0.06823916790672735,1.2745903890919854,0.9999810129776883,28,-0.06687402799377917,-0.0008957372600443663,1,500000.0,2023-01_2025-06
4,C4 Hybrid + régime,2025-02,2025-02-28,P_selected,HPS,0.013361913860231698,NEUTRAL,-0.01793136622963365,-0.01793136622963365,-0.008965683114816825,3887198.15,1.0,1,exclude,1,31,28,0.533358,0.009507,1.0,ok,0.06823916790672735,1.2745903890919854,0.9999810129776883,28,-0.0064102564102563875,-8.565329397584391e-05,1,500000.0,2023-01_2025-06
4,C4 Hybrid + régime,2025-02,2025-02-28,P_selected,CFG,0.006608883055065974,NEUTRAL,0.1873949621729423,0.1873949621729423,0.09369748108647115,6187249.0075,1.0,1,exclude,1,31,28,0.533358,0.009507,1.0,ok,0.06823916790672735,1.2745903890919854,0.9999810129776883,28,-0.062304646801416896,-0.00041176412449775456,1,500000.0,2023-01_2025-06
4,C4 Hybrid + régime,2025-02,2025-02-28,P_selected,TGC,0.003139840777343634,BUY,0.8922566212020683,0.8922566212020683,0.8922566212020683,27528112.18,1.0,1,exclude,1,31,28,0.533358,0.009507,1.0,ok,0.06823916790672735,1.2745903890919854,0.9999810129776883,28,0.021897810218978186,6.875563746007984e-05,1,500000.0,2023-01_2025-06
4,C4 Hybrid + régime,2025-02,2025-02-28,P_selected,SNP,0.002351632494117555,NEUTRAL,0.11967873762235375,0.11967873762235375,0.05983936881117687,2050044.405,0.9999999999996896,1,exclude,1,31,28,0.533358,0.009507,1.0,ok,0.06823916790672735,1.2745903890919854,0.9999810129776883,28,0.018347107438016597,4.314565402430571e-05,1,500000.0,2023-01_2025-06
4,C4 Hybrid + régime,2025-02,2025-02-28,P_selected,RIS,0.0016003192464749505,BUY,0.371648363905155,0.371648363905155,0.371648363905155,3234976.3899999997,1.0,1,exclude,1,31,28,0.533358,0.009507,1.0,ok,0.06823916790672735,1.2745903890919854,0.9999810129776883,28,0.010101010101010166,1.6164840873484452e-05,1,500000.0,2023-01_2025-06
4,C4 Hybrid + régime,2025-02,2025-02-28,P_selected,CMT,0.00021300900879120665,NEUTRAL,0.10996881467642297,0.10996881467642297,0.054984407338211486,1911676.95,0.9999999999971589,1,exclude,1,31,28,0.533358,0.009507,1.0,ok,0.06823916790672735,1.2745903890919854,0.9999810129776883,28,0.11428571428571432,2.4343886718995055e-05,1,500000.0,2023-01_2025-06
4,C4 Hybrid + régime,2025-02,2025-02-28,P_selected,RDS,0.00018437057372819782,BUY,1.4296599138080217,1.4296599138080217,1.4296599138080217,15914818.1125,1.0,1,exclude,1,31,28,0.533358,0.009507,1.0,ok,0.06823916790672735,1.2745903890919854,0.9999810129776883,28,-0.007337073802330507,-1.3527405064218054e-06,1,500000.0,2023-01_2025-06
4,C4 Hybrid + régime,2025-02,2025-02-28,P_selected,GAZ,0.00018071199637278084,NEUTRAL,0.14246182979574848,0.14246182979574848,0.07123091489787424,11058253.4,1.0,1,exclude,1,31,28,0.533358,0.009507,1.0,ok,0.06823916790672735,1.2745903890919854,0.9999810129776883,28,-0.013971598717361422,-2.524835496733767e-06,1,500000.0,2023-01_2025-06
4,C4 Hybrid + régime,2025-03,2025-03-28,P_selected,CMG,0.16661272836232843,BUY,0.35096496581754505,0.35096496581754505,0.35096496581754505,13594064.285,1.0,1,exclude,1,37,35,0.618673,0.008167,0.9999,ok,0.0037308853980027035,1.1696318918503363,0.999983994228383,35,-0.06032130948772352,-0.010050297952138023,1,500000.0,2023-01_2025-06
4,C4 Hybrid + régime,2025-03,2025-03-28,P_selected,ALM,0.14410778459032217,BUY,0.814694761871731,0.814694761871731,0.814694761871731,964551.7,0.9999891661821522,1,exclude,1,37,35,0.618673,0.008167,0.9999,ok,0.0037308853980027035,1.1696318918503363,0.999983994228383,35,0.024157303370786476,0.003481255470440361,1,500000.0,2023-01_2025-06
4,C4 Hybrid + régime,2025-03,2025-03-28,P_selected,BOA,0.06317412812247497,NEUTRAL,-0.21642593530495915,-0.21642593530495915,-0.10821296765247958,9082371.745000001,1.0,1,exclude,1,37,35,0.618673,0.008167,0.9999,ok,0.0037308853980027035,1.1696318918503363,0.999983994228383,35,0.1383358856559469,0.008739248964364838,1,500000.0,2023-01_2025-06
4,C4 Hybrid + régime,2025-03,2025-03-28,P_selected,FBR,0.061735692694456466,BUY,3.180343923645724,3.180343923645724,3.180343923645724,2909726.0524999998,1.0,1,exclude,1,37,35,0.618673,0.008167,0.9999,ok,0.0037308853980027035,1.1696318918503363,0.999983994228383,35,0.03870967741935494,0.002389768749462837,1,500000.0,2023-01_2025-06
4,C4 Hybrid + régime,2025-03,2025-03-28,P_selected,MNG,0.05101025326757795,BUY,1.1771625766634175,1.1771625766634175,1.1771625766634175,12313694.45,1.0,1,exclude,1,37,35,0.618673,0.008167,0.9999,ok,0.0037308853980027035,1.1696318918503363,0.999983994228383,35,-0.0007968127490040056,-4.064562013352935e-05,1,500000.0,2023-01_2025-06
4,C4 Hybrid + régime,2025-03,2025-03-28,P_selected,TMA,0.04973810905223024,NEUTRAL,-0.18811847291991896,-0.18811847291991896,-0.09405923645995948,7612600.05,1.0,1,exclude,1,37,35,0.618673,0.008167,0.9999,ok,0.0037308853980027035,1.1696318918503363,0.999983994228383,35,0.029120879120879017,0.0014484174614110951,1,500000.0,2023-01_2025-06
4,C4 Hybrid + régime,2025-03,2025-03-28,P_selected,MIC,0.04583193163728658,BUY,0.2520104214879041,0.2520104214879041,0.2520104214879041,889842.365,0.9999641982449636,1,exclude,1,37,35,0.618673,0.008167,0.9999,ok,0.0037308853980027035,1.1696318918503363,0.999983994228383,35,-0.01820388349514568,-0.0008343191438826462,1,500000.0,2023-01_2025-06
4,C4 Hybrid + régime,2025-03,2025-03-28,P_selected,AKT,0.04357023008449191,NEUTRAL,0.1229870958573623,0.1229870958573623,0.06149354792868115,34592520.35,1.0,1,exclude,1,37,35,0.618673,0.008167,0.9999,ok,0.0037308853980027035,1.1696318918503363,0.999983994228383,35,0.14094488188976384,0.006141000933168547,1,500000.0,2023-01_2025-06
4,C4 Hybrid + régime,2025-03,2025-03-28,P_selected,JET,0.04319303849488892,BUY,2.1034117603973534,2.1034117603973534,2.1034117603973534,22891245.7,1.0,1,exclude,1,37,35,0.618673,0.008167,0.9999,ok,0.0037308853980027035,1.1696318918503363,0.999983994228383,35,-0.10416666666666663,-0.004499274843217594,1,500000.0,2023-01_2025-06
4,C4 Hybrid + régime,2025-03,2025-03-28,P_selected,DWY,0.034501609185720046,NEUTRAL,0.2216236959826357,0.2216236959826357,0.11081184799131785,825540.065,0.9998998399553735,1,exclude,1,37,35,0.618673,0.008167,0.9999,ok,0.0037308853980027035,1.1696318918503363,0.999983994228383,35,-0.028507126781695313,-0.000983541747229825,1,500000.0,2023-01_2025-06
4,C4 Hybrid + régime,2025-03,2025-03-28,P_selected,CIH,0.031221155096432168,NEUTRAL,-0.20744950965877046,-0.20744950965877046,-0.10372475482938523,3282112.1225,1.0,1,exclude,1,37,35,0.618673,0.008167,0.9999,ok,0.0037308853980027035,1.1696318918503363,0.999983994228383,35,-0.01939024390243904,-0.0006053858122356975,1,500000.0,2023-01_2025-06
4,C4 Hybrid + régime,2025-03,2025-03-28,P_selected,DYT,0.02961952108924457,BUY,0.7773906866881456,0.7773906866881456,0.7773906866881456,864606.1074999999,0.9999463887343911,1,exclude,1,37,35,0.618673,0.008167,0.9999,ok,0.0037308853980027035,1.1696318918503363,0.999983994228383,35,0.041207927021075896,0.0012205590634448086,1,500000.0,2023-01_2025-06
4,C4 Hybrid + régime,2025-03,2025-03-28,P_selected,EQD,0.027282614081069353,BUY,0.2521656214359525,0.2521656214359525,0.2521656214359525,1698691.3,0.9999999999142051,1,exclude,1,37,35,0.618673,0.008167,0.9999,ok,0.0037308853980027035,1.1696318918503363,0.999983994228383,35,-0.058558558558558516,-0.0015976305542968528,1,500000.0,2023-01_2025-06
4,C4 Hybrid + régime,2025-03,2025-03-28,P_selected,TQM,0.027068473286447188,BUY,0.34417114971814466,0.34417114971814466,0.34417114971814466,20194720.4,1.0,1,exclude,1,37,35,0.618673,0.008167,0.9999,ok,0.0037308853980027035,1.1696318918503363,0.999983994228383,35,0.038528138528138633,0.0010428978885254573,1,500000.0,2023-01_2025-06
4,C4 Hybrid + régime,2025-03,2025-03-28,P_selected,DHO,0.025359443654928544,BUY,0.5170048824981643,0.5170048824981643,0.5170048824981643,3481594.2685000002,1.0,1,exclude,1,37,35,0.618673,0.008167,0.9999,ok,0.0037308853980027035,1.1696318918503363,0.999983994228383,35,0.0060975609756097615,0.00015463075399346687,1,500000.0,2023-01_2025-06
4,C4 Hybrid + régime,2025-03,2025-03-28,P_selected,CDM,0.02456524416987068,BUY,0.8084346493597968,0.8084346493597968,0.8084346493597968,12319949.05,1.0,1,exclude,1,37,35,0.618673,0.008167,0.9999,ok,0.0037308853980027035,1.1696318918503363,0.999983994228383,35,-0.06222611744084139,-0.0015285997686773172,1,500000.0,2023-01_2025-06
4,C4 Hybrid + régime,2025-03,2025-03-28,P_selected,CSR,0.01873137313844649,NEUTRAL,0.13882489723985011,0.13882489723985011,0.06941244861992506,13222201.5575,1.0,1,exclude,1,37,35,0.618673,0.008167,0.9999,ok,0.0037308853980027035,1.1696318918503363,0.999983994228383,35,0.04867256637168138,0.0009117040023137665,1,500000.0,2023-01_2025-06
4,C4 Hybrid + régime,2025-03,2025-03-28,P_selected,SLF,0.014618672059678664,BUY,1.0962040387995684,1.0962040387995684,1.0962040387995684,2379448.65,0.9999999999999984,1,exclude,1,37,35,0.618673,0.008167,0.9999,ok,0.0037308853980027035,1.1696318918503363,0.999983994228383,35,0.007407407407407307,0.00010828645970132197,1,500000.0,2023-01_2025-06
4,C4 Hybrid + régime,2025-03,2025-03-28,P_selected,GAZ,0.014558218385142561,NEUTRAL,-0.17586069497123058,-0.17586069497123058,-0.08793034748561529,2379379.55,0.9999999999999984,1,exclude,1,37,35,0.618673,0.008167,0.9999,ok,0.0037308853980027035,1.1696318918503363,0.999983994228383,35,-0.04761904761904767,-0.0006932484945305989,1,500000.0,2023-01_2025-06
4,C4 Hybrid + régime,2025-03,2025-03-28,P_selected,MUT,0.01328927593603973,NEUTRAL,0.1068374540234299,0.1068374540234299,0.05341872701171495,2138027.725,0.9999999999999241,1,exclude,1,37,35,0.618673,0.008167,0.9999,ok,0.0037308853980027035,1.1696318918503363,0.999983994228383,35,-0.032258064516129004,-0.00042868632051741026,1,500000.0,2023-01_2025-06
4,C4 Hybrid + régime,2025-03,2025-03-28,P_selected,TGC,0.012470135495200122,BUY,0.5203980233726406,0.5203980233726406,0.5203980233726406,44103313.18,1.0,1,exclude,1,37,35,0.618673,0.008167,0.9999,ok,0.0037308853980027035,1.1696318918503363,0.999983994228383,35,0.04571428571428582,0.0005700633369234354,1,500000.0,2023-01_2025-06
4,C4 Hybrid + régime,2025-03,2025-03-28,P_selected,ATH,0.010599732924550338,BUY,0.2539973898580766,0.2539973898580766,0.2539973898580766,1473696.0514999998,0.9999999968602944,1,exclude,1,37,35,0.618673,0.008167,0.9999,ok,0.0037308853980027035,1.1696318918503363,0.999983994228383,35,0.020000000000000018,0.00021199465849100694,1,500000.0,2023-01_2025-06
4,C4 Hybrid + régime,2025-03,2025-03-28,P_selected,ARD,0.010326271703617669,NEUTRAL,-0.04988046708894185,-0.04988046708894185,-0.024940233544470926,2902702.087500001,1.0,1,exclude,1,37,35,0.618673,0.008167,0.9999,ok,0.0037308853980027035,1.1696318918503363,0.999983994228383,35,-0.018388429752066116,-0.0001898839218227216,1,500000.0,2023-01_2025-06
4,C4 Hybrid + régime,2025-03,2025-03-28,P_selected,RIS,0.009654878377567368,NEUTRAL,0.19283399246139968,0.19283399246139968,0.09641699623069984,2198459.7125,0.9999999999999711,1,exclude,1,37,35,0.618673,0.008167,0.9999,ok,0.0037308853980027035,1.1696318918503363,0.999983994228383,35,0.006666666666666599,6.436585585044847e-05,1,500000.0,2023-01_2025-06
4,C4 Hybrid + régime,2025-03,2025-03-28,P_selected,HPS,0.007664604529712181,NEUTRAL,-0.0989601876715616,-0.0989601876715616,-0.0494800938357808,3962919.1150000007,1.0,1,exclude,1,37,35,0.618673,0.008167,0.9999,ok,0.0037308853980027035,1.1696318918503363,0.999983994228383,35,-0.08225806451612905,-0.0006304755338956795,1,500000.0,2023-01_2025-06
4,C4 Hybrid + régime,2025-03,2025-03-28,P_selected,BCI,0.005343507297281557,NEUTRAL,-0.08664170439550896,-0.08664170439550896,-0.04332085219775448,534851.7749999997,0.989621933539771,1,exclude,1,37,35,0.618673,0.008167,0.9999,ok,0.0037308853980027035,1.1696318918503363,0.999983994228383,35,-0.056499999999999995,-0.00030190816229640796,1,500000.0,2023-01_2025-06
4,C4 Hybrid + régime,2025-03,2025-03-28,P_selected,CFG,0.004010460686976196,NEUTRAL,0.02622295181999934,0.02622295181999934,0.01311147590999967,8933682.334999999,1.0,1,exclude,1,37,35,0.618673,0.008167,0.9999,ok,0.0037308853980027035,1.1696318918503363,0.999983994228383,35,0.01777777777777767,7.129707887957639e-05,1,500000.0,2023-01_2025-06
4,C4 Hybrid + régime,2025-03,2025-03-28,P_selected,MSA,0.0034287222496682183,NEUTRAL,0.0921613994884791,0.0921613994884791,0.04608069974423955,38774215.205,1.0,1,exclude,1,37,35,0.618673,0.008167,0.9999,ok,0.0037308853980027035,1.1696318918503363,0.999983994228383,35,-0.009333333333333305,-3.200140766356994e-05,1,500000.0,2023-01_2025-06
4,C4 Hybrid + régime,2025-03,2025-03-28,P_selected,ATL,0.003252449032091707,NEUTRAL,-0.14745678736562412,-0.14745678736562412,-0.07372839368281206,3595252.905,1.0,1,exclude,1,37,35,0.618673,0.008167,0.9999,ok,0.0037308853980027035,1.1696318918503363,0.999983994228383,35,-0.05755395683453235,-0.00018719131119952263,1,500000.0,2023-01_2025-06
4,C4 Hybrid + régime,2025-03,2025-03-28,P_selected,SMI,0.001316735290968678,NEUTRAL,0.1422782693808978,0.1422782693808978,0.0711391346904489,1412121.35,0.9999999915908179,1,exclude,1,37,35,0.618673,0.008167,0.9999,ok,0.0037308853980027035,1.1696318918503363,0.999983994228383,35,-0.0008368200836820217,-1.1018705363754802e-06,1,500000.0,2023-01_2025-06
4,C4 Hybrid + régime,2025-03,2025-03-28,P_selected,SNP,0.0006641774700714495,NEUTRAL,0.10393072504647095,0.10393072504647095,0.05196536252323548,2390223.15,0.9999999999999987,1,exclude,1,37,35,0.618673,0.008167,0.9999,ok,0.0037308853980027035,1.1696318918503363,0.999983994228383,35,0.13601688037656223,9.033934749551609e-05,1,500000.0,2023-01_2025-06
4,C4 Hybrid + régime,2025-03,2025-03-28,P_selected,RDS,0.0005450643170777835,BUY,0.9976315305134729,0.9976315305134729,0.9976315305134729,7400143.375,1.0,1,exclude,1,37,35,0.618673,0.008167,0.9999,ok,0.0037308853980027035,1.1696318918503363,0.999983994228383,35,-0.0892857142857143,-4.866645688194496e-05,1,500000.0,2023-01_2025-06
4,C4 Hybrid + régime,2025-03,2025-03-28,P_selected,CMT,0.0004902148060372775,NEUTRAL,0.14492379981980952,0.14492379981980952,0.07246189990990476,955611.55,0.9999875001923263,1,exclude,1,37,35,0.618673,0.008167,0.9999,ok,0.0037308853980027035,1.1696318918503363,0.999983994228383,35,-0.05794871794871792,-2.8407319529339658e-05,1,500000.0,2023-01_2025-06
4,C4 Hybrid + régime,2025-03,2025-03-28,P_selected,ADH,0.00023031464082833825,BUY,1.6077208369733862,1.6077208369733862,1.6077208369733862,21441931.4345,1.0,1,exclude,1,37,35,0.618673,0.008167,0.9999,ok,0.0037308853980027035,1.1696318918503363,0.999983994228383,35,-0.16410706450197454,-3.7796259618165204e-05,1,500000.0,2023-01_2025-06
4,C4 Hybrid + régime,2025-03,2025-03-28,P_selected,SID,0.0001972290176565028,BUY,1.558381866115451,1.558381866115451,1.558381866115451,13314217.6,1.0,1,exclude,1,37,35,0.618673,0.008167,0.9999,ok,0.0037308853980027035,1.1696318918503363,0.999983994228383,35,0.10526315789473695,2.0760949227000314e-05,1,500000.0,2023-01_2025-06
4,C4 Hybrid + régime,2025-04,2025-04-30,P_selected,BOA,0.18212305458712322,NEUTRAL,0.12571469623144468,0.12571469623144468,0.06285734811572234,18157454.18,1.0,1,exclude,1,36,30,0.561113,0.011371,0.9993,ok,0.015537070635841088,1.2640156387589447,0.9999074964346295,30,0.053097345132743445,0.009670250686041956,1,500000.0,2023-01_2025-06
4,C4 Hybrid + régime,2025-04,2025-04-30,P_selected,CSR,0.1482880617865717,NEUTRAL,-0.02427964945736799,-0.02427964945736799,-0.012139824728683996,11843323.540000001,1.0,1,exclude,1,36,30,0.561113,0.011371,0.9993,ok,0.015537070635841088,1.2640156387589447,0.9999074964346295,30,-0.03361344537815125,-0.004984472665094846,1,500000.0,2023-01_2025-06
4,C4 Hybrid + régime,2025-04,2025-04-30,P_selected,MNG,0.0727187852779877,BUY,0.8596111757842726,0.8596111757842726,0.8596111757842726,12771294.2,1.0,1,exclude,1,36,30,0.561113,0.011371,0.9993,ok,0.015537070635841088,1.2640156387589447,0.9999074964346295,30,0.0372549019607844,0.002709131216238764,1,500000.0,2023-01_2025-06
4,C4 Hybrid + régime,2025-04,2025-04-30,P_selected,AKT,0.07190590025369992,BUY,0.3981554121028122,0.3981554121028122,0.3981554121028122,89425939.25,1.0,1,exclude,1,36,30,0.561113,0.011371,0.9993,ok,0.015537070635841088,1.2640156387589447,0.9999074964346295,30,-0.010273972602739767,-0.0007387592491818514,1,500000.0,2023-01_2025-06
4,C4 Hybrid + régime,2025-04,2025-04-30,P_selected,SRM,0.057438154878252545,BUY,2.006400669325062,2.006400669325062,2.006400669325062,528251.6475,0.9884793464143106,1,exclude,1,36,30,0.561113,0.011371,0.9993,ok,0.015537070635841088,1.2640156387589447,0.9999074964346295,30,-0.07206928549334979,-0.004139526782132024,1,500000.0,2023-01_2025-06
4,C4 Hybrid + régime,2025-04,2025-04-30,P_selected,S2M,0.05630592740172663,BUY,2.603690082824428,2.603690082824428,2.603690082824428,3274747.2249999996,1.0,1,exclude,1,36,30,0.561113,0.011371,0.9993,ok,0.015537070635841088,1.2640156387589447,0.9999074964346295,30,-0.05150554675118857,-0.0029000675761586604,1,500000.0,2023-01_2025-06
4,C4 Hybrid + régime,2025-04,2025-04-30,P_selected,TMA,0.055590257182254084,NEUTRAL,0.10041201260799139,0.10041201260799139,0.050206006303995694,7444221.15,1.0,1,exclude,1,36,30,0.561113,0.011371,0.9993,ok,0.015537070635841088,1.2640156387589447,0.9999074964346295,30,0.03200000000000003,0.0017788882298321322,1,500000.0,2023-01_2025-06
4,C4 Hybrid + régime,2025-04,2025-04-30,P_selected,ATH,0.054338358711677574,BUY,0.28526835516413496,0.28526835516413496,0.28526835516413496,1815019.193,0.9999999999866607,1,exclude,1,36,30,0.561113,0.011371,0.9993,ok,0.015537070635841088,1.2640156387589447,0.9999074964346295,30,0.0128571428571429,0.000698636040578714,1,500000.0,2023-01_2025-06
4,C4 Hybrid + régime,2025-04,2025-04-30,P_selected,SBM,0.04257281561850001,NEUTRAL,-0.19675650845377538,-0.19675650845377538,-0.09837825422688769,1068319.0,0.9999979406209638,1,exclude,1,36,30,0.561113,0.011371,0.9993,ok,0.015537070635841088,1.2640156387589447,0.9999074964346295,30,0.044273339749759444,0.0018848407299817162,1,500000.0,2023-01_2025-06
4,C4 Hybrid + régime,2025-04,2025-04-30,P_selected,CMG,0.04060324908555772,NEUTRAL,0.20123699636238074,0.20123699636238074,0.10061849818119037,7520290.589999999,1.0,1,exclude,1,36,30,0.561113,0.011371,0.9993,ok,0.015537070635841088,1.2640156387589447,0.9999074964346295,30,0.06962025316455689,0.0028268084806400916,1,500000.0,2023-01_2025-06
4,C4 Hybrid + régime,2025-04,2025-04-30,P_selected,FBR,0.03329921149327661,BUY,2.166071260352666,2.166071260352666,2.166071260352666,1161091.0175,0.9999995332428551,1,exclude,1,36,30,0.561113,0.011371,0.9993,ok,0.015537070635841088,1.2640156387589447,0.9999074964346295,30,0.03157894736842115,0.0010515540471561066,1,500000.0,2023-01_2025-06
4,C4 Hybrid + régime,2025-04,2025-04-30,P_selected,MUT,0.030813227691616946,BUY,0.37235060133668185,0.37235060133668185,0.37235060133668185,4187930.2975000003,1.0,1,exclude,1,36,30,0.561113,0.011371,0.9993,ok,0.015537070635841088,1.2640156387589447,0.9999074964346295,30,-0.039029189898327266,-0.0012026153149565142,1,500000.0,2023-01_2025-06
4,C4 Hybrid + régime,2025-04,2025-04-30,P_selected,SID,0.02700040540165017,BUY,1.4358666281114303,1.4358666281114303,1.4358666281114303,14517901.05,1.0,1,exclude,1,36,30,0.561113,0.011371,0.9993,ok,0.015537070635841088,1.2640156387589447,0.9999074964346295,30,0.1880952380952381,0.005078647682691341,1,500000.0,2023-01_2025-06
4,C4 Hybrid + régime,2025-04,2025-04-30,P_selected,CFG,0.019702614227134003,NEUTRAL,0.20461642724951778,0.20461642724951778,0.10230821362475889,7819518.352500001,1.0,1,exclude,1,36,30,0.561113,0.011371,0.9993,ok,0.015537070635841088,1.2640156387589447,0.9999074964346295,30,0.039755351681957096,0.0007832843576536435,1,500000.0,2023-01_2025-06
4,C4 Hybrid + régime,2025-04,2025-04-30,P_selected,BCI,0.017267609547579124,NEUTRAL,0.09951538659626732,0.09951538659626732,0.04975769329813366,3613811.9899999998,1.0,1,exclude,1,36,30,0.561113,0.011371,0.9993,ok,0.015537070635841088,1.2640156387589447,0.9999074964346295,30,-0.010600706713780883,-0.00018304886446196889,1,500000.0,2023-01_2025-06
4,C4 Hybrid + régime,2025-04,2025-04-30,P_selected,RIS,0.01652508041871097,NEUTRAL,0.18065907840908565,0.18065907840908565,0.09032953920454283,1843524.1774999998,0.9999999999915461,1,exclude,1,36,30,0.561113,0.011371,0.9993,ok,0.015537070635841088,1.2640156387589447,0.9999074964346295,30,0.10855263157894735,0.0017938409665048088,1,500000.0,2023-01_2025-06
4,C4 Hybrid + régime,2025-04,2025-04-30,P_selected,JET,0.016421045510518775,BUY,1.667383049401836,1.667383049401836,1.667383049401836,18997465.15,1.0,1,exclude,1,36,30,0.561113,0.011371,0.9993,ok,0.015537070635841088,1.2640156387589447,0.9999074964346295,30,0.032258064516129004,0.0005297111455006051,1,500000.0,2023-01_2025-06
4,C4 Hybrid + régime,2025-04,2025-04-30,P_selected,SOT,0.01584180658281136,NEUTRAL,0.14415761675395314,0.14415761675395314,0.07207880837697657,2642072.95,1.0,1,exclude,1,36,30,0.561113,0.011371,0.9993,ok,0.015537070635841088,1.2640156387589447,0.9999074964346295,30,0.15651503469545114,0.0024794809069473467,1,500000.0,2023-01_2025-06
4,C4 Hybrid + régime,2025-04,2025-04-30,P_selected,CMT,0.011915673072755309,NEUTRAL,0.16855549628112637,0.16855549628112637,0.08427774814056319,1613564.85,0.9999999996650493,1,exclude,1,36,30,0.561113,0.011371,0.9993,ok,0.015537070635841088,1.2640156387589447,0.9999074964346295,30,0.005376344086021501,6.406275845567364e-05,1,500000.0,2023-01_2025-06
4,C4 Hybrid + régime,2025-04,2025-04-30,P_selected,MSA,0.010621966917211784,NEUTRAL,0.22512414697691144,0.22512414697691144,0.11256207348845572,50689804.875,1.0,1,exclude,1,36,30,0.561113,0.011371,0.9993,ok,0.015537070635841088,1.2640156387589447,0.9999074964346295,30,0.06325706594885605,0.0006719144617886331,1,500000.0,2023-01_2025-06
4,C4 Hybrid + régime,2025-04,2025-04-30,P_selected,LBV,0.008723877284057638,NEUTRAL,0.13249012278292624,0.13249012278292624,0.06624506139146312,25683203.1,1.0,1,exclude,1,36,30,0.561113,0.011371,0.9993,ok,0.015537070635841088,1.2640156387589447,0.9999074964346295,30,0.04651162790697683,0.00040576173414221645,1,500000.0,2023-01_2025-06
4,C4 Hybrid + régime,2025-04,2025-04-30,P_selected,LHM,0.004641713501819173,NEUTRAL,-0.11549627291193337,-0.11549627291193337,-0.05774813645596669,8285084.55,1.0,1,exclude,1,36,30,0.561113,0.011371,0.9993,ok,0.015537070635841088,1.2640156387589447,0.9999074964346295,30,0.04729374671571196,0.00021952402268193635,1,500000.0,2023-01_2025-06
4,C4 Hybrid + régime,2025-04,2025-04-30,P_selected,CDM,0.0028990477310954534,NEUTRAL,0.02976071757660145,0.02976071757660145,0.014880358788300725,3530494.05,1.0,1,exclude,1,36,30,0.561113,0.011371,0.9993,ok,0.015537070635841088,1.2640156387589447,0.9999074964346295,30,0.02777777777777768,8.052910364154008e-05,1,500000.0,2023-01_2025-06
4,C4 Hybrid + régime,2025-04,2025-04-30,P_selected,ADI,0.000872395100454041,BUY,1.7808919200012232,1.7808919200012232,1.7808919200012232,22713718.6175,1.0,1,exclude,1,36,30,0.561113,0.011371,0.9993,ok,0.015537070635841088,1.2640156387589447,0.9999074964346295,30,-0.02868852459016391,-2.5027728291714272e-05,1,500000.0,2023-01_2025-06
4,C4 Hybrid + régime,2025-04,2025-04-30,P_selected,SMI,0.00046275947042131885,NEUTRAL,0.1517222343882492,0.1517222343882492,0.0758611171941246,1989353.0,0.9999999999991802,1,exclude,1,36,30,0.561113,0.011371,0.9993,ok,0.015537070635841088,1.2640156387589447,0.9999074964346295,30,-0.002553191489361728,-1.1815135415012516e-06,1,500000.0,2023-01_2025-06
4,C4 Hybrid + régime,2025-04,2025-04-30,P_selected,TGC,0.0003262710134490011,BUY,0.6324248646945312,0.6324248646945312,0.6324248646945312,37316632.05499999,1.0,1,exclude,1,36,30,0.561113,0.011371,0.9993,ok,0.015537070635841088,1.2640156387589447,0.9999074964346295,30,0.20054570259208737,6.543224962756231e-05,1,500000.0,2023-01_2025-06
4,C4 Hybrid + régime,2025-04,2025-04-30,P_selected,ATL,0.00029174794222339346,NEUTRAL,-0.010363444023295754,-0.010363444023295754,-0.005181722011647877,4126468.5925,1.0,1,exclude,1,36,30,0.561113,0.011371,0.9993,ok,0.015537070635841088,1.2640156387589447,0.9999074964346295,30,0.014814814814814836,4.322191736642872e-06,1,500000.0,2023-01_2025-06
4,C4 Hybrid + régime,2025-04,2025-04-30,P_selected,DYT,0.00016081741649371246,BUY,0.9531819717843806,0.9531819717843806,0.9531819717843806,1196268.955,0.9999997341420109,1,exclude,1,36,30,0.561113,0.011371,0.9993,ok,0.015537070635841088,1.2640156387589447,0.9999074964346295,30,-0.03448275862068961,-5.545428154955595e-06,1,500000.0,2023-01_2025-06
4,C4 Hybrid + régime,2025-04,2025-04-30,P_selected,TQM,0.00013309759721925432,BUY,0.4034645040535799,0.4034645040535799,0.4034645040535799,18219816.0,1.0,1,exclude,1,36,30,0.561113,0.011371,0.9993,ok,0.015537070635841088,1.2640156387589447,0.9999074964346295,30,0.2875000000000001,3.826555920053563e-05,1,500000.0,2023-01_2025-06
4,C4 Hybrid + régime,2025-04,2025-04-30,P_selected,CIH,0.00010256373078029144,NEUTRAL,0.023680300506784772,0.023680300506784772,0.011840150253392386,2805989.1875,1.0,1,exclude,1,36,30,0.561113,0.011371,0.9993,ok,0.015537070635841088,1.2640156387589447,0.9999074964346295,30,-0.019559902200488977,-2.0061365433797815e-06,1,500000.0,2023-01_2025-06
4,C4 Hybrid + régime,2025-05,2025-05-30,P_selected,BOA,0.16800934990775748,NEUTRAL,0.0342907176893216,0.0342907176893216,0.0171453588446608,7024782.4825,1.0,1,exclude,1,33,30,0.51435,0.011466,0.9999,ok,0.05747414205283041,0.6246324375875816,0.9999155085818623,30,0.17647058823529416,0.029648708807251328,1,500000.0,2023-01_2025-06
4,C4 Hybrid + régime,2025-05,2025-05-30,P_selected,MNG,0.08523947533888682,BUY,0.949614426929726,0.949614426929726,0.949614426929726,6070304.8,1.0,1,exclude,1,33,30,0.51435,0.011466,0.9999,ok,0.05747414205283041,0.6246324375875816,0.9999155085818623,30,0.0,0.0,1,500000.0,2023-01_2025-06
4,C4 Hybrid + régime,2025-05,2025-05-30,P_selected,EQD,0.07987909331460089,NEUTRAL,0.18558489065272746,0.18558489065272746,0.09279244532636373,923517.8,0.9999791113725627,1,exclude,1,33,30,0.51435,0.011466,0.9999,ok,0.05747414205283041,0.6246324375875816,0.9999155085818623,30,0.19999999999999996,0.015975818662920173,1,500000.0,2023-01_2025-06
4,C4 Hybrid + régime,2025-05,2025-05-30,P_selected,S2M,0.07778445247915199,BUY,1.4506034308368667,1.4506034308368667,1.4506034308368667,684420.8949999999,0.9990429852873827,1,exclude,1,33,30,0.51435,0.011466,0.9999,ok,0.05747414205283041,0.6246324375875816,0.9999155085818623,30,0.039408866995073843,0.0030653971420355427,1,500000.0,2023-01_2025-06
4,C4 Hybrid + régime,2025-05,2025-05-30,P_selected,CSR,0.0641244140708477,NEUTRAL,-0.17399926057396725,-0.17399926057396725,-0.08699963028698363,4587240.37,1.0,1,exclude,1,33,30,0.51435,0.011466,0.9999,ok,0.05747414205283041,0.6246324375875816,0.9999155085818623,30,0.008583690987124415,0.0005504241551145694,1,500000.0,2023-01_2025-06
4,C4 Hybrid + régime,2025-05,2025-05-30,P_selected,TMA,0.061816241786883816,NEUTRAL,-0.027684882321575094,-0.027684882321575094,-0.013842441160787547,7488419.35,1.0,1,exclude,1,33,30,0.51435,0.011466,0.9999,ok,0.05747414205283041,0.6246324375875816,0.9999155085818623,30,-0.07799586776859502,-0.004821411420361288,1,500000.0,2023-01_2025-06
4,C4 Hybrid + régime,2025-05,2025-05-30,P_selected,AKT,0.05409841325044282,BUY,0.2520160832819538,0.2520160832819538,0.2520160832819538,16301656.05,1.0,1,exclude,1,33,30,0.51435,0.011466,0.9999,ok,0.05747414205283041,0.6246324375875816,0.9999155085818623,30,0.0006896551724138167,3.730925051754805e-05,1,500000.0,2023-01_2025-06
4,C4 Hybrid + régime,2025-05,2025-05-30,P_selected,DWY,0.05309670699942805,NEUTRAL,0.15850101040456757,0.15850101040456757,0.07925050520228379,741636.3949999999,0.9996166513778185,1,exclude,1,33,30,0.51435,0.011466,0.9999,ok,0.05747414205283041,0.6246324375875816,0.9999155085818623,30,-0.040000000000000036,-0.0021238682799771236,1,500000.0,2023-01_2025-06
4,C4 Hybrid + régime,2025-05,2025-05-30,P_selected,ATH,0.052135792127867876,BUY,0.440646112951744,0.440646112951744,0.440646112951744,1916332.736,0.9999999999973628,1,exclude,1,33,30,0.51435,0.011466,0.9999,ok,0.05747414205283041,0.6246324375875816,0.9999155085818623,30,0.038594691627131805,0.0020121648199113067,1,500000.0,2023-01_2025-06
4,C4 Hybrid + régime,2025-05,2025-05-30,P_selected,FBR,0.04625384243224421,BUY,2.485303996816952,2.485303996816952,2.485303996816952,939575.5599999999,0.9999838440978368,1,exclude,1,33,30,0.51435,0.011466,0.9999,ok,0.05747414205283041,0.6246324375875816,0.9999155085818623,30,0.37400662251655636,0.017299243386496636,1,500000.0,2023-01_2025-06
4,C4 Hybrid + régime,2025-05,2025-05-30,P_selected,MIC,0.039822887917477755,BUY,0.4496501541401429,0.4496501541401429,0.4496501541401429,845191.45,0.9999268600875737,1,exclude,1,33,30,0.51435,0.011466,0.9999,ok,0.05747414205283041,0.6246324375875816,0.9999155085818623,30,-0.02352941176470591,-0.0009370091274700659,1,500000.0,2023-01_2025-06
4,C4 Hybrid + régime,2025-05,2025-05-30,P_selected,CMG,0.03402390386220114,BUY,0.7362702274204809,0.7362702274204809,0.7362702274204809,9064685.364999998,1.0,1,exclude,1,33,30,0.51435,0.011466,0.9999,ok,0.05747414205283041,0.6246324375875816,0.9999155085818623,30,-0.06694312796208535,-0.0022776665500170204,1,500000.0,2023-01_2025-06
4,C4 Hybrid + régime,2025-05,2025-05-30,P_selected,TGC,0.03321256082663308,BUY,0.9393210083038777,0.9393210083038777,0.9393210083038777,43987244.82,1.0,1,exclude,1,33,30,0.51435,0.011466,0.9999,ok,0.05747414205283041,0.6246324375875816,0.9999155085818623,30,-0.021615472127417545,-0.0007179051828282471,1,500000.0,2023-01_2025-06
4,C4 Hybrid + régime,2025-05,2025-05-30,P_selected,BCI,0.02816020654384745,NEUTRAL,-0.1955288922375675,-0.1955288922375675,-0.09776444611878375,1462316.3799999997,0.9999999962332831,1,exclude,1,33,30,0.51435,0.011466,0.9999,ok,0.05747414205283041,0.6246324375875816,0.9999155085818623,30,0.11981063364894373,0.0033738921897034945,1,500000.0,2023-01_2025-06
4,C4 Hybrid + régime,2025-05,2025-05-30,P_selected,LBV,0.02513477295037277,BUY,0.3361273769327962,0.3361273769327962,0.3361273769327962,21415882.05,1.0,1,exclude,1,33,30,0.51435,0.011466,0.9999,ok,0.05747414205283041,0.6246324375875816,0.9999155085818623,30,-0.0430622009569378,-0.0010823586437959567,1,500000.0,2023-01_2025-06
4,C4 Hybrid + régime,2025-05,2025-05-30,P_selected,CDM,0.023857915831137774,NEUTRAL,-0.0004778967829759395,-0.0004778967829759395,-0.00023894839148796976,5271587.35,1.0,1,exclude,1,33,30,0.51435,0.011466,0.9999,ok,0.05747414205283041,0.6246324375875816,0.9999155085818623,30,0.022831050228310446,0.0005447012746835094,1,500000.0,2023-01_2025-06
4,C4 Hybrid + régime,2025-05,2025-05-30,P_selected,RIS,0.017305814781865384,NEUTRAL,0.11798896539402476,0.11798896539402476,0.05899448269701238,1320001.765,0.9999999632830845,1,exclude,1,33,30,0.51435,0.011466,0.9999,ok,0.05747414205283041,0.6246324375875816,0.9999155085818623,30,0.00591715976331364,0.00010240127089861227,1,500000.0,2023-01_2025-06
4,C4 Hybrid + régime,2025-05,2025-05-30,P_selected,SID,0.01703435934270821,BUY,1.8097228141840649,1.8097228141840649,1.8097228141840649,7997719.5,1.0,1,exclude,1,33,30,0.51435,0.011466,0.9999,ok,0.05747414205283041,0.6246324375875816,0.9999155085818623,30,0.022044088176352616,0.0003755069193783358,1,500000.0,2023-01_2025-06
4,C4 Hybrid + régime,2025-05,2025-05-30,P_selected,SOT,0.01666628269296334,BUY,0.4576720581856786,0.4576720581856786,0.4576720581856786,3893552.45,1.0,1,exclude,1,33,30,0.51435,0.011466,0.9999,ok,0.05747414205283041,0.6246324375875816,0.9999155085818623,30,-0.04096228868660601,-0.0006826890830017498,1,500000.0,2023-01_2025-06
4,C4 Hybrid + régime,2025-05,2025-05-30,P_selected,JET,0.014103041491389733,BUY,2.2414008647611507,2.2414008647611507,2.2414008647611507,18433017.2,1.0,1,exclude,1,33,30,0.51435,0.011466,0.9999,ok,0.05747414205283041,0.6246324375875816,0.9999155085818623,30,-0.09140518417462484,-0.0012890911049428543,1,500000.0,2023-01_2025-06
4,C4 Hybrid + régime,2025-05,2025-05-30,P_selected,MUT,0.0023961500589248274,BUY,0.2981706138615147,0.2981706138615147,0.2981706138615147,2958387.6725,1.0,1,exclude,1,33,30,0.51435,0.011466,0.9999,ok,0.05747414205283041,0.6246324375875816,0.9999155085818623,30,-0.006565656565656552,-1.5732298366678126e-05,1,500000.0,2023-01_2025-06
4,C4 Hybrid + régime,2025-05,2025-05-30,P_selected,HPS,0.0019106320941595098,NEUTRAL,-0.04175726248094805,-0.04175726248094805,-0.020878631240474024,6033217.15,1.0,1,exclude,1,33,30,0.51435,0.011466,0.9999,ok,0.05747414205283041,0.6246324375875816,0.9999155085818623,30,0.02473498233215543,4.725945109228461e-05,1,500000.0,2023-01_2025-06
4,C4 Hybrid + régime,2025-05,2025-05-30,P_selected,TQM,0.0011435720800018283,BUY,0.7906785727043874,0.7906785727043874,0.7906785727043874,20907903.1,1.0,1,exclude,1,33,30,0.51435,0.011466,0.9999,ok,0.05747414205283041,0.6246324375875816,0.9999155085818623,30,-0.08196721311475408,-9.373541639359247e-05,1,500000.0,2023-01_2025-06
4,C4 Hybrid + régime,2025-05,2025-05-30,P_selected,CFG,0.0007319133709434921,BUY,0.2727109097893712,0.2727109097893712,0.2727109097893712,8310008.505000001,1.0,1,exclude,1,33,30,0.51435,0.011466,0.9999,ok,0.05747414205283041,0.6246324375875816,0.9999155085818623,30,-0.033816425120772986,-2.4750693703403143e-05,1,500000.0,2023-01_2025-06
4,C4 Hybrid + régime,2025-05,2025-05-30,P_selected,ADI,0.0007000160809315015,BUY,2.0636966883949093,2.0636966883949093,2.0636966883949093,17076495.002499998,1.0,1,exclude,1,33,30,0.51435,0.011466,0.9999,ok,0.05747414205283041,0.6246324375875816,0.9999155085818623,30,-0.055666003976143186,-3.896709794449713e-05,1,500000.0,2023-01_2025-06
4,C4 Hybrid + régime,2025-05,2025-05-30,P_selected,CMT,0.0004515140889033374,NEUTRAL,0.08572515656578711,0.08572515656578711,0.042862578282893554,1099009.4,0.9999987396885189,1,exclude,1,33,30,0.51435,0.011466,0.9999,ok,0.05747414205283041,0.6246324375875816,0.9999155085818623,30,0.267379679144385,0.00012072569222014368,1,500000.0,2023-01_2025-06
4,C4 Hybrid + régime,2025-05,2025-05-30,P_selected,SNP,0.000327574852188349,BUY,0.4859196423008466,0.4859196423008466,0.4859196423008466,2363377.03,0.999999999999998,1,exclude,1,33,30,0.51435,0.011466,0.9999,ok,0.05747414205283041,0.6246324375875816,0.9999155085818623,30,-0.07244623655913973,-2.373156523246236e-05,1,500000.0,2023-01_2025-06
4,C4 Hybrid + régime,2025-05,2025-05-30,P_selected,DHO,0.00021954924204587662,BUY,0.8896485479420024,0.8896485479420024,0.8896485479420024,16194570.0795,1.0,1,exclude,1,33,30,0.51435,0.011466,0.9999,ok,0.05747414205283041,0.6246324375875816,0.9999155085818623,30,-0.0037359900373599153,-8.202337809933157e-07,1,500000.0,2023-01_2025-06
4,C4 Hybrid + régime,2025-05,2025-05-30,P_selected,SMI,0.0001554445313692237,NEUTRAL,-0.08791671655221248,-0.08791671655221248,-0.04395835827610624,1006904.5,0.9999944984324739,1,exclude,1,33,30,0.51435,0.011466,0.9999,ok,0.05747414205283041,0.6246324375875816,0.9999155085818623,30,0.04691572545612521,7.292792957374543e-06,1,500000.0,2023-01_2025-06
4,C4 Hybrid + régime,2025-05,2025-05-30,P_selected,RDS,0.00011961423368606239,BUY,0.9298076582635606,0.9298076582635606,0.9298076582635606,6781603.391,1.0,1,exclude,1,33,30,0.51435,0.011466,0.9999,ok,0.05747414205283041,0.6246324375875816,0.9999155085818623,30,0.20307988450433112,2.429124476203962e-05,1,500000.0,2023-01_2025-06
4,C4 Hybrid + régime,2025-06,2025-06-30,P_selected,BOA,0.16546829731285648,NEUTRAL,-0.029353258617035412,-0.029353258617035412,-0.014676629308517706,37162078.075,1.0,1,exclude,1,35,27,0.488539,0.011902,0.9997,ok,-0.004929171506410257,0.6453878357262467,0.9999828666605528,27,-0.25330882352941175,-0.0419145797237346,1,500000.0,2023-01_2025-06
4,C4 Hybrid + régime,2025-06,2025-06-30,P_selected,ARD,0.11571796834007267,BUY,0.5299884787952114,0.5299884787952114,0.5299884787952114,1942854.0150000001,0.9999999999982747,1,exclude,1,35,27,0.488539,0.011902,0.9997,ok,-0.004929171506410257,0.6453878357262467,0.9999828666605528,27,-0.04391304347826086,-0.005081528174933625,1,500000.0,2023-01_2025-06
4,C4 Hybrid + régime,2025-06,2025-06-30,P_selected,CSR,0.10349208877647045,NEUTRAL,-0.21176616234324444,-0.21176616234324444,-0.10588308117162222,4633836.7225,1.0,1,exclude,1,35,27,0.488539,0.011902,0.9997,ok,-0.004929171506410257,0.6453878357262467,0.9999828666605528,27,-0.22375397667020147,-0.02315676641764079,1,500000.0,2023-01_2025-06
4,C4 Hybrid + régime,2025-06,2025-06-30,P_selected,AFI,0.1011059916358495,BUY,0.936669916066115,0.936669916066115,0.936669916066115,621474.575,0.9973842707703422,1,exclude,1,35,27,0.488539,0.011902,0.9997,ok,-0.004929171506410257,0.6453878357262467,0.9999828666605528,27,0.03571428571428581,0.0036109282727089203,1,500000.0,2023-01_2025-06
4,C4 Hybrid + régime,2025-06,2025-06-30,P_selected,MNG,0.0758878698081047,BUY,0.6129973518685401,0.6129973518685401,0.6129973518685401,7154653.15,1.0,1,exclude,1,35,27,0.488539,0.011902,0.9997,ok,-0.004929171506410257,0.6453878357262467,0.9999828666605528,27,1.8006859756097562,0.13665022288235318,1,500000.0,2023-01_2025-06
4,C4 Hybrid + régime,2025-06,2025-06-30,P_selected,S2M,0.06855176006011007,BUY,1.5638768255366224,1.5638768255366224,1.5638768255366224,1125743.47,0.9999991783048232,1,exclude,1,35,27,0.488539,0.011902,0.9997,ok,-0.004929171506410257,0.6453878357262467,0.9999828666605528,27,-0.12068965517241381,-0.008273488283116734,1,500000.0,2023-01_2025-06
4,C4 Hybrid + régime,2025-06,2025-06-30,P_selected,FBR,0.059694707929829185,BUY,2.434628424956375,2.434628424956375,2.434628424956375,2861645.0799999996,1.0,1,exclude,1,35,27,0.488539,0.011902,0.9997,ok,-0.004929171506410257,0.6453878357262467,0.9999828666605528,27,-0.3547326906222611,-0.02117566435985833,1,500000.0,2023-01_2025-06
4,C4 Hybrid + régime,2025-06,2025-06-30,P_selected,TMA,0.05652179414574906,NEUTRAL,-0.1786124106632268,-0.1786124106632268,-0.0893062053316134,3993020.15,1.0,1,exclude,1,35,27,0.488539,0.011902,0.9997,ok,-0.004929171506410257,0.6453878357262467,0.9999828666605528,27,-0.101123595505618,-0.0057156870484465355,1,500000.0,2023-01_2025-06
4,C4 Hybrid + régime,2025-06,2025-06-30,P_selected,AKT,0.04829936840779421,BUY,0.22942311775378865,0.22942311775378865,0.22942311775378865,19644666.45,1.0,1,exclude,1,35,27,0.488539,0.011902,0.9997,ok,-0.004929171506410257,0.6453878357262467,0.9999828666605528,27,-0.17903335602450643,-0.00864719801991142,1,500000.0,2023-01_2025-06
4,C4 Hybrid + régime,2025-06,2025-06-30,P_selected,ATH,0.04283201137662031,BUY,0.4160643356571837,0.4160643356571837,0.4160643356571837,1095306.1835,0.9999986627566618,1,exclude,1,35,27,0.488539,0.011902,0.9997,ok,-0.004929171506410257,0.6453878357262467,0.9999828666605528,27,-0.09408805031446543,-0.004029980441473208,1,500000.0,2023-01_2025-06
4,C4 Hybrid + régime,2025-06,2025-06-30,P_selected,EQD,0.03379330188861636,NEUTRAL,0.10442496513056661,0.10442496513056661,0.052212482565283304,835199.9,0.9999141822092419,1,exclude,1,35,27,0.488539,0.011902,0.9997,ok,-0.004929171506410257,0.6453878357262467,0.9999828666605528,27,0.10952380952380958,0.0037011711592294127,1,500000.0,2023-01_2025-06
4,C4 Hybrid + régime,2025-06,2025-06-30,P_selected,CMG,0.02627705821429337,NEUTRAL,0.026135790618348316,0.026135790618348316,0.013067895309174158,5977554.67,1.0,1,exclude,1,35,27,0.488539,0.011902,0.9997,ok,-0.004929171506410257,0.6453878357262467,0.9999828666605528,27,0.15512820512820502,0.004076312876832687,1,500000.0,2023-01_2025-06
4,C4 Hybrid + régime,2025-06,2025-06-30,P_selected,CDM,0.02338452864247961,BUY,0.6175629200732322,0.6175629200732322,0.6175629200732322,11199656.0,1.0,1,exclude,1,35,27,0.488539,0.011902,0.9997,ok,-0.004929171506410257,0.6453878357262467,0.9999828666605528,27,-0.0855323020928116,-0.0020001325681465714,1,500000.0,2023-01_2025-06
4,C4 Hybrid + régime,2025-06,2025-06-30,P_selected,CFG,0.021099338208291803,BUY,0.529231113977233,0.529231113977233,0.529231113977233,4551682.8175,1.0,1,exclude,1,35,27,0.488539,0.011902,0.9997,ok,-0.004929171506410257,0.6453878357262467,0.9999828666605528,27,-0.09292035398230092,-0.0019605579751067613,1,500000.0,2023-01_2025-06
4,C4 Hybrid + régime,2025-06,2025-06-30,P_selected,ATL,0.01769067492498851,NEUTRAL,0.054935268955870975,0.054935268955870975,0.027467634477935488,5286162.535,1.0,1,exclude,1,35,27,0.488539,0.011902,0.9997,ok,-0.004929171506410257,0.6453878357262467,0.9999828666605528,27,-0.08450704225352113,-0.0014949866133793107,1,500000.0,2023-01_2025-06
4,C4 Hybrid + régime,2025-06,2025-06-30,P_selected,MUT,0.011451907509653424,BUY,0.3178037556502502,0.3178037556502502,0.3178037556502502,5967187.999999999,1.0,1,exclude,1,35,27,0.488539,0.011902,0.9997,ok,-0.004929171506410257,0.6453878357262467,0.9999828666605528,27,-0.18454204971058896,-0.002113358484927529,1,500000.0,2023-01_2025-06
4,C4 Hybrid + régime,2025-06,2025-06-30,P_selected,LBV,0.00857066282720789,NEUTRAL,0.05010311120841523,0.05010311120841523,0.025051555604207614,15097103.35,1.0,1,exclude,1,35,27,0.488539,0.011902,0.9997,ok,-0.004929171506410257,0.6453878357262467,0.9999828666605528,27,-0.1123595505617978,-0.0009629958232817859,1,500000.0,2023-01_2025-06
4,C4 Hybrid + régime,2025-06,2025-06-30,P_selected,TGC,0.006516933028063593,BUY,0.3706651874604885,0.3706651874604885,0.3706651874604885,37492644.615,1.0,1,exclude,1,35,27,0.488539,0.011902,0.9997,ok,-0.004929171506410257,0.6453878357262467,0.9999828666605528,27,-0.1238636363636364,-0.0008072110227942407,1,500000.0,2023-01_2025-06
4,C4 Hybrid + régime,2025-06,2025-06-30,P_selected,CMT,0.005901454586892368,BUY,0.5124318634482538,0.5124318634482538,0.5124318634482538,2982476.6,1.0,1,exclude,1,35,27,0.488539,0.011902,0.9997,ok,-0.004929171506410257,0.6453878357262467,0.9999828666605528,27,1.0714900947459087,0.006323350134447981,1,500000.0,2023-01_2025-06
4,C4 Hybrid + régime,2025-06,2025-06-30,P_selected,BCI,0.005808891875938912,NEUTRAL,-0.05923189113973751,-0.05923189113973751,-0.029615945569868754,3773954.8599999994,1.0,1,exclude,1,35,27,0.488539,0.011902,0.9997,ok,-0.004929171506410257,0.6453878357262467,0.9999828666605528,27,-0.048400328137817916,-0.000281152272912548,1,500000.0,2023-01_2025-06
4,C4 Hybrid + régime,2025-06,2025-06-30,P_selected,ADI,0.0005906024304722703,BUY,1.738546890512032,1.738546890512032,1.738546890512032,25074011.71,1.0,1,exclude,1,35,27,0.488539,0.011902,0.9997,ok,-0.004929171506410257,0.6453878357262467,0.9999828666605528,27,-0.12757201646090532,-7.534434298205917e-05,1,500000.0,2023-01_2025-06
4,C4 Hybrid + régime,2025-06,2025-06-30,P_selected,CIH,0.0004086519791171338,NEUTRAL,-0.013672451211126743,-0.013672451211126743,-0.006836225605563372,3604032.0725000002,1.0,1,exclude,1,35,27,0.488539,0.011902,0.9997,ok,-0.004929171506410257,0.6453878357262467,0.9999828666605528,27,-0.12653160257187912,-5.170738981186102e-05,1,500000.0,2023-01_2025-06
4,C4 Hybrid + régime,2025-06,2025-06-30,P_selected,SID,0.00023305852384600752,BUY,0.7412973605365573,0.7412973605365573,0.7412973605365573,5712427.35,1.0,1,exclude,1,35,27,0.488539,0.011902,0.9997,ok,-0.004929171506410257,0.6453878357262467,0.9999828666605528,27,-0.140625,-3.277385491584481e-05,1,500000.0,2023-01_2025-06
4,C4 Hybrid + régime,2025-06,2025-06-30,P_selected,TQM,0.00022253396573177915,NEUTRAL,0.18809880953711502,0.18809880953711502,0.09404940476855751,10620135.5,1.0,1,exclude,1,35,27,0.488539,0.011902,0.9997,ok,-0.004929171506410257,0.6453878357262467,0.9999828666605528,27,-0.38245614035087716,-8.510948163075061e-05,1,500000.0,2023-01_2025-06
4,C4 Hybrid + régime,2025-06,2025-06-30,P_selected,RIS,0.00020344662601257262,NEUTRAL,0.1604836757628355,0.1604836757628355,0.08024183788141775,1031681.5225000002,0.9999962990020594,1,exclude,1,35,27,0.488539,0.011902,0.9997,ok,-0.004929171506410257,0.6453878357262467,0.9999828666605528,27,-0.051191526919682206,-1.041474343224113e-05,1,500000.0,2023-01_2025-06
4,C4 Hybrid + régime,2025-06,2025-06-30,P_selected,SNP,0.0001353166023233219,BUY,0.2697729054425449,0.2697729054425449,0.2697729054425449,3374089.925,1.0,1,exclude,1,35,27,0.488539,0.011902,0.9997,ok,-0.004929171506410257,0.6453878357262467,0.9999828666605528,27,-0.45738677470698885,-6.189202430097244e-05,1,500000.0,2023-01_2025-06
4,C4 Hybrid + régime,2025-06,2025-06-30,P_selected,ADH,0.00012264703316703515,BUY,1.152227242127395,1.152227242127395,1.152227242127395,16975340.394,1.0,1,exclude,1,35,27,0.488539,0.011902,0.9997,ok,-0.004929171506410257,0.6453878357262467,0.9999828666605528,27,-0.126027397260274,-1.5456886371735943e-05,1,500000.0,2023-01_2025-06
