cell,mois,date_rebalance,sol_id,is_selected,is_knee,ticker,weight,recommendation,score_opt,liquidity_vmq_20j,L_sigmoid,month,portfolio,liquidity_L_weighted
4,2018-07,2018-07-31,18,False,False,JET,0.16192618230549372,BUY,4.124110251481176,1056941.62,0.9999975294466167,2018-07,P_selected_maxalpha_constrained,0.3894
4,2018-07,2018-07-31,18,False,False,DRI,0.07812185892336233,BUY,0.9123789557121597,24018.2,0.026193309466106974,2018-07,P_selected_maxalpha_constrained,0.3894
4,2018-07,2018-07-31,18,False,False,HPS,0.07129440193414667,BUY,0.1986563840627446,71143.80999999981,0.05407972003485135,2018-07,P_selected_maxalpha_constrained,0.3894
4,2018-07,2018-07-31,18,False,False,EQD,0.06543736094707686,BUY,0.2501482047994628,2113.9,0.01859344689077907,2018-07,P_selected_maxalpha_constrained,0.3894
4,2018-07,2018-07-31,18,False,False,COL,0.06181873320160111,BUY,0.31193208132157263,426211.73250000004,0.9437145525420022,2018-07,P_selected_maxalpha_constrained,0.3894
4,2018-07,2018-07-31,18,False,False,CTM,0.06148489303213851,BUY,0.3993473060796383,39529.35,0.03332577579355919,2018-07,P_selected_maxalpha_constrained,0.3894
4,2018-07,2018-07-31,18,False,False,S2M,0.05233445514922158,BUY,0.3392037959232368,9510.8,0.020880720583514163,2018-07,P_selected_maxalpha_constrained,0.3894
4,2018-07,2018-07-31,18,False,False,LBV,0.04927607860153644,BUY,0.41628093599868116,686098.6,0.9990683093555535,2018-07,P_selected_maxalpha_constrained,0.3894
4,2018-07,2018-07-31,18,False,False,ATL,0.04773923857647379,BUY,0.1430980705829882,357179.41000000003,0.8474669516073305,2018-07,P_selected_maxalpha_constrained,0.3894
4,2018-07,2018-07-31,18,False,False,SOT,0.04700521585830295,BUY,0.13676234315091473,812.25,0.01821719820937452,2018-07,P_selected_maxalpha_constrained,0.3894
4,2018-07,2018-07-31,18,False,False,BAL,0.04693188749896237,NEUTRAL,-0.026737216436325317,0.0,0.01798620996209156,2018-07,P_selected_maxalpha_constrained,0.3894
4,2018-07,2018-07-31,18,False,False,GAZ,0.03966341912640219,NEUTRAL,0.01274211520137588,268044.0,0.5716788211108534,2018-07,P_selected_maxalpha_constrained,0.3894
4,2018-07,2018-07-31,18,False,False,M2M,0.03553054824563247,BUY,0.37213912333978405,12650.622500000001,0.021932909534472442,2018-07,P_selected_maxalpha_constrained,0.3894
4,2018-07,2018-07-31,18,False,False,TQM,0.030503994011999703,BUY,0.21668466619419025,1811913.0,0.999999999985981,2018-07,P_selected_maxalpha_constrained,0.3894
4,2018-07,2018-07-31,18,False,False,RDS,0.028615199089382436,BUY,0.1012364510908154,52290.69,0.04056850226326277,2018-07,P_selected_maxalpha_constrained,0.3894
4,2018-07,2018-07-31,18,False,False,RIS,0.023588125607605377,BUY,0.3047057926672231,76117.2725000001,0.05829785994543916,2018-07,P_selected_maxalpha_constrained,0.3894
4,2018-07,2018-07-31,18,False,False,CIH,0.017684037579059637,BUY,0.14831335186680544,223895.5125,0.3970740019534859,2018-07,P_selected_maxalpha_constrained,0.3894
4,2018-07,2018-07-31,18,False,False,MIC,0.015509565721111486,BUY,0.3144763595501789,61544.357500000006,0.04673986989845904,2018-07,P_selected_maxalpha_constrained,0.3894
4,2018-07,2018-07-31,18,False,False,MDP,0.013094275494756972,BUY,0.33023796651738924,5449.359500000092,0.01959271539945556,2018-07,P_selected_maxalpha_constrained,0.3894
4,2018-07,2018-07-31,18,False,False,DWY,0.011337319706598636,BUY,0.35701419815564456,44662.99249999963,0.03607573950582562,2018-07,P_selected_maxalpha_constrained,0.3894
4,2018-07,2018-07-31,18,False,False,FBR,0.010430070898257517,BUY,0.1196681549084544,22089.581500000022,0.0254176130818299,2018-07,P_selected_maxalpha_constrained,0.3894
4,2018-07,2018-07-31,18,False,False,DHO,0.0092744225230601,NEUTRAL,0.03256367471817225,64475.19700000009,0.04887419245635132,2018-07,P_selected_maxalpha_constrained,0.3894
4,2018-07,2018-07-31,18,False,False,SID,0.008129343922349725,BUY,0.6683043662227126,128754.25999999998,0.1256553447962296,2018-07,P_selected_maxalpha_constrained,0.3894
4,2018-07,2018-07-31,18,False,False,SRM,0.008020043821681946,BUY,0.25599573718820756,4011.3,0.019155591211587174,2018-07,P_selected_maxalpha_constrained,0.3894
4,2018-07,2018-07-31,18,False,False,MOX,0.002218901290438363,BUY,0.2646122305317541,7329.164999999999,0.02017888299544964,2018-07,P_selected_maxalpha_constrained,0.3894
4,2018-07,2018-07-31,18,False,False,NKL,0.0011500227275093517,NEUTRAL,-0.022250268203956813,1407.833,0.018388418190039276,2018-07,P_selected_maxalpha_constrained,0.3894
4,2018-07,2018-07-31,18,False,False,ALM,0.0010588595815501413,BUY,0.23957422219501961,1514.7,0.018419307295170488,2018-07,P_selected_maxalpha_constrained,0.3894
4,2018-07,2018-07-31,18,False,False,SMI,0.0007643182334988264,NEUTRAL,-0.03745680610998221,329696.7,0.7816225903230185,2018-07,P_selected_maxalpha_constrained,0.3894
4,2018-08,2018-08-31,4,False,False,IMO,0.4,BUY,1.0756957760459493,98628.93900000001,0.08151511568636022,2018-08,P_selected_maxalpha_constrained,0.3342
4,2018-08,2018-08-31,4,False,False,EQD,0.10830163085416386,BUY,2.2091217142612325,87301.8,0.0689346059572337,2018-08,P_selected_maxalpha_constrained,0.3342
4,2018-08,2018-08-31,4,False,False,SLF,0.08085477398516286,BUY,0.1817845832245187,1567046.25,0.9999999992949413,2018-08,P_selected_maxalpha_constrained,0.3342
4,2018-08,2018-08-31,4,False,False,IAM,0.07901483581050153,NEUTRAL,-0.041488247522581186,8413317.717500001,1.0,2018-08,P_selected_maxalpha_constrained,0.3342
4,2018-08,2018-08-31,4,False,False,JET,0.04537586287215887,BUY,0.978814871962117,658458.98,0.9985508728338357,2018-08,P_selected_maxalpha_constrained,0.3342
4,2018-08,2018-08-31,4,False,False,CTM,0.04129484435013374,BUY,0.3119675815481547,67753.68000000001,0.05137113905407706,2018-08,P_selected_maxalpha_constrained,0.3342
4,2018-08,2018-08-31,4,False,False,GAZ,0.03598259050947216,BUY,1.36523757295997,9544.0,0.020891583581168063,2018-08,P_selected_maxalpha_constrained,0.3342
4,2018-08,2018-08-31,4,False,False,COL,0.030482379610856314,BUY,0.24851223705248726,147467.778,0.16239492354138899,2018-08,P_selected_maxalpha_constrained,0.3342
4,2018-08,2018-08-31,4,False,False,LBV,0.028932214942522322,BUY,0.36805100533954443,561520.5,0.9932021511299907,2018-08,P_selected_maxalpha_constrained,0.3342
4,2018-08,2018-08-31,4,False,False,SID,0.023360159113969395,BUY,0.611040435483751,30495.869999999995,0.028970857212644578,2018-08,P_selected_maxalpha_constrained,0.3342
4,2018-08,2018-08-31,4,False,False,TQM,0.014750215690819073,BUY,0.12575257394823866,2464759.95,0.9999999999999996,2018-08,P_selected_maxalpha_constrained,0.3342
4,2018-08,2018-08-31,4,False,False,MIC,0.01373122393413574,BUY,0.8256099213829132,32551.495000000003,0.029910577355310893,2018-08,P_selected_maxalpha_constrained,0.3342
4,2018-08,2018-08-31,4,False,False,HPS,0.011887355997740458,BUY,0.37257702699042605,76757.39999999982,0.0588626902630874,2018-08,P_selected_maxalpha_constrained,0.3342
4,2018-08,2018-08-31,4,False,False,AFM,0.010436769823561884,BUY,0.5588410317214134,357814.75,0.8487763683305605,2018-08,P_selected_maxalpha_constrained,0.3342
4,2018-08,2018-08-31,4,False,False,RDS,0.009877099086124578,NEUTRAL,0.015006889413692145,300092.811,0.6902920422483682,2018-08,P_selected_maxalpha_constrained,0.3342
4,2018-08,2018-08-31,4,False,False,MOX,0.009299622119763139,BUY,0.5227137843370123,2454.4900000000002,0.018693148113017786,2018-08,P_selected_maxalpha_constrained,0.3342
4,2018-08,2018-08-31,4,False,False,DHO,0.008718814528944116,NEUTRAL,-0.008460560729161798,1069196.7925,0.9999979693420633,2018-08,P_selected_maxalpha_constrained,0.3342
4,2018-08,2018-08-31,4,False,False,ATL,0.008153221829053786,BUY,0.2647436959838031,233291.66400000002,0.4335618640966327,2018-08,P_selected_maxalpha_constrained,0.3342
4,2018-08,2018-08-31,4,False,False,SOT,0.007045453041947704,NEUTRAL,-0.009774405860799515,1521.975,0.018421411929384044,2018-08,P_selected_maxalpha_constrained,0.3342
4,2018-08,2018-08-31,4,False,False,SBM,0.006753108118895189,NEUTRAL,0.02725253896077505,675885.0,0.9989030893086733,2018-08,P_selected_maxalpha_constrained,0.3342
4,2018-08,2018-08-31,4,False,False,DWY,0.004905037577517231,BUY,0.3160615966406719,18817.647499999628,0.024152518614815176,2018-08,P_selected_maxalpha_constrained,0.3342
4,2018-08,2018-08-31,4,False,False,S2M,0.00448531677278834,BUY,0.18787906647331865,12896.03,0.02201729898245884,2018-08,P_selected_maxalpha_constrained,0.3342
4,2018-08,2018-08-31,4,False,False,M2M,0.004484424755790297,BUY,0.36674690991071573,10920.375,0.021346831236762013,2018-08,P_selected_maxalpha_constrained,0.3342
4,2018-08,2018-08-31,4,False,False,DRI,0.003557192873113522,BUY,0.570433988773052,5925.3,0.01973952802372057,2018-08,P_selected_maxalpha_constrained,0.3342
4,2018-08,2018-08-31,4,False,False,ALM,0.003275415010240704,BUY,0.13199144071011903,20123.95,0.02465006444452681,2018-08,P_selected_maxalpha_constrained,0.3342
4,2018-08,2018-08-31,4,False,False,RIS,0.0028376712296631127,NEUTRAL,0.01747539360489563,131311.4225000001,0.1302197438337115,2018-08,P_selected_maxalpha_constrained,0.3342
4,2018-08,2018-08-31,4,False,False,MDP,0.0018747063261642454,BUY,0.16767625159965122,7620.750000000093,0.020271331856218117,2018-08,P_selected_maxalpha_constrained,0.3342
4,2018-08,2018-08-31,4,False,False,SRM,0.00018617284721639612,BUY,0.4031663354619842,12.752500000000001,0.017989814215133442,2018-08,P_selected_maxalpha_constrained,0.3342
4,2018-08,2018-08-31,4,False,False,IBC,0.00013214252824502788,BUY,0.16955402340900086,239.09,0.01805390232134267,2018-08,P_selected_maxalpha_constrained,0.3342
4,2018-09,2018-09-28,1,False,False,IAM,0.28018111376796934,BUY,1.4175335999243228,17103122.43,1.0,2018-09,P_selected_maxalpha_constrained,0.5896
4,2018-09,2018-09-28,1,False,False,ALM,0.21827892750969588,BUY,3.35011682797371,86384.0,0.06799804231039802,2018-09,P_selected_maxalpha_constrained,0.5896
4,2018-09,2018-09-28,1,False,False,IMO,0.12182515448853413,BUY,0.10221555315854777,827656.165,0.9999031740451148,2018-09,P_selected_maxalpha_constrained,0.5896
4,2018-09,2018-09-28,1,False,False,PRO,0.06616613601114835,BUY,1.3515996467589355,46190.4,0.03693527375188789,2018-09,P_selected_maxalpha_constrained,0.5896
4,2018-09,2018-09-28,1,False,False,RIS,0.05018087695548143,BUY,0.3536725695990459,676804.0250000001,0.9989190834076922,2018-09,P_selected_maxalpha_constrained,0.5896
4,2018-09,2018-09-28,1,False,False,GAZ,0.04757817381289667,BUY,0.23017358221351333,453132.8,0.9626775969090717,2018-09,P_selected_maxalpha_constrained,0.5896
4,2018-09,2018-09-28,1,False,False,EQD,0.040308430752348544,BUY,0.19955018086373855,164218.0,0.20221429820540454,2018-09,P_selected_maxalpha_constrained,0.5896
4,2018-09,2018-09-28,1,False,False,AFM,0.03786771661078806,BUY,0.26064994816287995,94038.0,0.07618184996963492,2018-09,P_selected_maxalpha_constrained,0.5896
4,2018-09,2018-09-28,1,False,False,MOX,0.033954465625831085,BUY,0.49970049657909105,63.08999999999999,0.018004048082123837,2018-09,P_selected_maxalpha_constrained,0.5896
4,2018-09,2018-09-28,1,False,False,CIH,0.03318576556574478,BUY,0.48855755339622603,718092.045,0.9994413746373076,2018-09,P_selected_maxalpha_constrained,0.5896
4,2018-09,2018-09-28,1,False,False,MIC,0.022118310722654883,BUY,0.39272826792096505,147232.875,0.16188433734348515,2018-09,P_selected_maxalpha_constrained,0.5896
4,2018-09,2018-09-28,1,False,False,JET,0.010125603221684229,BUY,0.15046793768737673,723234.0999999999,0.9994854718344137,2018-09,P_selected_maxalpha_constrained,0.5896
4,2018-09,2018-09-28,1,False,False,SLF,0.008649661923464304,BUY,0.12819839381324535,1604611.0,0.9999999996134563,2018-09,P_selected_maxalpha_constrained,0.5896
4,2018-09,2018-09-28,1,False,False,DWY,0.007596328251960136,BUY,0.5741241277702336,79134.64499999963,0.0610054952942994,2018-09,P_selected_maxalpha_constrained,0.5896
4,2018-09,2018-09-28,1,False,False,LBV,0.0062694456017005126,BUY,0.23969958069017064,1413577.85,0.9999999917845196,2018-09,P_selected_maxalpha_constrained,0.5896
4,2018-09,2018-09-28,1,False,False,SRM,0.004377784907265511,NEUTRAL,0.015549951161446283,312.46500000000003,0.01807472672528341,2018-09,P_selected_maxalpha_constrained,0.5896
4,2018-09,2018-09-28,1,False,False,COL,0.0039692485922455745,NEUTRAL,-0.007578640027115271,13219.4905,0.022129013892023788,2018-09,P_selected_maxalpha_constrained,0.5896
4,2018-09,2018-09-28,1,False,False,REB,0.0032481369544517325,BUY,0.24284697930526022,202.5,0.018043526592878906,2018-09,P_selected_maxalpha_constrained,0.5896
4,2018-09,2018-09-28,1,False,False,SOT,0.001755534126323312,NEUTRAL,0.049598950286874735,63200.225,0.04793458850179124,2018-09,P_selected_maxalpha_constrained,0.5896
4,2018-09,2018-09-28,1,False,False,UMR,0.0015981857771471713,BUY,0.8809267882048994,0.0,0.01798620996209156,2018-09,P_selected_maxalpha_constrained,0.5896
4,2018-09,2018-09-28,1,False,False,CTM,0.00044964400706200633,BUY,0.4856397886834123,59383.96,0.045223663147116795,2018-09,P_selected_maxalpha_constrained,0.5896
4,2018-09,2018-09-28,1,False,False,SID,0.0001436802526949392,BUY,0.2829637144526518,1183699.625,0.9999996749199331,2018-09,P_selected_maxalpha_constrained,0.5896
4,2018-09,2018-09-28,1,False,False,S2M,0.00011623254631928358,BUY,0.353072557178695,36858.9125,0.03197642898624,2018-09,P_selected_maxalpha_constrained,0.5896
4,2018-10,2018-10-31,7,False,False,IMO,0.4,BUY,2.7887991479859537,107167.3135,0.0923458216757201,2018-10,P_selected_maxalpha_constrained,0.2036
4,2018-10,2018-10-31,7,False,False,RIS,0.1187053299381077,BUY,2.187533919438206,130155.77750000008,0.12813976363944693,2018-10,P_selected_maxalpha_constrained,0.2036
4,2018-10,2018-10-31,7,False,False,OUL,0.11527664342125839,BUY,2.0070896743404285,783.25,0.018208901270280017,2018-10,P_selected_maxalpha_constrained,0.2036
4,2018-10,2018-10-31,7,False,False,JET,0.06335740323750362,BUY,0.1085824811131137,326252.49250000005,0.7720705674898696,2018-10,P_selected_maxalpha_constrained,0.2036
4,2018-10,2018-10-31,7,False,False,DWY,0.04695469947625952,BUY,0.25949046762827704,655054.1674999996,0.9984698629751769,2018-10,P_selected_maxalpha_constrained,0.2036
4,2018-10,2018-10-31,7,False,False,MIC,0.042229204019057415,BUY,0.5517512397014966,10117.15,0.021079991735051443,2018-10,P_selected_maxalpha_constrained,0.2036
4,2018-10,2018-10-31,7,False,False,CTM,0.040093637826605404,BUY,0.4831823869503977,48031.3,0.03799740793329496,2018-10,P_selected_maxalpha_constrained,0.2036
4,2018-10,2018-10-31,7,False,False,SID,0.03246503094456614,BUY,1.0719837322927512,421865.92000000004,0.9399051444327732,2018-10,P_selected_maxalpha_constrained,0.2036
4,2018-10,2018-10-31,7,False,False,SRM,0.02332112639470954,BUY,1.6865883977647147,700.0,0.018185103932508558,2018-10,P_selected_maxalpha_constrained,0.2036
4,2018-10,2018-10-31,7,False,False,S2M,0.02265187191220174,BUY,0.1502396201633283,6767.485000000001,0.020001961233160538,2018-10,P_selected_maxalpha_constrained,0.2036
4,2018-10,2018-10-31,7,False,False,AFM,0.022539779648260667,NEUTRAL,0.04327190679706869,127897.7,0.12415734333792758,2018-10,P_selected_maxalpha_constrained,0.2036
4,2018-10,2018-10-31,7,False,False,M2M,0.021328292534449098,BUY,0.3833869906960522,19688.435,0.02448308473232665,2018-10,P_selected_maxalpha_constrained,0.2036
4,2018-10,2018-10-31,7,False,False,INV,0.012854149012145948,BUY,0.5346534779932747,388.5000000000029,0.018096330933539868,2018-10,P_selected_maxalpha_constrained,0.2036
4,2018-10,2018-10-31,7,False,False,GAZ,0.011604399654327767,NEUTRAL,0.04645092644312776,46853.55,0.037314556893824194,2018-10,P_selected_maxalpha_constrained,0.2036
4,2018-10,2018-10-31,7,False,False,PRO,0.010661426237362968,BUY,0.1329102435637961,17301.725,0.023587403957442073,2018-10,P_selected_maxalpha_constrained,0.2036
4,2018-10,2018-10-31,7,False,False,ADH,0.009569769915305202,NEUTRAL,-0.04885629314025895,3338171.9575000014,1.0,2018-10,P_selected_maxalpha_constrained,0.2036
4,2018-10,2018-10-31,7,False,False,MSA,0.005925315697225015,NEUTRAL,-0.0014039591140535962,9032898.245000001,1.0,2018-10,P_selected_maxalpha_constrained,0.2036
4,2018-10,2018-10-31,7,False,False,FBR,0.00039928376645574415,BUY,0.40175882910977,17692.020000000022,0.023731655030429115,2018-10,P_selected_maxalpha_constrained,0.2036
4,2018-11,2018-11-30,1,False,False,IMO,0.3450987607275195,BUY,1.685065755257575,112225.715,0.09935708663799728,2018-11,P_selected_maxalpha_constrained,0.3337
4,2018-11,2018-11-30,1,False,False,SOT,0.1393312074221571,BUY,1.1261107461200968,876090.25,0.9999553871495539,2018-11,P_selected_maxalpha_constrained,0.3337
4,2018-11,2018-11-30,1,False,False,RIS,0.1188258991750738,BUY,2.9770381754242496,85842.37500000009,0.06745089235783149,2018-11,P_selected_maxalpha_constrained,0.3337
4,2018-11,2018-11-30,1,False,False,PRO,0.05893336071459619,NEUTRAL,0.02573550639858574,14942.115,0.022733358282653375,2018-11,P_selected_maxalpha_constrained,0.3337
4,2018-11,2018-11-30,1,False,False,ALM,0.05014474518928005,NEUTRAL,-0.026087246368362307,172653.05,0.22486252242926522,2018-11,P_selected_maxalpha_constrained,0.3337
4,2018-11,2018-11-30,1,False,False,S2M,0.04866687750495112,BUY,0.32159433669010107,6304.1125,0.01985714966057708,2018-11,P_selected_maxalpha_constrained,0.3337
4,2018-11,2018-11-30,1,False,False,MIC,0.039409014386151534,BUY,0.5293299313978538,35253.435,0.031190783952483894,2018-11,P_selected_maxalpha_constrained,0.3337
4,2018-11,2018-11-30,1,False,False,JET,0.034888974216992365,BUY,0.5886244205978228,421582.4,0.9396484054705101,2018-11,P_selected_maxalpha_constrained,0.3337
4,2018-11,2018-11-30,1,False,False,DRI,0.03469463376375578,NEUTRAL,-0.04866781728181034,250.0,0.0180569971742114,2018-11,P_selected_maxalpha_constrained,0.3337
4,2018-11,2018-11-30,1,False,False,CMT,0.031907625969740123,NEUTRAL,0.03350581958344866,740531.5,0.9996098168287825,2018-11,P_selected_maxalpha_constrained,0.3337
4,2018-11,2018-11-30,1,False,False,GAZ,0.030285501044941952,NEUTRAL,0.028449170578890112,845090.4,0.9999267417479865,2018-11,P_selected_maxalpha_constrained,0.3337
4,2018-11,2018-11-30,1,False,False,DWY,0.025534918929046323,BUY,0.5862098565709399,415983.49499999965,0.9343636419653965,2018-11,P_selected_maxalpha_constrained,0.3337
4,2018-11,2018-11-30,1,False,False,SNP,0.01590876479334409,BUY,0.1310763515731666,236878.38999999996,0.44770550205671444,2018-11,P_selected_maxalpha_constrained,0.3337
4,2018-11,2018-11-30,1,False,False,M2M,0.011680888322189602,BUY,0.5315909759582342,5182.95,0.019511004165049556,2018-11,P_selected_maxalpha_constrained,0.3337
4,2018-11,2018-11-30,1,False,False,TMA,0.007488834157537762,NEUTRAL,-0.0033386846925951424,2160367.5,0.9999999999999469,2018-11,P_selected_maxalpha_constrained,0.3337
4,2018-11,2018-11-30,1,False,False,AFM,0.0019240231650842583,NEUTRAL,0.017238017649820248,13209.25,0.02212546861021332,2018-11,P_selected_maxalpha_constrained,0.3337
4,2018-11,2018-11-30,1,False,False,FBR,0.0016402506767232946,BUY,0.4261644038273189,1075.8000000000204,0.01829277049621993,2018-11,P_selected_maxalpha_constrained,0.3337
4,2018-11,2018-11-30,1,False,False,HPS,0.0014572434871350992,BUY,0.18422433796123994,1055239.2499999998,0.9999974612292196,2018-11,P_selected_maxalpha_constrained,0.3337
4,2018-11,2018-11-30,1,False,False,SID,0.0012084530181606227,BUY,1.399750986553367,555341.3724999999,0.9925010269293773,2018-11,P_selected_maxalpha_constrained,0.3337
4,2018-11,2018-11-30,1,False,False,DHO,0.0004638107808764701,NEUTRAL,-0.026544108067395766,19161.433500000094,0.024282502546974234,2018-11,P_selected_maxalpha_constrained,0.3337
4,2018-11,2018-11-30,1,False,False,SMI,0.00035042080669910963,NEUTRAL,-0.0324840479124881,332127.6,0.788188675920842,2018-11,P_selected_maxalpha_constrained,0.3337
4,2018-11,2018-11-30,1,False,False,INV,0.00013575934680153378,BUY,0.5813120073941276,814.4200000000029,0.01821781919848559,2018-11,P_selected_maxalpha_constrained,0.3337
4,2018-12,2018-12-31,0,False,False,IAM,0.2594182482249547,BUY,1.1055675459865741,24337814.517500002,1.0,2018-12,P_selected_maxalpha_constrained,0.5891
4,2018-12,2018-12-31,0,False,False,IMO,0.2112646185345092,BUY,1.2284883114039247,427925.8075,0.9451537045604537,2018-12,P_selected_maxalpha_constrained,0.5891
4,2018-12,2018-12-31,0,False,False,UMR,0.19755273052142427,BUY,1.987676067588465,892.3,0.018240119883555166,2018-12,P_selected_maxalpha_constrained,0.5891
4,2018-12,2018-12-31,0,False,False,OUL,0.07998956930969162,BUY,1.7523957386031226,4897.15,0.019423716953255888,2018-12,P_selected_maxalpha_constrained,0.5891
4,2018-12,2018-12-31,0,False,False,INV,0.05962008047732059,BUY,1.8433988658901619,2228.600000000003,0.0186269647288614,2018-12,P_selected_maxalpha_constrained,0.5891
4,2018-12,2018-12-31,0,False,False,SOT,0.046129317994604783,BUY,0.4108815439972535,25350.7625,0.026742677829814616,2018-12,P_selected_maxalpha_constrained,0.5891
4,2018-12,2018-12-31,0,False,False,RIS,0.034738796894749145,BUY,1.3802122284351952,467473.1900000001,0.9701008806507483,2018-12,P_selected_maxalpha_constrained,0.5891
4,2018-12,2018-12-31,0,False,False,TMA,0.02647541309335348,BUY,1.275268425569469,6604267.125,1.0,2018-12,P_selected_maxalpha_constrained,0.5891
4,2018-12,2018-12-31,0,False,False,AFM,0.021375668387515208,BUY,0.2548281742688069,397240.3,0.9133976835011335,2018-12,P_selected_maxalpha_constrained,0.5891
4,2018-12,2018-12-31,0,False,False,CTM,0.020090872840973037,BUY,0.6579663819009842,6400.9,0.019887312240997,2018-12,P_selected_maxalpha_constrained,0.5891
4,2018-12,2018-12-31,0,False,False,HPS,0.0097623760792275,BUY,0.3743467138005965,2101194.225,0.999999999999863,2018-12,P_selected_maxalpha_constrained,0.5891
4,2018-12,2018-12-31,0,False,False,JET,0.009126568637385627,BUY,0.3603284752263079,1877717.575,0.9999999999951084,2018-12,P_selected_maxalpha_constrained,0.5891
4,2018-12,2018-12-31,0,False,False,SID,0.008235413651973262,BUY,0.21455023254362876,841836.375,0.9999228268667276,2018-12,P_selected_maxalpha_constrained,0.5891
4,2018-12,2018-12-31,0,False,False,MSA,0.008070087070182799,NEUTRAL,0.017101421730284255,6230307.9399999995,1.0,2018-12,P_selected_maxalpha_constrained,0.5891
4,2018-12,2018-12-31,0,False,False,CIH,0.004428066247144516,BUY,0.1274644987289955,5810900.834999999,1.0,2018-12,P_selected_maxalpha_constrained,0.5891
4,2018-12,2018-12-31,0,False,False,LBV,0.0013764191108233243,NEUTRAL,-0.025598719770406578,9948814.5,1.0,2018-12,P_selected_maxalpha_constrained,0.5891
4,2018-12,2018-12-31,0,False,False,CMT,0.0012790039028699992,BUY,0.25694855587400717,1596344.35,0.9999999995587943,2018-12,P_selected_maxalpha_constrained,0.5891
4,2018-12,2018-12-31,0,False,False,M2M,0.0010619184126257654,BUY,0.1445352435945493,91115.59,0.07295559079709937,2018-12,P_selected_maxalpha_constrained,0.5891
4,2019-01,2019-01-31,16,False,False,IMO,0.18791670611755873,BUY,1.0542810239648304,113278.366,0.10087443744822618,2019-01,P_selected_maxalpha_constrained,0.3983
4,2019-01,2019-01-31,16,False,False,SRM,0.11086314887685943,BUY,2.639098515741251,10935.25,0.021351803895500943,2019-01,P_selected_maxalpha_constrained,0.3983
4,2019-01,2019-01-31,16,False,False,SOT,0.09799048014673181,BUY,0.546992484881243,412512.075,0.9308740126450628,2019-01,P_selected_maxalpha_constrained,0.3983
4,2019-01,2019-01-31,16,False,False,RIS,0.09210848975783663,BUY,2.289192772620737,67230.0550000001,0.050964392324745714,2019-01,P_selected_maxalpha_constrained,0.3983
4,2019-01,2019-01-31,16,False,False,BCP,0.07856604276909245,NEUTRAL,-0.054690119904683344,6477089.6075,1.0,2019-01,P_selected_maxalpha_constrained,0.3983
4,2019-01,2019-01-31,16,False,False,OUL,0.06704865741101845,BUY,1.0321363061218145,8739.55,0.02062991879294958,2019-01,P_selected_maxalpha_constrained,0.3983
4,2019-01,2019-01-31,16,False,False,MAB,0.04911199859036769,NEUTRAL,0.06609075160405571,1209.0,0.018331082211796954,2019-01,P_selected_maxalpha_constrained,0.3983
4,2019-01,2019-01-31,16,False,False,CIH,0.04901459913715522,NEUTRAL,-0.023811797085745875,1474696.1949999998,0.9999999969101372,2019-01,P_selected_maxalpha_constrained,0.3983
4,2019-01,2019-01-31,16,False,False,IAM,0.04683825736059651,BUY,0.2870404863432121,17037084.5775,1.0,2019-01,P_selected_maxalpha_constrained,0.3983
4,2019-01,2019-01-31,16,False,False,JET,0.03810568403966129,BUY,0.26231867446149937,1266756.6675,0.9999999139301591,2019-01,P_selected_maxalpha_constrained,0.3983
4,2019-01,2019-01-31,16,False,False,MIC,0.03444243371244363,BUY,0.3679517711256525,10382.094999999994,0.021167646453891298,2019-01,P_selected_maxalpha_constrained,0.3983
4,2019-01,2019-01-31,16,False,False,NKL,0.02947682468394594,BUY,0.3179192692884129,11107.819,0.021409575975359564,2019-01,P_selected_maxalpha_constrained,0.3983
4,2019-01,2019-01-31,16,False,False,LES,0.02934356069652278,NEUTRAL,-0.0534710594757065,7159943.417500001,1.0,2019-01,P_selected_maxalpha_constrained,0.3983
4,2019-01,2019-01-31,16,False,False,TMA,0.027291324761175087,NEUTRAL,0.04242946143635118,2231894.625,0.9999999999999831,2019-01,P_selected_maxalpha_constrained,0.3983
4,2019-01,2019-01-31,16,False,False,MOX,0.02450058695776114,BUY,0.3336658851671685,56.017500000000005,0.018002047533493014,2019-01,P_selected_maxalpha_constrained,0.3983
4,2019-01,2019-01-31,16,False,False,GAZ,0.0229141918095356,NEUTRAL,-0.03811180690997642,142464.4,0.1517978101281615,2019-01,P_selected_maxalpha_constrained,0.3983
4,2019-01,2019-01-31,16,False,False,ATL,0.0050470329086591,NEUTRAL,0.09675142389575592,99458.4125,0.08251429866172935,2019-01,P_selected_maxalpha_constrained,0.3983
4,2019-01,2019-01-31,16,False,False,EQD,0.004293098097177229,NEUTRAL,-0.05994760835460932,65646.2,0.04975254554596313,2019-01,P_selected_maxalpha_constrained,0.3983
4,2019-01,2019-01-31,16,False,False,LHM,0.002951517872893,BUY,0.25954187265865647,3513711.0,1.0,2019-01,P_selected_maxalpha_constrained,0.3983
4,2019-01,2019-01-31,16,False,False,SMI,0.0010925124145092053,BUY,1.7857383842704406,148757.45,0.16522130998341739,2019-01,P_selected_maxalpha_constrained,0.3983
4,2019-01,2019-01-31,16,False,False,CSR,0.0004749405373901667,NEUTRAL,-0.04660906073542346,4627991.4975000005,1.0,2019-01,P_selected_maxalpha_constrained,0.3983
4,2019-01,2019-01-31,16,False,False,INV,0.00033205204287493114,NEUTRAL,0.11864387615625938,2322.782500000003,0.018654531219096368,2019-01,P_selected_maxalpha_constrained,0.3983
4,2019-02,2019-02-28,2,False,False,IAM,0.30496943837451446,BUY,0.4503133990831297,12589824.755,1.0,2019-02,P_selected_maxalpha_constrained,0.6831
4,2019-02,2019-02-28,2,False,False,MOX,0.1387727567680166,BUY,4.261435924570712,123.8,0.018021229674982032,2019-02,P_selected_maxalpha_constrained,0.6831
4,2019-02,2019-02-28,2,False,False,SOT,0.08032516534067277,NEUTRAL,-0.061574700209778364,661663.425,0.9986231989490132,2019-02,P_selected_maxalpha_constrained,0.6831
4,2019-02,2019-02-28,2,False,False,SRM,0.07038745109788745,BUY,1.673854342533343,733.2850000000001,0.018194614915178348,2019-02,P_selected_maxalpha_constrained,0.6831
4,2019-02,2019-02-28,2,False,False,IMO,0.06472233836870192,BUY,1.0321727085340788,246994.35,0.48797971650639804,2019-02,P_selected_maxalpha_constrained,0.6831
4,2019-02,2019-02-28,2,False,False,GAZ,0.05609208901498402,BUY,0.38209874865698035,472649.2,0.9724116918270417,2019-02,P_selected_maxalpha_constrained,0.6831
4,2019-02,2019-02-28,2,False,False,RIS,0.054162004951947736,BUY,0.6825088659847804,408879.5325000001,0.927039130942014,2019-02,P_selected_maxalpha_constrained,0.6831
4,2019-02,2019-02-28,2,False,False,BCP,0.051050680012078825,NEUTRAL,-0.07304260464286277,11409750.325,1.0,2019-02,P_selected_maxalpha_constrained,0.6831
4,2019-02,2019-02-28,2,False,False,TQM,0.029426834802802667,NEUTRAL,0.07896400571167961,3281022.55,1.0,2019-02,P_selected_maxalpha_constrained,0.6831
4,2019-02,2019-02-28,2,False,False,INV,0.0229893159050009,BUY,0.33036233084390654,24266.745000000003,0.026294935888270577,2019-02,P_selected_maxalpha_constrained,0.6831
4,2019-02,2019-02-28,2,False,False,CIH,0.019654081609147337,NEUTRAL,-0.11458268580726097,1278556.935,0.9999999287386001,2019-02,P_selected_maxalpha_constrained,0.6831
4,2019-02,2019-02-28,2,False,False,DWY,0.01783278490292757,BUY,0.44799015142386067,8375.014999999627,0.020512404750792544,2019-02,P_selected_maxalpha_constrained,0.6831
4,2019-02,2019-02-28,2,False,False,JET,0.017767573276765522,NEUTRAL,0.03058360256167146,583469.3275,0.9952056403716361,2019-02,P_selected_maxalpha_constrained,0.6831
4,2019-02,2019-02-28,2,False,False,CMT,0.014494028220103313,NEUTRAL,-0.06121140451451392,1521806.0,0.9999999985459251,2019-02,P_selected_maxalpha_constrained,0.6831
4,2019-02,2019-02-28,2,False,False,EQD,0.0140790501717192,NEUTRAL,0.03235859458132508,37965.7,0.032529146375598256,2019-02,P_selected_maxalpha_constrained,0.6831
4,2019-02,2019-02-28,2,False,False,AFM,0.010006648605582128,BUY,0.26814805771538264,3955.9,0.019138944044659177,2019-02,P_selected_maxalpha_constrained,0.6831
4,2019-02,2019-02-28,2,False,False,MSA,0.009177841720567041,BUY,0.29705717092823114,3905666.2725,1.0,2019-02,P_selected_maxalpha_constrained,0.6831
4,2019-02,2019-02-28,2,False,False,CSR,0.008346281225633845,NEUTRAL,-0.007057589181239922,2643499.9625,1.0,2019-02,P_selected_maxalpha_constrained,0.6831
4,2019-02,2019-02-28,2,False,False,M2M,0.0046254869356782405,NEUTRAL,0.10535822300176245,32938.835,0.03009092671350678,2019-02,P_selected_maxalpha_constrained,0.6831
4,2019-02,2019-02-28,2,False,False,S2M,0.004443916450330829,BUY,0.3335290227733515,60051.60000000001,0.04568715331175181,2019-02,P_selected_maxalpha_constrained,0.6831
4,2019-02,2019-02-28,2,False,False,ADH,0.0035274340155883018,NEUTRAL,-0.1174871458919556,1094533.8475000015,0.999998646129342,2019-02,P_selected_maxalpha_constrained,0.6831
4,2019-02,2019-02-28,2,False,False,HPS,0.0011932052167163642,BUY,0.29194725884534045,695129.2999999998,0.9991935555734991,2019-02,P_selected_maxalpha_constrained,0.6831
4,2019-02,2019-02-28,2,False,False,ATL,0.0007025658886287068,NEUTRAL,-0.038281659237024104,727005.808,0.9995155892993793,2019-02,P_selected_maxalpha_constrained,0.6831
4,2019-02,2019-02-28,2,False,False,MIC,0.00044972219831721367,NEUTRAL,0.09972392417289719,52265.822499999995,0.0405530185304385,2019-02,P_selected_maxalpha_constrained,0.6831
4,2019-02,2019-02-28,2,False,False,TMA,0.0004322626540666787,NEUTRAL,-0.01636701033821812,3948844.8,1.0,2019-02,P_selected_maxalpha_constrained,0.6831
4,2019-02,2019-02-28,2,False,False,DHO,0.00035388600197806087,NEUTRAL,-0.035382809009425066,241073.14900000012,0.4643531758953267,2019-02,P_selected_maxalpha_constrained,0.6831
4,2019-03,2019-03-29,1,False,False,SRM,0.13669977277849385,BUY,4.000790591930678,1107.1,0.018301766105161387,2019-03,P_selected_maxalpha_constrained,0.2544
4,2019-03,2019-03-29,1,False,False,IMO,0.11629310517924146,BUY,1.1092467793720278,86538.263,0.06815463017131249,2019-03,P_selected_maxalpha_constrained,0.2544
4,2019-03,2019-03-29,1,False,False,MUT,0.08840406457283509,NEUTRAL,0.03864339393429286,857559.6875,0.9999399909402232,2019-03,P_selected_maxalpha_constrained,0.2544
4,2019-03,2019-03-29,1,False,False,UMR,0.08070377673667029,NEUTRAL,0.010521458372176787,58.239999999999995,0.018002676173016707,2019-03,P_selected_maxalpha_constrained,0.2544
4,2019-03,2019-03-29,1,False,False,SOT,0.07851056421939585,BUY,0.3006864120628168,7407.025,0.02020352851152724,2019-03,P_selected_maxalpha_constrained,0.2544
4,2019-03,2019-03-29,1,False,False,RIS,0.06366601402458265,BUY,2.4121610840832215,41536.64250000009,0.034376071633821705,2019-03,P_selected_maxalpha_constrained,0.2544
4,2019-03,2019-03-29,1,False,False,LES,0.05650762297763758,NEUTRAL,-0.004546169227440007,58919.70750000074,0.04490401292414209,2019-03,P_selected_maxalpha_constrained,0.2544
4,2019-03,2019-03-29,1,False,False,SLF,0.0521071801752551,NEUTRAL,0.007214786494942879,17136.6,0.02352663248148621,2019-03,P_selected_maxalpha_constrained,0.2544
4,2019-03,2019-03-29,1,False,False,MIC,0.05021773428187943,BUY,0.5993362272443661,258247.705,0.5329430272030771,2019-03,P_selected_maxalpha_constrained,0.2544
4,2019-03,2019-03-29,1,False,False,MSA,0.046340416218684254,NEUTRAL,-0.027416547469047918,4615824.367500001,1.0,2019-03,P_selected_maxalpha_constrained,0.2544
4,2019-03,2019-03-29,1,False,False,AFM,0.046075925831603665,BUY,0.5794282358534923,70399.75,0.05347394358662372,2019-03,P_selected_maxalpha_constrained,0.2544
4,2019-03,2019-03-29,1,False,False,MDP,0.031018002508871573,NEUTRAL,0.09237385773166798,20196.435000000092,0.024677963280585326,2019-03,P_selected_maxalpha_constrained,0.2544
4,2019-03,2019-03-29,1,False,False,CSR,0.028857940692397378,NEUTRAL,-0.07678497104371561,4681145.6875,1.0,2019-03,P_selected_maxalpha_constrained,0.2544
4,2019-03,2019-03-29,1,False,False,SMI,0.02760856497960851,BUY,1.5927247576045405,5399.35,0.01957735131374614,2019-03,P_selected_maxalpha_constrained,0.2544
4,2019-03,2019-03-29,1,False,False,CMT,0.02623244451257885,NEUTRAL,0.016947995826742245,4234024.6,1.0,2019-03,P_selected_maxalpha_constrained,0.2544
4,2019-03,2019-03-29,1,False,False,JET,0.024264268304919283,NEUTRAL,0.06352609586477004,161073.84500000003,0.19422011506223696,2019-03,P_selected_maxalpha_constrained,0.2544
4,2019-03,2019-03-29,1,False,False,AGM,0.0187029817209031,BUY,0.4182558553365079,750.5,0.01819953591017457,2019-03,P_selected_maxalpha_constrained,0.2544
4,2019-03,2019-03-29,1,False,False,SNP,0.007299036402243283,NEUTRAL,-0.08157452699652529,72011.49249999996,0.05479431459592732,2019-03,P_selected_maxalpha_constrained,0.2544
4,2019-03,2019-03-29,1,False,False,LBV,0.005900218093335471,NEUTRAL,-0.054000663608470875,1648066.0,0.9999999998071398,2019-03,P_selected_maxalpha_constrained,0.2544
4,2019-03,2019-03-29,1,False,False,M2M,0.005287991664822981,NEUTRAL,-0.06744056121740905,61915.4,0.04700509308610414,2019-03,P_selected_maxalpha_constrained,0.2544
4,2019-03,2019-03-29,1,False,False,PRO,0.003034148945312786,NEUTRAL,-0.006781491302601264,984.8100000000001,0.0182666446367226,2019-03,P_selected_maxalpha_constrained,0.2544
4,2019-03,2019-03-29,1,False,False,ATL,0.001927054190958136,NEUTRAL,-0.11238903228380447,561424.6115,0.9931917848168252,2019-03,P_selected_maxalpha_constrained,0.2544
4,2019-03,2019-03-29,1,False,False,CTM,0.0018611663694230425,NEUTRAL,0.03452873269877654,26795.9,0.027351121997367497,2019-03,P_selected_maxalpha_constrained,0.2544
4,2019-03,2019-03-29,1,False,False,DHO,0.0013007297614569353,NEUTRAL,0.026368817526744553,251114.1025000001,0.5044562920004487,2019-03,P_selected_maxalpha_constrained,0.2544
4,2019-03,2019-03-29,1,False,False,IBC,0.0005056655770831952,NEUTRAL,-0.11733139531151054,668.1434999999999,0.018176005704956512,2019-03,P_selected_maxalpha_constrained,0.2544
4,2019-03,2019-03-29,1,False,False,BCI,0.0003243914772664135,NEUTRAL,-0.11126672047447625,519202.395,0.9867083478247274,2019-03,P_selected_maxalpha_constrained,0.2544
4,2019-03,2019-03-29,1,False,False,COL,0.00021555011794702615,NEUTRAL,0.03057966641945678,30225.554000000004,0.02884943425349932,2019-03,P_selected_maxalpha_constrained,0.2544
4,2019-04,2019-04-30,3,False,False,IAM,0.22424161761096337,NEUTRAL,-0.04365579731002489,6927916.347499999,1.0,2019-04,P_selected_maxalpha_constrained,0.6294
4,2019-04,2019-04-30,3,False,False,UMR,0.1383079784198977,BUY,1.9045623141165877,587215.5,0.9954833058039559,2019-04,P_selected_maxalpha_constrained,0.6294
4,2019-04,2019-04-30,3,False,False,MUT,0.12939790202500018,NEUTRAL,0.07312498054272357,466414.8375,0.9696057883176549,2019-04,P_selected_maxalpha_constrained,0.6294
4,2019-04,2019-04-30,3,False,False,SRM,0.11087341657877516,BUY,2.9821151290170396,2853.7675,0.01881069687049903,2019-04,P_selected_maxalpha_constrained,0.6294
4,2019-04,2019-04-30,3,False,False,CTM,0.08007945964822794,NEUTRAL,-0.0866829260688292,56856.94,0.04350960785872886,2019-04,P_selected_maxalpha_constrained,0.6294
4,2019-04,2019-04-30,3,False,False,RIS,0.06704004352454453,BUY,2.5198237436558326,195497.63000000006,0.2948304302498314,2019-04,P_selected_maxalpha_constrained,0.6294
4,2019-04,2019-04-30,3,False,False,OUL,0.05856819527034935,BUY,1.3340047823769254,72.5,0.018006710161399587,2019-04,P_selected_maxalpha_constrained,0.6294
4,2019-04,2019-04-30,3,False,False,SBM,0.03116473496732828,NEUTRAL,-0.09689985152636332,688144.8,0.9990982911886679,2019-04,P_selected_maxalpha_constrained,0.6294
4,2019-04,2019-04-30,3,False,False,IMO,0.02704348026151746,BUY,0.892325051605126,79089.4185,0.060964056509376065,2019-04,P_selected_maxalpha_constrained,0.6294
4,2019-04,2019-04-30,3,False,False,JET,0.02314569512619292,NEUTRAL,-0.01474529454449347,262326.51250000007,0.549146846198086,2019-04,P_selected_maxalpha_constrained,0.6294
4,2019-04,2019-04-30,3,False,False,MIC,0.020320038883085537,BUY,0.7522008711032303,32690.08999999999,0.029974987888116887,2019-04,P_selected_maxalpha_constrained,0.6294
4,2019-04,2019-04-30,3,False,False,MSA,0.020106637625340824,NEUTRAL,-0.008641019557223843,4111012.8325000005,1.0,2019-04,P_selected_maxalpha_constrained,0.6294
4,2019-04,2019-04-30,3,False,False,EQD,0.018494857804436327,BUY,0.431884084086894,491546.9,0.9794624785073752,2019-04,P_selected_maxalpha_constrained,0.6294
4,2019-04,2019-04-30,3,False,False,TMA,0.01785098171529221,NEUTRAL,-0.08095002547231822,1852033.74375,0.9999999999926221,2019-04,P_selected_maxalpha_constrained,0.6294
4,2019-04,2019-04-30,3,False,False,M2M,0.009052365650809881,NEUTRAL,-0.08713807671991561,4631.37,0.01934288767220129,2019-04,P_selected_maxalpha_constrained,0.6294
4,2019-04,2019-04-30,3,False,False,CMT,0.004964975950902444,NEUTRAL,0.024466864861736784,3854669.1,1.0,2019-04,P_selected_maxalpha_constrained,0.6294
4,2019-04,2019-04-30,3,False,False,DWY,0.004061990233080282,NEUTRAL,0.10312832798908586,13654.479999999627,0.022280121888637913,2019-04,P_selected_maxalpha_constrained,0.6294
4,2019-04,2019-04-30,3,False,False,HPS,0.0040160812923033,NEUTRAL,0.11975889965597447,3966674.85,1.0,2019-04,P_selected_maxalpha_constrained,0.6294
4,2019-04,2019-04-30,3,False,False,AGM,0.004014097413721316,NEUTRAL,-0.0434149685194304,6074.0,0.019785617898168593,2019-04,P_selected_maxalpha_constrained,0.6294
4,2019-04,2019-04-30,3,False,False,CIH,0.0024531540151202045,NEUTRAL,-0.08562204386192997,400820.11250000005,0.9178224491006393,2019-04,P_selected_maxalpha_constrained,0.6294
4,2019-04,2019-04-30,3,False,False,ATL,0.001184941859840724,NEUTRAL,-0.08517370521207165,591789.8205,0.9958007327656168,2019-04,P_selected_maxalpha_constrained,0.6294
4,2019-04,2019-04-30,3,False,False,IBC,0.0006072414672954748,NEUTRAL,0.06581712554129737,1725.0720000000001,0.018480262579492097,2019-04,P_selected_maxalpha_constrained,0.6294
4,2019-04,2019-04-30,3,False,False,LBV,0.0005962010131894898,NEUTRAL,-0.09757876840675443,2991252.95,1.0,2019-04,P_selected_maxalpha_constrained,0.6294
4,2019-04,2019-04-30,3,False,False,SOT,0.0005768403117689686,NEUTRAL,-0.00246146327724462,73959.45,0.05643110868671113,2019-04,P_selected_maxalpha_constrained,0.6294
4,2019-04,2019-04-30,3,False,False,S2M,0.0005568782120040712,NEUTRAL,0.020164012803406114,8477.75,0.020545456637641832,2019-04,P_selected_maxalpha_constrained,0.6294
4,2019-04,2019-04-30,3,False,False,SMI,0.0004886049485427657,BUY,0.44079908676329516,14568.65,0.022600982518401116,2019-04,P_selected_maxalpha_constrained,0.6294
4,2019-04,2019-04-30,3,False,False,MDP,0.0002956311004855624,NEUTRAL,0.0043157841800534336,31558.133000000096,0.029452833792798727,2019-04,P_selected_maxalpha_constrained,0.6294
4,2019-04,2019-04-30,3,False,False,INV,0.0002253689536012139,NEUTRAL,-0.10816319912364075,33009.122500000005,0.030123766035818855,2019-04,P_selected_maxalpha_constrained,0.6294
4,2019-04,2019-04-30,3,False,False,AFM,0.00011818276519035516,BUY,0.24847349380070755,89975.6,0.07173154269250029,2019-04,P_selected_maxalpha_constrained,0.6294
4,2019-04,2019-04-30,3,False,False,PRO,0.00010927548695807885,NEUTRAL,-0.10383679507964194,4412.5,0.019276572352156192,2019-04,P_selected_maxalpha_constrained,0.6294
4,2019-05,2019-05-31,0,False,False,MUT,0.22814065293152516,NEUTRAL,-0.06948615896822173,967768.6375,0.9999897096962577,2019-05,P_selected_maxalpha_constrained,0.619
4,2019-05,2019-05-31,0,False,False,IAM,0.18838039132266998,NEUTRAL,-0.08228710943969907,20915152.6325,1.0,2019-05,P_selected_maxalpha_constrained,0.619
4,2019-05,2019-05-31,0,False,False,IMO,0.12665075540788678,BUY,0.8426154856549092,1308432.2835,0.9999999558165955,2019-05,P_selected_maxalpha_constrained,0.619
4,2019-05,2019-05-31,0,False,False,MIC,0.07741463997989836,BUY,3.681054178403064,13886.549999999988,0.02236115108685595,2019-05,P_selected_maxalpha_constrained,0.619
4,2019-05,2019-05-31,0,False,False,SRM,0.07355034631536059,BUY,2.426640053168296,9017.18,0.020719859393672286,2019-05,P_selected_maxalpha_constrained,0.619
4,2019-05,2019-05-31,0,False,False,RIS,0.06047191769659424,BUY,2.10173776996198,1257.900000000093,0.018345166848948696,2019-05,P_selected_maxalpha_constrained,0.619
4,2019-05,2019-05-31,0,False,False,HPS,0.039733327093129996,BUY,0.27108944250252,1440163.7899999998,0.999999994630981,2019-05,P_selected_maxalpha_constrained,0.619
4,2019-05,2019-05-31,0,False,False,S2M,0.025442769826503647,NEUTRAL,0.07672056407144773,5903.0375,0.019732636775750677,2019-05,P_selected_maxalpha_constrained,0.619
4,2019-05,2019-05-31,0,False,False,MOX,0.024807247093784294,BUY,0.4704554705900934,1282.9924999999998,0.01835239834868223,2019-05,P_selected_maxalpha_constrained,0.619
4,2019-05,2019-05-31,0,False,False,CTM,0.020224298357649818,NEUTRAL,-0.02571303193681994,12017.805,0.02171675589734208,2019-05,P_selected_maxalpha_constrained,0.619
4,2019-05,2019-05-31,0,False,False,FBR,0.019752417583799503,NEUTRAL,-0.11250778644316718,2666.23650000002,0.018755397035991425,2019-05,P_selected_maxalpha_constrained,0.619
4,2019-05,2019-05-31,0,False,False,EQD,0.017939606444059286,NEUTRAL,-0.06395551061643115,100248.55,0.08347645048824388,2019-05,P_selected_maxalpha_constrained,0.619
4,2019-05,2019-05-31,0,False,False,SID,0.017746071768988035,NEUTRAL,-0.10471533834083749,582043.23,0.9950955298612589,2019-05,P_selected_maxalpha_constrained,0.619
4,2019-05,2019-05-31,0,False,False,DWY,0.0157554076147379,NEUTRAL,0.09244599189820117,15834.292499999628,0.02305266600891939,2019-05,P_selected_maxalpha_constrained,0.619
4,2019-05,2019-05-31,0,False,False,M2M,0.012432715907762487,NEUTRAL,-0.023321949415192226,21229.92,0.02507910561248791,2019-05,P_selected_maxalpha_constrained,0.619
4,2019-05,2019-05-31,0,False,False,SLF,0.011269637529713722,NEUTRAL,-0.0494337573899246,2148.475,0.018603544224164794,2019-05,P_selected_maxalpha_constrained,0.619
4,2019-05,2019-05-31,0,False,False,INV,0.010165332944605563,BUY,0.3183565124022555,1563.4850000000029,0.018433425154617374,2019-05,P_selected_maxalpha_constrained,0.619
4,2019-05,2019-05-31,0,False,False,GAZ,0.007474968727855015,NEUTRAL,0.06360071607861012,11764.7,0.021630886322848864,2019-05,P_selected_maxalpha_constrained,0.619
4,2019-05,2019-05-31,0,False,False,DHO,0.00647510698905243,NEUTRAL,0.06580618813298632,90087.2485000001,0.07185058159321774,2019-05,P_selected_maxalpha_constrained,0.619
4,2019-05,2019-05-31,0,False,False,SMI,0.005299589635437147,BUY,0.5727859985312288,65232.0,0.04944016314380651,2019-05,P_selected_maxalpha_constrained,0.619
4,2019-05,2019-05-31,0,False,False,CSR,0.0031755389188636097,NEUTRAL,-0.08409052827768163,2441870.4025,0.9999999999999993,2019-05,P_selected_maxalpha_constrained,0.619
4,2019-05,2019-05-31,0,False,False,MSA,0.0026733882894109723,NEUTRAL,-0.012982465232499255,2827840.315,1.0,2019-05,P_selected_maxalpha_constrained,0.619
4,2019-05,2019-05-31,0,False,False,CMT,0.0020865373631977907,BUY,0.24555143188429163,416904.9,0.9352620031047941,2019-05,P_selected_maxalpha_constrained,0.619
4,2019-05,2019-05-31,0,False,False,MDP,0.0013123538909060764,NEUTRAL,0.045388786383957255,27339.852000000094,0.02758360929599127,2019-05,P_selected_maxalpha_constrained,0.619
4,2019-05,2019-05-31,0,False,False,ADH,0.001013225586606823,NEUTRAL,0.006560858379802081,723048.0365000016,0.9994839385851925,2019-05,P_selected_maxalpha_constrained,0.619
4,2019-05,2019-05-31,0,False,False,ALM,0.0006117547800006305,NEUTRAL,-0.05776824849844649,3951.5,0.019137622495199104,2019-05,P_selected_maxalpha_constrained,0.619
4,2019-06,2019-06-28,8,False,False,IMO,0.13952212333089722,BUY,0.8165449833128057,68009.96599999999,0.051571336929655355,2019-06,P_selected_maxalpha_constrained,0.5396
4,2019-06,2019-06-28,8,False,False,MIC,0.09107121240929571,BUY,2.9801881675646724,105951.81999999999,0.09072860881122849,2019-06,P_selected_maxalpha_constrained,0.5396
4,2019-06,2019-06-28,8,False,False,SRM,0.08564506686611544,BUY,2.2801344802045738,720.48,0.01819095538802478,2019-06,P_selected_maxalpha_constrained,0.5396
4,2019-06,2019-06-28,8,False,False,OUL,0.0787982299399818,BUY,0.8878902218075064,9192196.8,1.0,2019-06,P_selected_maxalpha_constrained,0.5396
4,2019-06,2019-06-28,8,False,False,AFM,0.07112261709981185,NEUTRAL,0.05393960225498222,808596.55,0.9998686540865905,2019-06,P_selected_maxalpha_constrained,0.5396
4,2019-06,2019-06-28,8,False,False,RIS,0.06622012667875389,BUY,2.2860874772474453,23644.065000000097,0.026041051467390268,2019-06,P_selected_maxalpha_constrained,0.5396
4,2019-06,2019-06-28,8,False,False,HPS,0.06264761442030961,BUY,0.7245893136114964,1511361.765,0.9999999982814558,2019-06,P_selected_maxalpha_constrained,0.5396
4,2019-06,2019-06-28,8,False,False,LES,0.06041502908979605,NEUTRAL,-0.010689933333150353,1196622.1700000006,0.9999997356402531,2019-06,P_selected_maxalpha_constrained,0.5396
4,2019-06,2019-06-28,8,False,False,SOT,0.056130488330804584,NEUTRAL,0.08307247065066753,399053.75,0.9156654930999407,2019-06,P_selected_maxalpha_constrained,0.5396
4,2019-06,2019-06-28,8,False,False,CMT,0.04553181665140945,NEUTRAL,-0.03110567896066526,1480782.15,0.9999999971968285,2019-06,P_selected_maxalpha_constrained,0.5396
4,2019-06,2019-06-28,8,False,False,SBM,0.043803975758743056,NEUTRAL,0.0434410802710256,640844.0,0.9980799918606712,2019-06,P_selected_maxalpha_constrained,0.5396
4,2019-06,2019-06-28,8,False,False,MSA,0.029101386118623597,NEUTRAL,-0.006666084981757796,11472287.025,1.0,2019-06,P_selected_maxalpha_constrained,0.5396
4,2019-06,2019-06-28,8,False,False,EQD,0.028274669356263812,NEUTRAL,-0.039427897546595675,889923.65,0.9999642447753649,2019-06,P_selected_maxalpha_constrained,0.5396
4,2019-06,2019-06-28,8,False,False,GAZ,0.02668119451465316,NEUTRAL,-0.038061255007602275,97380.0,0.08003143544079465,2019-06,P_selected_maxalpha_constrained,0.5396
4,2019-06,2019-06-28,8,False,False,TQM,0.02477502622309773,NEUTRAL,-0.09863144511745191,1621345.925,0.9999999997042583,2019-06,P_selected_maxalpha_constrained,0.5396
4,2019-06,2019-06-28,8,False,False,MDP,0.023696608777737254,NEUTRAL,0.06300834426061694,26851.65300000009,0.027374863192637603,2019-06,P_selected_maxalpha_constrained,0.5396
4,2019-06,2019-06-28,8,False,False,CSR,0.02009469859532265,NEUTRAL,-0.08511248092270154,19462251.119999997,1.0,2019-06,P_selected_maxalpha_constrained,0.5396
4,2019-06,2019-06-28,8,False,False,NKL,0.01970737368923444,NEUTRAL,-0.1150292335609863,7143.100499999999,0.0201201060276743,2019-06,P_selected_maxalpha_constrained,0.5396
4,2019-06,2019-06-28,8,False,False,S2M,0.013256436382944966,NEUTRAL,-0.006186090184684488,8301.105,0.020488658641250417,2019-06,P_selected_maxalpha_constrained,0.5396
4,2019-06,2019-06-28,8,False,False,CTM,0.009947663280617556,NEUTRAL,-0.10676630693048653,36316.405,0.03170883388427399,2019-06,P_selected_maxalpha_constrained,0.5396
4,2019-06,2019-06-28,8,False,False,MAB,0.0015704424887895568,NEUTRAL,0.10441140672094915,9738.5,0.020955334932036076,2019-06,P_selected_maxalpha_constrained,0.5396
4,2019-06,2019-06-28,8,False,False,DHO,0.0010276314354777279,BUY,0.348974479081976,257303.4875000001,0.5291807516152024,2019-06,P_selected_maxalpha_constrained,0.5396
4,2019-06,2019-06-28,8,False,False,LHM,0.0006517588958000994,NEUTRAL,-0.04695485533160671,7884516.15,1.0,2019-06,P_selected_maxalpha_constrained,0.5396
4,2019-06,2019-06-28,8,False,False,SMI,0.00018335711707705943,BUY,0.9070090062606952,141188.8,0.14918860064053321,2019-06,P_selected_maxalpha_constrained,0.5396
4,2019-06,2019-06-28,8,False,False,INV,0.00012345254844182545,NEUTRAL,-0.09105851448938178,4219.690000000002,0.019218337635205408,2019-06,P_selected_maxalpha_constrained,0.5396
4,2019-07,2019-07-31,18,False,False,MUT,0.2514976911696015,BUY,0.27637438176748974,664232.5825,0.9986785737326227,2019-07,P_selected_maxalpha_constrained,0.5566
4,2019-07,2019-07-31,18,False,False,MOX,0.1619676701213431,BUY,4.079725948345488,216.925,0.018047616352434032,2019-07,P_selected_maxalpha_constrained,0.5566
4,2019-07,2019-07-31,18,False,False,SOT,0.07987180015515029,BUY,0.6551591082610043,119980.0,0.11102437943062599,2019-07,P_selected_maxalpha_constrained,0.5566
4,2019-07,2019-07-31,18,False,False,HPS,0.05860195797075038,BUY,1.161222965247253,2227545.9549999996,0.9999999999999818,2019-07,P_selected_maxalpha_constrained,0.5566
4,2019-07,2019-07-31,18,False,False,BCP,0.058458696404942175,NEUTRAL,-0.062014002475378104,10503292.1,1.0,2019-07,P_selected_maxalpha_constrained,0.5566
4,2019-07,2019-07-31,18,False,False,IMO,0.04527240194647032,BUY,0.4712716094209497,253896.5515,0.5155811594892694,2019-07,P_selected_maxalpha_constrained,0.5566
4,2019-07,2019-07-31,18,False,False,CTM,0.03978168735839762,NEUTRAL,-0.02199597992332112,65791.9,0.049862873976590824,2019-07,P_selected_maxalpha_constrained,0.5566
4,2019-07,2019-07-31,18,False,False,LES,0.03811051044924191,BUY,0.4775787048525115,1785056.9775000005,0.9999999999784557,2019-07,P_selected_maxalpha_constrained,0.5566
4,2019-07,2019-07-31,18,False,False,SBM,0.036797622979281255,BUY,0.28531207833531586,1225851.45,0.9999998343888664,2019-07,P_selected_maxalpha_constrained,0.5566
4,2019-07,2019-07-31,18,False,False,DRI,0.033188781302017384,BUY,0.366246074679369,0.0,0.01798620996209156,2019-07,P_selected_maxalpha_constrained,0.5566
4,2019-07,2019-07-31,18,False,False,MNG,0.029878326019444713,NEUTRAL,-0.10539389216605638,4342874.875,1.0,2019-07,P_selected_maxalpha_constrained,0.5566
4,2019-07,2019-07-31,18,False,False,NEJ,0.02960622546879048,NEUTRAL,-0.09669806995896837,2666.25,0.01875540101117637,2019-07,P_selected_maxalpha_constrained,0.5566
4,2019-07,2019-07-31,18,False,False,ATL,0.023269593308850187,BUY,0.4507935154939817,645292.7754999998,0.9982116722911597,2019-07,P_selected_maxalpha_constrained,0.5566
4,2019-07,2019-07-31,18,False,False,RIS,0.020945292188862232,BUY,0.5186035032209212,3866.9000000000933,0.01911223009515877,2019-07,P_selected_maxalpha_constrained,0.5566
4,2019-07,2019-07-31,18,False,False,ALM,0.014193702151688175,NEUTRAL,0.0612472546107356,14285.8,0.022501226902319375,2019-07,P_selected_maxalpha_constrained,0.5566
4,2019-07,2019-07-31,18,False,False,S2M,0.014068923379779205,NEUTRAL,-0.03490388026222477,97002.55,0.07958791708916421,2019-07,P_selected_maxalpha_constrained,0.5566
4,2019-07,2019-07-31,18,False,False,EQD,0.013349059916081176,BUY,1.0400645918291247,194690.0,0.2921510004584811,2019-07,P_selected_maxalpha_constrained,0.5566
4,2019-07,2019-07-31,18,False,False,MIC,0.01185082803927868,BUY,0.5995644707099247,67225.7225,0.050961039627069764,2019-07,P_selected_maxalpha_constrained,0.5566
4,2019-07,2019-07-31,18,False,False,PRO,0.008223635994876197,NEUTRAL,0.08508976014433926,1660.5,0.018461531821328467,2019-07,P_selected_maxalpha_constrained,0.5566
4,2019-07,2019-07-31,18,False,False,MLE,0.007352614892257119,NEUTRAL,-0.0329669334393696,23.53,0.017992860824570567,2019-07,P_selected_maxalpha_constrained,0.5566
4,2019-07,2019-07-31,18,False,False,DWY,0.006420546062668558,BUY,0.4519774696310071,739332.7049999997,0.9996022636047134,2019-07,P_selected_maxalpha_constrained,0.5566
4,2019-07,2019-07-31,18,False,False,SNP,0.003769901887004204,NEUTRAL,0.036748774864506104,220891.4399999999,0.3856257430335229,2019-07,P_selected_maxalpha_constrained,0.5566
4,2019-07,2019-07-31,18,False,False,AFM,0.0031090083353517966,NEUTRAL,0.021917762294198187,63392.9,0.04807547405565846,2019-07,P_selected_maxalpha_constrained,0.5566
4,2019-07,2019-07-31,18,False,False,DHO,0.002255041960428617,BUY,0.2839384914153949,720119.621,0.9994591966753547,2019-07,P_selected_maxalpha_constrained,0.5566
4,2019-07,2019-07-31,18,False,False,INV,0.002016432796651339,NEUTRAL,0.059436760499342337,4971.197500000004,0.01944629526169149,2019-07,P_selected_maxalpha_constrained,0.5566
4,2019-07,2019-07-31,18,False,False,ADH,0.0019795895712470756,NEUTRAL,0.08283629807404898,512304.2945000014,0.9851803207122608,2019-07,P_selected_maxalpha_constrained,0.5566
4,2019-07,2019-07-31,18,False,False,LBV,0.0016594051274246365,BUY,0.5453574321458365,3355703.75,1.0,2019-07,P_selected_maxalpha_constrained,0.5566
4,2019-07,2019-07-31,18,False,False,CSR,0.0013881339042246328,BUY,0.4196354594697445,5020040.409999999,1.0,2019-07,P_selected_maxalpha_constrained,0.5566
4,2019-07,2019-07-31,18,False,False,MDP,0.0011149191378950303,NEUTRAL,0.03562195962895202,138254.8320000001,0.14332759687958263,2019-07,P_selected_maxalpha_constrained,0.5566
4,2019-08,2019-08-30,14,False,False,IMO,0.12290630306477064,BUY,0.8722419669399011,344308.999,0.8189046525995225,2019-08,P_selected_maxalpha_constrained,0.4224
4,2019-08,2019-08-30,14,False,False,NEJ,0.1163382508713903,NEUTRAL,0.016285690722156937,3994.8,0.019150631636401207,2019-08,P_selected_maxalpha_constrained,0.4224
4,2019-08,2019-08-30,14,False,False,EQD,0.11578539192513324,BUY,3.0785609259915345,650879.4,0.9983643375714095,2019-08,P_selected_maxalpha_constrained,0.4224
4,2019-08,2019-08-30,14,False,False,OUL,0.10375229845288451,BUY,1.0167577211164769,1257.75,0.018345123628306547,2019-08,P_selected_maxalpha_constrained,0.4224
4,2019-08,2019-08-30,14,False,False,MOX,0.06991661641113998,BUY,1.5772746397398771,4068.3925000000004,0.019172761812584406,2019-08,P_selected_maxalpha_constrained,0.4224
4,2019-08,2019-08-30,14,False,False,HPS,0.06888492884246507,BUY,1.404599728737761,1445989.45,0.9999999951088148,2019-08,P_selected_maxalpha_constrained,0.4224
4,2019-08,2019-08-30,14,False,False,MIC,0.059742975641241175,BUY,1.0158350976483912,72130.68999999999,0.05489317394089125,2019-08,P_selected_maxalpha_constrained,0.4224
4,2019-08,2019-08-30,14,False,False,PRO,0.059124460360869116,BUY,0.3852199301643712,491.20500000000004,0.01812555327018443,2019-08,P_selected_maxalpha_constrained,0.4224
4,2019-08,2019-08-30,14,False,False,CSR,0.056728408205815824,BUY,1.012126770624833,14297941.457500001,1.0,2019-08,P_selected_maxalpha_constrained,0.4224
4,2019-08,2019-08-30,14,False,False,LBV,0.03650599466954913,NEUTRAL,0.07679989255178764,3693232.9,1.0,2019-08,P_selected_maxalpha_constrained,0.4224
4,2019-08,2019-08-30,14,False,False,LES,0.03031561085011359,BUY,0.71537861745848,105492.48750000075,0.09012413338783087,2019-08,P_selected_maxalpha_constrained,0.4224
4,2019-08,2019-08-30,14,False,False,FBR,0.027942066050168073,NEUTRAL,-0.05104953515736116,11405.482500000022,0.021509586293144974,2019-08,P_selected_maxalpha_constrained,0.4224
4,2019-08,2019-08-30,14,False,False,ALM,0.026737565940783234,BUY,0.8318772503134284,78628.8,0.06054351146767644,2019-08,P_selected_maxalpha_constrained,0.4224
4,2019-08,2019-08-30,14,False,False,DWY,0.023500305725992952,BUY,0.45831510127702463,40709.949999999626,0.03393970111430719,2019-08,P_selected_maxalpha_constrained,0.4224
4,2019-08,2019-08-30,14,False,False,MDP,0.022319023011726825,BUY,0.9925237411477985,26259.08300000009,0.027123551833843282,2019-08,P_selected_maxalpha_constrained,0.4224
4,2019-08,2019-08-30,14,False,False,S2M,0.016533576398567746,NEUTRAL,0.026728692956235964,64094.88500000001,0.048592103756870016,2019-08,P_selected_maxalpha_constrained,0.4224
4,2019-08,2019-08-30,14,False,False,MUT,0.01642216275672124,NEUTRAL,-0.03709894816549132,203140.07,0.32087384193521173,2019-08,P_selected_maxalpha_constrained,0.4224
4,2019-08,2019-08-30,14,False,False,SBM,0.010880791181810632,BUY,0.4002640021053884,1709746.5,0.9999999999281144,2019-08,P_selected_maxalpha_constrained,0.4224
4,2019-08,2019-08-30,14,False,False,ATL,0.009648033918108655,BUY,0.7304655675553078,469856.79349999985,0.9711874571089157,2019-08,P_selected_maxalpha_constrained,0.4224
4,2019-08,2019-08-30,14,False,False,COL,0.002884816316832527,BUY,0.3812009110065613,57607.145,0.0440118887819076,2019-08,P_selected_maxalpha_constrained,0.4224
4,2019-08,2019-08-30,14,False,False,DHO,0.0017057860946044436,BUY,0.5134508109438112,214649.4495000001,0.3622506856409715,2019-08,P_selected_maxalpha_constrained,0.4224
4,2019-08,2019-08-30,14,False,False,SNP,0.0008197024009790487,NEUTRAL,-0.056643789251352564,185301.8149999999,0.262082834582167,2019-08,P_selected_maxalpha_constrained,0.4224
4,2019-08,2019-08-30,14,False,False,TMA,0.0005312856214194181,NEUTRAL,0.07644115273044384,1423662.7875,0.9999999930087369,2019-08,P_selected_maxalpha_constrained,0.4224
4,2019-09,2019-09-30,5,False,False,CDM,0.30628223315192443,BUY,3.2323835845028497,40691.75,0.033930154603276266,2019-09,P_selected_maxalpha_constrained,0.4727
4,2019-09,2019-09-30,5,False,False,ATW,0.10992051794500887,NEUTRAL,-0.08909186950399473,11407590.457499988,1.0,2019-09,P_selected_maxalpha_constrained,0.4727
4,2019-09,2019-09-30,5,False,False,MUT,0.07683242641054808,BUY,0.3172911479575052,1095987.2850000001,0.9999986772503011,2019-09,P_selected_maxalpha_constrained,0.4727
4,2019-09,2019-09-30,5,False,False,LES,0.06487602641481122,NEUTRAL,0.09912920289597252,433523.2475000007,0.9496154225982091,2019-09,P_selected_maxalpha_constrained,0.4727
4,2019-09,2019-09-30,5,False,False,SOT,0.05257708609244252,BUY,1.372992535398288,152780.0,0.1742904380359942,2019-09,P_selected_maxalpha_constrained,0.4727
4,2019-09,2019-09-30,5,False,False,EQD,0.04591580624005775,BUY,1.3046440653732927,265951.0,0.5634599171234764,2019-09,P_selected_maxalpha_constrained,0.4727
4,2019-09,2019-09-30,5,False,False,SRM,0.040626060376443535,BUY,0.6265315595940021,2540.95,0.018718540976712127,2019-09,P_selected_maxalpha_constrained,0.4727
4,2019-09,2019-09-30,5,False,False,TQM,0.03564156259857682,NEUTRAL,-0.09274261147045643,726070.8,0.9995082915652157,2019-09,P_selected_maxalpha_constrained,0.4727
4,2019-09,2019-09-30,5,False,False,BCP,0.03436267416239771,NEUTRAL,-0.02242840599675469,2528129.1625,0.9999999999999998,2019-09,P_selected_maxalpha_constrained,0.4727
4,2019-09,2019-09-30,5,False,False,MAB,0.03413714457453345,BUY,1.0284028379333348,1356.0,0.018373454561429057,2019-09,P_selected_maxalpha_constrained,0.4727
4,2019-09,2019-09-30,5,False,False,HPS,0.02957199962324209,NEUTRAL,-0.011251726696813888,7319342.075,1.0,2019-09,P_selected_maxalpha_constrained,0.4727
4,2019-09,2019-09-30,5,False,False,M2M,0.02717926562431391,NEUTRAL,0.057440320898234254,7030.844999999999,0.02008472614029513,2019-09,P_selected_maxalpha_constrained,0.4727
4,2019-09,2019-09-30,5,False,False,LBV,0.024737974390344388,NEUTRAL,0.015284018297603681,4409465.65,1.0,2019-09,P_selected_maxalpha_constrained,0.4727
4,2019-09,2019-09-30,5,False,False,CIH,0.02150453299903903,NEUTRAL,-0.08817327750050266,362980.09249999997,0.8590814266168381,2019-09,P_selected_maxalpha_constrained,0.4727
4,2019-09,2019-09-30,5,False,False,MIC,0.02106147621707191,BUY,0.4660715211147786,760776.8725,0.99971774855949,2019-09,P_selected_maxalpha_constrained,0.4727
4,2019-09,2019-09-30,5,False,False,UMR,0.016556219452963098,BUY,0.5790231452512691,0.0,0.01798620996209156,2019-09,P_selected_maxalpha_constrained,0.4727
4,2019-09,2019-09-30,5,False,False,INV,0.011673634982461496,BUY,1.5261103035955865,3419.2825000000025,0.018978428063367542,2019-09,P_selected_maxalpha_constrained,0.4727
4,2019-09,2019-09-30,5,False,False,LHM,0.009717453973550404,NEUTRAL,-0.09209634674035298,2202398.2,0.9999999999999729,2019-09,P_selected_maxalpha_constrained,0.4727
4,2019-09,2019-09-30,5,False,False,AFM,0.008450880948476697,NEUTRAL,-0.07406437249663128,54691.3,0.04209017921801029,2019-09,P_selected_maxalpha_constrained,0.4727
4,2019-09,2019-09-30,5,False,False,OUL,0.008236566650561536,BUY,0.7501527964959485,40432.5,0.03379445027536107,2019-09,P_selected_maxalpha_constrained,0.4727
4,2019-09,2019-09-30,5,False,False,DHO,0.007061219789056811,BUY,0.3327557773105095,126858.76500000009,0.12236098877776666,2019-09,P_selected_maxalpha_constrained,0.4727
4,2019-09,2019-09-30,5,False,False,MDP,0.005886714599337174,BUY,1.1049312665720201,2769.346000000093,0.01878578258211942,2019-09,P_selected_maxalpha_constrained,0.4727
4,2019-09,2019-09-30,5,False,False,JET,0.004720503967760462,NEUTRAL,0.012667800253592182,177600.83500000002,0.23896056466815996,2019-09,P_selected_maxalpha_constrained,0.4727
4,2019-09,2019-09-30,5,False,False,ALM,0.002263978335773866,NEUTRAL,-0.048456216719425384,67368.5,0.05107163771450019,2019-09,P_selected_maxalpha_constrained,0.4727
4,2019-10,2019-10-31,14,False,False,AGM,0.19892554604669457,BUY,4.101582753402225,4632.6,0.019343260980542988,2019-10,P_selected_maxalpha_constrained,0.6325
4,2019-10,2019-10-31,14,False,False,ATW,0.10867404299243177,NEUTRAL,0.02159405614267826,35828428.53249999,1.0,2019-10,P_selected_maxalpha_constrained,0.6325
4,2019-10,2019-10-31,14,False,False,BCP,0.10079255657868229,BUY,0.24059369779100795,28475259.9925,1.0,2019-10,P_selected_maxalpha_constrained,0.6325
4,2019-10,2019-10-31,14,False,False,MUT,0.09517351407295865,NEUTRAL,0.04320676827565036,976216.5275000001,0.9999910106806958,2019-10,P_selected_maxalpha_constrained,0.6325
4,2019-10,2019-10-31,14,False,False,IAM,0.08416788039772434,BUY,0.3856492484293508,20471868.185,1.0,2019-10,P_selected_maxalpha_constrained,0.6325
4,2019-10,2019-10-31,14,False,False,LES,0.06218049147356066,NEUTRAL,0.05933956793486118,1544904.0375000008,0.9999999989951873,2019-10,P_selected_maxalpha_constrained,0.6325
4,2019-10,2019-10-31,14,False,False,RIS,0.04069220075417177,NEUTRAL,0.01569694492285649,84879.77000000009,0.06648853734980151,2019-10,P_selected_maxalpha_constrained,0.6325
4,2019-10,2019-10-31,14,False,False,TQM,0.0405782496810788,NEUTRAL,0.1063734628738089,2387487.6550000003,0.9999999999999987,2019-10,P_selected_maxalpha_constrained,0.6325
4,2019-10,2019-10-31,14,False,False,GAZ,0.0360134319662412,NEUTRAL,-0.03885809396435419,344341.6,0.8189819952923785,2019-10,P_selected_maxalpha_constrained,0.6325
4,2019-10,2019-10-31,14,False,False,JET,0.0338706192823835,BUY,0.2848399852767911,148429.565,0.16449901288673235,2019-10,P_selected_maxalpha_constrained,0.6325
4,2019-10,2019-10-31,14,False,False,MIC,0.03221181782417636,BUY,0.7813904007451027,306389.7,0.7114086202402908,2019-10,P_selected_maxalpha_constrained,0.6325
4,2019-10,2019-10-31,14,False,False,HPS,0.029801611098537947,NEUTRAL,-0.037995123744241424,2346612.3499999996,0.9999999999999973,2019-10,P_selected_maxalpha_constrained,0.6325
4,2019-10,2019-10-31,14,False,False,NEJ,0.024361854387662297,NEUTRAL,0.09605118724712161,1120.0,0.018305474823764226,2019-10,P_selected_maxalpha_constrained,0.6325
4,2019-10,2019-10-31,14,False,False,LHM,0.02056951825073913,NEUTRAL,0.016665125834014333,2825481.1,1.0,2019-10,P_selected_maxalpha_constrained,0.6325
4,2019-10,2019-10-31,14,False,False,CTM,0.018929272297254305,BUY,0.2922585796009987,15902.1,0.02307711240065019,2019-10,P_selected_maxalpha_constrained,0.6325
4,2019-10,2019-10-31,14,False,False,SRM,0.0124124702737239,BUY,0.651586926585084,245.5075,0.018055722718248818,2019-10,P_selected_maxalpha_constrained,0.6325
4,2019-10,2019-10-31,14,False,False,M2M,0.011894990224223854,NEUTRAL,0.07020697210404644,7743.964999999999,0.020310522505083774,2019-10,P_selected_maxalpha_constrained,0.6325
4,2019-10,2019-10-31,14,False,False,AFM,0.00943110249568152,NEUTRAL,0.07742090922737159,233494.7,0.4343598403229305,2019-10,P_selected_maxalpha_constrained,0.6325
4,2019-10,2019-10-31,14,False,False,BCI,0.007590801702705503,NEUTRAL,-0.02930040883003277,1421398.5,0.9999999927508092,2019-10,P_selected_maxalpha_constrained,0.6325
4,2019-10,2019-10-31,14,False,False,SNP,0.007516308370086777,NEUTRAL,0.08913077783100151,70542.18499999991,0.05358940941390174,2019-10,P_selected_maxalpha_constrained,0.6325
4,2019-10,2019-10-31,14,False,False,MAB,0.005284078002366209,NEUTRAL,0.05906764300259913,302.5,0.018071897196645887,2019-10,P_selected_maxalpha_constrained,0.6325
4,2019-10,2019-10-31,14,False,False,DHO,0.005038164765045212,BUY,0.6641170300027934,304324.3735000001,0.704577120903765,2019-10,P_selected_maxalpha_constrained,0.6325
4,2019-10,2019-10-31,14,False,False,DWY,0.004135428927115805,BUY,0.31386740640512983,326552.99999999965,0.7729155819065125,2019-10,P_selected_maxalpha_constrained,0.6325
4,2019-10,2019-10-31,14,False,False,SOT,0.003748513329072493,NEUTRAL,0.00921185431171151,198365.2375,0.30445843435810044,2019-10,P_selected_maxalpha_constrained,0.6325
4,2019-10,2019-10-31,14,False,False,EQD,0.003411054943996459,BUY,0.5251778529190696,1238496.7,0.9999998647238152,2019-10,P_selected_maxalpha_constrained,0.6325
4,2019-10,2019-10-31,14,False,False,INV,0.0006405842209765487,NEUTRAL,0.04114992752755865,15112.917500000005,0.022794151821317984,2019-10,P_selected_maxalpha_constrained,0.6325
4,2019-10,2019-10-31,14,False,False,LBV,0.0006235410474212501,NEUTRAL,-0.04009900269684748,4346468.9,1.0,2019-10,P_selected_maxalpha_constrained,0.6325
4,2019-10,2019-10-31,14,False,False,PRO,0.0004914595012024886,NEUTRAL,-0.012350260890898045,16351.5,0.02323977390853296,2019-10,P_selected_maxalpha_constrained,0.6325
4,2019-10,2019-10-31,14,False,False,ADH,0.0002818456110165482,NEUTRAL,-0.004080115880896053,488092.2830000015,0.9783206339505994,2019-10,P_selected_maxalpha_constrained,0.6325
4,2019-10,2019-10-31,14,False,False,SMI,0.00021240713284679784,BUY,0.3388251166593006,204374.6,0.325193322983311,2019-10,P_selected_maxalpha_constrained,0.6325
4,2019-10,2019-10-31,14,False,False,MSA,0.00017649198868987143,NEUTRAL,0.033739239136733365,2946203.47,1.0,2019-10,P_selected_maxalpha_constrained,0.6325
4,2019-10,2019-10-31,14,False,False,ATL,0.00013984121324379513,BUY,0.2794156078667641,55489.09549999986,0.042607853958305394,2019-10,P_selected_maxalpha_constrained,0.6325
4,2019-11,2019-11-29,17,False,False,IAM,0.22227179441450326,BUY,1.0829207166782144,27331459.76,1.0,2019-11,P_selected_maxalpha_constrained,0.7695
4,2019-11,2019-11-29,17,False,False,MUT,0.15018932030815318,BUY,0.30759014133822443,559587.5675,0.992990126599821,2019-11,P_selected_maxalpha_constrained,0.7695
4,2019-11,2019-11-29,17,False,False,MIC,0.0989685538618149,BUY,2.115843917539131,150180.6,0.168385863874593,2019-11,P_selected_maxalpha_constrained,0.7695
4,2019-11,2019-11-29,17,False,False,LBV,0.06544405916772236,BUY,0.49178606177520634,9873392.8,1.0,2019-11,P_selected_maxalpha_constrained,0.7695
4,2019-11,2019-11-29,17,False,False,SRM,0.06237414606743044,BUY,1.2997610051177018,230.31499999999997,0.0180514134843204,2019-11,P_selected_maxalpha_constrained,0.7695
4,2019-11,2019-11-29,17,False,False,HPS,0.05347825612282174,BUY,1.6808163519046602,1807193.0349999997,0.9999999999848812,2019-11,P_selected_maxalpha_constrained,0.7695
4,2019-11,2019-11-29,17,False,False,EQD,0.050798986218942216,BUY,1.3491735734438646,2620213.35,1.0,2019-11,P_selected_maxalpha_constrained,0.7695
4,2019-11,2019-11-29,17,False,False,GAZ,0.04483154445661584,NEUTRAL,0.0871850744570618,2148347.0,0.9999999999999356,2019-11,P_selected_maxalpha_constrained,0.7695
4,2019-11,2019-11-29,17,False,False,JET,0.03758402955855194,NEUTRAL,0.046499258656246156,640053.0525,0.9980555869978202,2019-11,P_selected_maxalpha_constrained,0.7695
4,2019-11,2019-11-29,17,False,False,M2M,0.034037239707227905,NEUTRAL,-0.08026096301899473,942436.7300000001,0.9999845670097084,2019-11,P_selected_maxalpha_constrained,0.7695
4,2019-11,2019-11-29,17,False,False,UMR,0.031286553886947094,BUY,0.37567864303374926,560.0,0.018145153197380567,2019-11,P_selected_maxalpha_constrained,0.7695
4,2019-11,2019-11-29,17,False,False,CIH,0.026342181601378557,NEUTRAL,-0.09944639503592839,1466664.8450000002,0.999999996486445,2019-11,P_selected_maxalpha_constrained,0.7695
4,2019-11,2019-11-29,17,False,False,TQM,0.0229722445306217,NEUTRAL,-0.06400739554842277,7509215.4,1.0,2019-11,P_selected_maxalpha_constrained,0.7695
4,2019-11,2019-11-29,17,False,False,MDP,0.02168904872982133,BUY,1.3251478745827867,32247.119500000095,0.0297695925617745,2019-11,P_selected_maxalpha_constrained,0.7695
4,2019-11,2019-11-29,17,False,False,LES,0.02141389084138156,NEUTRAL,0.060201676941722175,573662.7725000007,0.9943957184142587,2019-11,P_selected_maxalpha_constrained,0.7695
4,2019-11,2019-11-29,17,False,False,AFM,0.010981598153153825,NEUTRAL,0.039275676861912856,27544.75,0.02767168047548186,2019-11,P_selected_maxalpha_constrained,0.7695
4,2019-11,2019-11-29,17,False,False,CSR,0.01083054515942248,NEUTRAL,-0.009587246442499364,4763300.55,1.0,2019-11,P_selected_maxalpha_constrained,0.7695
4,2019-11,2019-11-29,17,False,False,COL,0.010441339728157773,NEUTRAL,-0.05161669819424097,13994.652000000002,0.022398994051006343,2019-11,P_selected_maxalpha_constrained,0.7695
4,2019-11,2019-11-29,17,False,False,BCP,0.008636882570842733,NEUTRAL,-0.10568725921798316,14709094.2975,1.0,2019-11,P_selected_maxalpha_constrained,0.7695
4,2019-11,2019-11-29,17,False,False,CTM,0.008157890854569833,NEUTRAL,0.023731747191729685,93041.465,0.07506725650781967,2019-11,P_selected_maxalpha_constrained,0.7695
4,2019-11,2019-11-29,17,False,False,NKL,0.003251435099150118,NEUTRAL,0.07417114518138204,1086.3649999999993,0.018295806388256876,2019-11,P_selected_maxalpha_constrained,0.7695
4,2019-11,2019-11-29,17,False,False,INV,0.0012621292371673715,BUY,1.3597152845440001,17016.985000000004,0.02348270565628677,2019-11,P_selected_maxalpha_constrained,0.7695
4,2019-11,2019-11-29,17,False,False,MSA,0.0006827618971380059,NEUTRAL,-0.07688785375167492,4674586.7975,1.0,2019-11,P_selected_maxalpha_constrained,0.7695
4,2019-11,2019-11-29,17,False,False,ATH,0.0005082804563775124,NEUTRAL,-0.09514900387625144,1112888.848,0.9999989906687523,2019-11,P_selected_maxalpha_constrained,0.7695
4,2019-11,2019-11-29,17,False,False,PRO,0.00046012735056076597,BUY,0.4511268693098519,6250.75,0.019840539095438144,2019-11,P_selected_maxalpha_constrained,0.7695
4,2019-11,2019-11-29,17,False,False,ALM,0.0004051873706494912,NEUTRAL,-0.03870586394083382,94684.85,0.07691343840835078,2019-11,P_selected_maxalpha_constrained,0.7695
4,2019-11,2019-11-29,17,False,False,SID,0.00024893440148282845,BUY,0.5171921344325444,314489.475,0.7372708355774242,2019-11,P_selected_maxalpha_constrained,0.7695
4,2019-11,2019-11-29,17,False,False,DWY,0.00020736793472699995,BUY,0.5230118295806503,448369.7624999996,0.9598408122380934,2019-11,P_selected_maxalpha_constrained,0.7695
4,2019-11,2019-11-29,17,False,False,DHO,0.0001816184014872495,NEUTRAL,-0.03386009642568287,71114.85450000009,0.05405602538455872,2019-11,P_selected_maxalpha_constrained,0.7695
4,2019-12,2019-12-31,13,False,False,MOX,0.15814879429174372,BUY,4.418008574813475,12455.064999999999,0.02186588869672976,2019-12,P_selected_maxalpha_constrained,0.6416
4,2019-12,2019-12-31,13,False,False,MUT,0.13368642859513882,NEUTRAL,0.10509282634188301,7466039.4825,1.0,2019-12,P_selected_maxalpha_constrained,0.6416
4,2019-12,2019-12-31,13,False,False,SOT,0.08461439262160013,BUY,0.25696218596400094,1018969.1,0.9999954642047697,2019-12,P_selected_maxalpha_constrained,0.6416
4,2019-12,2019-12-31,13,False,False,CTM,0.07269898976746278,BUY,0.23155151677816038,90420.675,0.07220716436464666,2019-12,P_selected_maxalpha_constrained,0.6416
4,2019-12,2019-12-31,13,False,False,BCP,0.054678323444741654,BUY,0.22780950028969088,23992460.7025,1.0,2019-12,P_selected_maxalpha_constrained,0.6416
4,2019-12,2019-12-31,13,False,False,IAM,0.04835587709065661,NEUTRAL,0.024889152990532112,46029091.61,1.0,2019-12,P_selected_maxalpha_constrained,0.6416
4,2019-12,2019-12-31,13,False,False,LES,0.04214964887145581,NEUTRAL,0.09079046077423766,427014.0800000007,0.9443925788052625,2019-12,P_selected_maxalpha_constrained,0.6416
4,2019-12,2019-12-31,13,False,False,CMT,0.03855357582440447,NEUTRAL,-0.07976585954559898,2393784.4,0.9999999999999987,2019-12,P_selected_maxalpha_constrained,0.6416
4,2019-12,2019-12-31,13,False,False,MIC,0.0346136249277903,BUY,0.9161531528090976,304387.3225,0.7047867212368506,2019-12,P_selected_maxalpha_constrained,0.6416
4,2019-12,2019-12-31,13,False,False,AFM,0.031830956011019484,BUY,0.3778885759934318,115966.5,0.10484291823773423,2019-12,P_selected_maxalpha_constrained,0.6416
4,2019-12,2019-12-31,13,False,False,JET,0.030612357957970567,NEUTRAL,0.041378870329350004,1085589.77,0.9999984378350061,2019-12,P_selected_maxalpha_constrained,0.6416
4,2019-12,2019-12-31,13,False,False,TMA,0.025677753180188858,NEUTRAL,-0.015139522316578877,1904463.7875,0.9999999999968114,2019-12,P_selected_maxalpha_constrained,0.6416
4,2019-12,2019-12-31,13,False,False,ALM,0.0207278906700774,NEUTRAL,-0.09345488618274048,134652.6,0.13639523564132944,2019-12,P_selected_maxalpha_constrained,0.6416
4,2019-12,2019-12-31,13,False,False,SBM,0.020169240552614223,NEUTRAL,-0.06998701917650307,1380041.0,0.9999999859501767,2019-12,P_selected_maxalpha_constrained,0.6416
4,2019-12,2019-12-31,13,False,False,LHM,0.01939208003963477,BUY,0.25010092062256234,17155656.5,1.0,2019-12,P_selected_maxalpha_constrained,0.6416
4,2019-12,2019-12-31,13,False,False,ATW,0.01900951132402496,NEUTRAL,-0.0050051370374659815,36871659.68499999,1.0,2019-12,P_selected_maxalpha_constrained,0.6416
4,2019-12,2019-12-31,13,False,False,TQM,0.018175865703356418,NEUTRAL,-0.08732878656739217,1962590.2,0.9999999999987419,2019-12,P_selected_maxalpha_constrained,0.6416
4,2019-12,2019-12-31,13,False,False,CSR,0.01764719824192011,NEUTRAL,-0.02392883577481631,9812238.51,1.0,2019-12,P_selected_maxalpha_constrained,0.6416
4,2019-12,2019-12-31,13,False,False,DWY,0.017062991258702517,BUY,0.867574955060869,240478.53249999965,0.4619876192204156,2019-12,P_selected_maxalpha_constrained,0.6416
4,2019-12,2019-12-31,13,False,False,NKL,0.015339650463120448,NEUTRAL,-0.05718135671447541,18473.941,0.02402324317707166,2019-12,P_selected_maxalpha_constrained,0.6416
4,2019-12,2019-12-31,13,False,False,IBC,0.014789696155600381,BUY,0.45190548734969754,30639.289499999995,0.029035480832085948,2019-12,P_selected_maxalpha_constrained,0.6416
4,2019-12,2019-12-31,13,False,False,RIS,0.014752069279968649,NEUTRAL,0.040423162771185475,393270.15250000014,0.9082391875945185,2019-12,P_selected_maxalpha_constrained,0.6416
4,2019-12,2019-12-31,13,False,False,SRM,0.014384631030098884,NEUTRAL,0.07471071834376256,8016.089999999999,0.02039733960590611,2019-12,P_selected_maxalpha_constrained,0.6416
4,2019-12,2019-12-31,13,False,False,CIH,0.010996620432335121,NEUTRAL,0.049448675586127866,1337103.6724999999,0.9999999720726346,2019-12,P_selected_maxalpha_constrained,0.6416
4,2019-12,2019-12-31,13,False,False,INV,0.008136893118031056,NEUTRAL,0.08278950838655873,53958.645000000004,0.04162007411412025,2019-12,P_selected_maxalpha_constrained,0.6416
4,2019-12,2019-12-31,13,False,False,MDP,0.007837580540899143,NEUTRAL,-0.03222613433453411,57918.7640000001,0.04422214749740718,2019-12,P_selected_maxalpha_constrained,0.6416
4,2019-12,2019-12-31,13,False,False,EQD,0.00760897534294629,NEUTRAL,-0.018984890953301456,1718437.1,0.9999999999374463,2019-12,P_selected_maxalpha_constrained,0.6416
4,2019-12,2019-12-31,13,False,False,COL,0.005139092663643209,NEUTRAL,0.09824099292261773,108401.7555,0.09401470133927262,2019-12,P_selected_maxalpha_constrained,0.6416
4,2019-12,2019-12-31,13,False,False,PRO,0.0033196679772164264,NEUTRAL,-0.027071989287622267,3335.1150000000002,0.01895337147704665,2019-12,P_selected_maxalpha_constrained,0.6416
4,2019-12,2019-12-31,13,False,False,DHO,0.003049567373860467,NEUTRAL,0.049619143439737556,1104394.7615000003,0.9999988437370408,2019-12,P_selected_maxalpha_constrained,0.6416
4,2019-12,2019-12-31,13,False,False,HPS,0.0028350738173918135,NEUTRAL,-0.08055670127225383,2572718.175,1.0,2019-12,P_selected_maxalpha_constrained,0.6416
4,2019-12,2019-12-31,13,False,False,ATH,0.002071432870821198,NEUTRAL,-0.017403766066493513,2390489.505,0.9999999999999987,2019-12,P_selected_maxalpha_constrained,0.6416
4,2019-12,2019-12-31,13,False,False,MSA,0.000789464146977151,NEUTRAL,-0.02201918450607096,15973326.41,1.0,2019-12,P_selected_maxalpha_constrained,0.6416
4,2019-12,2019-12-31,13,False,False,SMI,0.0005044571448445363,BUY,0.40324165786527194,289589.9,0.6532686996161864,2019-12,P_selected_maxalpha_constrained,0.6416
4,2019-12,2019-12-31,13,False,False,BCI,0.0003090354323442071,NEUTRAL,0.06890776526382217,1743889.6,0.9999999999583713,2019-12,P_selected_maxalpha_constrained,0.6416
4,2019-12,2019-12-31,13,False,False,M2M,0.00016957149708129768,NEUTRAL,-0.0840172494793994,941514.0900000001,0.9999843374978836,2019-12,P_selected_maxalpha_constrained,0.6416
4,2019-12,2019-12-31,13,False,False,SID,0.00015867868783440176,BUY,0.39146817618609964,537479.3925000001,0.9900449489549438,2019-12,P_selected_maxalpha_constrained,0.6416
4,2020-01,2020-01-31,12,False,False,MUT,0.13375294413304126,BUY,0.2446826438923017,4407419.4725,1.0,2020-01,P_selected_maxalpha_constrained,0.8039
4,2020-01,2020-01-31,12,False,False,EQD,0.10901002159530024,BUY,1.9385138308052496,1333406.05,0.9999999703705438,2020-01,P_selected_maxalpha_constrained,0.8039
4,2020-01,2020-01-31,12,False,False,MIC,0.09620700143888906,BUY,1.9221899353822733,138078.87,0.1429822565542154,2020-01,P_selected_maxalpha_constrained,0.8039
4,2020-01,2020-01-31,12,False,False,AFM,0.07186935160805208,BUY,0.39430471727736455,574060.9,0.9944311062747159,2020-01,P_selected_maxalpha_constrained,0.8039
4,2020-01,2020-01-31,12,False,False,SOT,0.0639066400270748,NEUTRAL,-0.09368671865019026,616089.85,0.9971495889902938,2020-01,P_selected_maxalpha_constrained,0.8039
4,2020-01,2020-01-31,12,False,False,RDS,0.04638294124389709,NEUTRAL,0.09201433557341804,6680986.2185,1.0,2020-01,P_selected_maxalpha_constrained,0.8039
4,2020-01,2020-01-31,12,False,False,DWY,0.045095529939177405,BUY,0.6514210883807166,462973.4099999997,0.967940422199015,2020-01,P_selected_maxalpha_constrained,0.8039
4,2020-01,2020-01-31,12,False,False,JET,0.04441169012052834,NEUTRAL,0.07261427241834563,1266801.075,0.9999999139912917,2020-01,P_selected_maxalpha_constrained,0.8039
4,2020-01,2020-01-31,12,False,False,SMI,0.04322709608630594,BUY,0.9045273356380898,1745267.15,0.9999999999592788,2020-01,P_selected_maxalpha_constrained,0.8039
4,2020-01,2020-01-31,12,False,False,INV,0.04140966352320516,BUY,1.1543034638217613,10229.567500000003,0.021117140613169615,2020-01,P_selected_maxalpha_constrained,0.8039
4,2020-01,2020-01-31,12,False,False,SRM,0.037393265781925505,BUY,0.7962328278336317,1378.75,0.018380020769437344,2020-01,P_selected_maxalpha_constrained,0.8039
4,2020-01,2020-01-31,12,False,False,TQM,0.03395001006422582,NEUTRAL,-0.09086883458981557,2628342.525,1.0,2020-01,P_selected_maxalpha_constrained,0.8039
4,2020-01,2020-01-31,12,False,False,CMT,0.028122700558838924,BUY,0.48804294722624436,1796759.2,0.9999999999821345,2020-01,P_selected_maxalpha_constrained,0.8039
4,2020-01,2020-01-31,12,False,False,CIH,0.027144258408058734,NEUTRAL,-0.02730689340649782,4080834.755,1.0,2020-01,P_selected_maxalpha_constrained,0.8039
4,2020-01,2020-01-31,12,False,False,TMA,0.02683857560089558,NEUTRAL,-0.021264218289127196,2321400.1125,0.999999999999996,2020-01,P_selected_maxalpha_constrained,0.8039
4,2020-01,2020-01-31,12,False,False,LES,0.022090074654489325,NEUTRAL,0.040009308576168044,1145709.0775000008,0.9999994029982766,2020-01,P_selected_maxalpha_constrained,0.8039
4,2020-01,2020-01-31,12,False,False,AGM,0.018652369973009952,BUY,0.31335998191203007,9448.35,0.020860302000005118,2020-01,P_selected_maxalpha_constrained,0.8039
4,2020-01,2020-01-31,12,False,False,SBM,0.017716691638075932,NEUTRAL,-0.07919506935908771,1793282.5,0.9999999999811124,2020-01,P_selected_maxalpha_constrained,0.8039
4,2020-01,2020-01-31,12,False,False,BCP,0.016245734457233818,NEUTRAL,-0.04594767111429096,9755316.620000001,1.0,2020-01,P_selected_maxalpha_constrained,0.8039
4,2020-01,2020-01-31,12,False,False,BCI,0.015922511745410865,BUY,0.2320687199515201,2165670.555,0.9999999999999512,2020-01,P_selected_maxalpha_constrained,0.8039
4,2020-01,2020-01-31,12,False,False,LBV,0.012489919476647774,BUY,0.35089675461029884,8508473.55,1.0,2020-01,P_selected_maxalpha_constrained,0.8039
4,2020-01,2020-01-31,12,False,False,REB,0.009655784815122725,NEUTRAL,0.055929982573952305,438.9,0.01811066530685876,2020-01,P_selected_maxalpha_constrained,0.8039
4,2020-01,2020-01-31,12,False,False,HPS,0.008578990774483479,NEUTRAL,0.06628726632872835,3397880.375,1.0,2020-01,P_selected_maxalpha_constrained,0.8039
4,2020-01,2020-01-31,12,False,False,LHM,0.007300737204594952,NEUTRAL,-0.09942316616896005,11529543.85,1.0,2020-01,P_selected_maxalpha_constrained,0.8039
4,2020-01,2020-01-31,12,False,False,DHO,0.006809699046374945,BUY,0.2461397452312159,404827.9795000001,0.9225313250803971,2020-01,P_selected_maxalpha_constrained,0.8039
4,2020-01,2020-01-31,12,False,False,ATL,0.006721654291630686,NEUTRAL,0.03059770667475585,1074620.8614999999,0.9999981381420033,2020-01,P_selected_maxalpha_constrained,0.8039
4,2020-01,2020-01-31,12,False,False,RIS,0.002620304959742561,BUY,0.3320940802431895,239505.63500000015,0.4581208877734982,2020-01,P_selected_maxalpha_constrained,0.8039
4,2020-01,2020-01-31,12,False,False,ALM,0.002502009320095029,NEUTRAL,-0.09622749517279434,200553.8,0.31192411344255844,2020-01,P_selected_maxalpha_constrained,0.8039
4,2020-01,2020-01-31,12,False,False,OUL,0.0016141282972315988,BUY,0.7382368009615509,518.0,0.018133184784036672,2020-01,P_selected_maxalpha_constrained,0.8039
4,2020-01,2020-01-31,12,False,False,PRO,0.0007935665316826937,BUY,0.3868723334762274,72307.0,0.05503970899781012,2020-01,P_selected_maxalpha_constrained,0.8039
4,2020-01,2020-01-31,12,False,False,CSR,0.0007582892772941582,NEUTRAL,-0.06160368219810958,6911096.959999999,1.0,2020-01,P_selected_maxalpha_constrained,0.8039
4,2020-01,2020-01-31,12,False,False,SNP,0.0007437328493000314,BUY,0.36312555218477227,172612.0799999999,0.22474828631476926,2020-01,P_selected_maxalpha_constrained,0.8039
4,2020-02,2020-02-28,14,False,False,MUT,0.16194646511254163,BUY,0.4689715723276802,3428438.4949999996,1.0,2020-02,P_selected_maxalpha_constrained,0.6445
4,2020-02,2020-02-28,14,False,False,EQD,0.14549060405979203,BUY,2.1418695894321025,198931.7,0.3063811259985233,2020-02,P_selected_maxalpha_constrained,0.6445
4,2020-02,2020-02-28,14,False,False,MIC,0.07823312385805502,BUY,1.8022096072126126,1601390.95,0.9999999995930193,2020-02,P_selected_maxalpha_constrained,0.6445
4,2020-02,2020-02-28,14,False,False,TQM,0.06527133508051201,NEUTRAL,-0.04789239480784549,1491478.5,0.9999999976377612,2020-02,P_selected_maxalpha_constrained,0.6445
4,2020-02,2020-02-28,14,False,False,JET,0.0638297750780475,BUY,0.34617728179771423,251459.77000000002,0.5058388145710299,2020-02,P_selected_maxalpha_constrained,0.6445
4,2020-02,2020-02-28,14,False,False,CMT,0.063466014458681,BUY,0.6791767240082279,1461601.95,0.9999999961899793,2020-02,P_selected_maxalpha_constrained,0.6445
4,2020-02,2020-02-28,14,False,False,AFM,0.058469976624026386,BUY,0.7938211828797811,5908.3,0.01973426554409166,2020-02,P_selected_maxalpha_constrained,0.6445
4,2020-02,2020-02-28,14,False,False,RDS,0.04665492901541111,BUY,0.6639997099333033,453405.75599999994,0.9628341947361193,2020-02,P_selected_maxalpha_constrained,0.6445
4,2020-02,2020-02-28,14,False,False,DRI,0.043671057162424747,NEUTRAL,-0.1048724364143476,19311.85,0.024339588636354905,2020-02,P_selected_maxalpha_constrained,0.6445
4,2020-02,2020-02-28,14,False,False,GAZ,0.04118486584385505,NEUTRAL,0.023931556825846266,594075.0,0.9959508865913173,2020-02,P_selected_maxalpha_constrained,0.6445
4,2020-02,2020-02-28,14,False,False,AGM,0.04069023353473836,BUY,0.23050614246359746,40043.0,0.0335915507689947,2020-02,P_selected_maxalpha_constrained,0.6445
4,2020-02,2020-02-28,14,False,False,TMA,0.028490634451151815,NEUTRAL,-0.037902113811448174,3545561.4375,1.0,2020-02,P_selected_maxalpha_constrained,0.6445
4,2020-02,2020-02-28,14,False,False,MDP,0.02710704556094922,BUY,1.1898756560663317,6954.200500000094,0.02006060488824648,2020-02,P_selected_maxalpha_constrained,0.6445
4,2020-02,2020-02-28,14,False,False,SBM,0.025608862714324644,NEUTRAL,-0.09872805740811769,1296547.5,0.9999999465628722,2020-02,P_selected_maxalpha_constrained,0.6445
4,2020-02,2020-02-28,14,False,False,DWY,0.02455068035418321,BUY,0.967985716645503,223852.17249999964,0.39690799994587744,2020-02,P_selected_maxalpha_constrained,0.6445
4,2020-02,2020-02-28,14,False,False,LBV,0.01960017874520344,BUY,0.5544321250783324,4701260.55,1.0,2020-02,P_selected_maxalpha_constrained,0.6445
4,2020-02,2020-02-28,14,False,False,OUL,0.013624967773122887,NEUTRAL,-0.016201172605122938,3884.5,0.019117509952007564,2020-02,P_selected_maxalpha_constrained,0.6445
4,2020-02,2020-02-28,14,False,False,COL,0.0134490641714988,NEUTRAL,-0.022882105987822934,19027.648999999998,0.024231838353108052,2020-02,P_selected_maxalpha_constrained,0.6445
4,2020-02,2020-02-28,14,False,False,HPS,0.008904435856885122,NEUTRAL,0.07060572082289088,1205720.2799999998,0.9999997714531714,2020-02,P_selected_maxalpha_constrained,0.6445
4,2020-02,2020-02-28,14,False,False,SNP,0.0061595125648744396,NEUTRAL,0.008285792174036114,248105.35749999993,0.4924220103107658,2020-02,P_selected_maxalpha_constrained,0.6445
4,2020-02,2020-02-28,14,False,False,CIH,0.0050328320544706,NEUTRAL,-0.05585182736716771,4169496.472499999,1.0,2020-02,P_selected_maxalpha_constrained,0.6445
4,2020-02,2020-02-28,14,False,False,ADH,0.00406190196422458,NEUTRAL,-0.04083374812301098,879862.7615000015,0.9999580002202886,2020-02,P_selected_maxalpha_constrained,0.6445
4,2020-02,2020-02-28,14,False,False,PRO,0.003931595072572096,BUY,0.6063297177636353,58159.104999999996,0.044384966821006365,2020-02,P_selected_maxalpha_constrained,0.6445
4,2020-02,2020-02-28,14,False,False,CTM,0.003573615688647565,NEUTRAL,-0.019752775149078437,40427.665,0.0337919243779255,2020-02,P_selected_maxalpha_constrained,0.6445
4,2020-02,2020-02-28,14,False,False,INV,0.0032882578909007383,BUY,1.64872375270885,3784.662500000003,0.019087578456655856,2020-02,P_selected_maxalpha_constrained,0.6445
4,2020-02,2020-02-28,14,False,False,MSA,0.001904962771354476,BUY,0.2865476101064395,9517217.48,1.0,2020-02,P_selected_maxalpha_constrained,0.6445
4,2020-02,2020-02-28,14,False,False,DHO,0.0010344337880778993,BUY,0.3314160181845129,445576.7460000001,0.9580823974163675,2020-02,P_selected_maxalpha_constrained,0.6445
4,2020-02,2020-02-28,14,False,False,ATL,0.0003873317907086435,NEUTRAL,0.05423143737918293,285290.3899999999,0.6375269074927264,2020-02,P_selected_maxalpha_constrained,0.6445
4,2020-02,2020-02-28,14,False,False,M2M,0.00014716770350307282,BUY,0.3390395595953886,154394.11000000002,0.17803842652774104,2020-02,P_selected_maxalpha_constrained,0.6445
4,2020-02,2020-02-28,14,False,False,SID,0.00011850756452871504,NEUTRAL,-0.09774607609346705,175133.69,0.2318559583726463,2020-02,P_selected_maxalpha_constrained,0.6445
4,2020-03,2020-03-31,16,False,False,SOT,0.24413947334541067,BUY,3.7502627241446183,261889.1875,0.5474138584353674,2020-03,P_selected_maxalpha_constrained,0.3561
4,2020-03,2020-03-31,16,False,False,AGM,0.1647419090497403,BUY,0.4151723045054404,94773.65,0.07701437268452131,2020-03,P_selected_maxalpha_constrained,0.3561
4,2020-03,2020-03-31,16,False,False,PRO,0.1050414654382581,NEUTRAL,0.043269539669037474,3528.6,0.01901102028040698,2020-03,P_selected_maxalpha_constrained,0.3561
4,2020-03,2020-03-31,16,False,False,AFM,0.07108066650036997,BUY,0.7713926888398766,77980.35,0.0599560745553538,2020-03,P_selected_maxalpha_constrained,0.3561
4,2020-03,2020-03-31,16,False,False,OUL,0.05587086499862004,BUY,0.38083412362391833,747.1,0.018198563899434687,2020-03,P_selected_maxalpha_constrained,0.3561
4,2020-03,2020-03-31,16,False,False,CDM,0.05574365108585237,BUY,0.4650610437349124,12582.5,0.021909540047947224,2020-03,P_selected_maxalpha_constrained,0.3561
4,2020-03,2020-03-31,16,False,False,EQD,0.05120303269294389,BUY,0.8964007479237661,849406.05,0.9999316292306327,2020-03,P_selected_maxalpha_constrained,0.3561
4,2020-03,2020-03-31,16,False,False,MUT,0.04260824645713521,BUY,0.3917945910500073,3111296.3075,1.0,2020-03,P_selected_maxalpha_constrained,0.3561
4,2020-03,2020-03-31,16,False,False,M2M,0.03616541351100442,NEUTRAL,0.011322275453788569,66090.175,0.05008946023899329,2020-03,P_selected_maxalpha_constrained,0.3561
4,2020-03,2020-03-31,16,False,False,DWY,0.03561525009325535,BUY,0.41417695240941166,923597.1799999997,0.9999791378853968,2020-03,P_selected_maxalpha_constrained,0.3561
4,2020-03,2020-03-31,16,False,False,SMI,0.03468452858864412,BUY,0.4298492877540915,147675.35,0.16284718265096315,2020-03,P_selected_maxalpha_constrained,0.3561
4,2020-03,2020-03-31,16,False,False,RDS,0.02733532586802674,BUY,1.0015621975668094,742460.3395,0.9996216700401849,2020-03,P_selected_maxalpha_constrained,0.3561
4,2020-03,2020-03-31,16,False,False,INV,0.02566478477191896,BUY,1.775639771024377,1132.3500000000029,0.0183090261097346,2020-03,P_selected_maxalpha_constrained,0.3561
4,2020-03,2020-03-31,16,False,False,JET,0.02530267218297237,NEUTRAL,0.08974978236360345,572731.365,0.9943120536819903,2020-03,P_selected_maxalpha_constrained,0.3561
4,2020-03,2020-03-31,16,False,False,COL,0.01229539742141328,NEUTRAL,-0.010627071229993356,118724.88149999999,0.10905776516885454,2020-03,P_selected_maxalpha_constrained,0.3561
4,2020-03,2020-03-31,16,False,False,TQM,0.004864317384723602,NEUTRAL,0.020718906756744607,4756859.41,1.0,2020-03,P_selected_maxalpha_constrained,0.3561
4,2020-03,2020-03-31,16,False,False,RIS,0.0029286077423630935,NEUTRAL,0.03854439655193858,169243.40250000008,0.2154966361745235,2020-03,P_selected_maxalpha_constrained,0.3561
4,2020-03,2020-03-31,16,False,False,TMA,0.0015611490827554153,NEUTRAL,-0.040455716924910096,4800571.65,1.0,2020-03,P_selected_maxalpha_constrained,0.3561
4,2020-03,2020-03-31,16,False,False,BCI,0.0008641466981662753,NEUTRAL,0.0871265561026906,1820365.0349999997,0.9999999999877542,2020-03,P_selected_maxalpha_constrained,0.3561
4,2020-03,2020-03-31,16,False,False,MIC,0.0008101748584983618,NEUTRAL,0.06223498200197464,895588.695,0.9999673430146108,2020-03,P_selected_maxalpha_constrained,0.3561
4,2020-03,2020-03-31,16,False,False,LBV,0.0004947434466073144,NEUTRAL,0.01560381794623341,12450973.3,1.0,2020-03,P_selected_maxalpha_constrained,0.3561
4,2020-03,2020-03-31,16,False,False,SNP,0.000228193966409898,BUY,0.22404918756826347,664384.07,0.9986817685101665,2020-03,P_selected_maxalpha_constrained,0.3561
4,2020-03,2020-03-31,16,False,False,MSA,0.00021932926145307367,NEUTRAL,-0.10455520120370917,14670695.834999999,1.0,2020-03,P_selected_maxalpha_constrained,0.3561
4,2020-03,2020-03-31,16,False,False,CMT,0.0001423532102646275,BUY,0.3675662646817638,1301514.8,0.999999950645498,2020-03,P_selected_maxalpha_constrained,0.3561
4,2020-03,2020-03-31,16,False,False,CIH,0.000128938866960617,NEUTRAL,-0.05305123006519974,4052100.0575,1.0,2020-03,P_selected_maxalpha_constrained,0.3561
4,2020-03,2020-03-31,16,False,False,DHO,0.0001125984510758673,BUY,0.22470758929892704,573609.7920000001,0.9943909923758028,2020-03,P_selected_maxalpha_constrained,0.3561
4,2020-03,2020-03-31,16,False,False,NKL,0.00010910631262512825,NEUTRAL,0.07676018396707603,6734.189999999998,0.01999152158787773,2020-03,P_selected_maxalpha_constrained,0.3561
4,2020-04,2020-04-30,6,False,False,CDM,0.4,BUY,1.2665907385264086,684352.5,0.9990419384377116,2020-04,P_selected_maxalpha_constrained,0.6495
4,2020-04,2020-04-30,6,False,False,MOX,0.15562620292203327,BUY,3.0322256681221385,0.0,0.01798620996209156,2020-04,P_selected_maxalpha_constrained,0.6495
4,2020-04,2020-04-30,6,False,False,TMA,0.11502536930830436,BUY,0.8366531812170722,2275594.65,0.9999999999999916,2020-04,P_selected_maxalpha_constrained,0.6495
4,2020-04,2020-04-30,6,False,False,MUT,0.07811102316951002,NEUTRAL,0.1047389452222923,931351.9525,0.9999815721908594,2020-04,P_selected_maxalpha_constrained,0.6495
4,2020-04,2020-04-30,6,False,False,INV,0.07389639438679711,BUY,1.4393451298503734,4870.867500000003,0.01941570916434402,2020-04,P_selected_maxalpha_constrained,0.6495
4,2020-04,2020-04-30,6,False,False,AGM,0.05143247408744543,BUY,0.7460325368019706,169606.5,0.21648041107099902,2020-04,P_selected_maxalpha_constrained,0.6495
4,2020-04,2020-04-30,6,False,False,AFM,0.026364976976354794,BUY,0.6707091572994789,18161.75,0.023906406485634125,2020-04,P_selected_maxalpha_constrained,0.6495
4,2020-04,2020-04-30,6,False,False,DWY,0.022702138149504822,BUY,0.6330345686793178,107556.25749999953,0.09286875517692465,2020-04,P_selected_maxalpha_constrained,0.6495
4,2020-04,2020-04-30,6,False,False,LBV,0.014706667793013247,NEUTRAL,0.07902950972065337,4322561.55,1.0,2020-04,P_selected_maxalpha_constrained,0.6495
4,2020-04,2020-04-30,6,False,False,RDS,0.01030279239848081,BUY,0.7080697623559316,3741394.8140000002,1.0,2020-04,P_selected_maxalpha_constrained,0.6495
4,2020-04,2020-04-30,6,False,False,EQD,0.009247281162152397,BUY,1.6328570140746976,25203.3,0.02668133705154264,2020-04,P_selected_maxalpha_constrained,0.6495
4,2020-04,2020-04-30,6,False,False,SNP,0.008069104163721537,BUY,0.826003248206817,119934.22999999991,0.11095212152195225,2020-04,P_selected_maxalpha_constrained,0.6495
4,2020-04,2020-04-30,6,False,False,NKL,0.007411623750831189,NEUTRAL,-0.04994228821762814,550.2324999999985,0.018142369137152427,2020-04,P_selected_maxalpha_constrained,0.6495
4,2020-04,2020-04-30,6,False,False,ALM,0.006192742253486276,BUY,0.4669008999562723,14090.6,0.022432634711844094,2020-04,P_selected_maxalpha_constrained,0.6495
4,2020-04,2020-04-30,6,False,False,M2M,0.005830854319894038,BUY,0.45671571848782644,2276.3324999999995,0.0186409306648364,2020-04,P_selected_maxalpha_constrained,0.6495
4,2020-04,2020-04-30,6,False,False,CIH,0.004875401617992912,NEUTRAL,-0.06111174589867405,1160754.2174999998,0.999999530720806,2020-04,P_selected_maxalpha_constrained,0.6495
4,2020-04,2020-04-30,6,False,False,TQM,0.003519719809814508,NEUTRAL,-0.013428051789137876,1640974.325,0.9999999997839668,2020-04,P_selected_maxalpha_constrained,0.6495
4,2020-04,2020-04-30,6,False,False,CMT,0.002125317912465182,NEUTRAL,0.07707663721292393,970643.975,0.9999901723766446,2020-04,P_selected_maxalpha_constrained,0.6495
4,2020-04,2020-04-30,6,False,False,DHO,0.0016168567766569417,BUY,0.2283063601512575,204982.39700000008,0.327330965137829,2020-04,P_selected_maxalpha_constrained,0.6495
4,2020-04,2020-04-30,6,False,False,SMI,0.000875548283189326,NEUTRAL,0.06999846070035423,61270.95,0.04654534805396028,2020-04,P_selected_maxalpha_constrained,0.6495
4,2020-04,2020-04-30,6,False,False,BCI,0.0005200003536674476,NEUTRAL,-0.04338696960336497,793430.7,0.9998325889889225,2020-04,P_selected_maxalpha_constrained,0.6495
4,2020-04,2020-04-30,6,False,False,MIC,0.00048378300033065933,NEUTRAL,0.08957562192949711,66273.9125,0.050229522563295784,2020-04,P_selected_maxalpha_constrained,0.6495
4,2020-04,2020-04-30,6,False,False,COL,0.0003403185100524173,NEUTRAL,0.014183644590345094,10242.880000000001,0.021121544029398354,2020-04,P_selected_maxalpha_constrained,0.6495
4,2020-04,2020-04-30,6,False,False,ATL,0.00033975094395750276,NEUTRAL,-0.07645053352458638,1271837.619,0.9999999206503646,2020-04,P_selected_maxalpha_constrained,0.6495
4,2020-04,2020-04-30,6,False,False,MDP,0.0002169212098338869,BUY,0.9323544003090984,3504.8510000000933,0.019003935025317047,2020-04,P_selected_maxalpha_constrained,0.6495
4,2020-04,2020-04-30,6,False,False,GAZ,0.0001372753200506632,NEUTRAL,-0.07095976882869552,622503.5,0.9974268705746654,2020-04,P_selected_maxalpha_constrained,0.6495
4,2020-05,2020-05-29,6,False,False,AGM,0.20051085873186142,BUY,2.139471204957479,53175.75,0.04112328518705979,2020-05,P_selected_maxalpha_constrained,0.4781
4,2020-05,2020-05-29,6,False,False,EQD,0.1284988117945973,BUY,1.4059938270097598,381401.35,0.8911383227967002,2020-05,P_selected_maxalpha_constrained,0.4781
4,2020-05,2020-05-29,6,False,False,TMA,0.12782448424775397,BUY,1.8555894056769495,2098179.75,0.9999999999998563,2020-05,P_selected_maxalpha_constrained,0.4781
4,2020-05,2020-05-29,6,False,False,AFM,0.10294122565411994,BUY,0.9579104003511593,20043.45,0.024619116735429842,2020-05,P_selected_maxalpha_constrained,0.4781
4,2020-05,2020-05-29,6,False,False,GAZ,0.05811829797994697,BUY,0.23698306523674945,294368.45,0.670378002426336,2020-05,P_selected_maxalpha_constrained,0.4781
4,2020-05,2020-05-29,6,False,False,TQM,0.05685920159871866,BUY,0.252473739847511,2492234.445,0.9999999999999998,2020-05,P_selected_maxalpha_constrained,0.4781
4,2020-05,2020-05-29,6,False,False,INV,0.052317260027580026,BUY,1.3529369443353472,9825.720000000003,0.02098398486013575,2020-05,P_selected_maxalpha_constrained,0.4781
4,2020-05,2020-05-29,6,False,False,LBV,0.043252316399626095,BUY,0.23544394266054064,5376988.2,1.0,2020-05,P_selected_maxalpha_constrained,0.4781
4,2020-05,2020-05-29,6,False,False,MDP,0.037176248788502474,BUY,1.5938874004798165,9128.233500000093,0.020755943493684738,2020-05,P_selected_maxalpha_constrained,0.4781
4,2020-05,2020-05-29,6,False,False,PRO,0.029940544713326456,BUY,0.4508176645298825,5296.74,0.019545864085483308,2020-05,P_selected_maxalpha_constrained,0.4781
4,2020-05,2020-05-29,6,False,False,OUL,0.027719433110107904,NEUTRAL,-0.1069843985475088,65.4,0.018004701542955175,2020-05,P_selected_maxalpha_constrained,0.4781
4,2020-05,2020-05-29,6,False,False,IAM,0.026256074935781665,NEUTRAL,0.05197058528231582,15121149.232499998,1.0,2020-05,P_selected_maxalpha_constrained,0.4781
4,2020-05,2020-05-29,6,False,False,ATH,0.016868561599504513,NEUTRAL,-0.06531544272422089,200687.492,0.3123834016347147,2020-05,P_selected_maxalpha_constrained,0.4781
4,2020-05,2020-05-29,6,False,False,SNP,0.01441127491825393,NEUTRAL,0.08361535839402932,360448.8599999999,0.8541068451904579,2020-05,P_selected_maxalpha_constrained,0.4781
4,2020-05,2020-05-29,6,False,False,SMI,0.013834127230603198,NEUTRAL,0.04985242591027947,195101.4,0.29351409282277097,2020-05,P_selected_maxalpha_constrained,0.4781
4,2020-05,2020-05-29,6,False,False,MUT,0.012854815867790057,BUY,0.5099108928434767,629594.77,0.9977022312432804,2020-05,P_selected_maxalpha_constrained,0.4781
4,2020-05,2020-05-29,6,False,False,ATL,0.01231188882734379,NEUTRAL,0.10612404240387599,390144.81949999987,0.9039857615401989,2020-05,P_selected_maxalpha_constrained,0.4781
4,2020-05,2020-05-29,6,False,False,COL,0.01181345635125945,BUY,0.2649091207307283,5777.727000000001,0.01969389148041867,2020-05,P_selected_maxalpha_constrained,0.4781
4,2020-05,2020-05-29,6,False,False,DWY,0.01164139552951941,BUY,0.394804495792047,256567.51499999952,0.5262459141410213,2020-05,P_selected_maxalpha_constrained,0.4781
4,2020-05,2020-05-29,6,False,False,DHO,0.004769622312257992,NEUTRAL,0.005808179954285026,205599.86300000007,0.32950997655274344,2020-05,P_selected_maxalpha_constrained,0.4781
4,2020-05,2020-05-29,6,False,False,NKL,0.004720248115014494,NEUTRAL,-0.08376811495471492,2028.2544999999986,0.018568458003270817,2020-05,P_selected_maxalpha_constrained,0.4781
4,2020-05,2020-05-29,6,False,False,MIC,0.002567364438054921,NEUTRAL,-0.0366623065423297,909098.5974999999,0.9999736911156867,2020-05,P_selected_maxalpha_constrained,0.4781
4,2020-05,2020-05-29,6,False,False,M2M,0.0016349588730176666,NEUTRAL,0.06792796211927891,77924.6475,0.059905862767034294,2020-05,P_selected_maxalpha_constrained,0.4781
4,2020-05,2020-05-29,6,False,False,LES,0.0006238716889483407,NEUTRAL,-0.06998746112861541,48168.31000000074,0.038077620489704436,2020-05,P_selected_maxalpha_constrained,0.4781
4,2020-05,2020-05-29,6,False,False,RDS,0.0004884101891144247,BUY,0.5719010605671148,396637.7525,0.9126320311257966,2020-05,P_selected_maxalpha_constrained,0.4781
4,2020-06,2020-06-30,0,False,False,CDM,0.18068548250704392,BUY,0.7229807890643585,405775.4,0.9236077628915849,2020-06,P_selected_maxalpha_constrained,0.4218
4,2020-06,2020-06-30,0,False,False,SRM,0.1769494007259744,BUY,3.2767725285946776,156.79749999999999,0.018030575078485992,2020-06,P_selected_maxalpha_constrained,0.4218
4,2020-06,2020-06-30,0,False,False,MOX,0.11903804213608243,BUY,0.9144688312905873,94875.25,0.07713000495184075,2020-06,P_selected_maxalpha_constrained,0.4218
4,2020-06,2020-06-30,0,False,False,OUL,0.1100157588074919,BUY,0.7080880494655306,826.0,0.018221133399475904,2020-06,P_selected_maxalpha_constrained,0.4218
4,2020-06,2020-06-30,0,False,False,IAM,0.07748727727933581,BUY,0.2892449524994192,16048739.127500001,1.0,2020-06,P_selected_maxalpha_constrained,0.4218
4,2020-06,2020-06-30,0,False,False,PRO,0.06407533764488206,BUY,0.6620723234550414,4673.205,0.0193555886741072,2020-06,P_selected_maxalpha_constrained,0.4218
4,2020-06,2020-06-30,0,False,False,EQD,0.05996521962686657,BUY,0.6310124599395468,945652.3,0.9999853409323123,2020-06,P_selected_maxalpha_constrained,0.4218
4,2020-06,2020-06-30,0,False,False,NEJ,0.05589564122897307,BUY,0.6288798446785996,114.05,0.01801846923400843,2020-06,P_selected_maxalpha_constrained,0.4218
4,2020-06,2020-06-30,0,False,False,DWY,0.04096739030599586,BUY,0.5561382108605339,1612478.5299999996,0.9999999996591766,2020-06,P_selected_maxalpha_constrained,0.4218
4,2020-06,2020-06-30,0,False,False,AFM,0.03258583834678802,BUY,0.8176407098529388,6239.3,0.0198369767381782,2020-06,P_selected_maxalpha_constrained,0.4218
4,2020-06,2020-06-30,0,False,False,RDS,0.025920154777010172,BUY,0.39024786041642856,433411.0854999999,0.949529489285567,2020-06,P_selected_maxalpha_constrained,0.4218
4,2020-06,2020-06-30,0,False,False,ATL,0.014975191196518365,NEUTRAL,0.0268269515202139,235170.60849999994,0.4409591605106959,2020-06,P_selected_maxalpha_constrained,0.4218
4,2020-06,2020-06-30,0,False,False,SNP,0.014249437707164473,NEUTRAL,0.05517515199159631,551528.1149999999,0.9920330116777498,2020-06,P_selected_maxalpha_constrained,0.4218
4,2020-06,2020-06-30,0,False,False,BCI,0.004286977347776863,NEUTRAL,0.04376349508366732,1175081.78,0.9999996268587688,2020-06,P_selected_maxalpha_constrained,0.4218
4,2020-06,2020-06-30,0,False,False,BOA,0.004155734259620552,NEUTRAL,0.032871315342801355,5289410.52,1.0,2020-06,P_selected_maxalpha_constrained,0.4218
4,2020-06,2020-06-30,0,False,False,DRI,0.0035820450369160326,NEUTRAL,0.012433289354829152,57490.05,0.043933128031693434,2020-06,P_selected_maxalpha_constrained,0.4218
4,2020-06,2020-06-30,0,False,False,INV,0.003234782285706387,BUY,0.5826191730032333,6637.650000000003,0.019961281643365386,2020-06,P_selected_maxalpha_constrained,0.4218
4,2020-06,2020-06-30,0,False,False,MDP,0.002265085330115986,BUY,0.7291671164710913,44697.856000000094,0.03609514217649605,2020-06,P_selected_maxalpha_constrained,0.4218
4,2020-06,2020-06-30,0,False,False,HPS,0.0017092709448684883,BUY,0.3205065528667932,1738570.6049999997,0.9999999999546736,2020-06,P_selected_maxalpha_constrained,0.4218
4,2020-06,2020-06-30,0,False,False,ALM,0.00138654120388689,NEUTRAL,0.008324613885429627,4800.0,0.01939413327806055,2020-06,P_selected_maxalpha_constrained,0.4218
4,2020-06,2020-06-30,0,False,False,LBV,0.0013438915532440292,BUY,0.7323363271662894,8313081.45,1.0,2020-06,P_selected_maxalpha_constrained,0.4218
4,2020-06,2020-06-30,0,False,False,COL,0.0012499282123778794,NEUTRAL,0.005811932704068809,8471.73,0.02054351844696044,2020-06,P_selected_maxalpha_constrained,0.4218
4,2020-06,2020-06-30,0,False,False,NKL,0.0010519132023937355,NEUTRAL,0.07515039557991599,28.462499999998546,0.01799425532439212,2020-06,P_selected_maxalpha_constrained,0.4218
4,2020-06,2020-06-30,0,False,False,GAZ,0.0009857452031993789,NEUTRAL,-0.008260289499168386,287705.0,0.6464063595220699,2020-06,P_selected_maxalpha_constrained,0.4218
4,2020-06,2020-06-30,0,False,False,MIC,0.0007414496041504653,BUY,0.27413650331007117,3977525.7800000003,1.0,2020-06,P_selected_maxalpha_constrained,0.4218
4,2020-06,2020-06-30,0,False,False,LES,0.0005611200407541493,NEUTRAL,-0.025155894533296204,99839.39750000075,0.08297695836021941,2020-06,P_selected_maxalpha_constrained,0.4218
4,2020-06,2020-06-30,0,False,False,MSA,0.0002458793310962457,NEUTRAL,0.04989754639578091,4853221.6525,1.0,2020-06,P_selected_maxalpha_constrained,0.4218
4,2020-06,2020-06-30,0,False,False,SMI,0.0001909195946672312,NEUTRAL,-0.014897648340249273,358667.8,0.8505199335688716,2020-06,P_selected_maxalpha_constrained,0.4218
4,2020-06,2020-06-30,0,False,False,MUT,0.00015368843903493533,BUY,0.30380281848157076,5212488.3525,1.0,2020-06,P_selected_maxalpha_constrained,0.4218
4,2020-07,2020-07-29,5,False,False,UMR,0.15377606755000633,BUY,0.8214014580868628,16.5075,0.01799087563001326,2020-07,P_selected_maxalpha_constrained,0.4207
4,2020-07,2020-07-29,5,False,False,SOT,0.10276747189493612,BUY,0.8640927123269452,37861.25,0.03247659310751169,2020-07,P_selected_maxalpha_constrained,0.4207
4,2020-07,2020-07-29,5,False,False,DRI,0.09309563660815413,BUY,0.623025787857741,2042.1,0.018572495487104115,2020-07,P_selected_maxalpha_constrained,0.4207
4,2020-07,2020-07-29,5,False,False,CDM,0.08488048298834355,BUY,0.5690287105709085,85197.1,0.06680436749137274,2020-07,P_selected_maxalpha_constrained,0.4207
4,2020-07,2020-07-29,5,False,False,SMI,0.07582637423230819,BUY,0.972633163901492,573366.8,0.9943692658545167,2020-07,P_selected_maxalpha_constrained,0.4207
4,2020-07,2020-07-29,5,False,False,IAM,0.06510790695948906,BUY,0.39620952777631585,9635744.745000001,1.0,2020-07,P_selected_maxalpha_constrained,0.4207
4,2020-07,2020-07-29,5,False,False,MIC,0.06475390700006375,BUY,0.7236615202586285,857982.2750000004,0.9999403952927607,2020-07,P_selected_maxalpha_constrained,0.4207
4,2020-07,2020-07-29,5,False,False,DWY,0.06373900660576634,BUY,0.6348645137404528,495849.71499999956,0.9808025826232469,2020-07,P_selected_maxalpha_constrained,0.4207
4,2020-07,2020-07-29,5,False,False,TMA,0.06305454314545321,BUY,0.5239167365564492,1844212.875,0.9999999999916387,2020-07,P_selected_maxalpha_constrained,0.4207
4,2020-07,2020-07-29,5,False,False,CIH,0.06210278861816299,BUY,1.144713197713974,40807.225,0.03399076907598497,2020-07,P_selected_maxalpha_constrained,0.4207
4,2020-07,2020-07-29,5,False,False,M2M,0.05753705016142248,BUY,0.588802968276979,448843.8,0.9601321539596722,2020-07,P_selected_maxalpha_constrained,0.4207
4,2020-07,2020-07-29,5,False,False,MDP,0.02008771965639209,BUY,0.316456966139932,12449.643500000093,0.021864033512814816,2020-07,P_selected_maxalpha_constrained,0.4207
4,2020-07,2020-07-29,5,False,False,GAZ,0.01803095491496857,BUY,0.23414299928860233,186103.4,0.26457075797671664,2020-07,P_selected_maxalpha_constrained,0.4207
4,2020-07,2020-07-29,5,False,False,MOX,0.017838802060160256,BUY,0.8821095723076657,89688.625,0.07142640639253309,2020-07,P_selected_maxalpha_constrained,0.4207
4,2020-07,2020-07-29,5,False,False,PRO,0.013614825980925676,BUY,0.40698758827989123,1899.1299999999999,0.018530845470146478,2020-07,P_selected_maxalpha_constrained,0.4207
4,2020-07,2020-07-29,5,False,False,OUL,0.011550108807502953,BUY,0.544110589767667,388.8,0.018096416224235103,2020-07,P_selected_maxalpha_constrained,0.4207
4,2020-07,2020-07-29,5,False,False,NEJ,0.00861230900543263,BUY,0.6268670366924239,33660.8,0.03042989704099385,2020-07,P_selected_maxalpha_constrained,0.4207
4,2020-07,2020-07-29,5,False,False,S2M,0.0068312618677217754,NEUTRAL,-0.10814387155230115,28846.420000000002,0.028237589763605856,2020-07,P_selected_maxalpha_constrained,0.4207
4,2020-07,2020-07-29,5,False,False,MNG,0.00532496943069619,BUY,0.5220008774017926,39444850.440000005,1.0,2020-07,P_selected_maxalpha_constrained,0.4207
4,2020-07,2020-07-29,5,False,False,NKL,0.003658669848546854,NEUTRAL,-0.03656731892327454,386.79849999999857,0.018095847200611928,2020-07,P_selected_maxalpha_constrained,0.4207
4,2020-07,2020-07-29,5,False,False,BOA,0.0033814167784138025,NEUTRAL,-0.012139478424233643,1080796.4725,0.9999983133145832,2020-07,P_selected_maxalpha_constrained,0.4207
4,2020-07,2020-07-29,5,False,False,LBV,0.002119152956857731,BUY,0.22127993778269647,3879441.85,1.0,2020-07,P_selected_maxalpha_constrained,0.4207
4,2020-07,2020-07-29,5,False,False,ATL,0.0006282234022773806,BUY,0.6383874616509223,114582.51999999997,0.10278282484076331,2020-07,P_selected_maxalpha_constrained,0.4207
4,2020-07,2020-07-29,5,False,False,LES,0.00046969889677311844,NEUTRAL,-0.07632859674459386,133525.96000000075,0.13428577982912496,2020-07,P_selected_maxalpha_constrained,0.4207
4,2020-07,2020-07-29,5,False,False,CSR,0.000347366905532667,NEUTRAL,-0.05242456163694762,2694980.8649999998,1.0,2020-07,P_selected_maxalpha_constrained,0.4207
4,2020-07,2020-07-29,5,False,False,INV,0.0003440300627779823,NEUTRAL,0.06367685163722409,14273.357500000002,0.022496848569530072,2020-07,P_selected_maxalpha_constrained,0.4207
4,2020-07,2020-07-29,5,False,False,MAB,0.00012778760735539666,NEUTRAL,0.10139238407295283,801.55,0.01821413649309501,2020-07,P_selected_maxalpha_constrained,0.4207
4,2020-07,2020-07-29,5,False,False,COL,0.0001003815059155076,NEUTRAL,-0.08308692383869559,34343.93,0.0307540376342584,2020-07,P_selected_maxalpha_constrained,0.4207
4,2020-08,2020-08-31,20,False,False,NEJ,0.171531379625346,BUY,0.7827882972168183,2470.8,0.018697935690009757,2020-08,P_selected_maxalpha_constrained,0.304
4,2020-08,2020-08-31,20,False,False,M2M,0.11049234752764736,BUY,0.5970546942078427,115960.56000000001,0.10483399898500509,2020-08,P_selected_maxalpha_constrained,0.304
4,2020-08,2020-08-31,20,False,False,MOX,0.09123896007181166,BUY,1.0505379119990927,5172.575,0.0195078287843986,2020-08,P_selected_maxalpha_constrained,0.304
4,2020-08,2020-08-31,20,False,False,PRO,0.08182396727131645,BUY,0.37381686235144324,689.095,0.018181988957637018,2020-08,P_selected_maxalpha_constrained,0.304
4,2020-08,2020-08-31,20,False,False,MDP,0.07665658177549835,BUY,1.3810156343247944,19016.443500000092,0.024227599511540562,2020-08,P_selected_maxalpha_constrained,0.304
4,2020-08,2020-08-31,20,False,False,AFM,0.07307902244647413,BUY,1.1122968954362316,4074.35,0.019174554403261945,2020-08,P_selected_maxalpha_constrained,0.304
4,2020-08,2020-08-31,20,False,False,SMI,0.06036539246870117,BUY,1.0231780328451232,1952396.35,0.999999999998519,2020-08,P_selected_maxalpha_constrained,0.304
4,2020-08,2020-08-31,20,False,False,DWY,0.055006556442863,BUY,0.7120008253145315,560657.1524999995,0.993108248719246,2020-08,P_selected_maxalpha_constrained,0.304
4,2020-08,2020-08-31,20,False,False,TMA,0.053072543875922855,BUY,0.4838266643592884,474459.5625,0.9731782203433028,2020-08,P_selected_maxalpha_constrained,0.304
4,2020-08,2020-08-31,20,False,False,BAL,0.04171711067116588,BUY,0.36350447039311284,0.0,0.01798620996209156,2020-08,P_selected_maxalpha_constrained,0.304
4,2020-08,2020-08-31,20,False,False,OUL,0.026729317195509524,BUY,0.31189263965290054,63.8,0.018004248926914077,2020-08,P_selected_maxalpha_constrained,0.304
4,2020-08,2020-08-31,20,False,False,IAM,0.023199296348115274,NEUTRAL,0.03012449468020317,6532424.455,1.0,2020-08,P_selected_maxalpha_constrained,0.304
4,2020-08,2020-08-31,20,False,False,GAZ,0.02176983207003649,BUY,0.5302242318648955,440504.0,0.9546988702424033,2020-08,P_selected_maxalpha_constrained,0.304
4,2020-08,2020-08-31,20,False,False,MAB,0.021517323916193837,BUY,0.3371948246062938,613.2,0.01816032431868232,2020-08,P_selected_maxalpha_constrained,0.304
4,2020-08,2020-08-31,20,False,False,MIC,0.020818991130146514,BUY,0.8707202528680646,302603.1900000004,0.6988128301262434,2020-08,P_selected_maxalpha_constrained,0.304
4,2020-08,2020-08-31,20,False,False,TQM,0.01968235093595537,NEUTRAL,-0.03706148193616733,587893.725,0.9955318363696094,2020-08,P_selected_maxalpha_constrained,0.304
4,2020-08,2020-08-31,20,False,False,LBV,0.016566134165932153,BUY,0.4281359209296007,5636801.7,1.0,2020-08,P_selected_maxalpha_constrained,0.304
4,2020-08,2020-08-31,20,False,False,LHM,0.009683530171401118,NEUTRAL,-0.09425074673122025,1213429.8,0.9999997979755288,2020-08,P_selected_maxalpha_constrained,0.304
4,2020-08,2020-08-31,20,False,False,ATL,0.005716073069124525,BUY,0.3632319238677032,67743.16149999996,0.051362938248181056,2020-08,P_selected_maxalpha_constrained,0.304
4,2020-08,2020-08-31,20,False,False,CDM,0.005695991093040347,BUY,0.3383801941821405,26714.655,0.02731656141513725,2020-08,P_selected_maxalpha_constrained,0.304
4,2020-08,2020-08-31,20,False,False,BOA,0.0034168621457249942,NEUTRAL,-0.026050377021647763,687896.8225,0.9990947096711494,2020-08,P_selected_maxalpha_constrained,0.304
4,2020-08,2020-08-31,20,False,False,S2M,0.00280561440003684,BUY,0.6528902003554844,13353.38,0.022175417823595493,2020-08,P_selected_maxalpha_constrained,0.304
4,2020-08,2020-08-31,20,False,False,MNG,0.002684344454720387,BUY,0.6633969595534404,42319013.305,1.0,2020-08,P_selected_maxalpha_constrained,0.304
4,2020-08,2020-08-31,20,False,False,SBM,0.0016377390596937203,NEUTRAL,-0.10779221795270892,250490.6,0.5019623899237563,2020-08,P_selected_maxalpha_constrained,0.304
4,2020-08,2020-08-31,20,False,False,HPS,0.0012718842250808542,BUY,0.3900280437138502,1349847.2849999997,0.9999999772239566,2020-08,P_selected_maxalpha_constrained,0.304
4,2020-08,2020-08-31,20,False,False,MUT,0.0006732890397381537,NEUTRAL,0.01215975392874974,451253.27999999997,0.9615819532668284,2020-08,P_selected_maxalpha_constrained,0.304
4,2020-08,2020-08-31,20,False,False,MSA,0.0006382561729188881,BUY,0.3266457167596783,2916280.7125,1.0,2020-08,P_selected_maxalpha_constrained,0.304
4,2020-08,2020-08-31,20,False,False,NKL,0.0004460364571745929,NEUTRAL,-0.05309695612647598,945.2014999999985,0.01825528333419473,2020-08,P_selected_maxalpha_constrained,0.304
4,2020-09,2020-09-30,0,False,False,REB,0.4,BUY,3.46393422442641,774.5200000000001,0.018206404331861516,2020-09,P_selected_maxalpha_constrained,0.1664
4,2020-09,2020-09-30,0,False,False,RIS,0.11131291196839829,BUY,1.888980589322625,44488.522500000094,0.03597879202142393,2020-09,P_selected_maxalpha_constrained,0.1664
4,2020-09,2020-09-30,0,False,False,PRO,0.0880742531864489,BUY,0.3555515778470275,1525.825,0.018422525817539795,2020-09,P_selected_maxalpha_constrained,0.1664
4,2020-09,2020-09-30,0,False,False,DRI,0.0848701701673946,BUY,1.196982305894427,690.3,0.01818233313590789,2020-09,P_selected_maxalpha_constrained,0.1664
4,2020-09,2020-09-30,0,False,False,SLF,0.06632771234573358,BUY,1.083546773931055,192930.435,0.2863632356059833,2020-09,P_selected_maxalpha_constrained,0.1664
4,2020-09,2020-09-30,0,False,False,LBV,0.05300577666070781,BUY,0.4823384753671543,5829384.55,1.0,2020-09,P_selected_maxalpha_constrained,0.1664
4,2020-09,2020-09-30,0,False,False,IAM,0.04515235548713835,BUY,0.5103180740189962,6058549.272499999,1.0,2020-09,P_selected_maxalpha_constrained,0.1664
4,2020-09,2020-09-30,0,False,False,NEJ,0.04292302335988644,NEUTRAL,0.0167346783055822,199.8,0.018042761193040633,2020-09,P_selected_maxalpha_constrained,0.1664
4,2020-09,2020-09-30,0,False,False,MOX,0.02897908567851823,NEUTRAL,-0.07262466204058049,1106.1299999999999,0.018301487262332102,2020-09,P_selected_maxalpha_constrained,0.1664
4,2020-09,2020-09-30,0,False,False,SBM,0.012361126866270033,NEUTRAL,0.062125350640305624,1193304.6,0.9999997212286371,2020-09,P_selected_maxalpha_constrained,0.1664
4,2020-09,2020-09-30,0,False,False,M2M,0.011686130734093752,BUY,0.4992920037129043,213579.5,0.3583051227609479,2020-09,P_selected_maxalpha_constrained,0.1664
4,2020-09,2020-09-30,0,False,False,FBR,0.011407668949336116,NEUTRAL,-0.013849716395188092,3774.01850000002,0.019084390074653505,2020-09,P_selected_maxalpha_constrained,0.1664
4,2020-09,2020-09-30,0,False,False,TQM,0.008219027043206118,NEUTRAL,0.04172771147375085,1204646.55,0.9999997674928901,2020-09,P_selected_maxalpha_constrained,0.1664
4,2020-09,2020-09-30,0,False,False,AFM,0.007293515742386774,BUY,0.3717497039429432,7580.45,0.020258529827582094,2020-09,P_selected_maxalpha_constrained,0.1664
4,2020-09,2020-09-30,0,False,False,RDS,0.006761995942198456,NEUTRAL,-0.006374268068510892,134936.015,0.13693025926960198,2020-09,P_selected_maxalpha_constrained,0.1664
4,2020-09,2020-09-30,0,False,False,GAZ,0.006443891491811812,NEUTRAL,0.09089379294707506,143943.05,0.1548691108132592,2020-09,P_selected_maxalpha_constrained,0.1664
4,2020-09,2020-09-30,0,False,False,INV,0.004969344593726489,BUY,0.847278524690757,4230.305000000003,0.01922153920961917,2020-09,P_selected_maxalpha_constrained,0.1664
4,2020-09,2020-09-30,0,False,False,MIC,0.003997945430067436,BUY,0.22670240142089787,500656.4900000004,0.9821983800025794,2020-09,P_selected_maxalpha_constrained,0.1664
4,2020-09,2020-09-30,0,False,False,UMR,0.0015180411623857799,BUY,0.25201245289030555,0.0,0.01798620996209156,2020-09,P_selected_maxalpha_constrained,0.1664
4,2020-09,2020-09-30,0,False,False,CTM,0.001215214535188218,NEUTRAL,-0.08674321563030049,39074.17,0.0330919523243756,2020-09,P_selected_maxalpha_constrained,0.1664
4,2020-09,2020-09-30,0,False,False,MDP,0.0010397955730729967,NEUTRAL,-0.022545483413295077,5357.210500000094,0.01956441424274235,2020-09,P_selected_maxalpha_constrained,0.1664
4,2020-09,2020-09-30,0,False,False,CMT,0.00081007916923339,NEUTRAL,-0.08387409282166437,365010.65,0.8629688590855594,2020-09,P_selected_maxalpha_constrained,0.1664
4,2020-09,2020-09-30,0,False,False,BCP,0.000661467135223537,NEUTRAL,-0.021281990280943797,3194063.2725,1.0,2020-09,P_selected_maxalpha_constrained,0.1664
4,2020-09,2020-09-30,0,False,False,ADH,0.0005071640387801886,NEUTRAL,-0.04054713891052236,507178.4710000015,0.9839340308588508,2020-09,P_selected_maxalpha_constrained,0.1664
4,2020-09,2020-09-30,0,False,False,MSA,0.0002994397269702988,NEUTRAL,0.027319961890325192,3159464.04,1.0,2020-09,P_selected_maxalpha_constrained,0.1664
4,2020-09,2020-09-30,0,False,False,LHM,0.00012211337602636182,NEUTRAL,-0.10115926527858397,622540.55,0.9974283915523205,2020-09,P_selected_maxalpha_constrained,0.1664
4,2020-10,2020-10-28,2,False,False,REB,0.4,BUY,4.531350007115105,569.25,0.01814779013960672,2020-10,P_selected_maxalpha_constrained,0.2494
4,2020-10,2020-10-28,2,False,False,DHO,0.13709732724699505,BUY,3.158806182216349,23757.141500000092,0.026086978031514677,2020-10,P_selected_maxalpha_constrained,0.2494
4,2020-10,2020-10-28,2,False,False,TMA,0.07436604487659092,BUY,0.2990019272004009,898084.85625,0.9999686215460007,2020-10,P_selected_maxalpha_constrained,0.2494
4,2020-10,2020-10-28,2,False,False,MOX,0.0718484252985757,NEUTRAL,0.03010796303672747,141.525,0.018026249078508052,2020-10,P_selected_maxalpha_constrained,0.2494
4,2020-10,2020-10-28,2,False,False,SRM,0.04178794436570766,BUY,0.45397730299539274,2971.2,0.018845407195612993,2020-10,P_selected_maxalpha_constrained,0.2494
4,2020-10,2020-10-28,2,False,False,HPS,0.04038868690867442,NEUTRAL,0.045005800552677576,2205172.3399999994,0.999999999999974,2020-10,P_selected_maxalpha_constrained,0.2494
4,2020-10,2020-10-28,2,False,False,SMI,0.03330927452455902,NEUTRAL,-0.08799696358185563,1384219.25,0.9999999868587279,2020-10,P_selected_maxalpha_constrained,0.2494
4,2020-10,2020-10-28,2,False,False,LBV,0.03301623837863347,NEUTRAL,-0.015261474033782713,7603780.5,1.0,2020-10,P_selected_maxalpha_constrained,0.2494
4,2020-10,2020-10-28,2,False,False,PRO,0.03212630039269029,NEUTRAL,0.03026753897908218,181.16500000000002,0.018037479385773682,2020-10,P_selected_maxalpha_constrained,0.2494
4,2020-10,2020-10-28,2,False,False,IAM,0.03030351009539069,BUY,0.3145294412612974,7876790.347499999,1.0,2020-10,P_selected_maxalpha_constrained,0.2494
4,2020-10,2020-10-28,2,False,False,INV,0.02485609108419352,BUY,0.41929207114683587,41588.2625,0.034403498063201206,2020-10,P_selected_maxalpha_constrained,0.2494
4,2020-10,2020-10-28,2,False,False,AFM,0.023207878396364585,BUY,0.4260074664297231,8284.0,0.0204831669126771,2020-10,P_selected_maxalpha_constrained,0.2494
4,2020-10,2020-10-28,2,False,False,CDM,0.014706168911123847,NEUTRAL,-0.010695275143594574,185340.15,0.262201472907488,2020-10,P_selected_maxalpha_constrained,0.2494
4,2020-10,2020-10-28,2,False,False,MDP,0.01287078213094545,NEUTRAL,-0.07960097329876953,3082.1970000000933,0.01887827308148116,2020-10,P_selected_maxalpha_constrained,0.2494
4,2020-10,2020-10-28,2,False,False,M2M,0.009969499489429089,NEUTRAL,0.08667901426427559,53229.69,0.04115733019964391,2020-10,P_selected_maxalpha_constrained,0.2494
4,2020-10,2020-10-28,2,False,False,SBM,0.008618945872247211,NEUTRAL,0.041986404894632394,1335302.4,0.9999999712560471,2020-10,P_selected_maxalpha_constrained,0.2494
4,2020-10,2020-10-28,2,False,False,CMT,0.002072391178108227,NEUTRAL,-0.04310249499696298,609559.1,0.9968366193418823,2020-10,P_selected_maxalpha_constrained,0.2494
4,2020-10,2020-10-28,2,False,False,MIC,0.0016382037316307724,NEUTRAL,0.10236900063375003,415347.69000000035,0.9337369936913557,2020-10,P_selected_maxalpha_constrained,0.2494
4,2020-10,2020-10-28,2,False,False,CSR,0.0016012666231680264,NEUTRAL,-0.03845125300068572,6783822.472499999,1.0,2020-10,P_selected_maxalpha_constrained,0.2494
4,2020-10,2020-10-28,2,False,False,SID,0.0014193067966929696,BUY,0.2883654039372708,542756.6675,0.9908436278240864,2020-10,P_selected_maxalpha_constrained,0.2494
4,2020-10,2020-10-28,2,False,False,DWY,0.0014175710706875238,NEUTRAL,-0.008476353700796177,383673.26499999955,0.8946149144757662,2020-10,P_selected_maxalpha_constrained,0.2494
4,2020-10,2020-10-28,2,False,False,ADH,0.0012079438868776622,NEUTRAL,-0.07207246377214574,651802.6160000016,0.9983882824602861,2020-10,P_selected_maxalpha_constrained,0.2494
4,2020-10,2020-10-28,2,False,False,CTM,0.0010106401763849329,NEUTRAL,-0.09760465246358319,10231.465,0.021117768200138057,2020-10,P_selected_maxalpha_constrained,0.2494
4,2020-10,2020-10-28,2,False,False,CIH,0.0009694628215696254,NEUTRAL,-0.08509385642295508,1093200.2475,0.9999986169306239,2020-10,P_selected_maxalpha_constrained,0.2494
4,2020-10,2020-10-28,2,False,False,GAZ,0.00019009480328035938,BUY,0.5080945685359802,55250.95,0.04245269204622924,2020-10,P_selected_maxalpha_constrained,0.2494
4,2020-11,2020-11-30,17,False,False,CDM,0.20691877041292958,BUY,0.37396146130779834,244218.07,0.4768887603215564,2020-11,P_selected_maxalpha_constrained,0.4126
4,2020-11,2020-11-30,17,False,False,MOX,0.11241560480705691,BUY,0.5758641014499638,540.9,0.018139709457979037,2020-11,P_selected_maxalpha_constrained,0.4126
4,2020-11,2020-11-30,17,False,False,TMA,0.10111888521296283,BUY,1.2409613981710539,668068.66875,0.9987571427674623,2020-11,P_selected_maxalpha_constrained,0.4126
4,2020-11,2020-11-30,17,False,False,PRO,0.08431573058200027,BUY,0.6766360567262273,45017.78999999999,0.036273665474210105,2020-11,P_selected_maxalpha_constrained,0.4126
4,2020-11,2020-11-30,17,False,False,RIS,0.07809882060969559,BUY,1.9452420387690128,251055.0270000001,0.5042200077932316,2020-11,P_selected_maxalpha_constrained,0.4126
4,2020-11,2020-11-30,17,False,False,INV,0.07100797071485053,BUY,1.2617988778369487,7505.887500000002,0.02023486456546202,2020-11,P_selected_maxalpha_constrained,0.4126
4,2020-11,2020-11-30,17,False,False,SRM,0.06024274827960151,BUY,1.7206612721816232,4367.7075,0.019263028193589656,2020-11,P_selected_maxalpha_constrained,0.4126
4,2020-11,2020-11-30,17,False,False,AFM,0.05929498668754338,BUY,1.0803921792315443,4194.35,0.019210696988910717,2020-11,P_selected_maxalpha_constrained,0.4126
4,2020-11,2020-11-30,17,False,False,IAM,0.058421355249536844,BUY,0.9826462121482789,14083128.89,1.0,2020-11,P_selected_maxalpha_constrained,0.4126
4,2020-11,2020-11-30,17,False,False,M2M,0.05278131211263549,BUY,1.1955420299480113,78044.61,0.06001404925918163,2020-11,P_selected_maxalpha_constrained,0.4126
4,2020-11,2020-11-30,17,False,False,DWY,0.03985597106921394,NEUTRAL,0.029200847120551668,743085.2024999994,0.9996254322554017,2020-11,P_selected_maxalpha_constrained,0.4126
4,2020-11,2020-11-30,17,False,False,SID,0.022352721298165304,BUY,0.3836103147482405,662263.6849999999,0.9986363407260237,2020-11,P_selected_maxalpha_constrained,0.4126
4,2020-11,2020-11-30,17,False,False,LES,0.01951200616328713,NEUTRAL,0.005730536480941975,260306.0750000007,0.5411311421722285,2020-11,P_selected_maxalpha_constrained,0.4126
4,2020-11,2020-11-30,17,False,False,RDS,0.011963858940557723,NEUTRAL,-0.06201283256233424,753970.177,0.999685283271478,2020-11,P_selected_maxalpha_constrained,0.4126
4,2020-11,2020-11-30,17,False,False,MIC,0.006110135788433912,BUY,1.0703698684370897,447223.30500000034,0.9591277480781868,2020-11,P_selected_maxalpha_constrained,0.4126
4,2020-11,2020-11-30,17,False,False,CSR,0.002934771578871364,BUY,0.24790053407434834,2998831.155,1.0,2020-11,P_selected_maxalpha_constrained,0.4126
4,2020-11,2020-11-30,17,False,False,SMI,0.0027300425655130433,NEUTRAL,0.10103508256667573,964019.0,0.9999890734497378,2020-11,P_selected_maxalpha_constrained,0.4126
4,2020-11,2020-11-30,17,False,False,CTM,0.0022486844921005304,NEUTRAL,0.022781577211352714,226292.59,0.40629126261583953,2020-11,P_selected_maxalpha_constrained,0.4126
4,2020-11,2020-11-30,17,False,False,BCP,0.0014826225124358193,BUY,0.27583045695695485,6058589.41,1.0,2020-11,P_selected_maxalpha_constrained,0.4126
4,2020-11,2020-11-30,17,False,False,GAZ,0.0013303936481036526,BUY,0.7827724201454352,42493.8,0.034888068225241486,2020-11,P_selected_maxalpha_constrained,0.4126
4,2020-11,2020-11-30,17,False,False,LBV,0.0013278740630632976,NEUTRAL,0.07642933543511025,9780533.9,1.0,2020-11,P_selected_maxalpha_constrained,0.4126
4,2020-11,2020-11-30,17,False,False,JET,0.001245840621223527,NEUTRAL,0.05055146782881144,489679.3,0.9788526972305558,2020-11,P_selected_maxalpha_constrained,0.4126
4,2020-11,2020-11-30,17,False,False,TQM,0.0008384837723286872,NEUTRAL,-0.014742104960565782,6512368.674999999,1.0,2020-11,P_selected_maxalpha_constrained,0.4126
4,2020-11,2020-11-30,17,False,False,HPS,0.0007934254299565941,BUY,0.3958551918701283,3800859.659999999,1.0,2020-11,P_selected_maxalpha_constrained,0.4126
4,2020-11,2020-11-30,17,False,False,ATL,0.0003564556765399306,NEUTRAL,0.05846603843477598,98088.6069999999,0.08087017507346496,2020-11,P_selected_maxalpha_constrained,0.4126
4,2020-11,2020-11-30,17,False,False,CMT,0.00022864991011224505,BUY,0.48738827261007767,1251521.3,0.9999998901709654,2020-11,P_selected_maxalpha_constrained,0.4126
4,2020-12,2020-12-31,10,False,False,REB,0.29924449132583486,BUY,3.2517895628074034,159.4275,0.01803132013991907,2020-12,P_selected_maxalpha_constrained,0.2544
4,2020-12,2020-12-31,10,False,False,MOX,0.19275686737373393,BUY,2.7872829943452566,19103.775,0.02426065461814089,2020-12,P_selected_maxalpha_constrained,0.2544
4,2020-12,2020-12-31,10,False,False,DRI,0.1521556220383918,BUY,3.0262925132782303,704.85,0.018186489486212074,2020-12,P_selected_maxalpha_constrained,0.2544
4,2020-12,2020-12-31,10,False,False,SRM,0.04953762691432005,BUY,0.22113982211804736,7057.422500000001,0.02009309713724865,2020-12,P_selected_maxalpha_constrained,0.2544
4,2020-12,2020-12-31,10,False,False,M2M,0.04221077425398753,BUY,1.2696806026414342,1074881.3800000001,0.9999981458866118,2020-12,P_selected_maxalpha_constrained,0.2544
4,2020-12,2020-12-31,10,False,False,BCP,0.03968948932311808,NEUTRAL,-0.09723941043146467,7412080.1,1.0,2020-12,P_selected_maxalpha_constrained,0.2544
4,2020-12,2020-12-31,10,False,False,SMI,0.03788989655404632,NEUTRAL,0.008026660118193085,481823.6,0.9760881232056581,2020-12,P_selected_maxalpha_constrained,0.2544
4,2020-12,2020-12-31,10,False,False,TQM,0.0322126268748072,NEUTRAL,-0.04726349601790729,10924201.1,1.0,2020-12,P_selected_maxalpha_constrained,0.2544
4,2020-12,2020-12-31,10,False,False,MDP,0.028029624430309746,NEUTRAL,-0.05741356566040584,24803.112500000097,0.026515557693223654,2020-12,P_selected_maxalpha_constrained,0.2544
4,2020-12,2020-12-31,10,False,False,MUT,0.02682405665342834,NEUTRAL,0.03463113711212308,1064826.4175,0.9999978222642282,2020-12,P_selected_maxalpha_constrained,0.2544
4,2020-12,2020-12-31,10,False,False,CDM,0.024462158859094058,NEUTRAL,0.029887719192085428,161741.615,0.19589766151636065,2020-12,P_selected_maxalpha_constrained,0.2544
4,2020-12,2020-12-31,10,False,False,ADH,0.019136157151020825,NEUTRAL,-0.08329213804572033,1386619.8320000016,0.9999999873539044,2020-12,P_selected_maxalpha_constrained,0.2544
4,2020-12,2020-12-31,10,False,False,IAM,0.017751848425562114,NEUTRAL,0.059704460610500006,19445482.1025,1.0,2020-12,P_selected_maxalpha_constrained,0.2544
4,2020-12,2020-12-31,10,False,False,AFM,0.008273492932032354,BUY,0.35201874803660704,18395.95,0.023994003157779387,2020-12,P_selected_maxalpha_constrained,0.2544
4,2020-12,2020-12-31,10,False,False,CMT,0.008180497543444637,NEUTRAL,-0.03984258068388224,1554276.9,0.99999999913512,2020-12,P_selected_maxalpha_constrained,0.2544
4,2020-12,2020-12-31,10,False,False,MLE,0.007259028314021263,NEUTRAL,-0.08972393503380025,44029.6,0.03572497932465618,2020-12,P_selected_maxalpha_constrained,0.2544
4,2020-12,2020-12-31,10,False,False,MNG,0.004109068888171391,NEUTRAL,-0.059610579476147285,32773296.4,1.0,2020-12,P_selected_maxalpha_constrained,0.2544
4,2020-12,2020-12-31,10,False,False,GAZ,0.0030890583018744677,NEUTRAL,-0.08178858501686195,1617874.9,0.9999999996873692,2020-12,P_selected_maxalpha_constrained,0.2544
4,2020-12,2020-12-31,10,False,False,OUL,0.0022952029520731166,BUY,0.5115830004984293,702.35,0.01818577527033347,2020-12,P_selected_maxalpha_constrained,0.2544
4,2020-12,2020-12-31,10,False,False,DWY,0.0019749703145704746,BUY,0.2810887929953146,1551465.9449999996,0.9999999990953339,2020-12,P_selected_maxalpha_constrained,0.2544
4,2020-12,2020-12-31,10,False,False,ATL,0.0006693340655210219,NEUTRAL,0.007520026091390158,363327.5099999999,0.8597530211140068,2020-12,P_selected_maxalpha_constrained,0.2544
4,2020-12,2020-12-31,10,False,False,MIC,0.0006084896579215977,NEUTRAL,0.08729536619890328,1579039.1000000006,0.9999999994180435,2020-12,P_selected_maxalpha_constrained,0.2544
4,2020-12,2020-12-31,10,False,False,SID,0.0004926597167068915,NEUTRAL,-0.012114841216735103,2738899.8274999997,1.0,2020-12,P_selected_maxalpha_constrained,0.2544
4,2020-12,2020-12-31,10,False,False,HPS,0.0004524149385103465,NEUTRAL,-0.022735160620086455,3505713.1049999995,1.0,2020-12,P_selected_maxalpha_constrained,0.2544
4,2020-12,2020-12-31,10,False,False,PRO,0.0004214435403335067,NEUTRAL,0.043161034009399246,5150.0199999999995,0.01950092733076088,2020-12,P_selected_maxalpha_constrained,0.2544
4,2020-12,2020-12-31,10,False,False,RDS,0.0002730986571640089,NEUTRAL,0.01999975544561078,931034.936,0.9999814784844268,2020-12,P_selected_maxalpha_constrained,0.2544
4,2021-01,2021-01-29,0,False,False,OUL,0.21785949268070684,BUY,1.712013539852451,244524.75,0.47811299578961186,2021-01,P_selected_maxalpha_constrained,0.6297
4,2021-01,2021-01-29,0,False,False,AFM,0.21758464279950795,BUY,1.8070560796817938,39708.7,0.03341834434232474,2021-01,P_selected_maxalpha_constrained,0.6297
4,2021-01,2021-01-29,0,False,False,BOA,0.19023762445897446,NEUTRAL,-0.0695539990610978,1152451.1875,0.999999464047091,2021-01,P_selected_maxalpha_constrained,0.6297
4,2021-01,2021-01-29,0,False,False,SID,0.08318162178693579,BUY,3.387742167482307,4328426.682499999,1.0,2021-01,P_selected_maxalpha_constrained,0.6297
4,2021-01,2021-01-29,0,False,False,TQM,0.08281261259714227,BUY,0.4313385676857505,1440572.335,0.9999999946659623,2021-01,P_selected_maxalpha_constrained,0.6297
4,2021-01,2021-01-29,0,False,False,IAM,0.08200619035284902,BUY,0.7047791507519533,11934766.1125,1.0,2021-01,P_selected_maxalpha_constrained,0.6297
4,2021-01,2021-01-29,0,False,False,GAZ,0.055390569419699866,NEUTRAL,0.008817775565136646,3858520.9,1.0,2021-01,P_selected_maxalpha_constrained,0.6297
4,2021-01,2021-01-29,0,False,False,M2M,0.052341316637569184,BUY,0.4132573715327056,189475.66,0.27520163734497105,2021-01,P_selected_maxalpha_constrained,0.6297
4,2021-01,2021-01-29,0,False,False,EQD,0.007693278539417848,NEUTRAL,0.017806590141922887,2038.7,0.018571503933923122,2021-01,P_selected_maxalpha_constrained,0.6297
4,2021-01,2021-01-29,0,False,False,DWY,0.007588175077497264,BUY,0.3926062816191465,1074061.5424999997,0.9999981214052962,2021-01,P_selected_maxalpha_constrained,0.6297
4,2021-01,2021-01-29,0,False,False,MIC,0.0008754868489314082,BUY,1.2252965706379175,805662.7500000003,0.9998623424759313,2021-01,P_selected_maxalpha_constrained,0.6297
4,2021-01,2021-01-29,0,False,False,ATW,0.000685533877818176,NEUTRAL,-0.05790288673471363,16507957.682499986,1.0,2021-01,P_selected_maxalpha_constrained,0.6297
4,2021-01,2021-01-29,0,False,False,MNG,0.0003995372024396638,NEUTRAL,-0.0890195152608396,55537384.2,1.0,2021-01,P_selected_maxalpha_constrained,0.6297
4,2021-01,2021-01-29,0,False,False,RIS,0.00035579812142936157,NEUTRAL,0.0740863115456107,83979.83499999999,0.06560038470635732,2021-01,P_selected_maxalpha_constrained,0.6297
4,2021-01,2021-01-29,0,False,False,CSR,0.0003185346349803254,NEUTRAL,0.04013257793001726,2826444.6075,1.0,2021-01,P_selected_maxalpha_constrained,0.6297
4,2021-01,2021-01-29,0,False,False,MDP,0.0002878289200895446,NEUTRAL,-0.04489741146741398,13412.169000000093,0.022195823172498907,2021-01,P_selected_maxalpha_constrained,0.6297
4,2021-01,2021-01-29,0,False,False,ATH,0.000242111263764564,NEUTRAL,-0.08560219892360166,166096.577,0.20710666269885564,2021-01,P_selected_maxalpha_constrained,0.6297
4,2021-02,2021-02-26,11,False,False,OUL,0.19961324432699026,BUY,3.150272729079354,12906.8,0.02202100977495953,2021-02,P_selected_maxalpha_constrained,0.2936
4,2021-02,2021-02-26,11,False,False,AFM,0.19305597400773042,BUY,1.316171061621328,2274.65,0.018640438211641484,2021-02,P_selected_maxalpha_constrained,0.2936
4,2021-02,2021-02-26,11,False,False,AGM,0.12478359059557614,NEUTRAL,0.01142009509688088,80597.65,0.062360259369480045,2021-02,P_selected_maxalpha_constrained,0.2936
4,2021-02,2021-02-26,11,False,False,SRM,0.12466761631132275,BUY,0.5846396154465952,1172.565,0.018320594760436286,2021-02,P_selected_maxalpha_constrained,0.2936
4,2021-02,2021-02-26,11,False,False,SID,0.0709509401842266,BUY,3.16979914202367,2192378.0875,0.9999999999999682,2021-02,P_selected_maxalpha_constrained,0.2936
4,2021-02,2021-02-26,11,False,False,M2M,0.04845607652283363,BUY,0.45852911322881035,47994.125,0.03797567182279172,2021-02,P_selected_maxalpha_constrained,0.2936
4,2021-02,2021-02-26,11,False,False,SBM,0.040033376409101616,NEUTRAL,0.04196734467217485,2732700.0,1.0,2021-02,P_selected_maxalpha_constrained,0.2936
4,2021-02,2021-02-26,11,False,False,MIC,0.03997179241679387,BUY,1.0735905985233118,898337.6700000003,0.9999687482121518,2021-02,P_selected_maxalpha_constrained,0.2936
4,2021-02,2021-02-26,11,False,False,DWY,0.03365580754091909,NEUTRAL,0.10972152529496496,808728.8974999996,0.9998689318887535,2021-02,P_selected_maxalpha_constrained,0.2936
4,2021-02,2021-02-26,11,False,False,MDP,0.029879982915035165,BUY,0.24986428171511194,4073.3480000000936,0.01917425289351182,2021-02,P_selected_maxalpha_constrained,0.2936
4,2021-02,2021-02-26,11,False,False,BCI,0.029012789764146434,NEUTRAL,-0.040600810750780564,568238.46,0.993890701939896,2021-02,P_selected_maxalpha_constrained,0.2936
4,2021-02,2021-02-26,11,False,False,TQM,0.024863908075968062,NEUTRAL,0.07107163011066167,1069862.91,0.9999979908696056,2021-02,P_selected_maxalpha_constrained,0.2936
4,2021-02,2021-02-26,11,False,False,IAM,0.018154723351570555,BUY,0.5749865705580518,20446567.677500002,1.0,2021-02,P_selected_maxalpha_constrained,0.2936
4,2021-02,2021-02-26,11,False,False,ADH,0.006503437335887306,NEUTRAL,0.05585523192503737,766687.5040000015,0.9997432112731581,2021-02,P_selected_maxalpha_constrained,0.2936
4,2021-02,2021-02-26,11,False,False,NKL,0.0038943633703630584,NEUTRAL,-0.08287224880120816,4715.227500000012,0.019368354830663678,2021-02,P_selected_maxalpha_constrained,0.2936
4,2021-02,2021-02-26,11,False,False,ATL,0.003619885550178286,NEUTRAL,0.03577649487508397,226984.3984999999,0.40896404173106604,2021-02,P_selected_maxalpha_constrained,0.2936
4,2021-02,2021-02-26,11,False,False,MSA,0.002942655681875147,NEUTRAL,0.10886005152008454,7296750.965000001,1.0,2021-02,P_selected_maxalpha_constrained,0.2936
4,2021-02,2021-02-26,11,False,False,SMI,0.0016678386914882031,NEUTRAL,-0.05092529951136715,1696167.9,0.9999999999106703,2021-02,P_selected_maxalpha_constrained,0.2936
4,2021-02,2021-02-26,11,False,False,BCP,0.0013970734695139815,NEUTRAL,-0.046414293515862556,4359196.632499999,1.0,2021-02,P_selected_maxalpha_constrained,0.2936
4,2021-02,2021-02-26,11,False,False,CMT,0.0009924927820266299,BUY,0.2547742588294848,1914426.6,0.9999999999972813,2021-02,P_selected_maxalpha_constrained,0.2936
4,2021-02,2021-02-26,11,False,False,JET,0.00039438801131339637,BUY,0.286341822210754,871160.655,0.999951726063267,2021-02,P_selected_maxalpha_constrained,0.2936
4,2021-02,2021-02-26,11,False,False,SNP,0.00035737569832162085,BUY,0.24332516480986444,1175736.0899999999,0.9999996307447911,2021-02,P_selected_maxalpha_constrained,0.2936
4,2021-02,2021-02-26,11,False,False,HPS,0.0003226153284630918,BUY,1.4052475982349661,2686500.71,1.0,2021-02,P_selected_maxalpha_constrained,0.2936
4,2021-02,2021-02-26,11,False,False,CSR,0.0003049063101224184,NEUTRAL,0.022273559637621895,3623458.965,1.0,2021-02,P_selected_maxalpha_constrained,0.2936
4,2021-02,2021-02-26,11,False,False,RIS,0.00024961981279254304,NEUTRAL,0.013888465399402583,29714.940000000002,0.02862141806688566,2021-02,P_selected_maxalpha_constrained,0.2936
4,2021-02,2021-02-26,11,False,False,LBV,0.00018645458632907875,BUY,0.4007290625030101,5268720.05,1.0,2021-02,P_selected_maxalpha_constrained,0.2936
4,2021-03,2021-03-31,16,False,False,ARD,0.3926828525189518,NEUTRAL,0.00486002237295359,741304.405,0.9996146104603222,2021-03,P_selected_maxalpha_constrained,0.7832
4,2021-03,2021-03-31,16,False,False,SID,0.1471325937205468,BUY,4.530290878211906,1582732.4449999998,0.999999999451437,2021-03,P_selected_maxalpha_constrained,0.7832
4,2021-03,2021-03-31,16,False,False,AFM,0.09658100603035971,BUY,1.3457401296275953,11387.6,0.021503565171619565,2021-03,P_selected_maxalpha_constrained,0.7832
4,2021-03,2021-03-31,16,False,False,BOA,0.0847711829391423,NEUTRAL,-0.018231508993965605,2028206.2224999997,0.9999999999995597,2021-03,P_selected_maxalpha_constrained,0.7832
4,2021-03,2021-03-31,16,False,False,EQD,0.05490150770970268,NEUTRAL,-0.09854158890383535,116815.95,0.10612533199420879,2021-03,P_selected_maxalpha_constrained,0.7832
4,2021-03,2021-03-31,16,False,False,AGM,0.044169477409716,BUY,0.27938440459893116,11537.85,0.021554206353159872,2021-03,P_selected_maxalpha_constrained,0.7832
4,2021-03,2021-03-31,16,False,False,ATL,0.034730709194394485,NEUTRAL,0.0033733837030971436,1491933.2374999998,0.9999999976548859,2021-03,P_selected_maxalpha_constrained,0.7832
4,2021-03,2021-03-31,16,False,False,TQM,0.028179175647454976,BUY,0.2430531780199185,1341971.3699999999,0.999999974165162,2021-03,P_selected_maxalpha_constrained,0.7832
4,2021-03,2021-03-31,16,False,False,MIC,0.02693845598661969,BUY,1.3511305753748553,2088983.6050000004,0.9999999999998335,2021-03,P_selected_maxalpha_constrained,0.7832
4,2021-03,2021-03-31,16,False,False,FBR,0.014417532036415515,NEUTRAL,-0.010129195919927905,7229.17150000002,0.02014727460998185,2021-03,P_selected_maxalpha_constrained,0.7832
4,2021-03,2021-03-31,16,False,False,BCP,0.011714222860401389,NEUTRAL,0.04954029045774787,23549949.2125,1.0,2021-03,P_selected_maxalpha_constrained,0.7832
4,2021-03,2021-03-31,16,False,False,HPS,0.011365682555284928,BUY,0.5034335635216522,2731856.0199999996,1.0,2021-03,P_selected_maxalpha_constrained,0.7832
4,2021-03,2021-03-31,16,False,False,LHM,0.011016803748665722,BUY,0.27568258452123784,4229124.6,1.0,2021-03,P_selected_maxalpha_constrained,0.7832
4,2021-03,2021-03-31,16,False,False,LES,0.0072788021638220375,NEUTRAL,-0.07275096154848501,21427.442500000696,0.025156492957694558,2021-03,P_selected_maxalpha_constrained,0.7832
4,2021-03,2021-03-31,16,False,False,DWY,0.006420744742456248,BUY,1.1893524446546118,1603112.2799999993,0.9999999996040752,2021-03,P_selected_maxalpha_constrained,0.7832
4,2021-03,2021-03-31,16,False,False,MSA,0.0056671174372714215,NEUTRAL,0.11337187836011987,5362480.62,1.0,2021-03,P_selected_maxalpha_constrained,0.7832
4,2021-03,2021-03-31,16,False,False,M2M,0.004336602916250356,BUY,0.9622886199748124,116742.61000000002,0.10601406769148106,2021-03,P_selected_maxalpha_constrained,0.7832
4,2021-03,2021-03-31,16,False,False,JET,0.0026043819146435816,NEUTRAL,0.07423515528938289,1483083.665,0.9999999972981757,2021-03,P_selected_maxalpha_constrained,0.7832
4,2021-03,2021-03-31,16,False,False,CSR,0.0025473253045484325,BUY,0.5126328471019632,6056083.4350000005,1.0,2021-03,P_selected_maxalpha_constrained,0.7832
4,2021-03,2021-03-31,16,False,False,CMT,0.002464683676151439,BUY,0.6232430354731517,2574527.9,1.0,2021-03,P_selected_maxalpha_constrained,0.7832
4,2021-03,2021-03-31,16,False,False,CTM,0.002008126107595609,NEUTRAL,0.010272532249865116,108960.915,0.09477950508607824,2021-03,P_selected_maxalpha_constrained,0.7832
4,2021-03,2021-03-31,16,False,False,MDP,0.001834230544858024,NEUTRAL,-0.012515510914732807,9434.734500000091,0.020855852886385817,2021-03,P_selected_maxalpha_constrained,0.7832
4,2021-03,2021-03-31,16,False,False,MNG,0.0014648944873886967,BUY,0.25676920244680557,54303272.8,1.0,2021-03,P_selected_maxalpha_constrained,0.7832
4,2021-03,2021-03-31,16,False,False,RIS,0.0011056584770381343,NEUTRAL,-0.0750558241763475,107537.1375,0.09284298641640318,2021-03,P_selected_maxalpha_constrained,0.7832
4,2021-03,2021-03-31,16,False,False,CIH,0.0009238172857947658,NEUTRAL,-0.049037296230675875,1327258.96,0.99999996730826,2021-03,P_selected_maxalpha_constrained,0.7832
4,2021-03,2021-03-31,16,False,False,LBV,0.0008561366304690247,NEUTRAL,0.03948238340379062,7040102.7,1.0,2021-03,P_selected_maxalpha_constrained,0.7832
4,2021-03,2021-03-31,16,False,False,IAM,0.0007492776821446447,BUY,0.5678181489193896,12497116.084999999,1.0,2021-03,P_selected_maxalpha_constrained,0.7832
4,2021-03,2021-03-31,16,False,False,ADH,0.0004829555830336423,NEUTRAL,0.058289858955468635,299754.1420000015,0.6891323903497143,2021-03,P_selected_maxalpha_constrained,0.7832
4,2021-03,2021-03-31,16,False,False,BCI,0.00032460898340697043,NEUTRAL,-0.05087229682028328,969015.9099999999,0.9999899130156867,2021-03,P_selected_maxalpha_constrained,0.7832
4,2021-03,2021-03-31,16,False,False,ATW,0.0001913428877570551,NEUTRAL,-0.055108656681440354,12086986.697499989,1.0,2021-03,P_selected_maxalpha_constrained,0.7832
4,2021-03,2021-03-31,16,False,False,SNP,0.00013291552454615683,BUY,0.46912515279424805,1865113.77,0.9999999999940152,2021-03,P_selected_maxalpha_constrained,0.7832
4,2021-04,2021-04-30,1,False,False,SOT,0.36667207877757585,BUY,0.8726450401467409,5393381.2125,1.0,2021-04,P_selected_maxalpha_constrained,0.866
4,2021-04,2021-04-30,1,False,False,OUL,0.3176286020354122,BUY,2.6793461503800104,299743.75,0.689096768955458,2021-04,P_selected_maxalpha_constrained,0.866
4,2021-04,2021-04-30,1,False,False,SID,0.10754370147700308,BUY,3.057847492280057,1511301.0050000001,0.9999999982797843,2021-04,P_selected_maxalpha_constrained,0.866
4,2021-04,2021-04-30,1,False,False,BCP,0.048663089808807035,NEUTRAL,0.003751440170667704,9227156.87,1.0,2021-04,P_selected_maxalpha_constrained,0.866
4,2021-04,2021-04-30,1,False,False,MSA,0.03158200245245738,BUY,0.5714319572261941,1824588.9449999998,0.9999999999885545,2021-04,P_selected_maxalpha_constrained,0.866
4,2021-04,2021-04-30,1,False,False,M2M,0.027969425070456008,BUY,0.9246048912855388,7751.654999999999,0.020312970900144816,2021-04,P_selected_maxalpha_constrained,0.866
4,2021-04,2021-04-30,1,False,False,IAM,0.022689832542396923,NEUTRAL,0.07472193470531105,6744297.055,1.0,2021-04,P_selected_maxalpha_constrained,0.866
4,2021-04,2021-04-30,1,False,False,LES,0.013212463493959915,NEUTRAL,-0.033960166778408026,516571.7525000007,0.9861448745140028,2021-04,P_selected_maxalpha_constrained,0.866
4,2021-04,2021-04-30,1,False,False,BCI,0.012812000640821636,NEUTRAL,-0.09368444817207586,2840797.07,1.0,2021-04,P_selected_maxalpha_constrained,0.866
4,2021-04,2021-04-30,1,False,False,TQM,0.009942215509812625,NEUTRAL,0.09852610839432903,2515584.9,0.9999999999999998,2021-04,P_selected_maxalpha_constrained,0.866
4,2021-04,2021-04-30,1,False,False,GAZ,0.0089057627878103,NEUTRAL,0.0018339753011063845,3167656.2,1.0,2021-04,P_selected_maxalpha_constrained,0.866
4,2021-04,2021-04-30,1,False,False,JET,0.007869379621327801,BUY,0.28373043330204906,293454.8825,0.6671400404635124,2021-04,P_selected_maxalpha_constrained,0.866
4,2021-04,2021-04-30,1,False,False,BOA,0.006304197444460996,NEUTRAL,0.021030718257539223,2254588.6525,0.9999999999999882,2021-04,P_selected_maxalpha_constrained,0.866
4,2021-04,2021-04-30,1,False,False,MIC,0.004336490736437823,BUY,1.2137315024219593,2944126.95,1.0,2021-04,P_selected_maxalpha_constrained,0.866
4,2021-04,2021-04-30,1,False,False,AFM,0.0035551214600929794,BUY,0.9441658734589029,2301.0,0.018648152094102824,2021-04,P_selected_maxalpha_constrained,0.866
4,2021-04,2021-04-30,1,False,False,ATL,0.002714547600457788,NEUTRAL,-0.06670634984232096,952291.0919999998,0.99998681816291,2021-04,P_selected_maxalpha_constrained,0.866
4,2021-04,2021-04-30,1,False,False,CSR,0.0020972109312390034,BUY,0.6044863998318937,3973098.345,1.0,2021-04,P_selected_maxalpha_constrained,0.866
4,2021-04,2021-04-30,1,False,False,CMT,0.0016143749358201035,BUY,0.5620228893581424,185057.6,0.26132785639669776,2021-04,P_selected_maxalpha_constrained,0.866
4,2021-04,2021-04-30,1,False,False,SMI,0.0010632505822809398,NEUTRAL,-0.09523321702840497,363463.0,0.8600142106129007,2021-04,P_selected_maxalpha_constrained,0.866
4,2021-04,2021-04-30,1,False,False,LBV,0.0010334102212868734,NEUTRAL,0.11163717749431863,4851265.4,1.0,2021-04,P_selected_maxalpha_constrained,0.866
4,2021-04,2021-04-30,1,False,False,HPS,0.0007076180094006278,BUY,0.7708223688757023,3209880.2499999995,1.0,2021-04,P_selected_maxalpha_constrained,0.866
4,2021-04,2021-04-30,1,False,False,LHM,0.00032443759933339255,BUY,0.7178885324604056,18294993.8,1.0,2021-04,P_selected_maxalpha_constrained,0.866
4,2021-04,2021-04-30,1,False,False,ADH,0.00022916932504605722,NEUTRAL,0.025572617826123377,474072.2070000015,0.9730159706911127,2021-04,P_selected_maxalpha_constrained,0.866
4,2021-04,2021-04-30,1,False,False,ATW,0.00020070789358159538,NEUTRAL,-0.022712863563763938,10995347.299999988,1.0,2021-04,P_selected_maxalpha_constrained,0.866
4,2021-04,2021-04-30,1,False,False,CTM,0.00011729876538802729,NEUTRAL,0.10931722548310623,9894.45,0.02100658821349139,2021-04,P_selected_maxalpha_constrained,0.866
4,2021-05,2021-05-31,16,False,False,ARD,0.3814099629101564,NEUTRAL,-0.005979232412976279,454967.4699999999,0.9637180891560797,2021-05,P_selected_maxalpha_constrained,0.9836
4,2021-05,2021-05-31,16,False,False,SOT,0.19736485474948195,BUY,1.9155192256881977,5021039.8125,1.0,2021-05,P_selected_maxalpha_constrained,0.9836
4,2021-05,2021-05-31,16,False,False,SID,0.14422181370380852,BUY,2.9070850118892473,5959110.3425,1.0,2021-05,P_selected_maxalpha_constrained,0.9836
4,2021-05,2021-05-31,16,False,False,BOA,0.05737731275638551,NEUTRAL,0.012915347135035726,3016055.1900000004,1.0,2021-05,P_selected_maxalpha_constrained,0.9836
4,2021-05,2021-05-31,16,False,False,SMI,0.043173620506776735,NEUTRAL,0.024669788545828922,1366613.4,0.9999999825829186,2021-05,P_selected_maxalpha_constrained,0.9836
4,2021-05,2021-05-31,16,False,False,MSA,0.03635782110140381,NEUTRAL,0.1015286767663556,7104592.345000001,1.0,2021-05,P_selected_maxalpha_constrained,0.9836
4,2021-05,2021-05-31,16,False,False,TQM,0.02459774959728935,NEUTRAL,0.010834281483094635,3802830.85,1.0,2021-05,P_selected_maxalpha_constrained,0.9836
4,2021-05,2021-05-31,16,False,False,IAM,0.019901526734276195,BUY,0.45756891477494444,21389419.327499997,1.0,2021-05,P_selected_maxalpha_constrained,0.9836
4,2021-05,2021-05-31,16,False,False,BCI,0.01951207594633418,NEUTRAL,0.03865492384775697,8692517.319999998,1.0,2021-05,P_selected_maxalpha_constrained,0.9836
4,2021-05,2021-05-31,16,False,False,CMT,0.0189589051882765,BUY,0.47836142096071405,1809353.0,0.9999999999853948,2021-05,P_selected_maxalpha_constrained,0.9836
4,2021-05,2021-05-31,16,False,False,DWY,0.016702540838048098,BUY,0.3346571525056065,2365690.9299999992,0.999999999999998,2021-05,P_selected_maxalpha_constrained,0.9836
4,2021-05,2021-05-31,16,False,False,ATL,0.01607811084588866,NEUTRAL,0.07233992081066913,1150212.27,0.9999994444998043,2021-05,P_selected_maxalpha_constrained,0.9836
4,2021-05,2021-05-31,16,False,False,MIC,0.012036501048738065,BUY,0.9065762216946996,844591.8600000003,0.9999261550998045,2021-05,P_selected_maxalpha_constrained,0.9836
4,2021-05,2021-05-31,16,False,False,ATW,0.0033802088394110385,NEUTRAL,-0.05131605653421273,18942147.537499987,1.0,2021-05,P_selected_maxalpha_constrained,0.9836
4,2021-05,2021-05-31,16,False,False,LBV,0.0025927649471215774,NEUTRAL,0.01629182367750988,9283198.4,1.0,2021-05,P_selected_maxalpha_constrained,0.9836
4,2021-05,2021-05-31,16,False,False,CIH,0.0018583220474945037,NEUTRAL,-0.10340091911320454,1636116.4725,0.9999999997665057,2021-05,P_selected_maxalpha_constrained,0.9836
4,2021-05,2021-05-31,16,False,False,OUL,0.0015078061971217696,BUY,3.5379875432613352,52516.2,0.04070917462877593,2021-05,P_selected_maxalpha_constrained,0.9836
4,2021-05,2021-05-31,16,False,False,M2M,0.0008383618322557943,BUY,0.8259335272749954,136104.775,0.1391552929152635,2021-05,P_selected_maxalpha_constrained,0.9836
4,2021-05,2021-05-31,16,False,False,LHM,0.0007103788352007492,NEUTRAL,0.05464753620850896,25227734.0,1.0,2021-05,P_selected_maxalpha_constrained,0.9836
4,2021-05,2021-05-31,16,False,False,JET,0.0004757622795929756,NEUTRAL,-0.0758740382640892,1110381.9075,0.9999989493605411,2021-05,P_selected_maxalpha_constrained,0.9836
4,2021-05,2021-05-31,16,False,False,MNG,0.00023481481036196903,NEUTRAL,-0.021863629902391803,42299176.25,1.0,2021-05,P_selected_maxalpha_constrained,0.9836
4,2021-05,2021-05-31,16,False,False,CSR,0.0001717907235673605,BUY,0.47474343607784664,9009488.45,1.0,2021-05,P_selected_maxalpha_constrained,0.9836
4,2021-05,2021-05-31,16,False,False,FBR,0.00017001478587039436,NEUTRAL,-0.10247618903138632,38944.28400000003,0.03302552166935187,2021-05,P_selected_maxalpha_constrained,0.9836
4,2021-05,2021-05-31,16,False,False,AFM,0.00016358594465702323,BUY,1.3757899067950892,4127.1,0.019190433862360128,2021-05,P_selected_maxalpha_constrained,0.9836
4,2021-05,2021-05-31,16,False,False,SNP,0.000135788083114942,NEUTRAL,-0.02472686736159018,3587866.71,1.0,2021-05,P_selected_maxalpha_constrained,0.9836
4,2021-06,2021-06-30,13,False,False,SOT,0.2377023798914991,BUY,3.229905448598214,16200420.0125,1.0,2021-06,P_selected_maxalpha_constrained,0.9853
4,2021-06,2021-06-30,13,False,False,AFM,0.1441083496467571,BUY,1.6635597029274702,512997.05,0.9853412817608734,2021-06,P_selected_maxalpha_constrained,0.9853
4,2021-06,2021-06-30,13,False,False,BOA,0.14234282917118055,NEUTRAL,0.048291014101444575,11408578.47,1.0,2021-06,P_selected_maxalpha_constrained,0.9853
4,2021-06,2021-06-30,13,False,False,TMA,0.0957727313653157,NEUTRAL,-0.04956786286758553,1509701.5875,0.9999999982351946,2021-06,P_selected_maxalpha_constrained,0.9853
4,2021-06,2021-06-30,13,False,False,SID,0.0918479480794215,BUY,2.604385828819326,10438631.857499998,1.0,2021-06,P_selected_maxalpha_constrained,0.9853
4,2021-06,2021-06-30,13,False,False,LHM,0.05885028730364982,NEUTRAL,0.06584475825591249,9652496.6,1.0,2021-06,P_selected_maxalpha_constrained,0.9853
4,2021-06,2021-06-30,13,False,False,IAM,0.057592708767289516,BUY,0.22845490981983094,24701129.7925,1.0,2021-06,P_selected_maxalpha_constrained,0.9853
4,2021-06,2021-06-30,13,False,False,SMI,0.05457645921109243,NEUTRAL,0.015861551790249125,606481.25,0.9966774677607264,2021-06,P_selected_maxalpha_constrained,0.9853
4,2021-06,2021-06-30,13,False,False,SNP,0.03593285997166713,NEUTRAL,0.029195255133794847,3832756.565,1.0,2021-06,P_selected_maxalpha_constrained,0.9853
4,2021-06,2021-06-30,13,False,False,CSR,0.028220008458921073,BUY,0.774999224593969,12589040.555000002,1.0,2021-06,P_selected_maxalpha_constrained,0.9853
4,2021-06,2021-06-30,13,False,False,DWY,0.011632885423070933,BUY,0.35224412431342317,1490867.2049999996,0.9999999976145433,2021-06,P_selected_maxalpha_constrained,0.9853
4,2021-06,2021-06-30,13,False,False,ATW,0.009340897135950373,NEUTRAL,-0.03485006710936272,56016223.10499998,1.0,2021-06,P_selected_maxalpha_constrained,0.9853
4,2021-06,2021-06-30,13,False,False,COL,0.009185640532241773,NEUTRAL,0.018492106906580694,321757.8765,0.7591684611374802,2021-06,P_selected_maxalpha_constrained,0.9853
4,2021-06,2021-06-30,13,False,False,M2M,0.005948106603690084,BUY,0.7063580761359611,222944.01999999996,0.3934350823256033,2021-06,P_selected_maxalpha_constrained,0.9853
4,2021-06,2021-06-30,13,False,False,OUL,0.002473047905917007,BUY,3.015637600550949,11461.4,0.021528424618452318,2021-06,P_selected_maxalpha_constrained,0.9853
4,2021-06,2021-06-30,13,False,False,GAZ,0.0024217402037083127,NEUTRAL,0.07044176363075616,109937.3,0.09612834066390698,2021-06,P_selected_maxalpha_constrained,0.9853
4,2021-06,2021-06-30,13,False,False,MNG,0.0021959186556291385,NEUTRAL,-0.024067169006452938,42816749.65,1.0,2021-06,P_selected_maxalpha_constrained,0.9853
4,2021-06,2021-06-30,13,False,False,MUT,0.002146897260457737,NEUTRAL,-0.06340956547201974,7943229.1775,1.0,2021-06,P_selected_maxalpha_constrained,0.9853
4,2021-06,2021-06-30,13,False,False,CTM,0.0020564459365726845,NEUTRAL,0.07138144370343606,175494.825,0.23288663562074924,2021-06,P_selected_maxalpha_constrained,0.9853
4,2021-06,2021-06-30,13,False,False,MSA,0.001244176828709262,NEUTRAL,0.0865264712512975,7196838.3675,1.0,2021-06,P_selected_maxalpha_constrained,0.9853
4,2021-06,2021-06-30,13,False,False,SBM,0.000983074761591905,NEUTRAL,0.04391053328937867,1550967.1,0.9999999990880843,2021-06,P_selected_maxalpha_constrained,0.9853
4,2021-06,2021-06-30,13,False,False,ATL,0.0007834857279332591,BUY,0.29798187184243075,1071023.1245,0.9999980278218462,2021-06,P_selected_maxalpha_constrained,0.9853
4,2021-06,2021-06-30,13,False,False,JET,0.0007482588498333924,NEUTRAL,-0.017480919583809318,1892895.7325,0.9999999999961631,2021-06,P_selected_maxalpha_constrained,0.9853
4,2021-06,2021-06-30,13,False,False,TQM,0.0004603819399814813,NEUTRAL,0.05517759633481292,4869350.35,1.0,2021-06,P_selected_maxalpha_constrained,0.9853
4,2021-06,2021-06-30,13,False,False,SLF,0.00040150066414218325,NEUTRAL,-0.1041709165706325,1229067.325,0.9999998426947038,2021-06,P_selected_maxalpha_constrained,0.9853
4,2021-06,2021-06-30,13,False,False,HPS,0.0003025067011863438,BUY,0.26306752481093343,13179271.290000001,1.0,2021-06,P_selected_maxalpha_constrained,0.9853
4,2021-06,2021-06-30,13,False,False,NKL,0.0002084098370299448,NEUTRAL,0.043810700578541695,117464.5215,0.10711376752547834,2021-06,P_selected_maxalpha_constrained,0.9853
4,2021-06,2021-06-30,13,False,False,PRO,0.00017062631283647553,NEUTRAL,0.00888774562547022,101100.72,0.08452555928222662,2021-06,P_selected_maxalpha_constrained,0.9853
4,2021-06,2021-06-30,13,False,False,LBV,0.00013345363837312128,BUY,0.23767591075950673,9693920.9,1.0,2021-06,P_selected_maxalpha_constrained,0.9853
4,2021-07,2021-07-29,1,False,False,SOT,0.3968381350263335,BUY,2.5340540863214676,75463.15,0.05772593604189144,2021-07,P_selected_maxalpha_constrained,0.4937
4,2021-07,2021-07-29,1,False,False,TMA,0.08165238163006883,NEUTRAL,-0.06544779848732357,689678.55,0.9991201305877944,2021-07,P_selected_maxalpha_constrained,0.4937
4,2021-07,2021-07-29,1,False,False,BCI,0.057670816305047244,NEUTRAL,0.034888422376068005,352536.25,0.8376138426660834,2021-07,P_selected_maxalpha_constrained,0.4937
4,2021-07,2021-07-29,1,False,False,CSR,0.056750229011839945,BUY,0.8609219576771396,20442191.7425,1.0,2021-07,P_selected_maxalpha_constrained,0.4937
4,2021-07,2021-07-29,1,False,False,EQD,0.042435884018949356,NEUTRAL,0.07562797717353645,707654.35,0.9993399070575073,2021-07,P_selected_maxalpha_constrained,0.4937
4,2021-07,2021-07-29,1,False,False,HPS,0.04025732067739651,NEUTRAL,-0.033219410612672494,3352012.0450000004,1.0,2021-07,P_selected_maxalpha_constrained,0.4937
4,2021-07,2021-07-29,1,False,False,MSA,0.03817504106491515,BUY,0.7695163007005676,5720293.215000001,1.0,2021-07,P_selected_maxalpha_constrained,0.4937
4,2021-07,2021-07-29,1,False,False,COL,0.03447417608746436,BUY,0.534389096642543,174953.21899999998,0.23134208998701286,2021-07,P_selected_maxalpha_constrained,0.4937
4,2021-07,2021-07-29,1,False,False,FBR,0.0334723831262187,BUY,1.2264278004144864,155573.06800000003,0.18081568468296377,2021-07,P_selected_maxalpha_constrained,0.4937
4,2021-07,2021-07-29,1,False,False,MNG,0.03132022250479158,NEUTRAL,-0.026480268091475988,12881045.8,1.0,2021-07,P_selected_maxalpha_constrained,0.4937
4,2021-07,2021-07-29,1,False,False,ADH,0.030047530147443453,BUY,1.4151279838251032,4215033.655500001,1.0,2021-07,P_selected_maxalpha_constrained,0.4937
4,2021-07,2021-07-29,1,False,False,M2M,0.028572670356106764,BUY,0.41675632152947584,21346.260000000002,0.02512465834581044,2021-07,P_selected_maxalpha_constrained,0.4937
4,2021-07,2021-07-29,1,False,False,SNP,0.026478472201672917,NEUTRAL,0.07420745913119917,633687.4249999998,0.9978475607801116,2021-07,P_selected_maxalpha_constrained,0.4937
4,2021-07,2021-07-29,1,False,False,GAZ,0.0216542809322514,NEUTRAL,-0.053884574939948054,381977.25,0.8920290028206163,2021-07,P_selected_maxalpha_constrained,0.4937
4,2021-07,2021-07-29,1,False,False,CIH,0.016576595949306154,NEUTRAL,-0.04990831971193476,645940.2549999999,0.9982300705246957,2021-07,P_selected_maxalpha_constrained,0.4937
4,2021-07,2021-07-29,1,False,False,S2M,0.01516382267194286,BUY,0.47879528794155557,8068.725,0.020414173845919776,2021-07,P_selected_maxalpha_constrained,0.4937
4,2021-07,2021-07-29,1,False,False,SMI,0.012576683744088456,NEUTRAL,0.08888320641449766,112895.65,0.10032040323331863,2021-07,P_selected_maxalpha_constrained,0.4937
4,2021-07,2021-07-29,1,False,False,UMR,0.009163640884593021,NEUTRAL,-0.11143053296954414,4021.2574999999997,0.019158584849358666,2021-07,P_selected_maxalpha_constrained,0.4937
4,2021-07,2021-07-29,1,False,False,BOA,0.0072226390077432855,NEUTRAL,-0.07905108640284125,960991.8099999999,0.9999885312020165,2021-07,P_selected_maxalpha_constrained,0.4937
4,2021-07,2021-07-29,1,False,False,SID,0.003611484437291414,BUY,1.736045770285142,3892889.6949999994,1.0,2021-07,P_selected_maxalpha_constrained,0.4937
4,2021-07,2021-07-29,1,False,False,ARD,0.0035378548420973354,NEUTRAL,-0.11427209686675274,282515.71749999997,0.6272065688675466,2021-07,P_selected_maxalpha_constrained,0.4937
4,2021-07,2021-07-29,1,False,False,CMT,0.0032554894634183053,NEUTRAL,0.09217770872770298,642247.9,0.998122559011271,2021-07,P_selected_maxalpha_constrained,0.4937
4,2021-07,2021-07-29,1,False,False,DWY,0.0014821093461681988,NEUTRAL,0.10499384866162387,444364.21499999956,0.9572963020696239,2021-07,P_selected_maxalpha_constrained,0.4937
4,2021-07,2021-07-29,1,False,False,ATH,0.0010176781923008189,NEUTRAL,0.11226288528852953,756112.324,0.999695883998741,2021-07,P_selected_maxalpha_constrained,0.4937
4,2021-07,2021-07-29,1,False,False,ATW,0.0009489382260795355,BUY,0.4822708119743807,45388838.25499998,1.0,2021-07,P_selected_maxalpha_constrained,0.4937
4,2021-07,2021-07-29,1,False,False,SBM,0.0009374592307334546,NEUTRAL,0.08030038637015907,1037408.0,0.9999966230289083,2021-07,P_selected_maxalpha_constrained,0.4937
4,2021-07,2021-07-29,1,False,False,BCP,0.0007785420715954561,NEUTRAL,-0.08633775654212669,7688219.905000001,1.0,2021-07,P_selected_maxalpha_constrained,0.4937
4,2021-07,2021-07-29,1,False,False,JET,0.0007740309932091332,BUY,0.7414228276773259,2473225.295,0.9999999999999996,2021-07,P_selected_maxalpha_constrained,0.4937
4,2021-07,2021-07-29,1,False,False,SLF,0.0005805682772989695,NEUTRAL,-0.11466200110373682,68918.2,0.05228675915256331,2021-07,P_selected_maxalpha_constrained,0.4937
4,2021-07,2021-07-29,1,False,False,IBC,0.0005577817046220244,NEUTRAL,0.021244651189540494,5540.474999999999,0.019620738591129627,2021-07,P_selected_maxalpha_constrained,0.4937
4,2021-07,2021-07-29,1,False,False,MDP,0.0005111796879561951,BUY,0.3454692062027386,13026.150000000092,0.022062172641534702,2021-07,P_selected_maxalpha_constrained,0.4937
4,2021-07,2021-07-29,1,False,False,LBV,0.0004870538134124868,NEUTRAL,0.11640475023897387,7021217.6,1.0,2021-07,P_selected_maxalpha_constrained,0.4937
4,2021-07,2021-07-29,1,False,False,LHM,0.0003089549819897502,NEUTRAL,-0.04738280283222892,2789467.95,1.0,2021-07,P_selected_maxalpha_constrained,0.4937
4,2021-07,2021-07-29,1,False,False,RIS,0.00029862235294051326,BUY,0.5080035829548081,115067.98500000002,0.1035013398943076,2021-07,P_selected_maxalpha_constrained,0.4937
4,2021-07,2021-07-29,1,False,False,NKL,0.00017496572098237102,BUY,0.7302990113780663,44493.90100000001,0.03598177693433182,2021-07,P_selected_maxalpha_constrained,0.4937
4,2021-07,2021-07-29,1,False,False,DHO,0.00011924810216880055,NEUTRAL,0.013294737880605017,77636.59400000008,0.059646830991206365,2021-07,P_selected_maxalpha_constrained,0.4937
4,2021-08,2021-08-31,6,False,False,SOT,0.4,BUY,3.8832786820595024,11231552.9,1.0,2021-08,P_selected_maxalpha_constrained,0.8095
4,2021-08,2021-08-31,6,False,False,EQD,0.1277651786382878,BUY,0.31235785362429525,874066.8,0.9999539192323125,2021-08,P_selected_maxalpha_constrained,0.8095
4,2021-08,2021-08-31,6,False,False,FBR,0.0628272117221567,BUY,1.2103917545880867,216809.53250000003,0.37027261310627646,2021-08,P_selected_maxalpha_constrained,0.8095
4,2021-08,2021-08-31,6,False,False,SMI,0.0578051350779832,NEUTRAL,-0.0949580924247804,337709.25,0.802714628144211,2021-08,P_selected_maxalpha_constrained,0.8095
4,2021-08,2021-08-31,6,False,False,TQM,0.05529144559943755,BUY,0.28611971973773276,343126.145,0.8160810222962823,2021-08,P_selected_maxalpha_constrained,0.8095
4,2021-08,2021-08-31,6,False,False,SID,0.047230515962204886,BUY,2.159052140771194,3806160.7600000002,1.0,2021-08,P_selected_maxalpha_constrained,0.8095
4,2021-08,2021-08-31,6,False,False,MDP,0.03880233765779604,BUY,0.4851265372623537,62382.5205000001,0.04734102807715416,2021-08,P_selected_maxalpha_constrained,0.8095
4,2021-08,2021-08-31,6,False,False,M2M,0.03718775812310722,BUY,0.39732744519905056,279859.265,0.6172160136425019,2021-08,P_selected_maxalpha_constrained,0.8095
4,2021-08,2021-08-31,6,False,False,NKL,0.03518903500571995,NEUTRAL,0.07770678080369467,14078.827000000014,0.02242850428401656,2021-08,P_selected_maxalpha_constrained,0.8095
4,2021-08,2021-08-31,6,False,False,CSR,0.03400687239812593,NEUTRAL,0.04576208925690165,3490225.3,1.0,2021-08,P_selected_maxalpha_constrained,0.8095
4,2021-08,2021-08-31,6,False,False,COL,0.025672359939290283,NEUTRAL,-0.11433707976739721,160885.14250000002,0.1937480442272736,2021-08,P_selected_maxalpha_constrained,0.8095
4,2021-08,2021-08-31,6,False,False,ATH,0.018927168732354963,NEUTRAL,-0.04807979303348178,904364.3209999999,0.9999716208976245,2021-08,P_selected_maxalpha_constrained,0.8095
4,2021-08,2021-08-31,6,False,False,ADH,0.017732899727573928,BUY,2.1837663804931466,6067888.015500002,1.0,2021-08,P_selected_maxalpha_constrained,0.8095
4,2021-08,2021-08-31,6,False,False,S2M,0.014645847138597724,BUY,0.7069787125448842,113248.22,0.1008306985800436,2021-08,P_selected_maxalpha_constrained,0.8095
4,2021-08,2021-08-31,6,False,False,BCI,0.01147170294254196,NEUTRAL,-0.05492233616476024,2060184.9149999998,0.999999999999736,2021-08,P_selected_maxalpha_constrained,0.8095
4,2021-08,2021-08-31,6,False,False,LES,0.007476688038175008,NEUTRAL,-0.09073782819420176,34876.5075000007,0.03100905886274046,2021-08,P_selected_maxalpha_constrained,0.8095
4,2021-08,2021-08-31,6,False,False,MSA,0.0014719725807400958,BUY,0.4208965194575534,5030484.090000001,1.0,2021-08,P_selected_maxalpha_constrained,0.8095
4,2021-08,2021-08-31,6,False,False,IBC,0.0014069720240192961,NEUTRAL,-0.063657420790112,3814.8489999999993,0.019096623584122046,2021-08,P_selected_maxalpha_constrained,0.8095
4,2021-08,2021-08-31,6,False,False,SLF,0.0010978950057145094,NEUTRAL,0.06252605803223782,2391035.77,0.9999999999999987,2021-08,P_selected_maxalpha_constrained,0.8095
4,2021-08,2021-08-31,6,False,False,MNG,0.0010783177576035952,NEUTRAL,-0.071356710477151,7570495.200000001,1.0,2021-08,P_selected_maxalpha_constrained,0.8095
4,2021-08,2021-08-31,6,False,False,AFM,0.0009317700080180735,NEUTRAL,0.045911699026899365,5509.65,0.019611253759096517,2021-08,P_selected_maxalpha_constrained,0.8095
4,2021-08,2021-08-31,6,False,False,ATL,0.0006275418782361737,NEUTRAL,0.0001863829666688445,338655.69349999994,0.8051017588754706,2021-08,P_selected_maxalpha_constrained,0.8095
4,2021-08,2021-08-31,6,False,False,MUT,0.00042387758139708273,NEUTRAL,0.11308539455210684,1606633.1575,0.9999999996257625,2021-08,P_selected_maxalpha_constrained,0.8095
4,2021-08,2021-08-31,6,False,False,RDS,0.00022842073432602966,BUY,0.9027902423129028,722821.2825,0.9994820638523164,2021-08,P_selected_maxalpha_constrained,0.8095
4,2021-08,2021-08-31,6,False,False,MIC,0.0001884616568436034,NEUTRAL,-0.1082777670307147,116837.84000000036,0.10615856130600045,2021-08,P_selected_maxalpha_constrained,0.8095
4,2021-08,2021-08-31,6,False,False,ATW,0.00013298772472009697,NEUTRAL,-0.04513247439977201,14335387.904999983,1.0,2021-08,P_selected_maxalpha_constrained,0.8095
4,2021-09,2021-09-30,17,False,False,SOT,0.34126329547793555,BUY,1.7385921671990052,34741644.8,1.0,2021-09,P_selected_maxalpha_constrained,0.7897
4,2021-09,2021-09-30,17,False,False,RDS,0.1092819737897721,BUY,1.9874969945000132,797772.5029999999,0.9998438223220897,2021-09,P_selected_maxalpha_constrained,0.7897
4,2021-09,2021-09-30,17,False,False,AFM,0.09358715325064725,BUY,0.3497789662375558,271658.55,0.5857775107799199,2021-09,P_selected_maxalpha_constrained,0.7897
4,2021-09,2021-09-30,17,False,False,INV,0.08067513825235896,NEUTRAL,0.003992519636870466,42791.674,0.035048899365166225,2021-09,P_selected_maxalpha_constrained,0.7897
4,2021-09,2021-09-30,17,False,False,FBR,0.07336659849755267,BUY,2.177574545778512,188748.27500000002,0.2728863072499153,2021-09,P_selected_maxalpha_constrained,0.7897
4,2021-09,2021-09-30,17,False,False,SLF,0.05376671484502911,NEUTRAL,0.10200099902845358,1416715.085,0.999999992186723,2021-09,P_selected_maxalpha_constrained,0.7897
4,2021-09,2021-09-30,17,False,False,IAM,0.047814060296206884,NEUTRAL,0.050446997258134035,21912712.315,1.0,2021-09,P_selected_maxalpha_constrained,0.7897
4,2021-09,2021-09-30,17,False,False,SMI,0.04474673552562428,NEUTRAL,-0.07417679004453963,364711.45,0.8624017711249339,2021-09,P_selected_maxalpha_constrained,0.7897
4,2021-09,2021-09-30,17,False,False,TQM,0.04369928419581674,NEUTRAL,0.10839788906604585,1206266.15,0.999999773440589,2021-09,P_selected_maxalpha_constrained,0.7897
4,2021-09,2021-09-30,17,False,False,NKL,0.024593289002311638,BUY,0.2435828854413403,33355.40900000001,0.030286063645884872,2021-09,P_selected_maxalpha_constrained,0.7897
4,2021-09,2021-09-30,17,False,False,MSA,0.022164610024719558,NEUTRAL,0.09984674216252097,8653504.397499999,1.0,2021-09,P_selected_maxalpha_constrained,0.7897
4,2021-09,2021-09-30,17,False,False,BOA,0.020392162280708597,NEUTRAL,-0.06199468868749654,4880230.725,1.0,2021-09,P_selected_maxalpha_constrained,0.7897
4,2021-09,2021-09-30,17,False,False,ATH,0.015083779367371977,NEUTRAL,0.051172582252959065,6112564.94,1.0,2021-09,P_selected_maxalpha_constrained,0.7897
4,2021-09,2021-09-30,17,False,False,SNP,0.007743012651485225,BUY,0.60988274795526,2813824.9199999995,1.0,2021-09,P_selected_maxalpha_constrained,0.7897
4,2021-09,2021-09-30,17,False,False,S2M,0.005884498275406078,BUY,0.2866078204065678,28507.9925,0.028089384273571914,2021-09,P_selected_maxalpha_constrained,0.7897
4,2021-09,2021-09-30,17,False,False,M2M,0.003413724733754648,NEUTRAL,-0.07156675593993622,21028.61,0.025000473028770454,2021-09,P_selected_maxalpha_constrained,0.7897
4,2021-09,2021-09-30,17,False,False,JET,0.0025963505005392297,BUY,0.4826857776245522,725904.3600000001,0.999506981027331,2021-09,P_selected_maxalpha_constrained,0.7897
4,2021-09,2021-09-30,17,False,False,MDP,0.0013790524683280597,BUY,0.6268214912651102,253171.4770000001,0.5126831866049117,2021-09,P_selected_maxalpha_constrained,0.7897
4,2021-09,2021-09-30,17,False,False,TMA,0.0013195392009031856,NEUTRAL,-0.056136441681001306,554881.51875,0.9924460668819026,2021-09,P_selected_maxalpha_constrained,0.7897
4,2021-09,2021-09-30,17,False,False,CIH,0.0012693654677341515,NEUTRAL,0.0015048360328057814,1278705.0074999998,0.9999999289072299,2021-09,P_selected_maxalpha_constrained,0.7897
4,2021-09,2021-09-30,17,False,False,CSR,0.0011219078097594634,NEUTRAL,-0.10147536106984036,7226708.7125,1.0,2021-09,P_selected_maxalpha_constrained,0.7897
4,2021-09,2021-09-30,17,False,False,SBM,0.0011090125297491412,NEUTRAL,0.06221637219599961,2105245.0,0.9999999999998717,2021-09,P_selected_maxalpha_constrained,0.7897
4,2021-09,2021-09-30,17,False,False,LBV,0.0009470490053651264,BUY,0.5066590591356693,6928685.4,1.0,2021-09,P_selected_maxalpha_constrained,0.7897
4,2021-09,2021-09-30,17,False,False,ATL,0.0007885758537104711,NEUTRAL,-0.048189949525203155,1217974.7775,0.9999998121452216,2021-09,P_selected_maxalpha_constrained,0.7897
4,2021-09,2021-09-30,17,False,False,CMT,0.00026440461965693344,NEUTRAL,0.05274952779623743,1823411.35,0.9999999999883369,2021-09,P_selected_maxalpha_constrained,0.7897
4,2021-09,2021-09-30,17,False,False,MIC,0.0002520595987748218,NEUTRAL,-0.02114990519754407,164202.6350000004,0.20217464129633356,2021-09,P_selected_maxalpha_constrained,0.7897
4,2021-09,2021-09-30,17,False,False,ADH,0.00024525561924469247,BUY,0.6961206141844446,7677205.5135,1.0,2021-09,P_selected_maxalpha_constrained,0.7897
4,2021-09,2021-09-30,17,False,False,DHO,0.00023784207812736018,NEUTRAL,-0.08688228786078946,734175.5025000002,0.9995680669965327,2021-09,P_selected_maxalpha_constrained,0.7897
4,2021-09,2021-09-30,17,False,False,COL,0.00020893008646398841,NEUTRAL,-0.08632231749544524,14588.332999999999,0.022607940380043545,2021-09,P_selected_maxalpha_constrained,0.7897
4,2021-09,2021-09-30,17,False,False,SID,0.00019212605978770057,BUY,1.211000047390353,7019813.13,1.0,2021-09,P_selected_maxalpha_constrained,0.7897
4,2021-09,2021-09-30,17,False,False,RIS,0.00018849789860460832,NEUTRAL,0.037384778533512776,69919.4525,0.05308631548042605,2021-09,P_selected_maxalpha_constrained,0.7897
4,2021-09,2021-09-30,17,False,False,HPS,0.0001694189531388336,NEUTRAL,0.09338859423094378,7121190.760000001,1.0,2021-09,P_selected_maxalpha_constrained,0.7897
4,2021-09,2021-09-30,17,False,False,LHM,0.00013119056123781563,BUY,0.3055390187061582,9753979.45,1.0,2021-09,P_selected_maxalpha_constrained,0.7897
4,2021-10,2021-10-29,2,False,False,SOT,0.3930782891638649,BUY,1.27128266770712,23759791.15,1.0,2021-10,P_selected_maxalpha_constrained,0.8041
4,2021-10,2021-10-29,2,False,False,FBR,0.17098375373020008,BUY,2.229108061506734,487682.63499999995,0.9781811832358824,2021-10,P_selected_maxalpha_constrained,0.8041
4,2021-10,2021-10-29,2,False,False,NKL,0.08806670073577287,NEUTRAL,0.09801459180896921,76768.73950000001,0.05887274201463423,2021-10,P_selected_maxalpha_constrained,0.8041
4,2021-10,2021-10-29,2,False,False,AFM,0.053663118251207516,BUY,0.4861308758115776,13838.45,0.022344332944226667,2021-10,P_selected_maxalpha_constrained,0.8041
4,2021-10,2021-10-29,2,False,False,TQM,0.052528534134848724,BUY,0.31416202362851386,1755885.15,0.9999999999656413,2021-10,P_selected_maxalpha_constrained,0.8041
4,2021-10,2021-10-29,2,False,False,BOA,0.04398652773650121,BUY,0.4320759674401953,25956673.055,1.0,2021-10,P_selected_maxalpha_constrained,0.8041
4,2021-10,2021-10-29,2,False,False,LBV,0.036654160070420154,BUY,0.6755721648511295,12440135.55,1.0,2021-10,P_selected_maxalpha_constrained,0.8041
4,2021-10,2021-10-29,2,False,False,COL,0.03149969315752998,NEUTRAL,0.062231615385223614,1600455.6875,0.9999999995868833,2021-10,P_selected_maxalpha_constrained,0.8041
4,2021-10,2021-10-29,2,False,False,ADH,0.026715206832810735,BUY,0.7088845777768488,2544475.8250000016,0.9999999999999998,2021-10,P_selected_maxalpha_constrained,0.8041
4,2021-10,2021-10-29,2,False,False,LES,0.026360807445239606,NEUTRAL,-0.09384628138776874,127431.0750000007,0.12334774886145011,2021-10,P_selected_maxalpha_constrained,0.8041
4,2021-10,2021-10-29,2,False,False,INV,0.012764250337860883,BUY,0.2942992763182844,181847.5125,0.25153547023243233,2021-10,P_selected_maxalpha_constrained,0.8041
4,2021-10,2021-10-29,2,False,False,MSA,0.011902604590362098,BUY,0.31411530338908344,4551309.1674999995,1.0,2021-10,P_selected_maxalpha_constrained,0.8041
4,2021-10,2021-10-29,2,False,False,IBC,0.010648863671615974,NEUTRAL,0.021560853331662078,5931.178999999999,0.019741348232971218,2021-10,P_selected_maxalpha_constrained,0.8041
4,2021-10,2021-10-29,2,False,False,M2M,0.010331529251443384,BUY,0.37230581981704536,137421.38499999998,0.1416980178340736,2021-10,P_selected_maxalpha_constrained,0.8041
4,2021-10,2021-10-29,2,False,False,TMA,0.004521695456440949,NEUTRAL,-0.07131775307552893,843897.6375,0.9999253303524056,2021-10,P_selected_maxalpha_constrained,0.8041
4,2021-10,2021-10-29,2,False,False,ATL,0.00426494398155951,NEUTRAL,0.029395772765128128,2359909.9425,0.9999999999999978,2021-10,P_selected_maxalpha_constrained,0.8041
4,2021-10,2021-10-29,2,False,False,DHO,0.003723128031031308,NEUTRAL,-0.02487021119244056,790466.3485000001,0.9998244588610486,2021-10,P_selected_maxalpha_constrained,0.8041
4,2021-10,2021-10-29,2,False,False,DRI,0.0033657257032304066,NEUTRAL,0.006975963074739695,81297.05,0.06301779167989399,2021-10,P_selected_maxalpha_constrained,0.8041
4,2021-10,2021-10-29,2,False,False,MDP,0.0028559656962685387,BUY,1.1646249171639091,575645.6960000001,0.9945697828247653,2021-10,P_selected_maxalpha_constrained,0.8041
4,2021-10,2021-10-29,2,False,False,SNP,0.00228877673499623,BUY,0.3033098883306403,2611945.6149999998,1.0,2021-10,P_selected_maxalpha_constrained,0.8041
4,2021-10,2021-10-29,2,False,False,ATH,0.0014665134607269798,NEUTRAL,0.06150918290931398,1630130.8599999999,0.9999999997430382,2021-10,P_selected_maxalpha_constrained,0.8041
4,2021-10,2021-10-29,2,False,False,CIH,0.001227840154461738,NEUTRAL,0.07972122367260662,2903789.6075,1.0,2021-10,P_selected_maxalpha_constrained,0.8041
4,2021-10,2021-10-29,2,False,False,CMT,0.0011812137213775456,BUY,0.26174408703174884,2197069.6,0.9999999999999705,2021-10,P_selected_maxalpha_constrained,0.8041
4,2021-10,2021-10-29,2,False,False,S2M,0.0011411534714929766,BUY,0.46992166536621915,8928.275,0.02069101616583882,2021-10,P_selected_maxalpha_constrained,0.8041
4,2021-10,2021-10-29,2,False,False,RIS,0.00089388231817358,NEUTRAL,-0.09958018101299321,332067.51,0.788028121647773,2021-10,P_selected_maxalpha_constrained,0.8041
4,2021-10,2021-10-29,2,False,False,JET,0.0008228226705667783,BUY,0.47685909699312795,279940.2175,0.6175219810753291,2021-10,P_selected_maxalpha_constrained,0.8041
4,2021-10,2021-10-29,2,False,False,RDS,0.0006214491772565022,BUY,0.8908961154846362,629248.5185,0.9976894957162447,2021-10,P_selected_maxalpha_constrained,0.8041
4,2021-10,2021-10-29,2,False,False,SLF,0.0006055335982343107,NEUTRAL,0.11168844691474372,700358.995,0.9992582408434868,2021-10,P_selected_maxalpha_constrained,0.8041
4,2021-10,2021-10-29,2,False,False,IMO,0.00047568356343577104,NEUTRAL,0.06878912655485589,1169910.047,0.9999995946687315,2021-10,P_selected_maxalpha_constrained,0.8041
4,2021-10,2021-10-29,2,False,False,BCI,0.0004661489508039681,NEUTRAL,0.04666601718200771,1741228.565,0.9999999999565607,2021-10,P_selected_maxalpha_constrained,0.8041
4,2021-10,2021-10-29,2,False,False,MUT,0.00031009242684873034,NEUTRAL,-0.021309743628270587,4696774.8149999995,1.0,2021-10,P_selected_maxalpha_constrained,0.8041
4,2021-10,2021-10-29,2,False,False,LHM,0.0003026958338430808,BUY,0.2789052082201006,12203419.7,1.0,2021-10,P_selected_maxalpha_constrained,0.8041
4,2021-10,2021-10-29,2,False,False,ATW,0.00010623940591239844,NEUTRAL,0.05516688725294502,18956993.12249998,1.0,2021-10,P_selected_maxalpha_constrained,0.8041
4,2021-11,2021-11-30,9,False,False,SOT,0.26769917438833524,BUY,0.48848251709032037,4643792.6,1.0,2021-11,P_selected_maxalpha_constrained,0.7313
4,2021-11,2021-11-30,9,False,False,FBR,0.1647157314566921,BUY,1.859975734588272,546154.7725000001,0.991323961551108,2021-11,P_selected_maxalpha_constrained,0.7313
4,2021-11,2021-11-30,9,False,False,AFM,0.14019701613873076,BUY,0.30470471716106706,262480.75,0.5497577610385446,2021-11,P_selected_maxalpha_constrained,0.7313
4,2021-11,2021-11-30,9,False,False,MDP,0.09522459814995485,BUY,1.8921379482569025,533358.1520000001,0.9893735988144644,2021-11,P_selected_maxalpha_constrained,0.7313
4,2021-11,2021-11-30,9,False,False,PRO,0.09516593042476014,BUY,0.532787230871676,4686.05,0.01935949002429227,2021-11,P_selected_maxalpha_constrained,0.7313
4,2021-11,2021-11-30,9,False,False,HPS,0.041064489263610185,BUY,0.264392582142163,1848907.525,0.9999999999922438,2021-11,P_selected_maxalpha_constrained,0.7313
4,2021-11,2021-11-30,9,False,False,BAL,0.03159704828380553,BUY,0.25251561906798903,2133.94,0.018599298746357934,2021-11,P_selected_maxalpha_constrained,0.7313
4,2021-11,2021-11-30,9,False,False,GAZ,0.027112038578481826,NEUTRAL,0.051315240880530036,1458429.1,0.9999999959915675,2021-11,P_selected_maxalpha_constrained,0.7313
4,2021-11,2021-11-30,9,False,False,TQM,0.022544506733538215,BUY,0.7935924765963018,3012718.15,1.0,2021-11,P_selected_maxalpha_constrained,0.7313
4,2021-11,2021-11-30,9,False,False,INV,0.022168147305463057,BUY,0.3032052870389828,45507.7325,0.0365487015437605,2021-11,P_selected_maxalpha_constrained,0.7313
4,2021-11,2021-11-30,9,False,False,RIS,0.02188641457603971,NEUTRAL,0.0823062699320656,129806.95749999999,0.12751753409876196,2021-11,P_selected_maxalpha_constrained,0.7313
4,2021-11,2021-11-30,9,False,False,SMI,0.017512281516129286,NEUTRAL,-0.0972182028163447,205985.7,0.33087531619142696,2021-11,P_selected_maxalpha_constrained,0.7313
4,2021-11,2021-11-30,9,False,False,SLF,0.013245746583761242,BUY,0.5301182544719607,181922.61000000002,0.2517617499068083,2021-11,P_selected_maxalpha_constrained,0.7313
4,2021-11,2021-11-30,9,False,False,COL,0.008504801493809224,NEUTRAL,0.08723322126108345,10960.755000000001,0.021360332761952042,2021-11,P_selected_maxalpha_constrained,0.7313
4,2021-11,2021-11-30,9,False,False,ATL,0.006898735455686086,NEUTRAL,0.017777494427163518,378934.68,0.8872501067255145,2021-11,P_selected_maxalpha_constrained,0.7313
4,2021-11,2021-11-30,9,False,False,MOX,0.0051001315965818585,NEUTRAL,0.018917702359392212,31644.347499999996,0.02949229096406087,2021-11,P_selected_maxalpha_constrained,0.7313
4,2021-11,2021-11-30,9,False,False,LHM,0.004806371498282018,BUY,0.32185921179015015,6436556.6,1.0,2021-11,P_selected_maxalpha_constrained,0.7313
4,2021-11,2021-11-30,9,False,False,TMA,0.004436562197798975,NEUTRAL,-0.06364451791313906,3057880.85625,1.0,2021-11,P_selected_maxalpha_constrained,0.7313
4,2021-11,2021-11-30,9,False,False,NKL,0.0015996971113424725,NEUTRAL,0.08064798788542815,35218.35650000001,0.031173828425983183,2021-11,P_selected_maxalpha_constrained,0.7313
4,2021-11,2021-11-30,9,False,False,ADH,0.0013342859597520625,BUY,0.9880413592576492,2720679.3450000016,1.0,2021-11,P_selected_maxalpha_constrained,0.7313
4,2021-11,2021-11-30,9,False,False,JET,0.0011798822097355951,NEUTRAL,0.043244657247352235,1523187.475,0.9999999985777128,2021-11,P_selected_maxalpha_constrained,0.7313
4,2021-11,2021-11-30,9,False,False,RDS,0.001168380091830398,BUY,0.9293961647111755,473557.907,0.9727990731934705,2021-11,P_selected_maxalpha_constrained,0.7313
4,2021-11,2021-11-30,9,False,False,MIC,0.0009957160027636938,BUY,0.44304454776650803,832574.9000000004,0.999910501429294,2021-11,P_selected_maxalpha_constrained,0.7313
4,2021-11,2021-11-30,9,False,False,LBV,0.0009489913394000851,BUY,0.32248767787274646,7008397.0,1.0,2021-11,P_selected_maxalpha_constrained,0.7313
4,2021-11,2021-11-30,9,False,False,DHO,0.0009102990808976265,NEUTRAL,0.06685296132125092,443731.83950000006,0.9568807578224902,2021-11,P_selected_maxalpha_constrained,0.7313
4,2021-11,2021-11-30,9,False,False,CTM,0.0006183918500847751,BUY,0.24458295426349325,11013.65,0.021378031461956746,2021-11,P_selected_maxalpha_constrained,0.7313
4,2021-11,2021-11-30,9,False,False,S2M,0.0003680334843554196,NEUTRAL,-0.03965909557483027,152072.07,0.17266635860535345,2021-11,P_selected_maxalpha_constrained,0.7313
4,2021-11,2021-11-30,9,False,False,CMT,0.0002535878628227377,NEUTRAL,0.09418802096123807,1867989.6,0.9999999999942846,2021-11,P_selected_maxalpha_constrained,0.7313
4,2021-11,2021-11-30,9,False,False,ATW,0.0001903211961888483,NEUTRAL,0.0165612729471662,11075924.692499982,1.0,2021-11,P_selected_maxalpha_constrained,0.7313
4,2021-11,2021-11-30,9,False,False,SID,0.00013286835750524935,BUY,0.6460506230863907,2873365.725,1.0,2021-11,P_selected_maxalpha_constrained,0.7313
4,2021-11,2021-11-30,9,False,False,IBC,0.00011855271605074608,BUY,0.777674866273412,37268.018,0.03217966569743341,2021-11,P_selected_maxalpha_constrained,0.7313
4,2021-12,2021-12-31,0,False,False,SOT,0.24726348279131502,NEUTRAL,0.1028935987842114,4873997.3,1.0,2021-12,P_selected_maxalpha_constrained,0.5022
4,2021-12,2021-12-31,0,False,False,FBR,0.17412945913124642,BUY,2.269029208339142,213374.08500000002,0.3575498025051473,2021-12,P_selected_maxalpha_constrained,0.5022
4,2021-12,2021-12-31,0,False,False,MOX,0.14858909467980944,BUY,3.4094512247529236,22372.85,0.025530126934016413,2021-12,P_selected_maxalpha_constrained,0.5022
4,2021-12,2021-12-31,0,False,False,AFM,0.11576772323786806,BUY,0.34958269341749065,14271.4,0.02249615982984199,2021-12,P_selected_maxalpha_constrained,0.5022
4,2021-12,2021-12-31,0,False,False,BAL,0.06629595134668662,NEUTRAL,0.07576883306951215,2102.4300000000003,0.018590098363099272,2021-12,P_selected_maxalpha_constrained,0.5022
4,2021-12,2021-12-31,0,False,False,TQM,0.0623110642729348,BUY,0.6260792057718262,3586396.65,1.0,2021-12,P_selected_maxalpha_constrained,0.5022
4,2021-12,2021-12-31,0,False,False,JET,0.056779461481273906,NEUTRAL,-0.014373005410307855,787122.2675000001,0.9998148124540854,2021-12,P_selected_maxalpha_constrained,0.5022
4,2021-12,2021-12-31,0,False,False,INV,0.022429252692616967,BUY,0.5510746295479708,11203.477499999999,0.021441666050146194,2021-12,P_selected_maxalpha_constrained,0.5022
4,2021-12,2021-12-31,0,False,False,IMO,0.017469674575238212,NEUTRAL,-0.10602780704126621,793517.72,0.9998328218774886,2021-12,P_selected_maxalpha_constrained,0.5022
4,2021-12,2021-12-31,0,False,False,DHO,0.012504628296842416,NEUTRAL,-0.08347319762926071,67977.7905,0.05154616258979754,2021-12,P_selected_maxalpha_constrained,0.5022
4,2021-12,2021-12-31,0,False,False,SBM,0.010673619367669905,NEUTRAL,-0.03136431041386532,4745425.5,1.0,2021-12,P_selected_maxalpha_constrained,0.5022
4,2021-12,2021-12-31,0,False,False,RDS,0.009805397524175056,BUY,0.7177875465255351,211629.95349999997,0.35116534282307754,2021-12,P_selected_maxalpha_constrained,0.5022
4,2021-12,2021-12-31,0,False,False,COL,0.009568922666450487,NEUTRAL,0.10173640142291215,83438.426,0.06507139088476414,2021-12,P_selected_maxalpha_constrained,0.5022
4,2021-12,2021-12-31,0,False,False,SLF,0.009209401642624265,NEUTRAL,-0.10568003753015329,1102379.44,0.9999988058455953,2021-12,P_selected_maxalpha_constrained,0.5022
4,2021-12,2021-12-31,0,False,False,AGM,0.00823860592569585,NEUTRAL,-0.026400387180602475,585934.0,0.9953901708673523,2021-12,P_selected_maxalpha_constrained,0.5022
4,2021-12,2021-12-31,0,False,False,PRO,0.0050056064482850516,NEUTRAL,0.05911743232311482,17042.95,0.02349223410850094,2021-12,P_selected_maxalpha_constrained,0.5022
4,2021-12,2021-12-31,0,False,False,GAZ,0.004768754993578689,NEUTRAL,0.1150410663507242,4132757.25,1.0,2021-12,P_selected_maxalpha_constrained,0.5022
4,2021-12,2021-12-31,0,False,False,IBC,0.004723434751819113,BUY,0.9026660698665545,35905.721999999994,0.03150770378300958,2021-12,P_selected_maxalpha_constrained,0.5022
4,2021-12,2021-12-31,0,False,False,MDP,0.004711242284448379,BUY,1.7607713713909634,219339.0215000001,0.37975796719341026,2021-12,P_selected_maxalpha_constrained,0.5022
4,2021-12,2021-12-31,0,False,False,ATW,0.001376595062388427,NEUTRAL,0.07902464368604137,188606350.49499997,1.0,2021-12,P_selected_maxalpha_constrained,0.5022
4,2021-12,2021-12-31,0,False,False,MSA,0.0012162516379752967,NEUTRAL,0.014911364245170903,7488972.575,1.0,2021-12,P_selected_maxalpha_constrained,0.5022
4,2021-12,2021-12-31,0,False,False,NKL,0.0011831076813600648,NEUTRAL,0.08210782568354169,47191.01400000001,0.0375090012739664,2021-12,P_selected_maxalpha_constrained,0.5022
4,2021-12,2021-12-31,0,False,False,MIC,0.001153804697404301,NEUTRAL,0.10270776389768768,925599.0950000003,0.9999797955104781,2021-12,P_selected_maxalpha_constrained,0.5022
4,2021-12,2021-12-31,0,False,False,DWY,0.0011248958167914738,BUY,0.3447054633226467,1623818.6999999997,0.9999999997157307,2021-12,P_selected_maxalpha_constrained,0.5022
4,2021-12,2021-12-31,0,False,False,ATH,0.0008488916014432705,NEUTRAL,-0.10834909060912719,443814.26500000013,0.9569351390305096,2021-12,P_selected_maxalpha_constrained,0.5022
4,2021-12,2021-12-31,0,False,False,ADH,0.0007293369233932765,NEUTRAL,-0.04746784446989694,3641710.006500001,1.0,2021-12,P_selected_maxalpha_constrained,0.5022
4,2021-12,2021-12-31,0,False,False,BCI,0.000658762395563433,NEUTRAL,0.011005718299295789,1678261.155,0.9999999998810334,2021-12,P_selected_maxalpha_constrained,0.5022
4,2021-12,2021-12-31,0,False,False,LHM,0.00037629530627811096,BUY,0.49279983593729654,2977566.7,1.0,2021-12,P_selected_maxalpha_constrained,0.5022
4,2021-12,2021-12-31,0,False,False,M2M,0.00029706903444745906,NEUTRAL,-0.05524254534824102,207548.145,0.33643325171798566,2021-12,P_selected_maxalpha_constrained,0.5022
4,2021-12,2021-12-31,0,False,False,HPS,0.0002767859492282351,NEUTRAL,0.021447350114484544,1146757.455,0.9999994129288805,2021-12,P_selected_maxalpha_constrained,0.5022
4,2021-12,2021-12-31,0,False,False,CIH,0.00019076589664750003,NEUTRAL,0.014222122551365303,707489.4450000001,0.9993381642700175,2021-12,P_selected_maxalpha_constrained,0.5022
4,2021-12,2021-12-31,0,False,False,CMT,0.00017843394946145545,NEUTRAL,-0.08307405123879143,895100.95,0.9999670871735139,2021-12,P_selected_maxalpha_constrained,0.5022
4,2022-01,2022-01-31,16,False,False,SOT,0.1409100239676279,BUY,0.42405244550058335,11055656.95,1.0,2022-01,P_selected_maxalpha_constrained,0.8112
4,2022-01,2022-01-31,16,False,False,MDP,0.13301249624543432,BUY,2.1189952136727843,300820.79850000015,0.6927766778029053,2022-01,P_selected_maxalpha_constrained,0.8112
4,2022-01,2022-01-31,16,False,False,MOX,0.11628440865797099,BUY,1.966412424004716,14657.249999999996,0.022632318756777937,2022-01,P_selected_maxalpha_constrained,0.8112
4,2022-01,2022-01-31,16,False,False,CSR,0.09372399368597206,BUY,0.6615079579252066,7426622.365,1.0,2022-01,P_selected_maxalpha_constrained,0.8112
4,2022-01,2022-01-31,16,False,False,LBV,0.07661064221824176,BUY,0.3993141200105813,9005664.5,1.0,2022-01,P_selected_maxalpha_constrained,0.8112
4,2022-01,2022-01-31,16,False,False,EQD,0.06244252189603036,BUY,0.316870488414557,430665.3,0.9473820336774851,2022-01,P_selected_maxalpha_constrained,0.8112
4,2022-01,2022-01-31,16,False,False,ARD,0.058083536820306626,BUY,0.2535122597656283,5877236.5600000005,1.0,2022-01,P_selected_maxalpha_constrained,0.8112
4,2022-01,2022-01-31,16,False,False,SLF,0.05624902595193838,BUY,0.4901631259492668,2454338.425,0.9999999999999996,2022-01,P_selected_maxalpha_constrained,0.8112
4,2022-01,2022-01-31,16,False,False,TQM,0.046367345969206046,BUY,0.4784487281369908,1443315.2,0.9999999948949889,2022-01,P_selected_maxalpha_constrained,0.8112
4,2022-01,2022-01-31,16,False,False,CIH,0.04080203746245701,BUY,0.40348978273659075,1633869.965,0.9999999997579603,2022-01,P_selected_maxalpha_constrained,0.8112
4,2022-01,2022-01-31,16,False,False,GAZ,0.02885235669435005,BUY,0.48400237096720544,327471.35,0.7754842130351951,2022-01,P_selected_maxalpha_constrained,0.8112
4,2022-01,2022-01-31,16,False,False,BOA,0.02809858832208439,NEUTRAL,0.06785003908403174,15766261.892500002,1.0,2022-01,P_selected_maxalpha_constrained,0.8112
4,2022-01,2022-01-31,16,False,False,FBR,0.026627211284069002,NEUTRAL,-0.1072031795580269,327165.87249999994,0.7746320879561205,2022-01,P_selected_maxalpha_constrained,0.8112
4,2022-01,2022-01-31,16,False,False,SID,0.022979879940417603,NEUTRAL,0.030948872226307836,6209813.92,1.0,2022-01,P_selected_maxalpha_constrained,0.8112
4,2022-01,2022-01-31,16,False,False,ATL,0.014681989784257478,BUY,0.3087184098267516,1140649.815,0.9999993526622717,2022-01,P_selected_maxalpha_constrained,0.8112
4,2022-01,2022-01-31,16,False,False,BCI,0.014547200769297905,NEUTRAL,0.08194541832391444,1377138.3599999999,0.9999999852822823,2022-01,P_selected_maxalpha_constrained,0.8112
4,2022-01,2022-01-31,16,False,False,RIS,0.008971238937930472,NEUTRAL,-0.07823203663557804,119659.73500000002,0.11051963452648146,2022-01,P_selected_maxalpha_constrained,0.8112
4,2022-01,2022-01-31,16,False,False,DWY,0.006326898500072131,BUY,0.47899845609509406,1119749.4699999995,0.9999990955984878,2022-01,P_selected_maxalpha_constrained,0.8112
4,2022-01,2022-01-31,16,False,False,NKL,0.003954043989016296,NEUTRAL,0.0008478322638663244,29775.219000000005,0.028648244513211834,2022-01,P_selected_maxalpha_constrained,0.8112
4,2022-01,2022-01-31,16,False,False,BCP,0.003491479685213328,BUY,0.2404074376555594,12349372.2625,1.0,2022-01,P_selected_maxalpha_constrained,0.8112
4,2022-01,2022-01-31,16,False,False,MUT,0.0027718362499989197,NEUTRAL,-0.03426240718588186,1410770.9899999998,0.9999999914071541,2022-01,P_selected_maxalpha_constrained,0.8112
4,2022-01,2022-01-31,16,False,False,OUL,0.0023587492959315694,NEUTRAL,-0.03495209202676218,2042.85,0.018572714219062536,2022-01,P_selected_maxalpha_constrained,0.8112
4,2022-01,2022-01-31,16,False,False,LHM,0.0022320553634482937,BUY,0.3228684707854952,5345910.6,1.0,2022-01,P_selected_maxalpha_constrained,0.8112
4,2022-01,2022-01-31,16,False,False,MSA,0.0016610454797173404,BUY,0.33260087744996114,5762728.140000001,1.0,2022-01,P_selected_maxalpha_constrained,0.8112
4,2022-01,2022-01-31,16,False,False,AGM,0.001316748966252007,NEUTRAL,0.06487642355174403,12222.5,0.021786445376801414,2022-01,P_selected_maxalpha_constrained,0.8112
4,2022-01,2022-01-31,16,False,False,TMA,0.0012599872372227592,NEUTRAL,-0.011678420683074384,320007.7875,0.7540118277381122,2022-01,P_selected_maxalpha_constrained,0.8112
4,2022-01,2022-01-31,16,False,False,IMO,0.0012279379027455518,NEUTRAL,0.028793349255309672,1096795.1875,0.999998694238687,2022-01,P_selected_maxalpha_constrained,0.8112
4,2022-01,2022-01-31,16,False,False,IBC,0.0009182095767939708,BUY,0.45257085502283834,11702.024999999996,0.021609674252783,2022-01,P_selected_maxalpha_constrained,0.8112
4,2022-01,2022-01-31,16,False,False,INV,0.0009065400848723659,BUY,0.7425002987940313,31225.752500000002,0.029301194131725706,2022-01,P_selected_maxalpha_constrained,0.8112
4,2022-01,2022-01-31,16,False,False,CDM,0.0007344109431328315,NEUTRAL,-0.00985178950781633,278550.58999999997,0.6122570142485553,2022-01,P_selected_maxalpha_constrained,0.8112
4,2022-01,2022-01-31,16,False,False,ALM,0.0005254016922466674,NEUTRAL,-0.09145340909723872,74034.25,0.05649486810377927,2022-01,P_selected_maxalpha_constrained,0.8112
4,2022-01,2022-01-31,16,False,False,ATH,0.00024075121743426077,NEUTRAL,0.04472868983158255,861146.3950000001,0.9999433375590622,2022-01,P_selected_maxalpha_constrained,0.8112
4,2022-01,2022-01-31,16,False,False,JET,0.00019910418965672606,BUY,0.46938865487861703,966824.085,0.9999895530010963,2022-01,P_selected_maxalpha_constrained,0.8112
4,2022-01,2022-01-31,16,False,False,CMT,0.00017287716397055842,NEUTRAL,0.09939803469534117,1382143.7,0.9999999864149949,2022-01,P_selected_maxalpha_constrained,0.8112
4,2022-01,2022-01-31,16,False,False,CTM,0.0001686799264660652,NEUTRAL,-0.06662020651294497,49157.58,0.038661633480341843,2022-01,P_selected_maxalpha_constrained,0.8112
4,2022-01,2022-01-31,16,False,False,S2M,0.00010463393198185717,NEUTRAL,-0.10268027759256328,3770.0800000000004,0.01908321043978416,2022-01,P_selected_maxalpha_constrained,0.8112
4,2022-02,2022-02-28,2,False,False,MOX,0.22703032253415864,BUY,2.8402441711904434,13674.072499999998,0.022286951671317102,2022-02,P_selected_maxalpha_constrained,0.6436
4,2022-02,2022-02-28,2,False,False,ARD,0.18641215318563734,BUY,0.3777760686752756,6091240.0375,1.0,2022-02,P_selected_maxalpha_constrained,0.6436
4,2022-02,2022-02-28,2,False,False,GAZ,0.08833831339595062,BUY,0.9240983162124621,532671.45,0.9892574614759452,2022-02,P_selected_maxalpha_constrained,0.6436
4,2022-02,2022-02-28,2,False,False,TQM,0.08544934975587172,BUY,0.9425694115046785,2162619.1,0.9999999999999487,2022-02,P_selected_maxalpha_constrained,0.6436
4,2022-02,2022-02-28,2,False,False,ATL,0.08121405522016553,BUY,0.6836330485197619,3569535.715,1.0,2022-02,P_selected_maxalpha_constrained,0.6436
4,2022-02,2022-02-28,2,False,False,INV,0.06193969055579619,BUY,0.8004603853683638,33488.1275,0.030348490456690844,2022-02,P_selected_maxalpha_constrained,0.6436
4,2022-02,2022-02-28,2,False,False,PRO,0.058337269971438406,BUY,0.37979203471264444,16044.9,0.023128678377343344,2022-02,P_selected_maxalpha_constrained,0.6436
4,2022-02,2022-02-28,2,False,False,TMA,0.05726016569348221,BUY,0.4066897148017269,1539045.73125,0.9999999988964479,2022-02,P_selected_maxalpha_constrained,0.6436
4,2022-02,2022-02-28,2,False,False,BOA,0.049106101743878236,NEUTRAL,0.08785691375097479,3653751.475,1.0,2022-02,P_selected_maxalpha_constrained,0.6436
4,2022-02,2022-02-28,2,False,False,SLF,0.04073933693388009,BUY,0.7776732033167245,568779.3,0.9939430214747238,2022-02,P_selected_maxalpha_constrained,0.6436
4,2022-02,2022-02-28,2,False,False,EQD,0.016354386691338017,BUY,0.3943170198546797,291239.9,0.6592240863187823,2022-02,P_selected_maxalpha_constrained,0.6436
4,2022-02,2022-02-28,2,False,False,JET,0.01035244748451899,NEUTRAL,0.07525467784195276,1015023.5225,0.999995168633405,2022-02,P_selected_maxalpha_constrained,0.6436
4,2022-02,2022-02-28,2,False,False,SOT,0.0076263866921719055,NEUTRAL,0.06809725129170383,19020863.05,1.0,2022-02,P_selected_maxalpha_constrained,0.6436
4,2022-02,2022-02-28,2,False,False,BCP,0.006993080002978404,NEUTRAL,-0.010653884772420047,13626757.245,1.0,2022-02,P_selected_maxalpha_constrained,0.6436
4,2022-02,2022-02-28,2,False,False,IMO,0.005818123812055952,NEUTRAL,-0.007035015258857635,2747670.0524999998,1.0,2022-02,P_selected_maxalpha_constrained,0.6436
4,2022-02,2022-02-28,2,False,False,BAL,0.004869673280516282,BUY,0.880980282543435,235.10250000000002,0.018052771312339625,2022-02,P_selected_maxalpha_constrained,0.6436
4,2022-02,2022-02-28,2,False,False,SNP,0.00443971678623865,NEUTRAL,0.07544996398618843,3813367.19,1.0,2022-02,P_selected_maxalpha_constrained,0.6436
4,2022-02,2022-02-28,2,False,False,CDM,0.0025236020778766207,NEUTRAL,-0.07535389518277787,75892.15,0.058100429476909986,2022-02,P_selected_maxalpha_constrained,0.6436
4,2022-02,2022-02-28,2,False,False,NKL,0.0012560877510590831,NEUTRAL,0.0892766010847263,52395.13250000001,0.040633595166639246,2022-02,P_selected_maxalpha_constrained,0.6436
4,2022-02,2022-02-28,2,False,False,MLE,0.001028511184937958,NEUTRAL,-0.02890063368254704,309.745,0.018073954347174702,2022-02,P_selected_maxalpha_constrained,0.6436
4,2022-02,2022-02-28,2,False,False,IBC,0.0009604066579680048,BUY,0.38065564359333914,4978.089999999995,0.019448398207269103,2022-02,P_selected_maxalpha_constrained,0.6436
4,2022-02,2022-02-28,2,False,False,LHM,0.0008068492137121161,BUY,0.2539234579849327,6933022.7,1.0,2022-02,P_selected_maxalpha_constrained,0.6436
4,2022-02,2022-02-28,2,False,False,DHO,0.0002469676307635257,NEUTRAL,-0.04759616769076472,672755.2545,0.9988468268903793,2022-02,P_selected_maxalpha_constrained,0.6436
4,2022-02,2022-02-28,2,False,False,MNG,0.0002029999301131904,NEUTRAL,-0.11281257850688162,11403244.7,1.0,2022-02,P_selected_maxalpha_constrained,0.6436
4,2022-02,2022-02-28,2,False,False,MDP,0.00018341265529656973,BUY,1.3850898445737383,204319.3850000001,0.3249994885367841,2022-02,P_selected_maxalpha_constrained,0.6436
4,2022-02,2022-02-28,2,False,False,LBV,0.00015849454242198956,NEUTRAL,0.022649330057024734,4896813.6,1.0,2022-02,P_selected_maxalpha_constrained,0.6436
4,2022-02,2022-02-28,2,False,False,CTM,0.00013218581856239308,NEUTRAL,0.06393963019495569,13514.820000000002,0.022231496790836202,2022-02,P_selected_maxalpha_constrained,0.6436
4,2022-03,2022-03-31,19,False,False,MOX,0.24842465320941803,BUY,1.004745630674741,726.4199999999971,0.01819265288438592,2022-03,P_selected_maxalpha_constrained,0.633
4,2022-03,2022-03-31,19,False,False,TMA,0.08307286124031682,BUY,0.6424239142325741,1336361.23125,0.9999999717389053,2022-03,P_selected_maxalpha_constrained,0.633
4,2022-03,2022-03-31,19,False,False,INV,0.07814737992909579,BUY,0.9854239549526895,20353.315,0.02473845043448209,2022-03,P_selected_maxalpha_constrained,0.633
4,2022-03,2022-03-31,19,False,False,DWY,0.0694703153214329,BUY,1.2652068883988399,1982437.6649999998,0.9999999999990843,2022-03,P_selected_maxalpha_constrained,0.633
4,2022-03,2022-03-31,19,False,False,GAZ,0.060935308199339844,BUY,1.1965559333618432,2594107.0,1.0,2022-03,P_selected_maxalpha_constrained,0.633
4,2022-03,2022-03-31,19,False,False,MSA,0.05521609593611489,BUY,0.3279895780890024,4516602.715000001,1.0,2022-03,P_selected_maxalpha_constrained,0.633
4,2022-03,2022-03-31,19,False,False,ARD,0.05396854130199425,BUY,0.3803172789081791,2035963.1975000002,0.999999999999611,2022-03,P_selected_maxalpha_constrained,0.633
4,2022-03,2022-03-31,19,False,False,ATL,0.053473549590160104,BUY,1.1151783360739311,1409552.34,0.9999999912379632,2022-03,P_selected_maxalpha_constrained,0.633
4,2022-03,2022-03-31,19,False,False,LBV,0.05068516941750604,BUY,0.33369942637166283,4373044.05,1.0,2022-03,P_selected_maxalpha_constrained,0.633
4,2022-03,2022-03-31,19,False,False,SID,0.05065949198836574,BUY,0.6965265210114766,5048978.779999999,1.0,2022-03,P_selected_maxalpha_constrained,0.633
4,2022-03,2022-03-31,19,False,False,TQM,0.041563503434159155,BUY,1.2726359524013904,965529.0,0.9999893342689932,2022-03,P_selected_maxalpha_constrained,0.633
4,2022-03,2022-03-31,19,False,False,NEJ,0.02891743120189772,NEUTRAL,0.007259093364858693,30747.55,0.02908435470134861,2022-03,P_selected_maxalpha_constrained,0.633
4,2022-03,2022-03-31,19,False,False,TGC,0.014828817731520267,NEUTRAL,0.11132428353889892,3514323.7475,1.0,2022-03,P_selected_maxalpha_constrained,0.633
4,2022-03,2022-03-31,19,False,False,LHM,0.01323525203798386,BUY,0.5065122806274739,4718598.45,1.0,2022-03,P_selected_maxalpha_constrained,0.633
4,2022-03,2022-03-31,19,False,False,CTM,0.012640863065820298,NEUTRAL,0.07421240452325845,334822.19,0.7952969281009562,2022-03,P_selected_maxalpha_constrained,0.633
4,2022-03,2022-03-31,19,False,False,HPS,0.012465952895149523,NEUTRAL,0.07454032153028595,5082799.53,1.0,2022-03,P_selected_maxalpha_constrained,0.633
4,2022-03,2022-03-31,19,False,False,SLF,0.012347634739445838,BUY,0.4311031077199427,655419.01,0.9984787555511124,2022-03,P_selected_maxalpha_constrained,0.633
4,2022-03,2022-03-31,19,False,False,MNG,0.011949427550356894,NEUTRAL,0.08911279349829097,30297693.85,1.0,2022-03,P_selected_maxalpha_constrained,0.633
4,2022-03,2022-03-31,19,False,False,SOT,0.009065023400290629,NEUTRAL,-0.017825352075034412,4983071.85,1.0,2022-03,P_selected_maxalpha_constrained,0.633
4,2022-03,2022-03-31,19,False,False,SRM,0.0071698062135807945,NEUTRAL,-0.08139345400266501,1048.9950000000003,0.018285070197931592,2022-03,P_selected_maxalpha_constrained,0.633
4,2022-03,2022-03-31,19,False,False,CIH,0.006487351853552045,NEUTRAL,0.02146704359728914,1692228.8675000002,0.999999999904859,2022-03,P_selected_maxalpha_constrained,0.633
4,2022-03,2022-03-31,19,False,False,MUT,0.004683470898386879,NEUTRAL,-0.10326735642440944,4471006.245,1.0,2022-03,P_selected_maxalpha_constrained,0.633
4,2022-03,2022-03-31,19,False,False,MAB,0.004429580275286497,BUY,0.3171881126263748,37091.955,0.03209204794582468,2022-03,P_selected_maxalpha_constrained,0.633
4,2022-03,2022-03-31,19,False,False,CMT,0.003344606779584839,NEUTRAL,0.04392833097584735,1031210.95,0.9999962710315927,2022-03,P_selected_maxalpha_constrained,0.633
4,2022-03,2022-03-31,19,False,False,JET,0.0030723026461653064,BUY,0.3558983636193439,498212.1875,0.9815015200759165,2022-03,P_selected_maxalpha_constrained,0.633
4,2022-03,2022-03-31,19,False,False,ATH,0.002024691801116642,NEUTRAL,-0.07300213916479162,410951.07450000005,0.9292494687401046,2022-03,P_selected_maxalpha_constrained,0.633
4,2022-03,2022-03-31,19,False,False,BAL,0.0018510113006503285,BUY,0.4148903695920495,459.5,0.018116527405625416,2022-03,P_selected_maxalpha_constrained,0.633
4,2022-03,2022-03-31,19,False,False,CDM,0.0013351321612294438,NEUTRAL,0.025648617025628866,49131.725,0.0386462612063239,2022-03,P_selected_maxalpha_constrained,0.633
4,2022-03,2022-03-31,19,False,False,SBM,0.0012569122962175665,BUY,0.2629670508183336,1201782.8,0.999999756591575,2022-03,P_selected_maxalpha_constrained,0.633
4,2022-03,2022-03-31,19,False,False,IMO,0.0008549518858583391,BUY,0.4866677045363833,711497.3724999999,0.9993792479957034,2022-03,P_selected_maxalpha_constrained,0.633
4,2022-03,2022-03-31,19,False,False,PRO,0.0005845716259115198,NEUTRAL,-0.09494359392501037,576.5,0.018149857195093076,2022-03,P_selected_maxalpha_constrained,0.633
4,2022-03,2022-03-31,19,False,False,RIS,0.0005320175727476254,NEUTRAL,0.02735374415295004,65381.456999999995,0.049552666004444704,2022-03,P_selected_maxalpha_constrained,0.633
4,2022-03,2022-03-31,19,False,False,MIC,0.00032463700591410424,NEUTRAL,-0.008283044509522053,458698.1950000004,0.9657484348694101,2022-03,P_selected_maxalpha_constrained,0.633
4,2022-03,2022-03-31,19,False,False,IBC,0.0002535139005712719,BUY,0.34710869804413075,2066.0029999999942,0.01857946786384317,2022-03,P_selected_maxalpha_constrained,0.633
4,2022-03,2022-03-31,19,False,False,SNP,0.00022411723961925626,BUY,0.3805340478235453,1558134.7999999996,0.9999999991868918,2022-03,P_selected_maxalpha_constrained,0.633
4,2022-03,2022-03-31,19,False,False,COL,0.0002180057684168674,NEUTRAL,0.04835541639374567,163223.03999999998,0.19965829937337823,2022-03,P_selected_maxalpha_constrained,0.633
4,2022-03,2022-03-31,19,False,False,BOA,0.0001435764338057579,BUY,0.4941902492127214,4014839.95,1.0,2022-03,P_selected_maxalpha_constrained,0.633
4,2022-04,2022-04-29,0,False,False,ATL,0.11783011510962695,BUY,1.1301448810913317,1851268.9975,0.9999999999925313,2022-04,P_selected_maxalpha_constrained,0.7983
4,2022-04,2022-04-29,0,False,False,SOT,0.11575207930575372,BUY,0.4865957470021467,2024656.1,0.9999999999995339,2022-04,P_selected_maxalpha_constrained,0.7983
4,2022-04,2022-04-29,0,False,False,CDM,0.09123841005881336,BUY,1.0258586260485842,498310.45499999996,0.9815300452405266,2022-04,P_selected_maxalpha_constrained,0.7983
4,2022-04,2022-04-29,0,False,False,MNG,0.08872012588961611,BUY,0.6683501792667653,24805830.2,1.0,2022-04,P_selected_maxalpha_constrained,0.7983
4,2022-04,2022-04-29,0,False,False,BOA,0.07474696480131303,BUY,0.9855154988713888,1620564.6,0.999999999700538,2022-04,P_selected_maxalpha_constrained,0.7983
4,2022-04,2022-04-29,0,False,False,GAZ,0.07348295507608736,BUY,1.24613727595137,1344890.25,0.9999999753439622,2022-04,P_selected_maxalpha_constrained,0.7983
4,2022-04,2022-04-29,0,False,False,DWY,0.072965791593346,BUY,0.4083692906230702,1151077.6449999996,0.9999994521382527,2022-04,P_selected_maxalpha_constrained,0.7983
4,2022-04,2022-04-29,0,False,False,MAB,0.07058715142262213,BUY,0.5659915605374244,9629.0,0.020919420685615857,2022-04,P_selected_maxalpha_constrained,0.7983
4,2022-04,2022-04-29,0,False,False,CMT,0.054670698197268656,BUY,0.5721242163892615,2380697.25,0.9999999999999984,2022-04,P_selected_maxalpha_constrained,0.7983
4,2022-04,2022-04-29,0,False,False,ARD,0.05225922922377185,BUY,0.38623559906379534,199562.1675,0.3085290107181765,2022-04,P_selected_maxalpha_constrained,0.7983
4,2022-04,2022-04-29,0,False,False,TMA,0.04345727245915169,BUY,0.40906828276230145,233074.06875,0.4327070492209625,2022-04,P_selected_maxalpha_constrained,0.7983
4,2022-04,2022-04-29,0,False,False,IMO,0.0392034189104542,NEUTRAL,0.09092623977768097,224622.68,0.39986272500199554,2022-04,P_selected_maxalpha_constrained,0.7983
4,2022-04,2022-04-29,0,False,False,BAL,0.022019397047618627,BUY,0.3283212740954159,4656.74,0.019350588965772575,2022-04,P_selected_maxalpha_constrained,0.7983
4,2022-04,2022-04-29,0,False,False,RIS,0.011114851633004377,BUY,0.7025380845745253,794468.8025,0.9998353462061255,2022-04,P_selected_maxalpha_constrained,0.7983
4,2022-04,2022-04-29,0,False,False,CTM,0.010683841283717395,BUY,0.38321301013641484,33005.295,0.030121976879574727,2022-04,P_selected_maxalpha_constrained,0.7983
4,2022-04,2022-04-29,0,False,False,SNP,0.010172934845534769,BUY,0.5400536280722027,1575477.9999999995,0.9999999993839224,2022-04,P_selected_maxalpha_constrained,0.7983
4,2022-04,2022-04-29,0,False,False,TQM,0.00996956933414449,BUY,0.6527991453247779,429422.4,0.9463818447033336,2022-04,P_selected_maxalpha_constrained,0.7983
4,2022-04,2022-04-29,0,False,False,ADH,0.008229462704661211,NEUTRAL,0.018770446423452443,1864098.1855000015,0.9999999999939173,2022-04,P_selected_maxalpha_constrained,0.7983
4,2022-04,2022-04-29,0,False,False,MSA,0.006286956769377255,BUY,0.4125754055360847,8309529.365,1.0,2022-04,P_selected_maxalpha_constrained,0.7983
4,2022-04,2022-04-29,0,False,False,INV,0.005787027565696151,NEUTRAL,0.047975525270413724,4260.8825,0.019230764566916466,2022-04,P_selected_maxalpha_constrained,0.7983
4,2022-04,2022-04-29,0,False,False,BCI,0.003407467589453674,NEUTRAL,-0.000541115191745033,1190643.0899999999,0.9999997091010064,2022-04,P_selected_maxalpha_constrained,0.7983
4,2022-04,2022-04-29,0,False,False,IBC,0.002495354676622418,BUY,0.6902415251076378,2378.539999999994,0.018670869864302744,2022-04,P_selected_maxalpha_constrained,0.7983
4,2022-04,2022-04-29,0,False,False,M2M,0.0019648841673063975,NEUTRAL,-0.00754725060348445,36681.515,0.03188868718649972,2022-04,P_selected_maxalpha_constrained,0.7983
4,2022-04,2022-04-29,0,False,False,TGC,0.001590925380806488,BUY,0.5029061916660507,1481651.9474999998,0.9999999972355693,2022-04,P_selected_maxalpha_constrained,0.7983
4,2022-04,2022-04-29,0,False,False,AFM,0.001572899587460992,NEUTRAL,-0.09006489690995412,24301.2,0.02630905427907273,2022-04,P_selected_maxalpha_constrained,0.7983
4,2022-04,2022-04-29,0,False,False,SBM,0.001522375447921693,NEUTRAL,0.007893110210813847,382687.45,0.8931185642698406,2022-04,P_selected_maxalpha_constrained,0.7983
4,2022-04,2022-04-29,0,False,False,LBV,0.0014114973788528923,BUY,0.422895592749405,4575444.1,1.0,2022-04,P_selected_maxalpha_constrained,0.7983
4,2022-04,2022-04-29,0,False,False,LHM,0.0010957068852174715,BUY,0.4061001259247069,5780299.25,1.0,2022-04,P_selected_maxalpha_constrained,0.7983
4,2022-04,2022-04-29,0,False,False,SID,0.0008633174733220015,BUY,0.5267249377947256,5159598.18,1.0,2022-04,P_selected_maxalpha_constrained,0.7983
4,2022-04,2022-04-29,0,False,False,COL,0.0008181076467862629,NEUTRAL,0.013200151565860116,13822.123499999998,0.022338627201266215,2022-04,P_selected_maxalpha_constrained,0.7983
4,2022-04,2022-04-29,0,False,False,HPS,0.0007450067869768047,NEUTRAL,0.010844044757787975,1969703.0550000002,0.9999999999988773,2022-04,P_selected_maxalpha_constrained,0.7983
4,2022-04,2022-04-29,0,False,False,BCP,0.0005942040305418321,NEUTRAL,0.02623942881372581,4477244.8149999995,1.0,2022-04,P_selected_maxalpha_constrained,0.7983
4,2022-04,2022-04-29,0,False,False,JET,0.0005932115719697417,BUY,0.47267482412314166,284647.33999999997,0.6351459582497001,2022-04,P_selected_maxalpha_constrained,0.7983
4,2022-04,2022-04-29,0,False,False,NKL,0.0005005222680910294,NEUTRAL,0.08043311190323817,143256.4645,0.15343673963727228,2022-04,P_selected_maxalpha_constrained,0.7983
4,2022-04,2022-04-29,0,False,False,LES,0.00030578835122036657,NEUTRAL,-0.10422271532666705,196028.16500000068,0.2965983164413645,2022-04,P_selected_maxalpha_constrained,0.7983
4,2022-04,2022-04-29,0,False,False,CIH,0.0002960507519789865,NEUTRAL,0.03698438768150913,844499.32,0.9999260456891986,2022-04,P_selected_maxalpha_constrained,0.7983
4,2022-04,2022-04-29,0,False,False,MLE,0.00028611185441314074,NEUTRAL,0.10915725182095262,8425.22,0.020528550185946026,2022-04,P_selected_maxalpha_constrained,0.7983
4,2022-04,2022-04-29,0,False,False,MIC,0.00021322478837514146,NEUTRAL,0.11065739625860814,158424.55000000037,0.18767218922794246,2022-04,P_selected_maxalpha_constrained,0.7983
4,2022-04,2022-04-29,0,False,False,CSR,0.00020116784613665928,BUY,0.4576139737890206,13609384.2875,1.0,2022-04,P_selected_maxalpha_constrained,0.7983
4,2022-04,2022-04-29,0,False,False,EQD,0.0001260006863222911,NEUTRAL,-0.1046826433028042,37786.4,0.03243898334560383,2022-04,P_selected_maxalpha_constrained,0.7983
4,2022-05,2022-05-31,1,False,False,CDM,0.2728149221031701,BUY,1.8888013337010239,51642.0,0.04016644282738975,2022-05,P_selected_maxalpha_constrained,0.5211
4,2022-05,2022-05-31,1,False,False,ARD,0.1817194182506301,BUY,0.851142209103346,2784316.995,1.0,2022-05,P_selected_maxalpha_constrained,0.5211
4,2022-05,2022-05-31,1,False,False,MOX,0.11744829298190543,BUY,0.6472099059034566,372.6049999999971,0.01809181251244848,2022-05,P_selected_maxalpha_constrained,0.5211
4,2022-05,2022-05-31,1,False,False,IMO,0.08402880505694262,BUY,0.265022265199505,290775.5825,0.6575531918585473,2022-05,P_selected_maxalpha_constrained,0.5211
4,2022-05,2022-05-31,1,False,False,DHO,0.07963643829036944,BUY,0.4545917323708203,587058.0774999999,0.9954719665739085,2022-05,P_selected_maxalpha_constrained,0.5211
4,2022-05,2022-05-31,1,False,False,ATW,0.03700586682501739,NEUTRAL,-0.005722589686170718,9090804.05,1.0,2022-05,P_selected_maxalpha_constrained,0.5211
4,2022-05,2022-05-31,1,False,False,TQM,0.03461719000147044,BUY,0.5673595453033928,1115162.35,0.9999990267244254,2022-05,P_selected_maxalpha_constrained,0.5211
4,2022-05,2022-05-31,1,False,False,ATL,0.03353636761911229,BUY,0.7778200758938435,307663.9475,0.7155762909970304,2022-05,P_selected_maxalpha_constrained,0.5211
4,2022-05,2022-05-31,1,False,False,EQD,0.02482822916873223,BUY,0.5780310114999407,124230.9,0.1179169551442888,2022-05,P_selected_maxalpha_constrained,0.5211
4,2022-05,2022-05-31,1,False,False,SLF,0.02210770152275392,NEUTRAL,0.05493328705707343,80278.25,0.06206211428803161,2022-05,P_selected_maxalpha_constrained,0.5211
4,2022-05,2022-05-31,1,False,False,MUT,0.020974055187067072,NEUTRAL,-0.03837285766245979,760645.75,0.9997171559533301,2022-05,P_selected_maxalpha_constrained,0.5211
4,2022-05,2022-05-31,1,False,False,MIC,0.013060829949438663,NEUTRAL,0.01832480603067907,481611.82500000036,0.9760089099051161,2022-05,P_selected_maxalpha_constrained,0.5211
4,2022-05,2022-05-31,1,False,False,SNP,0.012477415409746211,BUY,0.4012418847263036,449727.7549999998,0.9606700267786388,2022-05,P_selected_maxalpha_constrained,0.5211
4,2022-05,2022-05-31,1,False,False,BCP,0.01175070108546891,NEUTRAL,0.014066944497241971,4577307.595000001,1.0,2022-05,P_selected_maxalpha_constrained,0.5211
4,2022-05,2022-05-31,1,False,False,MNG,0.008601243930786017,NEUTRAL,0.08120190171947132,68112747.9,1.0,2022-05,P_selected_maxalpha_constrained,0.5211
4,2022-05,2022-05-31,1,False,False,TGC,0.007769339954222724,BUY,0.375457080846117,1479260.9475000002,0.9999999971277644,2022-05,P_selected_maxalpha_constrained,0.5211
4,2022-05,2022-05-31,1,False,False,CIH,0.006958213478438294,NEUTRAL,0.1089707061944912,300523.37750000006,0.6917629138963353,2022-05,P_selected_maxalpha_constrained,0.5211
4,2022-05,2022-05-31,1,False,False,COL,0.006126071069296754,NEUTRAL,0.03062412481897081,22221.732,0.025470042853982376,2022-05,P_selected_maxalpha_constrained,0.5211
4,2022-05,2022-05-31,1,False,False,NKL,0.005500051625490014,NEUTRAL,0.09217888462780538,21415.7105,0.025151889985759582,2022-05,P_selected_maxalpha_constrained,0.5211
4,2022-05,2022-05-31,1,False,False,CSR,0.0049703505967830346,NEUTRAL,-0.040635648267922014,1534542.6149999998,0.9999999988140027,2022-05,P_selected_maxalpha_constrained,0.5211
4,2022-05,2022-05-31,1,False,False,BCI,0.0031065593312630383,BUY,0.7835955642915322,3025386.62,1.0,2022-05,P_selected_maxalpha_constrained,0.5211
4,2022-05,2022-05-31,1,False,False,NEJ,0.00233543130689175,NEUTRAL,0.021071955246189406,290.0,0.018068348477957498,2022-05,P_selected_maxalpha_constrained,0.5211
4,2022-05,2022-05-31,1,False,False,LBV,0.001634292077821939,NEUTRAL,0.02364007233659167,3674309.15,1.0,2022-05,P_selected_maxalpha_constrained,0.5211
4,2022-05,2022-05-31,1,False,False,CTM,0.0015007976294856402,NEUTRAL,-0.07517492468543151,9166.1,0.0207682613370461,2022-05,P_selected_maxalpha_constrained,0.5211
4,2022-05,2022-05-31,1,False,False,SRM,0.0012076318979228925,NEUTRAL,0.07382674980855869,2073.2200000000003,0.018581573528664345,2022-05,P_selected_maxalpha_constrained,0.5211
4,2022-05,2022-05-31,1,False,False,IBC,0.0010628108448828932,BUY,0.27968477815894194,1822.529999999994,0.018508568075884916,2022-05,P_selected_maxalpha_constrained,0.5211
4,2022-05,2022-05-31,1,False,False,GAZ,0.0010559757867790098,BUY,0.40955084107216755,951520.75,0.9999866546873268,2022-05,P_selected_maxalpha_constrained,0.5211
4,2022-05,2022-05-31,1,False,False,SOT,0.0006881094967315892,NEUTRAL,0.10566802304638334,464450.55,0.9686657785115104,2022-05,P_selected_maxalpha_constrained,0.5211
4,2022-05,2022-05-31,1,False,False,DWY,0.0006658861574015318,BUY,0.33006632236321864,2217658.4999999995,0.9999999999999787,2022-05,P_selected_maxalpha_constrained,0.5211
4,2022-05,2022-05-31,1,False,False,MSA,0.00020443504143588949,BUY,0.3126369893624391,5983481.945,1.0,2022-05,P_selected_maxalpha_constrained,0.5211
4,2022-05,2022-05-31,1,False,False,RIS,0.00015893600357324588,BUY,0.37000015547395193,824813.7,0.9998986692395552,2022-05,P_selected_maxalpha_constrained,0.5211
4,2022-05,2022-05-31,1,False,False,ATH,0.00012222641275870562,NEUTRAL,0.08694504433880497,844568.2019999999,0.9999261271442165,2022-05,P_selected_maxalpha_constrained,0.5211
4,2022-05,2022-05-31,1,False,False,BOA,0.00011109451908582631,BUY,0.3050607157520636,1656618.385,0.9999999998318045,2022-05,P_selected_maxalpha_constrained,0.5211
4,2022-06,2022-06-30,1,False,False,AFM,0.24683757393908412,BUY,1.2734479509247008,264173.15,0.5564508923652968,2022-06,P_selected_maxalpha_constrained,0.8675
4,2022-06,2022-06-30,1,False,False,ATL,0.10196756556077646,BUY,0.9263266458487962,2019473.6349999998,0.9999999999994937,2022-06,P_selected_maxalpha_constrained,0.8675
4,2022-06,2022-06-30,1,False,False,ARD,0.09216066420607079,BUY,0.7260383331209792,2867945.9025,1.0,2022-06,P_selected_maxalpha_constrained,0.8675
4,2022-06,2022-06-30,1,False,False,CIH,0.07530624219895057,BUY,0.49660747780784026,10534704.475,1.0,2022-06,P_selected_maxalpha_constrained,0.8675
4,2022-06,2022-06-30,1,False,False,BOA,0.0735200833803281,BUY,0.7014833795609313,15686303.5275,1.0,2022-06,P_selected_maxalpha_constrained,0.8675
4,2022-06,2022-06-30,1,False,False,CMT,0.0702411215458046,BUY,0.5110970269549142,3984374.3,1.0,2022-06,P_selected_maxalpha_constrained,0.8675
4,2022-06,2022-06-30,1,False,False,SOT,0.06397427631551873,BUY,0.3422604094776951,3524019.9,1.0,2022-06,P_selected_maxalpha_constrained,0.8675
4,2022-06,2022-06-30,1,False,False,DWY,0.05618173322154119,BUY,0.85237312257448,2922014.0449999995,1.0,2022-06,P_selected_maxalpha_constrained,0.8675
4,2022-06,2022-06-30,1,False,False,GAZ,0.05408040570188253,BUY,0.70094952350596,4677292.85,1.0,2022-06,P_selected_maxalpha_constrained,0.8675
4,2022-06,2022-06-30,1,False,False,BCI,0.05231180897184835,BUY,0.6603375113508995,7269890.592499999,1.0,2022-06,P_selected_maxalpha_constrained,0.8675
4,2022-06,2022-06-30,1,False,False,MNG,0.04289653264103594,BUY,0.34745035320411677,33236328.75,1.0,2022-06,P_selected_maxalpha_constrained,0.8675
4,2022-06,2022-06-30,1,False,False,CSR,0.017339541240086777,BUY,0.24966548502017089,6279543.034999999,1.0,2022-06,P_selected_maxalpha_constrained,0.8675
4,2022-06,2022-06-30,1,False,False,MUT,0.009417005439762077,BUY,0.4860004642285254,2933251.6224999996,1.0,2022-06,P_selected_maxalpha_constrained,0.8675
4,2022-06,2022-06-30,1,False,False,EQD,0.006266679983106286,BUY,0.47847464121410055,68982.75,0.052337961011241184,2022-06,P_selected_maxalpha_constrained,0.8675
4,2022-06,2022-06-30,1,False,False,NKL,0.005717965653439358,BUY,0.5069747733500232,13450.232499999998,0.022209044596329348,2022-06,P_selected_maxalpha_constrained,0.8675
4,2022-06,2022-06-30,1,False,False,SBM,0.005643013890781562,NEUTRAL,-0.02614592016609038,1063550.9,0.9999977773638745,2022-06,P_selected_maxalpha_constrained,0.8675
4,2022-06,2022-06-30,1,False,False,TQM,0.004664700959202371,BUY,0.4848533661553277,4667687.8,1.0,2022-06,P_selected_maxalpha_constrained,0.8675
4,2022-06,2022-06-30,1,False,False,CTM,0.0044696816291428815,NEUTRAL,-0.02726202862869742,3790.095,0.019089205948950128,2022-06,P_selected_maxalpha_constrained,0.8675
4,2022-06,2022-06-30,1,False,False,CDM,0.0037503500411146654,NEUTRAL,-0.10823067906001185,171571.04499999998,0.22185941721996733,2022-06,P_selected_maxalpha_constrained,0.8675
4,2022-06,2022-06-30,1,False,False,HPS,0.0021215608228134786,BUY,0.4117512552825181,2712500.665,1.0,2022-06,P_selected_maxalpha_constrained,0.8675
4,2022-06,2022-06-30,1,False,False,LBV,0.0016278641658782757,NEUTRAL,0.07385678321135204,13681147.3,1.0,2022-06,P_selected_maxalpha_constrained,0.8675
4,2022-06,2022-06-30,1,False,False,SID,0.0014806958036994574,BUY,0.7422931367778733,1657536.7349999999,0.9999999998342579,2022-06,P_selected_maxalpha_constrained,0.8675
4,2022-06,2022-06-30,1,False,False,JET,0.0014592100725720832,BUY,0.2551818365685863,119439.22750000001,0.1101732788296615,2022-06,P_selected_maxalpha_constrained,0.8675
4,2022-06,2022-06-30,1,False,False,SMI,0.0013600108367404125,NEUTRAL,0.012610734043998928,911382.8,0.9999746352505573,2022-06,P_selected_maxalpha_constrained,0.8675
4,2022-06,2022-06-30,1,False,False,COL,0.0011200247671482577,BUY,1.0944043212249854,21557.4205,0.025207543899297472,2022-06,P_selected_maxalpha_constrained,0.8675
4,2022-06,2022-06-30,1,False,False,SRM,0.0009013797575378827,NEUTRAL,-0.11284036021967393,277.68750000000034,0.01806485365876634,2022-06,P_selected_maxalpha_constrained,0.8675
4,2022-06,2022-06-30,1,False,False,MSA,0.000512954802130937,BUY,0.7555890131904135,6308598.1875,1.0,2022-06,P_selected_maxalpha_constrained,0.8675
4,2022-06,2022-06-30,1,False,False,MDP,0.0004993585789125409,NEUTRAL,0.07878456593487872,163368.7720000001,0.2000311559190242,2022-06,P_selected_maxalpha_constrained,0.8675
4,2022-06,2022-06-30,1,False,False,SNP,0.0004403169199146291,BUY,0.7467653897096536,1529761.3349999997,0.9999999987197128,2022-06,P_selected_maxalpha_constrained,0.8675
4,2022-06,2022-06-30,1,False,False,TGC,0.0003024246069183996,NEUTRAL,-0.07573791410247602,1828019.8475000001,0.9999999999891658,2022-06,P_selected_maxalpha_constrained,0.8675
4,2022-06,2022-06-30,1,False,False,RIS,0.00025965197998439193,NEUTRAL,0.10688147650375414,102483.03,0.08625279271853506,2022-06,P_selected_maxalpha_constrained,0.8675
4,2022-06,2022-06-30,1,False,False,IMO,0.0002457308560415914,NEUTRAL,0.05965723349624327,979259.2149999999,0.9999914378223534,2022-06,P_selected_maxalpha_constrained,0.8675
4,2022-06,2022-06-30,1,False,False,SLF,0.0002407411631724817,BUY,0.4576787370505904,108378.0,0.09398233198293662,2022-06,P_selected_maxalpha_constrained,0.8675
4,2022-06,2022-06-30,1,False,False,LHM,0.00020433978030794925,NEUTRAL,-0.020316468029097548,8613490.2,1.0,2022-06,P_selected_maxalpha_constrained,0.8675
4,2022-06,2022-06-30,1,False,False,ATH,0.00017229445233007173,NEUTRAL,0.08321520554622686,770844.564,0.9997597314546991,2022-06,P_selected_maxalpha_constrained,0.8675
4,2022-06,2022-06-30,1,False,False,ATW,0.0001661763550828815,NEUTRAL,0.0752275876652802,30593427.247500002,1.0,2022-06,P_selected_maxalpha_constrained,0.8675
4,2022-07,2022-07-29,16,False,False,AFM,0.16068847571645095,BUY,1.4012233134574437,9437.35,0.020856707476770573,2022-07,P_selected_maxalpha_constrained,0.5242
4,2022-07,2022-07-29,16,False,False,GAZ,0.10525753567172648,BUY,0.7664948756852119,614453.9,0.9970742150444568,2022-07,P_selected_maxalpha_constrained,0.5242
4,2022-07,2022-07-29,16,False,False,AGM,0.10316926020503553,BUY,1.5493876089033458,12425.05,0.02185561979142703,2022-07,P_selected_maxalpha_constrained,0.5242
4,2022-07,2022-07-29,16,False,False,IAM,0.08150417867038896,BUY,0.5508013769282853,7836986.1425,1.0,2022-07,P_selected_maxalpha_constrained,0.5242
4,2022-07,2022-07-29,16,False,False,DWY,0.07938446457275165,BUY,0.7810894944929417,408666.79999999964,0.926808576662978,2022-07,P_selected_maxalpha_constrained,0.5242
4,2022-07,2022-07-29,16,False,False,CTM,0.07162539144585527,BUY,1.014219374869476,17547.635000000002,0.023678191020484664,2022-07,P_selected_maxalpha_constrained,0.5242
4,2022-07,2022-07-29,16,False,False,COL,0.06658025992225826,BUY,1.3633091118753404,26137.066,0.027072083075766255,2022-07,P_selected_maxalpha_constrained,0.5242
4,2022-07,2022-07-29,16,False,False,HPS,0.06377869889623869,BUY,0.784775112200217,724613.9349999999,0.9994967011280889,2022-07,P_selected_maxalpha_constrained,0.5242
4,2022-07,2022-07-29,16,False,False,TMA,0.05295883325737243,BUY,0.3535482235050924,654925.8,0.9984667218513635,2022-07,P_selected_maxalpha_constrained,0.5242
4,2022-07,2022-07-29,16,False,False,SMI,0.04264822011711211,BUY,0.8758572475132995,1292902.85,0.9999999433540677,2022-07,P_selected_maxalpha_constrained,0.5242
4,2022-07,2022-07-29,16,False,False,SOT,0.03990797451940693,BUY,0.2474427863263509,242563.3,0.47028824653370094,2022-07,P_selected_maxalpha_constrained,0.5242
4,2022-07,2022-07-29,16,False,False,SLF,0.026576203988689727,BUY,0.47436527373956294,2626.2599999999998,0.01874362925390965,2022-07,P_selected_maxalpha_constrained,0.5242
4,2022-07,2022-07-29,16,False,False,SBM,0.025209363611133816,NEUTRAL,0.06964418451656831,403519.25,0.9210215206114438,2022-07,P_selected_maxalpha_constrained,0.5242
4,2022-07,2022-07-29,16,False,False,ALM,0.014827191483764796,NEUTRAL,0.02549361205719264,157929.55,0.186467760241085,2022-07,P_selected_maxalpha_constrained,0.5242
4,2022-07,2022-07-29,16,False,False,LHM,0.013037408980108814,NEUTRAL,-0.10472425095159586,1873237.65,0.9999999999947449,2022-07,P_selected_maxalpha_constrained,0.5242
4,2022-07,2022-07-29,16,False,False,SID,0.0120451551172535,BUY,0.2990060204293382,2460851.52,0.9999999999999996,2022-07,P_selected_maxalpha_constrained,0.5242
4,2022-07,2022-07-29,16,False,False,CSR,0.011434671059018006,NEUTRAL,-0.07623308904477995,1627124.2099999995,0.9999999997303746,2022-07,P_selected_maxalpha_constrained,0.5242
4,2022-07,2022-07-29,16,False,False,NKL,0.007013677079655487,NEUTRAL,0.10375086820564194,3006.9145000000003,0.018855976026203498,2022-07,P_selected_maxalpha_constrained,0.5242
4,2022-07,2022-07-29,16,False,False,CMT,0.004911765236197492,BUY,0.5947564013025151,1308147.5,0.9999999556148129,2022-07,P_selected_maxalpha_constrained,0.5242
4,2022-07,2022-07-29,16,False,False,BCP,0.00472352614966773,NEUTRAL,-0.09334475853815012,8591381.375,1.0,2022-07,P_selected_maxalpha_constrained,0.5242
4,2022-07,2022-07-29,16,False,False,EQD,0.003945967590007661,NEUTRAL,0.001168074756493713,53174.3,0.04112237037067293,2022-07,P_selected_maxalpha_constrained,0.5242
4,2022-07,2022-07-29,16,False,False,DHO,0.0025816453961114844,NEUTRAL,-0.06074444965166702,13966.1055,0.022388994781581954,2022-07,P_selected_maxalpha_constrained,0.5242
4,2022-07,2022-07-29,16,False,False,RIS,0.0011464579014307385,BUY,0.41729058654884865,156606.7625,0.18327842538994554,2022-07,P_selected_maxalpha_constrained,0.5242
4,2022-07,2022-07-29,16,False,False,MUT,0.0007734370293381108,NEUTRAL,-0.02045842612521928,1334520.4625,0.9999999708941727,2022-07,P_selected_maxalpha_constrained,0.5242
4,2022-07,2022-07-29,16,False,False,IMO,0.0007367658315312694,NEUTRAL,0.06244809141939335,372838.485,0.8771178676852796,2022-07,P_selected_maxalpha_constrained,0.5242
4,2022-07,2022-07-29,16,False,False,LBV,0.0006422318759504024,NEUTRAL,0.0631687399572002,1805915.9,0.9999999999845692,2022-07,P_selected_maxalpha_constrained,0.5242
4,2022-07,2022-07-29,16,False,False,SNP,0.000618939305724521,BUY,0.5025809641325113,682418.4599999997,0.99901185784668,2022-07,P_selected_maxalpha_constrained,0.5242
4,2022-07,2022-07-29,16,False,False,TQM,0.0005329293422863066,NEUTRAL,-0.02834883012493782,548711.35,0.9916687993626581,2022-07,P_selected_maxalpha_constrained,0.5242
4,2022-07,2022-07-29,16,False,False,MSA,0.0005254112029200565,NEUTRAL,0.05453571404995771,2894368.935,1.0,2022-07,P_selected_maxalpha_constrained,0.5242
4,2022-07,2022-07-29,16,False,False,INV,0.0002882086523917137,NEUTRAL,0.045633286247524406,883.0375,0.018237466193690738,2022-07,P_selected_maxalpha_constrained,0.5242
4,2022-07,2022-07-29,16,False,False,MDP,0.00027915888140457254,NEUTRAL,-0.04852883876317837,31318.793000000092,0.029343564883740215,2022-07,P_selected_maxalpha_constrained,0.5242
4,2022-07,2022-07-29,16,False,False,IBC,0.0002593864832430019,NEUTRAL,0.017468732020532445,2799.635499999994,0.018794717827773713,2022-07,P_selected_maxalpha_constrained,0.5242
4,2022-07,2022-07-29,16,False,False,M2M,0.00015024719904290388,NEUTRAL,-0.07568022419086474,1202.795,0.018329295748302214,2022-07,P_selected_maxalpha_constrained,0.5242
4,2022-07,2022-07-29,16,False,False,ATL,0.00012332356313034346,BUY,0.32160375377003214,236916.9825,0.4478581883507082,2022-07,P_selected_maxalpha_constrained,0.5242
4,2022-08,2022-08-31,4,False,False,SBM,0.19743781738823427,BUY,3.3423367753394944,107355.45,0.09259843929152117,2022-08,P_selected_maxalpha_constrained,0.5308
4,2022-08,2022-08-31,4,False,False,AFM,0.13300693049864273,BUY,1.2531104001069673,6571.55,0.019940602496045526,2022-08,P_selected_maxalpha_constrained,0.5308
4,2022-08,2022-08-31,4,False,False,LBV,0.07438121554644096,BUY,1.3007891191439522,1197716.8,0.9999997402299603,2022-08,P_selected_maxalpha_constrained,0.5308
4,2022-08,2022-08-31,4,False,False,TMA,0.07179377582931153,BUY,0.7769084057952139,833279.0625,0.999911504026122,2022-08,P_selected_maxalpha_constrained,0.5308
4,2022-08,2022-08-31,4,False,False,IAM,0.06857001351402173,BUY,0.4953553952705618,6699503.2,1.0,2022-08,P_selected_maxalpha_constrained,0.5308
4,2022-08,2022-08-31,4,False,False,CIH,0.06591323348442606,NEUTRAL,-0.0524961667837083,764408.9225000001,0.9997336792413946,2022-08,P_selected_maxalpha_constrained,0.5308
4,2022-08,2022-08-31,4,False,False,ALM,0.06019508423052553,BUY,0.34189519771215215,425896.95,0.9434464270815065,2022-08,P_selected_maxalpha_constrained,0.5308
4,2022-08,2022-08-31,4,False,False,BCP,0.050544998211188984,NEUTRAL,0.04607273297082069,2906303.2525000004,1.0,2022-08,P_selected_maxalpha_constrained,0.5308
4,2022-08,2022-08-31,4,False,False,IMO,0.04395136312418603,BUY,0.337518373096159,129486.28250000002,0.12694778775563792,2022-08,P_selected_maxalpha_constrained,0.5308
4,2022-08,2022-08-31,4,False,False,LHM,0.04050164873937657,BUY,0.2984727114886235,3886337.3,1.0,2022-08,P_selected_maxalpha_constrained,0.5308
4,2022-08,2022-08-31,4,False,False,DWY,0.029744146750036175,BUY,0.6123122027727876,328229.0349999996,0.7775878714719826,2022-08,P_selected_maxalpha_constrained,0.5308
4,2022-08,2022-08-31,4,False,False,CMT,0.028053207960131984,BUY,0.47268032792758363,1839015.55,0.9999999999909137,2022-08,P_selected_maxalpha_constrained,0.5308
4,2022-08,2022-08-31,4,False,False,DRI,0.027816457121093888,BUY,0.2415946372874952,18638.75,0.02408514696195234,2022-08,P_selected_maxalpha_constrained,0.5308
4,2022-08,2022-08-31,4,False,False,IBC,0.02665482961968533,BUY,0.3396209651038481,153.0199999999942,0.018029504990843458,2022-08,P_selected_maxalpha_constrained,0.5308
4,2022-08,2022-08-31,4,False,False,ARD,0.01527670059692861,NEUTRAL,0.0001934275768587443,135970.80250000002,0.1388987120721347,2022-08,P_selected_maxalpha_constrained,0.5308
4,2022-08,2022-08-31,4,False,False,TQM,0.015092073165254627,BUY,0.4938318333315366,336671.8,0.8000727003082123,2022-08,P_selected_maxalpha_constrained,0.5308
4,2022-08,2022-08-31,4,False,False,NKL,0.014978044019250299,NEUTRAL,0.011434741703515688,7714.470000000001,0.02030113436389416,2022-08,P_selected_maxalpha_constrained,0.5308
4,2022-08,2022-08-31,4,False,False,RIS,0.009648890825876161,BUY,0.2884939735972501,86045.0975,0.06765520286777334,2022-08,P_selected_maxalpha_constrained,0.5308
4,2022-08,2022-08-31,4,False,False,MLE,0.00747791931993234,NEUTRAL,0.09038019376238776,394.5925,0.018098063122772366,2022-08,P_selected_maxalpha_constrained,0.5308
4,2022-08,2022-08-31,4,False,False,ATH,0.0036011248958013474,NEUTRAL,-0.07829954003311623,169726.27500000008,0.21680564101496344,2022-08,P_selected_maxalpha_constrained,0.5308
4,2022-08,2022-08-31,4,False,False,SOT,0.002959849149629732,NEUTRAL,0.06459056937770112,1794795.75,0.9999999999815643,2022-08,P_selected_maxalpha_constrained,0.5308
4,2022-08,2022-08-31,4,False,False,ATW,0.002206350471506113,NEUTRAL,0.0928090867523734,6699439.0525,1.0,2022-08,P_selected_maxalpha_constrained,0.5308
4,2022-08,2022-08-31,4,False,False,PRO,0.002113166356136115,BUY,0.23512659756558452,710.9,0.018188218002565107,2022-08,P_selected_maxalpha_constrained,0.5308
4,2022-08,2022-08-31,4,False,False,CDM,0.0019036522895535348,NEUTRAL,-0.02070105799801273,75008.35,0.057331395817986235,2022-08,P_selected_maxalpha_constrained,0.5308
4,2022-08,2022-08-31,4,False,False,BCI,0.0014238132177979016,BUY,0.31697677956626424,24503.0225,0.026391901962741767,2022-08,P_selected_maxalpha_constrained,0.5308
4,2022-08,2022-08-31,4,False,False,GAZ,0.0014010197488988675,BUY,0.47293255638922654,52945.3,0.040978136675891584,2022-08,P_selected_maxalpha_constrained,0.5308
4,2022-08,2022-08-31,4,False,False,CSR,0.0013658044798706235,BUY,0.31541416024941427,968974.0749999996,0.999989906261671,2022-08,P_selected_maxalpha_constrained,0.5308
4,2022-08,2022-08-31,4,False,False,SLF,0.0008783862975378121,NEUTRAL,0.019992181286811656,40493.445,0.03382630474813981,2022-08,P_selected_maxalpha_constrained,0.5308
4,2022-08,2022-08-31,4,False,False,MSA,0.0003265324786546485,NEUTRAL,0.09727300781475853,2281634.4675000003,0.9999999999999925,2022-08,P_selected_maxalpha_constrained,0.5308
4,2022-08,2022-08-31,4,False,False,ATL,0.00022940202715792155,NEUTRAL,0.10584803065866495,188390.8625,0.2717531011024365,2022-08,P_selected_maxalpha_constrained,0.5308
4,2022-08,2022-08-31,4,False,False,COL,0.00020774051668266902,BUY,0.4706174251692698,24541.496,0.026407724027794167,2022-08,P_selected_maxalpha_constrained,0.5308
4,2022-08,2022-08-31,4,False,False,SNP,0.00016312913333218362,BUY,0.3014547893416906,527357.1399999999,0.9883152163601215,2022-08,P_selected_maxalpha_constrained,0.5308
4,2022-09,2022-09-30,0,False,False,CSR,0.15594145108632534,BUY,3.2373113782732834,5149862.425,1.0,2022-09,P_selected_maxalpha_constrained,0.7004
4,2022-09,2022-09-30,0,False,False,CDM,0.13411214771711372,BUY,0.7504783381226906,558569.955,0.9928758787868259,2022-09,P_selected_maxalpha_constrained,0.7004
4,2022-09,2022-09-30,0,False,False,AFM,0.1125299730677681,BUY,1.1904397603229113,41296.55,0.03424878400801428,2022-09,P_selected_maxalpha_constrained,0.7004
4,2022-09,2022-09-30,0,False,False,MAB,0.08612345542328408,BUY,0.7997092854466885,9704.75,0.020944259044671627,2022-09,P_selected_maxalpha_constrained,0.7004
4,2022-09,2022-09-30,0,False,False,CMT,0.0853599777318318,BUY,0.46207015157321085,1211548.0,0.9999997918003181,2022-09,P_selected_maxalpha_constrained,0.7004
4,2022-09,2022-09-30,0,False,False,LES,0.075174632501557,NEUTRAL,0.004963681108646041,469936.1100000006,0.9712229473136068,2022-09,P_selected_maxalpha_constrained,0.7004
4,2022-09,2022-09-30,0,False,False,IMO,0.05158200063922543,BUY,0.34657350741073445,641752.3600000001,0.9981076425709369,2022-09,P_selected_maxalpha_constrained,0.7004
4,2022-09,2022-09-30,0,False,False,TGC,0.04998016153167689,BUY,0.32658121268009666,1069144.405,0.9999979676392556,2022-09,P_selected_maxalpha_constrained,0.7004
4,2022-09,2022-09-30,0,False,False,MOX,0.03908373062726702,BUY,0.3609908715244322,10598.354999999998,0.02123945841516099,2022-09,P_selected_maxalpha_constrained,0.7004
4,2022-09,2022-09-30,0,False,False,MDP,0.0383189459162057,BUY,0.3743643095273159,776941.4855000001,0.9997820580322773,2022-09,P_selected_maxalpha_constrained,0.7004
4,2022-09,2022-09-30,0,False,False,CIH,0.037132348083659054,NEUTRAL,-0.02383653122940515,1368698.35,0.9999999831543541,2022-09,P_selected_maxalpha_constrained,0.7004
4,2022-09,2022-09-30,0,False,False,S2M,0.03106161236357606,NEUTRAL,-0.02372406062647924,2110.3,0.018592395850639765,2022-09,P_selected_maxalpha_constrained,0.7004
4,2022-09,2022-09-30,0,False,False,ALM,0.022721370508445065,NEUTRAL,0.00275581491422228,25332.35,0.026735011195198756,2022-09,P_selected_maxalpha_constrained,0.7004
4,2022-09,2022-09-30,0,False,False,SBM,0.015988813175339255,NEUTRAL,-0.10385740261379037,908960.55,0.9999736329429864,2022-09,P_selected_maxalpha_constrained,0.7004
4,2022-09,2022-09-30,0,False,False,DHO,0.01516714907560448,NEUTRAL,0.10046814082079877,442598.27800000005,0.9561261943904845,2022-09,P_selected_maxalpha_constrained,0.7004
4,2022-09,2022-09-30,0,False,False,MIC,0.014215297746347841,BUY,0.4343004045784606,681068.5050000002,0.9989903043051769,2022-09,P_selected_maxalpha_constrained,0.7004
4,2022-09,2022-09-30,0,False,False,SOT,0.00855502318705526,NEUTRAL,0.019988090818168137,3378958.2,1.0,2022-09,P_selected_maxalpha_constrained,0.7004
4,2022-09,2022-09-30,0,False,False,SNP,0.003334664924764026,BUY,0.48138760316133433,1787359.795,0.999999999979235,2022-09,P_selected_maxalpha_constrained,0.7004
4,2022-09,2022-09-30,0,False,False,MLE,0.0026599523551818316,NEUTRAL,-0.01279410778937723,1663.655,0.01846244657668517,2022-09,P_selected_maxalpha_constrained,0.7004
4,2022-09,2022-09-30,0,False,False,DWY,0.0026253466192104574,NEUTRAL,-0.02070798998982986,2181505.5999999996,0.999999999999962,2022-09,P_selected_maxalpha_constrained,0.7004
4,2022-09,2022-09-30,0,False,False,TMA,0.0025936652980290804,BUY,0.34693107065089,5867011.575,1.0,2022-09,P_selected_maxalpha_constrained,0.7004
4,2022-09,2022-09-30,0,False,False,NKL,0.0025391209435310985,NEUTRAL,-0.03459849885204182,4993.918000000001,0.019453228274433177,2022-09,P_selected_maxalpha_constrained,0.7004
4,2022-09,2022-09-30,0,False,False,AGM,0.002291212695503054,BUY,0.4045403268894397,4301.75,0.019243101237624866,2022-09,P_selected_maxalpha_constrained,0.7004
4,2022-09,2022-09-30,0,False,False,JET,0.00156959679814011,NEUTRAL,0.08427353233073476,267199.14249999996,0.5683656834122288,2022-09,P_selected_maxalpha_constrained,0.7004
4,2022-09,2022-09-30,0,False,False,ATH,0.0015313879377578143,NEUTRAL,-0.07404019050433437,298698.3295000001,0.685501907780345,2022-09,P_selected_maxalpha_constrained,0.7004
4,2022-09,2022-09-30,0,False,False,CTM,0.0014552497675458928,NEUTRAL,0.027807777859362,1241.7,0.01834049959691235,2022-09,P_selected_maxalpha_constrained,0.7004
4,2022-09,2022-09-30,0,False,False,MSA,0.0011639438724047257,NEUTRAL,0.022197148225536895,4472417.3575,1.0,2022-09,P_selected_maxalpha_constrained,0.7004
4,2022-09,2022-09-30,0,False,False,HPS,0.0010996251118781603,NEUTRAL,0.04850679027181061,2963816.3449999997,1.0,2022-09,P_selected_maxalpha_constrained,0.7004
4,2022-09,2022-09-30,0,False,False,RIS,0.0010051318276296719,NEUTRAL,0.016291492765947768,478385.105,0.97476984990377,2022-09,P_selected_maxalpha_constrained,0.7004
4,2022-09,2022-09-30,0,False,False,BAL,0.0008778428052180103,BUY,0.5361248451004087,7815.530000000001,0.020333319035750485,2022-09,P_selected_maxalpha_constrained,0.7004
4,2022-09,2022-09-30,0,False,False,ATL,0.0008331282333227362,BUY,0.33336605997228375,706899.8775000001,0.9993318957725678,2022-09,P_selected_maxalpha_constrained,0.7004
4,2022-09,2022-09-30,0,False,False,INV,0.0007892145606814159,BUY,0.3428640822053124,3600.1375,0.019032378370306764,2022-09,P_selected_maxalpha_constrained,0.7004
4,2022-09,2022-09-30,0,False,False,GAZ,0.00016068232300626455,NEUTRAL,0.07400761291402519,2947230.5,1.0,2022-09,P_selected_maxalpha_constrained,0.7004
4,2022-09,2022-09-30,0,False,False,EQD,0.00013751203605771696,NEUTRAL,0.009034786518302265,121729.6,0.11381752248305026,2022-09,P_selected_maxalpha_constrained,0.7004
4,2022-09,2022-09-30,0,False,False,FBR,0.00012340684669334248,BUY,0.22731633172584859,184127.7825,0.2584662637789632,2022-09,P_selected_maxalpha_constrained,0.7004
4,2022-09,2022-09-30,0,False,False,ADH,0.000108606575101851,NEUTRAL,-0.08855005015652272,897589.5870000016,0.9999683719135551,2022-09,P_selected_maxalpha_constrained,0.7004
4,2022-10,2022-10-31,8,False,False,CSR,0.2182370257973218,BUY,2.7282602719001257,13740745.882499998,1.0,2022-10,P_selected_maxalpha_constrained,0.7684
4,2022-10,2022-10-31,8,False,False,CDM,0.12094392610085093,NEUTRAL,-0.0676160130906957,395997.11,0.9118112626987207,2022-10,P_selected_maxalpha_constrained,0.7684
4,2022-10,2022-10-31,8,False,False,SOT,0.10111353945229802,NEUTRAL,0.10532202151371806,1528768.35,0.9999999986992094,2022-10,P_selected_maxalpha_constrained,0.7684
4,2022-10,2022-10-31,8,False,False,AFM,0.08391953445758678,BUY,1.346165698576644,36725.85,0.03191059367904691,2022-10,P_selected_maxalpha_constrained,0.7684
4,2022-10,2022-10-31,8,False,False,ARD,0.06127372733019009,NEUTRAL,-0.09881491710909959,317844.22000000003,0.7475348147338441,2022-10,P_selected_maxalpha_constrained,0.7684
4,2022-10,2022-10-31,8,False,False,GAZ,0.04887802815772636,NEUTRAL,0.08023210635814115,655435.55,0.9984791574677956,2022-10,P_selected_maxalpha_constrained,0.7684
4,2022-10,2022-10-31,8,False,False,LBV,0.04879666731670781,NEUTRAL,-0.06494385098917285,2513778.5,0.9999999999999998,2022-10,P_selected_maxalpha_constrained,0.7684
4,2022-10,2022-10-31,8,False,False,HPS,0.04656194209163435,NEUTRAL,-0.050424998320690285,1425444.95,0.9999999932052746,2022-10,P_selected_maxalpha_constrained,0.7684
4,2022-10,2022-10-31,8,False,False,DYT,0.03691580015329613,BUY,0.22284859958086325,200262.575,0.31092491279152973,2022-10,P_selected_maxalpha_constrained,0.7684
4,2022-10,2022-10-31,8,False,False,CMT,0.03455173814576674,NEUTRAL,0.08299110539260995,584225.0,0.9952629858567763,2022-10,P_selected_maxalpha_constrained,0.7684
4,2022-10,2022-10-31,8,False,False,IMO,0.03271066124868263,NEUTRAL,-0.0032026921689731064,637608.1775,0.9979781750031186,2022-10,P_selected_maxalpha_constrained,0.7684
4,2022-10,2022-10-31,8,False,False,ATL,0.029590219047697458,NEUTRAL,0.08891277640464985,288609.4225,0.6497068213663114,2022-10,P_selected_maxalpha_constrained,0.7684
4,2022-10,2022-10-31,8,False,False,DWY,0.022864412039295068,NEUTRAL,0.07193904812424443,771578.4499999996,0.9997625355648962,2022-10,P_selected_maxalpha_constrained,0.7684
4,2022-10,2022-10-31,8,False,False,MIC,0.02109667260159729,BUY,0.6472185300591006,261838.44500000036,0.5472127058694741,2022-10,P_selected_maxalpha_constrained,0.7684
4,2022-10,2022-10-31,8,False,False,DHO,0.02082031269426481,BUY,0.34605026848233394,30355.540999999997,0.02890776121956668,2022-10,P_selected_maxalpha_constrained,0.7684
4,2022-10,2022-10-31,8,False,False,MAB,0.01605116271220773,NEUTRAL,-0.0929371257757696,1431.45,0.018395240128482194,2022-10,P_selected_maxalpha_constrained,0.7684
4,2022-10,2022-10-31,8,False,False,LES,0.015244896271941463,BUY,0.5828070162873643,120115.93500000067,0.11123922523630606,2022-10,P_selected_maxalpha_constrained,0.7684
4,2022-10,2022-10-31,8,False,False,MOX,0.010190390094967491,BUY,0.3153941827545881,2710.892499999997,0.0187685508798799,2022-10,P_selected_maxalpha_constrained,0.7684
4,2022-10,2022-10-31,8,False,False,FBR,0.008556352316851423,BUY,0.5178320192523105,84695.6975,0.06630597093891363,2022-10,P_selected_maxalpha_constrained,0.7684
4,2022-10,2022-10-31,8,False,False,CTM,0.004049294931932301,NEUTRAL,0.018615256539802567,40042.8,0.033591446887042575,2022-10,P_selected_maxalpha_constrained,0.7684
4,2022-10,2022-10-31,8,False,False,SLF,0.0030622498370123123,NEUTRAL,0.03407791136424504,2774.195,0.0187872127318383,2022-10,P_selected_maxalpha_constrained,0.7684
4,2022-10,2022-10-31,8,False,False,SMI,0.0029312561028428303,BUY,0.24037181583043943,330757.9,0.7845068869698895,2022-10,P_selected_maxalpha_constrained,0.7684
4,2022-10,2022-10-31,8,False,False,COL,0.0027373845147802573,NEUTRAL,0.027768760016151316,17606.447500000002,0.023699954373390487,2022-10,P_selected_maxalpha_constrained,0.7684
4,2022-10,2022-10-31,8,False,False,MUT,0.0013929793801930887,NEUTRAL,-0.03488476521338745,634849.845,0.9978871396124497,2022-10,P_selected_maxalpha_constrained,0.7684
4,2022-10,2022-10-31,8,False,False,TQM,0.0013655474464821932,BUY,0.6408471324080653,2139924.75,0.9999999999999263,2022-10,P_selected_maxalpha_constrained,0.7684
4,2022-10,2022-10-31,8,False,False,ADH,0.0013060243361089558,NEUTRAL,0.05425491999663237,824379.2125000015,0.9998979624262874,2022-10,P_selected_maxalpha_constrained,0.7684
4,2022-10,2022-10-31,8,False,False,LHM,0.0012424295507364182,NEUTRAL,-0.08959237999322517,3783680.85,1.0,2022-10,P_selected_maxalpha_constrained,0.7684
4,2022-10,2022-10-31,8,False,False,SID,0.0010875098857803386,NEUTRAL,-0.0003014439909456157,1399734.8349999997,0.9999999897476345,2022-10,P_selected_maxalpha_constrained,0.7684
4,2022-10,2022-10-31,8,False,False,CIH,0.0009528593728141175,NEUTRAL,-0.035610614261968064,1169809.1,0.9999995940135312,2022-10,P_selected_maxalpha_constrained,0.7684
4,2022-10,2022-10-31,8,False,False,BOA,0.0005016106290617553,NEUTRAL,-0.06542690522299488,4460274.4,1.0,2022-10,P_selected_maxalpha_constrained,0.7684
4,2022-10,2022-10-31,8,False,False,INV,0.0004713032366398723,BUY,0.7571697495460743,2946.7699999999995,0.018838181082768864,2022-10,P_selected_maxalpha_constrained,0.7684
4,2022-10,2022-10-31,8,False,False,SBM,0.0001447810144663403,NEUTRAL,0.055594259474998596,313134.8,0.7330508341300992,2022-10,P_selected_maxalpha_constrained,0.7684
4,2022-10,2022-10-31,8,False,False,ATH,0.00013142180324805672,NEUTRAL,-0.03089838818131834,44930.34550000009,0.03622478719592788,2022-10,P_selected_maxalpha_constrained,0.7684
4,2022-10,2022-10-31,8,False,False,NKL,0.00011630366887123882,BUY,0.4480795039049877,2882.0020000000004,0.01881903660419212,2022-10,P_selected_maxalpha_constrained,0.7684
4,2022-11,2022-11-30,3,False,False,CSR,0.1398097357689087,BUY,2.8918293119160663,7063430.704999998,1.0,2022-11,P_selected_maxalpha_constrained,0.3601
4,2022-11,2022-11-30,3,False,False,MOX,0.08525621926208621,BUY,0.6541193794532759,1166.152499999997,0.01831874959569823,2022-11,P_selected_maxalpha_constrained,0.3601
4,2022-11,2022-11-30,3,False,False,NKL,0.08477399623299754,BUY,0.4786930078819669,2393.1050000000005,0.018675140164725733,2022-11,P_selected_maxalpha_constrained,0.3601
4,2022-11,2022-11-30,3,False,False,AFM,0.08211832693994035,BUY,1.1744215743126443,12153.4,0.0217628955084689,2022-11,P_selected_maxalpha_constrained,0.3601
4,2022-11,2022-11-30,3,False,False,LBV,0.07546718603725823,BUY,0.36347237154503886,5418198.1,1.0,2022-11,P_selected_maxalpha_constrained,0.3601
4,2022-11,2022-11-30,3,False,False,EQD,0.07511621114503557,BUY,0.37049794231205535,24799.4,0.026514024474861914,2022-11,P_selected_maxalpha_constrained,0.3601
4,2022-11,2022-11-30,3,False,False,PRO,0.06556389021178936,BUY,0.39124419702518115,5287.7,0.0195430924226994,2022-11,P_selected_maxalpha_constrained,0.3601
4,2022-11,2022-11-30,3,False,False,BCP,0.057011273193779556,BUY,0.273060789203754,5846417.720000001,1.0,2022-11,P_selected_maxalpha_constrained,0.3601
4,2022-11,2022-11-30,3,False,False,JET,0.043585836675364684,BUY,0.23398694451899038,53605.94,0.041395557212988425,2022-11,P_selected_maxalpha_constrained,0.3601
4,2022-11,2022-11-30,3,False,False,CTM,0.04002286150816118,NEUTRAL,0.07160527394874364,6758.375,0.01999910426261815,2022-11,P_selected_maxalpha_constrained,0.3601
4,2022-11,2022-11-30,3,False,False,CMT,0.03933692758621983,NEUTRAL,-0.07859970106314595,81216.1,0.06294135785948649,2022-11,P_selected_maxalpha_constrained,0.3601
4,2022-11,2022-11-30,3,False,False,LES,0.03885391563512024,BUY,0.685975845417522,52312.615000000675,0.040582158546856546,2022-11,P_selected_maxalpha_constrained,0.3601
4,2022-11,2022-11-30,3,False,False,DHO,0.03509188531812842,BUY,0.29520841454004265,134171.47850000003,0.13549101806914782,2022-11,P_selected_maxalpha_constrained,0.3601
4,2022-11,2022-11-30,3,False,False,MDP,0.029661970896850073,BUY,0.4291888533969163,25847.43650000009,0.026950292526159412,2022-11,P_selected_maxalpha_constrained,0.3601
4,2022-11,2022-11-30,3,False,False,SNP,0.021179687333095838,BUY,0.5209397562384632,177270.3799999998,0.23800035582340578,2022-11,P_selected_maxalpha_constrained,0.3601
4,2022-11,2022-11-30,3,False,False,BCI,0.01867612986012809,NEUTRAL,0.021894333763481877,3871399.1674999995,1.0,2022-11,P_selected_maxalpha_constrained,0.3601
4,2022-11,2022-11-30,3,False,False,SLF,0.014730822029531675,NEUTRAL,0.03953120119871813,414975.64,0.9333677284044155,2022-11,P_selected_maxalpha_constrained,0.3601
4,2022-11,2022-11-30,3,False,False,TGC,0.01087412851472109,NEUTRAL,0.06817111448695985,1002824.0649999998,0.9999941272697485,2022-11,P_selected_maxalpha_constrained,0.3601
4,2022-11,2022-11-30,3,False,False,SOT,0.009608796661869524,NEUTRAL,0.08191555710416355,132863.5,0.13305834073266662,2022-11,P_selected_maxalpha_constrained,0.3601
4,2022-11,2022-11-30,3,False,False,RDS,0.008245222590938616,BUY,0.45256283910999895,38178.497,0.0326364680411177,2022-11,P_selected_maxalpha_constrained,0.3601
4,2022-11,2022-11-30,3,False,False,DWY,0.006773314832521223,NEUTRAL,-0.003594788185432629,588080.1999999996,0.995545088414011,2022-11,P_selected_maxalpha_constrained,0.3601
4,2022-11,2022-11-30,3,False,False,MUT,0.003899173519403589,NEUTRAL,0.016223773221787696,1336696.2125,0.9999999718899711,2022-11,P_selected_maxalpha_constrained,0.3601
4,2022-11,2022-11-30,3,False,False,S2M,0.0034670387552314073,NEUTRAL,0.05936932571407328,134.595,0.018024286462871193,2022-11,P_selected_maxalpha_constrained,0.3601
4,2022-11,2022-11-30,3,False,False,SID,0.003239267700213832,NEUTRAL,-0.07223334838688819,1016825.875,0.9999953059682379,2022-11,P_selected_maxalpha_constrained,0.3601
4,2022-11,2022-11-30,3,False,False,ATL,0.002323411995195629,BUY,0.27753907773732844,197707.875,0.3022357400911407,2022-11,P_selected_maxalpha_constrained,0.3601
4,2022-11,2022-11-30,3,False,False,FBR,0.0015712383952765539,BUY,0.7363097394402575,15847.91,0.02305757344676939,2022-11,P_selected_maxalpha_constrained,0.3601
4,2022-11,2022-11-30,3,False,False,ATH,0.0008725815997017009,NEUTRAL,-0.0004348763532469463,483738.3870000001,0.9767928502243481,2022-11,P_selected_maxalpha_constrained,0.3601
4,2022-11,2022-11-30,3,False,False,MSA,0.0006390203088589857,BUY,0.505444555853344,8022149.880000001,1.0,2022-11,P_selected_maxalpha_constrained,0.3601
4,2022-11,2022-11-30,3,False,False,ADH,0.0005969340923885386,NEUTRAL,0.05732152135568762,842416.5420000015,0.9999235398704275,2022-11,P_selected_maxalpha_constrained,0.3601
4,2022-11,2022-11-30,3,False,False,CIH,0.0003182124666783791,NEUTRAL,0.0018373859552624494,1809842.9925000002,0.9999999999855089,2022-11,P_selected_maxalpha_constrained,0.3601
4,2022-11,2022-11-30,3,False,False,SRM,0.0002983397623011619,NEUTRAL,0.029034699025428316,2491.3300000000004,0.01870396370007572,2022-11,P_selected_maxalpha_constrained,0.3601
4,2022-11,2022-11-30,3,False,False,COL,0.0002858925369459078,NEUTRAL,-0.06628342923879982,4837.4755,0.019405539910293576,2022-11,P_selected_maxalpha_constrained,0.3601
4,2022-11,2022-11-30,3,False,False,ALM,0.00028087088215400643,NEUTRAL,-0.09625309042640928,103960.4,0.08813408566074837,2022-11,P_selected_maxalpha_constrained,0.3601
4,2022-11,2022-11-30,3,False,False,TQM,0.00025065670904974885,NEUTRAL,0.07001514973019107,438242.7,0.9531080921410103,2022-11,P_selected_maxalpha_constrained,0.3601
4,2022-12,2022-12-30,18,False,False,AGM,0.19381112046966006,BUY,1.586340051923138,77676.0,0.05968220475594831,2022-12,P_selected_maxalpha_constrained,0.6751
4,2022-12,2022-12-30,18,False,False,CSR,0.19053165171391898,BUY,2.6713412253884887,16083508.310000002,1.0,2022-12,P_selected_maxalpha_constrained,0.6751
4,2022-12,2022-12-30,18,False,False,LES,0.1111989510787935,BUY,0.5381616711447463,5548929.5525,1.0,2022-12,P_selected_maxalpha_constrained,0.6751
4,2022-12,2022-12-30,18,False,False,HPS,0.0595788282592603,BUY,0.3167214696435765,311089.945,0.7265997863497946,2022-12,P_selected_maxalpha_constrained,0.6751
4,2022-12,2022-12-30,18,False,False,DYT,0.05623436944826465,BUY,0.6848039504487722,137328.7375,0.14151782940796312,2022-12,P_selected_maxalpha_constrained,0.6751
4,2022-12,2022-12-30,18,False,False,CIH,0.05540472237607935,NEUTRAL,0.07785047808987271,809421.8275,0.9998703768121675,2022-12,P_selected_maxalpha_constrained,0.6751
4,2022-12,2022-12-30,18,False,False,MNG,0.04914638034598206,BUY,0.29797568338473945,126130237.95,1.0,2022-12,P_selected_maxalpha_constrained,0.6751
4,2022-12,2022-12-30,18,False,False,GAZ,0.03784079721395612,BUY,0.27409012495481033,12599809.35,1.0,2022-12,P_selected_maxalpha_constrained,0.6751
4,2022-12,2022-12-30,18,False,False,DWY,0.036453033864099545,NEUTRAL,-0.01712211047494449,349676.5799999996,0.8312939035277699,2022-12,P_selected_maxalpha_constrained,0.6751
4,2022-12,2022-12-30,18,False,False,JET,0.030958301705375276,NEUTRAL,0.06509580756681455,581458.7150000001,0.9950496750515017,2022-12,P_selected_maxalpha_constrained,0.6751
4,2022-12,2022-12-30,18,False,False,MOX,0.026903295419473602,NEUTRAL,0.00835585591910356,4777.794999999996,0.019387377716291468,2022-12,P_selected_maxalpha_constrained,0.6751
4,2022-12,2022-12-30,18,False,False,TMA,0.0227603277111483,NEUTRAL,-0.03188924227894356,1449301.15,0.9999999953612384,2022-12,P_selected_maxalpha_constrained,0.6751
4,2022-12,2022-12-30,18,False,False,RDS,0.022665264718249874,NEUTRAL,-0.053283280313240484,621868.7015000001,0.9974006709816856,2022-12,P_selected_maxalpha_constrained,0.6751
4,2022-12,2022-12-30,18,False,False,MSA,0.019642439981393894,NEUTRAL,-0.07840398569463483,12301706.364999998,1.0,2022-12,P_selected_maxalpha_constrained,0.6751
4,2022-12,2022-12-30,18,False,False,DHO,0.01559310806175636,NEUTRAL,-0.08245144914847102,315899.55149999994,0.7416175493532955,2022-12,P_selected_maxalpha_constrained,0.6751
4,2022-12,2022-12-30,18,False,False,ARD,0.010234599727463744,NEUTRAL,-0.065212171130491,277625.69,0.6087381168571889,2022-12,P_selected_maxalpha_constrained,0.6751
4,2022-12,2022-12-30,18,False,False,AFM,0.009980997386412269,BUY,1.0144613442382029,62993.85,0.04778412032134088,2022-12,P_selected_maxalpha_constrained,0.6751
4,2022-12,2022-12-30,18,False,False,COL,0.0092023957765653,NEUTRAL,0.034528762710405385,34098.084,0.03063700207568806,2022-12,P_selected_maxalpha_constrained,0.6751
4,2022-12,2022-12-30,18,False,False,NKL,0.006322051785648885,BUY,0.3363824266034362,2128.375000000001,0.01859767353641719,2022-12,P_selected_maxalpha_constrained,0.6751
4,2022-12,2022-12-30,18,False,False,BCI,0.00563864517636619,NEUTRAL,0.05812005974673631,920874.5325,0.9999782090172971,2022-12,P_selected_maxalpha_constrained,0.6751
4,2022-12,2022-12-30,18,False,False,TQM,0.004806529905081142,BUY,0.3068221289434149,1544028.1,0.9999999989810056,2022-12,P_selected_maxalpha_constrained,0.6751
4,2022-12,2022-12-30,18,False,False,BOA,0.00427074729352251,NEUTRAL,-0.0806706843546183,6198932.5075,1.0,2022-12,P_selected_maxalpha_constrained,0.6751
4,2022-12,2022-12-30,18,False,False,FBR,0.004212524885613144,BUY,0.7468940972950723,32019.557499999995,0.029664608324839564,2022-12,P_selected_maxalpha_constrained,0.6751
4,2022-12,2022-12-30,18,False,False,SOT,0.003856835633184463,NEUTRAL,-0.01750893476141086,183898.1,0.2577625486890108,2022-12,P_selected_maxalpha_constrained,0.6751
4,2022-12,2022-12-30,18,False,False,CMT,0.002922034531246086,NEUTRAL,0.00885420931227604,634306.5,0.9978687306626368,2022-12,P_selected_maxalpha_constrained,0.6751
4,2022-12,2022-12-30,18,False,False,S2M,0.0026769299073241683,NEUTRAL,-0.0419063307413423,377.72249999999997,0.018093267127009177,2022-12,P_selected_maxalpha_constrained,0.6751
4,2022-12,2022-12-30,18,False,False,SLF,0.00233892684983888,NEUTRAL,-0.08209630805058946,355356.35,0.8436580416982155,2022-12,P_selected_maxalpha_constrained,0.6751
4,2022-12,2022-12-30,18,False,False,INV,0.0012496449854687882,NEUTRAL,0.1079744831651569,6638.195,0.019961452231947282,2022-12,P_selected_maxalpha_constrained,0.6751
4,2022-12,2022-12-30,18,False,False,MUT,0.0012137346527185885,NEUTRAL,-0.03321603524613264,2867728.1449999996,1.0,2022-12,P_selected_maxalpha_constrained,0.6751
4,2022-12,2022-12-30,18,False,False,SRM,0.0006916040926204462,NEUTRAL,-0.007698976721016992,630.2700000000003,0.01816519483312965,2022-12,P_selected_maxalpha_constrained,0.6751
4,2022-12,2022-12-30,18,False,False,MLE,0.0006521346247527087,BUY,0.5058093180804131,582.45,0.01815155377879418,2022-12,P_selected_maxalpha_constrained,0.6751
4,2022-12,2022-12-30,18,False,False,TGC,0.00041253015887779464,NEUTRAL,0.038736377375721526,906282.6525000001,0.9999724786904788,2022-12,P_selected_maxalpha_constrained,0.6751
4,2022-12,2022-12-30,18,False,False,ATH,0.00029711163816003797,NEUTRAL,0.10970799729517777,897068.4030000002,0.9999681070744205,2022-12,P_selected_maxalpha_constrained,0.6751
4,2022-12,2022-12-30,18,False,False,MIC,0.00017106812633585087,BUY,0.33479059255674004,34787.91000000033,0.030966493038565263,2022-12,P_selected_maxalpha_constrained,0.6751
4,2023-01,2023-01-31,1,False,False,AFI,0.28040410693073414,BUY,0.8789488670256516,11583.6,0.02156964936465813,2023-01,P_selected_maxalpha_constrained,0.3725
4,2023-01,2023-01-31,1,False,False,AGM,0.09170465769716513,BUY,2.0936249807277068,44944.25,0.03623255506262697,2023-01,P_selected_maxalpha_constrained,0.3725
4,2023-01,2023-01-31,1,False,False,AFM,0.08645488471975485,BUY,0.4212057174985637,6667.95,0.01997076791029023,2023-01,P_selected_maxalpha_constrained,0.3725
4,2023-01,2023-01-31,1,False,False,TQM,0.07077133472127506,BUY,0.9780000004019878,574601.905,0.9944788380348597,2023-01,P_selected_maxalpha_constrained,0.3725
4,2023-01,2023-01-31,1,False,False,CSR,0.0663220870425929,BUY,2.516991017185297,2767953.9,1.0,2023-01,P_selected_maxalpha_constrained,0.3725
4,2023-01,2023-01-31,1,False,False,S2M,0.05907544372164954,BUY,0.8053814485241055,10.0,0.01798903621304637,2023-01,P_selected_maxalpha_constrained,0.3725
4,2023-01,2023-01-31,1,False,False,SOT,0.05166034786511008,NEUTRAL,0.031358281056280746,315208.4,0.7394928682287822,2023-01,P_selected_maxalpha_constrained,0.3725
4,2023-01,2023-01-31,1,False,False,M2M,0.03844182473744163,BUY,0.8417707316490293,63022.17,0.04780474186817434,2023-01,P_selected_maxalpha_constrained,0.3725
4,2023-01,2023-01-31,1,False,False,DWY,0.03416088929497674,BUY,0.6302270483061984,278197.66999999963,0.6109156454576943,2023-01,P_selected_maxalpha_constrained,0.3725
4,2023-01,2023-01-31,1,False,False,LES,0.03173991989938526,BUY,0.474743735182317,363549.22500000073,0.8601802178589719,2023-01,P_selected_maxalpha_constrained,0.3725
4,2023-01,2023-01-31,1,False,False,SAH,0.026995198076739373,BUY,0.35476130883304285,70813.93000000001,0.05381035391020677,2023-01,P_selected_maxalpha_constrained,0.3725
4,2023-01,2023-01-31,1,False,False,MNG,0.02613519740170253,NEUTRAL,0.060103838325437434,654195.45,0.9984487274378134,2023-01,P_selected_maxalpha_constrained,0.3725
4,2023-01,2023-01-31,1,False,False,CIH,0.019998508660682195,NEUTRAL,0.05120059713392752,640825.5349999999,0.9980794256192659,2023-01,P_selected_maxalpha_constrained,0.3725
4,2023-01,2023-01-31,1,False,False,ATW,0.019611076838228075,BUY,0.2545340356997496,15659908.55,1.0,2023-01,P_selected_maxalpha_constrained,0.3725
4,2023-01,2023-01-31,1,False,False,MIC,0.01774645992774583,BUY,0.4440888478446877,469446.3700000004,0.9710031334170166,2023-01,P_selected_maxalpha_constrained,0.3725
4,2023-01,2023-01-31,1,False,False,SBM,0.01708019835890367,BUY,0.3282019447802937,292526.7,0.6638340373477216,2023-01,P_selected_maxalpha_constrained,0.3725
4,2023-01,2023-01-31,1,False,False,TGC,0.013457138193849638,NEUTRAL,0.02188214023731828,611269.9075,0.9969217729919869,2023-01,P_selected_maxalpha_constrained,0.3725
4,2023-01,2023-01-31,1,False,False,CMA,0.012704793754592637,NEUTRAL,-0.0003996939928068016,2986329.6,1.0,2023-01,P_selected_maxalpha_constrained,0.3725
4,2023-01,2023-01-31,1,False,False,LBV,0.0068098291345601554,NEUTRAL,-0.01583066515894522,2657280.1,1.0,2023-01,P_selected_maxalpha_constrained,0.3725
4,2023-01,2023-01-31,1,False,False,JET,0.004666537990015854,NEUTRAL,0.09355772109019744,52195.615000000005,0.0405093344167753,2023-01,P_selected_maxalpha_constrained,0.3725
4,2023-01,2023-01-31,1,False,False,PRO,0.003512642849201546,NEUTRAL,-0.017685226670813854,51.3,0.01800071324857275,2023-01,P_selected_maxalpha_constrained,0.3725
4,2023-01,2023-01-31,1,False,False,CRS,0.0031160260427275915,NEUTRAL,-0.02510626940605218,2268.5005,0.01863863841475671,2023-01,P_selected_maxalpha_constrained,0.3725
4,2023-01,2023-01-31,1,False,False,DHO,0.002624449669239769,NEUTRAL,0.09608659644397838,35972.405,0.0315402773359196,2023-01,P_selected_maxalpha_constrained,0.3725
4,2023-01,2023-01-31,1,False,False,INV,0.0023494649525233665,BUY,0.28505517460945556,1626.6375,0.01845171658509435,2023-01,P_selected_maxalpha_constrained,0.3725
4,2023-01,2023-01-31,1,False,False,BCI,0.0022367630273705105,NEUTRAL,0.06785350753493566,1096782.8175000001,0.9999986939802256,2023-01,P_selected_maxalpha_constrained,0.3725
4,2023-01,2023-01-31,1,False,False,IAM,0.0015598483638264264,BUY,0.2951937425690511,13544039.144499999,1.0,2023-01,P_selected_maxalpha_constrained,0.3725
4,2023-01,2023-01-31,1,False,False,ATH,0.0014664399456624133,NEUTRAL,-0.09712671949338342,200905.9165000001,0.31313457476371154,2023-01,P_selected_maxalpha_constrained,0.3725
4,2023-01,2023-01-31,1,False,False,NKL,0.0012049260605005818,NEUTRAL,0.07662296770129016,1907.1760000000008,0.018533186995256447,2023-01,P_selected_maxalpha_constrained,0.3725
4,2023-01,2023-01-31,1,False,False,COL,0.0010424232974557822,BUY,0.3743835300174123,22039.352000000003,0.025397712465584005,2023-01,P_selected_maxalpha_constrained,0.3725
4,2023-01,2023-01-31,1,False,False,MDP,0.001020763578645366,BUY,0.6248633632263341,22477.449500000093,0.025571796202612993,2023-01,P_selected_maxalpha_constrained,0.3725
4,2023-01,2023-01-31,1,False,False,HPS,0.0009736623058052243,BUY,0.35784528397289195,140364.41999999998,0.14752210125798318,2023-01,P_selected_maxalpha_constrained,0.3725
4,2023-01,2023-01-31,1,False,False,IMO,0.0008868275777377433,BUY,0.2746888743525841,374693.734,0.8802816217194865,2023-01,P_selected_maxalpha_constrained,0.3725
4,2023-01,2023-01-31,1,False,False,CTM,0.000760667978627023,NEUTRAL,0.04761286693784489,6032.49,0.019772741188709794,2023-01,P_selected_maxalpha_constrained,0.3725
4,2023-01,2023-01-31,1,False,False,BCP,0.0006953131877387432,NEUTRAL,-0.0039023669730471715,4343433.1725,1.0,2023-01,P_selected_maxalpha_constrained,0.3725
4,2023-01,2023-01-31,1,False,False,MSA,0.0003067625076467122,NEUTRAL,0.043984590348976144,6920604.67,1.0,2023-01,P_selected_maxalpha_constrained,0.3725
4,2023-02,2023-02-28,10,False,False,CMT,0.16888490267468487,BUY,3.79046399995554,1034067.45,0.9999964376237946,2023-02,P_selected_maxalpha_constrained,0.5771
4,2023-02,2023-02-28,10,False,False,MAB,0.13134467491807064,BUY,0.46933679193474753,3087.95,0.018879978059355103,2023-02,P_selected_maxalpha_constrained,0.5771
4,2023-02,2023-02-28,10,False,False,CSR,0.1029861250148744,BUY,1.9856512857486848,910033.8474999999,0.9999740818607816,2023-02,P_selected_maxalpha_constrained,0.5771
4,2023-02,2023-02-28,10,False,False,CMA,0.10261088379440804,BUY,0.3062457156493845,1089665.05,0.9999985364451657,2023-02,P_selected_maxalpha_constrained,0.5771
4,2023-02,2023-02-28,10,False,False,MNG,0.1020641533443962,NEUTRAL,-0.09262820924670118,2043125.2,0.9999999999996532,2023-02,P_selected_maxalpha_constrained,0.5771
4,2023-02,2023-02-28,10,False,False,CTM,0.07810494846561675,NEUTRAL,0.0840588874766478,1427.2099999999998,0.018394015191442428,2023-02,P_selected_maxalpha_constrained,0.5771
4,2023-02,2023-02-28,10,False,False,TGC,0.07755117908469687,BUY,0.6155381632163507,331558.9175,0.7866656527391069,2023-02,P_selected_maxalpha_constrained,0.5771
4,2023-02,2023-02-28,10,False,False,SLF,0.07722437543743599,BUY,0.4021343446577357,19012.05,0.024225937725889733,2023-02,P_selected_maxalpha_constrained,0.5771
4,2023-02,2023-02-28,10,False,False,INV,0.03159590046625179,BUY,0.42795008451729943,4086.925,0.01917833871579382,2023-02,P_selected_maxalpha_constrained,0.5771
4,2023-02,2023-02-28,10,False,False,SBM,0.030270931469935095,BUY,0.5995092745114986,128912.9,0.12593447634729552,2023-02,P_selected_maxalpha_constrained,0.5771
4,2023-02,2023-02-28,10,False,False,MIC,0.020307888568578777,BUY,0.7377385690105386,111712.74000000034,0.09862503876588453,2023-02,P_selected_maxalpha_constrained,0.5771
4,2023-02,2023-02-28,10,False,False,ARD,0.01845893156597884,BUY,0.2365639734732004,1171041.635,0.9999996019413807,2023-02,P_selected_maxalpha_constrained,0.5771
4,2023-02,2023-02-28,10,False,False,HPS,0.010420582891653532,BUY,0.9334898199802514,54349.78500000001,0.041870419147709476,2023-02,P_selected_maxalpha_constrained,0.5771
4,2023-02,2023-02-28,10,False,False,NKL,0.008327331077830798,NEUTRAL,0.08018164463669569,14028.580000000002,0.02241088402754001,2023-02,P_selected_maxalpha_constrained,0.5771
4,2023-02,2023-02-28,10,False,False,COL,0.006772006269481747,BUY,0.4345191025156543,6199.7055,0.019824662812092882,2023-02,P_selected_maxalpha_constrained,0.5771
4,2023-02,2023-02-28,10,False,False,OUL,0.004730199633980226,NEUTRAL,-0.08323825740912606,2215.85,0.01862323597485192,2023-02,P_selected_maxalpha_constrained,0.5771
4,2023-02,2023-02-28,10,False,False,MOX,0.0036249854894905556,NEUTRAL,0.06315428440291926,2393.592499999997,0.01867528311102097,2023-02,P_selected_maxalpha_constrained,0.5771
4,2023-02,2023-02-28,10,False,False,GAZ,0.0033838426029147444,NEUTRAL,-0.10277187171537491,2997477.45,1.0,2023-02,P_selected_maxalpha_constrained,0.5771
4,2023-02,2023-02-28,10,False,False,AFI,0.003267852753941213,BUY,0.39375519604495207,3282.0375,0.01893758703785677,2023-02,P_selected_maxalpha_constrained,0.5771
4,2023-02,2023-02-28,10,False,False,SMI,0.0025871734340203257,BUY,0.3643833755446768,112793.7,0.10017327324247532,2023-02,P_selected_maxalpha_constrained,0.5771
4,2023-02,2023-02-28,10,False,False,DWY,0.0023971749075377153,NEUTRAL,0.0037749352895956392,203747.52499999962,0.3229954843924824,2023-02,P_selected_maxalpha_constrained,0.5771
4,2023-02,2023-02-28,10,False,False,AFM,0.002024729731878591,BUY,0.46842514688197157,6836.2,0.02002352370413436,2023-02,P_selected_maxalpha_constrained,0.5771
4,2023-02,2023-02-28,10,False,False,CRS,0.0018498000359030277,NEUTRAL,0.007834172164617098,2345.5474999999997,0.01866120036230652,2023-02,P_selected_maxalpha_constrained,0.5771
4,2023-02,2023-02-28,10,False,False,CDM,0.0017151452929564416,NEUTRAL,-0.08869750324431432,250484.06,0.5019362303213742,2023-02,P_selected_maxalpha_constrained,0.5771
4,2023-02,2023-02-28,10,False,False,TQM,0.0016722068040501857,BUY,0.7151988814893592,1453693.8,0.9999999956760686,2023-02,P_selected_maxalpha_constrained,0.5771
4,2023-02,2023-02-28,10,False,False,DHO,0.0016649114443105558,BUY,0.5986519092868504,23419.6495,0.025950136984731535,2023-02,P_selected_maxalpha_constrained,0.5771
4,2023-02,2023-02-28,10,False,False,SOT,0.0014794586102247684,NEUTRAL,0.07783445868052576,71553.7,0.05441619026869869,2023-02,P_selected_maxalpha_constrained,0.5771
4,2023-02,2023-02-28,10,False,False,JET,0.0009780228019012815,BUY,0.42477709700688704,156919.75,0.1840292194219782,2023-02,P_selected_maxalpha_constrained,0.5771
4,2023-02,2023-02-28,10,False,False,IBC,0.0005867800016161299,BUY,0.5433719834803781,557.5109999999942,0.018144443710330336,2023-02,P_selected_maxalpha_constrained,0.5771
4,2023-02,2023-02-28,10,False,False,IMO,0.0003183539523091971,NEUTRAL,-0.10468137871291623,95932.0655,0.07834224638641629,2023-02,P_selected_maxalpha_constrained,0.5771
4,2023-02,2023-02-28,10,False,False,CIH,0.00022613959257496434,NEUTRAL,-0.0655205875069989,1095213.6300000001,0.9999986607749326,2023-02,P_selected_maxalpha_constrained,0.5771
4,2023-02,2023-02-28,10,False,False,LES,0.00016172816443168467,BUY,0.3932351073168313,110241.49250000075,0.09655206202937705,2023-02,P_selected_maxalpha_constrained,0.5771
4,2023-02,2023-02-28,10,False,False,FBR,0.00010832576202776557,NEUTRAL,0.025760201237488664,25256.825,0.02670358630016415,2023-02,P_selected_maxalpha_constrained,0.5771
4,2023-03,2023-03-31,3,False,False,CSR,0.17027856393055707,BUY,2.1741882434843554,2099710.955,0.9999999999998597,2023-03,P_selected_maxalpha_constrained,0.4629
4,2023-03,2023-03-31,3,False,False,AFM,0.09732435023358718,BUY,0.7988057832404725,364454.15,0.8619125219956832,2023-03,P_selected_maxalpha_constrained,0.4629
4,2023-03,2023-03-31,3,False,False,S2M,0.09425083972976912,BUY,0.9653268975742298,48.5,0.017999921350069614,2023-03,P_selected_maxalpha_constrained,0.4629
4,2023-03,2023-03-31,3,False,False,MAB,0.09297456308989238,BUY,2.554298184658023,25155.2,0.02666135824656168,2023-03,P_selected_maxalpha_constrained,0.4629
4,2023-03,2023-03-31,3,False,False,LES,0.08268079275396108,BUY,0.6071867957779782,245767.3775000008,0.48307597767498334,2023-03,P_selected_maxalpha_constrained,0.4629
4,2023-03,2023-03-31,3,False,False,HPS,0.08126441486436752,BUY,1.5565483781318978,20132.04,0.024653176689290738,2023-03,P_selected_maxalpha_constrained,0.4629
4,2023-03,2023-03-31,3,False,False,AFI,0.0700165059095823,BUY,0.8319595518965924,33094.0,0.03016346830182976,2023-03,P_selected_maxalpha_constrained,0.4629
4,2023-03,2023-03-31,3,False,False,CRS,0.055337245830972395,BUY,0.2524794569525122,675.301,0.018178049500251293,2023-03,P_selected_maxalpha_constrained,0.4629
4,2023-03,2023-03-31,3,False,False,DWY,0.04445193270335243,BUY,0.4617961862547593,254638.64999999962,0.5185460875540492,2023-03,P_selected_maxalpha_constrained,0.4629
4,2023-03,2023-03-31,3,False,False,CMT,0.03702293213865842,BUY,0.43995287160498564,507315.95,0.9839687658365996,2023-03,P_selected_maxalpha_constrained,0.4629
4,2023-03,2023-03-31,3,False,False,CIH,0.03071138575977273,BUY,0.6587889314271083,473028.6525,0.9725740998515132,2023-03,P_selected_maxalpha_constrained,0.4629
4,2023-03,2023-03-31,3,False,False,MNG,0.023946122470366683,NEUTRAL,-0.01815218349942312,1282594.6,0.9999999331967206,2023-03,P_selected_maxalpha_constrained,0.4629
4,2023-03,2023-03-31,3,False,False,DYT,0.021807463247973478,BUY,0.6338352131945171,83522.75,0.06515351951391644,2023-03,P_selected_maxalpha_constrained,0.4629
4,2023-03,2023-03-31,3,False,False,IMO,0.015338746749940395,NEUTRAL,0.04043570209700148,48729.14,0.03840765700817152,2023-03,P_selected_maxalpha_constrained,0.4629
4,2023-03,2023-03-31,3,False,False,CMA,0.014294929716595052,NEUTRAL,0.03996722772096598,2768078.85,1.0,2023-03,P_selected_maxalpha_constrained,0.4629
4,2023-03,2023-03-31,3,False,False,ADI,0.01284729961021458,NEUTRAL,0.05573613217852915,1206786.3105000001,0.9999997753183202,2023-03,P_selected_maxalpha_constrained,0.4629
4,2023-03,2023-03-31,3,False,False,MIC,0.012758119839708247,BUY,0.39226404613088467,38996.16500000033,0.03305204092769825,2023-03,P_selected_maxalpha_constrained,0.4629
4,2023-03,2023-03-31,3,False,False,IBC,0.008300868122430822,NEUTRAL,-0.031063596672800866,1584.9224999999942,0.01843963229629478,2023-03,P_selected_maxalpha_constrained,0.4629
4,2023-03,2023-03-31,3,False,False,SMI,0.005204543116442083,BUY,0.28251360954367016,36844.75,0.031969415567953414,2023-03,P_selected_maxalpha_constrained,0.4629
4,2023-03,2023-03-31,3,False,False,BCP,0.004795729254889267,NEUTRAL,-0.05889448588009917,5811499.3625,1.0,2023-03,P_selected_maxalpha_constrained,0.4629
4,2023-03,2023-03-31,3,False,False,AKT,0.00366209723074253,NEUTRAL,0.07300660326457743,835562.8699999999,0.9999146791109752,2023-03,P_selected_maxalpha_constrained,0.4629
4,2023-03,2023-03-31,3,False,False,CTM,0.00338392521504983,BUY,0.44924357192900877,3562.4049999999997,0.01902111010150071,2023-03,P_selected_maxalpha_constrained,0.4629
4,2023-03,2023-03-31,3,False,False,MOX,0.0029815887549967807,NEUTRAL,0.062477026564885234,543.4599999999971,0.018140438997027775,2023-03,P_selected_maxalpha_constrained,0.4629
4,2023-03,2023-03-31,3,False,False,ATW,0.0029003478275080015,NEUTRAL,-0.10145213449692826,13377655.584999999,1.0,2023-03,P_selected_maxalpha_constrained,0.4629
4,2023-03,2023-03-31,3,False,False,CDM,0.002681299223806934,BUY,0.9782032378424527,204704.9,0.32635410301969636,2023-03,P_selected_maxalpha_constrained,0.4629
4,2023-03,2023-03-31,3,False,False,OUL,0.002060262455834227,NEUTRAL,-0.05030601179116966,661.0,0.018173966132178677,2023-03,P_selected_maxalpha_constrained,0.4629
4,2023-03,2023-03-31,3,False,False,SOT,0.0019854711949568783,NEUTRAL,-0.1030941314607875,328328.1,0.7778618755571143,2023-03,P_selected_maxalpha_constrained,0.4629
4,2023-03,2023-03-31,3,False,False,TQM,0.0011264717203483096,NEUTRAL,0.04093211601998171,6903893.63,1.0,2023-03,P_selected_maxalpha_constrained,0.4629
4,2023-03,2023-03-31,3,False,False,FBR,0.0006938795602625697,NEUTRAL,-0.035514430907499416,11495.1475,0.02153980178877052,2023-03,P_selected_maxalpha_constrained,0.4629
4,2023-03,2023-03-31,3,False,False,MUT,0.0005749778306013364,NEUTRAL,-0.07916835478500026,417324.1924999996,0.9356670093259126,2023-03,P_selected_maxalpha_constrained,0.4629
4,2023-03,2023-03-31,3,False,False,EQD,0.0005628037730576923,NEUTRAL,-0.004541964246303309,18562.75,0.02405658135271441,2023-03,P_selected_maxalpha_constrained,0.4629
4,2023-03,2023-03-31,3,False,False,TGC,0.00045365956290894843,NEUTRAL,-0.0977704162682173,397484.8175,0.9137066539631209,2023-03,P_selected_maxalpha_constrained,0.4629
4,2023-03,2023-03-31,3,False,False,COL,0.00038792360808446384,BUY,0.23968473452965736,25667.897,0.026875062979528914,2023-03,P_selected_maxalpha_constrained,0.4629
4,2023-03,2023-03-31,3,False,False,NKL,0.000317021117966413,NEUTRAL,0.043478983645988636,58212.931500000006,0.0444215099233854,2023-03,P_selected_maxalpha_constrained,0.4629
4,2023-03,2023-03-31,3,False,False,JET,0.00022563261802678215,NEUTRAL,0.08268543484482133,92105.095,0.0740336291131945,2023-03,P_selected_maxalpha_constrained,0.4629
4,2023-03,2023-03-31,3,False,False,GAZ,0.00016446255788249767,NEUTRAL,-0.03120608375608265,168954.05,0.21471499019447432,2023-03,P_selected_maxalpha_constrained,0.4629
4,2023-03,2023-03-31,3,False,False,BOA,0.0001590869375745627,NEUTRAL,0.02216888522191985,2560153.6025,1.0,2023-03,P_selected_maxalpha_constrained,0.4629
4,2023-04,2023-04-28,18,False,False,CRS,0.25379476933705436,BUY,1.803506695082649,781.9065,0.01820851698301981,2023-04,P_selected_maxalpha_constrained,0.4474
4,2023-04,2023-04-28,18,False,False,CSR,0.1766015241422213,BUY,2.2932782330910837,3219892.3125,1.0,2023-04,P_selected_maxalpha_constrained,0.4474
4,2023-04,2023-04-28,18,False,False,MAB,0.14264949218179424,BUY,2.9799976097165786,12890.65,0.02201544553788909,2023-04,P_selected_maxalpha_constrained,0.4474
4,2023-04,2023-04-28,18,False,False,AKT,0.09396954180881795,NEUTRAL,-0.051844397521643326,3402391.0424999995,1.0,2023-04,P_selected_maxalpha_constrained,0.4474
4,2023-04,2023-04-28,18,False,False,INV,0.06491191653859943,BUY,0.6803809962964114,3328.5294999999996,0.018951412348882077,2023-04,P_selected_maxalpha_constrained,0.4474
4,2023-04,2023-04-28,18,False,False,BOA,0.05210740469352668,NEUTRAL,0.07375523591570231,1890395.8974999997,0.9999999999960065,2023-04,P_selected_maxalpha_constrained,0.4474
4,2023-04,2023-04-28,18,False,False,CIH,0.03142940454091188,BUY,0.3309292372344817,520413.36500000005,0.9869600757360814,2023-04,P_selected_maxalpha_constrained,0.4474
4,2023-04,2023-04-28,18,False,False,ATL,0.027321912141433206,NEUTRAL,0.053071746725564244,407767.82999999996,0.9258268688659183,2023-04,P_selected_maxalpha_constrained,0.4474
4,2023-04,2023-04-28,18,False,False,DWY,0.023245218865309964,NEUTRAL,0.03488822922875789,98337.37499999962,0.08116652463229079,2023-04,P_selected_maxalpha_constrained,0.4474
4,2023-04,2023-04-28,18,False,False,CDM,0.01993533302688695,BUY,0.7585214570031464,155155.395,0.17982793449380863,2023-04,P_selected_maxalpha_constrained,0.4474
4,2023-04,2023-04-28,18,False,False,ATW,0.01765715423255434,NEUTRAL,0.0971774775873056,19593211.035,1.0,2023-04,P_selected_maxalpha_constrained,0.4474
4,2023-04,2023-04-28,18,False,False,COL,0.016368081588178908,BUY,0.3596082408610862,9505.569000000003,0.020879009511171814,2023-04,P_selected_maxalpha_constrained,0.4474
4,2023-04,2023-04-28,18,False,False,IAM,0.0157376157964207,NEUTRAL,0.09568740674034623,9499791.6655,1.0,2023-04,P_selected_maxalpha_constrained,0.4474
4,2023-04,2023-04-28,18,False,False,EQD,0.011369656121148973,BUY,0.4268530737044941,15387.495,0.02289221481978437,2023-04,P_selected_maxalpha_constrained,0.4474
4,2023-04,2023-04-28,18,False,False,DYT,0.01083929380688456,BUY,0.7738300175338376,33658.91,0.03042900485517016,2023-04,P_selected_maxalpha_constrained,0.4474
4,2023-04,2023-04-28,18,False,False,BCI,0.008823309922199235,NEUTRAL,-0.0652681652117574,429245.52,0.9462380556978467,2023-04,P_selected_maxalpha_constrained,0.4474
4,2023-04,2023-04-28,18,False,False,AFI,0.006095078560924123,BUY,0.4912320834016658,12009.1,0.021713797071572075,2023-04,P_selected_maxalpha_constrained,0.4474
4,2023-04,2023-04-28,18,False,False,DRI,0.004369942928014892,NEUTRAL,-0.013902816495320179,114325.0,0.1024034764476483,2023-04,P_selected_maxalpha_constrained,0.4474
4,2023-04,2023-04-28,18,False,False,ADI,0.004201208411154023,BUY,0.47132532579374464,1208116.0579999997,0.9999997800481433,2023-04,P_selected_maxalpha_constrained,0.4474
4,2023-04,2023-04-28,18,False,False,S2M,0.003387083503522522,NEUTRAL,-0.0795319364138292,488.72749999999996,0.018124847809882657,2023-04,P_selected_maxalpha_constrained,0.4474
4,2023-04,2023-04-28,18,False,False,FBR,0.003162816921508283,BUY,0.5104698631266064,16303.91,0.023222495732235632,2023-04,P_selected_maxalpha_constrained,0.4474
4,2023-04,2023-04-28,18,False,False,CTM,0.002373390815191587,BUY,0.7036598415952319,3311.34,0.018946299559915593,2023-04,P_selected_maxalpha_constrained,0.4474
4,2023-04,2023-04-28,18,False,False,CMT,0.0021790238727377458,NEUTRAL,-0.09822203787408482,686211.15,0.9990699840753258,2023-04,P_selected_maxalpha_constrained,0.4474
4,2023-04,2023-04-28,18,False,False,BCP,0.0018988620617117445,BUY,0.35721186757915235,4885693.1899999995,1.0,2023-04,P_selected_maxalpha_constrained,0.4474
4,2023-04,2023-04-28,18,False,False,IMO,0.0010796650101573314,NEUTRAL,-0.0724874110471951,124136.495,0.11775993692213876,2023-04,P_selected_maxalpha_constrained,0.4474
4,2023-04,2023-04-28,18,False,False,DHO,0.0010073910730675954,BUY,0.25556222797764266,48736.4505,0.03841197716311838,2023-04,P_selected_maxalpha_constrained,0.4474
4,2023-04,2023-04-28,18,False,False,ARD,0.0007773832600750869,NEUTRAL,-0.08043073477776269,291031.1225,0.6584732655408139,2023-04,P_selected_maxalpha_constrained,0.4474
4,2023-04,2023-04-28,18,False,False,MSA,0.0007192901986941083,NEUTRAL,0.014226131344476013,4869166.4375,1.0,2023-04,P_selected_maxalpha_constrained,0.4474
4,2023-04,2023-04-28,18,False,False,TGC,0.0006069981604240123,NEUTRAL,-0.09268308059533237,737828.0700000001,0.9995925761960032,2023-04,P_selected_maxalpha_constrained,0.4474
4,2023-04,2023-04-28,18,False,False,MLE,0.0004999825952937795,NEUTRAL,-0.022869834895175176,1013.25,0.018274806646398467,2023-04,P_selected_maxalpha_constrained,0.4474
4,2023-04,2023-04-28,18,False,False,MIC,0.00033455789551468473,BUY,0.8322866876534123,55618.450000000325,0.042692360866044526,2023-04,P_selected_maxalpha_constrained,0.4474
4,2023-04,2023-04-28,18,False,False,OUL,0.00019813022514885014,NEUTRAL,0.0025436325700888113,661.0,0.018173966132178677,2023-04,P_selected_maxalpha_constrained,0.4474
4,2023-04,2023-04-28,18,False,False,NKL,0.00014398529682187097,NEUTRAL,0.07170899001890862,20493.2075,0.024792509690221856,2023-04,P_selected_maxalpha_constrained,0.4474
4,2023-04,2023-04-28,18,False,False,SID,0.0001259858821353404,NEUTRAL,0.04465546582944433,703463.7849999999,0.9992941632968811,2023-04,P_selected_maxalpha_constrained,0.4474
4,2023-05,2023-05-31,19,False,False,REB,0.16428270179579815,BUY,1.7197067171448066,987.9079999999998,0.018267533559620228,2023-05,P_selected_maxalpha_constrained,0.4
4,2023-05,2023-05-31,19,False,False,CSR,0.12942028701373695,BUY,3.044138051369565,4808098.57,1.0,2023-05,P_selected_maxalpha_constrained,0.4
4,2023-05,2023-05-31,19,False,False,AFI,0.10115660826671902,BUY,1.0401587106757382,22052.802499999998,0.02540303998202494,2023-05,P_selected_maxalpha_constrained,0.4
4,2023-05,2023-05-31,19,False,False,SLF,0.07694049572090475,BUY,0.2871649255425174,338900.275,0.805715073766524,2023-05,P_selected_maxalpha_constrained,0.4
4,2023-05,2023-05-31,19,False,False,S2M,0.05796515216101777,BUY,1.1003697530192291,1670.1924999999999,0.01846434218991693,2023-05,P_selected_maxalpha_constrained,0.4
4,2023-05,2023-05-31,19,False,False,INV,0.05523209923393241,BUY,1.5892751496885884,2075.8025,0.018582327067514164,2023-05,P_selected_maxalpha_constrained,0.4
4,2023-05,2023-05-31,19,False,False,SBM,0.05489700002077047,BUY,0.6300288372079392,1324841.7,0.9999999660190999,2023-05,P_selected_maxalpha_constrained,0.4
4,2023-05,2023-05-31,19,False,False,AFM,0.053333423273004256,BUY,1.2292717416896022,1841.75,0.01851415531175559,2023-05,P_selected_maxalpha_constrained,0.4
4,2023-05,2023-05-31,19,False,False,MLE,0.04669079873571035,NEUTRAL,0.06241570150635811,502.5475,0.018128783355400396,2023-05,P_selected_maxalpha_constrained,0.4
4,2023-05,2023-05-31,19,False,False,CMA,0.04349990602063625,BUY,0.7261866320490284,4442305.05,1.0,2023-05,P_selected_maxalpha_constrained,0.4
4,2023-05,2023-05-31,19,False,False,DWY,0.033733770070801396,BUY,0.24049113699588073,547346.6399999997,0.9914864497483077,2023-05,P_selected_maxalpha_constrained,0.4
4,2023-05,2023-05-31,19,False,False,IBC,0.02669942962134552,BUY,0.9407946241481897,751.9504999999942,0.018199950602615016,2023-05,P_selected_maxalpha_constrained,0.4
4,2023-05,2023-05-31,19,False,False,CDM,0.022965962448380034,NEUTRAL,0.08672418688891781,2111296.7199999997,0.9999999999998834,2023-05,P_selected_maxalpha_constrained,0.4
4,2023-05,2023-05-31,19,False,False,ADI,0.017136614409371715,BUY,0.5418619542265971,1961794.8165,0.9999999999987259,2023-05,P_selected_maxalpha_constrained,0.4
4,2023-05,2023-05-31,19,False,False,DYT,0.016704817526862824,BUY,0.5331168607388799,140571.15999999997,0.14793857821069478,2023-05,P_selected_maxalpha_constrained,0.4
4,2023-05,2023-05-31,19,False,False,CRS,0.0164693547881936,BUY,0.30427228813581964,3678.726,0.019055868715107064,2023-05,P_selected_maxalpha_constrained,0.4
4,2023-05,2023-05-31,19,False,False,SOT,0.016396331083410872,NEUTRAL,0.051028307724101524,257728.5,0.5308746684743902,2023-05,P_selected_maxalpha_constrained,0.4
4,2023-05,2023-05-31,19,False,False,COL,0.013358407588908033,NEUTRAL,-0.08328406217994976,19935.334500000004,0.02457761200923637,2023-05,P_selected_maxalpha_constrained,0.4
4,2023-05,2023-05-31,19,False,False,FBR,0.009705165705536995,NEUTRAL,0.02777096840648234,48389.69499999999,0.0382075742125495,2023-05,P_selected_maxalpha_constrained,0.4
4,2023-05,2023-05-31,19,False,False,SMI,0.007331151615393691,NEUTRAL,-0.04215449807027036,75536.6,0.057789892696914,2023-05,P_selected_maxalpha_constrained,0.4
4,2023-05,2023-05-31,19,False,False,ATL,0.0065542220141045,NEUTRAL,0.10676520042206285,535671.9625,0.9897558491320383,2023-05,P_selected_maxalpha_constrained,0.4
4,2023-05,2023-05-31,19,False,False,MOX,0.005851798425233701,BUY,0.9792543338916414,2052.9149999999972,0.01857564984649274,2023-05,P_selected_maxalpha_constrained,0.4
4,2023-05,2023-05-31,19,False,False,NKL,0.005148082264347102,NEUTRAL,0.09315501854781465,48375.198,0.03819905141011607,2023-05,P_selected_maxalpha_constrained,0.4
4,2023-05,2023-05-31,19,False,False,CTM,0.005142326291176652,BUY,0.49512645013264933,14021.0,0.022408227102026685,2023-05,P_selected_maxalpha_constrained,0.4
4,2023-05,2023-05-31,19,False,False,CMT,0.003587577790247893,NEUTRAL,0.0800741943450787,780695.1,0.999794759246753,2023-05,P_selected_maxalpha_constrained,0.4
4,2023-05,2023-05-31,19,False,False,DRI,0.002979517343889679,NEUTRAL,-0.10689972968675494,4942.7,0.019437602858779157,2023-05,P_selected_maxalpha_constrained,0.4
4,2023-05,2023-05-31,19,False,False,AGM,0.0019011101608714,NEUTRAL,-0.016104848734889987,121712.1,0.11378928387037032,2023-05,P_selected_maxalpha_constrained,0.4
4,2023-05,2023-05-31,19,False,False,MIC,0.0012123381005312863,BUY,0.4476977096923584,25875.59500000033,0.026962109889012695,2023-05,P_selected_maxalpha_constrained,0.4
4,2023-05,2023-05-31,19,False,False,DHO,0.001021105141050441,NEUTRAL,-0.04987109138885085,850283.1369999999,0.9999325819392528,2023-05,P_selected_maxalpha_constrained,0.4
4,2023-05,2023-05-31,19,False,False,BCI,0.0007891225551839641,NEUTRAL,-0.05614124625462995,792041.0599999999,0.9998288256874388,2023-05,P_selected_maxalpha_constrained,0.4
4,2023-05,2023-05-31,19,False,False,MSA,0.0006754638420585101,NEUTRAL,0.10406545654397006,3986821.0275,1.0,2023-05,P_selected_maxalpha_constrained,0.4
4,2023-05,2023-05-31,19,False,False,TGC,0.0004976800453839453,NEUTRAL,0.07053401216075275,1231054.7525,0.9999998476181343,2023-05,P_selected_maxalpha_constrained,0.4
4,2023-05,2023-05-31,19,False,False,BAL,0.00037994763449812114,NEUTRAL,-0.07493104871382775,25.36,0.017993378183640815,2023-05,P_selected_maxalpha_constrained,0.4
4,2023-05,2023-05-31,19,False,False,SID,0.0001967610214963544,NEUTRAL,0.08101650396636055,789052.735,0.9998204439840488,2023-05,P_selected_maxalpha_constrained,0.4
4,2023-05,2023-05-31,19,False,False,SAH,0.00013770389378679176,BUY,0.5462919434075257,30471.5,0.02895989017436235,2023-05,P_selected_maxalpha_constrained,0.4
4,2023-06,2023-06-28,21,False,False,REB,0.15754946426965066,BUY,1.795182848310777,965.1224999999998,0.01826099660692118,2023-06,P_selected_maxalpha_constrained,0.4856
4,2023-06,2023-06-28,21,False,False,AFM,0.08453653663481188,BUY,0.49367588664853496,58517.0,0.04462848301677082,2023-06,P_selected_maxalpha_constrained,0.4856
4,2023-06,2023-06-28,21,False,False,LES,0.08214476175193129,BUY,2.279762446364765,2605558.6000000006,1.0,2023-06,P_selected_maxalpha_constrained,0.4856
4,2023-06,2023-06-28,21,False,False,CSR,0.08135737838699172,BUY,1.8097169477297819,2951938.085,1.0,2023-06,P_selected_maxalpha_constrained,0.4856
4,2023-06,2023-06-28,21,False,False,CTM,0.07060280482500884,BUY,1.9010789393478902,7360.110000000001,0.020188674683414783,2023-06,P_selected_maxalpha_constrained,0.4856
4,2023-06,2023-06-28,21,False,False,ADI,0.07038208428223863,BUY,0.9679794597365452,5938925.788,1.0,2023-06,P_selected_maxalpha_constrained,0.4856
4,2023-06,2023-06-28,21,False,False,AKT,0.06872375821553588,BUY,0.4406705570384663,3411651.5375,1.0,2023-06,P_selected_maxalpha_constrained,0.4856
4,2023-06,2023-06-28,21,False,False,AFI,0.05928262339251253,BUY,0.27173028005365407,14220.8,0.022478363539738998,2023-06,P_selected_maxalpha_constrained,0.4856
4,2023-06,2023-06-28,21,False,False,IMO,0.051721535807599174,NEUTRAL,0.08288074626675054,225260.455,0.40231398417383735,2023-06,P_selected_maxalpha_constrained,0.4856
4,2023-06,2023-06-28,21,False,False,CMT,0.0372897455440609,NEUTRAL,0.09661864124727507,765167.1,0.9997368895744893,2023-06,P_selected_maxalpha_constrained,0.4856
4,2023-06,2023-06-28,21,False,False,EQD,0.031760998925321186,BUY,0.6631377612901904,119671.95,0.11053884872698337,2023-06,P_selected_maxalpha_constrained,0.4856
4,2023-06,2023-06-28,21,False,False,DYT,0.02235128004155625,NEUTRAL,0.06900628960133776,160703.1625,0.19329361699002992,2023-06,P_selected_maxalpha_constrained,0.4856
4,2023-06,2023-06-28,21,False,False,FBR,0.017214907522669423,BUY,0.4408780124566821,68144.935,0.05167706435878006,2023-06,P_selected_maxalpha_constrained,0.4856
4,2023-06,2023-06-28,21,False,False,DWY,0.01717730584495238,NEUTRAL,0.002831330778481158,698752.7749999997,0.9992389456200612,2023-06,P_selected_maxalpha_constrained,0.4856
4,2023-06,2023-06-28,21,False,False,IAM,0.014598618309290292,NEUTRAL,0.0621590662122271,44771855.795,1.0,2023-06,P_selected_maxalpha_constrained,0.4856
4,2023-06,2023-06-28,21,False,False,SAH,0.012592830607689232,NEUTRAL,-0.005144654079657637,814567.125,0.9998806193449075,2023-06,P_selected_maxalpha_constrained,0.4856
4,2023-06,2023-06-28,21,False,False,SNP,0.012197067046316627,BUY,0.2799262667158662,547117.2799999999,0.99145541711152,2023-06,P_selected_maxalpha_constrained,0.4856
4,2023-06,2023-06-28,21,False,False,INV,0.012086531454703255,BUY,0.29931161972718023,5481.364,0.01960255412917749,2023-06,P_selected_maxalpha_constrained,0.4856
4,2023-06,2023-06-28,21,False,False,COL,0.011955048524709114,NEUTRAL,-0.005150459182065331,83185.776,0.06482589492597289,2023-06,P_selected_maxalpha_constrained,0.4856
4,2023-06,2023-06-28,21,False,False,ATL,0.010959943962583459,NEUTRAL,0.0288238972341284,853437.7050000001,0.9999359000761471,2023-06,P_selected_maxalpha_constrained,0.4856
4,2023-06,2023-06-28,21,False,False,NKL,0.009525814125761228,BUY,0.5226602388193899,79742.0455,0.061564583729995126,2023-06,P_selected_maxalpha_constrained,0.4856
4,2023-06,2023-06-28,21,False,False,MIC,0.00868807979902951,BUY,0.39788055491704666,88717.88000000032,0.07040308920388115,2023-06,P_selected_maxalpha_constrained,0.4856
4,2023-06,2023-06-28,21,False,False,SMI,0.008402685988824772,BUY,0.2827424791160915,94753.2,0.07699111749361562,2023-06,P_selected_maxalpha_constrained,0.4856
4,2023-06,2023-06-28,21,False,False,SID,0.008354096999195504,NEUTRAL,0.01714620028523762,872015.2300000001,0.999952381599178,2023-06,P_selected_maxalpha_constrained,0.4856
4,2023-06,2023-06-28,21,False,False,SBM,0.007943656163122237,NEUTRAL,-0.07632337420804204,623495.0,0.9974672660492686,2023-06,P_selected_maxalpha_constrained,0.4856
4,2023-06,2023-06-28,21,False,False,HPS,0.005001362516355755,NEUTRAL,0.02160088062236288,278236.015,0.611061467834984,2023-06,P_selected_maxalpha_constrained,0.4856
4,2023-06,2023-06-28,21,False,False,CMA,0.004995645908379111,BUY,0.3082883513132135,4495991.85,1.0,2023-06,P_selected_maxalpha_constrained,0.4856
4,2023-06,2023-06-28,21,False,False,ATH,0.0047797083596950235,BUY,0.2959538117630814,308256.4025000001,0.7175016302533962,2023-06,P_selected_maxalpha_constrained,0.4856
4,2023-06,2023-06-28,21,False,False,AGM,0.0035775368307656157,NEUTRAL,-0.02216630933589238,212012.5,0.35256121084887665,2023-06,P_selected_maxalpha_constrained,0.4856
4,2023-06,2023-06-28,21,False,False,MOX,0.003328309000534696,BUY,0.6121962335736932,21799.1675,0.02530276244174022,2023-06,P_selected_maxalpha_constrained,0.4856
4,2023-06,2023-06-28,21,False,False,MSA,0.0029187501897845382,NEUTRAL,0.08911567183946022,11994691.645000001,1.0,2023-06,P_selected_maxalpha_constrained,0.4856
4,2023-06,2023-06-28,21,False,False,SOT,0.001989797484785411,BUY,0.3073051494148169,410018.9,0.9282625975073556,2023-06,P_selected_maxalpha_constrained,0.4856
4,2023-06,2023-06-28,21,False,False,MNG,0.0005773262264960622,NEUTRAL,-0.09561734079707021,2483957.5,0.9999999999999998,2023-06,P_selected_maxalpha_constrained,0.4856
4,2023-06,2023-06-28,21,False,False,SLF,0.0005629553602980111,NEUTRAL,0.0037019083100173315,541188.725,0.9906131990863436,2023-06,P_selected_maxalpha_constrained,0.4856
4,2023-06,2023-06-28,21,False,False,ARD,0.00048650913158118604,NEUTRAL,-0.04661365850494869,373815.33249999996,0.8787925497217492,2023-06,P_selected_maxalpha_constrained,0.4856
4,2023-06,2023-06-28,21,False,False,CDM,0.000480088027562775,NEUTRAL,-0.04548185049225165,1552744.55,0.9999999991136532,2023-06,P_selected_maxalpha_constrained,0.4856
4,2023-06,2023-06-28,21,False,False,S2M,0.00046990753895516987,BUY,0.25157451475132403,2802.875,0.01879567371022022,2023-06,P_selected_maxalpha_constrained,0.4856
4,2023-06,2023-06-28,21,False,False,BAL,0.00028244872074750235,NEUTRAL,-0.09855782890036843,110.275,0.018017400559358042,2023-06,P_selected_maxalpha_constrained,0.4856
4,2023-06,2023-06-28,21,False,False,DRI,0.0002608863914806841,NEUTRAL,-0.06095955165995101,131262.5,0.13013111208947542,2023-06,P_selected_maxalpha_constrained,0.4856
4,2023-06,2023-06-28,21,False,False,BCI,0.00023329463904566477,BUY,0.2896952405871684,7488214.477500001,1.0,2023-06,P_selected_maxalpha_constrained,0.4856
4,2023-06,2023-06-28,21,False,False,SRM,0.00021555630048996418,NEUTRAL,-0.09773851569280376,2081.05,0.01858385830995667,2023-06,P_selected_maxalpha_constrained,0.4856
4,2023-06,2023-06-28,21,False,False,CIH,0.00021542737082252982,NEUTRAL,-0.050518505608986325,1963144.47,0.999999999998753,2023-06,P_selected_maxalpha_constrained,0.4856
4,2023-06,2023-06-28,21,False,False,MDP,0.00017827290063334125,NEUTRAL,-0.03199735375142106,45730.09150000009,0.03667418677881548,2023-06,P_selected_maxalpha_constrained,0.4856
4,2023-07,2023-07-31,19,False,False,AKT,0.38757323373574976,BUY,1.3257861903691277,6380450.305,1.0,2023-07,P_selected_maxalpha_constrained,0.9215
4,2023-07,2023-07-31,19,False,False,RDS,0.08946157010220387,BUY,1.4817039381823511,681112.59,0.9989910155346685,2023-07,P_selected_maxalpha_constrained,0.9215
4,2023-07,2023-07-31,19,False,False,CSR,0.06907135575182674,BUY,2.0328600551972382,1551664.3000000003,0.9999999990982005,2023-07,P_selected_maxalpha_constrained,0.9215
4,2023-07,2023-07-31,19,False,False,ADI,0.06496642593721969,BUY,2.320654632224122,4485967.051000001,1.0,2023-07,P_selected_maxalpha_constrained,0.9215
4,2023-07,2023-07-31,19,False,False,CMA,0.050250631535961175,BUY,0.24493979657445625,2032144.5,0.9999999999995866,2023-07,P_selected_maxalpha_constrained,0.9215
4,2023-07,2023-07-31,19,False,False,DHO,0.036094685012798895,NEUTRAL,-0.021730524777792706,1528675.736,0.9999999986972805,2023-07,P_selected_maxalpha_constrained,0.9215
4,2023-07,2023-07-31,19,False,False,SOT,0.0356216703589665,BUY,0.24639517751929696,558011.45,0.992812391403546,2023-07,P_selected_maxalpha_constrained,0.9215
4,2023-07,2023-07-31,19,False,False,TGC,0.025711752820081767,BUY,0.2461556305372428,2521328.0025,0.9999999999999998,2023-07,P_selected_maxalpha_constrained,0.9215
4,2023-07,2023-07-31,19,False,False,CIH,0.024216754375726866,BUY,0.29216147838540074,1337855.95,0.9999999724067657,2023-07,P_selected_maxalpha_constrained,0.9215
4,2023-07,2023-07-31,19,False,False,SBM,0.02385521533153952,NEUTRAL,-0.09403028233535851,1043809.95,0.99999695180897,2023-07,P_selected_maxalpha_constrained,0.9215
4,2023-07,2023-07-31,19,False,False,S2M,0.022865341792455963,NEUTRAL,-0.009522078469367097,5201.875,0.019516797670288473,2023-07,P_selected_maxalpha_constrained,0.9215
4,2023-07,2023-07-31,19,False,False,FBR,0.018859406690509496,BUY,0.5258865448770925,80636.08249999999,0.06239622431559398,2023-07,P_selected_maxalpha_constrained,0.9215
4,2023-07,2023-07-31,19,False,False,RIS,0.01704242139055849,NEUTRAL,-0.0018657041937948926,895160.8149999998,0.9999671186826061,2023-07,P_selected_maxalpha_constrained,0.9215
4,2023-07,2023-07-31,19,False,False,JET,0.01624721521855467,NEUTRAL,0.06863883306098607,328991.645,0.7796909551685902,2023-07,P_selected_maxalpha_constrained,0.9215
4,2023-07,2023-07-31,19,False,False,GAZ,0.015208023388491297,NEUTRAL,0.014174411201408346,1530669.3,0.9999999987381776,2023-07,P_selected_maxalpha_constrained,0.9215
4,2023-07,2023-07-31,19,False,False,MUT,0.014719653821613216,BUY,0.24982331765556573,2526895.7175,0.9999999999999998,2023-07,P_selected_maxalpha_constrained,0.9215
4,2023-07,2023-07-31,19,False,False,TMA,0.01350163595212584,BUY,0.29014761759582164,894651.2,0.9999668494864936,2023-07,P_selected_maxalpha_constrained,0.9215
4,2023-07,2023-07-31,19,False,False,DYT,0.012124590834720785,NEUTRAL,0.04664480156056832,132356.09249999997,0.1321246251373978,2023-07,P_selected_maxalpha_constrained,0.9215
4,2023-07,2023-07-31,19,False,False,EQD,0.011163079681963629,NEUTRAL,0.014242835568103853,564841.2,0.9935516335702447,2023-07,P_selected_maxalpha_constrained,0.9215
4,2023-07,2023-07-31,19,False,False,SMI,0.008961426038990365,NEUTRAL,-0.013997766462925283,112780.9,0.1001548143710963,2023-07,P_selected_maxalpha_constrained,0.9215
4,2023-07,2023-07-31,19,False,False,CDM,0.006159259335261208,NEUTRAL,0.020936122190977208,164615.925,0.20324336135239288,2023-07,P_selected_maxalpha_constrained,0.9215
4,2023-07,2023-07-31,19,False,False,ATW,0.004968342808787481,NEUTRAL,0.08353623385105709,12572968.372499999,1.0,2023-07,P_selected_maxalpha_constrained,0.9215
4,2023-07,2023-07-31,19,False,False,AGM,0.004593168197405519,NEUTRAL,-0.06976705213497887,351972.0,0.8363821363061228,2023-07,P_selected_maxalpha_constrained,0.9215
4,2023-07,2023-07-31,19,False,False,NKL,0.003676395890885581,NEUTRAL,-0.02214907929050438,33512.14200000001,0.03035979946897184,2023-07,P_selected_maxalpha_constrained,0.9215
4,2023-07,2023-07-31,19,False,False,AFI,0.0023936838579823355,NEUTRAL,0.0565528113979509,29341.9925,0.02845598352098886,2023-07,P_selected_maxalpha_constrained,0.9215
4,2023-07,2023-07-31,19,False,False,DRI,0.0022582728109364235,NEUTRAL,-0.01624586858476095,4677.5,0.019356893088065794,2023-07,P_selected_maxalpha_constrained,0.9215
4,2023-07,2023-07-31,19,False,False,ATL,0.0020569699601692636,NEUTRAL,-0.07778855587623783,546552.23,0.9913784860220385,2023-07,P_selected_maxalpha_constrained,0.9215
4,2023-07,2023-07-31,19,False,False,ADH,0.0019086394893676824,BUY,1.0026490246307733,2939856.7405000017,1.0,2023-07,P_selected_maxalpha_constrained,0.9215
4,2023-07,2023-07-31,19,False,False,BCI,0.0018165902396485303,BUY,0.527237470815764,733133.4,0.9995608079146594,2023-07,P_selected_maxalpha_constrained,0.9215
4,2023-07,2023-07-31,19,False,False,LBV,0.001646465378033902,NEUTRAL,0.09368558712172995,2436478.15,0.9999999999999993,2023-07,P_selected_maxalpha_constrained,0.9215
4,2023-07,2023-07-31,19,False,False,MSA,0.0012710834671796733,NEUTRAL,-0.08388651414819358,5992701.142500001,1.0,2023-07,P_selected_maxalpha_constrained,0.9215
4,2023-07,2023-07-31,19,False,False,BCP,0.0012301919187536325,NEUTRAL,0.021837271720152245,14000373.75,1.0,2023-07,P_selected_maxalpha_constrained,0.9215
4,2023-07,2023-07-31,19,False,False,DWY,0.0011656676295026685,BUY,0.235267791088267,205104.79999999964,0.32776233253746145,2023-07,P_selected_maxalpha_constrained,0.9215
4,2023-07,2023-07-31,19,False,False,MNG,0.0011454280560313542,NEUTRAL,0.05489923313697907,915324.9,0.9999761856499245,2023-07,P_selected_maxalpha_constrained,0.9215
4,2023-07,2023-07-31,19,False,False,MDP,0.0009351225454311774,BUY,0.6855419884776075,347813.7140000001,0.827072428212436,2023-07,P_selected_maxalpha_constrained,0.9215
4,2023-07,2023-07-31,19,False,False,SNP,0.0008955218509453055,BUY,0.6190467673454451,722283.6099999998,0.999477591289018,2023-07,P_selected_maxalpha_constrained,0.9215
4,2023-07,2023-07-31,19,False,False,ARD,0.0007752306813144678,BUY,0.30827068531993584,934669.3525,0.9999825247875991,2023-07,P_selected_maxalpha_constrained,0.9215
4,2023-07,2023-07-31,19,False,False,ATH,0.0007132774278067986,BUY,0.44745339063694217,764456.9665000001,0.999733883830103,2023-07,P_selected_maxalpha_constrained,0.9215
4,2023-07,2023-07-31,19,False,False,MIC,0.0006598775161971678,NEUTRAL,0.062266779164204686,535064.2500000003,0.9896567906092791,2023-07,P_selected_maxalpha_constrained,0.9215
4,2023-07,2023-07-31,19,False,False,ALM,0.00037328884724882974,NEUTRAL,-0.07238477638030363,22992.35,0.025777884196071982,2023-07,P_selected_maxalpha_constrained,0.9215
4,2023-07,2023-07-31,19,False,False,CMT,0.00030391956989165084,NEUTRAL,-0.004183148684648724,2255001.7,0.9999999999999882,2023-07,P_selected_maxalpha_constrained,0.9215
4,2023-07,2023-07-31,19,False,False,CRS,0.00029570935773116225,NEUTRAL,-0.051284790004549885,11544.253999999999,0.021556367386183422,2023-07,P_selected_maxalpha_constrained,0.9215
4,2023-07,2023-07-31,19,False,False,SID,0.00021824307590692898,BUY,0.36981111868052385,1996302.0399999998,0.9999999999992664,2023-07,P_selected_maxalpha_constrained,0.9215
4,2023-07,2023-07-31,19,False,False,INV,0.00021552112347818992,BUY,0.2241538989057995,6198.209,0.019824197546121008,2023-07,P_selected_maxalpha_constrained,0.9215
4,2023-07,2023-07-31,19,False,False,TQM,0.00021400366097792795,NEUTRAL,0.008173553730248348,2243716.8,0.999999999999986,2023-07,P_selected_maxalpha_constrained,0.9215
4,2023-07,2023-07-31,19,False,False,LHM,0.00021082590461275248,BUY,0.28993168921991364,7031571.25,1.0,2023-07,P_selected_maxalpha_constrained,0.9215
4,2023-07,2023-07-31,19,False,False,COL,0.0001679543180786938,NEUTRAL,-3.0498967218142714e-05,27337.739,0.027582702486814093,2023-07,P_selected_maxalpha_constrained,0.9215
4,2023-07,2023-07-31,19,False,False,BOA,0.00015693756664363932,NEUTRAL,0.09800530269233698,3190740.0575,1.0,2023-07,P_selected_maxalpha_constrained,0.9215
4,2023-08,2023-08-31,19,False,False,AKT,0.4,BUY,1.5150119198141996,5632801.665,1.0,2023-08,P_selected_maxalpha_constrained,0.9247
4,2023-08,2023-08-31,19,False,False,ADI,0.14263305202515048,BUY,1.8552886815398233,3926191.3200000003,1.0,2023-08,P_selected_maxalpha_constrained,0.9247
4,2023-08,2023-08-31,19,False,False,RIS,0.07784233116100306,BUY,0.36546295268488566,2178454.9825,0.9999999999999603,2023-08,P_selected_maxalpha_constrained,0.9247
4,2023-08,2023-08-31,19,False,False,CSR,0.07391487186480965,BUY,1.7913967857500221,1371796.12,0.9999999839689431,2023-08,P_selected_maxalpha_constrained,0.9247
4,2023-08,2023-08-31,19,False,False,ADH,0.04873882336020963,BUY,1.2261955190989628,2000368.9580000017,0.9999999999993125,2023-08,P_selected_maxalpha_constrained,0.9247
4,2023-08,2023-08-31,19,False,False,SAH,0.046736361042418066,BUY,0.37925472188483705,719711.1,0.9994556521558494,2023-08,P_selected_maxalpha_constrained,0.9247
4,2023-08,2023-08-31,19,False,False,MOX,0.02790976541642369,BUY,0.24608636568224368,4234.674999999997,0.01922285739077971,2023-08,P_selected_maxalpha_constrained,0.9247
4,2023-08,2023-08-31,19,False,False,LBV,0.027106275690698747,NEUTRAL,-0.033614859248229774,2625726.45,1.0,2023-08,P_selected_maxalpha_constrained,0.9247
4,2023-08,2023-08-31,19,False,False,MNG,0.023971338431168564,NEUTRAL,-0.04627149600289437,743997.85,0.9996308600834183,2023-08,P_selected_maxalpha_constrained,0.9247
4,2023-08,2023-08-31,19,False,False,JET,0.021448002097132976,BUY,0.8104415376431613,1309289.895,0.99999995641873,2023-08,P_selected_maxalpha_constrained,0.9247
4,2023-08,2023-08-31,19,False,False,ALM,0.0194702796439726,NEUTRAL,0.057193363529685834,182159.85,0.2524774753349501,2023-08,P_selected_maxalpha_constrained,0.9247
4,2023-08,2023-08-31,19,False,False,DWY,0.017273375545879502,BUY,0.2198233490789555,636558.1149999996,0.9979439897925694,2023-08,P_selected_maxalpha_constrained,0.9247
4,2023-08,2023-08-31,19,False,False,CRS,0.015285875779202792,NEUTRAL,-0.07090267534439576,17293.1015,0.023584226435771845,2023-08,P_selected_maxalpha_constrained,0.9247
4,2023-08,2023-08-31,19,False,False,NKL,0.011243697400732762,NEUTRAL,-0.06981858553044111,12856.877999999999,0.022003814349969092,2023-08,P_selected_maxalpha_constrained,0.9247
4,2023-08,2023-08-31,19,False,False,LES,0.008360030799952123,NEUTRAL,-0.07579005193989846,3862276.245,1.0,2023-08,P_selected_maxalpha_constrained,0.9247
4,2023-08,2023-08-31,19,False,False,EQD,0.006955157719446577,NEUTRAL,-0.006612634140484255,717785.45,0.9994386290991296,2023-08,P_selected_maxalpha_constrained,0.9247
4,2023-08,2023-08-31,19,False,False,SID,0.006919738682502107,NEUTRAL,0.01595562569190989,1203045.67,0.9999997614605088,2023-08,P_selected_maxalpha_constrained,0.9247
4,2023-08,2023-08-31,19,False,False,LHM,0.003529271285090356,BUY,0.424251176064263,10489521.3,1.0,2023-08,P_selected_maxalpha_constrained,0.9247
4,2023-08,2023-08-31,19,False,False,MDP,0.0028365683075552844,BUY,0.6072255568844988,173329.6810000001,0.22675512306242604,2023-08,P_selected_maxalpha_constrained,0.9247
4,2023-08,2023-08-31,19,False,False,TMA,0.0022568126168245155,NEUTRAL,0.01163029927417173,557299.95,0.9927306983541194,2023-08,P_selected_maxalpha_constrained,0.9247
4,2023-08,2023-08-31,19,False,False,ATW,0.0020858185020765324,NEUTRAL,-0.07106582084794037,15413165.304999998,1.0,2023-08,P_selected_maxalpha_constrained,0.9247
4,2023-08,2023-08-31,19,False,False,TQM,0.001790898594570433,BUY,0.6735046883783846,506317.4,0.9837147856180503,2023-08,P_selected_maxalpha_constrained,0.9247
4,2023-08,2023-08-31,19,False,False,ATH,0.0015500345949636585,NEUTRAL,-0.048081254360319195,813922.7580000001,0.9998793823283061,2023-08,P_selected_maxalpha_constrained,0.9247
4,2023-08,2023-08-31,19,False,False,IBC,0.0013488790726747758,BUY,0.7813646153738707,2356.2634999999946,0.018664340488311965,2023-08,P_selected_maxalpha_constrained,0.9247
4,2023-08,2023-08-31,19,False,False,AFI,0.0013138555074876102,BUY,0.6902720182040968,102257.5775,0.08596891840224842,2023-08,P_selected_maxalpha_constrained,0.9247
4,2023-08,2023-08-31,19,False,False,CIH,0.0012021550457616515,NEUTRAL,-0.055694345526813,1067250.58,0.9999979051139026,2023-08,P_selected_maxalpha_constrained,0.9247
4,2023-08,2023-08-31,19,False,False,MSA,0.0010364605521949565,NEUTRAL,-0.09363158247610015,6958993.415000001,1.0,2023-08,P_selected_maxalpha_constrained,0.9247
4,2023-08,2023-08-31,19,False,False,MIC,0.0009826366760278934,NEUTRAL,-0.08300641793567663,115327.44500000033,0.10388717419159686,2023-08,P_selected_maxalpha_constrained,0.9247
4,2023-08,2023-08-31,19,False,False,AFM,0.0007541986081959383,NEUTRAL,0.0036669230818675708,8228.45,0.020465341977029844,2023-08,P_selected_maxalpha_constrained,0.9247
4,2023-08,2023-08-31,19,False,False,SLF,0.000750489972322176,NEUTRAL,-0.06150498242754518,89741.11,0.07148212325066057,2023-08,P_selected_maxalpha_constrained,0.9247
4,2023-08,2023-08-31,19,False,False,BCP,0.0006685071787715574,BUY,0.3160576857276872,16207307.092500001,1.0,2023-08,P_selected_maxalpha_constrained,0.9247
4,2023-08,2023-08-31,19,False,False,SNP,0.0006019524709093807,BUY,0.2197987103718447,521857.4949999998,0.9872541266536463,2023-08,P_selected_maxalpha_constrained,0.9247
4,2023-08,2023-08-31,19,False,False,TGC,0.0005583230933149413,NEUTRAL,0.07467987393951436,659414.665,0.9985728314434288,2023-08,P_selected_maxalpha_constrained,0.9247
4,2023-08,2023-08-31,19,False,False,SOT,0.00044665304134204685,NEUTRAL,-0.07703278821583315,362896.8,0.8589200144525816,2023-08,P_selected_maxalpha_constrained,0.9247
4,2023-08,2023-08-31,19,False,False,BOA,0.00017355059039121271,NEUTRAL,0.07691989699701428,4308750.470000001,1.0,2023-08,P_selected_maxalpha_constrained,0.9247
4,2023-09,2023-09-27,4,False,False,AKT,0.3894727752418307,BUY,0.9171500847282477,8180759.1375,1.0,2023-09,P_selected_maxalpha_constrained,0.9596
4,2023-09,2023-09-27,4,False,False,CSR,0.13027328170057556,BUY,2.0588743162941467,3045668.365,1.0,2023-09,P_selected_maxalpha_constrained,0.9596
4,2023-09,2023-09-27,4,False,False,ADI,0.1301725042827036,BUY,1.8164365304226606,12172992.123,1.0,2023-09,P_selected_maxalpha_constrained,0.9596
4,2023-09,2023-09-27,4,False,False,LES,0.06165113150125539,NEUTRAL,0.012568346626009703,2002314.667500001,0.9999999999993336,2023-09,P_selected_maxalpha_constrained,0.9596
4,2023-09,2023-09-27,4,False,False,ADH,0.06163899122520349,BUY,1.1694852344740663,29831905.613000005,1.0,2023-09,P_selected_maxalpha_constrained,0.9596
4,2023-09,2023-09-27,4,False,False,CMT,0.04159611714453384,NEUTRAL,0.019942890262222172,1098404.15,0.999998727424391,2023-09,P_selected_maxalpha_constrained,0.9596
4,2023-09,2023-09-27,4,False,False,SID,0.03652922233468014,BUY,0.3602192226295212,2414992.135,0.9999999999999991,2023-09,P_selected_maxalpha_constrained,0.9596
4,2023-09,2023-09-27,4,False,False,TGC,0.03286635043514652,BUY,0.21591740540319942,4125233.915,1.0,2023-09,P_selected_maxalpha_constrained,0.9596
4,2023-09,2023-09-27,4,False,False,SBM,0.0194225126466069,NEUTRAL,0.06693804836936007,536780.2,0.9899340830464087,2023-09,P_selected_maxalpha_constrained,0.9596
4,2023-09,2023-09-27,4,False,False,SLF,0.013854220280188298,NEUTRAL,0.04995791406484167,51002.815,0.039774010729482244,2023-09,P_selected_maxalpha_constrained,0.9596
4,2023-09,2023-09-27,4,False,False,MUT,0.009210104156497381,NEUTRAL,-0.08257586376653772,1555203.025,0.9999999991478414,2023-09,P_selected_maxalpha_constrained,0.9596
4,2023-09,2023-09-27,4,False,False,DHO,0.006996382585194865,NEUTRAL,0.09706883955490866,581665.9195000001,0.9950659787091841,2023-09,P_selected_maxalpha_constrained,0.9596
4,2023-09,2023-09-27,4,False,False,TMA,0.0055679395976221645,NEUTRAL,-0.08337168114022409,597053.0,0.9961385669488584,2023-09,P_selected_maxalpha_constrained,0.9596
4,2023-09,2023-09-27,4,False,False,SMI,0.005561038822839174,BUY,0.45295259361076146,493937.75,0.9802180278723572,2023-09,P_selected_maxalpha_constrained,0.9596
4,2023-09,2023-09-27,4,False,False,COL,0.005413478170622934,NEUTRAL,-0.010831974030536276,42711.25499999999,0.03500540845059789,2023-09,P_selected_maxalpha_constrained,0.9596
4,2023-09,2023-09-27,4,False,False,SNP,0.005271586949634306,BUY,0.6727720049735704,856346.7099999997,0.9999388150030802,2023-09,P_selected_maxalpha_constrained,0.9596
4,2023-09,2023-09-27,4,False,False,CMA,0.0052295610305705086,NEUTRAL,0.023930608432528366,2491748.75,0.9999999999999998,2023-09,P_selected_maxalpha_constrained,0.9596
4,2023-09,2023-09-27,4,False,False,NKL,0.004635809388840255,NEUTRAL,0.057698178982928665,43279.198,0.03531367097998102,2023-09,P_selected_maxalpha_constrained,0.9596
4,2023-09,2023-09-27,4,False,False,S2M,0.003325199729403452,NEUTRAL,-0.05852360356170805,1801.4900000000002,0.01850245366445203,2023-09,P_selected_maxalpha_constrained,0.9596
4,2023-09,2023-09-27,4,False,False,IBC,0.0030280975477008825,BUY,0.502995031357939,2021.2164999999943,0.018566405983446114,2023-09,P_selected_maxalpha_constrained,0.9596
4,2023-09,2023-09-27,4,False,False,PRO,0.002291443360680984,NEUTRAL,0.014278063643319565,8198.25,0.020455657746682468,2023-09,P_selected_maxalpha_constrained,0.9596
4,2023-09,2023-09-27,4,False,False,EQD,0.0022260111673057994,BUY,0.4912707066638366,1062536.95,0.9999977410116079,2023-09,P_selected_maxalpha_constrained,0.9596
4,2023-09,2023-09-27,4,False,False,MOX,0.002138195509081733,BUY,0.25220734193206423,9908.349999999997,0.021011162426024705,2023-09,P_selected_maxalpha_constrained,0.9596
4,2023-09,2023-09-27,4,False,False,IAM,0.0019795180107644492,NEUTRAL,-0.0389606829189406,6901184.76,1.0,2023-09,P_selected_maxalpha_constrained,0.9596
4,2023-09,2023-09-27,4,False,False,JET,0.00195982969803967,BUY,0.8782123440053673,1171576.085,0.9999996053307462,2023-09,P_selected_maxalpha_constrained,0.9596
4,2023-09,2023-09-27,4,False,False,FBR,0.0019468009255461409,BUY,0.6893335364096886,119445.834,0.11018364196179077,2023-09,P_selected_maxalpha_constrained,0.9596
4,2023-09,2023-09-27,4,False,False,ATH,0.0018673345286388619,NEUTRAL,0.09801171423745676,1294029.0925,0.9999999443656786,2023-09,P_selected_maxalpha_constrained,0.9596
4,2023-09,2023-09-27,4,False,False,MAB,0.0016768504825472375,NEUTRAL,0.012344271841771969,34038.75,0.030608820659839886,2023-09,P_selected_maxalpha_constrained,0.9596
4,2023-09,2023-09-27,4,False,False,BCI,0.0015792266308861968,NEUTRAL,0.015990126400153515,2974051.2199999997,1.0,2023-09,P_selected_maxalpha_constrained,0.9596
4,2023-09,2023-09-27,4,False,False,RIS,0.0015161114069987562,BUY,0.959589740208109,3183156.9175,1.0,2023-09,P_selected_maxalpha_constrained,0.9596
4,2023-09,2023-09-27,4,False,False,M2M,0.0011760276524460135,NEUTRAL,0.059889172692628605,175707.8,0.2334959589220167,2023-09,P_selected_maxalpha_constrained,0.9596
4,2023-09,2023-09-27,4,False,False,ATL,0.0010227612959672458,NEUTRAL,-0.041655539036073254,1336113.415,0.999999971626626,2023-09,P_selected_maxalpha_constrained,0.9596
4,2023-09,2023-09-27,4,False,False,LHM,0.0010010425465967294,NEUTRAL,0.03432561941132834,3041841.45,1.0,2023-09,P_selected_maxalpha_constrained,0.9596
4,2023-09,2023-09-27,4,False,False,MIC,0.0008964874912391142,BUY,0.45531228417480846,316845.7950000003,0.7445080419360984,2023-09,P_selected_maxalpha_constrained,0.9596
4,2023-09,2023-09-27,4,False,False,TQM,0.0008420279162077292,NEUTRAL,0.0859621668052398,1640365.95,0.9999999997818536,2023-09,P_selected_maxalpha_constrained,0.9596
4,2023-09,2023-09-27,4,False,False,CRS,0.0008195312014934395,NEUTRAL,-0.07809122095288226,13235.733499999998,0.022134638390276573,2023-09,P_selected_maxalpha_constrained,0.9596
4,2023-09,2023-09-27,4,False,False,BCP,0.0005864749483366586,NEUTRAL,-0.010692464912300623,4416649.8774999995,1.0,2023-09,P_selected_maxalpha_constrained,0.9596
4,2023-09,2023-09-27,4,False,False,MNG,0.0005433731454130637,NEUTRAL,0.012780559842090068,1577103.25,0.9999999993997362,2023-09,P_selected_maxalpha_constrained,0.9596
4,2023-09,2023-09-27,4,False,False,AGM,0.0005308207416609,NEUTRAL,-0.011642731486990243,172394.9,0.22414341455442785,2023-09,P_selected_maxalpha_constrained,0.9596
4,2023-09,2023-09-27,4,False,False,ARD,0.0005133932185415527,NEUTRAL,0.0014957057244148475,365714.9475000001,0.8642959883260736,2023-09,P_selected_maxalpha_constrained,0.9596
4,2023-09,2023-09-27,4,False,False,MDP,0.0004048388094693737,BUY,0.3767271845011234,148297.9320000001,0.16420975307617391,2023-09,P_selected_maxalpha_constrained,0.9596
4,2023-09,2023-09-27,4,False,False,RDS,0.00033715059945305434,BUY,1.327949768658311,1954963.0844999999,0.9999999999985787,2023-09,P_selected_maxalpha_constrained,0.9596
4,2023-09,2023-09-27,4,False,False,INV,0.00029707644548470865,BUY,0.5758416097740939,44442.976,0.0359535245777611,2023-09,P_selected_maxalpha_constrained,0.9596
4,2023-10,2023-10-31,4,False,False,AKT,0.2857317245718024,BUY,0.6488370015174755,8463698.025,1.0,2023-10,P_selected_maxalpha_constrained,0.7683
4,2023-10,2023-10-31,4,False,False,MLE,0.1955979018027722,BUY,2.332521373400131,1001.7,0.01827149147465508,2023-10,P_selected_maxalpha_constrained,0.7683
4,2023-10,2023-10-31,4,False,False,ADI,0.12442159049027943,BUY,1.4591885981206743,4632337.0475,1.0,2023-10,P_selected_maxalpha_constrained,0.7683
4,2023-10,2023-10-31,4,False,False,CIH,0.10277531447405902,NEUTRAL,0.06160021348402771,1047085.43,0.999997107443291,2023-10,P_selected_maxalpha_constrained,0.7683
4,2023-10,2023-10-31,4,False,False,ADH,0.09103235078650945,BUY,1.8355125620798356,11950268.184500001,1.0,2023-10,P_selected_maxalpha_constrained,0.7683
4,2023-10,2023-10-31,4,False,False,MNG,0.05751001524751919,NEUTRAL,-0.08712559592824824,1449553.4,0.9999999953799228,2023-10,P_selected_maxalpha_constrained,0.7683
4,2023-10,2023-10-31,4,False,False,BCI,0.030807085579389503,NEUTRAL,0.06525807623235338,740281.755,0.9996082551807979,2023-10,P_selected_maxalpha_constrained,0.7683
4,2023-10,2023-10-31,4,False,False,JET,0.017822778153471504,BUY,0.7182809165656452,1179271.565,0.9999996510528605,2023-10,P_selected_maxalpha_constrained,0.7683
4,2023-10,2023-10-31,4,False,False,RIS,0.016815543801162496,BUY,0.6224555555756871,2183994.935,0.9999999999999636,2023-10,P_selected_maxalpha_constrained,0.7683
4,2023-10,2023-10-31,4,False,False,MIC,0.01379914777968669,NEUTRAL,-0.011488674589629329,288524.5800000003,0.6493978126372109,2023-10,P_selected_maxalpha_constrained,0.7683
4,2023-10,2023-10-31,4,False,False,INV,0.011813881172871821,BUY,0.25873420238107836,13243.925,0.022137475408416932,2023-10,P_selected_maxalpha_constrained,0.7683
4,2023-10,2023-10-31,4,False,False,S2M,0.011584431411770055,NEUTRAL,0.040166273814119136,2098.2725,0.01858888477738341,2023-10,P_selected_maxalpha_constrained,0.7683
4,2023-10,2023-10-31,4,False,False,LBV,0.01115948903709497,NEUTRAL,-0.1035870554499194,4748018.9,1.0,2023-10,P_selected_maxalpha_constrained,0.7683
4,2023-10,2023-10-31,4,False,False,AFI,0.007544515635738523,NEUTRAL,-0.06970088015148414,98641.14499999999,0.08152973877138645,2023-10,P_selected_maxalpha_constrained,0.7683
4,2023-10,2023-10-31,4,False,False,LES,0.003327300376168759,NEUTRAL,-0.09923788200723427,1577609.0125000007,0.9999999994045741,2023-10,P_selected_maxalpha_constrained,0.7683
4,2023-10,2023-10-31,4,False,False,SOT,0.0025427332768642045,NEUTRAL,0.010234638594679595,1003430.3,0.9999941839581148,2023-10,P_selected_maxalpha_constrained,0.7683
4,2023-10,2023-10-31,4,False,False,CMA,0.002528038944362076,NEUTRAL,-0.0076097759484101135,7454566.0,1.0,2023-10,P_selected_maxalpha_constrained,0.7683
4,2023-10,2023-10-31,4,False,False,IMO,0.002083523797682812,NEUTRAL,-0.019023276490412744,246494.33,0.4859809953202941,2023-10,P_selected_maxalpha_constrained,0.7683
4,2023-10,2023-10-31,4,False,False,PRO,0.001964787144212754,BUY,0.2582776355260402,17229.45,0.023560785532397866,2023-10,P_selected_maxalpha_constrained,0.7683
4,2023-10,2023-10-31,4,False,False,GAZ,0.0018152137086944217,NEUTRAL,-0.053148021818715654,2127587.25,0.9999999999999103,2023-10,P_selected_maxalpha_constrained,0.7683
4,2023-10,2023-10-31,4,False,False,DWY,0.001604031446217691,NEUTRAL,-0.04015053617306745,1102735.3999999997,0.9999988126273957,2023-10,P_selected_maxalpha_constrained,0.7683
4,2023-10,2023-10-31,4,False,False,CMT,0.0013017509214942361,NEUTRAL,0.08702528481121659,2200877.15,0.9999999999999722,2023-10,P_selected_maxalpha_constrained,0.7683
4,2023-10,2023-10-31,4,False,False,COL,0.0012290092082273916,NEUTRAL,-0.03996352599653846,77337.29000000001,0.05937879373078938,2023-10,P_selected_maxalpha_constrained,0.7683
4,2023-10,2023-10-31,4,False,False,SNP,0.000783757322416558,NEUTRAL,0.00925970100283879,378781.0649999998,0.8870039967900452,2023-10,P_selected_maxalpha_constrained,0.7683
4,2023-10,2023-10-31,4,False,False,TGC,0.0006595770083834346,NEUTRAL,0.07901115052164744,6786505.294999999,1.0,2023-10,P_selected_maxalpha_constrained,0.7683
4,2023-10,2023-10-31,4,False,False,TQM,0.00041413849810133116,NEUTRAL,0.016262930702802984,1930103.15,0.9999999999978844,2023-10,P_selected_maxalpha_constrained,0.7683
4,2023-10,2023-10-31,4,False,False,MOX,0.0003441535151951752,NEUTRAL,-0.052971379998803955,11346.774999999998,0.021489825379608585,2023-10,P_selected_maxalpha_constrained,0.7683
4,2023-10,2023-10-31,4,False,False,AFM,0.000301758258085824,NEUTRAL,0.028004337372636703,23460.25,0.025966562006500035,2023-10,P_selected_maxalpha_constrained,0.7683
4,2023-10,2023-10-31,4,False,False,RDS,0.0002522399604111726,BUY,1.6214392625042304,822113.3400000001,0.9998941956844752,2023-10,P_selected_maxalpha_constrained,0.7683
4,2023-10,2023-10-31,4,False,False,MSA,0.00017104153812881286,NEUTRAL,-0.08546607968229368,9491637.1775,1.0,2023-10,P_selected_maxalpha_constrained,0.7683
4,2023-10,2023-10-31,4,False,False,CDM,0.0001444718736252177,NEUTRAL,-0.09529274492572001,316092.4,0.7422083694456367,2023-10,P_selected_maxalpha_constrained,0.7683
4,2023-11,2023-11-30,9,False,False,AKT,0.2840255641911922,BUY,1.1680169806907066,3633133.62,1.0,2023-11,P_selected_maxalpha_constrained,0.876
4,2023-11,2023-11-30,9,False,False,IMO,0.09779286354151219,BUY,0.6618179105758281,478971.99399999995,0.974999762534491,2023-11,P_selected_maxalpha_constrained,0.876
4,2023-11,2023-11-30,9,False,False,ADH,0.08768332313652788,BUY,1.7192682995660702,6251753.325000001,1.0,2023-11,P_selected_maxalpha_constrained,0.876
4,2023-11,2023-11-30,9,False,False,ADI,0.0700727209516394,BUY,1.596166953992167,2184105.7175000003,0.9999999999999636,2023-11,P_selected_maxalpha_constrained,0.876
4,2023-11,2023-11-30,9,False,False,CMT,0.06243105112479413,BUY,1.1321403932936227,2560967.55,1.0,2023-11,P_selected_maxalpha_constrained,0.876
4,2023-11,2023-11-30,9,False,False,LBV,0.0486036549158695,BUY,0.5022583601122127,5825327.95,1.0,2023-11,P_selected_maxalpha_constrained,0.876
4,2023-11,2023-11-30,9,False,False,BCP,0.046116591688223706,BUY,1.4322738333020286,20457196.2625,1.0,2023-11,P_selected_maxalpha_constrained,0.876
4,2023-11,2023-11-30,9,False,False,EQD,0.04136438456457417,BUY,0.8870990766472693,877409.7,0.9999563190676561,2023-11,P_selected_maxalpha_constrained,0.876
4,2023-11,2023-11-30,9,False,False,SMI,0.03793659433800834,BUY,0.488340688329312,538610.45,0.9902217386082243,2023-11,P_selected_maxalpha_constrained,0.876
4,2023-11,2023-11-30,9,False,False,BCI,0.035745535138334734,BUY,0.2920507231802031,332245.52999999997,0.7885035141225462,2023-11,P_selected_maxalpha_constrained,0.876
4,2023-11,2023-11-30,9,False,False,COL,0.024888602929916553,BUY,0.33559098035961066,29213.8685,0.028399363921856092,2023-11,P_selected_maxalpha_constrained,0.876
4,2023-11,2023-11-30,9,False,False,SAH,0.023299691037266528,BUY,0.3619696555942054,431148.1,0.947765781556621,2023-11,P_selected_maxalpha_constrained,0.876
4,2023-11,2023-11-30,9,False,False,IBC,0.021047731928941205,NEUTRAL,0.08048730886789277,2023.777999999994,0.018567152796110965,2023-11,P_selected_maxalpha_constrained,0.876
4,2023-11,2023-11-30,9,False,False,AGM,0.014745978581899685,NEUTRAL,0.03715992438923674,61553.65,0.046746494820138214,2023-11,P_selected_maxalpha_constrained,0.876
4,2023-11,2023-11-30,9,False,False,DHO,0.013049688452691909,BUY,0.342721587372226,123718.929,0.1170675957368744,2023-11,P_selected_maxalpha_constrained,0.876
4,2023-11,2023-11-30,9,False,False,CRS,0.012304829744239546,NEUTRAL,0.07039619183375231,17723.0925,0.023743176191543834,2023-11,P_selected_maxalpha_constrained,0.876
4,2023-11,2023-11-30,9,False,False,ATW,0.011559874631211744,BUY,0.5850343626135949,49640525.457499996,1.0,2023-11,P_selected_maxalpha_constrained,0.876
4,2023-11,2023-11-30,9,False,False,MNG,0.011340467314682016,NEUTRAL,-0.09478039932878958,1531260.2,0.9999999987500512,2023-11,P_selected_maxalpha_constrained,0.876
4,2023-11,2023-11-30,9,False,False,MOX,0.011169380114516637,NEUTRAL,0.042626834034571404,801.6999999999971,0.018214179410860776,2023-11,P_selected_maxalpha_constrained,0.876
4,2023-11,2023-11-30,9,False,False,TGC,0.010522048948774683,BUY,1.0652679164795624,4168308.3,1.0,2023-11,P_selected_maxalpha_constrained,0.876
4,2023-11,2023-11-30,9,False,False,IAM,0.006673576482068621,BUY,0.37267213483875566,3791502.8405,1.0,2023-11,P_selected_maxalpha_constrained,0.876
4,2023-11,2023-11-30,9,False,False,CTM,0.005669630319459848,NEUTRAL,-0.01750732222854287,19458.265,0.024395281747280357,2023-11,P_selected_maxalpha_constrained,0.876
4,2023-11,2023-11-30,9,False,False,PRO,0.0050477536242827204,BUY,0.272650465816379,6187.55,0.0198208839431261,2023-11,P_selected_maxalpha_constrained,0.876
4,2023-11,2023-11-30,9,False,False,MLE,0.0031571618238253416,NEUTRAL,-0.10116754666524425,127.30999999999999,0.01802222353535544,2023-11,P_selected_maxalpha_constrained,0.876
4,2023-11,2023-11-30,9,False,False,AFM,0.0015944168407735517,BUY,0.29878295801663696,21870.65,0.025330984793010814,2023-11,P_selected_maxalpha_constrained,0.876
4,2023-11,2023-11-30,9,False,False,RIS,0.001443455902903407,BUY,0.44426312950918934,1074754.545,0.9999981421201349,2023-11,P_selected_maxalpha_constrained,0.876
4,2023-11,2023-11-30,9,False,False,LES,0.0013900962717161196,NEUTRAL,-0.03650510564457263,5129099.827500001,1.0,2023-11,P_selected_maxalpha_constrained,0.876
4,2023-11,2023-11-30,9,False,False,MIC,0.0013900721288419278,BUY,0.2288129853700372,570485.6000000003,0.9941051834177338,2023-11,P_selected_maxalpha_constrained,0.876
4,2023-11,2023-11-30,9,False,False,S2M,0.001207019717037033,NEUTRAL,0.01524291208206259,3654.0,0.019048474973955103,2023-11,P_selected_maxalpha_constrained,0.876
4,2023-11,2023-11-30,9,False,False,SRM,0.001197807910181133,NEUTRAL,-0.05543159604322481,10026.575,0.021050107332836673,2023-11,P_selected_maxalpha_constrained,0.876
4,2023-11,2023-11-30,9,False,False,HPS,0.0010699188267418278,BUY,0.21830704484891222,3602107.95,1.0,2023-11,P_selected_maxalpha_constrained,0.876
4,2023-11,2023-11-30,9,False,False,CIH,0.0008240839534949696,NEUTRAL,0.10585742257951704,2447255.165,0.9999999999999996,2023-11,P_selected_maxalpha_constrained,0.876
4,2023-11,2023-11-30,9,False,False,MDP,0.0008136845484380588,NEUTRAL,-0.07133437666070079,24953.841000000095,0.026577879656565682,2023-11,P_selected_maxalpha_constrained,0.876
4,2023-11,2023-11-30,9,False,False,TQM,0.0005866514227176664,NEUTRAL,-0.10489918696644134,1741348.25,0.9999999999566438,2023-11,P_selected_maxalpha_constrained,0.876
4,2023-11,2023-11-30,9,False,False,RDS,0.0004924724696165195,BUY,1.51099205495245,128687.96500000001,0.1255388539153079,2023-11,P_selected_maxalpha_constrained,0.876
4,2023-11,2023-11-30,9,False,False,MUT,0.0004123728014299756,BUY,0.5519607230319364,951106.2949999996,0.9999865658979424,2023-11,P_selected_maxalpha_constrained,0.876
4,2023-11,2023-11-30,9,False,False,GAZ,0.00040108439699635507,NEUTRAL,0.025864372705771493,446798.6,0.9588605288062586,2023-11,P_selected_maxalpha_constrained,0.876
4,2023-11,2023-11-30,9,False,False,MSA,0.00024342633650642769,NEUTRAL,0.032879088071330886,3300894.902500001,1.0,2023-11,P_selected_maxalpha_constrained,0.876
4,2023-11,2023-11-30,9,False,False,INV,0.00021050289327253978,NEUTRAL,0.04027015852498802,1378.6100000000001,0.018379980354962785,2023-11,P_selected_maxalpha_constrained,0.876
4,2023-11,2023-11-30,9,False,False,LHM,0.00020899068742194203,NEUTRAL,0.012326163677877727,4194738.85,1.0,2023-11,P_selected_maxalpha_constrained,0.876
4,2023-11,2023-11-30,9,False,False,SID,0.0001472742169804984,NEUTRAL,-0.02068920230043307,578133.115,0.9947805485061461,2023-11,P_selected_maxalpha_constrained,0.876
4,2023-12,2023-12-29,11,False,False,SAH,0.20992009938496614,BUY,1.8899041177469615,16341221.15,1.0,2023-12,P_selected_maxalpha_constrained,0.9437
4,2023-12,2023-12-29,11,False,False,AKT,0.16399431641868173,BUY,0.7583558788700162,4993683.725,1.0,2023-12,P_selected_maxalpha_constrained,0.9437
4,2023-12,2023-12-29,11,False,False,M2M,0.07571437212783244,BUY,0.7048738191897226,1262581.0,0.999999907983331,2023-12,P_selected_maxalpha_constrained,0.9437
4,2023-12,2023-12-29,11,False,False,S2M,0.07501727759388935,BUY,1.4039579165567564,315804.26,0.741325284164511,2023-12,P_selected_maxalpha_constrained,0.9437
4,2023-12,2023-12-29,11,False,False,EQD,0.0701359933013362,BUY,1.2165722712720795,1635925.4300000002,0.9999999997657909,2023-12,P_selected_maxalpha_constrained,0.9437
4,2023-12,2023-12-29,11,False,False,TGC,0.04954229422155618,BUY,1.0013557882265212,3219010.3649999998,1.0,2023-12,P_selected_maxalpha_constrained,0.9437
4,2023-12,2023-12-29,11,False,False,ADI,0.04435902344457549,BUY,0.9477436399958191,5741395.845000001,1.0,2023-12,P_selected_maxalpha_constrained,0.9437
4,2023-12,2023-12-29,11,False,False,RIS,0.0412740564142251,BUY,1.1527176857861956,9471936.3375,1.0,2023-12,P_selected_maxalpha_constrained,0.9437
4,2023-12,2023-12-29,11,False,False,MIC,0.034915456399318576,BUY,0.49637377483020345,527852.0250000004,0.9884063045733789,2023-12,P_selected_maxalpha_constrained,0.9437
4,2023-12,2023-12-29,11,False,False,CIH,0.0314037905174045,NEUTRAL,0.08292565858540332,6778233.9375,1.0,2023-12,P_selected_maxalpha_constrained,0.9437
4,2023-12,2023-12-29,11,False,False,MUT,0.028937318462719797,BUY,0.4848598138089838,3589934.7824999997,1.0,2023-12,P_selected_maxalpha_constrained,0.9437
4,2023-12,2023-12-29,11,False,False,BOA,0.021612097266206574,BUY,0.4261090186914983,19336119.6625,1.0,2023-12,P_selected_maxalpha_constrained,0.9437
4,2023-12,2023-12-29,11,False,False,INV,0.02039335718257179,BUY,0.4677638308403048,1421.92,0.018392487021370776,2023-12,P_selected_maxalpha_constrained,0.9437
4,2023-12,2023-12-29,11,False,False,CDM,0.019976205727979958,BUY,0.23100602986121752,1770864.5,0.9999999999729634,2023-12,P_selected_maxalpha_constrained,0.9437
4,2023-12,2023-12-29,11,False,False,GAZ,0.018438535257316972,BUY,0.21581384559027078,2112315.5,0.9999999999998854,2023-12,P_selected_maxalpha_constrained,0.9437
4,2023-12,2023-12-29,11,False,False,JET,0.01761315700489721,BUY,0.49247076773551446,650833.655,0.9983631419194613,2023-12,P_selected_maxalpha_constrained,0.9437
4,2023-12,2023-12-29,11,False,False,HPS,0.017338546276746462,BUY,1.0063913987346744,22994789.305,1.0,2023-12,P_selected_maxalpha_constrained,0.9437
4,2023-12,2023-12-29,11,False,False,SMI,0.015247219575126826,BUY,0.6555849231864417,232998.55,0.43241046996662813,2023-12,P_selected_maxalpha_constrained,0.9437
4,2023-12,2023-12-29,11,False,False,SBM,0.015039484873170892,NEUTRAL,-0.02100494023343233,1765079.7,0.9999999999703415,2023-12,P_selected_maxalpha_constrained,0.9437
4,2023-12,2023-12-29,11,False,False,BCI,0.00963951855540573,BUY,0.33081270320600104,2002401.3,0.9999999999993345,2023-12,P_selected_maxalpha_constrained,0.9437
4,2023-12,2023-12-29,11,False,False,AFM,0.006265176334626994,BUY,0.6404239117622577,239223.85,0.45700186833934314,2023-12,P_selected_maxalpha_constrained,0.9437
4,2023-12,2023-12-29,11,False,False,MNG,0.002755572157587031,BUY,0.4859772080415919,1662092.55,0.9999999998459095,2023-12,P_selected_maxalpha_constrained,0.9437
4,2023-12,2023-12-29,11,False,False,MSA,0.00181329591337293,NEUTRAL,0.09255505784060397,5749138.92,1.0,2023-12,P_selected_maxalpha_constrained,0.9437
4,2023-12,2023-12-29,11,False,False,PRO,0.001668535277935005,BUY,0.6693753827750214,2084.5,0.018584865101829398,2023-12,P_selected_maxalpha_constrained,0.9437
4,2023-12,2023-12-29,11,False,False,IAM,0.0015803738057815686,NEUTRAL,0.0953152309782267,19332654.2965,1.0,2023-12,P_selected_maxalpha_constrained,0.9437
4,2023-12,2023-12-29,11,False,False,CRS,0.001237226779004391,NEUTRAL,-0.10020018784607293,8666.463500000002,0.02060630541786528,2023-12,P_selected_maxalpha_constrained,0.9437
4,2023-12,2023-12-29,11,False,False,MLE,0.0012262872966255633,BUY,0.5168817767445998,5414.0,0.019581850912460858,2023-12,P_selected_maxalpha_constrained,0.9437
4,2023-12,2023-12-29,11,False,False,DHO,0.0008194529908413505,BUY,0.38796076471107444,735953.928,0.9995801792640159,2023-12,P_selected_maxalpha_constrained,0.9437
4,2023-12,2023-12-29,11,False,False,TQM,0.0008085503155453379,NEUTRAL,-0.07997853105606953,5259690.9,1.0,2023-12,P_selected_maxalpha_constrained,0.9437
4,2023-12,2023-12-29,11,False,False,SID,0.0008020188936446233,BUY,0.4685984872380221,1803953.1,0.999999999984077,2023-12,P_selected_maxalpha_constrained,0.9437
4,2023-12,2023-12-29,11,False,False,COL,0.00010830722224961645,BUY,0.48242906302032296,165024.681,0.20430449072685516,2023-12,P_selected_maxalpha_constrained,0.9437
4,2023-12,2023-12-29,11,False,False,OUL,0.00010764082193656564,NEUTRAL,-0.032579050670463655,67578.7,0.05123487587991181,2023-12,P_selected_maxalpha_constrained,0.9437
4,2024-01,2024-01-31,20,False,False,AKT,0.24862577015326878,BUY,0.7874883392344365,8142793.784999999,1.0,2024-01,P_selected_maxalpha_constrained,0.9865
4,2024-01,2024-01-31,20,False,False,ADI,0.09772443920214467,BUY,3.429356895854475,15345130.622500002,1.0,2024-01,P_selected_maxalpha_constrained,0.9865
4,2024-01,2024-01-31,20,False,False,BOA,0.08824210554845356,BUY,0.30174438980533125,3687381.585,1.0,2024-01,P_selected_maxalpha_constrained,0.9865
4,2024-01,2024-01-31,20,False,False,EQD,0.07672784144912939,BUY,0.5637238913540862,705048.0,0.999311817448991,2024-01,P_selected_maxalpha_constrained,0.9865
4,2024-01,2024-01-31,20,False,False,CDM,0.07607938635046609,NEUTRAL,0.04771275436965582,420847.32999999996,0.9389779819588523,2024-01,P_selected_maxalpha_constrained,0.9865
4,2024-01,2024-01-31,20,False,False,ADH,0.07221010307596626,BUY,2.7492906648472624,9898389.202000001,1.0,2024-01,P_selected_maxalpha_constrained,0.9865
4,2024-01,2024-01-31,20,False,False,DWY,0.04513108705286762,NEUTRAL,0.050991657837720444,648790.7849999996,0.9983088476929789,2024-01,P_selected_maxalpha_constrained,0.9865
4,2024-01,2024-01-31,20,False,False,IMO,0.036949981130029994,BUY,0.269073963335915,405667.2365,0.9234855671959803,2024-01,P_selected_maxalpha_constrained,0.9865
4,2024-01,2024-01-31,20,False,False,ARD,0.036438034951883094,NEUTRAL,0.00515888201205253,1483984.33,0.9999999973368316,2024-01,P_selected_maxalpha_constrained,0.9865
4,2024-01,2024-01-31,20,False,False,CMT,0.0351868810268838,BUY,0.42704854837698797,2800205.45,1.0,2024-01,P_selected_maxalpha_constrained,0.9865
4,2024-01,2024-01-31,20,False,False,SMI,0.03351952595293497,BUY,0.6791263921538537,1967456.6,0.9999999999988363,2024-01,P_selected_maxalpha_constrained,0.9865
4,2024-01,2024-01-31,20,False,False,RIS,0.03124486649316256,BUY,0.27694978026043043,1448157.5425,0.9999999952755783,2024-01,P_selected_maxalpha_constrained,0.9865
4,2024-01,2024-01-31,20,False,False,MIC,0.030507682288360493,NEUTRAL,0.040321037029827825,746943.9550000003,0.999647850758702,2024-01,P_selected_maxalpha_constrained,0.9865
4,2024-01,2024-01-31,20,False,False,CIH,0.021564472325124612,NEUTRAL,0.04546575594821678,3252529.8899999997,1.0,2024-01,P_selected_maxalpha_constrained,0.9865
4,2024-01,2024-01-31,20,False,False,BCI,0.021322498336802637,BUY,0.49774220161405014,2784113.5100000002,1.0,2024-01,P_selected_maxalpha_constrained,0.9865
4,2024-01,2024-01-31,20,False,False,JET,0.014330173528563948,BUY,2.447637793357039,2528861.3150000004,0.9999999999999998,2024-01,P_selected_maxalpha_constrained,0.9865
4,2024-01,2024-01-31,20,False,False,TGC,0.009311206962073538,BUY,0.7140607405019992,7474786.657500001,1.0,2024-01,P_selected_maxalpha_constrained,0.9865
4,2024-01,2024-01-31,20,False,False,BCP,0.006841591155807299,NEUTRAL,0.0024647707633381954,17885254.73,1.0,2024-01,P_selected_maxalpha_constrained,0.9865
4,2024-01,2024-01-31,20,False,False,S2M,0.004980770025505102,NEUTRAL,-0.07886570859396232,8464.5825,0.020541217480410965,2024-01,P_selected_maxalpha_constrained,0.9865
4,2024-01,2024-01-31,20,False,False,HPS,0.004407230967487082,NEUTRAL,0.017429225321738247,2613318.2199999997,1.0,2024-01,P_selected_maxalpha_constrained,0.9865
4,2024-01,2024-01-31,20,False,False,RDS,0.0024833010572453663,BUY,1.9948781327161504,1302276.9564999999,0.9999999512436969,2024-01,P_selected_maxalpha_constrained,0.9865
4,2024-01,2024-01-31,20,False,False,DYT,0.0012378246449263684,BUY,1.114726991480253,580627.6725000001,0.9949837449950952,2024-01,P_selected_maxalpha_constrained,0.9865
4,2024-01,2024-01-31,20,False,False,TMA,0.0011723532502160973,BUY,0.2597173466726105,1637733.3,0.9999999997724687,2024-01,P_selected_maxalpha_constrained,0.9865
4,2024-01,2024-01-31,20,False,False,SNP,0.0007465566040105003,NEUTRAL,-0.042477360627783095,883666.9074999997,0.9999604802511665,2024-01,P_selected_maxalpha_constrained,0.9865
4,2024-01,2024-01-31,20,False,False,TQM,0.0006749489465784879,NEUTRAL,-0.08107048602522249,3631281.05,1.0,2024-01,P_selected_maxalpha_constrained,0.9865
4,2024-01,2024-01-31,20,False,False,SAH,0.0006028236764685084,NEUTRAL,-0.015844106782551978,413681.8,0.9320686478240352,2024-01,P_selected_maxalpha_constrained,0.9865
4,2024-01,2024-01-31,20,False,False,UMR,0.0004619190019754425,BUY,1.8431714652175573,106.7,0.018016388560595085,2024-01,P_selected_maxalpha_constrained,0.9865
4,2024-01,2024-01-31,20,False,False,ATW,0.00044888778891112417,NEUTRAL,-0.010220195801394761,23466225.814999998,1.0,2024-01,P_selected_maxalpha_constrained,0.9865
4,2024-01,2024-01-31,20,False,False,INV,0.00035098369258929583,BUY,0.6586869179872898,29917.479,0.028711652408231998,2024-01,P_selected_maxalpha_constrained,0.9865
4,2024-01,2024-01-31,20,False,False,MDP,0.00034964351864781264,NEUTRAL,0.08847788333542728,228221.0830000001,0.41375526869278345,2024-01,P_selected_maxalpha_constrained,0.9865
4,2024-01,2024-01-31,20,False,False,MUT,0.00010204841242343457,BUY,0.43525594920685584,2527308.9675,0.9999999999999998,2024-01,P_selected_maxalpha_constrained,0.9865
4,2024-02,2024-02-29,0,False,False,AKT,0.2181563771585526,BUY,1.1032359585030351,10945682.17,1.0,2024-02,P_selected_maxalpha_constrained,0.9969
4,2024-02,2024-02-29,0,False,False,JET,0.10686737021158166,BUY,3.1291622542009936,4083213.13,1.0,2024-02,P_selected_maxalpha_constrained,0.9969
4,2024-02,2024-02-29,0,False,False,BOA,0.0933241786152844,BUY,0.29937956332553683,4163997.8575000004,1.0,2024-02,P_selected_maxalpha_constrained,0.9969
4,2024-02,2024-02-29,0,False,False,ADH,0.08088193597027518,BUY,2.340653492808327,10067875.521000002,1.0,2024-02,P_selected_maxalpha_constrained,0.9969
4,2024-02,2024-02-29,0,False,False,ADI,0.07767898441335105,BUY,3.212040043671529,6208376.7225,1.0,2024-02,P_selected_maxalpha_constrained,0.9969
4,2024-02,2024-02-29,0,False,False,CSR,0.06428749795330763,NEUTRAL,-0.039560033101334505,13618939.419999998,1.0,2024-02,P_selected_maxalpha_constrained,0.9969
4,2024-02,2024-02-29,0,False,False,RDS,0.06242145594211341,BUY,2.929617524991718,2688570.9235,1.0,2024-02,P_selected_maxalpha_constrained,0.9969
4,2024-02,2024-02-29,0,False,False,IMO,0.05055567219726001,BUY,1.131433357330158,634544.4794999999,0.9978768132095764,2024-02,P_selected_maxalpha_constrained,0.9969
4,2024-02,2024-02-29,0,False,False,CIH,0.04868547203162826,BUY,0.24923313707693734,2469183.2825,0.9999999999999996,2024-02,P_selected_maxalpha_constrained,0.9969
4,2024-02,2024-02-29,0,False,False,LBV,0.04847646963779381,NEUTRAL,0.07702384890954479,7394740.15,1.0,2024-02,P_selected_maxalpha_constrained,0.9969
4,2024-02,2024-02-29,0,False,False,MNG,0.03628041281979163,BUY,0.2164763167160834,2811680.1,1.0,2024-02,P_selected_maxalpha_constrained,0.9969
4,2024-02,2024-02-29,0,False,False,CMT,0.028301564582066514,BUY,1.0382843526569032,4929366.0,1.0,2024-02,P_selected_maxalpha_constrained,0.9969
4,2024-02,2024-02-29,0,False,False,ARD,0.02002731463198519,NEUTRAL,0.01558567288529512,949676.8875,0.9999862551169507,2024-02,P_selected_maxalpha_constrained,0.9969
4,2024-02,2024-02-29,0,False,False,SID,0.017436004238411438,BUY,0.7152670164338502,2219809.335,0.9999999999999796,2024-02,P_selected_maxalpha_constrained,0.9969
4,2024-02,2024-02-29,0,False,False,DYT,0.009714893540349094,BUY,0.7783600205294814,341638.67000000004,0.8124819696341875,2024-02,P_selected_maxalpha_constrained,0.9969
4,2024-02,2024-02-29,0,False,False,MUT,0.009190854705849873,BUY,0.4532325062550968,2293581.0324999997,0.9999999999999938,2024-02,P_selected_maxalpha_constrained,0.9969
4,2024-02,2024-02-29,0,False,False,TGC,0.00801497360530356,BUY,0.7921486592507565,7327413.1875,1.0,2024-02,P_selected_maxalpha_constrained,0.9969
4,2024-02,2024-02-29,0,False,False,TQM,0.00703795190849695,NEUTRAL,-0.005370043774013849,6397307.25,1.0,2024-02,P_selected_maxalpha_constrained,0.9969
4,2024-02,2024-02-29,0,False,False,SNP,0.004803404792934526,BUY,0.24508793322949207,2063813.5049999997,0.9999999999997509,2024-02,P_selected_maxalpha_constrained,0.9969
4,2024-02,2024-02-29,0,False,False,SMI,0.002905419752257888,BUY,0.4484362075613496,1361851.55,0.9999999812040575,2024-02,P_selected_maxalpha_constrained,0.9969
4,2024-02,2024-02-29,0,False,False,EQD,0.0013230002710741225,NEUTRAL,0.013468821755073974,355537.5,0.8440399575178157,2024-02,P_selected_maxalpha_constrained,0.9969
4,2024-02,2024-02-29,0,False,False,BCI,0.0010068791066962309,BUY,0.41522701133543133,1035423.3800000001,0.9999965140765344,2024-02,P_selected_maxalpha_constrained,0.9969
4,2024-02,2024-02-29,0,False,False,AFI,0.001006339999794542,BUY,0.2697084137202966,113726.23000000001,0.1015262303608932,2024-02,P_selected_maxalpha_constrained,0.9969
4,2024-02,2024-02-29,0,False,False,TMA,0.0007232982909513419,NEUTRAL,0.0008184188148841753,3163242.05,1.0,2024-02,P_selected_maxalpha_constrained,0.9969
4,2024-02,2024-02-29,0,False,False,RIS,0.00041905644128649656,NEUTRAL,0.04826438456498819,1779360.1949999998,0.9999999999763998,2024-02,P_selected_maxalpha_constrained,0.9969
4,2024-02,2024-02-29,0,False,False,BCP,0.000296627020211257,NEUTRAL,0.08144765401342008,22981976.9,1.0,2024-02,P_selected_maxalpha_constrained,0.9969
4,2024-03,2024-03-29,5,False,False,JET,0.14704494112408212,BUY,2.969962146113594,2114080.415,0.9999999999998885,2024-03,P_selected_maxalpha_constrained,0.9901
4,2024-03,2024-03-29,5,False,False,AKT,0.14269948888670073,BUY,0.7450392071382255,5701409.33,1.0,2024-03,P_selected_maxalpha_constrained,0.9901
4,2024-03,2024-03-29,5,False,False,CDM,0.1380668692610236,BUY,0.9722082193859469,5514061.404999999,1.0,2024-03,P_selected_maxalpha_constrained,0.9901
4,2024-03,2024-03-29,5,False,False,RDS,0.0721433539309266,BUY,2.6009790706529707,2936320.8575,1.0,2024-03,P_selected_maxalpha_constrained,0.9901
4,2024-03,2024-03-29,5,False,False,CMT,0.07072979473587439,BUY,0.9232457151169318,906131.4,0.999972412008993,2024-03,P_selected_maxalpha_constrained,0.9901
4,2024-03,2024-03-29,5,False,False,DYT,0.06979930462132361,BUY,1.4498788772186035,710520.0700000001,0.9993694712769375,2024-03,P_selected_maxalpha_constrained,0.9901
4,2024-03,2024-03-29,5,False,False,ADI,0.06919701500625398,BUY,3.02228299431495,8374011.227500001,1.0,2024-03,P_selected_maxalpha_constrained,0.9901
4,2024-03,2024-03-29,5,False,False,LBV,0.03911673857865868,NEUTRAL,-0.04607453630692143,4552965.35,1.0,2024-03,P_selected_maxalpha_constrained,0.9901
4,2024-03,2024-03-29,5,False,False,SMI,0.03542314973600926,BUY,0.7230374749238717,722877.55,0.9994825296888584,2024-03,P_selected_maxalpha_constrained,0.9901
4,2024-03,2024-03-29,5,False,False,IMO,0.03254477811203255,BUY,0.39907074266971226,340892.247,0.8106556350025809,2024-03,P_selected_maxalpha_constrained,0.9901
4,2024-03,2024-03-29,5,False,False,ADH,0.03159933209040885,BUY,1.0447338366109475,24778300.532,1.0,2024-03,P_selected_maxalpha_constrained,0.9901
4,2024-03,2024-03-29,5,False,False,RIS,0.030211003026103106,BUY,0.5783471021906507,3785209.81,1.0,2024-03,P_selected_maxalpha_constrained,0.9901
4,2024-03,2024-03-29,5,False,False,BOA,0.027853170351347795,NEUTRAL,0.06809141120492035,2661902.9025,1.0,2024-03,P_selected_maxalpha_constrained,0.9901
4,2024-03,2024-03-29,5,False,False,CIH,0.025674569434165198,NEUTRAL,0.06381295597164167,3307958.6450000005,1.0,2024-03,P_selected_maxalpha_constrained,0.9901
4,2024-03,2024-03-29,5,False,False,ATH,0.02554730005813365,NEUTRAL,0.0634604289868672,1238156.234,0.9999998639848936,2024-03,P_selected_maxalpha_constrained,0.9901
4,2024-03,2024-03-29,5,False,False,CFG,0.012477559401700351,NEUTRAL,0.08444093344464004,3098808.275,1.0,2024-03,P_selected_maxalpha_constrained,0.9901
4,2024-03,2024-03-29,5,False,False,ARD,0.009054776186775994,BUY,0.21274113204639805,1756048.5850000002,0.999999999965731,2024-03,P_selected_maxalpha_constrained,0.9901
4,2024-03,2024-03-29,5,False,False,TMA,0.007782091936484864,NEUTRAL,0.04109796801191622,1932797.55,0.9999999999979736,2024-03,P_selected_maxalpha_constrained,0.9901
4,2024-03,2024-03-29,5,False,False,SID,0.004554440407616853,BUY,0.7321336654898717,2181045.175,0.9999999999999618,2024-03,P_selected_maxalpha_constrained,0.9901
4,2024-03,2024-03-29,5,False,False,EQD,0.0019442425082185045,BUY,0.5555286887044149,2302739.15,0.9999999999999944,2024-03,P_selected_maxalpha_constrained,0.9901
4,2024-03,2024-03-29,5,False,False,MOX,0.001741105655634617,NEUTRAL,-0.09131900675959766,1959.2749999999971,0.01854835573177748,2024-03,P_selected_maxalpha_constrained,0.9901
4,2024-03,2024-03-29,5,False,False,CRS,0.001109569135422695,NEUTRAL,-0.08207112279752266,28483.2945,0.028078598052255356,2024-03,P_selected_maxalpha_constrained,0.9901
4,2024-03,2024-03-29,5,False,False,MNG,0.0009609799637966091,NEUTRAL,-0.0593109529981922,2789222.85,1.0,2024-03,P_selected_maxalpha_constrained,0.9901
4,2024-03,2024-03-29,5,False,False,IBC,0.0008473598111923301,NEUTRAL,0.03998610648184309,6369.187999999995,0.019877424662911765,2024-03,P_selected_maxalpha_constrained,0.9901
4,2024-03,2024-03-29,5,False,False,TGC,0.0006994113989325027,BUY,0.9379440353237912,5166311.55,1.0,2024-03,P_selected_maxalpha_constrained,0.9901
4,2024-03,2024-03-29,5,False,False,MUT,0.0004599552201321251,NEUTRAL,0.04730494423077225,604477.7774999996,0.9965696079680872,2024-03,P_selected_maxalpha_constrained,0.9901
4,2024-03,2024-03-29,5,False,False,SNP,0.00022689081975612688,BUY,0.8925052620553178,2061066.1149999998,0.9999999999997398,2024-03,P_selected_maxalpha_constrained,0.9901
4,2024-03,2024-03-29,5,False,False,ATW,0.00017514932051024997,NEUTRAL,0.05522961976651902,12538974.315000001,1.0,2024-03,P_selected_maxalpha_constrained,0.9901
4,2024-03,2024-03-29,5,False,False,BCP,0.0001500364181909395,NEUTRAL,0.04303499677940359,7055951.8225,1.0,2024-03,P_selected_maxalpha_constrained,0.9901
4,2024-04,2024-04-30,17,False,False,ADI,0.12977443057989724,BUY,2.7705892843498905,40987828.1325,1.0,2024-04,P_selected_maxalpha_constrained,0.9832
4,2024-04,2024-04-30,17,False,False,AKT,0.12277327992781478,BUY,0.8187688766495422,11312012.120000001,1.0,2024-04,P_selected_maxalpha_constrained,0.9832
4,2024-04,2024-04-30,17,False,False,DYT,0.11256481947820428,BUY,1.5085871272605411,2030098.7274999998,0.9999999999995728,2024-04,P_selected_maxalpha_constrained,0.9832
4,2024-04,2024-04-30,17,False,False,JET,0.09661004902431487,BUY,3.1940991392633267,7520058.69,1.0,2024-04,P_selected_maxalpha_constrained,0.9832
4,2024-04,2024-04-30,17,False,False,FBR,0.08972210754889352,BUY,0.7281830740813164,541356.7455,0.9906381640699479,2024-04,P_selected_maxalpha_constrained,0.9832
4,2024-04,2024-04-30,17,False,False,DHO,0.058257545909930444,BUY,0.24211791557364823,3179604.356,1.0,2024-04,P_selected_maxalpha_constrained,0.9832
4,2024-04,2024-04-30,17,False,False,CMT,0.05551914991859496,BUY,1.2210273321071718,3423620.85,1.0,2024-04,P_selected_maxalpha_constrained,0.9832
4,2024-04,2024-04-30,17,False,False,LBV,0.0508416794801077,NEUTRAL,-0.03668299241647447,3613116.1,1.0,2024-04,P_selected_maxalpha_constrained,0.9832
4,2024-04,2024-04-30,17,False,False,SID,0.047268295910753426,BUY,0.2631376160117429,6575689.115,1.0,2024-04,P_selected_maxalpha_constrained,0.9832
4,2024-04,2024-04-30,17,False,False,ATH,0.04018441310189898,BUY,0.3795833908933335,2456654.24,0.9999999999999996,2024-04,P_selected_maxalpha_constrained,0.9832
4,2024-04,2024-04-30,17,False,False,TGC,0.034036668022989824,BUY,1.1295558424008725,56961280.685,1.0,2024-04,P_selected_maxalpha_constrained,0.9832
4,2024-04,2024-04-30,17,False,False,CFG,0.028650309208347265,NEUTRAL,0.01686714384325251,4652391.455,1.0,2024-04,P_selected_maxalpha_constrained,0.9832
4,2024-04,2024-04-30,17,False,False,CIH,0.027469302559078534,NEUTRAL,0.09842223023129523,3504226.425,1.0,2024-04,P_selected_maxalpha_constrained,0.9832
4,2024-04,2024-04-30,17,False,False,ARD,0.018566725289849977,NEUTRAL,0.060946585709739466,3736586.44,1.0,2024-04,P_selected_maxalpha_constrained,0.9832
4,2024-04,2024-04-30,17,False,False,TMA,0.018449110932205144,NEUTRAL,0.09534416283767365,1436102.7,0.9999999942705322,2024-04,P_selected_maxalpha_constrained,0.9832
4,2024-04,2024-04-30,17,False,False,SMI,0.01565409544450123,BUY,0.3939007775828639,661098.2,0.9986107086157655,2024-04,P_selected_maxalpha_constrained,0.9832
4,2024-04,2024-04-30,17,False,False,AFI,0.010270981417254754,BUY,0.22238422420983406,103592.6725,0.08766238271611228,2024-04,P_selected_maxalpha_constrained,0.9832
4,2024-04,2024-04-30,17,False,False,MUT,0.009284630906956975,NEUTRAL,0.08215470933206036,2138142.5999999996,0.9999999999999241,2024-04,P_selected_maxalpha_constrained,0.9832
4,2024-04,2024-04-30,17,False,False,RIS,0.008908164222653968,BUY,0.6150126506289685,7575247.3,1.0,2024-04,P_selected_maxalpha_constrained,0.9832
4,2024-04,2024-04-30,17,False,False,SNP,0.006472156094717566,BUY,0.35622272836498,1432720.0799999998,0.9999999939518978,2024-04,P_selected_maxalpha_constrained,0.9832
4,2024-04,2024-04-30,17,False,False,UMR,0.003935815908220234,BUY,1.238162554893386,114305.525,0.1023748386572572,2024-04,P_selected_maxalpha_constrained,0.9832
4,2024-04,2024-04-30,17,False,False,EQD,0.0033646010335391207,NEUTRAL,0.03792605675326274,285750.6,0.639226750433277,2024-04,P_selected_maxalpha_constrained,0.9832
4,2024-04,2024-04-30,17,False,False,IMO,0.0029575510731559033,NEUTRAL,-0.09842851496756504,524083.61100000003,0.9876946294827621,2024-04,P_selected_maxalpha_constrained,0.9832
4,2024-04,2024-04-30,17,False,False,TQM,0.001977502058305277,NEUTRAL,0.0060124565592582155,3067345.3,1.0,2024-04,P_selected_maxalpha_constrained,0.9832
4,2024-04,2024-04-30,17,False,False,CSR,0.0016245653502855134,NEUTRAL,-0.08417087340611956,3788110.8225000002,1.0,2024-04,P_selected_maxalpha_constrained,0.9832
4,2024-04,2024-04-30,17,False,False,IBC,0.0007536525987959121,BUY,0.726797827133818,45105.985,0.03632302754028117,2024-04,P_selected_maxalpha_constrained,0.9832
4,2024-04,2024-04-30,17,False,False,CDM,0.000695795981660774,NEUTRAL,-0.02160322079593694,278795.5,0.6131868637594339,2024-04,P_selected_maxalpha_constrained,0.9832
4,2024-04,2024-04-30,17,False,False,LHM,0.0006714633978221628,NEUTRAL,-0.09926985277378819,8023706.2,1.0,2024-04,P_selected_maxalpha_constrained,0.9832
4,2024-04,2024-04-30,17,False,False,INV,0.0005496719173809791,NEUTRAL,-0.10098806059630597,28475.3515,0.028075130004542596,2024-04,P_selected_maxalpha_constrained,0.9832
4,2024-04,2024-04-30,17,False,False,MDP,0.0004597013867067494,BUY,0.24084840079391295,211241.2600000001,0.3497496476695417,2024-04,P_selected_maxalpha_constrained,0.9832
4,2024-04,2024-04-30,17,False,False,BOA,0.00035906759785296036,BUY,0.2706240653390978,2797790.9925,1.0,2024-04,P_selected_maxalpha_constrained,0.9832
4,2024-04,2024-04-30,17,False,False,BCP,0.00033960383860652266,NEUTRAL,0.0786597229424132,22700566.955000002,1.0,2024-04,P_selected_maxalpha_constrained,0.9832
4,2024-04,2024-04-30,17,False,False,ATW,0.0003081483938182671,NEUTRAL,0.06858180420159544,18544729.095,1.0,2024-04,P_selected_maxalpha_constrained,0.9832
4,2024-04,2024-04-30,17,False,False,BCI,0.0003044788925182707,NEUTRAL,0.09736361260148801,3620510.15,1.0,2024-04,P_selected_maxalpha_constrained,0.9832
4,2024-04,2024-04-30,17,False,False,MNG,0.00022522860872770738,NEUTRAL,0.10538019989781242,4523386.4,1.0,2024-04,P_selected_maxalpha_constrained,0.9832
4,2024-04,2024-04-30,17,False,False,ADH,0.00019271115488362102,BUY,1.9568931059806327,71808781.5165,1.0,2024-04,P_selected_maxalpha_constrained,0.9832
4,2024-05,2024-05-31,20,False,False,UMR,0.1685380351433362,BUY,1.347018136275485,8.86,0.01798871399842165,2024-05,P_selected_maxalpha_constrained,0.6274
4,2024-05,2024-05-31,20,False,False,RDS,0.09478699542027055,BUY,3.494669968549598,18868393.257,1.0,2024-05,P_selected_maxalpha_constrained,0.6274
4,2024-05,2024-05-31,20,False,False,ADH,0.09274775885205185,BUY,2.027768073324801,22250421.9585,1.0,2024-05,P_selected_maxalpha_constrained,0.6274
4,2024-05,2024-05-31,20,False,False,CRS,0.09015840636343544,BUY,1.4984355038386248,105567.3565,0.09022241188307116,2024-05,P_selected_maxalpha_constrained,0.6274
4,2024-05,2024-05-31,20,False,False,JET,0.09002861859802036,BUY,2.156893958668272,1570905.0050000001,0.9999999993371551,2024-05,P_selected_maxalpha_constrained,0.6274
4,2024-05,2024-05-31,20,False,False,DYT,0.06288650824760862,BUY,0.5566664692314058,388909.21,0.9022560778158446,2024-05,P_selected_maxalpha_constrained,0.6274
4,2024-05,2024-05-31,20,False,False,ADI,0.0573457712802256,BUY,2.464083719192581,10512214.0175,1.0,2024-05,P_selected_maxalpha_constrained,0.6274
4,2024-05,2024-05-31,20,False,False,CMT,0.056596875320412646,BUY,0.9445155483456129,3652362.7,1.0,2024-05,P_selected_maxalpha_constrained,0.6274
4,2024-05,2024-05-31,20,False,False,CFG,0.051997979572567424,BUY,0.30596850018592997,7738126.6274999995,1.0,2024-05,P_selected_maxalpha_constrained,0.6274
4,2024-05,2024-05-31,20,False,False,SRM,0.04775746605639715,BUY,0.5746528286454258,16885.417500000003,0.023434481893645737,2024-05,P_selected_maxalpha_constrained,0.6274
4,2024-05,2024-05-31,20,False,False,INV,0.03906693611847487,BUY,0.46741955488086173,37469.9545,0.03228044413966971,2024-05,P_selected_maxalpha_constrained,0.6274
4,2024-05,2024-05-31,20,False,False,SMI,0.03771937137706705,BUY,0.8871466078015409,2533510.5,0.9999999999999998,2024-05,P_selected_maxalpha_constrained,0.6274
4,2024-05,2024-05-31,20,False,False,FBR,0.02111386658241344,NEUTRAL,0.08351289923462035,141420.89500000002,0.14966057711491582,2024-05,P_selected_maxalpha_constrained,0.6274
4,2024-05,2024-05-31,20,False,False,EQD,0.02080612021624746,BUY,0.333020070546892,1168745.5,0.9999995870454972,2024-05,P_selected_maxalpha_constrained,0.6274
4,2024-05,2024-05-31,20,False,False,LES,0.012196759037334024,NEUTRAL,-0.007875115252154084,7936371.455000001,1.0,2024-05,P_selected_maxalpha_constrained,0.6274
4,2024-05,2024-05-31,20,False,False,GAZ,0.009781087630936753,NEUTRAL,-0.07156121667641015,14083571.45,1.0,2024-05,P_selected_maxalpha_constrained,0.6274
4,2024-05,2024-05-31,20,False,False,S2M,0.006838619257342228,NEUTRAL,-0.09195489866625153,35479.2925,0.03130016824438827,2024-05,P_selected_maxalpha_constrained,0.6274
4,2024-05,2024-05-31,20,False,False,AFI,0.006468283082526411,NEUTRAL,0.09334330147272091,90632.95,0.07243503123544819,2024-05,P_selected_maxalpha_constrained,0.6274
4,2024-05,2024-05-31,20,False,False,BCP,0.00593723458157338,NEUTRAL,-0.07871670749882714,14493002.694999998,1.0,2024-05,P_selected_maxalpha_constrained,0.6274
4,2024-05,2024-05-31,20,False,False,AKT,0.0048345434186501035,NEUTRAL,0.08255831009575543,10812501.37,1.0,2024-05,P_selected_maxalpha_constrained,0.6274
4,2024-05,2024-05-31,20,False,False,TGC,0.004547117727837063,BUY,0.28265141304636066,7336001.345000001,1.0,2024-05,P_selected_maxalpha_constrained,0.6274
4,2024-05,2024-05-31,20,False,False,ARD,0.0028064390781316617,NEUTRAL,-0.07271446274527642,1972050.2199999995,0.9999999999989186,2024-05,P_selected_maxalpha_constrained,0.6274
4,2024-05,2024-05-31,20,False,False,MUT,0.0024791063404241208,BUY,0.5158042740518674,5108377.56,1.0,2024-05,P_selected_maxalpha_constrained,0.6274
4,2024-05,2024-05-31,20,False,False,CDM,0.0022598346513535,NEUTRAL,-0.0114251407335645,117394.64499999999,0.1070068862130098,2024-05,P_selected_maxalpha_constrained,0.6274
4,2024-05,2024-05-31,20,False,False,MDP,0.002198693365915016,BUY,0.2581595774639459,200386.7460000001,0.3113507320098545,2024-05,P_selected_maxalpha_constrained,0.6274
4,2024-05,2024-05-31,20,False,False,CIH,0.0015337673339380256,NEUTRAL,0.052162611568207735,1201983.5025000004,0.9999997573719641,2024-05,P_selected_maxalpha_constrained,0.6274
4,2024-05,2024-05-31,20,False,False,SID,0.0012545862985999263,BUY,0.34865742125002963,2427413.0650000004,0.9999999999999993,2024-05,P_selected_maxalpha_constrained,0.6274
4,2024-05,2024-05-31,20,False,False,DHO,0.0012426185758924347,NEUTRAL,0.051557536733993395,2500229.9525,0.9999999999999998,2024-05,P_selected_maxalpha_constrained,0.6274
4,2024-05,2024-05-31,20,False,False,ATH,0.0009730334846234158,NEUTRAL,0.03373163918928103,540471.405,0.9905058737660453,2024-05,P_selected_maxalpha_constrained,0.6274
4,2024-05,2024-05-31,20,False,False,BOA,0.0009259823824940142,NEUTRAL,0.08464975559362611,2986016.01,1.0,2024-05,P_selected_maxalpha_constrained,0.6274
4,2024-05,2024-05-31,20,False,False,ATW,0.0008294477953533977,NEUTRAL,-0.061269964704146355,24880829.09,1.0,2024-05,P_selected_maxalpha_constrained,0.6274
4,2024-05,2024-05-31,20,False,False,MNG,0.0005749736161548558,NEUTRAL,0.04750531842728052,5557865.45,1.0,2024-05,P_selected_maxalpha_constrained,0.6274
4,2024-05,2024-05-31,20,False,False,IBC,0.00040640414706862683,NEUTRAL,-0.03712569376729189,8448.092499999995,0.02053590988211091,2024-05,P_selected_maxalpha_constrained,0.6274
4,2024-05,2024-05-31,20,False,False,LBV,0.0002561824956583712,NEUTRAL,0.044697164568090975,10725821.85,1.0,2024-05,P_selected_maxalpha_constrained,0.6274
4,2024-06,2024-06-28,15,False,False,CFG,0.3157708592280647,BUY,0.6070107193695052,10786535.65,1.0,2024-06,P_selected_maxalpha_constrained,0.9846
4,2024-06,2024-06-28,15,False,False,JET,0.10849901421660545,BUY,2.3955938664603558,1279827.9049999998,0.9999999301731024,2024-06,P_selected_maxalpha_constrained,0.9846
4,2024-06,2024-06-28,15,False,False,RDS,0.05290966061280088,BUY,3.220666191322513,5495935.9745,1.0,2024-06,P_selected_maxalpha_constrained,0.9846
4,2024-06,2024-06-28,15,False,False,CIH,0.05205327761364214,BUY,0.3291131361467723,5399980.12,1.0,2024-06,P_selected_maxalpha_constrained,0.9846
4,2024-06,2024-06-28,15,False,False,ARD,0.048927019964339444,BUY,0.26160641292345976,1975660.815,0.9999999999989793,2024-06,P_selected_maxalpha_constrained,0.9846
4,2024-06,2024-06-28,15,False,False,BCP,0.04525274467545621,BUY,0.7653227792947934,57204545.892500006,1.0,2024-06,P_selected_maxalpha_constrained,0.9846
4,2024-06,2024-06-28,15,False,False,AKT,0.04172826424261317,BUY,0.565739699010262,5041155.0649999995,1.0,2024-06,P_selected_maxalpha_constrained,0.9846
4,2024-06,2024-06-28,15,False,False,ADI,0.04046798509357707,BUY,2.0528893741043417,5185035.925,1.0,2024-06,P_selected_maxalpha_constrained,0.9846
4,2024-06,2024-06-28,15,False,False,DHO,0.03843687725119841,NEUTRAL,0.10473870138153994,580121.4380000001,0.9949431558763042,2024-06,P_selected_maxalpha_constrained,0.9846
4,2024-06,2024-06-28,15,False,False,ATW,0.03463273566829644,NEUTRAL,-0.047765431820774244,20494429.509999998,1.0,2024-06,P_selected_maxalpha_constrained,0.9846
4,2024-06,2024-06-28,15,False,False,LBV,0.03324561685350908,NEUTRAL,0.08440056040208435,7641962.75,1.0,2024-06,P_selected_maxalpha_constrained,0.9846
4,2024-06,2024-06-28,15,False,False,ADH,0.03271793588572727,BUY,2.0679319834321617,9873937.295,1.0,2024-06,P_selected_maxalpha_constrained,0.9846
4,2024-06,2024-06-28,15,False,False,MUT,0.03236016525781254,BUY,0.4067288853540861,3076140.6574999997,1.0,2024-06,P_selected_maxalpha_constrained,0.9846
4,2024-06,2024-06-28,15,False,False,SID,0.018084349275203294,BUY,0.3672721252268937,1999560.55,0.9999999999993037,2024-06,P_selected_maxalpha_constrained,0.9846
4,2024-06,2024-06-28,15,False,False,MSA,0.014318996791114421,NEUTRAL,-0.05868383003093613,16919685.1275,1.0,2024-06,P_selected_maxalpha_constrained,0.9846
4,2024-06,2024-06-28,15,False,False,EQD,0.013302624518482924,BUY,0.24184281291493664,770187.45,0.9997571926037381,2024-06,P_selected_maxalpha_constrained,0.9846
4,2024-06,2024-06-28,15,False,False,CMT,0.012384122125669387,BUY,0.8205503397077378,1303764.45,0.999999952390392,2024-06,P_selected_maxalpha_constrained,0.9846
4,2024-06,2024-06-28,15,False,False,TMA,0.012039227290133268,NEUTRAL,-0.09281313001512854,1394228.95,0.9999999888034844,2024-06,P_selected_maxalpha_constrained,0.9846
4,2024-06,2024-06-28,15,False,False,LES,0.011343790319245775,NEUTRAL,0.08745030229827352,4144134.3775000013,1.0,2024-06,P_selected_maxalpha_constrained,0.9846
4,2024-06,2024-06-28,15,False,False,TQM,0.009109268704555395,NEUTRAL,-0.028537391294018177,2885243.25,1.0,2024-06,P_selected_maxalpha_constrained,0.9846
4,2024-06,2024-06-28,15,False,False,SLF,0.00793060639831081,BUY,0.24385668862906962,1211269.0,0.9999997908688374,2024-06,P_selected_maxalpha_constrained,0.9846
4,2024-06,2024-06-28,15,False,False,INV,0.00713087037684466,BUY,0.6654621396113202,23392.609,0.02593920330181922,2024-06,P_selected_maxalpha_constrained,0.9846
4,2024-06,2024-06-28,15,False,False,BOA,0.003039873826424096,NEUTRAL,0.007112817026873991,1167701.4,0.9999995800889021,2024-06,P_selected_maxalpha_constrained,0.9846
4,2024-06,2024-06-28,15,False,False,SRM,0.0022107431239369577,NEUTRAL,-0.059350163869968955,10136.082,0.02108624342058657,2024-06,P_selected_maxalpha_constrained,0.9846
4,2024-06,2024-06-28,15,False,False,SMI,0.002182973230083692,NEUTRAL,-0.10237786706340024,355944.65,0.8448955697472786,2024-06,P_selected_maxalpha_constrained,0.9846
4,2024-06,2024-06-28,15,False,False,UMR,0.001841120702992357,BUY,1.2758469835420465,88.5,0.018011237431945003,2024-06,P_selected_maxalpha_constrained,0.9846
4,2024-06,2024-06-28,15,False,False,DYT,0.0015640149673248718,BUY,0.8284084866160104,400505.64249999996,0.9174421510268905,2024-06,P_selected_maxalpha_constrained,0.9846
4,2024-06,2024-06-28,15,False,False,IBC,0.0014732029918357343,NEUTRAL,0.010239930013085763,751.5429999999942,0.01819983409897614,2024-06,P_selected_maxalpha_constrained,0.9846
4,2024-06,2024-06-28,15,False,False,S2M,0.0011393362489992692,NEUTRAL,0.013972487690404045,47387.36,0.03762258217763133,2024-06,P_selected_maxalpha_constrained,0.9846
4,2024-06,2024-06-28,15,False,False,RIS,0.0010361175528753005,NEUTRAL,-0.06415452381729142,280887.69,0.6210960601250469,2024-06,P_selected_maxalpha_constrained,0.9846
4,2024-06,2024-06-28,15,False,False,SBM,0.0009503267771588382,NEUTRAL,-0.06145162921022225,2489899.15,0.9999999999999998,2024-06,P_selected_maxalpha_constrained,0.9846
4,2024-06,2024-06-28,15,False,False,AFI,0.0005666941056811022,BUY,0.3199681929929308,109477.95,0.09549164372097119,2024-06,P_selected_maxalpha_constrained,0.9846
4,2024-06,2024-06-28,15,False,False,BCI,0.000515708605054765,NEUTRAL,0.01806948281710238,1452346.49,0.9999999955818459,2024-06,P_selected_maxalpha_constrained,0.9846
4,2024-06,2024-06-28,15,False,False,HPS,0.0003707092777698109,NEUTRAL,-0.04550073877336817,3264715.725,1.0,2024-06,P_selected_maxalpha_constrained,0.9846
4,2024-06,2024-06-28,15,False,False,FBR,0.00030437158707450555,BUY,0.40895773570715344,101965.013,0.0856018032100796,2024-06,P_selected_maxalpha_constrained,0.9846
4,2024-07,2024-07-31,8,False,False,CFG,0.34229471839189374,BUY,0.666939032177489,5355231.279999999,1.0,2024-07,P_selected_maxalpha_constrained,0.9882
4,2024-07,2024-07-31,8,False,False,ADI,0.12722084628973704,BUY,2.6719340090233183,7709388.527499999,1.0,2024-07,P_selected_maxalpha_constrained,0.9882
4,2024-07,2024-07-31,8,False,False,AKT,0.11918996893115298,BUY,1.0207989194031184,42614810.38,1.0,2024-07,P_selected_maxalpha_constrained,0.9882
4,2024-07,2024-07-31,8,False,False,JET,0.07103405412799015,BUY,2.9627805565052054,2106353.9349999996,0.9999999999998739,2024-07,P_selected_maxalpha_constrained,0.9882
4,2024-07,2024-07-31,8,False,False,IMO,0.06405922399607958,BUY,0.583886680609797,835648.4675,0.9999147958731212,2024-07,P_selected_maxalpha_constrained,0.9882
4,2024-07,2024-07-31,8,False,False,HPS,0.05010131323828209,BUY,0.4849027675675,10157353.6375,1.0,2024-07,P_selected_maxalpha_constrained,0.9882
4,2024-07,2024-07-31,8,False,False,LBV,0.03946723351427368,NEUTRAL,-0.07184860179627975,11614603.35,1.0,2024-07,P_selected_maxalpha_constrained,0.9882
4,2024-07,2024-07-31,8,False,False,RDS,0.03945890462390836,BUY,3.4020499667852797,4223484.5695,1.0,2024-07,P_selected_maxalpha_constrained,0.9882
4,2024-07,2024-07-31,8,False,False,ARD,0.03334258578807882,BUY,0.29811459279037544,4326607.075,1.0,2024-07,P_selected_maxalpha_constrained,0.9882
4,2024-07,2024-07-31,8,False,False,CIH,0.024191666810128756,NEUTRAL,0.0651902546735397,3803244.8850000002,1.0,2024-07,P_selected_maxalpha_constrained,0.9882
4,2024-07,2024-07-31,8,False,False,BOA,0.01707610339572953,NEUTRAL,-0.06213344666489858,1744501.3225000002,0.9999999999587768,2024-07,P_selected_maxalpha_constrained,0.9882
4,2024-07,2024-07-31,8,False,False,DHO,0.016140964079083924,BUY,0.262450275742383,2963079.602,1.0,2024-07,P_selected_maxalpha_constrained,0.9882
4,2024-07,2024-07-31,8,False,False,DWY,0.010308094407296289,NEUTRAL,-0.08689747727308614,473467.01999999955,0.9727605672984625,2024-07,P_selected_maxalpha_constrained,0.9882
4,2024-07,2024-07-31,8,False,False,CMT,0.009654510086783169,BUY,0.6894823936166333,3454765.85,1.0,2024-07,P_selected_maxalpha_constrained,0.9882
4,2024-07,2024-07-31,8,False,False,TGC,0.006412735889484032,BUY,0.22768108716296492,5667767.225,1.0,2024-07,P_selected_maxalpha_constrained,0.9882
4,2024-07,2024-07-31,8,False,False,CRS,0.00568401632423013,BUY,0.2777737779908537,19788.4175,0.02452132098410186,2024-07,P_selected_maxalpha_constrained,0.9882
4,2024-07,2024-07-31,8,False,False,BCI,0.004692084205149299,NEUTRAL,0.002900804574800825,689026.835,0.9991109160006613,2024-07,P_selected_maxalpha_constrained,0.9882
4,2024-07,2024-07-31,8,False,False,DYT,0.0043027419462762,NEUTRAL,0.027620630289501638,158236.09749999997,0.18721294469209607,2024-07,P_selected_maxalpha_constrained,0.9882
4,2024-07,2024-07-31,8,False,False,BCP,0.004299918222106573,NEUTRAL,0.0025118742318500087,18421993.2525,1.0,2024-07,P_selected_maxalpha_constrained,0.9882
4,2024-07,2024-07-31,8,False,False,ATH,0.0027308740565280426,NEUTRAL,-0.011009289897812219,668352.7655,0.9987627724403259,2024-07,P_selected_maxalpha_constrained,0.9882
4,2024-07,2024-07-31,8,False,False,MUT,0.002438738374446154,BUY,0.4536927778524954,2142718.9799999995,0.9999999999999296,2024-07,P_selected_maxalpha_constrained,0.9882
4,2024-07,2024-07-31,8,False,False,S2M,0.0020455984100942073,NEUTRAL,0.07278608761207449,39441.7325,0.03328064352707635,2024-07,P_selected_maxalpha_constrained,0.9882
4,2024-07,2024-07-31,8,False,False,RIS,0.001872436502018707,NEUTRAL,-0.04870907057104788,463256.57,0.9680807157884714,2024-07,P_selected_maxalpha_constrained,0.9882
4,2024-07,2024-07-31,8,False,False,IAM,0.0010300086519174718,NEUTRAL,-0.053203775614875645,8428432.7605,1.0,2024-07,P_selected_maxalpha_constrained,0.9882
4,2024-07,2024-07-31,8,False,False,SMI,0.00021284707742896472,NEUTRAL,-0.04959665624484871,429588.25,0.9465163375998418,2024-07,P_selected_maxalpha_constrained,0.9882
4,2024-07,2024-07-31,8,False,False,AFI,0.0001325891870063991,BUY,0.23220975162833274,113527.80500000001,0.10123699552185417,2024-07,P_selected_maxalpha_constrained,0.9882
4,2024-07,2024-07-31,8,False,False,MSA,0.00012477313253817323,NEUTRAL,-0.09734881594629811,12287368.125000002,1.0,2024-07,P_selected_maxalpha_constrained,0.9882
4,2024-07,2024-07-31,8,False,False,MOX,0.00010504470318525752,NEUTRAL,-0.10775255542125935,2847.947499999997,0.018808978245212996,2024-07,P_selected_maxalpha_constrained,0.9882
4,2024-07,2024-07-31,8,False,False,FBR,0.0001032398864015585,NEUTRAL,0.06385454782770453,97646.8265,0.08034632715876645,2024-07,P_selected_maxalpha_constrained,0.9882
4,2024-08,2024-08-30,0,False,False,SRM,0.12867296359973146,BUY,2.5537789434084064,699615.595,0.9992493720460492,2024-08,P_selected_maxalpha_constrained,0.7574
4,2024-08,2024-08-30,0,False,False,JET,0.1196675146995828,BUY,2.292373681402348,2660410.56,1.0,2024-08,P_selected_maxalpha_constrained,0.7574
4,2024-08,2024-08-30,0,False,False,IMO,0.11128910606885539,BUY,0.5292516180707806,625743.8495,0.9975565590873477,2024-08,P_selected_maxalpha_constrained,0.7574
4,2024-08,2024-08-30,0,False,False,ADI,0.08953253455632561,BUY,1.786269060005883,8788463.7425,1.0,2024-08,P_selected_maxalpha_constrained,0.7574
4,2024-08,2024-08-30,0,False,False,AFI,0.07576859781083053,BUY,0.4641574091448975,130229.37250000001,0.12827137374546618,2024-08,P_selected_maxalpha_constrained,0.7574
4,2024-08,2024-08-30,0,False,False,DYT,0.07533659016425935,BUY,0.34772630095941176,142682.50499999998,0.15224767087218377,2024-08,P_selected_maxalpha_constrained,0.7574
4,2024-08,2024-08-30,0,False,False,AKT,0.06698481926208427,BUY,0.6823142373953485,11937530.819999998,1.0,2024-08,P_selected_maxalpha_constrained,0.7574
4,2024-08,2024-08-30,0,False,False,INV,0.06405172725304016,BUY,0.9862811565077206,102456.102,0.08621884224067027,2024-08,P_selected_maxalpha_constrained,0.7574
4,2024-08,2024-08-30,0,False,False,ATH,0.05351802652845349,BUY,0.23384375406780322,1329046.1475000002,0.9999999682298412,2024-08,P_selected_maxalpha_constrained,0.7574
4,2024-08,2024-08-30,0,False,False,RDS,0.05184220594723978,BUY,3.6618523420069713,8610768.602000002,1.0,2024-08,P_selected_maxalpha_constrained,0.7574
4,2024-08,2024-08-30,0,False,False,CRS,0.046408086797453105,BUY,1.7386570089648363,120769.1865,0.11227677167147611,2024-08,P_selected_maxalpha_constrained,0.7574
4,2024-08,2024-08-30,0,False,False,CIH,0.022508838305589536,NEUTRAL,0.05227094499731082,1894588.4825,0.9999999999962654,2024-08,P_selected_maxalpha_constrained,0.7574
4,2024-08,2024-08-30,0,False,False,MDP,0.022252116182203494,BUY,1.3260209751967342,599557.7605000001,0.9962896956570806,2024-08,P_selected_maxalpha_constrained,0.7574
4,2024-08,2024-08-30,0,False,False,HPS,0.01526577484541181,NEUTRAL,-0.06319058275352359,6440034.385,1.0,2024-08,P_selected_maxalpha_constrained,0.7574
4,2024-08,2024-08-30,0,False,False,ARD,0.014445144899515911,NEUTRAL,0.05040261596250173,538114.4,0.9901445896098349,2024-08,P_selected_maxalpha_constrained,0.7574
4,2024-08,2024-08-30,0,False,False,ADH,0.010054691536035734,BUY,1.8019366716095506,10009231.4885,1.0,2024-08,P_selected_maxalpha_constrained,0.7574
4,2024-08,2024-08-30,0,False,False,SAH,0.00928016136640504,NEUTRAL,0.09624451624839579,122932.1,0.11577259458345285,2024-08,P_selected_maxalpha_constrained,0.7574
4,2024-08,2024-08-30,0,False,False,BCI,0.008129265886246788,BUY,0.23459980327356775,1334437.48,0.9999999708555025,2024-08,P_selected_maxalpha_constrained,0.7574
4,2024-08,2024-08-30,0,False,False,DWY,0.004549037230505703,NEUTRAL,-0.05884932082473697,215256.64499999964,0.3644981142647536,2024-08,P_selected_maxalpha_constrained,0.7574
4,2024-08,2024-08-30,0,False,False,ATL,0.0032319060080311652,NEUTRAL,-0.05189044370634569,803587.2175,0.9998576949827374,2024-08,P_selected_maxalpha_constrained,0.7574
4,2024-08,2024-08-30,0,False,False,BOA,0.002809988378080857,NEUTRAL,-0.0061968664975553395,1152916.4300000002,0.9999994680218457,2024-08,P_selected_maxalpha_constrained,0.7574
4,2024-08,2024-08-30,0,False,False,SNP,0.0008000738841610782,NEUTRAL,-0.10780086268236957,671263.3199999998,0.998819001269447,2024-08,P_selected_maxalpha_constrained,0.7574
4,2024-08,2024-08-30,0,False,False,MNG,0.0007642630315344369,NEUTRAL,-0.05113709219499391,3081508.65,1.0,2024-08,P_selected_maxalpha_constrained,0.7574
4,2024-08,2024-08-30,0,False,False,TGC,0.0006528305274772531,NEUTRAL,0.0979378995998452,7421795.1975,1.0,2024-08,P_selected_maxalpha_constrained,0.7574
4,2024-08,2024-08-30,0,False,False,IBC,0.0006016963295522862,NEUTRAL,-0.09258707998470472,23923.440499999993,0.026154664412059776,2024-08,P_selected_maxalpha_constrained,0.7574
4,2024-08,2024-08-30,0,False,False,ALM,0.0004697581340618302,NEUTRAL,0.012234506237977755,168115.2,0.21246060699157798,2024-08,P_selected_maxalpha_constrained,0.7574
4,2024-08,2024-08-30,0,False,False,BCP,0.00041287654244956824,NEUTRAL,0.010238695387017799,16737158.877500001,1.0,2024-08,P_selected_maxalpha_constrained,0.7574
4,2024-08,2024-08-30,0,False,False,S2M,0.0002730042375020248,NEUTRAL,-0.0836734619331163,192793.825,0.2859167638121446,2024-08,P_selected_maxalpha_constrained,0.7574
4,2024-08,2024-08-30,0,False,False,SID,0.00018267251620501145,BUY,0.27088747379377354,2148965.995,0.9999999999999363,2024-08,P_selected_maxalpha_constrained,0.7574
4,2024-08,2024-08-30,0,False,False,RIS,0.00012813980546241404,NEUTRAL,-0.06407263935675801,254409.445,0.5176304676934964,2024-08,P_selected_maxalpha_constrained,0.7574
4,2024-09,2024-09-30,0,False,False,IMO,0.13264345781285503,BUY,1.3403172860677393,567851.988,0.9938530406721361,2024-09,P_selected_maxalpha_constrained,0.844
4,2024-09,2024-09-30,0,False,False,SRM,0.09990337499278686,BUY,3.1242238235408215,376695.6575,0.8836163095115698,2024-09,P_selected_maxalpha_constrained,0.844
4,2024-09,2024-09-30,0,False,False,ATH,0.09908140503944715,BUY,1.1072567832225688,3843200.8329999996,1.0,2024-09,P_selected_maxalpha_constrained,0.844
4,2024-09,2024-09-30,0,False,False,ADI,0.07756679290752712,BUY,1.3986344525057623,21969093.389999997,1.0,2024-09,P_selected_maxalpha_constrained,0.844
4,2024-09,2024-09-30,0,False,False,JET,0.07250452911243516,BUY,0.6650630000240831,4833471.675,1.0,2024-09,P_selected_maxalpha_constrained,0.844
4,2024-09,2024-09-30,0,False,False,ADH,0.07089813450382072,BUY,1.9737315918524765,26915085.794,1.0,2024-09,P_selected_maxalpha_constrained,0.844
4,2024-09,2024-09-30,0,False,False,RDS,0.07067085755932233,BUY,2.0498811782975173,7745901.719500001,1.0,2024-09,P_selected_maxalpha_constrained,0.844
4,2024-09,2024-09-30,0,False,False,DYT,0.06997764644744094,BUY,0.9999257836411364,680286.7925000001,0.9989776093235639,2024-09,P_selected_maxalpha_constrained,0.844
4,2024-09,2024-09-30,0,False,False,CRS,0.06986084601846958,BUY,1.2523916891774252,180899.16999999998,0.24868961297957162,2024-09,P_selected_maxalpha_constrained,0.844
4,2024-09,2024-09-30,0,False,False,REB,0.04373120490257633,BUY,1.7807334244474258,13171.8555,0.022112527272865782,2024-09,P_selected_maxalpha_constrained,0.844
4,2024-09,2024-09-30,0,False,False,BOA,0.03356094936357677,NEUTRAL,0.02019252242362385,2074999.1824999999,0.9999999999997917,2024-09,P_selected_maxalpha_constrained,0.844
4,2024-09,2024-09-30,0,False,False,NKL,0.029619010377023892,BUY,0.21953327716685156,961227.5684999998,0.9999885743818966,2024-09,P_selected_maxalpha_constrained,0.844
4,2024-09,2024-09-30,0,False,False,CIH,0.02476699249190127,NEUTRAL,-0.10534417977404616,5326917.600000001,1.0,2024-09,P_selected_maxalpha_constrained,0.844
4,2024-09,2024-09-30,0,False,False,INV,0.023785606858445652,BUY,1.1093379625214272,27907.510000000002,0.02782827582570667,2024-09,P_selected_maxalpha_constrained,0.844
4,2024-09,2024-09-30,0,False,False,FBR,0.02308585829441514,BUY,1.0407265460756563,251552.81749999998,0.5062109505130274,2024-09,P_selected_maxalpha_constrained,0.844
4,2024-09,2024-09-30,0,False,False,AKT,0.013237387722123971,NEUTRAL,0.07271328044235398,19365557.67,1.0,2024-09,P_selected_maxalpha_constrained,0.844
4,2024-09,2024-09-30,0,False,False,SID,0.009690814257675056,BUY,0.28198292266642766,2740958.055,1.0,2024-09,P_selected_maxalpha_constrained,0.844
4,2024-09,2024-09-30,0,False,False,ALM,0.008628227209930677,BUY,0.5529771199999545,78651.4,0.06056408181911349,2024-09,P_selected_maxalpha_constrained,0.844
4,2024-09,2024-09-30,0,False,False,BCI,0.006000902822722621,NEUTRAL,0.03557186097312605,766811.225,0.9997437189627532,2024-09,P_selected_maxalpha_constrained,0.844
4,2024-09,2024-09-30,0,False,False,CSR,0.004285823749454493,NEUTRAL,-0.10198061556035573,6245298.715,1.0,2024-09,P_selected_maxalpha_constrained,0.844
4,2024-09,2024-09-30,0,False,False,MUT,0.004247171856009362,BUY,0.5467145175336865,4026016.7574999994,1.0,2024-09,P_selected_maxalpha_constrained,0.844
4,2024-09,2024-09-30,0,False,False,IBC,0.004177742743236086,NEUTRAL,0.005587969677227741,23707.963999999996,0.02606699467497742,2024-09,P_selected_maxalpha_constrained,0.844
4,2024-09,2024-09-30,0,False,False,MDP,0.0041416833622025815,BUY,0.6058968103688914,316645.9135000001,0.7438992364255506,2024-09,P_selected_maxalpha_constrained,0.844
4,2024-09,2024-09-30,0,False,False,ARD,0.0020604408459898352,NEUTRAL,0.06279963024761133,1275026.855,0.9999999245978278,2024-09,P_selected_maxalpha_constrained,0.844
4,2024-09,2024-09-30,0,False,False,SNP,0.0006477018306542833,BUY,0.23123623778044916,815909.7724999997,0.9998831562762621,2024-09,P_selected_maxalpha_constrained,0.844
4,2024-09,2024-09-30,0,False,False,CFG,0.0002818321778377496,NEUTRAL,0.0016662808249353848,6574180.4275,1.0,2024-09,P_selected_maxalpha_constrained,0.844
4,2024-09,2024-09-30,0,False,False,TMA,0.0002739501881114843,NEUTRAL,-0.08399508079300531,1311048.65,0.9999999576280159,2024-09,P_selected_maxalpha_constrained,0.844
4,2024-09,2024-09-30,0,False,False,MOX,0.00026828398957071304,NEUTRAL,-0.025215418451646144,11284.699999999997,0.021468950280049467,2024-09,P_selected_maxalpha_constrained,0.844
4,2024-09,2024-09-30,0,False,False,AFI,0.00021980773722495267,NEUTRAL,0.10037710085216459,84083.3425,0.06570197291247752,2024-09,P_selected_maxalpha_constrained,0.844
4,2024-09,2024-09-30,0,False,False,DHO,0.00010530913560682192,NEUTRAL,-0.07139385586912901,1223397.1755000001,0.99999982775621,2024-09,P_selected_maxalpha_constrained,0.844
4,2024-10,2024-10-31,3,False,False,IMO,0.1278197673520836,BUY,0.8182130518632468,205912.2775,0.3306152797322968,2024-10,P_selected_maxalpha_constrained,0.6918
4,2024-10,2024-10-31,3,False,False,JET,0.11060834149685898,BUY,1.8069337426849172,19715665.4,1.0,2024-10,P_selected_maxalpha_constrained,0.6918
4,2024-10,2024-10-31,3,False,False,BCP,0.10078284229313121,BUY,1.7797924055642045,30980904.752499998,1.0,2024-10,P_selected_maxalpha_constrained,0.6918
4,2024-10,2024-10-31,3,False,False,RDS,0.07362240181401587,BUY,2.952544255441988,6890815.06,1.0,2024-10,P_selected_maxalpha_constrained,0.6918
4,2024-10,2024-10-31,3,False,False,SRM,0.06816913317827082,BUY,2.135690213484987,45899.41499999999,0.036770020008880897,2024-10,P_selected_maxalpha_constrained,0.6918
4,2024-10,2024-10-31,3,False,False,ADI,0.05504966417528223,BUY,1.383787121544447,14327048.34,1.0,2024-10,P_selected_maxalpha_constrained,0.6918
4,2024-10,2024-10-31,3,False,False,ADH,0.054995084485306246,BUY,0.9851157389822676,14062915.8905,1.0,2024-10,P_selected_maxalpha_constrained,0.6918
4,2024-10,2024-10-31,3,False,False,AFI,0.05463259157660624,BUY,0.4084689624148522,101186.85500000001,0.0846322637472268,2024-10,P_selected_maxalpha_constrained,0.6918
4,2024-10,2024-10-31,3,False,False,CRS,0.054284109110080914,BUY,0.617119937921035,32643.895999999997,0.029953504803683025,2024-10,P_selected_maxalpha_constrained,0.6918
4,2024-10,2024-10-31,3,False,False,ARD,0.0542365584355449,BUY,1.2657861440920526,3485858.825,1.0,2024-10,P_selected_maxalpha_constrained,0.6918
4,2024-10,2024-10-31,3,False,False,DYT,0.053374844855404675,BUY,0.613225206696925,409649.59750000003,0.9278681239895349,2024-10,P_selected_maxalpha_constrained,0.6918
4,2024-10,2024-10-31,3,False,False,ATH,0.051288070169948456,BUY,0.9415371331440683,2240066.992,0.9999999999999851,2024-10,P_selected_maxalpha_constrained,0.6918
4,2024-10,2024-10-31,3,False,False,FBR,0.03036523077493954,BUY,1.4467582287298077,94621.08249999999,0.07684103207403763,2024-10,P_selected_maxalpha_constrained,0.6918
4,2024-10,2024-10-31,3,False,False,AKT,0.029875197911489678,BUY,0.2181652179296216,15285418.889999997,1.0,2024-10,P_selected_maxalpha_constrained,0.6918
4,2024-10,2024-10-31,3,False,False,BOA,0.024536222343470096,NEUTRAL,0.020093823802809614,1381344.3175,0.9999999862401252,2024-10,P_selected_maxalpha_constrained,0.6918
4,2024-10,2024-10-31,3,False,False,BCI,0.015063179501859597,NEUTRAL,0.06058446311583442,592294.97,0.9958343952882754,2024-10,P_selected_maxalpha_constrained,0.6918
4,2024-10,2024-10-31,3,False,False,ALM,0.014809387799521302,BUY,0.5962156562869662,101545.2,0.08507749660959389,2024-10,P_selected_maxalpha_constrained,0.6918
4,2024-10,2024-10-31,3,False,False,INV,0.006846649805790785,BUY,0.48352988892433485,7295.994500000001,0.02016839227470215,2024-10,P_selected_maxalpha_constrained,0.6918
4,2024-10,2024-10-31,3,False,False,CIH,0.006439261799645819,NEUTRAL,-0.07286950601297627,2127402.417500001,0.9999999999999098,2024-10,P_selected_maxalpha_constrained,0.6918
4,2024-10,2024-10-31,3,False,False,SID,0.005496213518700773,NEUTRAL,0.10553657993759127,2348967.5149999997,0.9999999999999973,2024-10,P_selected_maxalpha_constrained,0.6918
4,2024-10,2024-10-31,3,False,False,MUT,0.004449914512862987,BUY,0.6789396819787127,3969151.2824999997,1.0,2024-10,P_selected_maxalpha_constrained,0.6918
4,2024-10,2024-10-31,3,False,False,MDP,0.001617222800176582,NEUTRAL,-0.04307195307269146,79590.3570000001,0.06142451348743327,2024-10,P_selected_maxalpha_constrained,0.6918
4,2024-10,2024-10-31,3,False,False,MOX,0.0005631513367677609,NEUTRAL,0.08599295627833081,826.1999999999971,0.01822119064475999,2024-10,P_selected_maxalpha_constrained,0.6918
4,2024-10,2024-10-31,3,False,False,SNP,0.0003897072722420242,NEUTRAL,0.010183323799072531,676105.6549999998,0.9989069508763608,2024-10,P_selected_maxalpha_constrained,0.6918
4,2024-10,2024-10-31,3,False,False,HPS,0.0003878529913231081,NEUTRAL,0.07309444034542392,4194418.135,1.0,2024-10,P_selected_maxalpha_constrained,0.6918
4,2024-10,2024-10-31,3,False,False,CMT,0.00029739868867572917,NEUTRAL,-0.08196376838965562,2515161.75,0.9999999999999998,2024-10,P_selected_maxalpha_constrained,0.6918
4,2024-11,2024-11-29,8,False,False,IMO,0.1852971431808108,BUY,1.6178141933179178,540320.1195,0.9904830837265511,2024-11,P_selected_maxalpha_constrained,0.9587
4,2024-11,2024-11-29,8,False,False,SRM,0.15425301472969727,BUY,3.756539840130826,1033210.8,0.9999963884604613,2024-11,P_selected_maxalpha_constrained,0.9587
4,2024-11,2024-11-29,8,False,False,BOA,0.12980310059950287,BUY,0.5495764031100584,23013142.1075,1.0,2024-11,P_selected_maxalpha_constrained,0.9587
4,2024-11,2024-11-29,8,False,False,BCP,0.1017761936773744,BUY,1.277168123990965,37914058.7275,1.0,2024-11,P_selected_maxalpha_constrained,0.9587
4,2024-11,2024-11-29,8,False,False,ADH,0.07117810548380225,BUY,2.447201224522926,25718783.5795,1.0,2024-11,P_selected_maxalpha_constrained,0.9587
4,2024-11,2024-11-29,8,False,False,CFG,0.046442220007985945,NEUTRAL,0.09749835491795007,8520361.28,1.0,2024-11,P_selected_maxalpha_constrained,0.9587
4,2024-11,2024-11-29,8,False,False,ARD,0.043082509032169404,BUY,1.0619590474252563,4393442.380000001,1.0,2024-11,P_selected_maxalpha_constrained,0.9587
4,2024-11,2024-11-29,8,False,False,ATH,0.039393156299295275,BUY,0.27459245779031305,1163208.068,0.9999995487884503,2024-11,P_selected_maxalpha_constrained,0.9587
4,2024-11,2024-11-29,8,False,False,SNP,0.031495619756389356,BUY,0.3370468596853853,2543951.79,0.9999999999999998,2024-11,P_selected_maxalpha_constrained,0.9587
4,2024-11,2024-11-29,8,False,False,AFI,0.030056601181203707,BUY,0.5948360912966811,193947.02,0.28969873062940693,2024-11,P_selected_maxalpha_constrained,0.9587
4,2024-11,2024-11-29,8,False,False,DWY,0.029114055916286505,NEUTRAL,-0.06827186992868065,569660.6899999997,0.99402733238879,2024-11,P_selected_maxalpha_constrained,0.9587
4,2024-11,2024-11-29,8,False,False,DYT,0.02014635600321654,BUY,0.47808993797605304,458636.8175,0.9657159356999999,2024-11,P_selected_maxalpha_constrained,0.9587
4,2024-11,2024-11-29,8,False,False,S2M,0.018039646218481406,BUY,0.5306490366852655,585535.0375,0.9953607873156116,2024-11,P_selected_maxalpha_constrained,0.9587
4,2024-11,2024-11-29,8,False,False,RDS,0.016793252657093284,BUY,1.4373186530403874,5028492.7505,1.0,2024-11,P_selected_maxalpha_constrained,0.9587
4,2024-11,2024-11-29,8,False,False,CIH,0.01627798228551773,NEUTRAL,-0.060896595823643054,2798700.9950000006,1.0,2024-11,P_selected_maxalpha_constrained,0.9587
4,2024-11,2024-11-29,8,False,False,CDM,0.014071853293258352,NEUTRAL,0.0798928608221498,24178378.389999997,1.0,2024-11,P_selected_maxalpha_constrained,0.9587
4,2024-11,2024-11-29,8,False,False,ADI,0.011985286108817727,BUY,1.4488842903213297,24280205.552500002,1.0,2024-11,P_selected_maxalpha_constrained,0.9587
4,2024-11,2024-11-29,8,False,False,JET,0.010214256014455135,BUY,0.7396393078261451,11088081.9,1.0,2024-11,P_selected_maxalpha_constrained,0.9587
4,2024-11,2024-11-29,8,False,False,CRS,0.009245088902908588,NEUTRAL,-0.06356835234362657,29233.279500000004,0.028407934851044255,2024-11,P_selected_maxalpha_constrained,0.9587
4,2024-11,2024-11-29,8,False,False,AKT,0.006176307162478079,NEUTRAL,0.03831661202646916,15215770.6,1.0,2024-11,P_selected_maxalpha_constrained,0.9587
4,2024-11,2024-11-29,8,False,False,MAB,0.0032112679093905775,NEUTRAL,-0.07535889437602428,23502.15,0.025983523353740306,2024-11,P_selected_maxalpha_constrained,0.9587
4,2024-11,2024-11-29,8,False,False,SID,0.00299525232514976,BUY,0.23226274128356342,4757261.905,1.0,2024-11,P_selected_maxalpha_constrained,0.9587
4,2024-11,2024-11-29,8,False,False,MUT,0.00265053626535738,BUY,0.2519287957644778,2312869.6849999996,0.9999999999999953,2024-11,P_selected_maxalpha_constrained,0.9587
4,2024-11,2024-11-29,8,False,False,INV,0.0023958200545136526,NEUTRAL,-0.013910617550405995,4188.4529999999995,0.019208919322559304,2024-11,P_selected_maxalpha_constrained,0.9587
4,2024-11,2024-11-29,8,False,False,MOX,0.0020156510646104995,NEUTRAL,-0.04000460148037861,19269.539999999997,0.02432351792551128,2024-11,P_selected_maxalpha_constrained,0.9587
4,2024-11,2024-11-29,8,False,False,ALM,0.0006371210300152464,BUY,0.6998522949285697,43766.7,0.03558035694132052,2024-11,P_selected_maxalpha_constrained,0.9587
4,2024-11,2024-11-29,8,False,False,HPS,0.0005838095956584482,NEUTRAL,-0.09541798641872501,3300165.9850000003,1.0,2024-11,P_selected_maxalpha_constrained,0.9587
4,2024-11,2024-11-29,8,False,False,BCI,0.0004225363223012668,NEUTRAL,0.04822391579307429,782391.265,0.9998002532026524,2024-11,P_selected_maxalpha_constrained,0.9587
4,2024-11,2024-11-29,8,False,False,FBR,0.00024625692225860876,NEUTRAL,-0.023963414980663678,73364.60500000001,0.05592646698134489,2024-11,P_selected_maxalpha_constrained,0.9587
4,2024-12,2024-12-31,5,False,False,IMO,0.1387995697631589,BUY,1.5110299708554233,873454.9809999999,0.9999534659488765,2024-12,P_selected_maxalpha_constrained,0.7618
4,2024-12,2024-12-31,5,False,False,BOA,0.11453669702315399,BUY,1.3941453729538105,32557984.047500003,1.0,2024-12,P_selected_maxalpha_constrained,0.7618
4,2024-12,2024-12-31,5,False,False,SRM,0.08927821445098676,BUY,2.8792649299151423,77964.495,0.059941778405649994,2024-12,P_selected_maxalpha_constrained,0.7618
4,2024-12,2024-12-31,5,False,False,DYT,0.06999358948155164,BUY,0.6601246279443419,426467.21499999997,0.9439312881706896,2024-12,P_selected_maxalpha_constrained,0.7618
4,2024-12,2024-12-31,5,False,False,JET,0.05584407408727558,BUY,1.0358208114247682,9101525.8,1.0,2024-12,P_selected_maxalpha_constrained,0.7618
4,2024-12,2024-12-31,5,False,False,CTM,0.0558060041374476,BUY,0.5978192088614519,599350.38,0.9962774099988266,2024-12,P_selected_maxalpha_constrained,0.7618
4,2024-12,2024-12-31,5,False,False,ADH,0.05561930540216705,BUY,1.9269643319005558,23817214.059,1.0,2024-12,P_selected_maxalpha_constrained,0.7618
4,2024-12,2024-12-31,5,False,False,ADI,0.053589875911078284,BUY,1.529492786999119,19234488.669999998,1.0,2024-12,P_selected_maxalpha_constrained,0.7618
4,2024-12,2024-12-31,5,False,False,INV,0.045678355883641546,BUY,1.294583676910934,49754.5905,0.03901822678114651,2024-12,P_selected_maxalpha_constrained,0.7618
4,2024-12,2024-12-31,5,False,False,RIS,0.043397435428578976,BUY,0.3684226467714738,1871500.9425000001,0.9999999999945968,2024-12,P_selected_maxalpha_constrained,0.7618
4,2024-12,2024-12-31,5,False,False,HPS,0.04200414192668492,BUY,0.48505784695764853,9382705.684999999,1.0,2024-12,P_selected_maxalpha_constrained,0.7618
4,2024-12,2024-12-31,5,False,False,ALM,0.03593200467456322,BUY,0.6468671968977268,13000.2,0.022053216299101737,2024-12,P_selected_maxalpha_constrained,0.7618
4,2024-12,2024-12-31,5,False,False,REB,0.02788979074627296,BUY,0.6207514941467378,157.99999999999963,0.01803091573495393,2024-12,P_selected_maxalpha_constrained,0.7618
4,2024-12,2024-12-31,5,False,False,AFI,0.027186283863765297,BUY,0.5550578431492913,162697.3725,0.1983177102514915,2024-12,P_selected_maxalpha_constrained,0.7618
4,2024-12,2024-12-31,5,False,False,ARD,0.025866773450117533,NEUTRAL,0.09431152400499869,1386358.4975000003,0.9999999873009159,2024-12,P_selected_maxalpha_constrained,0.7618
4,2024-12,2024-12-31,5,False,False,CMT,0.023747490714345815,NEUTRAL,0.09683938493248956,2348981.15,0.9999999999999973,2024-12,P_selected_maxalpha_constrained,0.7618
4,2024-12,2024-12-31,5,False,False,CIH,0.017316110929400844,NEUTRAL,0.059932094241312135,13122116.9525,1.0,2024-12,P_selected_maxalpha_constrained,0.7618
4,2024-12,2024-12-31,5,False,False,MDP,0.016670947075056012,NEUTRAL,-0.06029956259613519,52513.82100000009,0.04070768818180514,2024-12,P_selected_maxalpha_constrained,0.7618
4,2024-12,2024-12-31,5,False,False,CDM,0.015199895874376259,NEUTRAL,-0.005427816241607618,6680749.609999999,1.0,2024-12,P_selected_maxalpha_constrained,0.7618
4,2024-12,2024-12-31,5,False,False,BCP,0.009809880734530207,BUY,0.43047171312642996,29465503.514999997,1.0,2024-12,P_selected_maxalpha_constrained,0.7618
4,2024-12,2024-12-31,5,False,False,ATH,0.008198405544217293,NEUTRAL,0.042782500983845353,410128.699,0.9283794957897321,2024-12,P_selected_maxalpha_constrained,0.7618
4,2024-12,2024-12-31,5,False,False,RDS,0.004942512121791217,BUY,2.2768060609096756,8458131.6595,1.0,2024-12,P_selected_maxalpha_constrained,0.7618
4,2024-12,2024-12-31,5,False,False,SNP,0.004422488425671617,BUY,0.698384569624547,2980050.79,1.0,2024-12,P_selected_maxalpha_constrained,0.7618
4,2024-12,2024-12-31,5,False,False,MUT,0.00425241105162526,BUY,0.2409427408901315,1844883.2374999996,0.999999999991728,2024-12,P_selected_maxalpha_constrained,0.7618
4,2024-12,2024-12-31,5,False,False,IBC,0.003495536352509204,BUY,0.36384047327404306,19089.271999999994,0.024255162166782286,2024-12,P_selected_maxalpha_constrained,0.7618
4,2024-12,2024-12-31,5,False,False,BCI,0.003396503480363911,BUY,0.4454320805424752,2761344.01,1.0,2024-12,P_selected_maxalpha_constrained,0.7618
4,2024-12,2024-12-31,5,False,False,CFG,0.002348184267680632,NEUTRAL,0.01389350540939504,8865253.3,1.0,2024-12,P_selected_maxalpha_constrained,0.7618
4,2024-12,2024-12-31,5,False,False,CRS,0.0016532361098569462,NEUTRAL,0.07591239925136849,19425.666000000005,0.024382871047788652,2024-12,P_selected_maxalpha_constrained,0.7618
4,2024-12,2024-12-31,5,False,False,LBV,0.0013454809810144925,NEUTRAL,-0.1082109571534603,4123204.15,1.0,2024-12,P_selected_maxalpha_constrained,0.7618
4,2024-12,2024-12-31,5,False,False,SID,0.0011464127604467417,NEUTRAL,0.09550181847594649,2329903.2800000003,0.9999999999999964,2024-12,P_selected_maxalpha_constrained,0.7618
4,2024-12,2024-12-31,5,False,False,DWY,0.00032557715256817984,NEUTRAL,-0.10407848242636855,352485.82499999966,0.8375040743431231,2024-12,P_selected_maxalpha_constrained,0.7618
4,2024-12,2024-12-31,5,False,False,FBR,0.00028803430274165667,NEUTRAL,-0.0073881223406521285,71967.78,0.05475810261973467,2024-12,P_selected_maxalpha_constrained,0.7618
4,2025-01,2025-01-31,11,False,False,DYT,0.10152623554896158,BUY,1.158759933883358,1492858.6,0.9999999976893514,2025-01,P_selected_maxalpha_constrained,0.9835
4,2025-01,2025-01-31,11,False,False,CSR,0.08365897877518852,NEUTRAL,-0.03565539421593448,14173975.5475,1.0,2025-01,P_selected_maxalpha_constrained,0.9835
4,2025-01,2025-01-31,11,False,False,DWY,0.07404042938134593,NEUTRAL,0.03847185151964259,584488.6199999996,0.9952828300727027,2025-01,P_selected_maxalpha_constrained,0.9835
4,2025-01,2025-01-31,11,False,False,JET,0.07321645735930984,BUY,2.3609005928507516,17213018.0,1.0,2025-01,P_selected_maxalpha_constrained,0.9835
4,2025-01,2025-01-31,11,False,False,FBR,0.054259843516232656,BUY,1.1517517649560642,482856.425,0.9764708035808675,2025-01,P_selected_maxalpha_constrained,0.9835
4,2025-01,2025-01-31,11,False,False,MNG,0.05421099291495721,BUY,0.5606932188691958,5081623.5,1.0,2025-01,P_selected_maxalpha_constrained,0.9835
4,2025-01,2025-01-31,11,False,False,ARD,0.053239661889069,NEUTRAL,-0.04376883821717144,3442800.7275000005,1.0,2025-01,P_selected_maxalpha_constrained,0.9835
4,2025-01,2025-01-31,11,False,False,RIS,0.049902162176871136,BUY,0.4526846064632819,4453792.8525,1.0,2025-01,P_selected_maxalpha_constrained,0.9835
4,2025-01,2025-01-31,11,False,False,ATL,0.04520234995887572,NEUTRAL,0.09672751873620644,7158556.58,1.0,2025-01,P_selected_maxalpha_constrained,0.9835
4,2025-01,2025-01-31,11,False,False,CTM,0.04120052229221865,BUY,0.8290673636657,1445230.8,0.9999999950490819,2025-01,P_selected_maxalpha_constrained,0.9835
4,2025-01,2025-01-31,11,False,False,SRM,0.03552208931260427,BUY,1.7365569089098674,585947.4424999999,0.9953911576736926,2025-01,P_selected_maxalpha_constrained,0.9835
4,2025-01,2025-01-31,11,False,False,CIH,0.033831780178215934,NEUTRAL,0.04459237566965771,6351091.5200000005,1.0,2025-01,P_selected_maxalpha_constrained,0.9835
4,2025-01,2025-01-31,11,False,False,AKT,0.032062924049584926,NEUTRAL,0.08517170246661412,26306633.45,1.0,2025-01,P_selected_maxalpha_constrained,0.9835
4,2025-01,2025-01-31,11,False,False,RDS,0.032058608018826436,BUY,2.286541544936926,31175995.342,1.0,2025-01,P_selected_maxalpha_constrained,0.9835
4,2025-01,2025-01-31,11,False,False,BOA,0.030912550953496924,NEUTRAL,-0.004537890971114386,3689415.745,1.0,2025-01,P_selected_maxalpha_constrained,0.9835
4,2025-01,2025-01-31,11,False,False,DHO,0.03084325459956314,BUY,0.705241754987398,7035798.239499999,1.0,2025-01,P_selected_maxalpha_constrained,0.9835
4,2025-01,2025-01-31,11,False,False,S2M,0.02370444508027783,BUY,1.2114146488726485,710440.4450000001,0.9993686679788972,2025-01,P_selected_maxalpha_constrained,0.9835
4,2025-01,2025-01-31,11,False,False,CFG,0.019586263617417186,BUY,0.39171858359759715,20518734.5775,1.0,2025-01,P_selected_maxalpha_constrained,0.9835
4,2025-01,2025-01-31,11,False,False,BCI,0.019331940882224823,NEUTRAL,0.013056108885572605,6009433.39,1.0,2025-01,P_selected_maxalpha_constrained,0.9835
4,2025-01,2025-01-31,11,False,False,ATH,0.017211690533541515,NEUTRAL,0.10718694421243273,2578353.4235,1.0,2025-01,P_selected_maxalpha_constrained,0.9835
4,2025-01,2025-01-31,11,False,False,TGC,0.01591225122269264,BUY,0.36652274877235946,29817100.95,1.0,2025-01,P_selected_maxalpha_constrained,0.9835
4,2025-01,2025-01-31,11,False,False,MIC,0.015075021408894015,NEUTRAL,0.005589429064026895,415686.1550000004,0.9340712729902817,2025-01,P_selected_maxalpha_constrained,0.9835
4,2025-01,2025-01-31,11,False,False,ADH,0.013824633402839091,BUY,1.4999968865241131,32709665.888499998,1.0,2025-01,P_selected_maxalpha_constrained,0.9835
4,2025-01,2025-01-31,11,False,False,MDP,0.008170646676911898,BUY,0.21969397827914905,216316.9160000001,0.3684366792670134,2025-01,P_selected_maxalpha_constrained,0.9835
4,2025-01,2025-01-31,11,False,False,MUT,0.007474799000358882,BUY,0.3873207175581387,7664555.635,1.0,2025-01,P_selected_maxalpha_constrained,0.9835
4,2025-01,2025-01-31,11,False,False,HPS,0.007029865017208527,BUY,0.2579920694712273,17476655.43,1.0,2025-01,P_selected_maxalpha_constrained,0.9835
4,2025-01,2025-01-31,11,False,False,ADI,0.00621520176125812,BUY,2.1963327992073634,40450865.475,1.0,2025-01,P_selected_maxalpha_constrained,0.9835
4,2025-01,2025-01-31,11,False,False,SMI,0.006032855092077606,NEUTRAL,-0.08905350395168239,2276995.55,0.9999999999999918,2025-01,P_selected_maxalpha_constrained,0.9835
4,2025-01,2025-01-31,11,False,False,AFI,0.0059520231033366455,NEUTRAL,-0.01371038933716466,146239.8075,0.15974010660876886,2025-01,P_selected_maxalpha_constrained,0.9835
4,2025-01,2025-01-31,11,False,False,BCP,0.0022749224215477064,NEUTRAL,-0.05444752315993228,16120932.485,1.0,2025-01,P_selected_maxalpha_constrained,0.9835
4,2025-01,2025-01-31,11,False,False,INV,0.0018307747655168184,NEUTRAL,0.09823166165279809,38246.337,0.03267075421430238,2025-01,P_selected_maxalpha_constrained,0.9835
4,2025-01,2025-01-31,11,False,False,COL,0.0011029211087218076,NEUTRAL,-0.10484973376297932,163604.55950000003,0.2006355256643995,2025-01,P_selected_maxalpha_constrained,0.9835
4,2025-01,2025-01-31,11,False,False,CDM,0.000955090468038467,BUY,0.312331684488103,11743115.73,1.0,2025-01,P_selected_maxalpha_constrained,0.9835
4,2025-01,2025-01-31,11,False,False,ALM,0.000917358879105629,NEUTRAL,-0.03527360126784093,151212.8,0.17071120370441306,2025-01,P_selected_maxalpha_constrained,0.9835
4,2025-01,2025-01-31,11,False,False,CMT,0.0008203520572747844,BUY,0.2796063806819607,2333491.5,0.9999999999999967,2025-01,P_selected_maxalpha_constrained,0.9835
4,2025-01,2025-01-31,11,False,False,SNP,0.0005522648806331235,BUY,0.28203377695609166,2261780.2299999995,0.9999999999999896,2025-01,P_selected_maxalpha_constrained,0.9835
4,2025-01,2025-01-31,11,False,False,SID,0.00022564197358786436,BUY,0.5992215587532437,7324944.0,1.0,2025-01,P_selected_maxalpha_constrained,0.9835
4,2025-01,2025-01-31,11,False,False,MOX,0.00011019572121316163,BUY,0.8555351196495801,31977.9,0.029645428813614153,2025-01,P_selected_maxalpha_constrained,0.9835
4,2025-02,2025-02-28,11,False,False,CFG,0.08930127897383099,NEUTRAL,0.06850634090337743,6187249.0075,1.0,2025-02,P_selected_maxalpha_constrained,0.9835
4,2025-02,2025-02-28,11,False,False,MNG,0.08223940048465597,BUY,0.8724010732014635,5114983.85,1.0,2025-02,P_selected_maxalpha_constrained,0.9835
4,2025-02,2025-02-28,11,False,False,FBR,0.07845446012200549,BUY,2.5750037890456126,1119974.6800000002,0.9999990988515046,2025-02,P_selected_maxalpha_constrained,0.9835
4,2025-02,2025-02-28,11,False,False,MSA,0.0751560660486253,NEUTRAL,0.06303084931470929,34379217.95,1.0,2025-02,P_selected_maxalpha_constrained,0.9835
4,2025-02,2025-02-28,11,False,False,AKT,0.056428509834441455,NEUTRAL,0.020900183805320275,26863110.35,1.0,2025-02,P_selected_maxalpha_constrained,0.9835
4,2025-02,2025-02-28,11,False,False,ATL,0.053643978675088785,NEUTRAL,-0.02061307772190403,2620898.925,1.0,2025-02,P_selected_maxalpha_constrained,0.9835
4,2025-02,2025-02-28,11,False,False,S2M,0.05023947148284313,BUY,1.6691015893137215,1653460.0699999998,0.9999999998230866,2025-02,P_selected_maxalpha_constrained,0.9835
4,2025-02,2025-02-28,11,False,False,EQD,0.05019964224193531,NEUTRAL,-0.08414903829227227,1046541.7,0.9999970821692682,2025-02,P_selected_maxalpha_constrained,0.9835
4,2025-02,2025-02-28,11,False,False,CTM,0.04782941603967247,BUY,0.7037059417989153,393147.10000000003,0.9080749710240766,2025-02,P_selected_maxalpha_constrained,0.9835
4,2025-02,2025-02-28,11,False,False,JET,0.04433691407502352,BUY,3.408829519141836,17600333.0,1.0,2025-02,P_selected_maxalpha_constrained,0.9835
4,2025-02,2025-02-28,11,False,False,MUT,0.04326034693800357,NEUTRAL,0.07360731348304272,3306766.2049999996,1.0,2025-02,P_selected_maxalpha_constrained,0.9835
4,2025-02,2025-02-28,11,False,False,CIH,0.036804900995753925,NEUTRAL,-0.04458389678478408,3723531.505,1.0,2025-02,P_selected_maxalpha_constrained,0.9835
4,2025-02,2025-02-28,11,False,False,ATH,0.033832472912572534,BUY,0.6533697991203735,3644003.9075,1.0,2025-02,P_selected_maxalpha_constrained,0.9835
4,2025-02,2025-02-28,11,False,False,TQM,0.03256978419764446,NEUTRAL,-0.09560834221082604,20271351.25,1.0,2025-02,P_selected_maxalpha_constrained,0.9835
4,2025-02,2025-02-28,11,False,False,SLF,0.031890693020153085,BUY,0.40963875382822373,3731569.3549999995,1.0,2025-02,P_selected_maxalpha_constrained,0.9835
4,2025-02,2025-02-28,11,False,False,BOA,0.027725701580708226,NEUTRAL,-0.10398781608063812,3357119.9475000002,1.0,2025-02,P_selected_maxalpha_constrained,0.9835
4,2025-02,2025-02-28,11,False,False,MOX,0.025605815188338456,BUY,1.3507357243336169,355772.06,0.8445333464383079,2025-02,P_selected_maxalpha_constrained,0.9835
4,2025-02,2025-02-28,11,False,False,HPS,0.02133913391162041,NEUTRAL,-0.028235969817742422,3887198.15,1.0,2025-02,P_selected_maxalpha_constrained,0.9835
4,2025-02,2025-02-28,11,False,False,ADI,0.016973742154306255,BUY,2.0914837033641476,31471320.385,1.0,2025-02,P_selected_maxalpha_constrained,0.9835
4,2025-02,2025-02-28,11,False,False,CMT,0.01688574111583155,NEUTRAL,0.0030670363968477513,1911676.95,0.9999999999971589,2025-02,P_selected_maxalpha_constrained,0.9835
4,2025-02,2025-02-28,11,False,False,MIC,0.015634647042142933,NEUTRAL,0.0216516405350064,351924.2200000003,0.8362774925621195,2025-02,P_selected_maxalpha_constrained,0.9835
4,2025-02,2025-02-28,11,False,False,RIS,0.014173658186308537,BUY,0.269080070238199,3234976.3899999997,1.0,2025-02,P_selected_maxalpha_constrained,0.9835
4,2025-02,2025-02-28,11,False,False,CDM,0.012958218528218608,NEUTRAL,-0.031071431186163328,6425465.15,1.0,2025-02,P_selected_maxalpha_constrained,0.9835
4,2025-02,2025-02-28,11,False,False,SNP,0.011775418916004404,NEUTRAL,0.006364580924537629,2050044.4049999998,0.9999999999996896,2025-02,P_selected_maxalpha_constrained,0.9835
4,2025-02,2025-02-28,11,False,False,SOT,0.010183887842653918,NEUTRAL,-0.022698998334898197,2547633.4,1.0,2025-02,P_selected_maxalpha_constrained,0.9835
4,2025-02,2025-02-28,11,False,False,SRM,0.005381799929970835,BUY,0.6885581899048064,221038.30750000002,0.3861826225611625,2025-02,P_selected_maxalpha_constrained,0.9835
4,2025-02,2025-02-28,11,False,False,GAZ,0.004097112393130493,NEUTRAL,0.02634550847103885,11058253.4,1.0,2025-02,P_selected_maxalpha_constrained,0.9835
4,2025-02,2025-02-28,11,False,False,BCI,0.0024593001059202034,NEUTRAL,-0.058700621037073686,1053016.7149999996,0.9999973693249473,2025-02,P_selected_maxalpha_constrained,0.9835
4,2025-02,2025-02-28,11,False,False,AFI,0.0022770854926533286,NEUTRAL,0.02267346903294292,149997.95500000002,0.1679770418444836,2025-02,P_selected_maxalpha_constrained,0.9835
4,2025-02,2025-02-28,11,False,False,RDS,0.0022486611071472987,BUY,1.499405411406443,15914818.1125,1.0,2025-02,P_selected_maxalpha_constrained,0.9835
4,2025-02,2025-02-28,11,False,False,DHO,0.001458553341592332,NEUTRAL,-0.005089454086462764,1351031.829,0.9999999776515593,2025-02,P_selected_maxalpha_constrained,0.9835
4,2025-02,2025-02-28,11,False,False,TGC,0.0008579626601978822,BUY,0.946111889872725,27528112.18,1.0,2025-02,P_selected_maxalpha_constrained,0.9835
4,2025-02,2025-02-28,11,False,False,DYT,0.0005849468330260837,NEUTRAL,0.09530857030764628,293491.4275,0.6672698731542914,2025-02,P_selected_maxalpha_constrained,0.9835
4,2025-02,2025-02-28,11,False,False,SID,0.00048748139821455227,BUY,1.155329690585477,9128184.9,1.0,2025-02,P_selected_maxalpha_constrained,0.9835
4,2025-02,2025-02-28,11,False,False,ADH,0.0002921337503656611,BUY,0.8844923013636151,12931754.811,1.0,2025-02,P_selected_maxalpha_constrained,0.9835
4,2025-02,2025-02-28,11,False,False,SMI,0.0002171656508012962,NEUTRAL,-0.04124522511598844,2746429.3,1.0,2025-02,P_selected_maxalpha_constrained,0.9835
4,2025-02,2025-02-28,11,False,False,MDP,0.00019158254197770285,BUY,0.2420991186631143,195569.96650000013,0.29507111381429957,2025-02,P_selected_maxalpha_constrained,0.9835
4,2025-03,2025-03-28,16,False,False,CMG,0.16823594714990323,BUY,0.3817253886298844,13594064.285,1.0,2025-03,P_selected_maxalpha_constrained,0.9841
4,2025-03,2025-03-28,16,False,False,ALM,0.11886482597688426,BUY,0.6722081134966718,964551.7,0.9999891661821522,2025-03,P_selected_maxalpha_constrained,0.9841
4,2025-03,2025-03-28,16,False,False,DWY,0.05793356274047523,NEUTRAL,0.06533920252688366,825540.0649999996,0.9998998399553735,2025-03,P_selected_maxalpha_constrained,0.9841
4,2025-03,2025-03-28,16,False,False,JET,0.05186445795992652,BUY,2.155980917047233,22891245.7,1.0,2025-03,P_selected_maxalpha_constrained,0.9841
4,2025-03,2025-03-28,16,False,False,DYT,0.04514094355789544,BUY,0.7545630075910287,864606.1074999999,0.9999463887343911,2025-03,P_selected_maxalpha_constrained,0.9841
4,2025-03,2025-03-28,16,False,False,MNG,0.04448737994437335,BUY,1.1312607903656937,12313694.45,1.0,2025-03,P_selected_maxalpha_constrained,0.9841
4,2025-03,2025-03-28,16,False,False,ARD,0.04432344854784572,NEUTRAL,-0.07729905299953227,2902702.087500001,1.0,2025-03,P_selected_maxalpha_constrained,0.9841
4,2025-03,2025-03-28,16,False,False,CDM,0.04354648389306892,BUY,0.7176570117068456,12319949.05,1.0,2025-03,P_selected_maxalpha_constrained,0.9841
4,2025-03,2025-03-28,16,False,False,FBR,0.03952740156619308,BUY,3.421989526902878,2909726.0524999998,1.0,2025-03,P_selected_maxalpha_constrained,0.9841
4,2025-03,2025-03-28,16,False,False,AFI,0.036666889599124085,BUY,0.5995491335075418,337599.97250000003,0.8024375918887647,2025-03,P_selected_maxalpha_constrained,0.9841
4,2025-03,2025-03-28,16,False,False,EQD,0.035189792096022514,NEUTRAL,0.07559955404247462,1698691.3,0.9999999999142051,2025-03,P_selected_maxalpha_constrained,0.9841
4,2025-03,2025-03-28,16,False,False,MSA,0.031987333083575924,NEUTRAL,0.05389698248256197,38774215.205,1.0,2025-03,P_selected_maxalpha_constrained,0.9841
4,2025-03,2025-03-28,16,False,False,CSR,0.03177474012711796,NEUTRAL,0.034146760897609534,13222201.5575,1.0,2025-03,P_selected_maxalpha_constrained,0.9841
4,2025-03,2025-03-28,16,False,False,ADI,0.03027069081702437,BUY,1.6830414524703758,22098885.755000003,1.0,2025-03,P_selected_maxalpha_constrained,0.9841
4,2025-03,2025-03-28,16,False,False,TQM,0.029088543724571786,BUY,0.31821948075210804,20194720.4,1.0,2025-03,P_selected_maxalpha_constrained,0.9841
4,2025-03,2025-03-28,16,False,False,AKT,0.024676031593064154,NEUTRAL,0.07276673670075301,34592520.35,1.0,2025-03,P_selected_maxalpha_constrained,0.9841
4,2025-03,2025-03-28,16,False,False,ATH,0.02396846988536166,NEUTRAL,0.06716998021839643,1473696.0514999998,0.9999999968602944,2025-03,P_selected_maxalpha_constrained,0.9841
4,2025-03,2025-03-28,16,False,False,DHO,0.02190289015015576,BUY,0.4422690843637409,3481594.2685000002,1.0,2025-03,P_selected_maxalpha_constrained,0.9841
4,2025-03,2025-03-28,16,False,False,MUT,0.020554660091327327,NEUTRAL,0.002518089011957261,2138027.7249999996,0.9999999999999241,2025-03,P_selected_maxalpha_constrained,0.9841
4,2025-03,2025-03-28,16,False,False,TGC,0.020146858846527713,BUY,0.574781234200847,44103313.18,1.0,2025-03,P_selected_maxalpha_constrained,0.9841
4,2025-03,2025-03-28,16,False,False,SNP,0.01854767540645826,NEUTRAL,0.007870286645598912,2390223.1499999994,0.9999999999999987,2025-03,P_selected_maxalpha_constrained,0.9841
4,2025-03,2025-03-28,16,False,False,RIS,0.01470980572786554,NEUTRAL,0.05027161551433295,2198459.7125,0.9999999999999711,2025-03,P_selected_maxalpha_constrained,0.9841
4,2025-03,2025-03-28,16,False,False,S2M,0.012623070676588351,BUY,0.45674662426372437,332058.085,0.78800293095166,2025-03,P_selected_maxalpha_constrained,0.9841
4,2025-03,2025-03-28,16,False,False,MIC,0.012164048910883341,NEUTRAL,0.08246535306643976,889842.3650000005,0.9999641982449636,2025-03,P_selected_maxalpha_constrained,0.9841
4,2025-03,2025-03-28,16,False,False,SMI,0.007512409822531148,NEUTRAL,0.021069401724426763,1412121.35,0.9999999915908179,2025-03,P_selected_maxalpha_constrained,0.9841
4,2025-03,2025-03-28,16,False,False,CMT,0.005314567839706085,NEUTRAL,0.025459727129465794,955611.55,0.9999875001923263,2025-03,P_selected_maxalpha_constrained,0.9841
4,2025-03,2025-03-28,16,False,False,MOX,0.0030881953658526084,NEUTRAL,0.08027194974407194,39917.28,0.033526311705067084,2025-03,P_selected_maxalpha_constrained,0.9841
4,2025-03,2025-03-28,16,False,False,CTM,0.0018887741636086266,BUY,0.3294904659152097,119519.75000000004,0.11029964681569611,2025-03,P_selected_maxalpha_constrained,0.9841
4,2025-03,2025-03-28,16,False,False,SLF,0.0010161143480343848,BUY,1.555673889112974,2379448.65,0.9999999999999984,2025-03,P_selected_maxalpha_constrained,0.9841
4,2025-03,2025-03-28,16,False,False,SOT,0.0008810404638106669,NEUTRAL,-0.10350459690441051,1371903.95,0.9999999839965772,2025-03,P_selected_maxalpha_constrained,0.9841
4,2025-03,2025-03-28,16,False,False,SRM,0.0007778962875899122,NEUTRAL,-0.1005724334636039,61806.09500000001,0.046926812968251685,2025-03,P_selected_maxalpha_constrained,0.9841
4,2025-03,2025-03-28,16,False,False,MDP,0.0006534418249530998,NEUTRAL,0.0627301681753243,160541.3605000001,0.1928902578206131,2025-03,P_selected_maxalpha_constrained,0.9841
4,2025-03,2025-03-28,16,False,False,RDS,0.0002507778499042503,BUY,0.910225500406468,7400143.375,1.0,2025-03,P_selected_maxalpha_constrained,0.9841
4,2025-03,2025-03-28,16,False,False,SID,0.00018310992916438477,BUY,1.5862300009836428,13314217.6,1.0,2025-03,P_selected_maxalpha_constrained,0.9841
4,2025-03,2025-03-28,16,False,False,CFG,0.00014392474672542184,NEUTRAL,-0.010717034656551876,8933682.334999999,1.0,2025-03,P_selected_maxalpha_constrained,0.9841
4,2025-04,2025-04-30,4,False,False,MNG,0.10853574786030501,BUY,0.796393368216558,12771294.2,1.0,2025-04,P_selected_maxalpha_constrained,0.8968
4,2025-04,2025-04-30,4,False,False,CSR,0.10293418170263137,NEUTRAL,-0.045174092096683216,11843323.540000001,1.0,2025-04,P_selected_maxalpha_constrained,0.8968
4,2025-04,2025-04-30,4,False,False,S2M,0.06946145308391613,BUY,2.8559117028933896,3274747.2249999996,1.0,2025-04,P_selected_maxalpha_constrained,0.8968
4,2025-04,2025-04-30,4,False,False,SRM,0.06304870799191897,BUY,2.0694074311604718,528251.6475,0.9884793464143106,2025-04,P_selected_maxalpha_constrained,0.8968
4,2025-04,2025-04-30,4,False,False,SID,0.046591064660907205,BUY,1.4782739211900668,14517901.05,1.0,2025-04,P_selected_maxalpha_constrained,0.8968
4,2025-04,2025-04-30,4,False,False,ALM,0.04497982751103623,BUY,0.26816303513005396,196505.55,0.2981943204311273,2025-04,P_selected_maxalpha_constrained,0.8968
4,2025-04,2025-04-30,4,False,False,SAH,0.04373518024283504,NEUTRAL,0.0026139888923619103,377690.45,0.8852431895291101,2025-04,P_selected_maxalpha_constrained,0.8968
4,2025-04,2025-04-30,4,False,False,SLF,0.043707340771191525,NEUTRAL,-0.019697600640529396,355574.61500000017,0.8441181125717669,2025-04,P_selected_maxalpha_constrained,0.8968
4,2025-04,2025-04-30,4,False,False,SOT,0.040926144740751166,NEUTRAL,0.025065492720364544,2642072.95,1.0,2025-04,P_selected_maxalpha_constrained,0.8968
4,2025-04,2025-04-30,4,False,False,RIS,0.03606101533321165,NEUTRAL,0.04235838644296854,1843524.1774999998,0.9999999999915461,2025-04,P_selected_maxalpha_constrained,0.8968
4,2025-04,2025-04-30,4,False,False,AKT,0.032216966734360704,BUY,0.5426211053265293,89425939.25,1.0,2025-04,P_selected_maxalpha_constrained,0.8968
4,2025-04,2025-04-30,4,False,False,TMA,0.03041235990629111,NEUTRAL,0.012214103055776073,7444221.15,1.0,2025-04,P_selected_maxalpha_constrained,0.8968
4,2025-04,2025-04-30,4,False,False,ADI,0.0292989373874671,BUY,1.6416167538200337,22713718.6175,1.0,2025-04,P_selected_maxalpha_constrained,0.8968
4,2025-04,2025-04-30,4,False,False,MIC,0.028713727569216984,NEUTRAL,-0.03776405198423904,186118.16500000036,0.26461672647570034,2025-04,P_selected_maxalpha_constrained,0.8968
4,2025-04,2025-04-30,4,False,False,ATH,0.027711189908705504,NEUTRAL,0.09004525025071441,1815019.193,0.9999999999866607,2025-04,P_selected_maxalpha_constrained,0.8968
4,2025-04,2025-04-30,4,False,False,MUT,0.026941107522950467,BUY,0.3022914794916989,4187930.2974999994,1.0,2025-04,P_selected_maxalpha_constrained,0.8968
4,2025-04,2025-04-30,4,False,False,AFI,0.02660252076457837,NEUTRAL,0.053245873136263895,133399.3825,0.1340505137147134,2025-04,P_selected_maxalpha_constrained,0.8968
4,2025-04,2025-04-30,4,False,False,FBR,0.022787331837167163,BUY,2.226780923754842,1161091.0175,0.9999995332428551,2025-04,P_selected_maxalpha_constrained,0.8968
4,2025-04,2025-04-30,4,False,False,BCI,0.0211138727470839,NEUTRAL,-0.016869456776180625,3613811.9899999998,1.0,2025-04,P_selected_maxalpha_constrained,0.8968
4,2025-04,2025-04-30,4,False,False,TQM,0.02088173543623716,BUY,0.3842063527693979,18219816.0,1.0,2025-04,P_selected_maxalpha_constrained,0.8968
4,2025-04,2025-04-30,4,False,False,BOA,0.019433689495792016,NEUTRAL,0.0164088130396026,18157454.18,1.0,2025-04,P_selected_maxalpha_constrained,0.8968
4,2025-04,2025-04-30,4,False,False,CTM,0.017136466981369197,BUY,0.2368970677157654,378284.025,0.8862044638203896,2025-04,P_selected_maxalpha_constrained,0.8968
4,2025-04,2025-04-30,4,False,False,ADH,0.01617070512519133,BUY,0.9571489450377954,19890036.5255,1.0,2025-04,P_selected_maxalpha_constrained,0.8968
4,2025-04,2025-04-30,4,False,False,DYT,0.01429038806987259,BUY,0.9730157809261059,1196268.955,0.9999997341420109,2025-04,P_selected_maxalpha_constrained,0.8968
4,2025-04,2025-04-30,4,False,False,TGC,0.0118526385708967,BUY,0.716913455607564,37316632.05499999,1.0,2025-04,P_selected_maxalpha_constrained,0.8968
4,2025-04,2025-04-30,4,False,False,DWY,0.01012256550653837,NEUTRAL,-0.06124218663036522,285442.23999999964,0.6380881670752226,2025-04,P_selected_maxalpha_constrained,0.8968
4,2025-04,2025-04-30,4,False,False,CFG,0.009259300732983996,NEUTRAL,0.07470712573707397,7819518.352500001,1.0,2025-04,P_selected_maxalpha_constrained,0.8968
4,2025-04,2025-04-30,4,False,False,RDS,0.007095967463981103,BUY,1.0936652108454208,13857697.357499998,1.0,2025-04,P_selected_maxalpha_constrained,0.8968
4,2025-04,2025-04-30,4,False,False,MOX,0.006898496724615927,NEUTRAL,0.04605685356408622,18488.825,0.024028827364478342,2025-04,P_selected_maxalpha_constrained,0.8968
4,2025-04,2025-04-30,4,False,False,GAZ,0.0053754079395017165,NEUTRAL,-0.08099318881955159,921467.25,0.9999784146903951,2025-04,P_selected_maxalpha_constrained,0.8968
4,2025-04,2025-04-30,4,False,False,DHO,0.003871423065037421,BUY,0.39384989769262335,6295311.591,1.0,2025-04,P_selected_maxalpha_constrained,0.8968
4,2025-04,2025-04-30,4,False,False,CMG,0.003454184910695399,NEUTRAL,0.07517770772537515,7520290.589999999,1.0,2025-04,P_selected_maxalpha_constrained,0.8968
4,2025-04,2025-04-30,4,False,False,M2M,0.0020067188013159075,NEUTRAL,-0.09391816542693388,193186.87499999997,0.28720246458058785,2025-04,P_selected_maxalpha_constrained,0.8968
4,2025-04,2025-04-30,4,False,False,LBV,0.0013181849426058734,NEUTRAL,0.04460938386773199,25683203.1,1.0,2025-04,P_selected_maxalpha_constrained,0.8968
4,2025-04,2025-04-30,4,False,False,MDP,0.001096936238140148,NEUTRAL,0.025732312978440426,115533.29650000008,0.10419419317045635,2025-04,P_selected_maxalpha_constrained,0.8968
4,2025-04,2025-04-30,4,False,False,SMI,0.0008499558181894765,NEUTRAL,0.015619310412153016,1989353.0,0.9999999999991802,2025-04,P_selected_maxalpha_constrained,0.8968
4,2025-04,2025-04-30,4,False,False,CMT,0.0008325880347562585,NEUTRAL,0.033345353804104624,1613564.85,0.9999999996650493,2025-04,P_selected_maxalpha_constrained,0.8968
4,2025-04,2025-04-30,4,False,False,CIH,0.0005062872924791446,NEUTRAL,-0.05371846359780843,2805989.1875,1.0,2025-04,P_selected_maxalpha_constrained,0.8968
4,2025-04,2025-04-30,4,False,False,JET,0.00046015593450848065,BUY,1.6906059416696873,18997465.15,1.0,2025-04,P_selected_maxalpha_constrained,0.8968
4,2025-04,2025-04-30,4,False,False,CDM,0.0003382983021524684,NEUTRAL,-0.041780725861899716,3530494.05,1.0,2025-04,P_selected_maxalpha_constrained,0.8968
4,2025-04,2025-04-30,4,False,False,ATL,0.00023860060034801268,NEUTRAL,-0.06042493401704051,4126468.5925,1.0,2025-04,P_selected_maxalpha_constrained,0.8968
4,2025-04,2025-04-30,4,False,False,HPS,0.00020102069700612927,NEUTRAL,-0.09101239019137933,4638703.975,1.0,2025-04,P_selected_maxalpha_constrained,0.8968
4,2025-04,2025-04-30,4,False,False,SNP,0.00015978394042748666,BUY,0.26329962649518535,1808713.9649999999,0.9999999999852447,2025-04,P_selected_maxalpha_constrained,0.8968
4,2025-04,2025-04-30,4,False,False,MSA,0.00013310604231393924,BUY,0.28007500662712925,50689804.875,1.0,2025-04,P_selected_maxalpha_constrained,0.8968
4,2025-04,2025-04-30,4,False,False,IBC,0.0001213785366642728,NEUTRAL,-0.1054911550783915,9081.300999999996,0.02074068643516842,2025-04,P_selected_maxalpha_constrained,0.8968
4,2025-04,2025-04-30,4,False,False,LHM,0.00011533651985377227,NEUTRAL,-0.09513901240845794,8285084.55,1.0,2025-04,P_selected_maxalpha_constrained,0.8968
4,2025-05,2025-05-30,15,False,False,BOA,0.12232483010025057,NEUTRAL,-0.034942147116103356,7024782.4825,1.0,2025-05,P_selected_maxalpha_constrained,0.9177
4,2025-05,2025-05-30,15,False,False,MNG,0.07191726555726549,BUY,0.8795094212956289,6070304.8,1.0,2025-05,P_selected_maxalpha_constrained,0.9177
4,2025-05,2025-05-30,15,False,False,CMG,0.06746887103477124,BUY,0.7789815241810863,9064685.364999998,1.0,2025-05,P_selected_maxalpha_constrained,0.9177
4,2025-05,2025-05-30,15,False,False,FBR,0.06024269919191533,BUY,2.6490550871420604,939575.5599999999,0.9999838440978368,2025-05,P_selected_maxalpha_constrained,0.9177
4,2025-05,2025-05-30,15,False,False,SID,0.056874421365894955,BUY,1.868921131537236,7997719.5,1.0,2025-05,P_selected_maxalpha_constrained,0.9177
4,2025-05,2025-05-30,15,False,False,ATH,0.05300204610894128,BUY,0.3061951338690469,1916332.736,0.9999999999973628,2025-05,P_selected_maxalpha_constrained,0.9177
4,2025-05,2025-05-30,15,False,False,TMA,0.052423410613743344,NEUTRAL,-0.05685948054513352,7488419.35,1.0,2025-05,P_selected_maxalpha_constrained,0.9177
4,2025-05,2025-05-30,15,False,False,AFI,0.046950232135110216,NEUTRAL,0.10859701428959198,130077.92,0.12800065630232824,2025-05,P_selected_maxalpha_constrained,0.9177
4,2025-05,2025-05-30,15,False,False,DWY,0.046669557126234607,NEUTRAL,0.007828434925386873,741636.3949999996,0.9996166513778185,2025-05,P_selected_maxalpha_constrained,0.9177
4,2025-05,2025-05-30,15,False,False,MIC,0.04655679855810212,BUY,0.39320845606819804,845191.4500000004,0.9999268600875737,2025-05,P_selected_maxalpha_constrained,0.9177
4,2025-05,2025-05-30,15,False,False,EQD,0.043488469420879944,NEUTRAL,0.030175149135836146,923517.8,0.9999791113725627,2025-05,P_selected_maxalpha_constrained,0.9177
4,2025-05,2025-05-30,15,False,False,JET,0.04238774903601355,BUY,2.3719602142061325,18433017.2,1.0,2025-05,P_selected_maxalpha_constrained,0.9177
4,2025-05,2025-05-30,15,False,False,S2M,0.03994104747708815,BUY,1.4746544416438299,684420.8949999999,0.9990429852873827,2025-05,P_selected_maxalpha_constrained,0.9177
4,2025-05,2025-05-30,15,False,False,SRM,0.034596181876454656,BUY,1.1887151783707912,83178.3,0.06481864376306255,2025-05,P_selected_maxalpha_constrained,0.9177
4,2025-05,2025-05-30,15,False,False,AKT,0.031300734542886094,BUY,0.33460260552665666,16301656.05,1.0,2025-05,P_selected_maxalpha_constrained,0.9177
4,2025-05,2025-05-30,15,False,False,TGC,0.02893701365356454,BUY,1.0969395573616905,43987244.82,1.0,2025-05,P_selected_maxalpha_constrained,0.9177
4,2025-05,2025-05-30,15,False,False,LBV,0.024333614814645188,BUY,0.3524674532524754,21415882.05,1.0,2025-05,P_selected_maxalpha_constrained,0.9177
4,2025-05,2025-05-30,15,False,False,HPS,0.022619323504631132,NEUTRAL,-0.03572571016886289,6033217.15,1.0,2025-05,P_selected_maxalpha_constrained,0.9177
4,2025-05,2025-05-30,15,False,False,SNP,0.018530964176623352,BUY,0.4472812298430361,2363377.03,0.999999999999998,2025-05,P_selected_maxalpha_constrained,0.9177
4,2025-05,2025-05-30,15,False,False,ADH,0.01650446660736007,BUY,1.1547490018486701,13623395.628999999,1.0,2025-05,P_selected_maxalpha_constrained,0.9177
4,2025-05,2025-05-30,15,False,False,ATL,0.015390147563729079,NEUTRAL,-0.058817421027429526,3507186.075,1.0,2025-05,P_selected_maxalpha_constrained,0.9177
4,2025-05,2025-05-30,15,False,False,TQM,0.015008360155835893,BUY,0.815819204812733,20907903.1,1.0,2025-05,P_selected_maxalpha_constrained,0.9177
4,2025-05,2025-05-30,15,False,False,RDS,0.009353353687990925,BUY,0.8978578593239221,6781603.391,1.0,2025-05,P_selected_maxalpha_constrained,0.9177
4,2025-05,2025-05-30,15,False,False,CFG,0.008809173048192103,BUY,0.2469243310268517,8310008.505000001,1.0,2025-05,P_selected_maxalpha_constrained,0.9177
4,2025-05,2025-05-30,15,False,False,RIS,0.006529722033780145,NEUTRAL,0.014626927224108605,1320001.765,0.9999999632830845,2025-05,P_selected_maxalpha_constrained,0.9177
4,2025-05,2025-05-30,15,False,False,MOX,0.0034758681142580882,NEUTRAL,-0.08616583809482348,14204.3475,0.022472580071424386,2025-05,P_selected_maxalpha_constrained,0.9177
4,2025-05,2025-05-30,15,False,False,DYT,0.0031348703575224983,NEUTRAL,0.016858786609226843,241200.925,0.4648617189478853,2025-05,P_selected_maxalpha_constrained,0.9177
4,2025-05,2025-05-30,15,False,False,CTM,0.0022860219440754407,BUY,0.41319886072754947,202895.99500000005,0.32002344084359646,2025-05,P_selected_maxalpha_constrained,0.9177
4,2025-05,2025-05-30,15,False,False,ADI,0.002248384252586902,BUY,1.885018429083381,17076495.002499998,1.0,2025-05,P_selected_maxalpha_constrained,0.9177
4,2025-05,2025-05-30,15,False,False,MUT,0.0018455892526533944,NEUTRAL,0.10894613990667361,2958387.6724999994,1.0,2025-05,P_selected_maxalpha_constrained,0.9177
4,2025-05,2025-05-30,15,False,False,NEJ,0.0014660159614949219,NEUTRAL,0.036665286022770305,0.0,0.01798620996209156,2025-05,P_selected_maxalpha_constrained,0.9177
4,2025-05,2025-05-30,15,False,False,CDM,0.0013075393587635529,NEUTRAL,-0.052322381444810204,5271587.35,1.0,2025-05,P_selected_maxalpha_constrained,0.9177
4,2025-05,2025-05-30,15,False,False,IBC,0.0007092317349013348,NEUTRAL,-0.1060307264666124,9682.894499999993,0.02093708968453228,2025-05,P_selected_maxalpha_constrained,0.9177
4,2025-05,2025-05-30,15,False,False,CMT,0.0006993760617904618,NEUTRAL,-0.014205319011864621,1099009.4,0.9999987396885189,2025-05,P_selected_maxalpha_constrained,0.9177
4,2025-05,2025-05-30,15,False,False,SOT,0.000460305036761818,BUY,0.41067432850733365,3893552.45,1.0,2025-05,P_selected_maxalpha_constrained,0.9177
4,2025-05,2025-05-30,15,False,False,MDP,0.00019937287138865008,BUY,0.27814813364512125,138846.98200000008,0.14449484485838623,2025-05,P_selected_maxalpha_constrained,0.9177
4,2025-06,2025-06-30,22,False,False,ARD,0.13903578460355207,BUY,0.41245238679066537,1942854.0150000001,0.9999999999982747,2025-06,P_selected_maxalpha_constrained,0.9843
4,2025-06,2025-06-30,22,False,False,INV,0.09218560230577413,BUY,2.265859740934567,388517.376,0.901701788030665,2025-06,P_selected_maxalpha_constrained,0.9843
4,2025-06,2025-06-30,22,False,False,FBR,0.09212353032400866,BUY,2.535780750042091,2861645.0799999996,1.0,2025-06,P_selected_maxalpha_constrained,0.9843
4,2025-06,2025-06-30,22,False,False,ATH,0.08859854444007129,BUY,0.2790905121396209,1095306.1835,0.9999986627566618,2025-06,P_selected_maxalpha_constrained,0.9843
4,2025-06,2025-06-30,22,False,False,AFI,0.08560721175651878,BUY,0.982424736444197,621474.575,0.9973842707703422,2025-06,P_selected_maxalpha_constrained,0.9843
4,2025-06,2025-06-30,22,False,False,SRM,0.07062569188465566,BUY,1.907050311127661,463137.645,0.9680218660269594,2025-06,P_selected_maxalpha_constrained,0.9843
4,2025-06,2025-06-30,22,False,False,MNG,0.06840510054753934,BUY,0.5583926722292589,7154653.15,1.0,2025-06,P_selected_maxalpha_constrained,0.9843
4,2025-06,2025-06-30,22,False,False,BCI,0.04054331858057417,NEUTRAL,-0.09495470977245028,3773954.8599999994,1.0,2025-06,P_selected_maxalpha_constrained,0.9843
4,2025-06,2025-06-30,22,False,False,ATL,0.038828800876628225,NEUTRAL,-0.026067391736533555,5286162.535,1.0,2025-06,P_selected_maxalpha_constrained,0.9843
4,2025-06,2025-06-30,22,False,False,CMT,0.034250037788333736,BUY,0.42697850692491246,2982476.6,1.0,2025-06,P_selected_maxalpha_constrained,0.9843
4,2025-06,2025-06-30,22,False,False,RIS,0.033552796231595995,NEUTRAL,0.018141191940436795,1031681.5225000002,0.9999962990020594,2025-06,P_selected_maxalpha_constrained,0.9843
4,2025-06,2025-06-30,22,False,False,CFG,0.027936897541928563,BUY,0.45726393672811466,4551682.8175,1.0,2025-06,P_selected_maxalpha_constrained,0.9843
4,2025-06,2025-06-30,22,False,False,EQD,0.02578283047273096,NEUTRAL,-0.01665672372101472,835199.9,0.9999141822092419,2025-06,P_selected_maxalpha_constrained,0.9843
4,2025-06,2025-06-30,22,False,False,CMG,0.025394642047281545,NEUTRAL,-0.032881098979641074,5977554.67,1.0,2025-06,P_selected_maxalpha_constrained,0.9843
4,2025-06,2025-06-30,22,False,False,AKT,0.024155226480586087,BUY,0.2961582636296344,19644666.45,1.0,2025-06,P_selected_maxalpha_constrained,0.9843
4,2025-06,2025-06-30,22,False,False,MSA,0.02079011505415772,NEUTRAL,-0.10673621887811961,40551737.620000005,1.0,2025-06,P_selected_maxalpha_constrained,0.9843
4,2025-06,2025-06-30,22,False,False,MDP,0.018842166312401425,BUY,0.7241863389947839,404293.6190000001,0.9219180848001594,2025-06,P_selected_maxalpha_constrained,0.9843
4,2025-06,2025-06-30,22,False,False,CTM,0.015551420523890884,BUY,0.7014058289283444,719493.7950000002,0.9994537572653089,2025-06,P_selected_maxalpha_constrained,0.9843
4,2025-06,2025-06-30,22,False,False,LBV,0.01308829782725411,NEUTRAL,0.011684500306367564,15097103.35,1.0,2025-06,P_selected_maxalpha_constrained,0.9843
4,2025-06,2025-06-30,22,False,False,BOA,0.0123109025207338,NEUTRAL,-0.05659708741444995,37162078.075,1.0,2025-06,P_selected_maxalpha_constrained,0.9843
4,2025-06,2025-06-30,22,False,False,S2M,0.007969815165708922,BUY,1.5299558913883675,1125743.47,0.9999991783048232,2025-06,P_selected_maxalpha_constrained,0.9843
4,2025-06,2025-06-30,22,False,False,ADI,0.007817276206326995,BUY,1.5422537612334235,25074011.71,1.0,2025-06,P_selected_maxalpha_constrained,0.9843
4,2025-06,2025-06-30,22,False,False,GAZ,0.005612552741590631,NEUTRAL,-0.0993466388387962,4560438.2,1.0,2025-06,P_selected_maxalpha_constrained,0.9843
4,2025-06,2025-06-30,22,False,False,HPS,0.003808956742038511,NEUTRAL,-0.028719150009107602,6378457.455,1.0,2025-06,P_selected_maxalpha_constrained,0.9843
4,2025-06,2025-06-30,22,False,False,IBC,0.001952171406881267,BUY,1.0385316257969297,33224.585999999996,0.03022465017940054,2025-06,P_selected_maxalpha_constrained,0.9843
4,2025-06,2025-06-30,22,False,False,TQM,0.0012859621013133044,NEUTRAL,0.06053119868309778,10620135.5,1.0,2025-06,P_selected_maxalpha_constrained,0.9843
4,2025-06,2025-06-30,22,False,False,SMI,0.0007926685019092703,NEUTRAL,-0.03946149507310913,1162948.65,0.9999995469117205,2025-06,P_selected_maxalpha_constrained,0.9843
4,2025-06,2025-06-30,22,False,False,DYT,0.0006416629094591401,NEUTRAL,0.07865677457551846,276226.0325,0.6033914828282958,2025-06,P_selected_maxalpha_constrained,0.9843
4,2025-06,2025-06-30,22,False,False,ALM,0.00047771644471633206,NEUTRAL,-0.025591729477389896,94681.75,0.07690991699328326,2025-06,P_selected_maxalpha_constrained,0.9843
4,2025-06,2025-06-30,22,False,False,SOT,0.0003918976759742443,NEUTRAL,-0.028075006838861338,1852073.2,0.9999999999926268,2025-06,P_selected_maxalpha_constrained,0.9843
4,2025-06,2025-06-30,22,False,False,COL,0.0003904404243745139,NEUTRAL,-0.1011352147502895,292506.58900000004,0.6637622265426703,2025-06,P_selected_maxalpha_constrained,0.9843
4,2025-06,2025-06-30,22,False,False,SID,0.0003407624835603598,BUY,0.6790640740775391,5712427.35,1.0,2025-06,P_selected_maxalpha_constrained,0.9843
4,2025-06,2025-06-30,22,False,False,TGC,0.00030014988483622663,BUY,0.4467458537117202,37492644.615,1.0,2025-06,P_selected_maxalpha_constrained,0.9843
4,2025-06,2025-06-30,22,False,False,JET,0.0001747105192218469,BUY,1.645614946828351,15226401.2,1.0,2025-06,P_selected_maxalpha_constrained,0.9843
4,2025-06,2025-06-30,22,False,False,ADH,0.0001273379339632483,BUY,0.9778800527116196,16975340.394,1.0,2025-06,P_selected_maxalpha_constrained,0.9843
4,2025-06,2025-06-30,22,False,False,SNP,0.0001093076205078364,NEUTRAL,0.08720107521562606,3374089.9249999993,1.0,2025-06,P_selected_maxalpha_constrained,0.9843
