titre,mois,score,rang_percentile,rang,ticker,date_cours,cell_id,cell_name,split
SID,2021-01,0.45044683397974256,1.0,1,SID,2021-01-29,1,ridge_static,val
AFM,2021-01,0.3634072584742879,0.9795918367346939,2,AFM,2021-01-29,1,ridge_static,val
OUL,2021-01,0.3198852928673721,0.9591836734693877,3,OUL,2021-01-29,1,ridge_static,val
MSA,2021-01,0.28899554482551826,0.9387755102040817,4,MSA,2021-01-29,1,ridge_static,val
MNG,2021-01,0.23504208275207059,0.9183673469387755,5,MNG,2021-01-29,1,ridge_static,val
MIC,2021-01,0.23043172887486782,0.8979591836734694,6,MIC,2021-01-29,1,ridge_static,val
DWY,2021-01,0.2200917831837943,0.8775510204081632,7,DWY,2021-01-29,1,ridge_static,val
MOX,2021-01,0.20603859126391844,0.8571428571428572,8,MOX,2021-01-29,1,ridge_static,val
HPS,2021-01,0.19876173542033915,0.8367346938775511,9,HPS,2021-01-29,1,ridge_static,val
BCI,2021-01,0.18684461678429412,0.8163265306122449,10,BCI,2021-01-29,1,ridge_static,val
IAM,2021-01,0.17989634620392655,0.7959183673469388,11,IAM,2021-01-29,1,ridge_static,val
IMO,2021-01,0.15515838428369005,0.7755102040816326,12,IMO,2021-01-29,1,ridge_static,val
INV,2021-01,0.15285113429924874,0.7551020408163265,13,INV,2021-01-29,1,ridge_static,val
TQM,2021-01,0.15080269275166724,0.7346938775510203,14,TQM,2021-01-29,1,ridge_static,val
SMI,2021-01,0.14219223794539348,0.7142857142857143,15,SMI,2021-01-29,1,ridge_static,val
BOA,2021-01,0.13074600140537967,0.6938775510204082,16,BOA,2021-01-29,1,ridge_static,val
ATW,2021-01,0.12978200130361772,0.6734693877551021,17,ATW,2021-01-29,1,ridge_static,val
GAZ,2021-01,0.12032386984355736,0.653061224489796,18,GAZ,2021-01-29,1,ridge_static,val
MUT,2021-01,0.12002086410509227,0.6326530612244898,19,MUT,2021-01-29,1,ridge_static,val
LBV,2021-01,0.11703293676743992,0.6122448979591837,20,LBV,2021-01-29,1,ridge_static,val
CMT,2021-01,0.11648231745599617,0.5918367346938775,21,CMT,2021-01-29,1,ridge_static,val
PRO,2021-01,0.10906411609689175,0.5714285714285714,22,PRO,2021-01-29,1,ridge_static,val
BCP,2021-01,0.09737926324038629,0.5510204081632653,23,BCP,2021-01-29,1,ridge_static,val
CIH,2021-01,0.09119616997116528,0.5306122448979591,24,CIH,2021-01-29,1,ridge_static,val
SNP,2021-01,0.06468883028710588,0.5102040816326531,25,SNP,2021-01-29,1,ridge_static,val
SID,2021-02,0.7106293314483563,1.0,1,SID,2021-02-26,1,ridge_static,val
OUL,2021-02,0.3179586221695953,0.9803921568627451,2,OUL,2021-02-26,1,ridge_static,val
MNG,2021-02,0.28490977012834284,0.9607843137254902,3,MNG,2021-02-26,1,ridge_static,val
AFM,2021-02,0.28481936483579506,0.9411764705882353,4,AFM,2021-02-26,1,ridge_static,val
MIC,2021-02,0.2837963053366938,0.9215686274509804,5,MIC,2021-02-26,1,ridge_static,val
HPS,2021-02,0.23388217223342678,0.9019607843137255,6,HPS,2021-02-26,1,ridge_static,val
DWY,2021-02,0.19490119214975793,0.8823529411764706,7,DWY,2021-02-26,1,ridge_static,val
SMI,2021-02,0.19278909197594235,0.8627450980392157,8,SMI,2021-02-26,1,ridge_static,val
MSA,2021-02,0.18976614484671714,0.8431372549019608,9,MSA,2021-02-26,1,ridge_static,val
SBM,2021-02,0.1729159665963444,0.8235294117647058,10,SBM,2021-02-26,1,ridge_static,val
LBV,2021-02,0.17057972865183627,0.803921568627451,11,LBV,2021-02-26,1,ridge_static,val
ARD,2021-02,0.16061352140683582,0.7843137254901961,12,ARD,2021-02-26,1,ridge_static,val
SNP,2021-02,0.15975461537006028,0.7647058823529411,13,SNP,2021-02-26,1,ridge_static,val
BCI,2021-02,0.15222575868550636,0.7450980392156863,14,BCI,2021-02-26,1,ridge_static,val
JET,2021-02,0.14422056916118214,0.7254901960784313,15,JET,2021-02-26,1,ridge_static,val
IMO,2021-02,0.13383577223147208,0.7058823529411764,16,IMO,2021-02-26,1,ridge_static,val
LHM,2021-02,0.13257189715303785,0.6862745098039216,17,LHM,2021-02-26,1,ridge_static,val
INV,2021-02,0.12765221901892226,0.6666666666666667,18,INV,2021-02-26,1,ridge_static,val
BCP,2021-02,0.12752492776048063,0.6470588235294117,19,BCP,2021-02-26,1,ridge_static,val
M2M,2021-02,0.1255935457317825,0.6274509803921569,20,M2M,2021-02-26,1,ridge_static,val
CIH,2021-02,0.12341755402804572,0.607843137254902,21,CIH,2021-02-26,1,ridge_static,val
CSR,2021-02,0.1126071919124179,0.5882352941176471,22,CSR,2021-02-26,1,ridge_static,val
ATW,2021-02,0.11207462062771838,0.5686274509803921,23,ATW,2021-02-26,1,ridge_static,val
GAZ,2021-02,0.11075849920654719,0.5490196078431373,24,GAZ,2021-02-26,1,ridge_static,val
TQM,2021-02,0.10248095438770033,0.5294117647058824,25,TQM,2021-02-26,1,ridge_static,val
SID,2021-03,0.6661570256278132,1.0,1,SID,2021-03-31,1,ridge_static,val
MNG,2021-03,0.4474739794957957,0.9795918367346939,2,MNG,2021-03-31,1,ridge_static,val
MIC,2021-03,0.3108969030337728,0.9591836734693877,3,MIC,2021-03-31,1,ridge_static,val
MSA,2021-03,0.27334157125986824,0.9387755102040817,4,MSA,2021-03-31,1,ridge_static,val
DWY,2021-03,0.23485337940757212,0.9183673469387755,5,DWY,2021-03-31,1,ridge_static,val
AFM,2021-03,0.2224047115791728,0.8979591836734694,6,AFM,2021-03-31,1,ridge_static,val
SNP,2021-03,0.1927638250677525,0.8775510204081632,7,SNP,2021-03-31,1,ridge_static,val
IAM,2021-03,0.1778488115694938,0.8571428571428572,8,IAM,2021-03-31,1,ridge_static,val
CIH,2021-03,0.17556260521164394,0.8367346938775511,9,CIH,2021-03-31,1,ridge_static,val
BCP,2021-03,0.16412630552946078,0.8163265306122449,10,BCP,2021-03-31,1,ridge_static,val
M2M,2021-03,0.16246937831590294,0.7959183673469388,11,M2M,2021-03-31,1,ridge_static,val
ARD,2021-03,0.1315176714355488,0.7755102040816326,12,ARD,2021-03-31,1,ridge_static,val
JET,2021-03,0.1296707191352756,0.7551020408163265,13,JET,2021-03-31,1,ridge_static,val
ATW,2021-03,0.12377777523587737,0.7346938775510203,14,ATW,2021-03-31,1,ridge_static,val
LHM,2021-03,0.12347602185861263,0.7142857142857143,15,LHM,2021-03-31,1,ridge_static,val
IMO,2021-03,0.1145376638335255,0.6938775510204082,16,IMO,2021-03-31,1,ridge_static,val
CSR,2021-03,0.10474396234324057,0.6734693877551021,17,CSR,2021-03-31,1,ridge_static,val
LES,2021-03,0.10358456427343456,0.653061224489796,18,LES,2021-03-31,1,ridge_static,val
LBV,2021-03,0.1015689788826497,0.6326530612244898,19,LBV,2021-03-31,1,ridge_static,val
BCI,2021-03,0.0978793545514182,0.6122448979591837,20,BCI,2021-03-31,1,ridge_static,val
SBM,2021-03,0.08082698591882459,0.5918367346938775,21,SBM,2021-03-31,1,ridge_static,val
HPS,2021-03,0.07851370758699225,0.5714285714285714,22,HPS,2021-03-31,1,ridge_static,val
CMT,2021-03,0.07132590324387575,0.5510204081632653,23,CMT,2021-03-31,1,ridge_static,val
ATL,2021-03,0.061953772198769186,0.5306122448979591,24,ATL,2021-03-31,1,ridge_static,val
PRO,2021-03,0.0504640555791811,0.5102040816326531,25,PRO,2021-03-31,1,ridge_static,val
SID,2021-04,0.7328237439223911,1.0,1,SID,2021-04-30,1,ridge_static,val
MNG,2021-04,0.4940483026186622,0.9807692307692307,2,MNG,2021-04-30,1,ridge_static,val
MIC,2021-04,0.3787245283948732,0.9615384615384616,3,MIC,2021-04-30,1,ridge_static,val
MSA,2021-04,0.3717091562081871,0.9423076923076923,4,MSA,2021-04-30,1,ridge_static,val
OUL,2021-04,0.34170631346950125,0.9230769230769231,5,OUL,2021-04-30,1,ridge_static,val
DWY,2021-04,0.2963161402181338,0.9038461538461539,6,DWY,2021-04-30,1,ridge_static,val
JET,2021-04,0.23060301367429678,0.8846153846153846,7,JET,2021-04-30,1,ridge_static,val
CMT,2021-04,0.22539388620467896,0.8653846153846154,8,CMT,2021-04-30,1,ridge_static,val
BCP,2021-04,0.2102529832770785,0.8461538461538461,9,BCP,2021-04-30,1,ridge_static,val
LHM,2021-04,0.20947139640834916,0.8269230769230769,10,LHM,2021-04-30,1,ridge_static,val
M2M,2021-04,0.20331310986850742,0.8076923076923077,11,M2M,2021-04-30,1,ridge_static,val
CSR,2021-04,0.20241278849487032,0.7884615384615384,12,CSR,2021-04-30,1,ridge_static,val
AFM,2021-04,0.2021371388640212,0.7692307692307692,13,AFM,2021-04-30,1,ridge_static,val
HPS,2021-04,0.18701432604579638,0.75,14,HPS,2021-04-30,1,ridge_static,val
SBM,2021-04,0.16988104937809503,0.7307692307692308,15,SBM,2021-04-30,1,ridge_static,val
SMI,2021-04,0.16418427852008097,0.7115384615384616,16,SMI,2021-04-30,1,ridge_static,val
LBV,2021-04,0.14957185811124743,0.6923076923076923,17,LBV,2021-04-30,1,ridge_static,val
BOA,2021-04,0.148764084838155,0.6730769230769231,18,BOA,2021-04-30,1,ridge_static,val
ATW,2021-04,0.14335625933247811,0.6538461538461539,19,ATW,2021-04-30,1,ridge_static,val
SNP,2021-04,0.11936595386063029,0.6346153846153846,20,SNP,2021-04-30,1,ridge_static,val
BCI,2021-04,0.11752088531241373,0.6153846153846154,21,BCI,2021-04-30,1,ridge_static,val
CIH,2021-04,0.11517826823373851,0.5961538461538461,22,CIH,2021-04-30,1,ridge_static,val
IBC,2021-04,0.10942458954950922,0.5769230769230769,23,IBC,2021-04-30,1,ridge_static,val
IAM,2021-04,0.10813867159445376,0.5576923076923077,24,IAM,2021-04-30,1,ridge_static,val
GAZ,2021-04,0.10392792511808516,0.5384615384615384,25,GAZ,2021-04-30,1,ridge_static,val
SID,2021-05,0.6483329229814455,1.0,1,SID,2021-05-31,1,ridge_static,val
OUL,2021-05,0.4337357446670941,0.9807692307692307,2,OUL,2021-05-31,1,ridge_static,val
MNG,2021-05,0.406605144069598,0.9615384615384616,3,MNG,2021-05-31,1,ridge_static,val
SOT,2021-05,0.2930825823630787,0.9423076923076923,4,SOT,2021-05-31,1,ridge_static,val
AFM,2021-05,0.28834817406414726,0.9230769230769231,5,AFM,2021-05-31,1,ridge_static,val
MSA,2021-05,0.25441573150437713,0.9038461538461539,6,MSA,2021-05-31,1,ridge_static,val
MIC,2021-05,0.2541974012686441,0.8846153846153846,7,MIC,2021-05-31,1,ridge_static,val
M2M,2021-05,0.21962055707877237,0.8653846153846154,8,M2M,2021-05-31,1,ridge_static,val
DWY,2021-05,0.20072996474172844,0.8461538461538461,9,DWY,2021-05-31,1,ridge_static,val
SMI,2021-05,0.1907106129853704,0.8269230769230769,10,SMI,2021-05-31,1,ridge_static,val
CIH,2021-05,0.17932174348899826,0.8076923076923077,11,CIH,2021-05-31,1,ridge_static,val
GAZ,2021-05,0.15883281349192907,0.7884615384615384,12,GAZ,2021-05-31,1,ridge_static,val
CSR,2021-05,0.15304416512265906,0.7692307692307692,13,CSR,2021-05-31,1,ridge_static,val
BCP,2021-05,0.1522059835267765,0.75,14,BCP,2021-05-31,1,ridge_static,val
BOA,2021-05,0.15027379467504084,0.7307692307692308,15,BOA,2021-05-31,1,ridge_static,val
IAM,2021-05,0.13833064632622089,0.7115384615384616,16,IAM,2021-05-31,1,ridge_static,val
ATW,2021-05,0.13494884084401437,0.6923076923076923,17,ATW,2021-05-31,1,ridge_static,val
CMT,2021-05,0.13447725627046153,0.6730769230769231,18,CMT,2021-05-31,1,ridge_static,val
BCI,2021-05,0.13375717095057454,0.6538461538461539,19,BCI,2021-05-31,1,ridge_static,val
ARD,2021-05,0.11950248281883333,0.6346153846153846,20,ARD,2021-05-31,1,ridge_static,val
JET,2021-05,0.1125473056921518,0.6153846153846154,21,JET,2021-05-31,1,ridge_static,val
HPS,2021-05,0.10902768334186858,0.5961538461538461,22,HPS,2021-05-31,1,ridge_static,val
LHM,2021-05,0.10577193652979391,0.5769230769230769,23,LHM,2021-05-31,1,ridge_static,val
LBV,2021-05,0.10554114572538385,0.5576923076923077,24,LBV,2021-05-31,1,ridge_static,val
ATL,2021-05,0.09823346073963826,0.5384615384615384,25,ATL,2021-05-31,1,ridge_static,val
SID,2021-06,0.6327893821670892,1.0,1,SID,2021-06-30,1,ridge_static,val
REB,2021-06,0.44050388421639763,0.9821428571428571,2,REB,2021-06-30,1,ridge_static,val
SOT,2021-06,0.4163334184819905,0.9642857142857143,3,SOT,2021-06-30,1,ridge_static,val
OUL,2021-06,0.39429153159521035,0.9464285714285714,4,OUL,2021-06-30,1,ridge_static,val
MNG,2021-06,0.3838823694296057,0.9285714285714286,5,MNG,2021-06-30,1,ridge_static,val
AFM,2021-06,0.3377489943963218,0.9107142857142857,6,AFM,2021-06-30,1,ridge_static,val
MIC,2021-06,0.2595548117892273,0.8928571428571429,7,MIC,2021-06-30,1,ridge_static,val
GAZ,2021-06,0.25354310113597656,0.875,8,GAZ,2021-06-30,1,ridge_static,val
BCI,2021-06,0.2392137966096961,0.8571428571428572,9,BCI,2021-06-30,1,ridge_static,val
CSR,2021-06,0.23239301979851829,0.8392857142857143,10,CSR,2021-06-30,1,ridge_static,val
BCP,2021-06,0.2171462846074701,0.8214285714285714,11,BCP,2021-06-30,1,ridge_static,val
MSA,2021-06,0.2129422372130548,0.8035714285714286,12,MSA,2021-06-30,1,ridge_static,val
ATW,2021-06,0.17554835034677282,0.7857142857142857,13,ATW,2021-06-30,1,ridge_static,val
LHM,2021-06,0.16886753900449708,0.7678571428571428,14,LHM,2021-06-30,1,ridge_static,val
SBM,2021-06,0.15739597912096398,0.75,15,SBM,2021-06-30,1,ridge_static,val
SMI,2021-06,0.15617213765535817,0.7321428571428572,16,SMI,2021-06-30,1,ridge_static,val
MOX,2021-06,0.14457539192642027,0.7142857142857143,17,MOX,2021-06-30,1,ridge_static,val
BOA,2021-06,0.1429074825388353,0.6964285714285714,18,BOA,2021-06-30,1,ridge_static,val
DWY,2021-06,0.1413414293386557,0.6785714285714286,19,DWY,2021-06-30,1,ridge_static,val
HPS,2021-06,0.13695304472556272,0.6607142857142857,20,HPS,2021-06-30,1,ridge_static,val
LBV,2021-06,0.13519128785917708,0.6428571428571428,21,LBV,2021-06-30,1,ridge_static,val
IMO,2021-06,0.1308450535558716,0.625,22,IMO,2021-06-30,1,ridge_static,val
JET,2021-06,0.12144928797112772,0.6071428571428572,23,JET,2021-06-30,1,ridge_static,val
IAM,2021-06,0.11146057153631599,0.5892857142857143,24,IAM,2021-06-30,1,ridge_static,val
PRO,2021-06,0.10627107584735791,0.5714285714285714,25,PRO,2021-06-30,1,ridge_static,val
SID,2021-07,0.7634108188188263,1.0,1,SID,2021-07-29,1,ridge_static,val
SOT,2021-07,0.4806545741234621,0.9821428571428571,2,SOT,2021-07-29,1,ridge_static,val
OUL,2021-07,0.4527114602915283,0.9642857142857143,3,OUL,2021-07-29,1,ridge_static,val
MSA,2021-07,0.33804702286765764,0.9464285714285714,4,MSA,2021-07-29,1,ridge_static,val
MNG,2021-07,0.2704338826686798,0.9285714285714286,5,MNG,2021-07-29,1,ridge_static,val
DWY,2021-07,0.2641726224425145,0.9107142857142857,6,DWY,2021-07-29,1,ridge_static,val
BCI,2021-07,0.21438006996959363,0.8928571428571429,7,BCI,2021-07-29,1,ridge_static,val
CSR,2021-07,0.2122214613863783,0.875,8,CSR,2021-07-29,1,ridge_static,val
JET,2021-07,0.18314294054385366,0.8571428571428572,9,JET,2021-07-29,1,ridge_static,val
BCP,2021-07,0.1694912388421735,0.8392857142857143,10,BCP,2021-07-29,1,ridge_static,val
MIC,2021-07,0.16538816199074458,0.8214285714285714,11,MIC,2021-07-29,1,ridge_static,val
GAZ,2021-07,0.15933052551844837,0.8035714285714286,12,GAZ,2021-07-29,1,ridge_static,val
INV,2021-07,0.15758020303544784,0.7857142857142857,13,INV,2021-07-29,1,ridge_static,val
CDM,2021-07,0.15401319808152714,0.7678571428571428,14,CDM,2021-07-29,1,ridge_static,val
ATL,2021-07,0.1517267051148531,0.75,15,ATL,2021-07-29,1,ridge_static,val
COL,2021-07,0.1426788425914315,0.7321428571428572,16,COL,2021-07-29,1,ridge_static,val
SMI,2021-07,0.13599048672165032,0.7142857142857143,17,SMI,2021-07-29,1,ridge_static,val
IMO,2021-07,0.13298641929874647,0.6964285714285714,18,IMO,2021-07-29,1,ridge_static,val
SRM,2021-07,0.12837635735931965,0.6785714285714286,19,SRM,2021-07-29,1,ridge_static,val
IAM,2021-07,0.12413899792259823,0.6607142857142857,20,IAM,2021-07-29,1,ridge_static,val
SBM,2021-07,0.12257516168654375,0.6428571428571428,21,SBM,2021-07-29,1,ridge_static,val
NKL,2021-07,0.11808358301099442,0.625,22,NKL,2021-07-29,1,ridge_static,val
CMT,2021-07,0.11225056827777924,0.6071428571428572,23,CMT,2021-07-29,1,ridge_static,val
MOX,2021-07,0.10242029085921826,0.5892857142857143,24,MOX,2021-07-29,1,ridge_static,val
HPS,2021-07,0.10065547013212289,0.5714285714285714,25,HPS,2021-07-29,1,ridge_static,val
SID,2021-08,0.8243263503810224,1.0,1,SID,2021-08-31,1,ridge_static,val
OUL,2021-08,0.3265880130015918,0.9821428571428571,2,OUL,2021-08-31,1,ridge_static,val
MIC,2021-08,0.30542189558026767,0.9642857142857143,3,MIC,2021-08-31,1,ridge_static,val
DWY,2021-08,0.2862233939294768,0.9464285714285714,4,DWY,2021-08-31,1,ridge_static,val
SOT,2021-08,0.27860174500989215,0.9285714285714286,5,SOT,2021-08-31,1,ridge_static,val
MSA,2021-08,0.26206378095691796,0.9107142857142857,6,MSA,2021-08-31,1,ridge_static,val
MNG,2021-08,0.25180019516945895,0.8928571428571429,7,MNG,2021-08-31,1,ridge_static,val
CSR,2021-08,0.21216897024697967,0.875,8,CSR,2021-08-31,1,ridge_static,val
AFM,2021-08,0.1869811228804015,0.8571428571428572,9,AFM,2021-08-31,1,ridge_static,val
NKL,2021-08,0.17955976885176486,0.8392857142857143,10,NKL,2021-08-31,1,ridge_static,val
GAZ,2021-08,0.16900736739776864,0.8214285714285714,11,GAZ,2021-08-31,1,ridge_static,val
JET,2021-08,0.16319210971279863,0.8035714285714286,12,JET,2021-08-31,1,ridge_static,val
ATW,2021-08,0.16221068524774684,0.7857142857142857,13,ATW,2021-08-31,1,ridge_static,val
LHM,2021-08,0.154884345636722,0.7678571428571428,14,LHM,2021-08-31,1,ridge_static,val
HPS,2021-08,0.15236730202602455,0.75,15,HPS,2021-08-31,1,ridge_static,val
UMR,2021-08,0.14676160884793316,0.7321428571428572,16,UMR,2021-08-31,1,ridge_static,val
IAM,2021-08,0.14436197031307152,0.7142857142857143,17,IAM,2021-08-31,1,ridge_static,val
LBV,2021-08,0.14344859951508773,0.6964285714285714,18,LBV,2021-08-31,1,ridge_static,val
BCP,2021-08,0.13427230213194552,0.6785714285714286,19,BCP,2021-08-31,1,ridge_static,val
SMI,2021-08,0.13220973397657987,0.6607142857142857,20,SMI,2021-08-31,1,ridge_static,val
RIS,2021-08,0.12668387605150214,0.6428571428571428,21,RIS,2021-08-31,1,ridge_static,val
BAL,2021-08,0.11943209981815975,0.625,22,BAL,2021-08-31,1,ridge_static,val
SBM,2021-08,0.1106593415796114,0.6071428571428572,23,SBM,2021-08-31,1,ridge_static,val
TQM,2021-08,0.1039980460129269,0.5892857142857143,24,TQM,2021-08-31,1,ridge_static,val
BOA,2021-08,0.0955086234096987,0.5714285714285714,25,BOA,2021-08-31,1,ridge_static,val
ATH,2021-09,0.46471395794622866,1.0,1,ATH,2021-09-30,1,ridge_static,val
FBR,2021-09,0.4590957386922282,0.9807692307692307,2,FBR,2021-09-30,1,ridge_static,val
SID,2021-09,0.4031829523835747,0.9615384615384616,3,SID,2021-09-30,1,ridge_static,val
AFM,2021-09,0.38975408264342853,0.9423076923076923,4,AFM,2021-09-30,1,ridge_static,val
RDS,2021-09,0.3212324339484861,0.9230769230769231,5,RDS,2021-09-30,1,ridge_static,val
LHM,2021-09,0.2558004536912105,0.9038461538461539,6,LHM,2021-09-30,1,ridge_static,val
JET,2021-09,0.21643929242594317,0.8846153846153846,7,JET,2021-09-30,1,ridge_static,val
ATW,2021-09,0.21625151445174887,0.8653846153846154,8,ATW,2021-09-30,1,ridge_static,val
S2M,2021-09,0.2086322843255576,0.8461538461538461,9,S2M,2021-09-30,1,ridge_static,val
COL,2021-09,0.20808450623512062,0.8269230769230769,10,COL,2021-09-30,1,ridge_static,val
CSR,2021-09,0.20319074340071835,0.8076923076923077,11,CSR,2021-09-30,1,ridge_static,val
CTM,2021-09,0.19662966892399708,0.7884615384615384,12,CTM,2021-09-30,1,ridge_static,val
IAM,2021-09,0.19352213303926635,0.7692307692307692,13,IAM,2021-09-30,1,ridge_static,val
DWY,2021-09,0.1864719901635095,0.75,14,DWY,2021-09-30,1,ridge_static,val
SNP,2021-09,0.1797942710969777,0.7307692307692308,15,SNP,2021-09-30,1,ridge_static,val
SOT,2021-09,0.17557283368149315,0.7115384615384616,16,SOT,2021-09-30,1,ridge_static,val
BCP,2021-09,0.16262375488456426,0.6923076923076923,17,BCP,2021-09-30,1,ridge_static,val
LBV,2021-09,0.14793151008433766,0.6730769230769231,18,LBV,2021-09-30,1,ridge_static,val
INV,2021-09,0.12941767706851393,0.6538461538461539,19,INV,2021-09-30,1,ridge_static,val
BOA,2021-09,0.11968854136742255,0.6346153846153846,20,BOA,2021-09-30,1,ridge_static,val
TQM,2021-09,0.11383939217239553,0.6153846153846154,21,TQM,2021-09-30,1,ridge_static,val
MNG,2021-09,0.10784658094154623,0.5961538461538461,22,MNG,2021-09-30,1,ridge_static,val
IBC,2021-09,0.0833918138264617,0.5769230769230769,23,IBC,2021-09-30,1,ridge_static,val
BAL,2021-09,0.06852164661986428,0.5576923076923077,24,BAL,2021-09-30,1,ridge_static,val
MSA,2021-09,0.06825772358257087,0.5384615384615384,25,MSA,2021-09-30,1,ridge_static,val
SID,2021-10,0.5317652757462759,1.0,1,SID,2021-10-29,1,ridge_static,val
ATH,2021-10,0.5020453077170831,0.9814814814814815,2,ATH,2021-10-29,1,ridge_static,val
AFM,2021-10,0.38453880992904654,0.962962962962963,3,AFM,2021-10-29,1,ridge_static,val
FBR,2021-10,0.36723743122254005,0.9444444444444444,4,FBR,2021-10-29,1,ridge_static,val
IAM,2021-10,0.31026005565514786,0.9259259259259259,5,IAM,2021-10-29,1,ridge_static,val
S2M,2021-10,0.28292623154078667,0.9074074074074074,6,S2M,2021-10-29,1,ridge_static,val
SOT,2021-10,0.26574606039382964,0.8888888888888888,7,SOT,2021-10-29,1,ridge_static,val
RDS,2021-10,0.23545669593569904,0.8703703703703703,8,RDS,2021-10-29,1,ridge_static,val
DWY,2021-10,0.2203161307438041,0.8518518518518519,9,DWY,2021-10-29,1,ridge_static,val
LHM,2021-10,0.21666013195284917,0.8333333333333334,10,LHM,2021-10-29,1,ridge_static,val
BOA,2021-10,0.20976059571982947,0.8148148148148149,11,BOA,2021-10-29,1,ridge_static,val
INV,2021-10,0.20794917718022168,0.7962962962962963,12,INV,2021-10-29,1,ridge_static,val
SNP,2021-10,0.19434665083630498,0.7777777777777778,13,SNP,2021-10-29,1,ridge_static,val
CSR,2021-10,0.18525691085217763,0.7592592592592593,14,CSR,2021-10-29,1,ridge_static,val
DRI,2021-10,0.18079953145164615,0.7407407407407407,15,DRI,2021-10-29,1,ridge_static,val
CTM,2021-10,0.17424993069940428,0.7222222222222222,16,CTM,2021-10-29,1,ridge_static,val
BCP,2021-10,0.17378235710162837,0.7037037037037037,17,BCP,2021-10-29,1,ridge_static,val
JET,2021-10,0.17340195182811263,0.6851851851851851,18,JET,2021-10-29,1,ridge_static,val
IMO,2021-10,0.16584688580898838,0.6666666666666667,19,IMO,2021-10-29,1,ridge_static,val
LBV,2021-10,0.15252112156741288,0.6481481481481481,20,LBV,2021-10-29,1,ridge_static,val
COL,2021-10,0.14419775150127823,0.6296296296296297,21,COL,2021-10-29,1,ridge_static,val
ATW,2021-10,0.13927203611595146,0.6111111111111112,22,ATW,2021-10-29,1,ridge_static,val
HPS,2021-10,0.09504225866633731,0.5925925925925926,23,HPS,2021-10-29,1,ridge_static,val
CMT,2021-10,0.07280956409786613,0.5740740740740741,24,CMT,2021-10-29,1,ridge_static,val
SBM,2021-10,0.0707402475322444,0.5555555555555556,25,SBM,2021-10-29,1,ridge_static,val
REB,2021-11,0.6231051184462622,1.0,1,REB,2021-11-30,1,ridge_static,val
FBR,2021-11,0.48560097200725094,0.9821428571428571,2,FBR,2021-11-30,1,ridge_static,val
SID,2021-11,0.4814602669686976,0.9642857142857143,3,SID,2021-11-30,1,ridge_static,val
ATH,2021-11,0.46148198845198046,0.9464285714285714,4,ATH,2021-11-30,1,ridge_static,val
PRO,2021-11,0.2950741760489442,0.9285714285714286,5,PRO,2021-11-30,1,ridge_static,val
RDS,2021-11,0.29041227000274994,0.9107142857142857,6,RDS,2021-11-30,1,ridge_static,val
LHM,2021-11,0.25553085204628734,0.8928571428571429,7,LHM,2021-11-30,1,ridge_static,val
SOT,2021-11,0.22880708871456246,0.875,8,SOT,2021-11-30,1,ridge_static,val
S2M,2021-11,0.2277618529276999,0.8571428571428572,9,S2M,2021-11-30,1,ridge_static,val
JET,2021-11,0.22469022670924177,0.8392857142857143,10,JET,2021-11-30,1,ridge_static,val
CTM,2021-11,0.22252836596779638,0.8214285714285714,11,CTM,2021-11-30,1,ridge_static,val
DWY,2021-11,0.21415697758771976,0.8035714285714286,12,DWY,2021-11-30,1,ridge_static,val
CSR,2021-11,0.20925449789396483,0.7857142857142857,13,CSR,2021-11-30,1,ridge_static,val
COL,2021-11,0.19903899440397382,0.7678571428571428,14,COL,2021-11-30,1,ridge_static,val
AFM,2021-11,0.19872422536348486,0.75,15,AFM,2021-11-30,1,ridge_static,val
IAM,2021-11,0.1926427407534424,0.7321428571428572,16,IAM,2021-11-30,1,ridge_static,val
SNP,2021-11,0.18082346431488613,0.7142857142857143,17,SNP,2021-11-30,1,ridge_static,val
INV,2021-11,0.17878939550911518,0.6964285714285714,18,INV,2021-11-30,1,ridge_static,val
ADH,2021-11,0.1526543721937888,0.6785714285714286,19,ADH,2021-11-30,1,ridge_static,val
ATW,2021-11,0.1424970576264799,0.6607142857142857,20,ATW,2021-11-30,1,ridge_static,val
IBC,2021-11,0.13942509196318167,0.6428571428571428,21,IBC,2021-11-30,1,ridge_static,val
MDP,2021-11,0.13135403743002044,0.625,22,MDP,2021-11-30,1,ridge_static,val
BCP,2021-11,0.12459978761328871,0.6071428571428572,23,BCP,2021-11-30,1,ridge_static,val
MNG,2021-11,0.11608311379034439,0.5892857142857143,24,MNG,2021-11-30,1,ridge_static,val
NKL,2021-11,0.10017626484727055,0.5714285714285714,25,NKL,2021-11-30,1,ridge_static,val
FBR,2021-12,0.5082346812637566,1.0,1,FBR,2021-12-31,1,ridge_static,val
ATH,2021-12,0.44562195088205436,0.9807692307692307,2,ATH,2021-12-31,1,ridge_static,val
S2M,2021-12,0.41585974551449206,0.9615384615384616,3,S2M,2021-12-31,1,ridge_static,val
MDP,2021-12,0.3320437346350264,0.9423076923076923,4,MDP,2021-12-31,1,ridge_static,val
SID,2021-12,0.3285467798481737,0.9230769230769231,5,SID,2021-12-31,1,ridge_static,val
LHM,2021-12,0.2875281644747767,0.9038461538461539,6,LHM,2021-12-31,1,ridge_static,val
DWY,2021-12,0.28142883257549356,0.8846153846153846,7,DWY,2021-12-31,1,ridge_static,val
COL,2021-12,0.26713767749387823,0.8653846153846154,8,COL,2021-12-31,1,ridge_static,val
MOX,2021-12,0.21255681129646303,0.8461538461538461,9,MOX,2021-12-31,1,ridge_static,val
INV,2021-12,0.20707101403697445,0.8269230769230769,10,INV,2021-12-31,1,ridge_static,val
CTM,2021-12,0.2050340073077531,0.8076923076923077,11,CTM,2021-12-31,1,ridge_static,val
RDS,2021-12,0.2049374297911351,0.7884615384615384,12,RDS,2021-12-31,1,ridge_static,val
AFM,2021-12,0.19174844442788358,0.7692307692307692,13,AFM,2021-12-31,1,ridge_static,val
CSR,2021-12,0.16614659453402575,0.75,14,CSR,2021-12-31,1,ridge_static,val
IAM,2021-12,0.15500236787304297,0.7307692307692308,15,IAM,2021-12-31,1,ridge_static,val
PRO,2021-12,0.14823597564581756,0.7115384615384616,16,PRO,2021-12-31,1,ridge_static,val
SOT,2021-12,0.14809975722009897,0.6923076923076923,17,SOT,2021-12-31,1,ridge_static,val
SNP,2021-12,0.14601526019993666,0.6730769230769231,18,SNP,2021-12-31,1,ridge_static,val
ATW,2021-12,0.14061357411376302,0.6538461538461539,19,ATW,2021-12-31,1,ridge_static,val
DHO,2021-12,0.13699043325592913,0.6346153846153846,20,DHO,2021-12-31,1,ridge_static,val
MIC,2021-12,0.13012870458652034,0.6153846153846154,21,MIC,2021-12-31,1,ridge_static,val
JET,2021-12,0.12935333488093773,0.5961538461538461,22,JET,2021-12-31,1,ridge_static,val
BCP,2021-12,0.12707717837245702,0.5769230769230769,23,BCP,2021-12-31,1,ridge_static,val
BOA,2021-12,0.11642575820879733,0.5576923076923077,24,BOA,2021-12-31,1,ridge_static,val
TQM,2021-12,0.11156237079647928,0.5384615384615384,25,TQM,2021-12-31,1,ridge_static,val
ATH,2022-01,0.5218571031035069,1.0,1,ATH,2022-01-31,1,ridge_static,val
FBR,2022-01,0.45273112606807353,0.9824561403508771,2,FBR,2022-01-31,1,ridge_static,val
AFM,2022-01,0.3906081486750142,0.9649122807017544,3,AFM,2022-01-31,1,ridge_static,val
SID,2022-01,0.33665106766256503,0.9473684210526316,4,SID,2022-01-31,1,ridge_static,val
PRO,2022-01,0.3283455234353361,0.9298245614035088,5,PRO,2022-01-31,1,ridge_static,val
INV,2022-01,0.30560942184415035,0.9122807017543859,6,INV,2022-01-31,1,ridge_static,val
MOX,2022-01,0.2582746414960538,0.8947368421052632,7,MOX,2022-01-31,1,ridge_static,val
MDP,2022-01,0.2502303514714025,0.8771929824561404,8,MDP,2022-01-31,1,ridge_static,val
IAM,2022-01,0.23911825824602873,0.8596491228070176,9,IAM,2022-01-31,1,ridge_static,val
S2M,2022-01,0.23732050713749428,0.8421052631578947,10,S2M,2022-01-31,1,ridge_static,val
SOT,2022-01,0.22065126871250423,0.8245614035087719,11,SOT,2022-01-31,1,ridge_static,val
CSR,2022-01,0.21035609135763106,0.8070175438596492,12,CSR,2022-01-31,1,ridge_static,val
BCP,2022-01,0.20758237339719018,0.7894736842105263,13,BCP,2022-01-31,1,ridge_static,val
COL,2022-01,0.2058350000158874,0.7719298245614035,14,COL,2022-01-31,1,ridge_static,val
RDS,2022-01,0.2055918312889426,0.7543859649122807,15,RDS,2022-01-31,1,ridge_static,val
DWY,2022-01,0.19915849771724195,0.736842105263158,16,DWY,2022-01-31,1,ridge_static,val
ADH,2022-01,0.18993144965981684,0.7192982456140351,17,ADH,2022-01-31,1,ridge_static,val
LBV,2022-01,0.1875294612481319,0.7017543859649122,18,LBV,2022-01-31,1,ridge_static,val
TQM,2022-01,0.18752844109373973,0.6842105263157895,19,TQM,2022-01-31,1,ridge_static,val
SNP,2022-01,0.16168689554513752,0.6666666666666667,20,SNP,2022-01-31,1,ridge_static,val
ATW,2022-01,0.16055257491585456,0.6491228070175439,21,ATW,2022-01-31,1,ridge_static,val
JET,2022-01,0.15220197610292588,0.631578947368421,22,JET,2022-01-31,1,ridge_static,val
NKL,2022-01,0.1515376604488293,0.6140350877192983,23,NKL,2022-01-31,1,ridge_static,val
LHM,2022-01,0.1303902122019686,0.5964912280701755,24,LHM,2022-01-31,1,ridge_static,val
MIC,2022-01,0.08437559129316602,0.5789473684210527,25,MIC,2022-01-31,1,ridge_static,val
FBR,2022-02,0.5845509914893131,1.0,1,FBR,2022-02-28,1,ridge_static,val
ATH,2022-02,0.42951644077179013,0.9821428571428571,2,ATH,2022-02-28,1,ridge_static,val
S2M,2022-02,0.36050204656588963,0.9642857142857143,3,S2M,2022-02-28,1,ridge_static,val
MOX,2022-02,0.35831056469555184,0.9464285714285714,4,MOX,2022-02-28,1,ridge_static,val
MDP,2022-02,0.35772331485388126,0.9285714285714286,5,MDP,2022-02-28,1,ridge_static,val
COL,2022-02,0.31057414646804066,0.9107142857142857,6,COL,2022-02-28,1,ridge_static,val
SID,2022-02,0.3005065736878882,0.8928571428571429,7,SID,2022-02-28,1,ridge_static,val
DWY,2022-02,0.22973905561393743,0.875,8,DWY,2022-02-28,1,ridge_static,val
RDS,2022-02,0.20305896511650537,0.8571428571428572,9,RDS,2022-02-28,1,ridge_static,val
AFM,2022-02,0.1990001706105678,0.8392857142857143,10,AFM,2022-02-28,1,ridge_static,val
INV,2022-02,0.18995681018636973,0.8214285714285714,11,INV,2022-02-28,1,ridge_static,val
JET,2022-02,0.18853736702539906,0.8035714285714286,12,JET,2022-02-28,1,ridge_static,val
IAM,2022-02,0.18562937838860902,0.7857142857142857,13,IAM,2022-02-28,1,ridge_static,val
CTM,2022-02,0.1797998966907945,0.7678571428571428,14,CTM,2022-02-28,1,ridge_static,val
AGM,2022-02,0.17758734180526894,0.75,15,AGM,2022-02-28,1,ridge_static,val
PRO,2022-02,0.1667754261606554,0.7321428571428572,16,PRO,2022-02-28,1,ridge_static,val
LHM,2022-02,0.15340310485484898,0.7142857142857143,17,LHM,2022-02-28,1,ridge_static,val
BAL,2022-02,0.14918967971030642,0.6964285714285714,18,BAL,2022-02-28,1,ridge_static,val
TQM,2022-02,0.14444932113211018,0.6785714285714286,19,TQM,2022-02-28,1,ridge_static,val
IMO,2022-02,0.13819054048188362,0.6607142857142857,20,IMO,2022-02-28,1,ridge_static,val
SOT,2022-02,0.13001513197999895,0.6428571428571428,21,SOT,2022-02-28,1,ridge_static,val
NKL,2022-02,0.12835613582563316,0.625,22,NKL,2022-02-28,1,ridge_static,val
CSR,2022-02,0.12283261335708132,0.6071428571428572,23,CSR,2022-02-28,1,ridge_static,val
SNP,2022-02,0.11039591303097937,0.5892857142857143,24,SNP,2022-02-28,1,ridge_static,val
ATW,2022-02,0.0805783871799687,0.5714285714285714,25,ATW,2022-02-28,1,ridge_static,val
ATH,2022-03,0.4800639565205625,1.0,1,ATH,2022-03-31,1,ridge_static,val
SID,2022-03,0.43556411744599904,0.9821428571428571,2,SID,2022-03-31,1,ridge_static,val
FBR,2022-03,0.41444785497621683,0.9642857142857143,3,FBR,2022-03-31,1,ridge_static,val
AFM,2022-03,0.328067335663661,0.9464285714285714,4,AFM,2022-03-31,1,ridge_static,val
S2M,2022-03,0.3184627429497767,0.9285714285714286,5,S2M,2022-03-31,1,ridge_static,val
DWY,2022-03,0.26124845739588115,0.9107142857142857,6,DWY,2022-03-31,1,ridge_static,val
AGM,2022-03,0.21938885213656797,0.8928571428571429,7,AGM,2022-03-31,1,ridge_static,val
JET,2022-03,0.21688590833267554,0.875,8,JET,2022-03-31,1,ridge_static,val
MOX,2022-03,0.21284743849026966,0.8571428571428572,9,MOX,2022-03-31,1,ridge_static,val
RDS,2022-03,0.20401258985111517,0.8392857142857143,10,RDS,2022-03-31,1,ridge_static,val
IAM,2022-03,0.19638850438493255,0.8214285714285714,11,IAM,2022-03-31,1,ridge_static,val
CTM,2022-03,0.1905504766783527,0.8035714285714286,12,CTM,2022-03-31,1,ridge_static,val
TGC,2022-03,0.18374878381073156,0.7857142857142857,13,TGC,2022-03-31,1,ridge_static,val
BOA,2022-03,0.16793756056257342,0.7678571428571428,14,BOA,2022-03-31,1,ridge_static,val
INV,2022-03,0.15698367803926463,0.75,15,INV,2022-03-31,1,ridge_static,val
LHM,2022-03,0.15430746036748466,0.7321428571428572,16,LHM,2022-03-31,1,ridge_static,val
ATL,2022-03,0.15307876827172934,0.7142857142857143,17,ATL,2022-03-31,1,ridge_static,val
COL,2022-03,0.151542673760801,0.6964285714285714,18,COL,2022-03-31,1,ridge_static,val
IMO,2022-03,0.13824728119741983,0.6785714285714286,19,IMO,2022-03-31,1,ridge_static,val
SNP,2022-03,0.13437073121876236,0.6607142857142857,20,SNP,2022-03-31,1,ridge_static,val
MDP,2022-03,0.13229457093230593,0.6428571428571428,21,MDP,2022-03-31,1,ridge_static,val
SOT,2022-03,0.1321838837877914,0.625,22,SOT,2022-03-31,1,ridge_static,val
PRO,2022-03,0.12666282411923058,0.6071428571428572,23,PRO,2022-03-31,1,ridge_static,val
IBC,2022-03,0.12035513795689189,0.5892857142857143,24,IBC,2022-03-31,1,ridge_static,val
ADH,2022-03,0.1192643551560228,0.5714285714285714,25,ADH,2022-03-31,1,ridge_static,val
SID,2022-04,0.456691074604747,1.0,1,SID,2022-04-29,1,ridge_static,val
ATH,2022-04,0.4440642039890149,0.9824561403508771,2,ATH,2022-04-29,1,ridge_static,val
FBR,2022-04,0.4258133838278336,0.9649122807017544,3,FBR,2022-04-29,1,ridge_static,val
SNP,2022-04,0.3014857479652856,0.9473684210526316,4,SNP,2022-04-29,1,ridge_static,val
MDP,2022-04,0.3002665742091406,0.9298245614035088,5,MDP,2022-04-29,1,ridge_static,val
S2M,2022-04,0.2917482140237552,0.9122807017543859,6,S2M,2022-04-29,1,ridge_static,val
COL,2022-04,0.2552303600873118,0.8947368421052632,7,COL,2022-04-29,1,ridge_static,val
TGC,2022-04,0.25113736834610567,0.8771929824561404,8,TGC,2022-04-29,1,ridge_static,val
ADH,2022-04,0.24039121071854497,0.8596491228070176,9,ADH,2022-04-29,1,ridge_static,val
CTM,2022-04,0.23160883636240628,0.8421052631578947,10,CTM,2022-04-29,1,ridge_static,val
IAM,2022-04,0.2308481522678949,0.8245614035087719,11,IAM,2022-04-29,1,ridge_static,val
RDS,2022-04,0.2106310051890578,0.8070175438596492,12,RDS,2022-04-29,1,ridge_static,val
JET,2022-04,0.20700369781579098,0.7894736842105263,13,JET,2022-04-29,1,ridge_static,val
BOA,2022-04,0.19721766266260485,0.7719298245614035,14,BOA,2022-04-29,1,ridge_static,val
DWY,2022-04,0.196722864760369,0.7543859649122807,15,DWY,2022-04-29,1,ridge_static,val
LHM,2022-04,0.19638308927645573,0.736842105263158,16,LHM,2022-04-29,1,ridge_static,val
ATW,2022-04,0.18481889770857116,0.7192982456140351,17,ATW,2022-04-29,1,ridge_static,val
CSR,2022-04,0.14305351340386735,0.7017543859649122,18,CSR,2022-04-29,1,ridge_static,val
BCP,2022-04,0.1425196603732825,0.6842105263157895,19,BCP,2022-04-29,1,ridge_static,val
AFM,2022-04,0.14083297817119889,0.6666666666666667,20,AFM,2022-04-29,1,ridge_static,val
ATL,2022-04,0.11982226708373284,0.6491228070175439,21,ATL,2022-04-29,1,ridge_static,val
INV,2022-04,0.1177269193912739,0.631578947368421,22,INV,2022-04-29,1,ridge_static,val
LBV,2022-04,0.11019966905008746,0.6140350877192983,23,LBV,2022-04-29,1,ridge_static,val
MSA,2022-04,0.10461216357984149,0.5964912280701755,24,MSA,2022-04-29,1,ridge_static,val
MNG,2022-04,0.0963129580623188,0.5789473684210527,25,MNG,2022-04-29,1,ridge_static,val
SID,2022-05,0.48205291942374984,1.0,1,SID,2022-05-31,1,ridge_static,val
FBR,2022-05,0.4418924232868784,0.9818181818181818,2,FBR,2022-05-31,1,ridge_static,val
ATH,2022-05,0.3852647788685643,0.9636363636363636,3,ATH,2022-05-31,1,ridge_static,val
MDP,2022-05,0.3307935987825702,0.9454545454545454,4,MDP,2022-05-31,1,ridge_static,val
INV,2022-05,0.31812493980647477,0.9272727272727272,5,INV,2022-05-31,1,ridge_static,val
S2M,2022-05,0.2762221066655558,0.9090909090909091,6,S2M,2022-05-31,1,ridge_static,val
MOX,2022-05,0.27225827759763055,0.8909090909090909,7,MOX,2022-05-31,1,ridge_static,val
COL,2022-05,0.2672447167882314,0.8727272727272728,8,COL,2022-05-31,1,ridge_static,val
JET,2022-05,0.26166844501193287,0.8545454545454545,9,JET,2022-05-31,1,ridge_static,val
DWY,2022-05,0.24202815944539913,0.8363636363636364,10,DWY,2022-05-31,1,ridge_static,val
RDS,2022-05,0.22815800804240036,0.8181818181818181,11,RDS,2022-05-31,1,ridge_static,val
LHM,2022-05,0.21489884669925358,0.8,12,LHM,2022-05-31,1,ridge_static,val
AFM,2022-05,0.20857276513065137,0.7818181818181819,13,AFM,2022-05-31,1,ridge_static,val
CTM,2022-05,0.2019464002940562,0.7636363636363637,14,CTM,2022-05-31,1,ridge_static,val
TGC,2022-05,0.18442810976333257,0.7454545454545455,15,TGC,2022-05-31,1,ridge_static,val
IAM,2022-05,0.1734556974652697,0.7272727272727273,16,IAM,2022-05-31,1,ridge_static,val
BCP,2022-05,0.16228139104414785,0.7090909090909091,17,BCP,2022-05-31,1,ridge_static,val
CSR,2022-05,0.15386372010477764,0.6909090909090909,18,CSR,2022-05-31,1,ridge_static,val
BOA,2022-05,0.1514471237729153,0.6727272727272727,19,BOA,2022-05-31,1,ridge_static,val
ATW,2022-05,0.1427800129786844,0.6545454545454545,20,ATW,2022-05-31,1,ridge_static,val
SNP,2022-05,0.12711013595193144,0.6363636363636364,21,SNP,2022-05-31,1,ridge_static,val
ADH,2022-05,0.12590543201521798,0.6181818181818182,22,ADH,2022-05-31,1,ridge_static,val
SOT,2022-05,0.12418579117358447,0.6,23,SOT,2022-05-31,1,ridge_static,val
ATL,2022-05,0.11800498074673656,0.5818181818181818,24,ATL,2022-05-31,1,ridge_static,val
IMO,2022-05,0.10026122809946093,0.5636363636363637,25,IMO,2022-05-31,1,ridge_static,val
ATH,2022-06,0.4418617839319372,1.0,1,ATH,2022-06-30,1,ridge_static,val
FBR,2022-06,0.402727189503117,0.9811320754716981,2,FBR,2022-06-30,1,ridge_static,val
SID,2022-06,0.39666641481462933,0.9622641509433962,3,SID,2022-06-30,1,ridge_static,val
MDP,2022-06,0.36316679480026515,0.9433962264150944,4,MDP,2022-06-30,1,ridge_static,val
DWY,2022-06,0.32726111016697945,0.9245283018867925,5,DWY,2022-06-30,1,ridge_static,val
S2M,2022-06,0.2951249577620231,0.9056603773584906,6,S2M,2022-06-30,1,ridge_static,val
AFM,2022-06,0.276519789363041,0.8867924528301887,7,AFM,2022-06-30,1,ridge_static,val
RDS,2022-06,0.24346650409301462,0.8679245283018868,8,RDS,2022-06-30,1,ridge_static,val
COL,2022-06,0.21063037357953807,0.8490566037735849,9,COL,2022-06-30,1,ridge_static,val
SNP,2022-06,0.21006873568438159,0.8301886792452831,10,SNP,2022-06-30,1,ridge_static,val
MNG,2022-06,0.2046062706477375,0.8113207547169812,11,MNG,2022-06-30,1,ridge_static,val
CTM,2022-06,0.20041571270484734,0.7924528301886793,12,CTM,2022-06-30,1,ridge_static,val
IAM,2022-06,0.18681991995213595,0.7735849056603774,13,IAM,2022-06-30,1,ridge_static,val
LHM,2022-06,0.1754005983933816,0.7547169811320755,14,LHM,2022-06-30,1,ridge_static,val
JET,2022-06,0.16742390152400233,0.7358490566037736,15,JET,2022-06-30,1,ridge_static,val
INV,2022-06,0.1642180798284095,0.7169811320754718,16,INV,2022-06-30,1,ridge_static,val
TGC,2022-06,0.14457437271938675,0.6981132075471699,17,TGC,2022-06-30,1,ridge_static,val
CSR,2022-06,0.1445429252476089,0.679245283018868,18,CSR,2022-06-30,1,ridge_static,val
BOA,2022-06,0.13370212864109132,0.6603773584905661,19,BOA,2022-06-30,1,ridge_static,val
IMO,2022-06,0.12750127663456184,0.6415094339622642,20,IMO,2022-06-30,1,ridge_static,val
ATW,2022-06,0.11933022789265281,0.6226415094339622,21,ATW,2022-06-30,1,ridge_static,val
TQM,2022-06,0.11639486415003274,0.6037735849056604,22,TQM,2022-06-30,1,ridge_static,val
LBV,2022-06,0.11379029172253394,0.5849056603773585,23,LBV,2022-06-30,1,ridge_static,val
BCP,2022-06,0.0894782661414841,0.5660377358490566,24,BCP,2022-06-30,1,ridge_static,val
ATL,2022-06,0.08067607821640407,0.5471698113207547,25,ATL,2022-06-30,1,ridge_static,val
ATH,2022-07,0.4071570375723578,1.0,1,ATH,2022-07-29,1,ridge_static,val
SID,2022-07,0.392001845602201,0.9811320754716981,2,SID,2022-07-29,1,ridge_static,val
COL,2022-07,0.3352950758585056,0.9622641509433962,3,COL,2022-07-29,1,ridge_static,val
DWY,2022-07,0.3120647473993926,0.9433962264150944,4,DWY,2022-07-29,1,ridge_static,val
S2M,2022-07,0.2863434225204493,0.9245283018867925,5,S2M,2022-07-29,1,ridge_static,val
MDP,2022-07,0.2728028720034481,0.9056603773584906,6,MDP,2022-07-29,1,ridge_static,val
FBR,2022-07,0.2629271546012841,0.8867924528301887,7,FBR,2022-07-29,1,ridge_static,val
IAM,2022-07,0.23538094875387516,0.8679245283018868,8,IAM,2022-07-29,1,ridge_static,val
RDS,2022-07,0.23490347054801186,0.8490566037735849,9,RDS,2022-07-29,1,ridge_static,val
CTM,2022-07,0.225028722849204,0.8301886792452831,10,CTM,2022-07-29,1,ridge_static,val
AFM,2022-07,0.2125105900160775,0.8113207547169812,11,AFM,2022-07-29,1,ridge_static,val
SNP,2022-07,0.18853671263113453,0.7924528301886793,12,SNP,2022-07-29,1,ridge_static,val
LBV,2022-07,0.17155945581304596,0.7735849056603774,13,LBV,2022-07-29,1,ridge_static,val
LHM,2022-07,0.16753750562403164,0.7547169811320755,14,LHM,2022-07-29,1,ridge_static,val
CSR,2022-07,0.13231171341020542,0.7358490566037736,15,CSR,2022-07-29,1,ridge_static,val
BAL,2022-07,0.13187554237143245,0.7169811320754718,16,BAL,2022-07-29,1,ridge_static,val
MNG,2022-07,0.1157086209151445,0.6981132075471699,17,MNG,2022-07-29,1,ridge_static,val
AGM,2022-07,0.1109664675072979,0.679245283018868,18,AGM,2022-07-29,1,ridge_static,val
PRO,2022-07,0.10146954594869459,0.6603773584905661,19,PRO,2022-07-29,1,ridge_static,val
ATL,2022-07,0.09174130147599067,0.6415094339622642,20,ATL,2022-07-29,1,ridge_static,val
TQM,2022-07,0.08869510299832847,0.6226415094339622,21,TQM,2022-07-29,1,ridge_static,val
ATW,2022-07,0.08727383851119364,0.6037735849056604,22,ATW,2022-07-29,1,ridge_static,val
BOA,2022-07,0.07766427093417244,0.5849056603773585,23,BOA,2022-07-29,1,ridge_static,val
IMO,2022-07,0.06586915295354612,0.5660377358490566,24,IMO,2022-07-29,1,ridge_static,val
TGC,2022-07,0.06325573964826457,0.5471698113207547,25,TGC,2022-07-29,1,ridge_static,val
ATH,2022-08,0.437228746259513,1.0,1,ATH,2022-08-31,1,ridge_static,val
SID,2022-08,0.4115529211931785,0.9811320754716981,2,SID,2022-08-31,1,ridge_static,val
AFM,2022-08,0.32487405088350063,0.9622641509433962,3,AFM,2022-08-31,1,ridge_static,val
RDS,2022-08,0.23435954369602768,0.9433962264150944,4,RDS,2022-08-31,1,ridge_static,val
S2M,2022-08,0.23216247596408887,0.9245283018867925,5,S2M,2022-08-31,1,ridge_static,val
SBM,2022-08,0.2264875677207659,0.9056603773584906,6,SBM,2022-08-31,1,ridge_static,val
IAM,2022-08,0.1953280659761466,0.8867924528301887,7,IAM,2022-08-31,1,ridge_static,val
FBR,2022-08,0.1943293947084585,0.8679245283018868,8,FBR,2022-08-31,1,ridge_static,val
SNP,2022-08,0.19041048688115889,0.8490566037735849,9,SNP,2022-08-31,1,ridge_static,val
TQM,2022-08,0.18825176441619523,0.8301886792452831,10,TQM,2022-08-31,1,ridge_static,val
COL,2022-08,0.18385951717013221,0.8113207547169812,11,COL,2022-08-31,1,ridge_static,val
CSR,2022-08,0.18092343385154366,0.7924528301886793,12,CSR,2022-08-31,1,ridge_static,val
LBV,2022-08,0.1782618031275156,0.7735849056603774,13,LBV,2022-08-31,1,ridge_static,val
DWY,2022-08,0.17268116753657592,0.7547169811320755,14,DWY,2022-08-31,1,ridge_static,val
MNG,2022-08,0.16037825602813366,0.7358490566037736,15,MNG,2022-08-31,1,ridge_static,val
MOX,2022-08,0.15391686158330714,0.7169811320754718,16,MOX,2022-08-31,1,ridge_static,val
TGC,2022-08,0.14222529906880066,0.6981132075471699,17,TGC,2022-08-31,1,ridge_static,val
ATW,2022-08,0.13730519769623792,0.679245283018868,18,ATW,2022-08-31,1,ridge_static,val
DYT,2022-08,0.12942956470569353,0.6603773584905661,19,DYT,2022-08-31,1,ridge_static,val
LHM,2022-08,0.12897493276483793,0.6415094339622642,20,LHM,2022-08-31,1,ridge_static,val
BCP,2022-08,0.1190643592940932,0.6226415094339622,21,BCP,2022-08-31,1,ridge_static,val
IBC,2022-08,0.11740476327776739,0.6037735849056604,22,IBC,2022-08-31,1,ridge_static,val
CTM,2022-08,0.11527929180684722,0.5849056603773585,23,CTM,2022-08-31,1,ridge_static,val
IMO,2022-08,0.10900468282913159,0.5660377358490566,24,IMO,2022-08-31,1,ridge_static,val
MLE,2022-08,0.10663765142054031,0.5471698113207547,25,MLE,2022-08-31,1,ridge_static,val
IMO,2022-09,0.4478383050419402,1.0,1,IMO,2022-09-30,1,ridge_static,val
AFM,2022-09,0.3657151426114998,0.9827586206896551,2,AFM,2022-09-30,1,ridge_static,val
SNP,2022-09,0.34681142422387956,0.9655172413793104,3,SNP,2022-09-30,1,ridge_static,val
OUL,2022-09,0.2699700916615773,0.9482758620689655,4,OUL,2022-09-30,1,ridge_static,val
SID,2022-09,0.26871662311271893,0.9310344827586207,5,SID,2022-09-30,1,ridge_static,val
CMT,2022-09,0.24688726118777105,0.9137931034482758,6,CMT,2022-09-30,1,ridge_static,val
SMI,2022-09,0.23980539685657154,0.896551724137931,7,SMI,2022-09-30,1,ridge_static,val
IAM,2022-09,0.2328695235507805,0.8793103448275862,8,IAM,2022-09-30,1,ridge_static,val
INV,2022-09,0.23135579228544778,0.8620689655172413,9,INV,2022-09-30,1,ridge_static,val
SRM,2022-09,0.21106496143636871,0.8448275862068966,10,SRM,2022-09-30,1,ridge_static,val
BAL,2022-09,0.21033026989258943,0.8275862068965517,11,BAL,2022-09-30,1,ridge_static,val
LBV,2022-09,0.20746434434146604,0.8103448275862069,12,LBV,2022-09-30,1,ridge_static,val
RIS,2022-09,0.20066263707678678,0.7931034482758621,13,RIS,2022-09-30,1,ridge_static,val
MIC,2022-09,0.19832648624760002,0.7758620689655172,14,MIC,2022-09-30,1,ridge_static,val
MOX,2022-09,0.19300995885866218,0.7586206896551724,15,MOX,2022-09-30,1,ridge_static,val
CDM,2022-09,0.183971588133734,0.7413793103448276,16,CDM,2022-09-30,1,ridge_static,val
MSA,2022-09,0.18131790526988378,0.7241379310344828,17,MSA,2022-09-30,1,ridge_static,val
MNG,2022-09,0.17214365247609145,0.7068965517241379,18,MNG,2022-09-30,1,ridge_static,val
MDP,2022-09,0.14550433939497961,0.6896551724137931,19,MDP,2022-09-30,1,ridge_static,val
TQM,2022-09,0.14292997595187495,0.6724137931034483,20,TQM,2022-09-30,1,ridge_static,val
MAB,2022-09,0.13362102285763042,0.6551724137931034,21,MAB,2022-09-30,1,ridge_static,val
HPS,2022-09,0.1305362611365634,0.6379310344827587,22,HPS,2022-09-30,1,ridge_static,val
SOT,2022-09,0.11911822245434672,0.6206896551724138,23,SOT,2022-09-30,1,ridge_static,val
GAZ,2022-09,0.11425014884601409,0.603448275862069,24,GAZ,2022-09-30,1,ridge_static,val
TMA,2022-09,0.11377712866406926,0.5862068965517242,25,TMA,2022-09-30,1,ridge_static,val
IMO,2022-10,0.45092120836431815,1.0,1,IMO,2022-10-31,1,ridge_static,val
AFM,2022-10,0.33437322408592424,0.9811320754716981,2,AFM,2022-10-31,1,ridge_static,val
SNP,2022-10,0.33144299944004635,0.9622641509433962,3,SNP,2022-10-31,1,ridge_static,val
SMI,2022-10,0.30103523984334596,0.9433962264150944,4,SMI,2022-10-31,1,ridge_static,val
IAM,2022-10,0.2880249601350566,0.9245283018867925,5,IAM,2022-10-31,1,ridge_static,val
MIC,2022-10,0.27658317745780797,0.9056603773584906,6,MIC,2022-10-31,1,ridge_static,val
MDP,2022-10,0.2757700337977103,0.8867924528301887,7,MDP,2022-10-31,1,ridge_static,val
INV,2022-10,0.24647535371159654,0.8679245283018868,8,INV,2022-10-31,1,ridge_static,val
CMT,2022-10,0.2419475092814154,0.8490566037735849,9,CMT,2022-10-31,1,ridge_static,val
MNG,2022-10,0.2217987323020545,0.8301886792452831,10,MNG,2022-10-31,1,ridge_static,val
LES,2022-10,0.20761364861901743,0.8113207547169812,11,LES,2022-10-31,1,ridge_static,val
MSA,2022-10,0.20660245707539585,0.7924528301886793,12,MSA,2022-10-31,1,ridge_static,val
RIS,2022-10,0.19354128730595116,0.7735849056603774,13,RIS,2022-10-31,1,ridge_static,val
DHO,2022-10,0.18356710984333174,0.7547169811320755,14,DHO,2022-10-31,1,ridge_static,val
MAB,2022-10,0.16785718637990338,0.7358490566037736,15,MAB,2022-10-31,1,ridge_static,val
SID,2022-10,0.16763283300490928,0.7169811320754718,16,SID,2022-10-31,1,ridge_static,val
BOA,2022-10,0.16693114892088465,0.6981132075471699,17,BOA,2022-10-31,1,ridge_static,val
NKL,2022-10,0.14981902834881933,0.679245283018868,18,NKL,2022-10-31,1,ridge_static,val
BCP,2022-10,0.13557826563992847,0.6603773584905661,19,BCP,2022-10-31,1,ridge_static,val
JET,2022-10,0.13084582429573866,0.6415094339622642,20,JET,2022-10-31,1,ridge_static,val
DYT,2022-10,0.12859477234040437,0.6226415094339622,21,DYT,2022-10-31,1,ridge_static,val
CDM,2022-10,0.12848438619738425,0.6037735849056604,22,CDM,2022-10-31,1,ridge_static,val
ATW,2022-10,0.12783691121241264,0.5849056603773585,23,ATW,2022-10-31,1,ridge_static,val
GAZ,2022-10,0.1242632940510697,0.5660377358490566,24,GAZ,2022-10-31,1,ridge_static,val
SOT,2022-10,0.1165810779491802,0.5471698113207547,25,SOT,2022-10-31,1,ridge_static,val
IMO,2022-11,0.38808529553861965,1.0,1,IMO,2022-11-30,1,ridge_static,val
SNP,2022-11,0.35363432594084643,0.9833333333333333,2,SNP,2022-11-30,1,ridge_static,val
AFM,2022-11,0.3474746155372611,0.9666666666666667,3,AFM,2022-11-30,1,ridge_static,val
SMI,2022-11,0.30351327750589063,0.95,4,SMI,2022-11-30,1,ridge_static,val
OUL,2022-11,0.273445576630954,0.9333333333333333,5,OUL,2022-11-30,1,ridge_static,val
MDP,2022-11,0.26486897740357274,0.9166666666666666,6,MDP,2022-11-30,1,ridge_static,val
IAM,2022-11,0.2613103943742392,0.9,7,IAM,2022-11-30,1,ridge_static,val
MSA,2022-11,0.2492151490871095,0.8833333333333333,8,MSA,2022-11-30,1,ridge_static,val
BOA,2022-11,0.22953264068697365,0.8666666666666667,9,BOA,2022-11-30,1,ridge_static,val
LES,2022-11,0.21068686380489576,0.85,10,LES,2022-11-30,1,ridge_static,val
BCP,2022-11,0.20127736584712172,0.8333333333333334,11,BCP,2022-11-30,1,ridge_static,val
MIC,2022-11,0.19112389415747433,0.8166666666666667,12,MIC,2022-11-30,1,ridge_static,val
MNG,2022-11,0.17224686451336804,0.8,13,MNG,2022-11-30,1,ridge_static,val
CMT,2022-11,0.16242491398463854,0.7833333333333333,14,CMT,2022-11-30,1,ridge_static,val
SRM,2022-11,0.16050244492243804,0.7666666666666666,15,SRM,2022-11-30,1,ridge_static,val
CTM,2022-11,0.15964693251332623,0.75,16,CTM,2022-11-30,1,ridge_static,val
SID,2022-11,0.15706687313008325,0.7333333333333334,17,SID,2022-11-30,1,ridge_static,val
CRS,2022-11,0.15360978336516706,0.7166666666666667,18,CRS,2022-11-30,1,ridge_static,val
JET,2022-11,0.14531275591998868,0.7,19,JET,2022-11-30,1,ridge_static,val
DYT,2022-11,0.13968630181724206,0.6833333333333333,20,DYT,2022-11-30,1,ridge_static,val
SOT,2022-11,0.1336991053237595,0.6666666666666667,21,SOT,2022-11-30,1,ridge_static,val
PRO,2022-11,0.13047517329493757,0.65,22,PRO,2022-11-30,1,ridge_static,val
IBC,2022-11,0.12526356349163625,0.6333333333333333,23,IBC,2022-11-30,1,ridge_static,val
NKL,2022-11,0.12103340214677967,0.6166666666666667,24,NKL,2022-11-30,1,ridge_static,val
DHO,2022-11,0.11835860208797414,0.6,25,DHO,2022-11-30,1,ridge_static,val
MDP,2022-12,0.4829571308643517,1.0,1,MDP,2022-12-30,1,ridge_static,val
IMO,2022-12,0.42015640674335514,0.9830508474576272,2,IMO,2022-12-30,1,ridge_static,val
RIS,2022-12,0.314402660476383,0.9661016949152542,3,RIS,2022-12-30,1,ridge_static,val
IAM,2022-12,0.30295860456046625,0.9491525423728814,4,IAM,2022-12-30,1,ridge_static,val
AFM,2022-12,0.29821231451481145,0.9322033898305084,5,AFM,2022-12-30,1,ridge_static,val
MNG,2022-12,0.2970833034003031,0.9152542372881356,6,MNG,2022-12-30,1,ridge_static,val
DYT,2022-12,0.2527105356630293,0.8983050847457628,7,DYT,2022-12-30,1,ridge_static,val
SRM,2022-12,0.24307873884742082,0.8813559322033898,8,SRM,2022-12-30,1,ridge_static,val
MIC,2022-12,0.23948384344202484,0.864406779661017,9,MIC,2022-12-30,1,ridge_static,val
MSA,2022-12,0.20896981275167065,0.847457627118644,10,MSA,2022-12-30,1,ridge_static,val
LES,2022-12,0.20772096825436587,0.8305084745762712,11,LES,2022-12-30,1,ridge_static,val
SNP,2022-12,0.19531564250462752,0.8135593220338984,12,SNP,2022-12-30,1,ridge_static,val
INV,2022-12,0.17682769485647598,0.7966101694915254,13,INV,2022-12-30,1,ridge_static,val
BOA,2022-12,0.17562467993086464,0.7796610169491526,14,BOA,2022-12-30,1,ridge_static,val
DHO,2022-12,0.17489238207594734,0.7627118644067796,15,DHO,2022-12-30,1,ridge_static,val
SID,2022-12,0.1620906746784776,0.7457627118644068,16,SID,2022-12-30,1,ridge_static,val
CMT,2022-12,0.16085738053688514,0.728813559322034,17,CMT,2022-12-30,1,ridge_static,val
BCP,2022-12,0.15764539744436912,0.711864406779661,18,BCP,2022-12-30,1,ridge_static,val
HPS,2022-12,0.14757729971610464,0.6949152542372881,19,HPS,2022-12-30,1,ridge_static,val
SMI,2022-12,0.14551425659795708,0.6779661016949152,20,SMI,2022-12-30,1,ridge_static,val
ATW,2022-12,0.14104452260991354,0.6610169491525424,21,ATW,2022-12-30,1,ridge_static,val
TMA,2022-12,0.12323431852620788,0.6440677966101696,22,TMA,2022-12-30,1,ridge_static,val
JET,2022-12,0.1209576032789959,0.6271186440677966,23,JET,2022-12-30,1,ridge_static,val
REB,2022-12,0.11982362339354373,0.6101694915254237,24,REB,2022-12-30,1,ridge_static,val
MOX,2022-12,0.11703299519124345,0.5932203389830508,25,MOX,2022-12-30,1,ridge_static,val
IMO,2023-01,0.4697799210117056,1.0,1,IMO,2023-01-31,1,ridge_static,test
MDP,2023-01,0.40426560635009157,0.9841269841269842,2,MDP,2023-01-31,1,ridge_static,test
AFM,2023-01,0.29074466664480947,0.9682539682539683,3,AFM,2023-01-31,1,ridge_static,test
SRM,2023-01,0.26738000534074713,0.9523809523809523,4,SRM,2023-01-31,1,ridge_static,test
RIS,2023-01,0.2610735258215928,0.9365079365079365,5,RIS,2023-01-31,1,ridge_static,test
TQM,2023-01,0.2602871784701969,0.9206349206349207,6,TQM,2023-01-31,1,ridge_static,test
SMI,2023-01,0.2578871414553872,0.9047619047619048,7,SMI,2023-01-31,1,ridge_static,test
INV,2023-01,0.2568263717801503,0.8888888888888888,8,INV,2023-01-31,1,ridge_static,test
IAM,2023-01,0.2457876450791931,0.873015873015873,9,IAM,2023-01-31,1,ridge_static,test
OUL,2023-01,0.2242621561782402,0.8571428571428572,10,OUL,2023-01-31,1,ridge_static,test
SNP,2023-01,0.21636640805732213,0.8412698412698413,11,SNP,2023-01-31,1,ridge_static,test
MNG,2023-01,0.21230652131578195,0.8253968253968254,12,MNG,2023-01-31,1,ridge_static,test
JET,2023-01,0.20868192327115878,0.8095238095238095,13,JET,2023-01-31,1,ridge_static,test
MAB,2023-01,0.20252617570766457,0.7936507936507937,14,MAB,2023-01-31,1,ridge_static,test
MIC,2023-01,0.18339987735640179,0.7777777777777778,15,MIC,2023-01-31,1,ridge_static,test
ATW,2023-01,0.17671259121685132,0.7619047619047619,16,ATW,2023-01-31,1,ridge_static,test
MSA,2023-01,0.16015826255506452,0.746031746031746,17,MSA,2023-01-31,1,ridge_static,test
HPS,2023-01,0.15986578776482116,0.7301587301587302,18,HPS,2023-01-31,1,ridge_static,test
AKT,2023-01,0.1557621032160167,0.7142857142857143,19,AKT,2023-01-31,1,ridge_static,test
LES,2023-01,0.15471097591432367,0.6984126984126984,20,LES,2023-01-31,1,ridge_static,test
SOT,2023-01,0.15028892389519724,0.6825396825396826,21,SOT,2023-01-31,1,ridge_static,test
CMT,2023-01,0.13869213935656016,0.6666666666666667,22,CMT,2023-01-31,1,ridge_static,test
DHO,2023-01,0.13564021161032072,0.6507936507936508,23,DHO,2023-01-31,1,ridge_static,test
BOA,2023-01,0.11145235828408645,0.6349206349206349,24,BOA,2023-01-31,1,ridge_static,test
BAL,2023-01,0.10910083027788318,0.6190476190476191,25,BAL,2023-01-31,1,ridge_static,test
IMO,2023-02,0.44285528286775,1.0,1,IMO,2023-02-28,1,ridge_static,test
JET,2023-02,0.3356464739404923,0.9836065573770492,2,JET,2023-02-28,1,ridge_static,test
MDP,2023-02,0.3314659948837591,0.9672131147540983,3,MDP,2023-02-28,1,ridge_static,test
HPS,2023-02,0.3249150024682721,0.9508196721311475,4,HPS,2023-02-28,1,ridge_static,test
AFM,2023-02,0.3239391077003324,0.9344262295081968,5,AFM,2023-02-28,1,ridge_static,test
MAB,2023-02,0.32257779956001287,0.9180327868852459,6,MAB,2023-02-28,1,ridge_static,test
DHO,2023-02,0.3170901810619785,0.9016393442622951,7,DHO,2023-02-28,1,ridge_static,test
TQM,2023-02,0.2974540851649408,0.8852459016393442,8,TQM,2023-02-28,1,ridge_static,test
SMI,2023-02,0.2828289625523774,0.8688524590163934,9,SMI,2023-02-28,1,ridge_static,test
CMT,2023-02,0.25677385185092233,0.8524590163934427,10,CMT,2023-02-28,1,ridge_static,test
MIC,2023-02,0.23292161233488176,0.8360655737704918,11,MIC,2023-02-28,1,ridge_static,test
INV,2023-02,0.22739175163470124,0.819672131147541,12,INV,2023-02-28,1,ridge_static,test
RIS,2023-02,0.22397377307917532,0.8032786885245902,13,RIS,2023-02-28,1,ridge_static,test
MSA,2023-02,0.21903606519904206,0.7868852459016393,14,MSA,2023-02-28,1,ridge_static,test
IAM,2023-02,0.21104977172339529,0.7704918032786885,15,IAM,2023-02-28,1,ridge_static,test
TMA,2023-02,0.19255160548251862,0.7540983606557377,16,TMA,2023-02-28,1,ridge_static,test
LES,2023-02,0.1608007769277226,0.7377049180327868,17,LES,2023-02-28,1,ridge_static,test
SRM,2023-02,0.16055869860030142,0.7213114754098361,18,SRM,2023-02-28,1,ridge_static,test
SOT,2023-02,0.16049552214035345,0.7049180327868853,19,SOT,2023-02-28,1,ridge_static,test
SNP,2023-02,0.14792626578790039,0.6885245901639344,20,SNP,2023-02-28,1,ridge_static,test
OUL,2023-02,0.14175756823097815,0.6721311475409837,21,OUL,2023-02-28,1,ridge_static,test
IBC,2023-02,0.13459109721794027,0.6557377049180328,22,IBC,2023-02-28,1,ridge_static,test
MNG,2023-02,0.12825131482802238,0.639344262295082,23,MNG,2023-02-28,1,ridge_static,test
UMR,2023-02,0.11269293435196948,0.6229508196721312,24,UMR,2023-02-28,1,ridge_static,test
GAZ,2023-02,0.10865779748669241,0.6065573770491803,25,GAZ,2023-02-28,1,ridge_static,test
IMO,2023-03,0.41381663523474166,1.0,1,IMO,2023-03-31,1,ridge_static,test
LES,2023-03,0.32881938621351936,0.9836065573770492,2,LES,2023-03-31,1,ridge_static,test
JET,2023-03,0.32792727962112916,0.9672131147540983,3,JET,2023-03-31,1,ridge_static,test
AFM,2023-03,0.29204993073354724,0.9508196721311475,4,AFM,2023-03-31,1,ridge_static,test
MAB,2023-03,0.2862880426079858,0.9344262295081968,5,MAB,2023-03-31,1,ridge_static,test
HPS,2023-03,0.26042264705424223,0.9180327868852459,6,HPS,2023-03-31,1,ridge_static,test
CMT,2023-03,0.2589821389011811,0.9016393442622951,7,CMT,2023-03-31,1,ridge_static,test
MDP,2023-03,0.25550391847828324,0.8852459016393442,8,MDP,2023-03-31,1,ridge_static,test
SMI,2023-03,0.25393495319614,0.8688524590163934,9,SMI,2023-03-31,1,ridge_static,test
CDM,2023-03,0.2422230233832401,0.8524590163934427,10,CDM,2023-03-31,1,ridge_static,test
IAM,2023-03,0.2380170246531469,0.8360655737704918,11,IAM,2023-03-31,1,ridge_static,test
OUL,2023-03,0.22912672111557827,0.819672131147541,12,OUL,2023-03-31,1,ridge_static,test
SNP,2023-03,0.2229736481928447,0.8032786885245902,13,SNP,2023-03-31,1,ridge_static,test
MSA,2023-03,0.20980913909607127,0.7868852459016393,14,MSA,2023-03-31,1,ridge_static,test
MNG,2023-03,0.20327057693781575,0.7704918032786885,15,MNG,2023-03-31,1,ridge_static,test
MIC,2023-03,0.19633438153814314,0.7540983606557377,16,MIC,2023-03-31,1,ridge_static,test
TQM,2023-03,0.18081531760130223,0.7377049180327868,17,TQM,2023-03-31,1,ridge_static,test
RIS,2023-03,0.17970641071627536,0.7213114754098361,18,RIS,2023-03-31,1,ridge_static,test
BCP,2023-03,0.1756393255442722,0.7049180327868853,19,BCP,2023-03-31,1,ridge_static,test
INV,2023-03,0.16756477500440592,0.6885245901639344,20,INV,2023-03-31,1,ridge_static,test
DYT,2023-03,0.16129679345228867,0.6721311475409837,21,DYT,2023-03-31,1,ridge_static,test
BOA,2023-03,0.14673453123755406,0.6557377049180328,22,BOA,2023-03-31,1,ridge_static,test
CMA,2023-03,0.14583566665558567,0.639344262295082,23,CMA,2023-03-31,1,ridge_static,test
CIH,2023-03,0.13327619222945358,0.6229508196721312,24,CIH,2023-03-31,1,ridge_static,test
ATW,2023-03,0.11743546212181483,0.6065573770491803,25,ATW,2023-03-31,1,ridge_static,test
MAB,2023-04,0.4209286850804345,1.0,1,MAB,2023-04-28,1,ridge_static,test
IMO,2023-04,0.3994496550563268,0.9836065573770492,2,IMO,2023-04-28,1,ridge_static,test
IAM,2023-04,0.3613294245947354,0.9672131147540983,3,IAM,2023-04-28,1,ridge_static,test
AFM,2023-04,0.32704106012630724,0.9508196721311475,4,AFM,2023-04-28,1,ridge_static,test
OUL,2023-04,0.30334955888969506,0.9344262295081968,5,OUL,2023-04-28,1,ridge_static,test
MDP,2023-04,0.2923173653313452,0.9180327868852459,6,MDP,2023-04-28,1,ridge_static,test
MIC,2023-04,0.28656371476816783,0.9016393442622951,7,MIC,2023-04-28,1,ridge_static,test
CDM,2023-04,0.27904536978581473,0.8852459016393442,8,CDM,2023-04-28,1,ridge_static,test
SMI,2023-04,0.2754280292453517,0.8688524590163934,9,SMI,2023-04-28,1,ridge_static,test
LES,2023-04,0.2556712981059275,0.8524590163934427,10,LES,2023-04-28,1,ridge_static,test
INV,2023-04,0.23839737913116116,0.8360655737704918,11,INV,2023-04-28,1,ridge_static,test
JET,2023-04,0.23411267299594735,0.819672131147541,12,JET,2023-04-28,1,ridge_static,test
BCP,2023-04,0.22983614055631885,0.8032786885245902,13,BCP,2023-04-28,1,ridge_static,test
BOA,2023-04,0.2159189252777977,0.7868852459016393,14,BOA,2023-04-28,1,ridge_static,test
ATW,2023-04,0.19117529469328842,0.7704918032786885,15,ATW,2023-04-28,1,ridge_static,test
AKT,2023-04,0.18600991998938218,0.7540983606557377,16,AKT,2023-04-28,1,ridge_static,test
MSA,2023-04,0.18265646566004773,0.7377049180327868,17,MSA,2023-04-28,1,ridge_static,test
CRS,2023-04,0.17951334420709086,0.7213114754098361,18,CRS,2023-04-28,1,ridge_static,test
DHO,2023-04,0.17870322424853885,0.7049180327868853,19,DHO,2023-04-28,1,ridge_static,test
SNP,2023-04,0.17187291534075783,0.6885245901639344,20,SNP,2023-04-28,1,ridge_static,test
CIH,2023-04,0.1694721954252464,0.6721311475409837,21,CIH,2023-04-28,1,ridge_static,test
RIS,2023-04,0.1561629659439029,0.6557377049180328,22,RIS,2023-04-28,1,ridge_static,test
DYT,2023-04,0.14788625605696762,0.639344262295082,23,DYT,2023-04-28,1,ridge_static,test
CMT,2023-04,0.14710418351470417,0.6229508196721312,24,CMT,2023-04-28,1,ridge_static,test
TQM,2023-04,0.14156214139374546,0.6065573770491803,25,TQM,2023-04-28,1,ridge_static,test
IMO,2023-05,0.4151081129732219,1.0,1,IMO,2023-05-31,1,ridge_static,test
AFM,2023-05,0.32706222358750014,0.9836065573770492,2,AFM,2023-05-31,1,ridge_static,test
MSA,2023-05,0.2937194620106971,0.9672131147540983,3,MSA,2023-05-31,1,ridge_static,test
MIC,2023-05,0.2735357546445273,0.9508196721311475,4,MIC,2023-05-31,1,ridge_static,test
MDP,2023-05,0.2568803240675799,0.9344262295081968,5,MDP,2023-05-31,1,ridge_static,test
LES,2023-05,0.25345610969837973,0.9180327868852459,6,LES,2023-05-31,1,ridge_static,test
MAB,2023-05,0.23969675740883348,0.9016393442622951,7,MAB,2023-05-31,1,ridge_static,test
CDM,2023-05,0.23638989301853736,0.8852459016393442,8,CDM,2023-05-31,1,ridge_static,test
IAM,2023-05,0.23152897518147267,0.8688524590163934,9,IAM,2023-05-31,1,ridge_static,test
CMT,2023-05,0.22535346263781716,0.8524590163934427,10,CMT,2023-05-31,1,ridge_static,test
INV,2023-05,0.20816414396217398,0.8360655737704918,11,INV,2023-05-31,1,ridge_static,test
ATW,2023-05,0.2002958675583439,0.819672131147541,12,ATW,2023-05-31,1,ridge_static,test
BCP,2023-05,0.1966335979837312,0.8032786885245902,13,BCP,2023-05-31,1,ridge_static,test
SNP,2023-05,0.1853126363010783,0.7868852459016393,14,SNP,2023-05-31,1,ridge_static,test
JET,2023-05,0.1842362052971152,0.7704918032786885,15,JET,2023-05-31,1,ridge_static,test
MNG,2023-05,0.16686865009918253,0.7540983606557377,16,MNG,2023-05-31,1,ridge_static,test
AKT,2023-05,0.1637418869058642,0.7377049180327868,17,AKT,2023-05-31,1,ridge_static,test
SAH,2023-05,0.1633010875307155,0.7213114754098361,18,SAH,2023-05-31,1,ridge_static,test
DYT,2023-05,0.15836292650228787,0.7049180327868853,19,DYT,2023-05-31,1,ridge_static,test
DHO,2023-05,0.15725190540255218,0.6885245901639344,20,DHO,2023-05-31,1,ridge_static,test
SOT,2023-05,0.15305698590706973,0.6721311475409837,21,SOT,2023-05-31,1,ridge_static,test
MOX,2023-05,0.14299184881924448,0.6557377049180328,22,MOX,2023-05-31,1,ridge_static,test
BCI,2023-05,0.1419678867661924,0.639344262295082,23,BCI,2023-05-31,1,ridge_static,test
BOA,2023-05,0.13410112224515466,0.6229508196721312,24,BOA,2023-05-31,1,ridge_static,test
ATL,2023-05,0.12350135415499192,0.6065573770491803,25,ATL,2023-05-31,1,ridge_static,test
IMO,2023-06,0.38527111416329596,1.0,1,IMO,2023-06-28,1,ridge_static,test
IAM,2023-06,0.33575191673287497,0.9841269841269842,2,IAM,2023-06-28,1,ridge_static,test
MSA,2023-06,0.33504882536030484,0.9682539682539683,3,MSA,2023-06-28,1,ridge_static,test
LES,2023-06,0.2966884189516614,0.9523809523809523,4,LES,2023-06-28,1,ridge_static,test
RIS,2023-06,0.25889353454623726,0.9365079365079365,5,RIS,2023-06-28,1,ridge_static,test
JET,2023-06,0.2540124393607587,0.9206349206349207,6,JET,2023-06-28,1,ridge_static,test
MDP,2023-06,0.24799061895148528,0.9047619047619048,7,MDP,2023-06-28,1,ridge_static,test
AFM,2023-06,0.24142891441698247,0.8888888888888888,8,AFM,2023-06-28,1,ridge_static,test
CMT,2023-06,0.2339129759594183,0.873015873015873,9,CMT,2023-06-28,1,ridge_static,test
NKL,2023-06,0.23172704591096874,0.8571428571428572,10,NKL,2023-06-28,1,ridge_static,test
OUL,2023-06,0.22647507999170186,0.8412698412698413,11,OUL,2023-06-28,1,ridge_static,test
MIC,2023-06,0.2160096884196411,0.8253968253968254,12,MIC,2023-06-28,1,ridge_static,test
SNP,2023-06,0.2153097145669121,0.8095238095238095,13,SNP,2023-06-28,1,ridge_static,test
HPS,2023-06,0.21091940543982213,0.7936507936507937,14,HPS,2023-06-28,1,ridge_static,test
CIH,2023-06,0.18383670627097126,0.7777777777777778,15,CIH,2023-06-28,1,ridge_static,test
CDM,2023-06,0.18243469079407337,0.7619047619047619,16,CDM,2023-06-28,1,ridge_static,test
CTM,2023-06,0.17806177550068764,0.746031746031746,17,CTM,2023-06-28,1,ridge_static,test
MNG,2023-06,0.17307453900596848,0.7301587301587302,18,MNG,2023-06-28,1,ridge_static,test
ATW,2023-06,0.1713762618154589,0.7142857142857143,19,ATW,2023-06-28,1,ridge_static,test
INV,2023-06,0.16214865012676904,0.6984126984126984,20,INV,2023-06-28,1,ridge_static,test
ADI,2023-06,0.15307005776042049,0.6825396825396826,21,ADI,2023-06-28,1,ridge_static,test
DHO,2023-06,0.1529889310604008,0.6666666666666667,22,DHO,2023-06-28,1,ridge_static,test
SMI,2023-06,0.14462528201001523,0.6507936507936508,23,SMI,2023-06-28,1,ridge_static,test
AKT,2023-06,0.13866598054477514,0.6349206349206349,24,AKT,2023-06-28,1,ridge_static,test
REB,2023-06,0.13861390942438195,0.6190476190476191,25,REB,2023-06-28,1,ridge_static,test
IMO,2023-07,0.4233481859834479,1.0,1,IMO,2023-07-31,1,ridge_static,test
RIS,2023-07,0.2928802307007823,0.9846153846153847,2,RIS,2023-07-31,1,ridge_static,test
MIC,2023-07,0.2871453641174032,0.9692307692307692,3,MIC,2023-07-31,1,ridge_static,test
LES,2023-07,0.2821155517032628,0.9538461538461538,4,LES,2023-07-31,1,ridge_static,test
SRM,2023-07,0.28145984439399135,0.9384615384615385,5,SRM,2023-07-31,1,ridge_static,test
MSA,2023-07,0.27804286501779185,0.9230769230769231,6,MSA,2023-07-31,1,ridge_static,test
IAM,2023-07,0.25066361136613385,0.9076923076923077,7,IAM,2023-07-31,1,ridge_static,test
AFM,2023-07,0.24796802499242993,0.8923076923076922,8,AFM,2023-07-31,1,ridge_static,test
DHO,2023-07,0.22805794704519697,0.8769230769230769,9,DHO,2023-07-31,1,ridge_static,test
CIH,2023-07,0.2279848076337889,0.8615384615384616,10,CIH,2023-07-31,1,ridge_static,test
JET,2023-07,0.2225169684977384,0.8461538461538461,11,JET,2023-07-31,1,ridge_static,test
INV,2023-07,0.21985401345615863,0.8307692307692307,12,INV,2023-07-31,1,ridge_static,test
SAH,2023-07,0.21175188944394185,0.8153846153846154,13,SAH,2023-07-31,1,ridge_static,test
SMI,2023-07,0.20975280817321723,0.8,14,SMI,2023-07-31,1,ridge_static,test
HPS,2023-07,0.20126835390674985,0.7846153846153846,15,HPS,2023-07-31,1,ridge_static,test
CRS,2023-07,0.19278658888944278,0.7692307692307692,16,CRS,2023-07-31,1,ridge_static,test
PRO,2023-07,0.18848660486828667,0.7538461538461538,17,PRO,2023-07-31,1,ridge_static,test
ADH,2023-07,0.18191526005218905,0.7384615384615385,18,ADH,2023-07-31,1,ridge_static,test
OUL,2023-07,0.16806864010836245,0.7230769230769231,19,OUL,2023-07-31,1,ridge_static,test
CDM,2023-07,0.1654521459571353,0.7076923076923076,20,CDM,2023-07-31,1,ridge_static,test
ATW,2023-07,0.16391725616131445,0.6923076923076923,21,ATW,2023-07-31,1,ridge_static,test
REB,2023-07,0.15800757277396799,0.676923076923077,22,REB,2023-07-31,1,ridge_static,test
MNG,2023-07,0.1470250809465113,0.6615384615384615,23,MNG,2023-07-31,1,ridge_static,test
SOT,2023-07,0.13416660743764966,0.6461538461538461,24,SOT,2023-07-31,1,ridge_static,test
DWY,2023-07,0.12932174194569743,0.6307692307692307,25,DWY,2023-07-31,1,ridge_static,test
RIS,2023-08,0.4334891235522583,1.0,1,RIS,2023-08-31,1,ridge_static,test
IMO,2023-08,0.41902986416202975,0.9841269841269842,2,IMO,2023-08-31,1,ridge_static,test
PRO,2023-08,0.2998108943721146,0.9682539682539683,3,PRO,2023-08-31,1,ridge_static,test
MAB,2023-08,0.2850486949252899,0.9523809523809523,4,MAB,2023-08-31,1,ridge_static,test
CDM,2023-08,0.26621711031371526,0.9365079365079365,5,CDM,2023-08-31,1,ridge_static,test
MSA,2023-08,0.2548832037239366,0.9206349206349207,6,MSA,2023-08-31,1,ridge_static,test
IAM,2023-08,0.24673734820474447,0.9047619047619048,7,IAM,2023-08-31,1,ridge_static,test
AFM,2023-08,0.24352668643652423,0.8888888888888888,8,AFM,2023-08-31,1,ridge_static,test
CMT,2023-08,0.23969594407059644,0.873015873015873,9,CMT,2023-08-31,1,ridge_static,test
DHO,2023-08,0.23232938485245588,0.8571428571428572,10,DHO,2023-08-31,1,ridge_static,test
LES,2023-08,0.21442958372294504,0.8412698412698413,11,LES,2023-08-31,1,ridge_static,test
HPS,2023-08,0.19276308985714413,0.8253968253968254,12,HPS,2023-08-31,1,ridge_static,test
JET,2023-08,0.1908623764662904,0.8095238095238095,13,JET,2023-08-31,1,ridge_static,test
ATW,2023-08,0.18201551050081682,0.7936507936507937,14,ATW,2023-08-31,1,ridge_static,test
BCP,2023-08,0.18087961046001222,0.7777777777777778,15,BCP,2023-08-31,1,ridge_static,test
MDP,2023-08,0.17573441343100027,0.7619047619047619,16,MDP,2023-08-31,1,ridge_static,test
TQM,2023-08,0.1730431673729394,0.746031746031746,17,TQM,2023-08-31,1,ridge_static,test
NKL,2023-08,0.1715221076093225,0.7301587301587302,18,NKL,2023-08-31,1,ridge_static,test
UMR,2023-08,0.16761356815966227,0.7142857142857143,19,UMR,2023-08-31,1,ridge_static,test
INV,2023-08,0.16325033854726645,0.6984126984126984,20,INV,2023-08-31,1,ridge_static,test
SMI,2023-08,0.13724868331461965,0.6825396825396826,21,SMI,2023-08-31,1,ridge_static,test
BOA,2023-08,0.13333628322292862,0.6666666666666667,22,BOA,2023-08-31,1,ridge_static,test
BAL,2023-08,0.13007455665843187,0.6507936507936508,23,BAL,2023-08-31,1,ridge_static,test
SNP,2023-08,0.12088649459800715,0.6349206349206349,24,SNP,2023-08-31,1,ridge_static,test
MIC,2023-08,0.11640416043519791,0.6190476190476191,25,MIC,2023-08-31,1,ridge_static,test
IMO,2023-09,0.39716070298645095,1.0,1,IMO,2023-09-27,1,ridge_static,test
IAM,2023-09,0.39102754017643954,0.9846153846153847,2,IAM,2023-09-27,1,ridge_static,test
AFM,2023-09,0.31767547725052414,0.9692307692307692,3,AFM,2023-09-27,1,ridge_static,test
MSA,2023-09,0.3087191283857509,0.9538461538461538,4,MSA,2023-09-27,1,ridge_static,test
RIS,2023-09,0.2980833943758821,0.9384615384615385,5,RIS,2023-09-27,1,ridge_static,test
DHO,2023-09,0.297453146986658,0.9230769230769231,6,DHO,2023-09-27,1,ridge_static,test
BOA,2023-09,0.28252020348754386,0.9076923076923077,7,BOA,2023-09-27,1,ridge_static,test
BCP,2023-09,0.25324093913226015,0.8923076923076922,8,BCP,2023-09-27,1,ridge_static,test
ATW,2023-09,0.24766955763469312,0.8769230769230769,9,ATW,2023-09-27,1,ridge_static,test
CIH,2023-09,0.23715704323504894,0.8615384615384616,10,CIH,2023-09-27,1,ridge_static,test
MIC,2023-09,0.23056601066650906,0.8461538461538461,11,MIC,2023-09-27,1,ridge_static,test
TQM,2023-09,0.22682740849098526,0.8307692307692307,12,TQM,2023-09-27,1,ridge_static,test
CMT,2023-09,0.19771443335889569,0.8153846153846154,13,CMT,2023-09-27,1,ridge_static,test
MDP,2023-09,0.19299238672516508,0.8,14,MDP,2023-09-27,1,ridge_static,test
SNP,2023-09,0.18979331086326465,0.7846153846153846,15,SNP,2023-09-27,1,ridge_static,test
MAB,2023-09,0.18164702236434171,0.7692307692307692,16,MAB,2023-09-27,1,ridge_static,test
CDM,2023-09,0.17930096565783243,0.7538461538461538,17,CDM,2023-09-27,1,ridge_static,test
OUL,2023-09,0.1756145966497264,0.7384615384615385,18,OUL,2023-09-27,1,ridge_static,test
REB,2023-09,0.174289054063753,0.7230769230769231,19,REB,2023-09-27,1,ridge_static,test
HPS,2023-09,0.16016009091147587,0.7076923076923076,20,HPS,2023-09-27,1,ridge_static,test
LBV,2023-09,0.15042547254947047,0.6923076923076923,21,LBV,2023-09-27,1,ridge_static,test
INV,2023-09,0.14913633876471788,0.676923076923077,22,INV,2023-09-27,1,ridge_static,test
SRM,2023-09,0.13809689214754511,0.6615384615384615,23,SRM,2023-09-27,1,ridge_static,test
NKL,2023-09,0.13802370157831556,0.6461538461538461,24,NKL,2023-09-27,1,ridge_static,test
LHM,2023-09,0.13768448183584375,0.6307692307692307,25,LHM,2023-09-27,1,ridge_static,test
ADI,2023-10,0.35897650561176836,1.0,1,ADI,2023-10-31,1,ridge_static,test
RIS,2023-10,0.3400413458975675,0.9833333333333333,2,RIS,2023-10-31,1,ridge_static,test
LES,2023-10,0.3290384005652986,0.9666666666666667,3,LES,2023-10-31,1,ridge_static,test
LHM,2023-10,0.30178875356645146,0.95,4,LHM,2023-10-31,1,ridge_static,test
MSA,2023-10,0.2986232323539611,0.9333333333333333,5,MSA,2023-10-31,1,ridge_static,test
AFM,2023-10,0.2915083339918557,0.9166666666666666,6,AFM,2023-10-31,1,ridge_static,test
BCP,2023-10,0.28708005409818255,0.9,7,BCP,2023-10-31,1,ridge_static,test
DHO,2023-10,0.26194913040725853,0.8833333333333333,8,DHO,2023-10-31,1,ridge_static,test
ATW,2023-10,0.2513966370618862,0.8666666666666667,9,ATW,2023-10-31,1,ridge_static,test
CIH,2023-10,0.24404280148276958,0.85,10,CIH,2023-10-31,1,ridge_static,test
CDM,2023-10,0.21244178039853673,0.8333333333333334,11,CDM,2023-10-31,1,ridge_static,test
GAZ,2023-10,0.20157984281502522,0.8166666666666667,12,GAZ,2023-10-31,1,ridge_static,test
CMA,2023-10,0.1990940909798926,0.8,13,CMA,2023-10-31,1,ridge_static,test
INV,2023-10,0.18400165075325267,0.7833333333333333,14,INV,2023-10-31,1,ridge_static,test
CSR,2023-10,0.15788827682348852,0.7666666666666666,15,CSR,2023-10-31,1,ridge_static,test
TGC,2023-10,0.15744990240277118,0.75,16,TGC,2023-10-31,1,ridge_static,test
MIC,2023-10,0.15641929430442603,0.7333333333333334,17,MIC,2023-10-31,1,ridge_static,test
ATL,2023-10,0.15584075043479528,0.7166666666666667,18,ATL,2023-10-31,1,ridge_static,test
MUT,2023-10,0.15492022518293513,0.7,19,MUT,2023-10-31,1,ridge_static,test
MDP,2023-10,0.15043066353492518,0.6833333333333333,20,MDP,2023-10-31,1,ridge_static,test
MLE,2023-10,0.14297332924640122,0.6666666666666667,21,MLE,2023-10-31,1,ridge_static,test
SID,2023-10,0.13822672043879655,0.65,22,SID,2023-10-31,1,ridge_static,test
CMT,2023-10,0.12449381632075598,0.6333333333333333,23,CMT,2023-10-31,1,ridge_static,test
SMI,2023-10,0.11089985713524328,0.6166666666666667,24,SMI,2023-10-31,1,ridge_static,test
JET,2023-10,0.10822951584398972,0.6,25,JET,2023-10-31,1,ridge_static,test
ADI,2023-11,0.4482465604897151,1.0,1,ADI,2023-11-30,1,ridge_static,test
LES,2023-11,0.297330939920501,0.9838709677419355,2,LES,2023-11-30,1,ridge_static,test
ADH,2023-11,0.2667856822238129,0.967741935483871,3,ADH,2023-11-30,1,ridge_static,test
AFM,2023-11,0.2657154365597881,0.9516129032258065,4,AFM,2023-11-30,1,ridge_static,test
RIS,2023-11,0.25865197351888336,0.935483870967742,5,RIS,2023-11-30,1,ridge_static,test
BCP,2023-11,0.23754059617687814,0.9193548387096774,6,BCP,2023-11-30,1,ridge_static,test
MSA,2023-11,0.2374370000102508,0.9032258064516129,7,MSA,2023-11-30,1,ridge_static,test
MIC,2023-11,0.22104326347524172,0.8870967741935484,8,MIC,2023-11-30,1,ridge_static,test
ATW,2023-11,0.22012444315433638,0.8709677419354839,9,ATW,2023-11-30,1,ridge_static,test
TGC,2023-11,0.21460192879244971,0.8548387096774194,10,TGC,2023-11-30,1,ridge_static,test
INV,2023-11,0.19968095375531728,0.8387096774193549,11,INV,2023-11-30,1,ridge_static,test
LHM,2023-11,0.1980269895085657,0.8225806451612903,12,LHM,2023-11-30,1,ridge_static,test
SBM,2023-11,0.19701377246032045,0.8064516129032258,13,SBM,2023-11-30,1,ridge_static,test
RDS,2023-11,0.1879215088434283,0.7903225806451613,14,RDS,2023-11-30,1,ridge_static,test
SAH,2023-11,0.17634430842778415,0.7741935483870968,15,SAH,2023-11-30,1,ridge_static,test
MUT,2023-11,0.16452875786159843,0.7580645161290323,16,MUT,2023-11-30,1,ridge_static,test
SID,2023-11,0.15432085666709056,0.7419354838709677,17,SID,2023-11-30,1,ridge_static,test
TQM,2023-11,0.15269931975516754,0.7258064516129032,18,TQM,2023-11-30,1,ridge_static,test
DHO,2023-11,0.15162114405810273,0.7096774193548387,19,DHO,2023-11-30,1,ridge_static,test
CMA,2023-11,0.14947817883575673,0.6935483870967742,20,CMA,2023-11-30,1,ridge_static,test
CDM,2023-11,0.14278095408082783,0.6774193548387097,21,CDM,2023-11-30,1,ridge_static,test
MOX,2023-11,0.13541526361323175,0.6612903225806452,22,MOX,2023-11-30,1,ridge_static,test
COL,2023-11,0.1281889632160613,0.6451612903225806,23,COL,2023-11-30,1,ridge_static,test
MDP,2023-11,0.11053118361667601,0.6290322580645161,24,MDP,2023-11-30,1,ridge_static,test
CIH,2023-11,0.10654666116455211,0.6129032258064516,25,CIH,2023-11-30,1,ridge_static,test
ADI,2023-12,0.527192195273007,1.0,1,ADI,2023-12-29,1,ridge_static,test
SAH,2023-12,0.41225618682847454,0.9846153846153847,2,SAH,2023-12-29,1,ridge_static,test
ADH,2023-12,0.32272577397684854,0.9692307692307692,3,ADH,2023-12-29,1,ridge_static,test
SID,2023-12,0.2983634609744237,0.9538461538461538,4,SID,2023-12-29,1,ridge_static,test
TGC,2023-12,0.29729308427605106,0.9384615384615385,5,TGC,2023-12-29,1,ridge_static,test
MSA,2023-12,0.269833019382782,0.9230769230769231,6,MSA,2023-12-29,1,ridge_static,test
MIC,2023-12,0.2690874100544277,0.9076923076923077,7,MIC,2023-12-29,1,ridge_static,test
LES,2023-12,0.26175020295638457,0.8923076923076922,8,LES,2023-12-29,1,ridge_static,test
ATW,2023-12,0.2501479935602674,0.8769230769230769,9,ATW,2023-12-29,1,ridge_static,test
RIS,2023-12,0.2500513381890568,0.8615384615384616,10,RIS,2023-12-29,1,ridge_static,test
BCP,2023-12,0.23424770650505636,0.8461538461538461,11,BCP,2023-12-29,1,ridge_static,test
AFM,2023-12,0.2180614214935813,0.8307692307692307,12,AFM,2023-12-29,1,ridge_static,test
LHM,2023-12,0.20893403578032627,0.8153846153846154,13,LHM,2023-12-29,1,ridge_static,test
RDS,2023-12,0.20497219643128645,0.8,14,RDS,2023-12-29,1,ridge_static,test
JET,2023-12,0.19306942451599476,0.7846153846153846,15,JET,2023-12-29,1,ridge_static,test
CMT,2023-12,0.18116323755223834,0.7692307692307692,16,CMT,2023-12-29,1,ridge_static,test
DHO,2023-12,0.1799722716360445,0.7538461538461538,17,DHO,2023-12-29,1,ridge_static,test
S2M,2023-12,0.17805355873817594,0.7384615384615385,18,S2M,2023-12-29,1,ridge_static,test
BCI,2023-12,0.16837626316159873,0.7230769230769231,19,BCI,2023-12-29,1,ridge_static,test
GAZ,2023-12,0.1674423828662286,0.7076923076923076,20,GAZ,2023-12-29,1,ridge_static,test
INV,2023-12,0.16098115653998488,0.6923076923076923,21,INV,2023-12-29,1,ridge_static,test
MUT,2023-12,0.15513935145532298,0.676923076923077,22,MUT,2023-12-29,1,ridge_static,test
ATL,2023-12,0.15111476820133424,0.6615384615384615,23,ATL,2023-12-29,1,ridge_static,test
HPS,2023-12,0.15081000598740324,0.6461538461538461,24,HPS,2023-12-29,1,ridge_static,test
TQM,2023-12,0.14616125673365285,0.6307692307692307,25,TQM,2023-12-29,1,ridge_static,test
ADI,2024-01,0.38503422390359554,1.0,1,ADI,2024-01-31,1,ridge_static,test
AFM,2024-01,0.38017123483338505,0.9848484848484849,2,AFM,2024-01-31,1,ridge_static,test
REB,2024-01,0.378153060296193,0.9696969696969697,3,REB,2024-01-31,1,ridge_static,test
LES,2024-01,0.3459178425038893,0.9545454545454546,4,LES,2024-01-31,1,ridge_static,test
SAH,2024-01,0.3073712396824517,0.9393939393939394,5,SAH,2024-01-31,1,ridge_static,test
TGC,2024-01,0.2942260409117399,0.9242424242424242,6,TGC,2024-01-31,1,ridge_static,test
INV,2024-01,0.26981519412232036,0.9090909090909091,7,INV,2024-01-31,1,ridge_static,test
DHO,2024-01,0.259209118714447,0.8939393939393939,8,DHO,2024-01-31,1,ridge_static,test
ATW,2024-01,0.2553935919037106,0.8787878787878788,9,ATW,2024-01-31,1,ridge_static,test
RIS,2024-01,0.2510254611478345,0.8636363636363636,10,RIS,2024-01-31,1,ridge_static,test
ADH,2024-01,0.24577505218959889,0.8484848484848485,11,ADH,2024-01-31,1,ridge_static,test
MSA,2024-01,0.2390822276669693,0.8333333333333334,12,MSA,2024-01-31,1,ridge_static,test
BCP,2024-01,0.21577868960392216,0.8181818181818181,13,BCP,2024-01-31,1,ridge_static,test
LHM,2024-01,0.21338349709913756,0.803030303030303,14,LHM,2024-01-31,1,ridge_static,test
SID,2024-01,0.2094401742441483,0.7878787878787878,15,SID,2024-01-31,1,ridge_static,test
MIC,2024-01,0.20676403996985404,0.7727272727272727,16,MIC,2024-01-31,1,ridge_static,test
MUT,2024-01,0.19074146472806458,0.7575757575757576,17,MUT,2024-01-31,1,ridge_static,test
CIH,2024-01,0.18965320620858925,0.7424242424242424,18,CIH,2024-01-31,1,ridge_static,test
EQD,2024-01,0.18804168781428626,0.7272727272727273,19,EQD,2024-01-31,1,ridge_static,test
CMA,2024-01,0.1871406191742289,0.7121212121212122,20,CMA,2024-01-31,1,ridge_static,test
TQM,2024-01,0.16939742783094558,0.696969696969697,21,TQM,2024-01-31,1,ridge_static,test
CDM,2024-01,0.15250454281673953,0.6818181818181819,22,CDM,2024-01-31,1,ridge_static,test
BOA,2024-01,0.15063619851778498,0.6666666666666667,23,BOA,2024-01-31,1,ridge_static,test
BCI,2024-01,0.13265804071638057,0.6515151515151515,24,BCI,2024-01-31,1,ridge_static,test
SBM,2024-01,0.1302260739683266,0.6363636363636364,25,SBM,2024-01-31,1,ridge_static,test
SAH,2024-02,0.651586872038898,1.0,1,SAH,2024-02-29,1,ridge_static,test
REB,2024-02,0.5348877551804767,0.9846153846153847,2,REB,2024-02-29,1,ridge_static,test
ADI,2024-02,0.410121719747245,0.9692307692307692,3,ADI,2024-02-29,1,ridge_static,test
INV,2024-02,0.36739259643874317,0.9538461538461538,4,INV,2024-02-29,1,ridge_static,test
MSA,2024-02,0.3491841635572432,0.9384615384615385,5,MSA,2024-02-29,1,ridge_static,test
AFM,2024-02,0.29158530597288934,0.9230769230769231,6,AFM,2024-02-29,1,ridge_static,test
LES,2024-02,0.24158751892505814,0.9076923076923077,7,LES,2024-02-29,1,ridge_static,test
CMA,2024-02,0.23981551525839806,0.8923076923076922,8,CMA,2024-02-29,1,ridge_static,test
BCP,2024-02,0.2382226434426541,0.8769230769230769,9,BCP,2024-02-29,1,ridge_static,test
LHM,2024-02,0.21710549548364538,0.8615384615384616,10,LHM,2024-02-29,1,ridge_static,test
TGC,2024-02,0.21381718804514635,0.8461538461538461,11,TGC,2024-02-29,1,ridge_static,test
ATW,2024-02,0.18814130972283807,0.8307692307692307,12,ATW,2024-02-29,1,ridge_static,test
SID,2024-02,0.18649689955428517,0.8153846153846154,13,SID,2024-02-29,1,ridge_static,test
RIS,2024-02,0.18423827063945736,0.8,14,RIS,2024-02-29,1,ridge_static,test
CIH,2024-02,0.16966554731771893,0.7846153846153846,15,CIH,2024-02-29,1,ridge_static,test
MIC,2024-02,0.16842438377415103,0.7692307692307692,16,MIC,2024-02-29,1,ridge_static,test
CFG,2024-02,0.15249156052393142,0.7538461538461538,17,CFG,2024-02-29,1,ridge_static,test
MUT,2024-02,0.14786540147387647,0.7384615384615385,18,MUT,2024-02-29,1,ridge_static,test
ALM,2024-02,0.1466293456384179,0.7230769230769231,19,ALM,2024-02-29,1,ridge_static,test
FBR,2024-02,0.14269513371594816,0.7076923076923076,20,FBR,2024-02-29,1,ridge_static,test
COL,2024-02,0.1266486117897007,0.6923076923076923,21,COL,2024-02-29,1,ridge_static,test
ATL,2024-02,0.12229455201599213,0.676923076923077,22,ATL,2024-02-29,1,ridge_static,test
DHO,2024-02,0.1184840211797964,0.6615384615384615,23,DHO,2024-02-29,1,ridge_static,test
CSR,2024-02,0.11357507697503705,0.6461538461538461,24,CSR,2024-02-29,1,ridge_static,test
BCI,2024-02,0.10321110599646702,0.6307692307692307,25,BCI,2024-02-29,1,ridge_static,test
SAH,2024-03,0.6602807872233565,1.0,1,SAH,2024-03-29,1,ridge_static,test
REB,2024-03,0.5607630497632393,0.9848484848484849,2,REB,2024-03-29,1,ridge_static,test
CDM,2024-03,0.4178276830894876,0.9696969696969697,3,CDM,2024-03-29,1,ridge_static,test
ADI,2024-03,0.36972733403695124,0.9545454545454546,4,ADI,2024-03-29,1,ridge_static,test
TGC,2024-03,0.3559472362318409,0.9393939393939394,5,TGC,2024-03-29,1,ridge_static,test
RDS,2024-03,0.3326909897038724,0.9242424242424242,6,RDS,2024-03-29,1,ridge_static,test
ATW,2024-03,0.2696212335284354,0.9090909090909091,7,ATW,2024-03-29,1,ridge_static,test
BCP,2024-03,0.23550125951607778,0.8939393939393939,8,BCP,2024-03-29,1,ridge_static,test
LHM,2024-03,0.23175987212560956,0.8787878787878788,9,LHM,2024-03-29,1,ridge_static,test
AFM,2024-03,0.23117660349633323,0.8636363636363636,10,AFM,2024-03-29,1,ridge_static,test
RIS,2024-03,0.2226888828109228,0.8484848484848485,11,RIS,2024-03-29,1,ridge_static,test
MSA,2024-03,0.22216252659252053,0.8333333333333334,12,MSA,2024-03-29,1,ridge_static,test
MLE,2024-03,0.18315889943556155,0.8181818181818181,13,MLE,2024-03-29,1,ridge_static,test
TQM,2024-03,0.18152234628585845,0.803030303030303,14,TQM,2024-03-29,1,ridge_static,test
SMI,2024-03,0.18129729862068655,0.7878787878787878,15,SMI,2024-03-29,1,ridge_static,test
INV,2024-03,0.17188701237321932,0.7727272727272727,16,INV,2024-03-29,1,ridge_static,test
MUT,2024-03,0.16626110030917474,0.7575757575757576,17,MUT,2024-03-29,1,ridge_static,test
MIC,2024-03,0.16506842121913082,0.7424242424242424,18,MIC,2024-03-29,1,ridge_static,test
JET,2024-03,0.15957326791672846,0.7272727272727273,19,JET,2024-03-29,1,ridge_static,test
S2M,2024-03,0.15610410876931122,0.7121212121212122,20,S2M,2024-03-29,1,ridge_static,test
ALM,2024-03,0.15525807608962505,0.696969696969697,21,ALM,2024-03-29,1,ridge_static,test
SID,2024-03,0.1430352887193801,0.6818181818181819,22,SID,2024-03-29,1,ridge_static,test
CMA,2024-03,0.14242763729913646,0.6666666666666667,23,CMA,2024-03-29,1,ridge_static,test
BAL,2024-03,0.1396606182680737,0.6515151515151515,24,BAL,2024-03-29,1,ridge_static,test
ATL,2024-03,0.13257766453871034,0.6363636363636364,25,ATL,2024-03-29,1,ridge_static,test
SAH,2024-04,0.505140998970107,1.0,1,SAH,2024-04-30,1,ridge_static,test
REB,2024-04,0.4748653465154619,0.984375,2,REB,2024-04-30,1,ridge_static,test
INV,2024-04,0.3130529180268688,0.96875,3,INV,2024-04-30,1,ridge_static,test
AFM,2024-04,0.30002131475870536,0.953125,4,AFM,2024-04-30,1,ridge_static,test
ADI,2024-04,0.2932584204260527,0.9375,5,ADI,2024-04-30,1,ridge_static,test
MAB,2024-04,0.2916514586877142,0.921875,6,MAB,2024-04-30,1,ridge_static,test
MSA,2024-04,0.28881892184226043,0.90625,7,MSA,2024-04-30,1,ridge_static,test
LES,2024-04,0.27886875171530945,0.890625,8,LES,2024-04-30,1,ridge_static,test
MIC,2024-04,0.24975278219011,0.875,9,MIC,2024-04-30,1,ridge_static,test
BAL,2024-04,0.24546871231086947,0.859375,10,BAL,2024-04-30,1,ridge_static,test
BCP,2024-04,0.22986970069018162,0.84375,11,BCP,2024-04-30,1,ridge_static,test
LHM,2024-04,0.22792682760329278,0.828125,12,LHM,2024-04-30,1,ridge_static,test
ATW,2024-04,0.22769988678434844,0.8125,13,ATW,2024-04-30,1,ridge_static,test
CMA,2024-04,0.2045224078716013,0.796875,14,CMA,2024-04-30,1,ridge_static,test
CDM,2024-04,0.18264547975947595,0.78125,15,CDM,2024-04-30,1,ridge_static,test
RIS,2024-04,0.18000436041053017,0.765625,16,RIS,2024-04-30,1,ridge_static,test
MUT,2024-04,0.1677509550702809,0.75,17,MUT,2024-04-30,1,ridge_static,test
TGC,2024-04,0.16473568037542421,0.734375,18,TGC,2024-04-30,1,ridge_static,test
ATL,2024-04,0.16218998802116924,0.71875,19,ATL,2024-04-30,1,ridge_static,test
CMT,2024-04,0.15844451987114105,0.703125,20,CMT,2024-04-30,1,ridge_static,test
JET,2024-04,0.15577700021102397,0.6875,21,JET,2024-04-30,1,ridge_static,test
SMI,2024-04,0.1524082507005578,0.671875,22,SMI,2024-04-30,1,ridge_static,test
CIH,2024-04,0.1512044238842584,0.65625,23,CIH,2024-04-30,1,ridge_static,test
CFG,2024-04,0.1437410748891126,0.640625,24,CFG,2024-04-30,1,ridge_static,test
GAZ,2024-04,0.14334914085657807,0.625,25,GAZ,2024-04-30,1,ridge_static,test
REB,2024-05,0.5531251171053724,1.0,1,REB,2024-05-31,1,ridge_static,test
ADI,2024-05,0.438593043347314,0.9850746268656716,2,ADI,2024-05-31,1,ridge_static,test
AFM,2024-05,0.35880681879514775,0.9701492537313433,3,AFM,2024-05-31,1,ridge_static,test
MIC,2024-05,0.29841219659515494,0.9552238805970149,4,MIC,2024-05-31,1,ridge_static,test
MSA,2024-05,0.29414533290517586,0.9402985074626866,5,MSA,2024-05-31,1,ridge_static,test
BCP,2024-05,0.2656890141920353,0.9253731343283582,6,BCP,2024-05-31,1,ridge_static,test
LES,2024-05,0.2629785096561914,0.9104477611940298,7,LES,2024-05-31,1,ridge_static,test
RDS,2024-05,0.2607155927897767,0.8955223880597015,8,RDS,2024-05-31,1,ridge_static,test
SAH,2024-05,0.24083954776028202,0.8805970149253731,9,SAH,2024-05-31,1,ridge_static,test
ATW,2024-05,0.23909125334972361,0.8656716417910448,10,ATW,2024-05-31,1,ridge_static,test
SID,2024-05,0.23518587194597457,0.8507462686567164,11,SID,2024-05-31,1,ridge_static,test
CDM,2024-05,0.23447263821860825,0.835820895522388,12,CDM,2024-05-31,1,ridge_static,test
TGC,2024-05,0.23446964391048358,0.8208955223880597,13,TGC,2024-05-31,1,ridge_static,test
MUT,2024-05,0.1993735143339805,0.8059701492537313,14,MUT,2024-05-31,1,ridge_static,test
INV,2024-05,0.1835977900430293,0.791044776119403,15,INV,2024-05-31,1,ridge_static,test
LHM,2024-05,0.17589027352055348,0.7761194029850746,16,LHM,2024-05-31,1,ridge_static,test
CMA,2024-05,0.1756917776130701,0.7611940298507462,17,CMA,2024-05-31,1,ridge_static,test
DHO,2024-05,0.1698199822708864,0.7462686567164178,18,DHO,2024-05-31,1,ridge_static,test
CIH,2024-05,0.16178767391650856,0.7313432835820896,19,CIH,2024-05-31,1,ridge_static,test
CFG,2024-05,0.1566730736227715,0.7164179104477613,20,CFG,2024-05-31,1,ridge_static,test
GAZ,2024-05,0.15218456116732954,0.7014925373134329,21,GAZ,2024-05-31,1,ridge_static,test
COL,2024-05,0.14896483356426893,0.6865671641791045,22,COL,2024-05-31,1,ridge_static,test
BAL,2024-05,0.1470797274979064,0.6716417910447761,23,BAL,2024-05-31,1,ridge_static,test
SMI,2024-05,0.14154279762826225,0.6567164179104478,24,SMI,2024-05-31,1,ridge_static,test
BOA,2024-05,0.13356397925947355,0.6417910447761195,25,BOA,2024-05-31,1,ridge_static,test
SAH,2024-06,0.49490019567322985,1.0,1,SAH,2024-06-28,1,ridge_static,test
REB,2024-06,0.4670070789280595,0.984375,2,REB,2024-06-28,1,ridge_static,test
ADI,2024-06,0.3725248550993879,0.96875,3,ADI,2024-06-28,1,ridge_static,test
RDS,2024-06,0.32903583859107244,0.953125,4,RDS,2024-06-28,1,ridge_static,test
AFM,2024-06,0.293688759397309,0.9375,5,AFM,2024-06-28,1,ridge_static,test
LES,2024-06,0.26632939494338753,0.921875,6,LES,2024-06-28,1,ridge_static,test
INV,2024-06,0.2519392377705423,0.90625,7,INV,2024-06-28,1,ridge_static,test
ATW,2024-06,0.22875156990171397,0.890625,8,ATW,2024-06-28,1,ridge_static,test
MSA,2024-06,0.2287318907484794,0.875,9,MSA,2024-06-28,1,ridge_static,test
JET,2024-06,0.20972613372052462,0.859375,10,JET,2024-06-28,1,ridge_static,test
SID,2024-06,0.2074254715586763,0.84375,11,SID,2024-06-28,1,ridge_static,test
DHO,2024-06,0.2010008847082522,0.828125,12,DHO,2024-06-28,1,ridge_static,test
TGC,2024-06,0.1957307149049265,0.8125,13,TGC,2024-06-28,1,ridge_static,test
BCP,2024-06,0.194127793954814,0.796875,14,BCP,2024-06-28,1,ridge_static,test
MIC,2024-06,0.1887208922663473,0.78125,15,MIC,2024-06-28,1,ridge_static,test
FBR,2024-06,0.17914108330335518,0.765625,16,FBR,2024-06-28,1,ridge_static,test
TQM,2024-06,0.14665811690201377,0.75,17,TQM,2024-06-28,1,ridge_static,test
RIS,2024-06,0.14251065390630174,0.734375,18,RIS,2024-06-28,1,ridge_static,test
ATL,2024-06,0.14028376603469056,0.71875,19,ATL,2024-06-28,1,ridge_static,test
CMT,2024-06,0.13492993189689473,0.703125,20,CMT,2024-06-28,1,ridge_static,test
BAL,2024-06,0.12942522683020596,0.6875,21,BAL,2024-06-28,1,ridge_static,test
MUT,2024-06,0.12934134470126193,0.671875,22,MUT,2024-06-28,1,ridge_static,test
CIH,2024-06,0.1168951900351763,0.65625,23,CIH,2024-06-28,1,ridge_static,test
GAZ,2024-06,0.11181733598813381,0.640625,24,GAZ,2024-06-28,1,ridge_static,test
TMA,2024-06,0.1064479906181018,0.625,25,TMA,2024-06-28,1,ridge_static,test
REB,2024-07,0.5228517531629684,1.0,1,REB,2024-07-31,1,ridge_static,test
RDS,2024-07,0.5044097305707178,0.9848484848484849,2,RDS,2024-07-31,1,ridge_static,test
ADI,2024-07,0.4463743264009607,0.9696969696969697,3,ADI,2024-07-31,1,ridge_static,test
SAH,2024-07,0.4330687446081771,0.9545454545454546,4,SAH,2024-07-31,1,ridge_static,test
TGC,2024-07,0.3072812578478621,0.9393939393939394,5,TGC,2024-07-31,1,ridge_static,test
JET,2024-07,0.30605710899693156,0.9242424242424242,6,JET,2024-07-31,1,ridge_static,test
AFM,2024-07,0.27492920304777224,0.9090909090909091,7,AFM,2024-07-31,1,ridge_static,test
MSA,2024-07,0.25734303812993864,0.8939393939393939,8,MSA,2024-07-31,1,ridge_static,test
LES,2024-07,0.24397704951380303,0.8787878787878788,9,LES,2024-07-31,1,ridge_static,test
CMT,2024-07,0.24342479146330737,0.8636363636363636,10,CMT,2024-07-31,1,ridge_static,test
MNG,2024-07,0.2398489224532009,0.8484848484848485,11,MNG,2024-07-31,1,ridge_static,test
CMA,2024-07,0.21422507033768895,0.8333333333333334,12,CMA,2024-07-31,1,ridge_static,test
INV,2024-07,0.2116352032835508,0.8181818181818181,13,INV,2024-07-31,1,ridge_static,test
COL,2024-07,0.21094116195019924,0.803030303030303,14,COL,2024-07-31,1,ridge_static,test
ADH,2024-07,0.18773330337434466,0.7878787878787878,15,ADH,2024-07-31,1,ridge_static,test
CFG,2024-07,0.17579709940125343,0.7727272727272727,16,CFG,2024-07-31,1,ridge_static,test
MIC,2024-07,0.17559679973221026,0.7575757575757576,17,MIC,2024-07-31,1,ridge_static,test
FBR,2024-07,0.16759695017612283,0.7424242424242424,18,FBR,2024-07-31,1,ridge_static,test
ATW,2024-07,0.16632993432557955,0.7272727272727273,19,ATW,2024-07-31,1,ridge_static,test
RIS,2024-07,0.1621249364705725,0.7121212121212122,20,RIS,2024-07-31,1,ridge_static,test
DHO,2024-07,0.15845619073961795,0.696969696969697,21,DHO,2024-07-31,1,ridge_static,test
ALM,2024-07,0.15585525103325298,0.6818181818181819,22,ALM,2024-07-31,1,ridge_static,test
TQM,2024-07,0.15560563500855676,0.6666666666666667,23,TQM,2024-07-31,1,ridge_static,test
LHM,2024-07,0.15396297456375746,0.6515151515151515,24,LHM,2024-07-31,1,ridge_static,test
ATL,2024-07,0.15272869420285567,0.6363636363636364,25,ATL,2024-07-31,1,ridge_static,test
REB,2024-08,0.532422818435045,1.0,1,REB,2024-08-30,1,ridge_static,test
SAH,2024-08,0.4614345264956959,0.9848484848484849,2,SAH,2024-08-30,1,ridge_static,test
AFM,2024-08,0.3326322534979756,0.9696969696969697,3,AFM,2024-08-30,1,ridge_static,test
ADI,2024-08,0.31713674279198484,0.9545454545454546,4,ADI,2024-08-30,1,ridge_static,test
MIC,2024-08,0.2913617093766494,0.9393939393939394,5,MIC,2024-08-30,1,ridge_static,test
RDS,2024-08,0.2781134315188708,0.9242424242424242,6,RDS,2024-08-30,1,ridge_static,test
INV,2024-08,0.2746433751876863,0.9090909090909091,7,INV,2024-08-30,1,ridge_static,test
MSA,2024-08,0.24952746339748122,0.8939393939393939,8,MSA,2024-08-30,1,ridge_static,test
TGC,2024-08,0.24189216500629923,0.8787878787878788,9,TGC,2024-08-30,1,ridge_static,test
BCP,2024-08,0.22771048939973412,0.8636363636363636,10,BCP,2024-08-30,1,ridge_static,test
BAL,2024-08,0.22745959313936892,0.8484848484848485,11,BAL,2024-08-30,1,ridge_static,test
ATL,2024-08,0.21733018011181865,0.8333333333333334,12,ATL,2024-08-30,1,ridge_static,test
TMA,2024-08,0.21545569948579907,0.8181818181818181,13,TMA,2024-08-30,1,ridge_static,test
MNG,2024-08,0.2076043937846389,0.803030303030303,14,MNG,2024-08-30,1,ridge_static,test
BCI,2024-08,0.19470041730056825,0.7878787878787878,15,BCI,2024-08-30,1,ridge_static,test
ATW,2024-08,0.19346989149370145,0.7727272727272727,16,ATW,2024-08-30,1,ridge_static,test
CIH,2024-08,0.189780661566825,0.7575757575757576,17,CIH,2024-08-30,1,ridge_static,test
PRO,2024-08,0.18590964392959625,0.7424242424242424,18,PRO,2024-08-30,1,ridge_static,test
MUT,2024-08,0.1770704979966962,0.7272727272727273,19,MUT,2024-08-30,1,ridge_static,test
LES,2024-08,0.16827328480126733,0.7121212121212122,20,LES,2024-08-30,1,ridge_static,test
JET,2024-08,0.1647168849499681,0.696969696969697,21,JET,2024-08-30,1,ridge_static,test
LHM,2024-08,0.14560338634930448,0.6818181818181819,22,LHM,2024-08-30,1,ridge_static,test
CDM,2024-08,0.14186894802587197,0.6666666666666667,23,CDM,2024-08-30,1,ridge_static,test
COL,2024-08,0.14121847598253803,0.6515151515151515,24,COL,2024-08-30,1,ridge_static,test
TQM,2024-08,0.13016188560946879,0.6363636363636364,25,TQM,2024-08-30,1,ridge_static,test
REB,2024-09,0.6726891565946995,1.0,1,REB,2024-09-30,1,ridge_static,test
ATH,2024-09,0.37523264555515246,0.9848484848484849,2,ATH,2024-09-30,1,ridge_static,test
MSA,2024-09,0.27416806039690667,0.9696969696969697,3,MSA,2024-09-30,1,ridge_static,test
PRO,2024-09,0.2680023803343575,0.9545454545454546,4,PRO,2024-09-30,1,ridge_static,test
DRI,2024-09,0.25248033360471367,0.9393939393939394,5,DRI,2024-09-30,1,ridge_static,test
ATW,2024-09,0.2489838482377812,0.9242424242424242,6,ATW,2024-09-30,1,ridge_static,test
SID,2024-09,0.24632960342111218,0.9090909090909091,7,SID,2024-09-30,1,ridge_static,test
JET,2024-09,0.23499974061438594,0.8939393939393939,8,JET,2024-09-30,1,ridge_static,test
OUL,2024-09,0.23129215237483108,0.8787878787878788,9,OUL,2024-09-30,1,ridge_static,test
COL,2024-09,0.22831417074438107,0.8636363636363636,10,COL,2024-09-30,1,ridge_static,test
AFM,2024-09,0.2124564409643476,0.8484848484848485,11,AFM,2024-09-30,1,ridge_static,test
TGC,2024-09,0.20936163398661375,0.8333333333333334,12,TGC,2024-09-30,1,ridge_static,test
SMI,2024-09,0.20574216620256308,0.8181818181818181,13,SMI,2024-09-30,1,ridge_static,test
ADH,2024-09,0.19575915176636918,0.803030303030303,14,ADH,2024-09-30,1,ridge_static,test
DHO,2024-09,0.1835169291663184,0.7878787878787878,15,DHO,2024-09-30,1,ridge_static,test
CSR,2024-09,0.16285693356981387,0.7727272727272727,16,CSR,2024-09-30,1,ridge_static,test
INV,2024-09,0.15484824352286547,0.7575757575757576,17,INV,2024-09-30,1,ridge_static,test
DYT,2024-09,0.15321255510316656,0.7424242424242424,18,DYT,2024-09-30,1,ridge_static,test
BCP,2024-09,0.15220235295649792,0.7272727272727273,19,BCP,2024-09-30,1,ridge_static,test
MIC,2024-09,0.14997565297544013,0.7121212121212122,20,MIC,2024-09-30,1,ridge_static,test
BOA,2024-09,0.1484187970312704,0.696969696969697,21,BOA,2024-09-30,1,ridge_static,test
CMA,2024-09,0.14491473831450763,0.6818181818181819,22,CMA,2024-09-30,1,ridge_static,test
NKL,2024-09,0.11510976779851578,0.6666666666666667,23,NKL,2024-09-30,1,ridge_static,test
GAZ,2024-09,0.11475841853504057,0.6515151515151515,24,GAZ,2024-09-30,1,ridge_static,test
SOT,2024-09,0.11302414820347796,0.6363636363636364,25,SOT,2024-09-30,1,ridge_static,test
ATH,2024-10,0.31830160568644417,1.0,1,ATH,2024-10-31,1,ridge_static,test
PRO,2024-10,0.2880055564540426,0.9836065573770492,2,PRO,2024-10-31,1,ridge_static,test
MSA,2024-10,0.26977597317281127,0.9672131147540983,3,MSA,2024-10-31,1,ridge_static,test
AFM,2024-10,0.26140592134249174,0.9508196721311475,4,AFM,2024-10-31,1,ridge_static,test
ATW,2024-10,0.252477924789698,0.9344262295081968,5,ATW,2024-10-31,1,ridge_static,test
BCP,2024-10,0.23791068825881656,0.9180327868852459,6,BCP,2024-10-31,1,ridge_static,test
INV,2024-10,0.23006314852779228,0.9016393442622951,7,INV,2024-10-31,1,ridge_static,test
TGC,2024-10,0.19056593200122562,0.8852459016393442,8,TGC,2024-10-31,1,ridge_static,test
BOA,2024-10,0.1764145714738186,0.8688524590163934,9,BOA,2024-10-31,1,ridge_static,test
M2M,2024-10,0.17511391061821213,0.8524590163934427,10,M2M,2024-10-31,1,ridge_static,test
ADH,2024-10,0.16051562116461165,0.8360655737704918,11,ADH,2024-10-31,1,ridge_static,test
SMI,2024-10,0.15765786269571683,0.819672131147541,12,SMI,2024-10-31,1,ridge_static,test
MIC,2024-10,0.15490814022383137,0.8032786885245902,13,MIC,2024-10-31,1,ridge_static,test
DYT,2024-10,0.14967855170843805,0.7868852459016393,14,DYT,2024-10-31,1,ridge_static,test
COL,2024-10,0.14619623276542754,0.7704918032786885,15,COL,2024-10-31,1,ridge_static,test
AKT,2024-10,0.13807843886021687,0.7540983606557377,16,AKT,2024-10-31,1,ridge_static,test
S2M,2024-10,0.1342754881263353,0.7377049180327868,17,S2M,2024-10-31,1,ridge_static,test
DHO,2024-10,0.1341621264512298,0.7213114754098361,18,DHO,2024-10-31,1,ridge_static,test
MDP,2024-10,0.13025338083743554,0.7049180327868853,19,MDP,2024-10-31,1,ridge_static,test
CIH,2024-10,0.12631438367448564,0.6885245901639344,20,CIH,2024-10-31,1,ridge_static,test
MNG,2024-10,0.125327605245043,0.6721311475409837,21,MNG,2024-10-31,1,ridge_static,test
CMA,2024-10,0.12515492920620702,0.6557377049180328,22,CMA,2024-10-31,1,ridge_static,test
ATL,2024-10,0.12128855713660405,0.639344262295082,23,ATL,2024-10-31,1,ridge_static,test
SID,2024-10,0.11835841339406292,0.6229508196721312,24,SID,2024-10-31,1,ridge_static,test
JET,2024-10,0.10993639282037557,0.6065573770491803,25,JET,2024-10-31,1,ridge_static,test
PRO,2024-11,0.4041326083578452,1.0,1,PRO,2024-11-29,1,ridge_static,test
MSA,2024-11,0.2984027325215992,0.9838709677419355,2,MSA,2024-11-29,1,ridge_static,test
ATH,2024-11,0.29831250960343464,0.967741935483871,3,ATH,2024-11-29,1,ridge_static,test
MAB,2024-11,0.28595929670779374,0.9516129032258065,4,MAB,2024-11-29,1,ridge_static,test
JET,2024-11,0.2325351610956961,0.935483870967742,5,JET,2024-11-29,1,ridge_static,test
BCP,2024-11,0.22523219543302087,0.9193548387096774,6,BCP,2024-11-29,1,ridge_static,test
SRM,2024-11,0.2251510624783517,0.9032258064516129,7,SRM,2024-11-29,1,ridge_static,test
CDM,2024-11,0.21877915430760742,0.8870967741935484,8,CDM,2024-11-29,1,ridge_static,test
ATW,2024-11,0.21802962747186888,0.8709677419354839,9,ATW,2024-11-29,1,ridge_static,test
INV,2024-11,0.20096004607388518,0.8548387096774194,10,INV,2024-11-29,1,ridge_static,test
AFM,2024-11,0.18937277324574414,0.8387096774193549,11,AFM,2024-11-29,1,ridge_static,test
BOA,2024-11,0.18033898848091257,0.8225806451612903,12,BOA,2024-11-29,1,ridge_static,test
MDP,2024-11,0.17323713276688094,0.8064516129032258,13,MDP,2024-11-29,1,ridge_static,test
CMA,2024-11,0.17213952827801737,0.7903225806451613,14,CMA,2024-11-29,1,ridge_static,test
SAH,2024-11,0.16906534112552232,0.7741935483870968,15,SAH,2024-11-29,1,ridge_static,test
MIC,2024-11,0.16852038545533615,0.7580645161290323,16,MIC,2024-11-29,1,ridge_static,test
DHO,2024-11,0.1662587354750394,0.7419354838709677,17,DHO,2024-11-29,1,ridge_static,test
SID,2024-11,0.15767073231836662,0.7258064516129032,18,SID,2024-11-29,1,ridge_static,test
AKT,2024-11,0.15551096408675333,0.7096774193548387,19,AKT,2024-11-29,1,ridge_static,test
TGC,2024-11,0.15474346040181594,0.6935483870967742,20,TGC,2024-11-29,1,ridge_static,test
ADH,2024-11,0.13401836577254822,0.6774193548387097,21,ADH,2024-11-29,1,ridge_static,test
NKL,2024-11,0.11631183342825857,0.6612903225806452,22,NKL,2024-11-29,1,ridge_static,test
LHM,2024-11,0.11263283274100058,0.6451612903225806,23,LHM,2024-11-29,1,ridge_static,test
BCI,2024-11,0.11159282656587824,0.6290322580645161,24,BCI,2024-11-29,1,ridge_static,test
CSR,2024-11,0.10769118732095943,0.6129032258064516,25,CSR,2024-11-29,1,ridge_static,test
REB,2024-12,0.801890843035212,1.0,1,REB,2024-12-31,1,ridge_static,test
SRM,2024-12,0.47443587386492286,0.9848484848484849,2,SRM,2024-12-31,1,ridge_static,test
MSA,2024-12,0.38007566457473363,0.9696969696969697,3,MSA,2024-12-31,1,ridge_static,test
JET,2024-12,0.3495688827060334,0.9545454545454546,4,JET,2024-12-31,1,ridge_static,test
PRO,2024-12,0.3411821499547726,0.9393939393939394,5,PRO,2024-12-31,1,ridge_static,test
TGC,2024-12,0.2851950023814739,0.9242424242424242,6,TGC,2024-12-31,1,ridge_static,test
ADH,2024-12,0.2790379257239636,0.9090909090909091,7,ADH,2024-12-31,1,ridge_static,test
ATH,2024-12,0.272332273491656,0.8939393939393939,8,ATH,2024-12-31,1,ridge_static,test
AFM,2024-12,0.24619477365542664,0.8787878787878788,9,AFM,2024-12-31,1,ridge_static,test
AGM,2024-12,0.23035840418103617,0.8636363636363636,10,AGM,2024-12-31,1,ridge_static,test
BOA,2024-12,0.21484840541271535,0.8484848484848485,11,BOA,2024-12-31,1,ridge_static,test
RIS,2024-12,0.1994102743485656,0.8333333333333334,12,RIS,2024-12-31,1,ridge_static,test
ATW,2024-12,0.19541424083980036,0.8181818181818181,13,ATW,2024-12-31,1,ridge_static,test
CMT,2024-12,0.1918379790442921,0.803030303030303,14,CMT,2024-12-31,1,ridge_static,test
SID,2024-12,0.19001658168889915,0.7878787878787878,15,SID,2024-12-31,1,ridge_static,test
INV,2024-12,0.18458287753930186,0.7727272727272727,16,INV,2024-12-31,1,ridge_static,test
MDP,2024-12,0.18204322905484144,0.7575757575757576,17,MDP,2024-12-31,1,ridge_static,test
COL,2024-12,0.1807859763899688,0.7424242424242424,18,COL,2024-12-31,1,ridge_static,test
BAL,2024-12,0.16361746608823619,0.7272727272727273,19,BAL,2024-12-31,1,ridge_static,test
CDM,2024-12,0.15471114392662338,0.7121212121212122,20,CDM,2024-12-31,1,ridge_static,test
DYT,2024-12,0.14198513585180883,0.696969696969697,21,DYT,2024-12-31,1,ridge_static,test
ADI,2024-12,0.13587195199503044,0.6818181818181819,22,ADI,2024-12-31,1,ridge_static,test
DHO,2024-12,0.12969509281154293,0.6666666666666667,23,DHO,2024-12-31,1,ridge_static,test
AKT,2024-12,0.12738558507015288,0.6515151515151515,24,AKT,2024-12-31,1,ridge_static,test
IBC,2024-12,0.12594474536301287,0.6363636363636364,25,IBC,2024-12-31,1,ridge_static,test
REB,2025-01,0.713265848745142,1.0,1,REB,2025-01-31,1,ridge_static,test
JET,2025-01,0.5030914815444569,0.9850746268656716,2,JET,2025-01-31,1,ridge_static,test
AFM,2025-01,0.44351159018650643,0.9701492537313433,3,AFM,2025-01-31,1,ridge_static,test
ATH,2025-01,0.3752774927326029,0.9552238805970149,4,ATH,2025-01-31,1,ridge_static,test
PRO,2025-01,0.359941084624937,0.9402985074626866,5,PRO,2025-01-31,1,ridge_static,test
MSA,2025-01,0.3527081605126998,0.9253731343283582,6,MSA,2025-01-31,1,ridge_static,test
ATW,2025-01,0.3444337737852625,0.9104477611940298,7,ATW,2025-01-31,1,ridge_static,test
SRM,2025-01,0.3312994171109146,0.8955223880597015,8,SRM,2025-01-31,1,ridge_static,test
CDM,2025-01,0.2899422618481948,0.8805970149253731,9,CDM,2025-01-31,1,ridge_static,test
TGC,2025-01,0.26147519609795444,0.8656716417910448,10,TGC,2025-01-31,1,ridge_static,test
M2M,2025-01,0.2349042509330751,0.8507462686567164,11,M2M,2025-01-31,1,ridge_static,test
IAM,2025-01,0.18357062765451893,0.835820895522388,12,IAM,2025-01-31,1,ridge_static,test
INV,2025-01,0.1784281622773968,0.8208955223880597,13,INV,2025-01-31,1,ridge_static,test
CMT,2025-01,0.177967686397621,0.8059701492537313,14,CMT,2025-01-31,1,ridge_static,test
S2M,2025-01,0.17260106968458763,0.791044776119403,15,S2M,2025-01-31,1,ridge_static,test
MAB,2025-01,0.17009895864999558,0.7761194029850746,16,MAB,2025-01-31,1,ridge_static,test
DHO,2025-01,0.16828371578479803,0.7611940298507462,17,DHO,2025-01-31,1,ridge_static,test
BCP,2025-01,0.16792226802995416,0.7462686567164178,18,BCP,2025-01-31,1,ridge_static,test
AKT,2025-01,0.16738333574477232,0.7313432835820896,19,AKT,2025-01-31,1,ridge_static,test
ADH,2025-01,0.1673728852880222,0.7164179104477613,20,ADH,2025-01-31,1,ridge_static,test
CMG,2025-01,0.15683376049127568,0.7014925373134329,21,CMG,2025-01-31,1,ridge_static,test
SMI,2025-01,0.1489672859883561,0.6865671641791045,22,SMI,2025-01-31,1,ridge_static,test
DYT,2025-01,0.14444160368235723,0.6716417910447761,23,DYT,2025-01-31,1,ridge_static,test
RIS,2025-01,0.14210013355797324,0.6567164179104478,24,RIS,2025-01-31,1,ridge_static,test
CSR,2025-01,0.14046753611086876,0.6417910447761195,25,CSR,2025-01-31,1,ridge_static,test
REB,2025-02,0.764637197158767,1.0,1,REB,2025-02-28,1,ridge_static,test
JET,2025-02,0.5164041167019529,0.9852941176470589,2,JET,2025-02-28,1,ridge_static,test
ATH,2025-02,0.3520388799871089,0.9705882352941176,3,ATH,2025-02-28,1,ridge_static,test
MSA,2025-02,0.34252741584262075,0.9558823529411765,4,MSA,2025-02-28,1,ridge_static,test
AFM,2025-02,0.3419563922716732,0.9411764705882353,5,AFM,2025-02-28,1,ridge_static,test
INV,2025-02,0.3341347960204944,0.9264705882352942,6,INV,2025-02-28,1,ridge_static,test
ATW,2025-02,0.30632833863971565,0.9117647058823529,7,ATW,2025-02-28,1,ridge_static,test
PRO,2025-02,0.2833937406197372,0.8970588235294118,8,PRO,2025-02-28,1,ridge_static,test
MAB,2025-02,0.2729454953809164,0.8823529411764706,9,MAB,2025-02-28,1,ridge_static,test
OUL,2025-02,0.23772884137823921,0.8676470588235294,10,OUL,2025-02-28,1,ridge_static,test
BCP,2025-02,0.23576445308347213,0.8529411764705882,11,BCP,2025-02-28,1,ridge_static,test
TGC,2025-02,0.20987472918844924,0.8382352941176471,12,TGC,2025-02-28,1,ridge_static,test
ADH,2025-02,0.1843210731254321,0.8235294117647058,13,ADH,2025-02-28,1,ridge_static,test
SID,2025-02,0.18216533795106737,0.8088235294117647,14,SID,2025-02-28,1,ridge_static,test
SRM,2025-02,0.18172555721604988,0.7941176470588236,15,SRM,2025-02-28,1,ridge_static,test
COL,2025-02,0.17760311605742463,0.7794117647058824,16,COL,2025-02-28,1,ridge_static,test
DYT,2025-02,0.16964990343790065,0.7647058823529411,17,DYT,2025-02-28,1,ridge_static,test
MIC,2025-02,0.16610379814644105,0.75,18,MIC,2025-02-28,1,ridge_static,test
CDM,2025-02,0.16262894503766578,0.7352941176470589,19,CDM,2025-02-28,1,ridge_static,test
CSR,2025-02,0.1492645447814085,0.7205882352941176,20,CSR,2025-02-28,1,ridge_static,test
CMA,2025-02,0.1204289904001785,0.7058823529411764,21,CMA,2025-02-28,1,ridge_static,test
TQM,2025-02,0.11482953296190254,0.6911764705882353,22,TQM,2025-02-28,1,ridge_static,test
MDP,2025-02,0.10751358228517052,0.6764705882352942,23,MDP,2025-02-28,1,ridge_static,test
M2M,2025-02,0.10712404621234067,0.6617647058823529,24,M2M,2025-02-28,1,ridge_static,test
DHO,2025-02,0.1043137498807154,0.6470588235294117,25,DHO,2025-02-28,1,ridge_static,test
REB,2025-03,0.8825165900468508,1.0,1,REB,2025-03-28,1,ridge_static,test
PRO,2025-03,0.425624862706828,0.9850746268656716,2,PRO,2025-03-28,1,ridge_static,test
MSA,2025-03,0.340720082710188,0.9701492537313433,3,MSA,2025-03-28,1,ridge_static,test
AFM,2025-03,0.3356570261972859,0.9552238805970149,4,AFM,2025-03-28,1,ridge_static,test
ATW,2025-03,0.3065479778897374,0.9402985074626866,5,ATW,2025-03-28,1,ridge_static,test
ATH,2025-03,0.2872363597013142,0.9253731343283582,6,ATH,2025-03-28,1,ridge_static,test
JET,2025-03,0.25156356466867247,0.9104477611940298,7,JET,2025-03-28,1,ridge_static,test
INV,2025-03,0.24464405188096117,0.8955223880597015,8,INV,2025-03-28,1,ridge_static,test
SID,2025-03,0.23750008743617904,0.8805970149253731,9,SID,2025-03-28,1,ridge_static,test
S2M,2025-03,0.23596775960547756,0.8656716417910448,10,S2M,2025-03-28,1,ridge_static,test
AGM,2025-03,0.20497777175635273,0.8507462686567164,11,AGM,2025-03-28,1,ridge_static,test
LBV,2025-03,0.18808675225135424,0.835820895522388,12,LBV,2025-03-28,1,ridge_static,test
BCP,2025-03,0.18630165971198986,0.8208955223880597,13,BCP,2025-03-28,1,ridge_static,test
BOA,2025-03,0.1851943365422593,0.8059701492537313,14,BOA,2025-03-28,1,ridge_static,test
OUL,2025-03,0.18422079186616702,0.791044776119403,15,OUL,2025-03-28,1,ridge_static,test
SRM,2025-03,0.18135644017629693,0.7761194029850746,16,SRM,2025-03-28,1,ridge_static,test
MNG,2025-03,0.18023305148240942,0.7611940298507462,17,MNG,2025-03-28,1,ridge_static,test
TGC,2025-03,0.17528759658551718,0.7462686567164178,18,TGC,2025-03-28,1,ridge_static,test
SLF,2025-03,0.17264031355327358,0.7313432835820896,19,SLF,2025-03-28,1,ridge_static,test
ADH,2025-03,0.1593253687056631,0.7164179104477613,20,ADH,2025-03-28,1,ridge_static,test
COL,2025-03,0.15672369976197087,0.7014925373134329,21,COL,2025-03-28,1,ridge_static,test
IAM,2025-03,0.15126998143026288,0.6865671641791045,22,IAM,2025-03-28,1,ridge_static,test
SMI,2025-03,0.1490239719086798,0.6716417910447761,23,SMI,2025-03-28,1,ridge_static,test
MDP,2025-03,0.14165770496292168,0.6567164179104478,24,MDP,2025-03-28,1,ridge_static,test
MIC,2025-03,0.1411366117971553,0.6417910447761195,25,MIC,2025-03-28,1,ridge_static,test
REB,2025-04,0.9493671021002189,1.0,1,REB,2025-04-30,1,ridge_static,test
ATH,2025-04,0.4021865871097027,0.9852941176470589,2,ATH,2025-04-30,1,ridge_static,test
PRO,2025-04,0.38858969497659,0.9705882352941176,3,PRO,2025-04-30,1,ridge_static,test
INV,2025-04,0.3806340525006905,0.9558823529411765,4,INV,2025-04-30,1,ridge_static,test
MSA,2025-04,0.33146820717958947,0.9411764705882353,5,MSA,2025-04-30,1,ridge_static,test
AFM,2025-04,0.30646296700051556,0.9264705882352942,6,AFM,2025-04-30,1,ridge_static,test
OUL,2025-04,0.25524934028179996,0.9117647058823529,7,OUL,2025-04-30,1,ridge_static,test
ATW,2025-04,0.24765344865619215,0.8970588235294118,8,ATW,2025-04-30,1,ridge_static,test
TGC,2025-04,0.23459495208591027,0.8823529411764706,9,TGC,2025-04-30,1,ridge_static,test
DRI,2025-04,0.23275757240981534,0.8676470588235294,10,DRI,2025-04-30,1,ridge_static,test
RIS,2025-04,0.20619905341629793,0.8529411764705882,11,RIS,2025-04-30,1,ridge_static,test
SID,2025-04,0.20502197644250592,0.8382352941176471,12,SID,2025-04-30,1,ridge_static,test
SRM,2025-04,0.1953541917765244,0.8235294117647058,13,SRM,2025-04-30,1,ridge_static,test
BCP,2025-04,0.18791124868508957,0.8088235294117647,14,BCP,2025-04-30,1,ridge_static,test
JET,2025-04,0.17755629359520883,0.7941176470588236,15,JET,2025-04-30,1,ridge_static,test
CDM,2025-04,0.160961992726512,0.7794117647058824,16,CDM,2025-04-30,1,ridge_static,test
MAB,2025-04,0.15901415286865117,0.7647058823529411,17,MAB,2025-04-30,1,ridge_static,test
MIC,2025-04,0.1586062036582218,0.75,18,MIC,2025-04-30,1,ridge_static,test
MNG,2025-04,0.12185048558175478,0.7352941176470589,19,MNG,2025-04-30,1,ridge_static,test
COL,2025-04,0.11499382528006566,0.7205882352941176,20,COL,2025-04-30,1,ridge_static,test
M2M,2025-04,0.10280314541228887,0.7058823529411764,21,M2M,2025-04-30,1,ridge_static,test
CSR,2025-04,0.10153389706413948,0.6911764705882353,22,CSR,2025-04-30,1,ridge_static,test
CMT,2025-04,0.09939855855159849,0.6764705882352942,23,CMT,2025-04-30,1,ridge_static,test
MOX,2025-04,0.09800509976173513,0.6617647058823529,24,MOX,2025-04-30,1,ridge_static,test
S2M,2025-04,0.09018562087178747,0.6470588235294117,25,S2M,2025-04-30,1,ridge_static,test
PRO,2025-05,0.38834040967524946,1.0,1,PRO,2025-05-30,1,ridge_static,test
MSA,2025-05,0.3662758642254831,0.9850746268656716,2,MSA,2025-05-30,1,ridge_static,test
SID,2025-05,0.33680651678374496,0.9701492537313433,3,SID,2025-05-30,1,ridge_static,test
SRM,2025-05,0.32129750286125436,0.9552238805970149,4,SRM,2025-05-30,1,ridge_static,test
ATH,2025-05,0.30853178292095923,0.9402985074626866,5,ATH,2025-05-30,1,ridge_static,test
INV,2025-05,0.28980768994874917,0.9253731343283582,6,INV,2025-05-30,1,ridge_static,test
CDM,2025-05,0.24891522284674128,0.9104477611940298,7,CDM,2025-05-30,1,ridge_static,test
S2M,2025-05,0.23855706661965692,0.8955223880597015,8,S2M,2025-05-30,1,ridge_static,test
M2M,2025-05,0.23276066553828345,0.8805970149253731,9,M2M,2025-05-30,1,ridge_static,test
FBR,2025-05,0.2293020230265343,0.8656716417910448,10,FBR,2025-05-30,1,ridge_static,test
JET,2025-05,0.22390206653229233,0.8507462686567164,11,JET,2025-05-30,1,ridge_static,test
ATW,2025-05,0.2207296758970432,0.835820895522388,12,ATW,2025-05-30,1,ridge_static,test
BCP,2025-05,0.2117099205567669,0.8208955223880597,13,BCP,2025-05-30,1,ridge_static,test
AFM,2025-05,0.20608987495853398,0.8059701492537313,14,AFM,2025-05-30,1,ridge_static,test
RIS,2025-05,0.1935993338228683,0.791044776119403,15,RIS,2025-05-30,1,ridge_static,test
DYT,2025-05,0.17949976397488132,0.7761194029850746,16,DYT,2025-05-30,1,ridge_static,test
CMG,2025-05,0.16363696976607078,0.7611940298507462,17,CMG,2025-05-30,1,ridge_static,test
COL,2025-05,0.1540015947808245,0.7462686567164178,18,COL,2025-05-30,1,ridge_static,test
OUL,2025-05,0.14950162212778237,0.7313432835820896,19,OUL,2025-05-30,1,ridge_static,test
MNG,2025-05,0.13700259850510002,0.7164179104477613,20,MNG,2025-05-30,1,ridge_static,test
CTM,2025-05,0.13247568587506992,0.7014925373134329,21,CTM,2025-05-30,1,ridge_static,test
MAB,2025-05,0.12997574100146225,0.6865671641791045,22,MAB,2025-05-30,1,ridge_static,test
BCI,2025-05,0.12783483493625358,0.6716417910447761,23,BCI,2025-05-30,1,ridge_static,test
SMI,2025-05,0.1130560125479955,0.6567164179104478,24,SMI,2025-05-30,1,ridge_static,test
GAZ,2025-05,0.11284566146206788,0.6417910447761195,25,GAZ,2025-05-30,1,ridge_static,test
REB,2025-06,0.6218798951668087,1.0,1,REB,2025-06-30,1,ridge_static,test
S2M,2025-06,0.35559405920935516,0.9850746268656716,2,S2M,2025-06-30,1,ridge_static,test
MSA,2025-06,0.33217239138504834,0.9701492537313433,3,MSA,2025-06-30,1,ridge_static,test
SID,2025-06,0.3179737783972395,0.9552238805970149,4,SID,2025-06-30,1,ridge_static,test
PRO,2025-06,0.30934570296263597,0.9402985074626866,5,PRO,2025-06-30,1,ridge_static,test
ATH,2025-06,0.2884096900098927,0.9253731343283582,6,ATH,2025-06-30,1,ridge_static,test
ATW,2025-06,0.2706313271209276,0.9104477611940298,7,ATW,2025-06-30,1,ridge_static,test
FBR,2025-06,0.26343669434501443,0.8955223880597015,8,FBR,2025-06-30,1,ridge_static,test
AFM,2025-06,0.2612746075205323,0.8805970149253731,9,AFM,2025-06-30,1,ridge_static,test
MOX,2025-06,0.24719985297581193,0.8656716417910448,10,MOX,2025-06-30,1,ridge_static,test
SRM,2025-06,0.24702922751597298,0.8507462686567164,11,SRM,2025-06-30,1,ridge_static,test
CMT,2025-06,0.23728587155956563,0.835820895522388,12,CMT,2025-06-30,1,ridge_static,test
MIC,2025-06,0.23124577348758937,0.8208955223880597,13,MIC,2025-06-30,1,ridge_static,test
TGC,2025-06,0.22985629412405348,0.8059701492537313,14,TGC,2025-06-30,1,ridge_static,test
DYT,2025-06,0.22789989678700856,0.791044776119403,15,DYT,2025-06-30,1,ridge_static,test
JET,2025-06,0.22739893282972143,0.7761194029850746,16,JET,2025-06-30,1,ridge_static,test
BCI,2025-06,0.20085338851556678,0.7611940298507462,17,BCI,2025-06-30,1,ridge_static,test
DHO,2025-06,0.19600388936132898,0.7462686567164178,18,DHO,2025-06-30,1,ridge_static,test
BCP,2025-06,0.18613878619517105,0.7313432835820896,19,BCP,2025-06-30,1,ridge_static,test
CDM,2025-06,0.1854456368624742,0.7164179104477613,20,CDM,2025-06-30,1,ridge_static,test
IAM,2025-06,0.18331548429420488,0.7014925373134329,21,IAM,2025-06-30,1,ridge_static,test
TQM,2025-06,0.17268169024174743,0.6865671641791045,22,TQM,2025-06-30,1,ridge_static,test
MNG,2025-06,0.1608694537296354,0.6716417910447761,23,MNG,2025-06-30,1,ridge_static,test
NKL,2025-06,0.15534278333452686,0.6567164179104478,24,NKL,2025-06-30,1,ridge_static,test
COL,2025-06,0.1552673825277717,0.6417910447761195,25,COL,2025-06-30,1,ridge_static,test
REB,2025-07,0.8854389893866329,1.0,1,REB,2025-07-31,1,ridge_static,test
ATH,2025-07,0.4080930990696026,0.9852941176470589,2,ATH,2025-07-31,1,ridge_static,test
MSA,2025-07,0.40120089675195486,0.9705882352941176,3,MSA,2025-07-31,1,ridge_static,test
PRO,2025-07,0.3787895674474658,0.9558823529411765,4,PRO,2025-07-31,1,ridge_static,test
SID,2025-07,0.3094112196096164,0.9411764705882353,5,SID,2025-07-31,1,ridge_static,test
JET,2025-07,0.3059628466860519,0.9264705882352942,6,JET,2025-07-31,1,ridge_static,test
AFM,2025-07,0.27428149405328256,0.9117647058823529,7,AFM,2025-07-31,1,ridge_static,test
TQM,2025-07,0.26287089544493436,0.8970588235294118,8,TQM,2025-07-31,1,ridge_static,test
ATW,2025-07,0.25854853045403126,0.8823529411764706,9,ATW,2025-07-31,1,ridge_static,test
S2M,2025-07,0.23928921891524568,0.8676470588235294,10,S2M,2025-07-31,1,ridge_static,test
TGC,2025-07,0.23596097897404128,0.8529411764705882,11,TGC,2025-07-31,1,ridge_static,test
MNG,2025-07,0.2343535120245926,0.8382352941176471,12,MNG,2025-07-31,1,ridge_static,test
FBR,2025-07,0.21412181684013326,0.8235294117647058,13,FBR,2025-07-31,1,ridge_static,test
OUL,2025-07,0.20192914628296305,0.8088235294117647,14,OUL,2025-07-31,1,ridge_static,test
BOA,2025-07,0.18468382539780828,0.7941176470588236,15,BOA,2025-07-31,1,ridge_static,test
SRM,2025-07,0.1802637977833939,0.7794117647058824,16,SRM,2025-07-31,1,ridge_static,test
RIS,2025-07,0.17123635970554302,0.7647058823529411,17,RIS,2025-07-31,1,ridge_static,test
DHO,2025-07,0.15050878958662195,0.75,18,DHO,2025-07-31,1,ridge_static,test
ADH,2025-07,0.14359533841893202,0.7352941176470589,19,ADH,2025-07-31,1,ridge_static,test
CDM,2025-07,0.1418867875536825,0.7205882352941176,20,CDM,2025-07-31,1,ridge_static,test
IAM,2025-07,0.1373878525314815,0.7058823529411764,21,IAM,2025-07-31,1,ridge_static,test
CIH,2025-07,0.13143772310395097,0.6911764705882353,22,CIH,2025-07-31,1,ridge_static,test
MIC,2025-07,0.12762061398738805,0.6764705882352942,23,MIC,2025-07-31,1,ridge_static,test
LHM,2025-07,0.11251249561034773,0.6617647058823529,24,LHM,2025-07-31,1,ridge_static,test
AKT,2025-07,0.11198555018795461,0.6470588235294117,25,AKT,2025-07-31,1,ridge_static,test
REB,2025-08,0.6931657291647075,1.0,1,REB,2025-08-13,1,ridge_static,test
MSA,2025-08,0.49594746960098757,0.9855072463768116,2,MSA,2025-08-13,1,ridge_static,test
INV,2025-08,0.3292460546056008,0.9710144927536232,3,INV,2025-08-13,1,ridge_static,test
ATW,2025-08,0.32833605036924207,0.9565217391304348,4,ATW,2025-08-13,1,ridge_static,test
TGC,2025-08,0.3282844304423003,0.9420289855072463,5,TGC,2025-08-13,1,ridge_static,test
MAB,2025-08,0.315478857110298,0.927536231884058,6,MAB,2025-08-13,1,ridge_static,test
S2M,2025-08,0.29096872399476714,0.9130434782608696,7,S2M,2025-08-13,1,ridge_static,test
JET,2025-08,0.288769162375662,0.8985507246376812,8,JET,2025-08-13,1,ridge_static,test
PRO,2025-08,0.2789706136832384,0.8840579710144928,9,PRO,2025-08-13,1,ridge_static,test
FBR,2025-08,0.2728599937276901,0.8695652173913043,10,FBR,2025-08-13,1,ridge_static,test
CDM,2025-08,0.22790147293772733,0.855072463768116,11,CDM,2025-08-13,1,ridge_static,test
OUL,2025-08,0.2264261423692872,0.8405797101449275,12,OUL,2025-08-13,1,ridge_static,test
SID,2025-08,0.22222944247092366,0.8260869565217391,13,SID,2025-08-13,1,ridge_static,test
ATH,2025-08,0.20937228514217576,0.8115942028985508,14,ATH,2025-08-13,1,ridge_static,test
BCP,2025-08,0.20817795219150198,0.7971014492753623,15,BCP,2025-08-13,1,ridge_static,test
BOA,2025-08,0.19816893128704602,0.782608695652174,16,BOA,2025-08-13,1,ridge_static,test
AKT,2025-08,0.18654127782373991,0.7681159420289855,17,AKT,2025-08-13,1,ridge_static,test
DHO,2025-08,0.18187217419676838,0.7536231884057971,18,DHO,2025-08-13,1,ridge_static,test
DYT,2025-08,0.18125485420653317,0.7391304347826086,19,DYT,2025-08-13,1,ridge_static,test
LHM,2025-08,0.16460833350118667,0.7246376811594203,20,LHM,2025-08-13,1,ridge_static,test
NKL,2025-08,0.16147105973073578,0.7101449275362319,21,NKL,2025-08-13,1,ridge_static,test
RIS,2025-08,0.145383005540038,0.6956521739130435,22,RIS,2025-08-13,1,ridge_static,test
VCN,2025-08,0.14220524605859428,0.6811594202898551,23,VCN,2025-08-13,1,ridge_static,test
MNG,2025-08,0.1412909141013582,0.6666666666666667,24,MNG,2025-08-13,1,ridge_static,test
M2M,2025-08,0.13206962000504138,0.6521739130434783,25,M2M,2025-08-13,1,ridge_static,test
