mois,rang,titre,score,date_cours,fold_id,cell_id
2018-07,1,DRI,0.3747813937753386,2018-07-31,0,2
2018-07,2,SID,0.3283937986420534,2018-07-31,0,2
2018-07,3,JET,0.26014952622438314,2018-07-31,0,2
2018-07,4,INV,0.23599998960459986,2018-07-31,0,2
2018-07,5,MDP,0.22612044039157747,2018-07-31,0,2
2018-07,6,LBV,0.2200016822516561,2018-07-31,0,2
2018-07,7,EQD,0.17118076662117587,2018-07-31,0,2
2018-07,8,DWY,0.1704667535039445,2018-07-31,0,2
2018-07,9,S2M,0.16012932371693378,2018-07-31,0,2
2018-07,10,M2M,0.13513223501101648,2018-07-31,0,2
2018-07,11,MIC,0.1351188444616341,2018-07-31,0,2
2018-07,12,CTM,0.13462832706282174,2018-07-31,0,2
2018-07,13,RIS,0.12351639044918813,2018-07-31,0,2
2018-07,14,COL,0.12269844583812445,2018-07-31,0,2
2018-07,15,TQM,0.12172211551604609,2018-07-31,0,2
2018-07,16,MOX,0.10949242047463095,2018-07-31,0,2
2018-07,17,SRM,0.10447655396283523,2018-07-31,0,2
2018-07,18,ALM,0.09961094287891775,2018-07-31,0,2
2018-07,19,HPS,0.09686416450812627,2018-07-31,0,2
2018-07,20,SOT,0.07159975415136172,2018-07-31,0,2
2018-07,21,CIH,0.06972999634891894,2018-07-31,0,2
2018-07,22,RDS,0.06814431300477776,2018-07-31,0,2
2018-07,23,FBR,0.06806618710348622,2018-07-31,0,2
2018-07,24,ATL,0.05440014891448755,2018-07-31,0,2
2018-07,25,IMO,0.036416488546563305,2018-07-31,0,2
2018-08,1,GAZ,0.4070541679933839,2018-08-31,0,2
2018-08,2,EQD,0.38368856907452376,2018-08-31,0,2
2018-08,3,MIC,0.3121146102771354,2018-08-31,0,2
2018-08,4,SID,0.24112399677458277,2018-08-31,0,2
2018-08,5,MOX,0.17172531577128095,2018-08-31,0,2
2018-08,6,JET,0.15073598492190274,2018-08-31,0,2
2018-08,7,DRI,0.1473523919549537,2018-08-31,0,2
2018-08,8,HPS,0.1430608369777633,2018-08-31,0,2
2018-08,9,LBV,0.1412851565125209,2018-08-31,0,2
2018-08,10,SRM,0.10560612332394101,2018-08-31,0,2
2018-08,11,INV,0.09990436946046655,2018-08-31,0,2
2018-08,12,DWY,0.08963569931102822,2018-08-31,0,2
2018-08,13,MDP,0.08880188046141478,2018-08-31,0,2
2018-08,14,IBC,0.08678233175695058,2018-08-31,0,2
2018-08,15,CTM,0.07942070667474456,2018-08-31,0,2
2018-08,16,ATL,0.07224583376192087,2018-08-31,0,2
2018-08,17,IMO,0.07052937110006527,2018-08-31,0,2
2018-08,18,M2M,0.06412423008702764,2018-08-31,0,2
2018-08,19,CIH,0.06353174111379509,2018-08-31,0,2
2018-08,20,COL,0.053887436836877994,2018-08-31,0,2
2018-08,21,SBM,0.050558266302668686,2018-08-31,0,2
2018-08,22,SLF,0.050210105342498826,2018-08-31,0,2
2018-08,23,S2M,0.047667091368442854,2018-08-31,0,2
2018-08,24,FBR,0.03699567207007594,2018-08-31,0,2
2018-08,25,BCI,0.02777487052294278,2018-08-31,0,2
2018-09,1,CIH,0.22126764338993918,2018-09-28,0,2
2018-09,2,ALM,0.21108619399191872,2018-09-28,0,2
2018-09,3,REB,0.20595942745461715,2018-09-28,0,2
2018-09,4,DWY,0.2017433525773918,2018-09-28,0,2
2018-09,5,CTM,0.1863602896793848,2018-09-28,0,2
2018-09,6,MDP,0.17019305016639674,2018-09-28,0,2
2018-09,7,M2M,0.1640230991942213,2018-09-28,0,2
2018-09,8,MOX,0.163935775057336,2018-09-28,0,2
2018-09,9,S2M,0.13643433974836716,2018-09-28,0,2
2018-09,10,SID,0.13605808531940863,2018-09-28,0,2
2018-09,11,MIC,0.1327283252169827,2018-09-28,0,2
2018-09,12,EQD,0.12699770874924088,2018-09-28,0,2
2018-09,13,RIS,0.12409174298382208,2018-09-28,0,2
2018-09,14,LBV,0.1134751866637626,2018-09-28,0,2
2018-09,15,GAZ,0.10875176690907598,2018-09-28,0,2
2018-09,16,UMR,0.0856438961464345,2018-09-28,0,2
2018-09,17,SOT,0.06486658255039103,2018-09-28,0,2
2018-09,18,IMO,0.0625528277511077,2018-09-28,0,2
2018-09,19,SLF,0.06201149219606389,2018-09-28,0,2
2018-09,20,ATW,0.05320270226432272,2018-09-28,0,2
2018-09,21,MSA,0.023332127096446914,2018-09-28,0,2
2018-09,22,PRO,0.01860607705724926,2018-09-28,0,2
2018-09,23,IAM,0.01727388475926883,2018-09-28,0,2
2018-09,24,SBM,-0.0024410552277199515,2018-09-28,0,2
2018-09,25,SRM,-0.014345370756791515,2018-09-28,0,2
2018-10,1,IMO,0.5491523254815089,2018-10-31,0,2
2018-10,2,SRM,0.5331793447692688,2018-10-31,0,2
2018-10,3,RIS,0.49577413398231107,2018-10-31,0,2
2018-10,4,OUL,0.27266916703471644,2018-10-31,0,2
2018-10,5,MIC,0.22700349094762404,2018-10-31,0,2
2018-10,6,INV,0.1462970600869777,2018-10-31,0,2
2018-10,7,AFM,0.14037649660806362,2018-10-31,0,2
2018-10,8,GAZ,0.09434183709747315,2018-10-31,0,2
2018-10,9,M2M,0.07840562617290572,2018-10-31,0,2
2018-10,10,S2M,0.07376670086922095,2018-10-31,0,2
2018-10,11,MSA,0.06444272055452148,2018-10-31,0,2
2018-10,12,TMA,0.04768517576602618,2018-10-31,0,2
2018-10,13,HPS,0.0363763710102719,2018-10-31,0,2
2018-10,14,FBR,0.03630036785544079,2018-10-31,0,2
2018-10,15,IAM,0.03362602618753763,2018-10-31,0,2
2018-10,16,ATL,0.01125721279952134,2018-10-31,0,2
2018-10,17,ATW,0.008568861615463774,2018-10-31,0,2
2018-10,18,SID,-0.0004003668335884336,2018-10-31,0,2
2018-10,19,MDP,-0.0028077514976362627,2018-10-31,0,2
2018-10,20,CMT,-0.011692562460672323,2018-10-31,0,2
2018-10,21,DHO,-0.015167802184851004,2018-10-31,0,2
2018-10,22,DWY,-0.01985242406576601,2018-10-31,0,2
2018-10,23,JET,-0.03060961988037969,2018-10-31,0,2
2018-10,24,CTM,-0.035190483219787294,2018-10-31,0,2
2018-10,25,CSR,-0.0466345041895915,2018-10-31,0,2
2018-11,1,SRM,0.5501215382285064,2018-11-30,0,2
2018-11,2,RIS,0.4937894354433904,2018-11-30,0,2
2018-11,3,IMO,0.48875987384748765,2018-11-30,0,2
2018-11,4,HPS,0.21276370761542712,2018-11-30,0,2
2018-11,5,MIC,0.20434131377878956,2018-11-30,0,2
2018-11,6,SOT,0.18882168357712362,2018-11-30,0,2
2018-11,7,JET,0.16205226041389617,2018-11-30,0,2
2018-11,8,AFM,0.16065349478006552,2018-11-30,0,2
2018-11,9,INV,0.14932489809348493,2018-11-30,0,2
2018-11,10,TMA,0.11555298471507616,2018-11-30,0,2
2018-11,11,M2M,0.10977977260401964,2018-11-30,0,2
2018-11,12,GAZ,0.09640682587845786,2018-11-30,0,2
2018-11,13,S2M,0.0881417002366516,2018-11-30,0,2
2018-11,14,CMT,0.08069721645809011,2018-11-30,0,2
2018-11,15,SBM,0.06781519238571251,2018-11-30,0,2
2018-11,16,DHO,0.052242180441155334,2018-11-30,0,2
2018-11,17,MDP,0.03526178881051682,2018-11-30,0,2
2018-11,18,DRI,0.03429682497214864,2018-11-30,0,2
2018-11,19,DWY,0.03424653324176857,2018-11-30,0,2
2018-11,20,ALM,0.03291458327721447,2018-11-30,0,2
2018-11,21,SNP,0.03283876632310992,2018-11-30,0,2
2018-11,22,IAM,0.02723566320301407,2018-11-30,0,2
2018-11,23,MSA,-0.01262445703166215,2018-11-30,0,2
2018-11,24,CSR,-0.020302213610519065,2018-11-30,0,2
2018-11,25,CTM,-0.025724873375034152,2018-11-30,0,2
2018-12,1,OUL,0.6776584706097553,2018-12-31,0,2
2018-12,2,IMO,0.6062578993735417,2018-12-31,0,2
2018-12,3,RIS,0.6002896939561257,2018-12-31,0,2
2018-12,4,UMR,0.35163418928046697,2018-12-31,0,2
2018-12,5,TMA,0.3498217676141657,2018-12-31,0,2
2018-12,6,INV,0.32652723687573415,2018-12-31,0,2
2018-12,7,SOT,0.31088213444592827,2018-12-31,0,2
2018-12,8,HPS,0.2999466869571986,2018-12-31,0,2
2018-12,9,AFM,0.274040482886026,2018-12-31,0,2
2018-12,10,CMT,0.25354197779276555,2018-12-31,0,2
2018-12,11,JET,0.25021825986646234,2018-12-31,0,2
2018-12,12,CTM,0.23164164683903332,2018-12-31,0,2
2018-12,13,IAM,0.19658261918147077,2018-12-31,0,2
2018-12,14,CIH,0.18821405462947727,2018-12-31,0,2
2018-12,15,CSR,0.18507668684009343,2018-12-31,0,2
2018-12,16,ATL,0.17172175575308896,2018-12-31,0,2
2018-12,17,NEJ,0.15577963483758372,2018-12-31,0,2
2018-12,18,MDP,0.14917531488386654,2018-12-31,0,2
2018-12,19,LBV,0.13982459023578606,2018-12-31,0,2
2018-12,20,M2M,0.13934656499603418,2018-12-31,0,2
2018-12,21,MSA,0.1309203654927595,2018-12-31,0,2
2018-12,22,S2M,0.10349840374755251,2018-12-31,0,2
2018-12,23,ATW,0.0772226704349612,2018-12-31,0,2
2018-12,24,BCP,0.07165827299681328,2018-12-31,0,2
2018-12,25,DHO,0.06789275710925419,2018-12-31,0,2
2019-01,1,SRM,0.919983343896702,2019-01-31,6,2
2019-01,2,RIS,0.6705172729043789,2019-01-31,6,2
2019-01,3,IMO,0.5583766451135498,2019-01-31,6,2
2019-01,4,OUL,0.5432794717215416,2019-01-31,6,2
2019-01,5,SOT,0.43421070904961473,2019-01-31,6,2
2019-01,6,MUT,0.36674966066909,2019-01-31,6,2
2019-01,7,MOX,0.3318932421973278,2019-01-31,6,2
2019-01,8,LHM,0.3309091554224054,2019-01-31,6,2
2019-01,9,MIC,0.324399858234349,2019-01-31,6,2
2019-01,10,NKL,0.31709504013698997,2019-01-31,6,2
2019-01,11,JET,0.3104723586193898,2019-01-31,6,2
2019-01,12,TMA,0.2892745548027065,2019-01-31,6,2
2019-01,13,ATL,0.27913665562715173,2019-01-31,6,2
2019-01,14,HPS,0.25599217535140273,2019-01-31,6,2
2019-01,15,AGM,0.25439649971054323,2019-01-31,6,2
2019-01,16,INV,0.25222341780437896,2019-01-31,6,2
2019-01,17,IAM,0.2492845798583081,2019-01-31,6,2
2019-01,18,MAB,0.2322985850314226,2019-01-31,6,2
2019-01,19,DHO,0.21957479846091144,2019-01-31,6,2
2019-01,20,CSR,0.21203052129669023,2019-01-31,6,2
2019-01,21,SBM,0.2014195936692893,2019-01-31,6,2
2019-01,22,MSA,0.2001437023380702,2019-01-31,6,2
2019-01,23,BCP,0.18488030543846357,2019-01-31,6,2
2019-01,24,ATW,0.17303210009818124,2019-01-31,6,2
2019-01,25,GAZ,0.1600210900706801,2019-01-31,6,2
2019-02,1,SRM,0.8087987031862311,2019-02-28,6,2
2019-02,2,IMO,0.5869501244292676,2019-02-28,6,2
2019-02,3,MOX,0.5793596301651592,2019-02-28,6,2
2019-02,4,DWY,0.3609130236624841,2019-02-28,6,2
2019-02,5,S2M,0.3386772909204234,2019-02-28,6,2
2019-02,6,RIS,0.33564996321343354,2019-02-28,6,2
2019-02,7,HPS,0.330918915838912,2019-02-28,6,2
2019-02,8,AFM,0.32759612579279573,2019-02-28,6,2
2019-02,9,GAZ,0.32607684838292056,2019-02-28,6,2
2019-02,10,IAM,0.3030012923698509,2019-02-28,6,2
2019-02,11,INV,0.2995767659328722,2019-02-28,6,2
2019-02,12,TQM,0.2750368262308368,2019-02-28,6,2
2019-02,13,MUT,0.27104117679706397,2019-02-28,6,2
2019-02,14,MSA,0.26748969725506067,2019-02-28,6,2
2019-02,15,MIC,0.23058781766345532,2019-02-28,6,2
2019-02,16,M2M,0.2201546227764806,2019-02-28,6,2
2019-02,17,JET,0.21124739097116882,2019-02-28,6,2
2019-02,18,CSR,0.20763055966885993,2019-02-28,6,2
2019-02,19,SMI,0.20055090563415706,2019-02-28,6,2
2019-02,20,TMA,0.1823299959248521,2019-02-28,6,2
2019-02,21,EQD,0.17641228987916402,2019-02-28,6,2
2019-02,22,ATL,0.17167155577953552,2019-02-28,6,2
2019-02,23,SOT,0.1588120329887404,2019-02-28,6,2
2019-02,24,ATW,0.1511763283220187,2019-02-28,6,2
2019-02,25,DHO,0.12637471209646434,2019-02-28,6,2
2019-03,1,SRM,0.7939268583106217,2019-03-29,6,2
2019-03,2,RIS,0.7208434980710805,2019-03-29,6,2
2019-03,3,IMO,0.5447768841680487,2019-03-29,6,2
2019-03,4,AFM,0.48803589667924285,2019-03-29,6,2
2019-03,5,INV,0.4215487096064815,2019-03-29,6,2
2019-03,6,MIC,0.41751858113662504,2019-03-29,6,2
2019-03,7,SOT,0.3033759748097035,2019-03-29,6,2
2019-03,8,MDP,0.2912026415506148,2019-03-29,6,2
2019-03,9,MUT,0.26633077919705384,2019-03-29,6,2
2019-03,10,EQD,0.23712616515975085,2019-03-29,6,2
2019-03,11,LES,0.23458774378705186,2019-03-29,6,2
2019-03,12,IAM,0.2153026293974944,2019-03-29,6,2
2019-03,13,AGM,0.2144248849930584,2019-03-29,6,2
2019-03,14,COL,0.20726739301685976,2019-03-29,6,2
2019-03,15,LBV,0.20476235730408124,2019-03-29,6,2
2019-03,16,CTM,0.2032850756268873,2019-03-29,6,2
2019-03,17,JET,0.20230153863070488,2019-03-29,6,2
2019-03,18,CSR,0.20140433634209498,2019-03-29,6,2
2019-03,19,UMR,0.20091192758975265,2019-03-29,6,2
2019-03,20,MSA,0.2005496221219589,2019-03-29,6,2
2019-03,21,DHO,0.19715817142052378,2019-03-29,6,2
2019-03,22,CMT,0.19227488546431823,2019-03-29,6,2
2019-03,23,PRO,0.17994125388740514,2019-03-29,6,2
2019-03,24,DWY,0.16348468110523373,2019-03-29,6,2
2019-03,25,SLF,0.15418679051005313,2019-03-29,6,2
2019-04,1,SRM,0.7221791407398018,2019-04-30,6,2
2019-04,2,RIS,0.5032745089290556,2019-04-30,6,2
2019-04,3,MIC,0.5000858528455602,2019-04-30,6,2
2019-04,4,UMR,0.45961183496925695,2019-04-30,6,2
2019-04,5,IMO,0.4382272993106828,2019-04-30,6,2
2019-04,6,OUL,0.42761878381924023,2019-04-30,6,2
2019-04,7,AFM,0.36700703659518097,2019-04-30,6,2
2019-04,8,DWY,0.32498364581591394,2019-04-30,6,2
2019-04,9,HPS,0.3203394572393595,2019-04-30,6,2
2019-04,10,MOX,0.28054834410130575,2019-04-30,6,2
2019-04,11,IBC,0.26662128247480466,2019-04-30,6,2
2019-04,12,MUT,0.2649783397950669,2019-04-30,6,2
2019-04,13,MDP,0.2563762602164133,2019-04-30,6,2
2019-04,14,IAM,0.25191104095947475,2019-04-30,6,2
2019-04,15,LES,0.2518479746504981,2019-04-30,6,2
2019-04,16,CMT,0.23913814624079957,2019-04-30,6,2
2019-04,17,TMA,0.23243212332277652,2019-04-30,6,2
2019-04,18,EQD,0.22980710196155962,2019-04-30,6,2
2019-04,19,MSA,0.21174756469983871,2019-04-30,6,2
2019-04,20,ATL,0.20518229312973502,2019-04-30,6,2
2019-04,21,LBV,0.1987044571712438,2019-04-30,6,2
2019-04,22,COL,0.19635066641911114,2019-04-30,6,2
2019-04,23,SBM,0.1866888307504901,2019-04-30,6,2
2019-04,24,S2M,0.18240868113964806,2019-04-30,6,2
2019-04,25,AGM,0.17870244524578777,2019-04-30,6,2
2019-05,1,RIS,0.7426100808682753,2019-05-31,6,2
2019-05,2,SRM,0.6703663017308829,2019-05-31,6,2
2019-05,3,MIC,0.46629748991927333,2019-05-31,6,2
2019-05,4,IMO,0.4036500754280328,2019-05-31,6,2
2019-05,5,MOX,0.28132729504825094,2019-05-31,6,2
2019-05,6,HPS,0.2643532357022431,2019-05-31,6,2
2019-05,7,CMT,0.19469343070972847,2019-05-31,6,2
2019-05,8,DWY,0.16507653906834582,2019-05-31,6,2
2019-05,9,INV,0.15704895556030427,2019-05-31,6,2
2019-05,10,DHO,0.1528678501496681,2019-05-31,6,2
2019-05,11,ADH,0.14949146871027352,2019-05-31,6,2
2019-05,12,MDP,0.14072209706368613,2019-05-31,6,2
2019-05,13,GAZ,0.13617419825644056,2019-05-31,6,2
2019-05,14,S2M,0.10463481226895187,2019-05-31,6,2
2019-05,15,CSR,0.09042954035234102,2019-05-31,6,2
2019-05,16,MSA,0.08246977672933944,2019-05-31,6,2
2019-05,17,ALM,0.07506881820614103,2019-05-31,6,2
2019-05,18,IAM,0.055962982955958585,2019-05-31,6,2
2019-05,19,ATW,0.0493518433639899,2019-05-31,6,2
2019-05,20,BCP,0.031242792938340397,2019-05-31,6,2
2019-05,21,MUT,0.028384414666333124,2019-05-31,6,2
2019-05,22,SID,0.028202209918037097,2019-05-31,6,2
2019-05,23,CTM,0.007926049497412269,2019-05-31,6,2
2019-05,24,M2M,-0.01387686652086298,2019-05-31,6,2
2019-05,25,EQD,-0.024565822664886633,2019-05-31,6,2
2019-06,1,SRM,0.7946805777278149,2019-06-28,6,2
2019-06,2,RIS,0.7359761593502319,2019-06-28,6,2
2019-06,3,HPS,0.5424163711540766,2019-06-28,6,2
2019-06,4,IMO,0.45632370021487856,2019-06-28,6,2
2019-06,5,OUL,0.4540114317113888,2019-06-28,6,2
2019-06,6,MIC,0.4506976843801813,2019-06-28,6,2
2019-06,7,DHO,0.35352810623140446,2019-06-28,6,2
2019-06,8,AFM,0.3101320835059975,2019-06-28,6,2
2019-06,9,MAB,0.30764200676748993,2019-06-28,6,2
2019-06,10,MDP,0.2943235282937229,2019-06-28,6,2
2019-06,11,SOT,0.2546566210752217,2019-06-28,6,2
2019-06,12,SBM,0.23974422287511454,2019-06-28,6,2
2019-06,13,LES,0.23743665108177037,2019-06-28,6,2
2019-06,14,CDM,0.202671933001059,2019-06-28,6,2
2019-06,15,MSA,0.17414153278243677,2019-06-28,6,2
2019-06,16,CMT,0.17400781019128575,2019-06-28,6,2
2019-06,17,LHM,0.17316525825520773,2019-06-28,6,2
2019-06,18,EQD,0.16767394363363775,2019-06-28,6,2
2019-06,19,TMA,0.15857018428680308,2019-06-28,6,2
2019-06,20,CSR,0.15486539550688977,2019-06-28,6,2
2019-06,21,ADH,0.13481218062152936,2019-06-28,6,2
2019-06,22,S2M,0.13450825868107857,2019-06-28,6,2
2019-06,23,IAM,0.13442055042357948,2019-06-28,6,2
2019-06,24,GAZ,0.13296863109965196,2019-06-28,6,2
2019-06,25,ATW,0.12970122282597626,2019-06-28,6,2
2019-07,1,EQD,0.747112601065193,2019-07-31,12,2
2019-07,2,HPS,0.7198080250563147,2019-07-31,12,2
2019-07,3,RIS,0.6503494280313102,2019-07-31,12,2
2019-07,4,MOX,0.6230314933007624,2019-07-31,12,2
2019-07,5,CDM,0.5715295286842812,2019-07-31,12,2
2019-07,6,LBV,0.5396639253858999,2019-07-31,12,2
2019-07,7,MIC,0.5376975700114671,2019-07-31,12,2
2019-07,8,SOT,0.519809793040372,2019-07-31,12,2
2019-07,9,LES,0.510487354720532,2019-07-31,12,2
2019-07,10,DWY,0.5098864905127518,2019-07-31,12,2
2019-07,11,CSR,0.499512612318485,2019-07-31,12,2
2019-07,12,MUT,0.4809824809465737,2019-07-31,12,2
2019-07,13,ATL,0.4796115537801956,2019-07-31,12,2
2019-07,14,IMO,0.4455228963202683,2019-07-31,12,2
2019-07,15,AFM,0.4359267857088782,2019-07-31,12,2
2019-07,16,INV,0.42017928189716536,2019-07-31,12,2
2019-07,17,SBM,0.409268612815745,2019-07-31,12,2
2019-07,18,DRI,0.40852288201075315,2019-07-31,12,2
2019-07,19,DHO,0.40801754114827793,2019-07-31,12,2
2019-07,20,ATW,0.37129016364425427,2019-07-31,12,2
2019-07,21,MLE,0.3654647983295457,2019-07-31,12,2
2019-07,22,ADH,0.36425155956494326,2019-07-31,12,2
2019-07,23,PRO,0.3620615461284543,2019-07-31,12,2
2019-07,24,ALM,0.3501599929014201,2019-07-31,12,2
2019-07,25,SNP,0.3435901727695396,2019-07-31,12,2
2019-08,1,EQD,0.724244820642975,2019-08-30,12,2
2019-08,2,HPS,0.5650333595346103,2019-08-30,12,2
2019-08,3,MOX,0.516694698209083,2019-08-30,12,2
2019-08,4,MDP,0.5052361771060577,2019-08-30,12,2
2019-08,5,OUL,0.4659899090149686,2019-08-30,12,2
2019-08,6,CSR,0.4308812435947399,2019-08-30,12,2
2019-08,7,MIC,0.4224246439554121,2019-08-30,12,2
2019-08,8,ALM,0.3838655487900129,2019-08-30,12,2
2019-08,9,IMO,0.36727527612352046,2019-08-30,12,2
2019-08,10,LES,0.3390441709067,2019-08-30,12,2
2019-08,11,ATL,0.3088083366599015,2019-08-30,12,2
2019-08,12,AFM,0.25024656949454593,2019-08-30,12,2
2019-08,13,RIS,0.24954984881201034,2019-08-30,12,2
2019-08,14,DHO,0.21018773335927937,2019-08-30,12,2
2019-08,15,LHM,0.20584884287684352,2019-08-30,12,2
2019-08,16,MUT,0.19621887179230768,2019-08-30,12,2
2019-08,17,DWY,0.18827822661414628,2019-08-30,12,2
2019-08,18,MSA,0.15164606985491447,2019-08-30,12,2
2019-08,19,COL,0.1428001369137447,2019-08-30,12,2
2019-08,20,PRO,0.13375776906900466,2019-08-30,12,2
2019-08,21,SBM,0.1277837545794881,2019-08-30,12,2
2019-08,22,ATW,0.11960469570384642,2019-08-30,12,2
2019-08,23,IAM,0.1131719473209804,2019-08-30,12,2
2019-08,24,CTM,0.09169657072347476,2019-08-30,12,2
2019-08,25,BCP,0.08818146261068778,2019-08-30,12,2
2019-09,1,CDM,0.7267600135139801,2019-09-30,12,2
2019-09,2,OUL,0.4822354807063973,2019-09-30,12,2
2019-09,3,MOX,0.43391493005096504,2019-09-30,12,2
2019-09,4,MIC,0.3447638692406154,2019-09-30,12,2
2019-09,5,INV,0.3433834749484803,2019-09-30,12,2
2019-09,6,M2M,0.3374437579661068,2019-09-30,12,2
2019-09,7,SOT,0.3262588937586409,2019-09-30,12,2
2019-09,8,UMR,0.3144774369235548,2019-09-30,12,2
2019-09,9,BCP,0.3053193343146101,2019-09-30,12,2
2019-09,10,SID,0.304273356164967,2019-09-30,12,2
2019-09,11,DHO,0.2906120114129633,2019-09-30,12,2
2019-09,12,IAM,0.2877954515424615,2019-09-30,12,2
2019-09,13,ATW,0.28175017565558547,2019-09-30,12,2
2019-09,14,JET,0.28134253990387714,2019-09-30,12,2
2019-09,15,EQD,0.28054058180231817,2019-09-30,12,2
2019-09,16,MAB,0.27668855045637064,2019-09-30,12,2
2019-09,17,MUT,0.27591321825794135,2019-09-30,12,2
2019-09,18,AFM,0.24220426534463008,2019-09-30,12,2
2019-09,19,LES,0.22800878714424253,2019-09-30,12,2
2019-09,20,HPS,0.22443303218484573,2019-09-30,12,2
2019-09,21,ATL,0.2228932695587741,2019-09-30,12,2
2019-09,22,MSA,0.215184980861229,2019-09-30,12,2
2019-09,23,CIH,0.21231852290474879,2019-09-30,12,2
2019-09,24,TQM,0.20777070460455305,2019-09-30,12,2
2019-09,25,DWY,0.19433900721414368,2019-09-30,12,2
2019-10,1,MIC,0.5067039476872215,2019-10-31,12,2
2019-10,2,DHO,0.4314161326585142,2019-10-31,12,2
2019-10,3,AGM,0.4128028741208374,2019-10-31,12,2
2019-10,4,SRM,0.4012659101596373,2019-10-31,12,2
2019-10,5,IAM,0.337233080649208,2019-10-31,12,2
2019-10,6,SMI,0.312817202183455,2019-10-31,12,2
2019-10,7,MDP,0.3120598137732414,2019-10-31,12,2
2019-10,8,CTM,0.2927942456554251,2019-10-31,12,2
2019-10,9,JET,0.290206038790009,2019-10-31,12,2
2019-10,10,BCP,0.27765121317026054,2019-10-31,12,2
2019-10,11,ATL,0.27651064779931755,2019-10-31,12,2
2019-10,12,DWY,0.2749575829329929,2019-10-31,12,2
2019-10,13,EQD,0.2608295286414034,2019-10-31,12,2
2019-10,14,ATW,0.2538916988004291,2019-10-31,12,2
2019-10,15,TQM,0.25303562869060814,2019-10-31,12,2
2019-10,16,AFM,0.24915106764351816,2019-10-31,12,2
2019-10,17,MAB,0.21428298276333038,2019-10-31,12,2
2019-10,18,M2M,0.21228686781699943,2019-10-31,12,2
2019-10,19,SNP,0.20536911095886007,2019-10-31,12,2
2019-10,20,NEJ,0.20451154021767737,2019-10-31,12,2
2019-10,21,MSA,0.18756359321338406,2019-10-31,12,2
2019-10,22,CSR,0.18471929902813233,2019-10-31,12,2
2019-10,23,LES,0.1824444336603337,2019-10-31,12,2
2019-10,24,RIS,0.16460928272334305,2019-10-31,12,2
2019-10,25,LHM,0.1645001848435863,2019-10-31,12,2
2019-11,1,MIC,0.7349637474609849,2019-11-29,12,2
2019-11,2,HPS,0.39884469830252356,2019-11-29,12,2
2019-11,3,IAM,0.35337081977434415,2019-11-29,12,2
2019-11,4,AFM,0.32013499747294016,2019-11-29,12,2
2019-11,5,SRM,0.3079659533142286,2019-11-29,12,2
2019-11,6,DWY,0.2928072272321396,2019-11-29,12,2
2019-11,7,SID,0.2915849914580414,2019-11-29,12,2
2019-11,8,JET,0.2852300813438229,2019-11-29,12,2
2019-11,9,PRO,0.28353628872833925,2019-11-29,12,2
2019-11,10,NKL,0.2822282418292048,2019-11-29,12,2
2019-11,11,CTM,0.26458865112529784,2019-11-29,12,2
2019-11,12,CSR,0.24327307288541009,2019-11-29,12,2
2019-11,13,BCP,0.24139671667300885,2019-11-29,12,2
2019-11,14,LBV,0.24117282535173748,2019-11-29,12,2
2019-11,15,MUT,0.23121252385947516,2019-11-29,12,2
2019-11,16,ATW,0.22617801589718398,2019-11-29,12,2
2019-11,17,UMR,0.21935328513716518,2019-11-29,12,2
2019-11,18,SMI,0.21514116358954258,2019-11-29,12,2
2019-11,19,TQM,0.2072568223658099,2019-11-29,12,2
2019-11,20,MSA,0.20346602169331962,2019-11-29,12,2
2019-11,21,CIH,0.1720646361952338,2019-11-29,12,2
2019-11,22,EQD,0.15432691321214884,2019-11-29,12,2
2019-11,23,M2M,0.15339695653944618,2019-11-29,12,2
2019-11,24,S2M,0.1490529946522266,2019-11-29,12,2
2019-11,25,BCI,0.145166941661026,2019-11-29,12,2
2019-12,1,MOX,0.8997122973959906,2019-12-31,12,2
2019-12,2,DWY,0.8114606862099054,2019-12-31,12,2
2019-12,3,MIC,0.7153080742200392,2019-12-31,12,2
2019-12,4,SMI,0.5838753318917304,2019-12-31,12,2
2019-12,5,AFM,0.5777248129449805,2019-12-31,12,2
2019-12,6,SID,0.5622104860603284,2019-12-31,12,2
2019-12,7,BCP,0.5524832484009445,2019-12-31,12,2
2019-12,8,LHM,0.5288916529430822,2019-12-31,12,2
2019-12,9,SOT,0.5221619240409476,2019-12-31,12,2
2019-12,10,ATW,0.5158203446092458,2019-12-31,12,2
2019-12,11,IAM,0.5124480876468839,2019-12-31,12,2
2019-12,12,CTM,0.4748394613281499,2019-12-31,12,2
2019-12,13,BCI,0.4652547988238027,2019-12-31,12,2
2019-12,14,COL,0.4649922908633397,2019-12-31,12,2
2019-12,15,MUT,0.4632895296857539,2019-12-31,12,2
2019-12,16,CIH,0.4407442167363743,2019-12-31,12,2
2019-12,17,JET,0.42511020829411716,2019-12-31,12,2
2019-12,18,ATL,0.41446445363646756,2019-12-31,12,2
2019-12,19,LES,0.4138777850743487,2019-12-31,12,2
2019-12,20,DHO,0.4063388432835048,2019-12-31,12,2
2019-12,21,RIS,0.40106846370284166,2019-12-31,12,2
2019-12,22,SRM,0.37033774060790836,2019-12-31,12,2
2019-12,23,CSR,0.3692912232681136,2019-12-31,12,2
2019-12,24,TMA,0.36826868546218283,2019-12-31,12,2
2019-12,25,MSA,0.3651644856250583,2019-12-31,12,2
2020-01,1,MIC,0.8917812889893935,2020-01-31,18,2
2020-01,2,SMI,0.6822486819326747,2020-01-31,18,2
2020-01,3,OUL,0.6608107125725878,2020-01-31,18,2
2020-01,4,AFM,0.6393687284004099,2020-01-31,18,2
2020-01,5,CMT,0.6254775044341747,2020-01-31,18,2
2020-01,6,DWY,0.595036589309226,2020-01-31,18,2
2020-01,7,IAM,0.5750205064330309,2020-01-31,18,2
2020-01,8,EQD,0.5681702682296086,2020-01-31,18,2
2020-01,9,LBV,0.5680891062687661,2020-01-31,18,2
2020-01,10,ATW,0.5456563696690511,2020-01-31,18,2
2020-01,11,BCI,0.5412415625502378,2020-01-31,18,2
2020-01,12,BCP,0.5091664770458234,2020-01-31,18,2
2020-01,13,RIS,0.5064703270197377,2020-01-31,18,2
2020-01,14,HPS,0.48281625680599005,2020-01-31,18,2
2020-01,15,MSA,0.47806910521762686,2020-01-31,18,2
2020-01,16,MUT,0.47740827995570184,2020-01-31,18,2
2020-01,17,JET,0.45730412866603043,2020-01-31,18,2
2020-01,18,CSR,0.4432747183762235,2020-01-31,18,2
2020-01,19,AGM,0.43619446317179494,2020-01-31,18,2
2020-01,20,SNP,0.4201433264260792,2020-01-31,18,2
2020-01,21,CIH,0.4190086755919078,2020-01-31,18,2
2020-01,22,PRO,0.4179580737127532,2020-01-31,18,2
2020-01,23,LES,0.4178156996713756,2020-01-31,18,2
2020-01,24,LHM,0.40959068953822625,2020-01-31,18,2
2020-01,25,ATL,0.3975908978691457,2020-01-31,18,2
2020-02,1,MIC,0.5154792546019027,2020-02-28,18,2
2020-02,2,DWY,0.43347164920752423,2020-02-28,18,2
2020-02,3,AFM,0.43314843708926654,2020-02-28,18,2
2020-02,4,CMT,0.3718427469037979,2020-02-28,18,2
2020-02,5,EQD,0.31554009447424847,2020-02-28,18,2
2020-02,6,LBV,0.3129525731073353,2020-02-28,18,2
2020-02,7,MSA,0.29451747939513195,2020-02-28,18,2
2020-02,8,M2M,0.28221593365711056,2020-02-28,18,2
2020-02,9,BCI,0.27238738789115857,2020-02-28,18,2
2020-02,10,MUT,0.2690046308912845,2020-02-28,18,2
2020-02,11,JET,0.24049582121959334,2020-02-28,18,2
2020-02,12,INV,0.23381249086896316,2020-02-28,18,2
2020-02,13,SID,0.23013702020656243,2020-02-28,18,2
2020-02,14,OUL,0.22371490154477852,2020-02-28,18,2
2020-02,15,RDS,0.21355387338933743,2020-02-28,18,2
2020-02,16,DHO,0.19978447902905255,2020-02-28,18,2
2020-02,17,AGM,0.18544619288671263,2020-02-28,18,2
2020-02,18,ATW,0.1811234299132466,2020-02-28,18,2
2020-02,19,HPS,0.17913432871268462,2020-02-28,18,2
2020-02,20,RIS,0.1743458858646028,2020-02-28,18,2
2020-02,21,BCP,0.16475302946963521,2020-02-28,18,2
2020-02,22,CSR,0.14634862510140673,2020-02-28,18,2
2020-02,23,CTM,0.13550850374974444,2020-02-28,18,2
2020-02,24,COL,0.13542035518606288,2020-02-28,18,2
2020-02,25,ATL,0.12928885282021285,2020-02-28,18,2
2020-03,1,RDS,0.41119506874034606,2020-03-31,18,2
2020-03,2,AFM,0.28989401819160665,2020-03-31,18,2
2020-03,3,EQD,0.24738637239138703,2020-03-31,18,2
2020-03,4,INV,0.2408060846259671,2020-03-31,18,2
2020-03,5,SOT,0.15389131586540053,2020-03-31,18,2
2020-03,6,SMI,0.15159354015306425,2020-03-31,18,2
2020-03,7,OUL,0.14867276860540907,2020-03-31,18,2
2020-03,8,DWY,0.14491331338520017,2020-03-31,18,2
2020-03,9,MUT,0.13868135094005327,2020-03-31,18,2
2020-03,10,CMT,0.12519584622708546,2020-03-31,18,2
2020-03,11,CDM,0.10371682507626807,2020-03-31,18,2
2020-03,12,SNP,0.09170920247295236,2020-03-31,18,2
2020-03,13,ATL,0.0797146334013367,2020-03-31,18,2
2020-03,14,DHO,0.07635913761794291,2020-03-31,18,2
2020-03,15,LBV,0.07570871086645206,2020-03-31,18,2
2020-03,16,NKL,0.07115468716598917,2020-03-31,18,2
2020-03,17,BCI,0.06341181980154843,2020-03-31,18,2
2020-03,18,JET,0.05066223068852091,2020-03-31,18,2
2020-03,19,MIC,0.0418382668865743,2020-03-31,18,2
2020-03,20,SID,0.04038702575017333,2020-03-31,18,2
2020-03,21,TQM,0.03466694232542486,2020-03-31,18,2
2020-03,22,RIS,0.029754093198139486,2020-03-31,18,2
2020-03,23,MNG,0.0034874240546151902,2020-03-31,18,2
2020-03,24,IAM,0.0019338351505796547,2020-03-31,18,2
2020-03,25,AGM,-1.9672513304619388e-05,2020-03-31,18,2
2020-04,1,MOX,0.3797283831803747,2020-04-30,18,2
2020-04,2,RDS,0.2983474246957115,2020-04-30,18,2
2020-04,3,AFM,0.27186858394644486,2020-04-30,18,2
2020-04,4,CDM,0.22172985878751575,2020-04-30,18,2
2020-04,5,AGM,0.19868248271088348,2020-04-30,18,2
2020-04,6,DWY,0.15704127981823998,2020-04-30,18,2
2020-04,7,M2M,0.13759671069372698,2020-04-30,18,2
2020-04,8,EQD,0.10933172520788205,2020-04-30,18,2
2020-04,9,INV,0.10701532701536765,2020-04-30,18,2
2020-04,10,IAM,0.07163656178879915,2020-04-30,18,2
2020-04,11,SNP,0.058305293225788785,2020-04-30,18,2
2020-04,12,LBV,0.0347264964813494,2020-04-30,18,2
2020-04,13,SMI,0.029364884555543258,2020-04-30,18,2
2020-04,14,DHO,0.012967530774305736,2020-04-30,18,2
2020-04,15,CMT,0.010873266371773355,2020-04-30,18,2
2020-04,16,MUT,0.009351159157845762,2020-04-30,18,2
2020-04,17,TQM,-0.0057144590917113935,2020-04-30,18,2
2020-04,18,TMA,-0.012163055602999018,2020-04-30,18,2
2020-04,19,IBC,-0.012253049688724427,2020-04-30,18,2
2020-04,20,MIC,-0.013722960272573914,2020-04-30,18,2
2020-04,21,NKL,-0.0452139468032913,2020-04-30,18,2
2020-04,22,COL,-0.050050066783398794,2020-04-30,18,2
2020-04,23,BCI,-0.0525626989957349,2020-04-30,18,2
2020-04,24,CIH,-0.05350303953495611,2020-04-30,18,2
2020-04,25,CSR,-0.07046953792314753,2020-04-30,18,2
2020-05,1,AGM,0.6338113769520335,2020-05-29,18,2
2020-05,2,AFM,0.5691164571780766,2020-05-29,18,2
2020-05,3,OUL,0.43749161405332887,2020-05-29,18,2
2020-05,4,TMA,0.3188344223891943,2020-05-29,18,2
2020-05,5,IAM,0.27994061915924995,2020-05-29,18,2
2020-05,6,PRO,0.23548316510421696,2020-05-29,18,2
2020-05,7,MUT,0.23446005888879215,2020-05-29,18,2
2020-05,8,TQM,0.22081263980477858,2020-05-29,18,2
2020-05,9,DWY,0.17497457329462415,2020-05-29,18,2
2020-05,10,GAZ,0.14880750664481618,2020-05-29,18,2
2020-05,11,ATL,0.14490077044898503,2020-05-29,18,2
2020-05,12,INV,0.14331159243942562,2020-05-29,18,2
2020-05,13,COL,0.14008439575725765,2020-05-29,18,2
2020-05,14,IBC,0.13923585268908706,2020-05-29,18,2
2020-05,15,BCI,0.12594209972965373,2020-05-29,18,2
2020-05,16,SID,0.12351234494325067,2020-05-29,18,2
2020-05,17,SMI,0.12229015868971746,2020-05-29,18,2
2020-05,18,LBV,0.11681460717256839,2020-05-29,18,2
2020-05,19,MDP,0.10467565139861154,2020-05-29,18,2
2020-05,20,M2M,0.0961312102661912,2020-05-29,18,2
2020-05,21,RDS,0.09512754938989174,2020-05-29,18,2
2020-05,22,SNP,0.08507434779938511,2020-05-29,18,2
2020-05,23,EQD,0.07814074146980046,2020-05-29,18,2
2020-05,24,BOA,0.011411489138903136,2020-05-29,18,2
2020-05,25,CSR,0.003962823339706684,2020-05-29,18,2
2020-06,1,AFM,0.7471059282250532,2020-06-30,18,2
2020-06,2,MOX,0.714908939193206,2020-06-30,18,2
2020-06,3,OUL,0.6716973202282652,2020-06-30,18,2
2020-06,4,LBV,0.6416916018715519,2020-06-30,18,2
2020-06,5,NEJ,0.5986994096735097,2020-06-30,18,2
2020-06,6,IAM,0.575422276009451,2020-06-30,18,2
2020-06,7,CDM,0.5435850996701698,2020-06-30,18,2
2020-06,8,DWY,0.5408389330176446,2020-06-30,18,2
2020-06,9,PRO,0.515043846937745,2020-06-30,18,2
2020-06,10,MUT,0.46920244009942746,2020-06-30,18,2
2020-06,11,MIC,0.4658215595964377,2020-06-30,18,2
2020-06,12,NKL,0.42504794605521784,2020-06-30,18,2
2020-06,13,RDS,0.4199763054238262,2020-06-30,18,2
2020-06,14,SNP,0.4063170268752846,2020-06-30,18,2
2020-06,15,BOA,0.396739744670134,2020-06-30,18,2
2020-06,16,MSA,0.396701664488257,2020-06-30,18,2
2020-06,17,MDP,0.3953629491139029,2020-06-30,18,2
2020-06,18,HPS,0.39356021637958993,2020-06-30,18,2
2020-06,19,EQD,0.3801472160424214,2020-06-30,18,2
2020-06,20,BCI,0.36670529094631765,2020-06-30,18,2
2020-06,21,SRM,0.3657607076050981,2020-06-30,18,2
2020-06,22,SID,0.3526097979351704,2020-06-30,18,2
2020-06,23,INV,0.3494249555952865,2020-06-30,18,2
2020-06,24,ATL,0.34065851230755656,2020-06-30,18,2
2020-06,25,ALM,0.33370262435707765,2020-06-30,18,2
2020-07,1,AFM,0.6973642471421642,2020-07-29,24,2
2020-07,2,MOX,0.4464330085776749,2020-07-29,24,2
2020-07,3,SOT,0.43284691397456293,2020-07-29,24,2
2020-07,4,MIC,0.40511220351500077,2020-07-29,24,2
2020-07,5,CDM,0.38535232726216073,2020-07-29,24,2
2020-07,6,NEJ,0.3759678044740862,2020-07-29,24,2
2020-07,7,DWY,0.36583555190582057,2020-07-29,24,2
2020-07,8,UMR,0.3447410703086895,2020-07-29,24,2
2020-07,9,AGM,0.34293088898653623,2020-07-29,24,2
2020-07,10,OUL,0.3153688655734911,2020-07-29,24,2
2020-07,11,IAM,0.2969132129945511,2020-07-29,24,2
2020-07,12,MAB,0.28864568116368927,2020-07-29,24,2
2020-07,13,HPS,0.27939784116913285,2020-07-29,24,2
2020-07,14,PRO,0.2765476625815689,2020-07-29,24,2
2020-07,15,TMA,0.2696634028935617,2020-07-29,24,2
2020-07,16,ATL,0.2613097911270433,2020-07-29,24,2
2020-07,17,DRI,0.23271623859331853,2020-07-29,24,2
2020-07,18,GAZ,0.22794312228553085,2020-07-29,24,2
2020-07,19,M2M,0.22037437878896748,2020-07-29,24,2
2020-07,20,LBV,0.21769466923537345,2020-07-29,24,2
2020-07,21,NKL,0.18539154233209454,2020-07-29,24,2
2020-07,22,MDP,0.1568091162041773,2020-07-29,24,2
2020-07,23,DHO,0.14593295532902592,2020-07-29,24,2
2020-07,24,BOA,0.1108279294525636,2020-07-29,24,2
2020-07,25,INV,0.10441772734017109,2020-07-29,24,2
2020-08,1,AFM,0.6337443897459765,2020-08-31,24,2
2020-08,2,MIC,0.46651473551112094,2020-08-31,24,2
2020-08,3,MOX,0.42834171989661807,2020-08-31,24,2
2020-08,4,AGM,0.4000234879487869,2020-08-31,24,2
2020-08,5,DWY,0.38731816844312816,2020-08-31,24,2
2020-08,6,NEJ,0.3592776016427518,2020-08-31,24,2
2020-08,7,MAB,0.3229662991401783,2020-08-31,24,2
2020-08,8,OUL,0.30039757192212624,2020-08-31,24,2
2020-08,9,LBV,0.27632020076646835,2020-08-31,24,2
2020-08,10,BAL,0.2711561424110166,2020-08-31,24,2
2020-08,11,CDM,0.2618440087659943,2020-08-31,24,2
2020-08,12,TMA,0.2576332551469393,2020-08-31,24,2
2020-08,13,GAZ,0.23925829114738534,2020-08-31,24,2
2020-08,14,PRO,0.2360283217846999,2020-08-31,24,2
2020-08,15,M2M,0.21372524654355302,2020-08-31,24,2
2020-08,16,HPS,0.20165727520559076,2020-08-31,24,2
2020-08,17,ATL,0.17882666863199395,2020-08-31,24,2
2020-08,18,MSA,0.16581817937879903,2020-08-31,24,2
2020-08,19,MUT,0.15525344646579423,2020-08-31,24,2
2020-08,20,NKL,0.1502644568838121,2020-08-31,24,2
2020-08,21,INV,0.1424249876307083,2020-08-31,24,2
2020-08,22,IAM,0.1363541495930856,2020-08-31,24,2
2020-08,23,TQM,0.10091444761879086,2020-08-31,24,2
2020-08,24,S2M,0.09895434276680355,2020-08-31,24,2
2020-08,25,CSR,0.08176308753806413,2020-08-31,24,2
2020-09,1,REB,2.2835412930899612,2020-09-30,24,2
2020-09,2,AFM,0.5618978083394964,2020-09-30,24,2
2020-09,3,SID,0.48830580612312335,2020-09-30,24,2
2020-09,4,MIC,0.29533142258871303,2020-09-30,24,2
2020-09,5,DRI,0.28444970386716206,2020-09-30,24,2
2020-09,6,UMR,0.2794139623878569,2020-09-30,24,2
2020-09,7,SBM,0.25656231475474645,2020-09-30,24,2
2020-09,8,ADH,0.24363736977079567,2020-09-30,24,2
2020-09,9,NKL,0.2390444901020955,2020-09-30,24,2
2020-09,10,M2M,0.202917832279906,2020-09-30,24,2
2020-09,11,LBV,0.17199712420221985,2020-09-30,24,2
2020-09,12,PRO,0.1681480621782528,2020-09-30,24,2
2020-09,13,IAM,0.16067191495120223,2020-09-30,24,2
2020-09,14,NEJ,0.1600609088056686,2020-09-30,24,2
2020-09,15,MOX,0.15175198745361074,2020-09-30,24,2
2020-09,16,MSA,0.14872949794904905,2020-09-30,24,2
2020-09,17,HPS,0.1306999981785577,2020-09-30,24,2
2020-09,18,CSR,0.11366378478885422,2020-09-30,24,2
2020-09,19,MDP,0.10477587095030905,2020-09-30,24,2
2020-09,20,RDS,0.10429630081480129,2020-09-30,24,2
2020-09,21,FBR,0.08886537587348303,2020-09-30,24,2
2020-09,22,TQM,0.07814672847593156,2020-09-30,24,2
2020-09,23,MUT,0.07777165847699807,2020-09-30,24,2
2020-09,24,DHO,0.07055955425089615,2020-09-30,24,2
2020-09,25,INV,0.06789565854960528,2020-09-30,24,2
2020-10,1,REB,2.2998517936264675,2020-10-28,24,2
2020-10,2,AFM,0.5752456729947986,2020-10-28,24,2
2020-10,3,SRM,0.3289105489272247,2020-10-28,24,2
2020-10,4,SID,0.3170792314485614,2020-10-28,24,2
2020-10,5,MIC,0.23178804900648048,2020-10-28,24,2
2020-10,6,SBM,0.21746101520402145,2020-10-28,24,2
2020-10,7,M2M,0.21654125392689139,2020-10-28,24,2
2020-10,8,IAM,0.19953562088405236,2020-10-28,24,2
2020-10,9,GAZ,0.18383471064595724,2020-10-28,24,2
2020-10,10,DHO,0.17812355768287166,2020-10-28,24,2
2020-10,11,MOX,0.17774447845597713,2020-10-28,24,2
2020-10,12,DWY,0.17321632905822404,2020-10-28,24,2
2020-10,13,HPS,0.1726234660818351,2020-10-28,24,2
2020-10,14,ADH,0.16415274338939656,2020-10-28,24,2
2020-10,15,MSA,0.1517748993524608,2020-10-28,24,2
2020-10,16,PRO,0.13605462801510543,2020-10-28,24,2
2020-10,17,INV,0.1254632374569273,2020-10-28,24,2
2020-10,18,CDM,0.11554162267841796,2020-10-28,24,2
2020-10,19,NKL,0.11078415704107962,2020-10-28,24,2
2020-10,20,IBC,0.11070472271348823,2020-10-28,24,2
2020-10,21,LBV,0.10320101757239111,2020-10-28,24,2
2020-10,22,TMA,0.1004922568544929,2020-10-28,24,2
2020-10,23,CSR,0.09054749980602582,2020-10-28,24,2
2020-10,24,SMI,0.08038594096286346,2020-10-28,24,2
2020-10,25,MNG,0.05779341600339183,2020-10-28,24,2
2020-11,1,AFM,0.6803426751888799,2020-11-30,24,2
2020-11,2,SRM,0.5182145104181872,2020-11-30,24,2
2020-11,3,M2M,0.4326033116502343,2020-11-30,24,2
2020-11,4,MIC,0.4215856593406518,2020-11-30,24,2
2020-11,5,MOX,0.3414676680856994,2020-11-30,24,2
2020-11,6,IAM,0.33712564540970247,2020-11-30,24,2
2020-11,7,SMI,0.3214785565999322,2020-11-30,24,2
2020-11,8,TMA,0.2934302787521298,2020-11-30,24,2
2020-11,9,PRO,0.282852431775555,2020-11-30,24,2
2020-11,10,CDM,0.2781106633933661,2020-11-30,24,2
2020-11,11,SID,0.27761222200287927,2020-11-30,24,2
2020-11,12,INV,0.26427662751071357,2020-11-30,24,2
2020-11,13,ATL,0.2545494769588428,2020-11-30,24,2
2020-11,14,CMT,0.2369059947466935,2020-11-30,24,2
2020-11,15,NKL,0.2261409350274237,2020-11-30,24,2
2020-11,16,CSR,0.22434349225653857,2020-11-30,24,2
2020-11,17,MNG,0.22163395104624414,2020-11-30,24,2
2020-11,18,BCP,0.2192772974735304,2020-11-30,24,2
2020-11,19,LES,0.2159321953554792,2020-11-30,24,2
2020-11,20,JET,0.20959647750077723,2020-11-30,24,2
2020-11,21,LBV,0.20472822719413386,2020-11-30,24,2
2020-11,22,GAZ,0.1799014032251185,2020-11-30,24,2
2020-11,23,MSA,0.17588650845431728,2020-11-30,24,2
2020-11,24,MUT,0.17301482002825203,2020-11-30,24,2
2020-11,25,HPS,0.1632090016641944,2020-11-30,24,2
2020-12,1,REB,2.429543830847794,2020-12-31,24,2
2020-12,2,M2M,0.6006668414328142,2020-12-31,24,2
2020-12,3,OUL,0.5947831269225092,2020-12-31,24,2
2020-12,4,DRI,0.5704311820284094,2020-12-31,24,2
2020-12,5,AFM,0.5601296753887626,2020-12-31,24,2
2020-12,6,MNG,0.5110931807118864,2020-12-31,24,2
2020-12,7,MOX,0.4910681195050732,2020-12-31,24,2
2020-12,8,DWY,0.4617966603686477,2020-12-31,24,2
2020-12,9,MIC,0.39108612984505525,2020-12-31,24,2
2020-12,10,IAM,0.3731622568449947,2020-12-31,24,2
2020-12,11,SRM,0.3695338019907546,2020-12-31,24,2
2020-12,12,SMI,0.34865232349212794,2020-12-31,24,2
2020-12,13,MUT,0.3230143419428815,2020-12-31,24,2
2020-12,14,ATL,0.31053725662925785,2020-12-31,24,2
2020-12,15,RDS,0.3061137192603055,2020-12-31,24,2
2020-12,16,PRO,0.2940464054701748,2020-12-31,24,2
2020-12,17,CDM,0.2756000445900898,2020-12-31,24,2
2020-12,18,SID,0.2727066031346452,2020-12-31,24,2
2020-12,19,HPS,0.2507505537900099,2020-12-31,24,2
2020-12,20,TQM,0.23429525397769763,2020-12-31,24,2
2020-12,21,CMT,0.2062884315029057,2020-12-31,24,2
2020-12,22,MDP,0.2044612992571616,2020-12-31,24,2
2020-12,23,MLE,0.19509668096241906,2020-12-31,24,2
2020-12,24,BCP,0.1696557918003433,2020-12-31,24,2
2020-12,25,LES,0.16584032349943645,2020-12-31,24,2
2021-01,1,AFM,0.757383641641362,2021-01-29,30,2
2021-01,2,SID,0.5316120734127454,2021-01-29,30,2
2021-01,3,HPS,0.511682486290975,2021-01-29,30,2
2021-01,4,IAM,0.43063918238224513,2021-01-29,30,2
2021-01,5,MIC,0.40492528748855133,2021-01-29,30,2
2021-01,6,CMT,0.40328785348894597,2021-01-29,30,2
2021-01,7,MSA,0.3769739035161526,2021-01-29,30,2
2021-01,8,ATW,0.3350763892931767,2021-01-29,30,2
2021-01,9,LHM,0.31467557042694444,2021-01-29,30,2
2021-01,10,OUL,0.31428809890608717,2021-01-29,30,2
2021-01,11,BCI,0.30894081038661286,2021-01-29,30,2
2021-01,12,RIS,0.3058325445408362,2021-01-29,30,2
2021-01,13,TQM,0.3020496599062132,2021-01-29,30,2
2021-01,14,BOA,0.2837038596245508,2021-01-29,30,2
2021-01,15,MNG,0.2731865521879716,2021-01-29,30,2
2021-01,16,CTM,0.26982489965079903,2021-01-29,30,2
2021-01,17,DWY,0.26402076230761906,2021-01-29,30,2
2021-01,18,EQD,0.25940578612986287,2021-01-29,30,2
2021-01,19,BCP,0.25414626148787556,2021-01-29,30,2
2021-01,20,LBV,0.25368126234077537,2021-01-29,30,2
2021-01,21,MOX,0.249100471874174,2021-01-29,30,2
2021-01,22,ATL,0.24812499443147434,2021-01-29,30,2
2021-01,23,GAZ,0.2464558986995964,2021-01-29,30,2
2021-01,24,CSR,0.24360547687642778,2021-01-29,30,2
2021-01,25,MUT,0.21225769045408477,2021-01-29,30,2
2021-02,1,SID,0.6032203659505069,2021-02-26,30,2
2021-02,2,AFM,0.4801562412215041,2021-02-26,30,2
2021-02,3,HPS,0.3952194141845619,2021-02-26,30,2
2021-02,4,MIC,0.274366055908712,2021-02-26,30,2
2021-02,5,LHM,0.17074204093822806,2021-02-26,30,2
2021-02,6,IAM,0.16817188036347996,2021-02-26,30,2
2021-02,7,OUL,0.16424288968055434,2021-02-26,30,2
2021-02,8,JET,0.16219816072971197,2021-02-26,30,2
2021-02,9,LBV,0.1462798539324384,2021-02-26,30,2
2021-02,10,SNP,0.1427206670249036,2021-02-26,30,2
2021-02,11,MSA,0.122745850746733,2021-02-26,30,2
2021-02,12,MDP,0.11786935021521301,2021-02-26,30,2
2021-02,13,CTM,0.1128145414165586,2021-02-26,30,2
2021-02,14,ATW,0.10073411468574395,2021-02-26,30,2
2021-02,15,ADH,0.0973589495293978,2021-02-26,30,2
2021-02,16,RIS,0.09347579932979065,2021-02-26,30,2
2021-02,17,M2M,0.09219208265441402,2021-02-26,30,2
2021-02,18,ARD,0.09182278213728516,2021-02-26,30,2
2021-02,19,SBM,0.08097960425612624,2021-02-26,30,2
2021-02,20,CSR,0.07881288566327939,2021-02-26,30,2
2021-02,21,MNG,0.07125742525103643,2021-02-26,30,2
2021-02,22,CMT,0.06562931792230718,2021-02-26,30,2
2021-02,23,DWY,0.060340114399524816,2021-02-26,30,2
2021-02,24,TQM,0.043037825859749065,2021-02-26,30,2
2021-02,25,BCI,0.034409353512514555,2021-02-26,30,2
2021-03,1,SID,0.5816377198567038,2021-03-31,30,2
2021-03,2,AFM,0.4097589610870032,2021-03-31,30,2
2021-03,3,MIC,0.3401212163499701,2021-03-31,30,2
2021-03,4,MNG,0.3014538792203867,2021-03-31,30,2
2021-03,5,M2M,0.26183908838007197,2021-03-31,30,2
2021-03,6,SNP,0.21795778290535725,2021-03-31,30,2
2021-03,7,IAM,0.20324542301814166,2021-03-31,30,2
2021-03,8,DWY,0.18017476407430916,2021-03-31,30,2
2021-03,9,LHM,0.15928449278571075,2021-03-31,30,2
2021-03,10,MSA,0.15869942917683202,2021-03-31,30,2
2021-03,11,CMT,0.14151223013622793,2021-03-31,30,2
2021-03,12,ADH,0.11404327238338918,2021-03-31,30,2
2021-03,13,JET,0.11170281222296917,2021-03-31,30,2
2021-03,14,HPS,0.10769681393275925,2021-03-31,30,2
2021-03,15,CSR,0.1025389653286802,2021-03-31,30,2
2021-03,16,ATW,0.07979932161879823,2021-03-31,30,2
2021-03,17,CTM,0.07328872020509987,2021-03-31,30,2
2021-03,18,BCP,0.07020983508355585,2021-03-31,30,2
2021-03,19,ARD,0.05763568344854654,2021-03-31,30,2
2021-03,20,FBR,0.05595029956882423,2021-03-31,30,2
2021-03,21,BOA,0.03751504422570094,2021-03-31,30,2
2021-03,22,BCI,0.024927178138859696,2021-03-31,30,2
2021-03,23,AGM,0.02489519144364012,2021-03-31,30,2
2021-03,24,RIS,0.023161993663029054,2021-03-31,30,2
2021-03,25,IBC,0.022827508948026515,2021-03-31,30,2
2021-04,1,SID,0.6123315638375579,2021-04-30,30,2
2021-04,2,MIC,0.38581646175865797,2021-04-30,30,2
2021-04,3,AFM,0.33916357652910684,2021-04-30,30,2
2021-04,4,M2M,0.3264775836171256,2021-04-30,30,2
2021-04,5,MSA,0.2655404594462568,2021-04-30,30,2
2021-04,6,HPS,0.25731423538768644,2021-04-30,30,2
2021-04,7,MNG,0.22179100181342595,2021-04-30,30,2
2021-04,8,LHM,0.21645278560767342,2021-04-30,30,2
2021-04,9,SOT,0.1989657384625504,2021-04-30,30,2
2021-04,10,CMT,0.1981904060311154,2021-04-30,30,2
2021-04,11,CSR,0.19474890361095304,2021-04-30,30,2
2021-04,12,DWY,0.1729689137012582,2021-04-30,30,2
2021-04,13,JET,0.16491008619867256,2021-04-30,30,2
2021-04,14,SNP,0.14240518688712514,2021-04-30,30,2
2021-04,15,OUL,0.13824255245217687,2021-04-30,30,2
2021-04,16,CTM,0.13364756477712786,2021-04-30,30,2
2021-04,17,IAM,0.11305727175013887,2021-04-30,30,2
2021-04,18,BCP,0.09276104316410881,2021-04-30,30,2
2021-04,19,LBV,0.09154906132307358,2021-04-30,30,2
2021-04,20,ADH,0.07441778321486514,2021-04-30,30,2
2021-04,21,IBC,0.05133370145980619,2021-04-30,30,2
2021-04,22,ATW,0.04945733762681494,2021-04-30,30,2
2021-04,23,BOA,0.03187826572266642,2021-04-30,30,2
2021-04,24,GAZ,0.029936909062074572,2021-04-30,30,2
2021-04,25,SBM,0.01837372191240086,2021-04-30,30,2
2021-05,1,SOT,0.6908956806634599,2021-05-31,30,2
2021-05,2,AFM,0.6858933878478812,2021-05-31,30,2
2021-05,3,SID,0.6310553676989976,2021-05-31,30,2
2021-05,4,MIC,0.4863877149219213,2021-05-31,30,2
2021-05,5,M2M,0.4827121037987006,2021-05-31,30,2
2021-05,6,OUL,0.4483192646456123,2021-05-31,30,2
2021-05,7,MNG,0.42272834986882524,2021-05-31,30,2
2021-05,8,IAM,0.3572322348026305,2021-05-31,30,2
2021-05,9,CSR,0.35126386603013743,2021-05-31,30,2
2021-05,10,CMT,0.34743163137232663,2021-05-31,30,2
2021-05,11,MSA,0.33767365586781023,2021-05-31,30,2
2021-05,12,DWY,0.29590353706703565,2021-05-31,30,2
2021-05,13,HPS,0.28957659536203895,2021-05-31,30,2
2021-05,14,SMI,0.28823535114275245,2021-05-31,30,2
2021-05,15,LHM,0.28472238656009646,2021-05-31,30,2
2021-05,16,BCI,0.2818241197446921,2021-05-31,30,2
2021-05,17,CTM,0.2732413989954461,2021-05-31,30,2
2021-05,18,ARD,0.2713665967424034,2021-05-31,30,2
2021-05,19,BOA,0.26376280457748513,2021-05-31,30,2
2021-05,20,TMA,0.2614421781479518,2021-05-31,30,2
2021-05,21,ATW,0.25712629054683855,2021-05-31,30,2
2021-05,22,SNP,0.24963498106039167,2021-05-31,30,2
2021-05,23,ATL,0.24026529149851517,2021-05-31,30,2
2021-05,24,MDP,0.23973273761162037,2021-05-31,30,2
2021-05,25,LBV,0.2393871450720637,2021-05-31,30,2
2021-06,1,AFM,0.7227079406585268,2021-06-30,30,2
2021-06,2,SOT,0.711565160624708,2021-06-30,30,2
2021-06,3,SID,0.6027179936866378,2021-06-30,30,2
2021-06,4,MIC,0.44448291843720017,2021-06-30,30,2
2021-06,5,CSR,0.4438997565728153,2021-06-30,30,2
2021-06,6,M2M,0.4138789241108724,2021-06-30,30,2
2021-06,7,MNG,0.3811805177222188,2021-06-30,30,2
2021-06,8,OUL,0.3789033803762187,2021-06-30,30,2
2021-06,9,LHM,0.36296878278062733,2021-06-30,30,2
2021-06,10,BCI,0.3360945400429268,2021-06-30,30,2
2021-06,11,GAZ,0.3212073648988002,2021-06-30,30,2
2021-06,12,MSA,0.3024207841487235,2021-06-30,30,2
2021-06,13,IAM,0.29927249331474237,2021-06-30,30,2
2021-06,14,LBV,0.2946750159004947,2021-06-30,30,2
2021-06,15,CTM,0.2940413379904515,2021-06-30,30,2
2021-06,16,DWY,0.28672708117515694,2021-06-30,30,2
2021-06,17,SBM,0.2797363174545351,2021-06-30,30,2
2021-06,18,BCP,0.27737247082843103,2021-06-30,30,2
2021-06,19,NKL,0.27183839587862524,2021-06-30,30,2
2021-06,20,ATL,0.26764788141107376,2021-06-30,30,2
2021-06,21,HPS,0.26601140904100923,2021-06-30,30,2
2021-06,22,COL,0.2616493776597779,2021-06-30,30,2
2021-06,23,SNP,0.2591124352828688,2021-06-30,30,2
2021-06,24,BOA,0.2500052677365965,2021-06-30,30,2
2021-06,25,SMI,0.24503129027219514,2021-06-30,30,2
2021-07,1,SID,0.5082774407370637,2021-07-29,36,2
2021-07,2,SOT,0.49912963851840286,2021-07-29,36,2
2021-07,3,ADH,0.34146807014386626,2021-07-29,36,2
2021-07,4,NKL,0.2644549294677527,2021-07-29,36,2
2021-07,5,FBR,0.2573226807333394,2021-07-29,36,2
2021-07,6,MSA,0.24433435216585903,2021-07-29,36,2
2021-07,7,JET,0.21447607622315185,2021-07-29,36,2
2021-07,8,CSR,0.21251242518116142,2021-07-29,36,2
2021-07,9,RDS,0.2074642068113159,2021-07-29,36,2
2021-07,10,COL,0.1654545438778827,2021-07-29,36,2
2021-07,11,RIS,0.1476359334237601,2021-07-29,36,2
2021-07,12,M2M,0.10780974791209282,2021-07-29,36,2
2021-07,13,MUT,0.0936988346347535,2021-07-29,36,2
2021-07,14,MDP,0.09261523769338485,2021-07-29,36,2
2021-07,15,MNG,0.06466128088128627,2021-07-29,36,2
2021-07,16,TQM,0.05035023965912817,2021-07-29,36,2
2021-07,17,DWY,0.026146913126927573,2021-07-29,36,2
2021-07,18,S2M,0.017017303846328213,2021-07-29,36,2
2021-07,19,ATL,0.01454254777340386,2021-07-29,36,2
2021-07,20,LBV,0.012322331822830742,2021-07-29,36,2
2021-07,21,SMI,0.008549451991023528,2021-07-29,36,2
2021-07,22,SRM,-0.0010395990266710547,2021-07-29,36,2
2021-07,23,BCI,-0.004466037680700639,2021-07-29,36,2
2021-07,24,SBM,-0.03714946080063557,2021-07-29,36,2
2021-07,25,MIC,-0.03743913352813055,2021-07-29,36,2
2021-08,1,SOT,0.8274577886348848,2021-08-31,36,2
2021-08,2,SID,0.7957174979750297,2021-08-31,36,2
2021-08,3,ADH,0.720656023354602,2021-08-31,36,2
2021-08,4,RDS,0.618762448181772,2021-08-31,36,2
2021-08,5,FBR,0.49596743641244734,2021-08-31,36,2
2021-08,6,MDP,0.47809466173798215,2021-08-31,36,2
2021-08,7,M2M,0.40043661020873134,2021-08-31,36,2
2021-08,8,JET,0.39249595474645194,2021-08-31,36,2
2021-08,9,TQM,0.3675549193447542,2021-08-31,36,2
2021-08,10,MSA,0.3508453892409872,2021-08-31,36,2
2021-08,11,SNP,0.3396282211359868,2021-08-31,36,2
2021-08,12,LBV,0.338584863492579,2021-08-31,36,2
2021-08,13,RIS,0.31738264780879955,2021-08-31,36,2
2021-08,14,MUT,0.30114692971293355,2021-08-31,36,2
2021-08,15,EQD,0.29456372765201844,2021-08-31,36,2
2021-08,16,DWY,0.2914458349280345,2021-08-31,36,2
2021-08,17,CSR,0.28531298949645867,2021-08-31,36,2
2021-08,18,NKL,0.2813879568233159,2021-08-31,36,2
2021-08,19,LHM,0.25078689204842214,2021-08-31,36,2
2021-08,20,S2M,0.24164934354543477,2021-08-31,36,2
2021-08,21,AFM,0.23157263860509408,2021-08-31,36,2
2021-08,22,ATL,0.2038291075524962,2021-08-31,36,2
2021-08,23,SBM,0.1703188399977614,2021-08-31,36,2
2021-08,24,HPS,0.1627839472501276,2021-08-31,36,2
2021-08,25,MNG,0.15801936118783655,2021-08-31,36,2
2021-09,1,FBR,0.9192060900045427,2021-09-30,36,2
2021-09,2,SOT,0.8396298943001037,2021-09-30,36,2
2021-09,3,SID,0.6456480723870344,2021-09-30,36,2
2021-09,4,RDS,0.5841806406704884,2021-09-30,36,2
2021-09,5,MDP,0.517186753405086,2021-09-30,36,2
2021-09,6,ADH,0.5086494312167624,2021-09-30,36,2
2021-09,7,SNP,0.4304116467426997,2021-09-30,36,2
2021-09,8,LBV,0.42512944304495365,2021-09-30,36,2
2021-09,9,AFM,0.3711292384594875,2021-09-30,36,2
2021-09,10,JET,0.3678265719067295,2021-09-30,36,2
2021-09,11,ATW,0.3169338631993488,2021-09-30,36,2
2021-09,12,LHM,0.2999393687833688,2021-09-30,36,2
2021-09,13,S2M,0.2991092875045951,2021-09-30,36,2
2021-09,14,NKL,0.28844977596428656,2021-09-30,36,2
2021-09,15,MSA,0.2483137589443808,2021-09-30,36,2
2021-09,16,SLF,0.21651797368489525,2021-09-30,36,2
2021-09,17,TQM,0.21528006980610942,2021-09-30,36,2
2021-09,18,HPS,0.21352004393326401,2021-09-30,36,2
2021-09,19,MUT,0.21216887240605692,2021-09-30,36,2
2021-09,20,RIS,0.2018140367667819,2021-09-30,36,2
2021-09,21,IAM,0.19446233954729217,2021-09-30,36,2
2021-09,22,SBM,0.1714261937522189,2021-09-30,36,2
2021-09,23,CMT,0.16680210884500238,2021-09-30,36,2
2021-09,24,IBC,0.1647146999210139,2021-09-30,36,2
2021-09,25,INV,0.157752451181546,2021-09-30,36,2
2021-10,1,FBR,1.1392267378812595,2021-10-29,36,2
2021-10,2,SOT,0.6814666027190057,2021-10-29,36,2
2021-10,3,MDP,0.619953221505115,2021-10-29,36,2
2021-10,4,SID,0.5047117785312225,2021-10-29,36,2
2021-10,5,ADH,0.4779584963836736,2021-10-29,36,2
2021-10,6,LBV,0.40187718793707733,2021-10-29,36,2
2021-10,7,JET,0.37217259899656163,2021-10-29,36,2
2021-10,8,RDS,0.366541404138029,2021-10-29,36,2
2021-10,9,AFM,0.35984621703218467,2021-10-29,36,2
2021-10,10,S2M,0.34504537850333594,2021-10-29,36,2
2021-10,11,M2M,0.31329963860350896,2021-10-29,36,2
2021-10,12,INV,0.28292657440678276,2021-10-29,36,2
2021-10,13,MSA,0.2729770836866078,2021-10-29,36,2
2021-10,14,HPS,0.2678681574451094,2021-10-29,36,2
2021-10,15,SBM,0.24778645077595057,2021-10-29,36,2
2021-10,16,IAM,0.2297831807977707,2021-10-29,36,2
2021-10,17,NKL,0.2291961090714265,2021-10-29,36,2
2021-10,18,TQM,0.2235330300322498,2021-10-29,36,2
2021-10,19,LHM,0.22015338315651856,2021-10-29,36,2
2021-10,20,MIC,0.21611029313179383,2021-10-29,36,2
2021-10,21,SNP,0.21106296075431968,2021-10-29,36,2
2021-10,22,CMT,0.20719566100834313,2021-10-29,36,2
2021-10,23,SLF,0.19606152642654912,2021-10-29,36,2
2021-10,24,ATW,0.16402103867184434,2021-10-29,36,2
2021-10,25,ATH,0.14640608220831688,2021-10-29,36,2
2021-11,1,MDP,0.793240100868522,2021-11-30,36,2
2021-11,2,FBR,0.6800251148537113,2021-11-30,36,2
2021-11,3,ADH,0.38288737621000596,2021-11-30,36,2
2021-11,4,IBC,0.327515206869533,2021-11-30,36,2
2021-11,5,REB,0.2999263192104215,2021-11-30,36,2
2021-11,6,TQM,0.23743159470952813,2021-11-30,36,2
2021-11,7,SLF,0.19542292218599933,2021-11-30,36,2
2021-11,8,RDS,0.19040991024247933,2021-11-30,36,2
2021-11,9,PRO,0.18122497086592787,2021-11-30,36,2
2021-11,10,SID,0.16512929811456406,2021-11-30,36,2
2021-11,11,SOT,0.12988846199364246,2021-11-30,36,2
2021-11,12,INV,0.09214119336844377,2021-11-30,36,2
2021-11,13,MIC,0.08351354413164432,2021-11-30,36,2
2021-11,14,LHM,0.06568213212200054,2021-11-30,36,2
2021-11,15,BAL,0.05588258640689573,2021-11-30,36,2
2021-11,16,AFM,0.04793551660816238,2021-11-30,36,2
2021-11,17,LBV,0.040892006884732116,2021-11-30,36,2
2021-11,18,CTM,0.03793084569449667,2021-11-30,36,2
2021-11,19,HPS,0.035108804834123195,2021-11-30,36,2
2021-11,20,NKL,0.006693767094111446,2021-11-30,36,2
2021-11,21,COL,0.003972620072002555,2021-11-30,36,2
2021-11,22,RIS,-0.0075186457840341735,2021-11-30,36,2
2021-11,23,DHO,-0.015153917761458717,2021-11-30,36,2
2021-11,24,CSR,-0.019983998864864544,2021-11-30,36,2
2021-11,25,DWY,-0.0230789000998691,2021-11-30,36,2
2021-12,1,MDP,1.0867278418070645,2021-12-31,36,2
2021-12,2,MOX,0.8310685663630452,2021-12-31,36,2
2021-12,3,FBR,0.7114258903628113,2021-12-31,36,2
2021-12,4,IBC,0.5474965453108128,2021-12-31,36,2
2021-12,5,TQM,0.36335455453214244,2021-12-31,36,2
2021-12,6,INV,0.3460327138923089,2021-12-31,36,2
2021-12,7,LHM,0.31011737354167895,2021-12-31,36,2
2021-12,8,AFM,0.19722328665935535,2021-12-31,36,2
2021-12,9,DWY,0.15851503210188422,2021-12-31,36,2
2021-12,10,COL,0.1292391338505107,2021-12-31,36,2
2021-12,11,ATL,0.11365728206410854,2021-12-31,36,2
2021-12,12,GAZ,0.10183997182655165,2021-12-31,36,2
2021-12,13,NKL,0.09480977710336853,2021-12-31,36,2
2021-12,14,MIC,0.08558350862208843,2021-12-31,36,2
2021-12,15,BAL,0.08020877440549425,2021-12-31,36,2
2021-12,16,PRO,0.07415177679591832,2021-12-31,36,2
2021-12,17,S2M,0.03301792082724159,2021-12-31,36,2
2021-12,18,ATW,0.01638167773165715,2021-12-31,36,2
2021-12,19,MSA,0.008746362608512167,2021-12-31,36,2
2021-12,20,HPS,-0.0009532379159675596,2021-12-31,36,2
2021-12,21,CIH,-0.030146444152256896,2021-12-31,36,2
2021-12,22,BCI,-0.03956708568306813,2021-12-31,36,2
2021-12,23,SOT,-0.05152970798534202,2021-12-31,36,2
2021-12,24,RDS,-0.05992004014495077,2021-12-31,36,2
2021-12,25,AGM,-0.07746325270740308,2021-12-31,36,2
2022-01,1,MDP,1.523050730658986,2022-01-31,42,2
2022-01,2,MOX,1.1088448733366445,2022-01-31,42,2
2022-01,3,IBC,0.446108920140314,2022-01-31,42,2
2022-01,4,INV,0.3723093275794572,2022-01-31,42,2
2022-01,5,AFM,0.3472651024725967,2022-01-31,42,2
2022-01,6,GAZ,0.22541204305808768,2022-01-31,42,2
2022-01,7,TQM,0.17698650192961846,2022-01-31,42,2
2022-01,8,JET,0.14764000942293629,2022-01-31,42,2
2022-01,9,BCI,0.1338011879178426,2022-01-31,42,2
2022-01,10,DWY,0.11496307182548768,2022-01-31,42,2
2022-01,11,NKL,0.11451017630175608,2022-01-31,42,2
2022-01,12,EQD,0.11055137080039351,2022-01-31,42,2
2022-01,13,SLF,0.09116648754986192,2022-01-31,42,2
2022-01,14,CIH,0.06242489023753153,2022-01-31,42,2
2022-01,15,PRO,0.03853878173679254,2022-01-31,42,2
2022-01,16,TGC,0.022715198367351516,2022-01-31,42,2
2022-01,17,MSA,0.022013011119643905,2022-01-31,42,2
2022-01,18,ATL,0.01597131637022331,2022-01-31,42,2
2022-01,19,HPS,0.01564410379926067,2022-01-31,42,2
2022-01,20,LHM,0.01063042410100546,2022-01-31,42,2
2022-01,21,RIS,0.008340604951233302,2022-01-31,42,2
2022-01,22,SOT,-0.00027216620430937227,2022-01-31,42,2
2022-01,23,SBM,-0.016838640234693003,2022-01-31,42,2
2022-01,24,AGM,-0.022678874913201925,2022-01-31,42,2
2022-01,25,S2M,-0.028703552827453245,2022-01-31,42,2
2022-02,1,MOX,1.0498367438340384,2022-02-28,42,2
2022-02,2,MDP,0.8079585799325587,2022-02-28,42,2
2022-02,3,BAL,0.5474640793967275,2022-02-28,42,2
2022-02,4,TQM,0.40913755833902055,2022-02-28,42,2
2022-02,5,GAZ,0.38529336476995557,2022-02-28,42,2
2022-02,6,INV,0.37308085467511365,2022-02-28,42,2
2022-02,7,SLF,0.2812360310719525,2022-02-28,42,2
2022-02,8,IBC,0.27742966099548905,2022-02-28,42,2
2022-02,9,ATL,0.22608736389574838,2022-02-28,42,2
2022-02,10,CIH,0.19777684966792128,2022-02-28,42,2
2022-02,11,NKL,0.18252104928296697,2022-02-28,42,2
2022-02,12,PRO,0.13841465024408567,2022-02-28,42,2
2022-02,13,AGM,0.08777874861418952,2022-02-28,42,2
2022-02,14,TMA,0.08444067285793216,2022-02-28,42,2
2022-02,15,HPS,0.07680360069684271,2022-02-28,42,2
2022-02,16,ARD,0.05383560466380788,2022-02-28,42,2
2022-02,17,DWY,0.0277626086286889,2022-02-28,42,2
2022-02,18,BOA,-0.008191916126042718,2022-02-28,42,2
2022-02,19,LHM,-0.01392999632876462,2022-02-28,42,2
2022-02,20,MSA,-0.03984754251764248,2022-02-28,42,2
2022-02,21,JET,-0.04238671119407076,2022-02-28,42,2
2022-02,22,EQD,-0.05109566102684863,2022-02-28,42,2
2022-02,23,SNP,-0.055361288265889465,2022-02-28,42,2
2022-02,24,TGC,-0.05705223616363091,2022-02-28,42,2
2022-02,25,DHO,-0.05716377224273775,2022-02-28,42,2
2022-03,1,TQM,0.28996618188080836,2022-03-31,42,2
2022-03,2,GAZ,0.19566309755671785,2022-03-31,42,2
2022-03,3,ATL,0.19489196252119267,2022-03-31,42,2
2022-03,4,INV,0.18340372134029348,2022-03-31,42,2
2022-03,5,MOX,0.16059940111845245,2022-03-31,42,2
2022-03,6,BAL,0.02714630709959112,2022-03-31,42,2
2022-03,7,SID,0.016749377684029232,2022-03-31,42,2
2022-03,8,IBC,0.01018803999730225,2022-03-31,42,2
2022-03,9,TMA,-0.018849149506165203,2022-03-31,42,2
2022-03,10,BOA,-0.029786674322645867,2022-03-31,42,2
2022-03,11,LHM,-0.04553940165417436,2022-03-31,42,2
2022-03,12,TGC,-0.04972329176009205,2022-03-31,42,2
2022-03,13,JET,-0.06298794544622605,2022-03-31,42,2
2022-03,14,MDP,-0.06932804828500314,2022-03-31,42,2
2022-03,15,LBV,-0.0888396238576371,2022-03-31,42,2
2022-03,16,NKL,-0.09213600600957733,2022-03-31,42,2
2022-03,17,MAB,-0.10605673136180432,2022-03-31,42,2
2022-03,18,ARD,-0.10609775996027206,2022-03-31,42,2
2022-03,19,SNP,-0.1115301562897432,2022-03-31,42,2
2022-03,20,RIS,-0.11395083160726097,2022-03-31,42,2
2022-03,21,AGM,-0.11787439219806384,2022-03-31,42,2
2022-03,22,SLF,-0.12047135031463929,2022-03-31,42,2
2022-03,23,MSA,-0.12229264207155072,2022-03-31,42,2
2022-03,24,AFM,-0.13515542338486533,2022-03-31,42,2
2022-03,25,MIC,-0.13871898468411828,2022-03-31,42,2
2022-04,1,CDM,0.33312542545582924,2022-04-29,42,2
2022-04,2,ATL,0.31384148781104093,2022-04-29,42,2
2022-04,3,GAZ,0.25757656257787886,2022-04-29,42,2
2022-04,4,IBC,0.24913366460192723,2022-04-29,42,2
2022-04,5,TQM,0.21987553369093768,2022-04-29,42,2
2022-04,6,MNG,0.21271418278829055,2022-04-29,42,2
2022-04,7,RIS,0.18496613802708503,2022-04-29,42,2
2022-04,8,TGC,0.14830162059182855,2022-04-29,42,2
2022-04,9,SOT,0.12348945795890595,2022-04-29,42,2
2022-04,10,TMA,0.12252730813520504,2022-04-29,42,2
2022-04,11,JET,0.1168244268462344,2022-04-29,42,2
2022-04,12,BAL,0.10804328776775973,2022-04-29,42,2
2022-04,13,AFM,0.10680301592627281,2022-04-29,42,2
2022-04,14,ARD,0.10673338343898212,2022-04-29,42,2
2022-04,15,MAB,0.10536408178914827,2022-04-29,42,2
2022-04,16,SID,0.08043489568948142,2022-04-29,42,2
2022-04,17,MIC,0.06952156497566853,2022-04-29,42,2
2022-04,18,LBV,0.06023601172694376,2022-04-29,42,2
2022-04,19,CTM,0.058449015300736984,2022-04-29,42,2
2022-04,20,LHM,0.04674655082277315,2022-04-29,42,2
2022-04,21,NKL,0.046089864049788626,2022-04-29,42,2
2022-04,22,BOA,0.04593729746419126,2022-04-29,42,2
2022-04,23,CMT,0.02124151312827398,2022-04-29,42,2
2022-04,24,MSA,0.017353552113527022,2022-04-29,42,2
2022-04,25,DWY,0.015829731637035667,2022-04-29,42,2
2022-05,1,ATL,0.0857792477239161,2022-05-31,42,2
2022-05,2,BCI,0.0441674560085471,2022-05-31,42,2
2022-05,3,JET,0.03488926333920642,2022-05-31,42,2
2022-05,4,ARD,0.004367588088904251,2022-05-31,42,2
2022-05,5,EQD,-0.006402716873443431,2022-05-31,42,2
2022-05,6,INV,-0.011328965180850997,2022-05-31,42,2
2022-05,7,SID,-0.028897309268497068,2022-05-31,42,2
2022-05,8,MNG,-0.033970738843673964,2022-05-31,42,2
2022-05,9,SNP,-0.039345470548325656,2022-05-31,42,2
2022-05,10,IBC,-0.055909417965090136,2022-05-31,42,2
2022-05,11,TGC,-0.06594633919860926,2022-05-31,42,2
2022-05,12,TQM,-0.07162149618602451,2022-05-31,42,2
2022-05,13,DHO,-0.075576322699906,2022-05-31,42,2
2022-05,14,MOX,-0.07709792934523207,2022-05-31,42,2
2022-05,15,NKL,-0.08139517308115074,2022-05-31,42,2
2022-05,16,RIS,-0.08360198679096167,2022-05-31,42,2
2022-05,17,SRM,-0.10498559872642904,2022-05-31,42,2
2022-05,18,SOT,-0.10681604095357991,2022-05-31,42,2
2022-05,19,IMO,-0.10969134929012023,2022-05-31,42,2
2022-05,20,M2M,-0.11239965939012589,2022-05-31,42,2
2022-05,21,MSA,-0.11753662239711123,2022-05-31,42,2
2022-05,22,CIH,-0.11989308450973189,2022-05-31,42,2
2022-05,23,MIC,-0.12433528420193675,2022-05-31,42,2
2022-05,24,GAZ,-0.12716761037963176,2022-05-31,42,2
2022-05,25,OUL,-0.15286707781635817,2022-05-31,42,2
2022-06,1,COL,0.23005491970134093,2022-06-30,42,2
2022-06,2,BCI,0.14941942932343788,2022-06-30,42,2
2022-06,3,NKL,0.14907043107752405,2022-06-30,42,2
2022-06,4,MNG,0.11435901584851382,2022-06-30,42,2
2022-06,5,ATL,0.08193367120204392,2022-06-30,42,2
2022-06,6,AFM,0.045427816236370655,2022-06-30,42,2
2022-06,7,RIS,0.043829899523504356,2022-06-30,42,2
2022-06,8,DWY,0.04199227891441498,2022-06-30,42,2
2022-06,9,SID,0.03762047093892737,2022-06-30,42,2
2022-06,10,SNP,0.019962577606018383,2022-06-30,42,2
2022-06,11,MDP,0.013739831750364195,2022-06-30,42,2
2022-06,12,ARD,-0.0045048739501922785,2022-06-30,42,2
2022-06,13,GAZ,-0.013900400034390498,2022-06-30,42,2
2022-06,14,EQD,-0.03605014416715957,2022-06-30,42,2
2022-06,15,SLF,-0.046607385736273654,2022-06-30,42,2
2022-06,16,TQM,-0.06521697009770527,2022-06-30,42,2
2022-06,17,MUT,-0.06539048953842783,2022-06-30,42,2
2022-06,18,CMT,-0.08530356423570845,2022-06-30,42,2
2022-06,19,JET,-0.09507284441419628,2022-06-30,42,2
2022-06,20,HPS,-0.10958792125703085,2022-06-30,42,2
2022-06,21,CIH,-0.11744884681044909,2022-06-30,42,2
2022-06,22,SMI,-0.12513642793504098,2022-06-30,42,2
2022-06,23,CSR,-0.1356365319046523,2022-06-30,42,2
2022-06,24,SRM,-0.16345838577502525,2022-06-30,42,2
2022-06,25,SOT,-0.1687094639417688,2022-06-30,42,2
2022-07,1,AFM,0.36011687805850023,2022-07-29,48,2
2022-07,2,COL,0.3508861906317007,2022-07-29,48,2
2022-07,3,SMI,0.23491983766142713,2022-07-29,48,2
2022-07,4,DWY,0.19675330949718411,2022-07-29,48,2
2022-07,5,HPS,0.17752076841188136,2022-07-29,48,2
2022-07,6,GAZ,0.17082881999331134,2022-07-29,48,2
2022-07,7,RIS,0.14003154763592185,2022-07-29,48,2
2022-07,8,CMT,0.1188549448731497,2022-07-29,48,2
2022-07,9,MNG,0.11035795093060034,2022-07-29,48,2
2022-07,10,SLF,0.1033649057863537,2022-07-29,48,2
2022-07,11,NKL,0.09712063541865663,2022-07-29,48,2
2022-07,12,IAM,0.0927911802275918,2022-07-29,48,2
2022-07,13,SNP,0.08674667184288565,2022-07-29,48,2
2022-07,14,ATL,0.06439453993965799,2022-07-29,48,2
2022-07,15,CDM,0.057701308463129736,2022-07-29,48,2
2022-07,16,TMA,0.05551335206175659,2022-07-29,48,2
2022-07,17,CIH,0.049690811406660186,2022-07-29,48,2
2022-07,18,LBV,0.04923110877690928,2022-07-29,48,2
2022-07,19,MIC,0.04922319347588666,2022-07-29,48,2
2022-07,20,IBC,0.040054036428327874,2022-07-29,48,2
2022-07,21,SID,0.03407216234386763,2022-07-29,48,2
2022-07,22,JET,0.02606828869915112,2022-07-29,48,2
2022-07,23,CTM,0.02285078941188931,2022-07-29,48,2
2022-07,24,SBM,0.022223683701272395,2022-07-29,48,2
2022-07,25,IMO,0.015943153122892254,2022-07-29,48,2
2022-08,1,AFM,0.5246042004567409,2022-08-31,48,2
2022-08,2,BCI,0.41516177326241954,2022-08-31,48,2
2022-08,3,IBC,0.38537035288487087,2022-08-31,48,2
2022-08,4,TQM,0.34321570045254335,2022-08-31,48,2
2022-08,5,RIS,0.32173327087754544,2022-08-31,48,2
2022-08,6,DYT,0.30394370101535195,2022-08-31,48,2
2022-08,7,TMA,0.290909394377989,2022-08-31,48,2
2022-08,8,DWY,0.28273507057556696,2022-08-31,48,2
2022-08,9,SBM,0.27270362307877233,2022-08-31,48,2
2022-08,10,NKL,0.2690165931372454,2022-08-31,48,2
2022-08,11,GAZ,0.2314632079189069,2022-08-31,48,2
2022-08,12,COL,0.22427509906120485,2022-08-31,48,2
2022-08,13,CMT,0.17302150060624133,2022-08-31,48,2
2022-08,14,IAM,0.1715586011945211,2022-08-31,48,2
2022-08,15,IMO,0.16155935631675944,2022-08-31,48,2
2022-08,16,ALM,0.1517962924220968,2022-08-31,48,2
2022-08,17,JET,0.1406287718230878,2022-08-31,48,2
2022-08,18,LBV,0.12613295057127405,2022-08-31,48,2
2022-08,19,CSR,0.12602395519043008,2022-08-31,48,2
2022-08,20,PRO,0.12208303289206596,2022-08-31,48,2
2022-08,21,DHO,0.11670593516594599,2022-08-31,48,2
2022-08,22,MIC,0.11625730446065413,2022-08-31,48,2
2022-08,23,DRI,0.11401222551598841,2022-08-31,48,2
2022-08,24,SNP,0.10949856693659624,2022-08-31,48,2
2022-08,25,ATL,0.10863832113949244,2022-08-31,48,2
2022-09,1,CSR,1.071429190564092,2022-09-30,48,2
2022-09,2,AFM,0.5219771619470094,2022-09-30,48,2
2022-09,3,CDM,0.31605626313684304,2022-09-30,48,2
2022-09,4,BAL,0.2605880495476423,2022-09-30,48,2
2022-09,5,CMT,0.22137930226502217,2022-09-30,48,2
2022-09,6,SNP,0.21805697269255164,2022-09-30,48,2
2022-09,7,SID,0.21659360940314143,2022-09-30,48,2
2022-09,8,AGM,0.20626735791934764,2022-09-30,48,2
2022-09,9,MIC,0.20370202549860278,2022-09-30,48,2
2022-09,10,MOX,0.1892090734567912,2022-09-30,48,2
2022-09,11,SMI,0.18167787264621124,2022-09-30,48,2
2022-09,12,MDP,0.17282851451057246,2022-09-30,48,2
2022-09,13,TMA,0.1691561959964725,2022-09-30,48,2
2022-09,14,FBR,0.16192168971090976,2022-09-30,48,2
2022-09,15,IMO,0.16006210530186793,2022-09-30,48,2
2022-09,16,ATL,0.15263545497274128,2022-09-30,48,2
2022-09,17,INV,0.1520162920152148,2022-09-30,48,2
2022-09,18,DHO,0.14563298956519666,2022-09-30,48,2
2022-09,19,TGC,0.13877729231877087,2022-09-30,48,2
2022-09,20,JET,0.11954520652785494,2022-09-30,48,2
2022-09,21,LBV,0.11743314155346668,2022-09-30,48,2
2022-09,22,HPS,0.08928363128846202,2022-09-30,48,2
2022-09,23,CTM,0.0803436709725091,2022-09-30,48,2
2022-09,24,GAZ,0.07580477139814704,2022-09-30,48,2
2022-09,25,LES,0.06967872520829416,2022-09-30,48,2
2022-10,1,CSR,0.9688033913330144,2022-10-31,48,2
2022-10,2,AFM,0.5722764183950839,2022-10-31,48,2
2022-10,3,INV,0.2908214589729915,2022-10-31,48,2
2022-10,4,MIC,0.26120061706832765,2022-10-31,48,2
2022-10,5,TQM,0.24814419521432288,2022-10-31,48,2
2022-10,6,LES,0.23257159582901601,2022-10-31,48,2
2022-10,7,FBR,0.22114430163567247,2022-10-31,48,2
2022-10,8,EQD,0.21445268045765972,2022-10-31,48,2
2022-10,9,MDP,0.19000812176756,2022-10-31,48,2
2022-10,10,NKL,0.17260741343621316,2022-10-31,48,2
2022-10,11,DHO,0.1377671789082767,2022-10-31,48,2
2022-10,12,MOX,0.11199943282508606,2022-10-31,48,2
2022-10,13,SNP,0.08498440595267462,2022-10-31,48,2
2022-10,14,DYT,0.0797837824026046,2022-10-31,48,2
2022-10,15,SMI,0.07833671418097006,2022-10-31,48,2
2022-10,16,ATL,0.05605820845947794,2022-10-31,48,2
2022-10,17,SOT,0.05377981661138628,2022-10-31,48,2
2022-10,18,MSA,0.04889856657625202,2022-10-31,48,2
2022-10,19,SBM,0.02781697764016764,2022-10-31,48,2
2022-10,20,GAZ,0.02374426785872498,2022-10-31,48,2
2022-10,21,CMT,0.019232229934769016,2022-10-31,48,2
2022-10,22,JET,0.016416013379357663,2022-10-31,48,2
2022-10,23,MLE,0.008378664633147265,2022-10-31,48,2
2022-10,24,COL,0.005723080484549309,2022-10-31,48,2
2022-10,25,SLF,0.004584517907025701,2022-10-31,48,2
2022-11,1,CSR,1.0003727146754808,2022-11-30,48,2
2022-11,2,AFM,0.4509039349898962,2022-11-30,48,2
2022-11,3,FBR,0.28127588658332714,2022-11-30,48,2
2022-11,4,CTM,0.27901195205788243,2022-11-30,48,2
2022-11,5,LES,0.24543865153004626,2022-11-30,48,2
2022-11,6,MOX,0.22323221495970283,2022-11-30,48,2
2022-11,7,CRS,0.20564807389606476,2022-11-30,48,2
2022-11,8,SNP,0.18393426372766508,2022-11-30,48,2
2022-11,9,NKL,0.16163832762367913,2022-11-30,48,2
2022-11,10,RDS,0.14261978616327126,2022-11-30,48,2
2022-11,11,IBC,0.14033670622454658,2022-11-30,48,2
2022-11,12,MDP,0.1364066780431304,2022-11-30,48,2
2022-11,13,EQD,0.11976522212670576,2022-11-30,48,2
2022-11,14,MIC,0.11891343340193855,2022-11-30,48,2
2022-11,15,PRO,0.11406537771516481,2022-11-30,48,2
2022-11,16,DHO,0.09334542549073159,2022-11-30,48,2
2022-11,17,MSA,0.08552263846476878,2022-11-30,48,2
2022-11,18,ATL,0.08156571904174892,2022-11-30,48,2
2022-11,19,DYT,0.06354665021858108,2022-11-30,48,2
2022-11,20,JET,0.05567953983927926,2022-11-30,48,2
2022-11,21,SOT,0.046777830778216595,2022-11-30,48,2
2022-11,22,BOA,0.04669350334165552,2022-11-30,48,2
2022-11,23,ADI,0.04271948129642666,2022-11-30,48,2
2022-11,24,TQM,0.040030841480825904,2022-11-30,48,2
2022-11,25,LBV,0.039250345705365175,2022-11-30,48,2
2022-12,1,CSR,1.1244681523479314,2022-12-30,48,2
2022-12,2,AFM,0.5177902182071397,2022-12-30,48,2
2022-12,3,REB,0.44595815709349274,2022-12-30,48,2
2022-12,4,FBR,0.4084251443909144,2022-12-30,48,2
2022-12,5,DYT,0.38081312325582695,2022-12-30,48,2
2022-12,6,MNG,0.3308382067934823,2022-12-30,48,2
2022-12,7,LES,0.2952410617394785,2022-12-30,48,2
2022-12,8,MDP,0.2793593754224546,2022-12-30,48,2
2022-12,9,HPS,0.2356103103839115,2022-12-30,48,2
2022-12,10,MIC,0.23528569310878583,2022-12-30,48,2
2022-12,11,NKL,0.23181027033218132,2022-12-30,48,2
2022-12,12,TQM,0.19329178815183407,2022-12-30,48,2
2022-12,13,GAZ,0.18858264523678492,2022-12-30,48,2
2022-12,14,ATL,0.18161179030032315,2022-12-30,48,2
2022-12,15,INV,0.17851305739519197,2022-12-30,48,2
2022-12,16,ATH,0.1478585219700149,2022-12-30,48,2
2022-12,17,CIH,0.13433174332353567,2022-12-30,48,2
2022-12,18,COL,0.1218312923943417,2022-12-30,48,2
2022-12,19,BCI,0.11856296056893825,2022-12-30,48,2
2022-12,20,JET,0.11751940391014837,2022-12-30,48,2
2022-12,21,AGM,0.10878627710449038,2022-12-30,48,2
2022-12,22,MOX,0.10166284444481541,2022-12-30,48,2
2022-12,23,TGC,0.09560462369042348,2022-12-30,48,2
2022-12,24,AFI,0.09416125815731777,2022-12-30,48,2
2022-12,25,SNP,0.0904814636548956,2022-12-30,48,2
2023-01,1,CSR,0.8125131214618464,2023-01-31,54,2
2023-01,2,TQM,0.46593530649151993,2023-01-31,54,2
2023-01,3,IAM,0.3776622710122804,2023-01-31,54,2
2023-01,4,ATW,0.343596661883442,2023-01-31,54,2
2023-01,5,AFI,0.3167091000491464,2023-01-31,54,2
2023-01,6,M2M,0.2755100441136058,2023-01-31,54,2
2023-01,7,AKT,0.27018092847496195,2023-01-31,54,2
2023-01,8,MDP,0.20788530043683656,2023-01-31,54,2
2023-01,9,DWY,0.20376063993838894,2023-01-31,54,2
2023-01,10,AFM,0.20359092088778874,2023-01-31,54,2
2023-01,11,BCI,0.1865604037939639,2023-01-31,54,2
2023-01,12,MSA,0.173770558544738,2023-01-31,54,2
2023-01,13,FBR,0.16493653177501455,2023-01-31,54,2
2023-01,14,CIH,0.1569710543230306,2023-01-31,54,2
2023-01,15,BOA,0.1512077984401267,2023-01-31,54,2
2023-01,16,LES,0.14282477008628786,2023-01-31,54,2
2023-01,17,COL,0.13945550370387982,2023-01-31,54,2
2023-01,18,TGC,0.13198234419641325,2023-01-31,54,2
2023-01,19,CMA,0.13054570104748978,2023-01-31,54,2
2023-01,20,MIC,0.12260657183207761,2023-01-31,54,2
2023-01,21,INV,0.12103813652937032,2023-01-31,54,2
2023-01,22,BCP,0.12077101246262191,2023-01-31,54,2
2023-01,23,SAH,0.1198377086352928,2023-01-31,54,2
2023-01,24,HPS,0.11744146361415914,2023-01-31,54,2
2023-01,25,S2M,0.11002421836702413,2023-01-31,54,2
2023-02,1,CSR,0.688202270559747,2023-02-28,54,2
2023-02,2,TQM,0.5184020508910988,2023-02-28,54,2
2023-02,3,AFM,0.39478380249492,2023-02-28,54,2
2023-02,4,HPS,0.382917930858077,2023-02-28,54,2
2023-02,5,MIC,0.37164593276730107,2023-02-28,54,2
2023-02,6,DHO,0.3599256562056556,2023-02-28,54,2
2023-02,7,IAM,0.33305631489264714,2023-02-28,54,2
2023-02,8,TGC,0.3320225683435097,2023-02-28,54,2
2023-02,9,CMA,0.3294750998336112,2023-02-28,54,2
2023-02,10,SBM,0.32837070782686295,2023-02-28,54,2
2023-02,11,IBC,0.32670141709583594,2023-02-28,54,2
2023-02,12,ARD,0.3074500891420997,2023-02-28,54,2
2023-02,13,COL,0.28654898361424347,2023-02-28,54,2
2023-02,14,SLF,0.28217069356448254,2023-02-28,54,2
2023-02,15,BOA,0.2764488297368331,2023-02-28,54,2
2023-02,16,CMT,0.27345090853779674,2023-02-28,54,2
2023-02,17,SMI,0.2537818850957396,2023-02-28,54,2
2023-02,18,JET,0.2482162290821892,2023-02-28,54,2
2023-02,19,INV,0.24441913580655394,2023-02-28,54,2
2023-02,20,AFI,0.2393297819059631,2023-02-28,54,2
2023-02,21,LES,0.23634523771584515,2023-02-28,54,2
2023-02,22,BCP,0.20474069137570883,2023-02-28,54,2
2023-02,23,MAB,0.194741429039404,2023-02-28,54,2
2023-02,24,MSA,0.1863859869000693,2023-02-28,54,2
2023-02,25,CTM,0.18127809631880654,2023-02-28,54,2
2023-03,1,CSR,0.7888593499072185,2023-03-31,54,2
2023-03,2,CDM,0.4086640044997893,2023-03-31,54,2
2023-03,3,AFM,0.40484576389726984,2023-03-31,54,2
2023-03,4,AFI,0.34569911872302267,2023-03-31,54,2
2023-03,5,CMT,0.3323477288842672,2023-03-31,54,2
2023-03,6,TQM,0.32623161558231123,2023-03-31,54,2
2023-03,7,CIH,0.3097220386553604,2023-03-31,54,2
2023-03,8,LES,0.29012606453738154,2023-03-31,54,2
2023-03,9,DYT,0.2843340730749583,2023-03-31,54,2
2023-03,10,CTM,0.25852755482963596,2023-03-31,54,2
2023-03,11,AKT,0.2569689287072125,2023-03-31,54,2
2023-03,12,SMI,0.2471380186253037,2023-03-31,54,2
2023-03,13,DWY,0.24124625639970915,2023-03-31,54,2
2023-03,14,INV,0.24097117929445505,2023-03-31,54,2
2023-03,15,ATL,0.24032250273843375,2023-03-31,54,2
2023-03,16,M2M,0.2365625013119143,2023-03-31,54,2
2023-03,17,ADI,0.23526496927374535,2023-03-31,54,2
2023-03,18,CMA,0.23073067977249767,2023-03-31,54,2
2023-03,19,CRS,0.22009349161886238,2023-03-31,54,2
2023-03,20,MIC,0.2172468917958077,2023-03-31,54,2
2023-03,21,COL,0.21697973821914235,2023-03-31,54,2
2023-03,22,MAB,0.21079551287327358,2023-03-31,54,2
2023-03,23,IMO,0.20667843417123127,2023-03-31,54,2
2023-03,24,MNG,0.19856095747292016,2023-03-31,54,2
2023-03,25,BOA,0.18748458708276086,2023-03-31,54,2
2023-04,1,CSR,0.840905811271293,2023-04-28,54,2
2023-04,2,CRS,0.738616157390694,2023-04-28,54,2
2023-04,3,ADI,0.40465032779060967,2023-04-28,54,2
2023-04,4,CDM,0.3930200397507845,2023-04-28,54,2
2023-04,5,CIH,0.34196930571643985,2023-04-28,54,2
2023-04,6,DYT,0.3244315680082527,2023-04-28,54,2
2023-04,7,CTM,0.32068957726233077,2023-04-28,54,2
2023-04,8,MIC,0.3203030242805529,2023-04-28,54,2
2023-04,9,ATW,0.2967091730096331,2023-04-28,54,2
2023-04,10,INV,0.2897907458360813,2023-04-28,54,2
2023-04,11,MAB,0.2847864153085337,2023-04-28,54,2
2023-04,12,SID,0.2658263713608093,2023-04-28,54,2
2023-04,13,BOA,0.25756694106444555,2023-04-28,54,2
2023-04,14,BCP,0.25602932828407815,2023-04-28,54,2
2023-04,15,SNP,0.2527683345428777,2023-04-28,54,2
2023-04,16,DHO,0.24804189960955086,2023-04-28,54,2
2023-04,17,FBR,0.24062926999412448,2023-04-28,54,2
2023-04,18,AKT,0.2211850950185717,2023-04-28,54,2
2023-04,19,EQD,0.21706934553793614,2023-04-28,54,2
2023-04,20,AFI,0.21225048011671913,2023-04-28,54,2
2023-04,21,IAM,0.20357731169820092,2023-04-28,54,2
2023-04,22,MSA,0.20028085085980352,2023-04-28,54,2
2023-04,23,COL,0.19425804464882268,2023-04-28,54,2
2023-04,24,IMO,0.18957039473776552,2023-04-28,54,2
2023-04,25,TGC,0.16817335153462915,2023-04-28,54,2
2023-05,1,REB,0.7382869782929748,2023-05-31,54,2
2023-05,2,CSR,0.6890249959050812,2023-05-31,54,2
2023-05,3,CMA,0.5452562547878692,2023-05-31,54,2
2023-05,4,SBM,0.4479106194668417,2023-05-31,54,2
2023-05,5,ADI,0.4330467184202062,2023-05-31,54,2
2023-05,6,AFI,0.4099735290206177,2023-05-31,54,2
2023-05,7,AFM,0.387794026289687,2023-05-31,54,2
2023-05,8,SAH,0.36321460108244097,2023-05-31,54,2
2023-05,9,INV,0.3312736159112991,2023-05-31,54,2
2023-05,10,DWY,0.3191334325745464,2023-05-31,54,2
2023-05,11,ATL,0.31337785365109744,2023-05-31,54,2
2023-05,12,DYT,0.31263954873723626,2023-05-31,54,2
2023-05,13,SID,0.3120135117574577,2023-05-31,54,2
2023-05,14,CDM,0.30957894846282397,2023-05-31,54,2
2023-05,15,MIC,0.29415734742962296,2023-05-31,54,2
2023-05,16,CMT,0.2769815770185464,2023-05-31,54,2
2023-05,17,TGC,0.2756239617755691,2023-05-31,54,2
2023-05,18,SLF,0.2747241157646672,2023-05-31,54,2
2023-05,19,BCP,0.2662895591777419,2023-05-31,54,2
2023-05,20,LHM,0.24696234707482087,2023-05-31,54,2
2023-05,21,MSA,0.24113922169629265,2023-05-31,54,2
2023-05,22,S2M,0.21880472197324768,2023-05-31,54,2
2023-05,23,DHO,0.2094114292104898,2023-05-31,54,2
2023-05,24,NKL,0.2085916796419691,2023-05-31,54,2
2023-05,25,BOA,0.20764277833886807,2023-05-31,54,2
2023-06,1,REB,0.9425807338684775,2023-06-28,54,2
2023-06,2,CSR,0.8419419126007792,2023-06-28,54,2
2023-06,3,ADI,0.6277506734035418,2023-06-28,54,2
2023-06,4,AKT,0.5041728628125118,2023-06-28,54,2
2023-06,5,EQD,0.4208106539283655,2023-06-28,54,2
2023-06,6,SNP,0.39952538088912254,2023-06-28,54,2
2023-06,7,MOX,0.3795157981052245,2023-06-28,54,2
2023-06,8,BCI,0.37835597198697735,2023-06-28,54,2
2023-06,9,IAM,0.36740036093307804,2023-06-28,54,2
2023-06,10,CMA,0.35326055969042813,2023-06-28,54,2
2023-06,11,MSA,0.34747597196664537,2023-06-28,54,2
2023-06,12,AFM,0.3459864218648272,2023-06-28,54,2
2023-06,13,LES,0.34475683888378195,2023-06-28,54,2
2023-06,14,SOT,0.32596138814258246,2023-06-28,54,2
2023-06,15,CMT,0.31797521159782394,2023-06-28,54,2
2023-06,16,MIC,0.2956810657752036,2023-06-28,54,2
2023-06,17,NKL,0.29567480255210055,2023-06-28,54,2
2023-06,18,ATL,0.29335330981983204,2023-06-28,54,2
2023-06,19,ATH,0.2819198346518228,2023-06-28,54,2
2023-06,20,SLF,0.2712572979303945,2023-06-28,54,2
2023-06,21,FBR,0.2666826074588752,2023-06-28,54,2
2023-06,22,SID,0.26158370320450963,2023-06-28,54,2
2023-06,23,SAH,0.25973431627851645,2023-06-28,54,2
2023-06,24,SMI,0.25334829729950975,2023-06-28,54,2
2023-06,25,DWY,0.2373384459139349,2023-06-28,54,2
2023-07,1,ADI,1.3057477319671835,2023-07-31,60,2
2023-07,2,CSR,1.0514433197170874,2023-07-31,60,2
2023-07,3,AKT,0.8335953515070398,2023-07-31,60,2
2023-07,4,RDS,0.746589107822897,2023-07-31,60,2
2023-07,5,ADH,0.6054114321978018,2023-07-31,60,2
2023-07,6,SNP,0.464508343620881,2023-07-31,60,2
2023-07,7,BCI,0.4171090053389398,2023-07-31,60,2
2023-07,8,ATH,0.4153118899986743,2023-07-31,60,2
2023-07,9,MUT,0.37174603932619377,2023-07-31,60,2
2023-07,10,CIH,0.3487830097473924,2023-07-31,60,2
2023-07,11,TMA,0.3438331281832391,2023-07-31,60,2
2023-07,12,ARD,0.3327200251907787,2023-07-31,60,2
2023-07,13,MIC,0.3325139633692574,2023-07-31,60,2
2023-07,14,SOT,0.3179429277150534,2023-07-31,60,2
2023-07,15,SID,0.31250446985997204,2023-07-31,60,2
2023-07,16,EQD,0.28969667426639967,2023-07-31,60,2
2023-07,17,CMA,0.27662105726871267,2023-07-31,60,2
2023-07,18,ATW,0.26866157854778205,2023-07-31,60,2
2023-07,19,LHM,0.2572290587138235,2023-07-31,60,2
2023-07,20,MNG,0.24539356481065439,2023-07-31,60,2
2023-07,21,TGC,0.22316676623360177,2023-07-31,60,2
2023-07,22,FBR,0.21785333557175063,2023-07-31,60,2
2023-07,23,LBV,0.21497987991558806,2023-07-31,60,2
2023-07,24,ATL,0.19224597137213473,2023-07-31,60,2
2023-07,25,BOA,0.17755445756055166,2023-07-31,60,2
2023-08,1,ADI,0.9252192708407048,2023-08-31,60,2
2023-08,2,CSR,0.9204860676741344,2023-08-31,60,2
2023-08,3,AKT,0.8290474887552819,2023-08-31,60,2
2023-08,4,ADH,0.6670334668845048,2023-08-31,60,2
2023-08,5,TQM,0.48576482109464014,2023-08-31,60,2
2023-08,6,RDS,0.45302461777295017,2023-08-31,60,2
2023-08,7,JET,0.4167938479410122,2023-08-31,60,2
2023-08,8,SAH,0.3422947557995725,2023-08-31,60,2
2023-08,9,IBC,0.32126270005134594,2023-08-31,60,2
2023-08,10,RIS,0.3061824625087681,2023-08-31,60,2
2023-08,11,LHM,0.2559704335142091,2023-08-31,60,2
2023-08,12,GAZ,0.2503908682192173,2023-08-31,60,2
2023-08,13,SNP,0.19895828901945883,2023-08-31,60,2
2023-08,14,DWY,0.1960981211120724,2023-08-31,60,2
2023-08,15,AFI,0.15276894017017922,2023-08-31,60,2
2023-08,16,TGC,0.1491014389035879,2023-08-31,60,2
2023-08,17,CMT,0.1365755891034096,2023-08-31,60,2
2023-08,18,TMA,0.1335575586111316,2023-08-31,60,2
2023-08,19,LES,0.12500546886004765,2023-08-31,60,2
2023-08,20,BCP,0.10585038055702792,2023-08-31,60,2
2023-08,21,MDP,0.09176652676440636,2023-08-31,60,2
2023-08,22,BOA,0.09130888989599864,2023-08-31,60,2
2023-08,23,MNG,0.08811747321398439,2023-08-31,60,2
2023-08,24,MUT,0.07974557199053942,2023-08-31,60,2
2023-08,25,SID,0.07048796680950971,2023-08-31,60,2
2023-09,1,CSR,0.8921919339785666,2023-09-27,60,2
2023-09,2,ADI,0.6753924915248296,2023-09-27,60,2
2023-09,3,RIS,0.5242983404453669,2023-09-27,60,2
2023-09,4,JET,0.43908881577839803,2023-09-27,60,2
2023-09,5,RDS,0.42985788941795466,2023-09-27,60,2
2023-09,6,AKT,0.38398063740284955,2023-09-27,60,2
2023-09,7,SNP,0.38015247420871245,2023-09-27,60,2
2023-09,8,ADH,0.3477014173859934,2023-09-27,60,2
2023-09,9,EQD,0.2911529756209814,2023-09-27,60,2
2023-09,10,TGC,0.2191555723647573,2023-09-27,60,2
2023-09,11,TQM,0.2050873862446238,2023-09-27,60,2
2023-09,12,BOA,0.19663157730474776,2023-09-27,60,2
2023-09,13,DHO,0.1938204698934045,2023-09-27,60,2
2023-09,14,SID,0.19262995372595842,2023-09-27,60,2
2023-09,15,CIH,0.1804308748999833,2023-09-27,60,2
2023-09,16,ATH,0.17747422327876028,2023-09-27,60,2
2023-09,17,SBM,0.1714279435996472,2023-09-27,60,2
2023-09,18,FBR,0.16613015454750282,2023-09-27,60,2
2023-09,19,ATL,0.1397738232533477,2023-09-27,60,2
2023-09,20,IBC,0.1370806230065052,2023-09-27,60,2
2023-09,21,MNG,0.12664631243223212,2023-09-27,60,2
2023-09,22,CMT,0.1103617249241109,2023-09-27,60,2
2023-09,23,CMA,0.10248867548937013,2023-09-27,60,2
2023-09,24,LES,0.09332740493023628,2023-09-27,60,2
2023-09,25,MIC,0.08287938330951669,2023-09-27,60,2
2023-10,1,RDS,0.7250171549115377,2023-10-31,60,2
2023-10,2,ADH,0.6984794979793787,2023-10-31,60,2
2023-10,3,ADI,0.5708287701125827,2023-10-31,60,2
2023-10,4,JET,0.4325676320367629,2023-10-31,60,2
2023-10,5,SID,0.3844233062616108,2023-10-31,60,2
2023-10,6,RIS,0.37740609761597904,2023-10-31,60,2
2023-10,7,AKT,0.3533821353769317,2023-10-31,60,2
2023-10,8,MUT,0.30374166860577956,2023-10-31,60,2
2023-10,9,TQM,0.26008072013197214,2023-10-31,60,2
2023-10,10,SOT,0.23811329782915416,2023-10-31,60,2
2023-10,11,CIH,0.21917842959661074,2023-10-31,60,2
2023-10,12,DWY,0.21745625640222324,2023-10-31,60,2
2023-10,13,CMA,0.21668155590712684,2023-10-31,60,2
2023-10,14,CSR,0.21257431703225552,2023-10-31,60,2
2023-10,15,GAZ,0.20466370068006512,2023-10-31,60,2
2023-10,16,BCI,0.18113971243343294,2023-10-31,60,2
2023-10,17,CMT,0.1720138576261063,2023-10-31,60,2
2023-10,18,HPS,0.15902399819929283,2023-10-31,60,2
2023-10,19,IAM,0.15819032067135488,2023-10-31,60,2
2023-10,20,MDP,0.15371306803543128,2023-10-31,60,2
2023-10,21,MNG,0.15303744274096928,2023-10-31,60,2
2023-10,22,SMI,0.13155797918823,2023-10-31,60,2
2023-10,23,ATL,0.12382323737889081,2023-10-31,60,2
2023-10,24,LHM,0.11312864722048857,2023-10-31,60,2
2023-10,25,TGC,0.10822636221420429,2023-10-31,60,2
2023-11,1,ADH,0.8036580571860436,2023-11-30,60,2
2023-11,2,ADI,0.6088928670907271,2023-11-30,60,2
2023-11,3,RDS,0.4699640156315027,2023-11-30,60,2
2023-11,4,MIC,0.3948198471582781,2023-11-30,60,2
2023-11,5,AKT,0.3844578100109669,2023-11-30,60,2
2023-11,6,EQD,0.381533739093937,2023-11-30,60,2
2023-11,7,CMT,0.37909977236709297,2023-11-30,60,2
2023-11,8,HPS,0.3466892540065313,2023-11-30,60,2
2023-11,9,TGC,0.32924583926827056,2023-11-30,60,2
2023-11,10,TQM,0.2913508311221096,2023-11-30,60,2
2023-11,11,SID,0.2757609129874826,2023-11-30,60,2
2023-11,12,MNG,0.26849242583887734,2023-11-30,60,2
2023-11,13,SMI,0.26276419784990546,2023-11-30,60,2
2023-11,14,MOX,0.2435819602768469,2023-11-30,60,2
2023-11,15,RIS,0.2259844299378084,2023-11-30,60,2
2023-11,16,LES,0.22432515378903012,2023-11-30,60,2
2023-11,17,MUT,0.19039150475825267,2023-11-30,60,2
2023-11,18,LBV,0.1890720631607204,2023-11-30,60,2
2023-11,19,IAM,0.17393541311660277,2023-11-30,60,2
2023-11,20,IBC,0.16962359087304713,2023-11-30,60,2
2023-11,21,BOA,0.16813617088616525,2023-11-30,60,2
2023-11,22,BCP,0.1676580685328785,2023-11-30,60,2
2023-11,23,CIH,0.1377829008442848,2023-11-30,60,2
2023-11,24,CMA,0.11694176087596672,2023-11-30,60,2
2023-11,25,LHM,0.06320424737343544,2023-11-30,60,2
2023-12,1,SAH,0.5568146758236403,2023-12-29,60,2
2023-12,2,MIC,0.4605550635247197,2023-12-29,60,2
2023-12,3,MNG,0.4433450655239125,2023-12-29,60,2
2023-12,4,HPS,0.4363803461024731,2023-12-29,60,2
2023-12,5,JET,0.4317872549997394,2023-12-29,60,2
2023-12,6,SID,0.4036586571843764,2023-12-29,60,2
2023-12,7,EQD,0.3764999186579918,2023-12-29,60,2
2023-12,8,NEJ,0.32144699670830096,2023-12-29,60,2
2023-12,9,RIS,0.30617681477119985,2023-12-29,60,2
2023-12,10,CMT,0.28981867970766917,2023-12-29,60,2
2023-12,11,M2M,0.27410565247501506,2023-12-29,60,2
2023-12,12,TGC,0.23947270974744866,2023-12-29,60,2
2023-12,13,ADI,0.2392734222041516,2023-12-29,60,2
2023-12,14,TQM,0.23416381644845713,2023-12-29,60,2
2023-12,15,DHO,0.19975230885750467,2023-12-29,60,2
2023-12,16,S2M,0.18838234074173343,2023-12-29,60,2
2023-12,17,AKT,0.16888879673256188,2023-12-29,60,2
2023-12,18,BCI,0.1664455079946542,2023-12-29,60,2
2023-12,19,TMA,0.1611338557061775,2023-12-29,60,2
2023-12,20,ATL,0.15364705658259556,2023-12-29,60,2
2023-12,21,BOA,0.11777622706255941,2023-12-29,60,2
2023-12,22,CDM,0.1143677515137125,2023-12-29,60,2
2023-12,23,IMO,0.10426846908993348,2023-12-29,60,2
2023-12,24,MUT,0.1041777947508466,2023-12-29,60,2
2023-12,25,MOX,0.10001881019212686,2023-12-29,60,2
2024-01,1,ADI,1.0951844386061933,2024-01-31,66,2
2024-01,2,ADH,0.7361049569769864,2024-01-31,66,2
2024-01,3,JET,0.618795099660731,2024-01-31,66,2
2024-01,4,DYT,0.5523954816290847,2024-01-31,66,2
2024-01,5,RDS,0.5516669058602675,2024-01-31,66,2
2024-01,6,AKT,0.46336585033410144,2024-01-31,66,2
2024-01,7,EQD,0.4629370376394988,2024-01-31,66,2
2024-01,8,BCI,0.4574571672353597,2024-01-31,66,2
2024-01,9,TGC,0.4412686039138788,2024-01-31,66,2
2024-01,10,SMI,0.4329580301071367,2024-01-31,66,2
2024-01,11,CFG,0.3250866312708195,2024-01-31,66,2
2024-01,12,DWY,0.32301839388951836,2024-01-31,66,2
2024-01,13,MUT,0.30424748914496985,2024-01-31,66,2
2024-01,14,TMA,0.2923268431101277,2024-01-31,66,2
2024-01,15,SID,0.2849969951501759,2024-01-31,66,2
2024-01,16,RIS,0.2641639168478866,2024-01-31,66,2
2024-01,17,BOA,0.26251164592610293,2024-01-31,66,2
2024-01,18,CIH,0.21521405356502338,2024-01-31,66,2
2024-01,19,ARD,0.20079173924205396,2024-01-31,66,2
2024-01,20,ATL,0.11961782923214281,2024-01-31,66,2
2024-01,21,TQM,0.11670046223576876,2024-01-31,66,2
2024-01,22,MIC,0.11531316630508168,2024-01-31,66,2
2024-01,23,BCP,0.11475453291763899,2024-01-31,66,2
2024-01,24,LHM,0.06916314375834727,2024-01-31,66,2
2024-01,25,MNG,0.06356394552738476,2024-01-31,66,2
2024-02,1,RDS,1.1441273972259887,2024-02-29,66,2
2024-02,2,JET,0.9144114372261677,2024-02-29,66,2
2024-02,3,ADI,0.7781598412632421,2024-02-29,66,2
2024-02,4,AKT,0.5932318430955469,2024-02-29,66,2
2024-02,5,ADH,0.4746434492321352,2024-02-29,66,2
2024-02,6,TGC,0.4548108022752805,2024-02-29,66,2
2024-02,7,SID,0.44418653775891676,2024-02-29,66,2
2024-02,8,BCI,0.40833129615834174,2024-02-29,66,2
2024-02,9,IMO,0.3681137140627811,2024-02-29,66,2
2024-02,10,CFG,0.3637253587936163,2024-02-29,66,2
2024-02,11,SMI,0.3166464374887661,2024-02-29,66,2
2024-02,12,MUT,0.3027287911844863,2024-02-29,66,2
2024-02,13,CIH,0.2839210704214463,2024-02-29,66,2
2024-02,14,MNG,0.2801856550699586,2024-02-29,66,2
2024-02,15,BOA,0.26621852130021395,2024-02-29,66,2
2024-02,16,DYT,0.21319149806366416,2024-02-29,66,2
2024-02,17,ARD,0.20199506191305233,2024-02-29,66,2
2024-02,18,ATH,0.20103984633876704,2024-02-29,66,2
2024-02,19,IAM,0.1953353669756212,2024-02-29,66,2
2024-02,20,CMT,0.1879585773550988,2024-02-29,66,2
2024-02,21,TQM,0.17050804529257735,2024-02-29,66,2
2024-02,22,BCP,0.16198842074153566,2024-02-29,66,2
2024-02,23,SNP,0.14941349369393123,2024-02-29,66,2
2024-02,24,TMA,0.1477362608274542,2024-02-29,66,2
2024-02,25,RIS,0.1238078310077098,2024-02-29,66,2
2024-03,1,RDS,1.002895689051432,2024-03-29,66,2
2024-03,2,JET,0.9565546579962251,2024-03-29,66,2
2024-03,3,ADI,0.7024611133554455,2024-03-29,66,2
2024-03,4,DYT,0.6730311476546548,2024-03-29,66,2
2024-03,5,CDM,0.5909143167088545,2024-03-29,66,2
2024-03,6,TGC,0.5159126921404994,2024-03-29,66,2
2024-03,7,SMI,0.4948040361616797,2024-03-29,66,2
2024-03,8,SNP,0.4501996194560156,2024-03-29,66,2
2024-03,9,SID,0.4183692851972764,2024-03-29,66,2
2024-03,10,ADH,0.4146251507762697,2024-03-29,66,2
2024-03,11,AKT,0.3899400205118731,2024-03-29,66,2
2024-03,12,RIS,0.34804004741340067,2024-03-29,66,2
2024-03,13,EQD,0.3125852356907054,2024-03-29,66,2
2024-03,14,ARD,0.2601565903080352,2024-03-29,66,2
2024-03,15,BOA,0.20767755525738568,2024-03-29,66,2
2024-03,16,ATH,0.20564181761727823,2024-03-29,66,2
2024-03,17,CIH,0.19976249935405488,2024-03-29,66,2
2024-03,18,MUT,0.18636954745206302,2024-03-29,66,2
2024-03,19,CMT,0.18540390316323835,2024-03-29,66,2
2024-03,20,TMA,0.15468928733558895,2024-03-29,66,2
2024-03,21,ALM,0.13077880903098338,2024-03-29,66,2
2024-03,22,CFG,0.1049277533544927,2024-03-29,66,2
2024-03,23,S2M,0.07652829712595058,2024-03-29,66,2
2024-03,24,GAZ,0.06972647527220942,2024-03-29,66,2
2024-03,25,MNG,0.06939007600348171,2024-03-29,66,2
2024-04,1,JET,1.0497747019029646,2024-04-30,66,2
2024-04,2,ADI,0.8899436639252432,2024-04-30,66,2
2024-04,3,ADH,0.7199872510408326,2024-04-30,66,2
2024-04,4,DYT,0.6753221247209361,2024-04-30,66,2
2024-04,5,TGC,0.46451064688841115,2024-04-30,66,2
2024-04,6,AKT,0.4186634255328541,2024-04-30,66,2
2024-04,7,FBR,0.34903321259561654,2024-04-30,66,2
2024-04,8,RIS,0.34286253378450565,2024-04-30,66,2
2024-04,9,SMI,0.34265701880723004,2024-04-30,66,2
2024-04,10,ATH,0.32716748388261535,2024-04-30,66,2
2024-04,11,CMT,0.287808124232488,2024-04-30,66,2
2024-04,12,IMO,0.2746230852138259,2024-04-30,66,2
2024-04,13,BOA,0.267528396805488,2024-04-30,66,2
2024-04,14,BCI,0.25106035672296484,2024-04-30,66,2
2024-04,15,DHO,0.24304860609111206,2024-04-30,66,2
2024-04,16,CIH,0.23259332525443843,2024-04-30,66,2
2024-04,17,TMA,0.20835275010693027,2024-04-30,66,2
2024-04,18,MNG,0.2083443787984774,2024-04-30,66,2
2024-04,19,SNP,0.2079990580897384,2024-04-30,66,2
2024-04,20,ARD,0.18946671490060935,2024-04-30,66,2
2024-04,21,IAM,0.17915432508243306,2024-04-30,66,2
2024-04,22,MUT,0.17513224540969188,2024-04-30,66,2
2024-04,23,BCP,0.1387252672360793,2024-04-30,66,2
2024-04,24,SID,0.13556038262487985,2024-04-30,66,2
2024-04,25,TQM,0.11420606887924677,2024-04-30,66,2
2024-05,1,RDS,1.453370459744487,2024-05-31,66,2
2024-05,2,SMI,0.6012607445004768,2024-05-31,66,2
2024-05,3,ADI,0.5522332824884008,2024-05-31,66,2
2024-05,4,JET,0.5026873286980832,2024-05-31,66,2
2024-05,5,BCI,0.3880065905202181,2024-05-31,66,2
2024-05,6,MUT,0.36800675356305773,2024-05-31,66,2
2024-05,7,ADH,0.3521706982106271,2024-05-31,66,2
2024-05,8,CMT,0.3138915305838865,2024-05-31,66,2
2024-05,9,EQD,0.30039930360631345,2024-05-31,66,2
2024-05,10,BOA,0.294845938865355,2024-05-31,66,2
2024-05,11,SID,0.2922996122660584,2024-05-31,66,2
2024-05,12,CFG,0.2670089170103232,2024-05-31,66,2
2024-05,13,CIH,0.2649197315002536,2024-05-31,66,2
2024-05,14,CRS,0.24917020096071457,2024-05-31,66,2
2024-05,15,ATH,0.24744154764056508,2024-05-31,66,2
2024-05,16,SLF,0.23908470641711244,2024-05-31,66,2
2024-05,17,MNG,0.23797836620957763,2024-05-31,66,2
2024-05,18,DHO,0.2092935136424824,2024-05-31,66,2
2024-05,19,COL,0.2091150322282908,2024-05-31,66,2
2024-05,20,AKT,0.17084313199138906,2024-05-31,66,2
2024-05,21,TQM,0.16170242829148207,2024-05-31,66,2
2024-05,22,DYT,0.1604563013546639,2024-05-31,66,2
2024-05,23,LBV,0.15631309594383996,2024-05-31,66,2
2024-05,24,BCP,0.14725146650329218,2024-05-31,66,2
2024-05,25,ATW,0.12531071203459299,2024-05-31,66,2
2024-06,1,RDS,1.4414298641882384,2024-06-28,66,2
2024-06,2,JET,0.7241287696235367,2024-06-28,66,2
2024-06,3,ADH,0.469662763204972,2024-06-28,66,2
2024-06,4,ADI,0.4173008150908084,2024-06-28,66,2
2024-06,5,AKT,0.3874290135872845,2024-06-28,66,2
2024-06,6,CFG,0.3424232210128677,2024-06-28,66,2
2024-06,7,DHO,0.3346656630562549,2024-06-28,66,2
2024-06,8,CIH,0.3206674411130904,2024-06-28,66,2
2024-06,9,SID,0.3038327211824245,2024-06-28,66,2
2024-06,10,MUT,0.2979140958530558,2024-06-28,66,2
2024-06,11,CMT,0.2952044474766564,2024-06-28,66,2
2024-06,12,MNG,0.28049863143946274,2024-06-28,66,2
2024-06,13,ARD,0.27925442628529046,2024-06-28,66,2
2024-06,14,DYT,0.26963737564007956,2024-06-28,66,2
2024-06,15,EQD,0.26858425703589794,2024-06-28,66,2
2024-06,16,SLF,0.24250368463675842,2024-06-28,66,2
2024-06,17,BCI,0.23791453417144087,2024-06-28,66,2
2024-06,18,BOA,0.2208333104224447,2024-06-28,66,2
2024-06,19,LES,0.18066384017629045,2024-06-28,66,2
2024-06,20,LBV,0.16532192664653073,2024-06-28,66,2
2024-06,21,BCP,0.16310889246987442,2024-06-28,66,2
2024-06,22,IAM,0.1484848985888258,2024-06-28,66,2
2024-06,23,IBC,0.1428545395174067,2024-06-28,66,2
2024-06,24,TQM,0.13693930093458784,2024-06-28,66,2
2024-06,25,FBR,0.11464118669764292,2024-06-28,66,2
2024-07,1,RDS,1.5765963195050743,2024-07-31,72,2
2024-07,2,JET,0.7368763272087382,2024-07-31,72,2
2024-07,3,ADH,0.7036271608892753,2024-07-31,72,2
2024-07,4,ADI,0.608577095562188,2024-07-31,72,2
2024-07,5,CMT,0.5985725597443139,2024-07-31,72,2
2024-07,6,AKT,0.5889673659009658,2024-07-31,72,2
2024-07,7,IMO,0.5735621698152333,2024-07-31,72,2
2024-07,8,CFG,0.5518367594231115,2024-07-31,72,2
2024-07,9,MUT,0.47176817846835556,2024-07-31,72,2
2024-07,10,ARD,0.44194857232695434,2024-07-31,72,2
2024-07,11,SID,0.4214765191228368,2024-07-31,72,2
2024-07,12,DHO,0.4148810192938755,2024-07-31,72,2
2024-07,13,CIH,0.4077036748655069,2024-07-31,72,2
2024-07,14,BCI,0.38018150066303247,2024-07-31,72,2
2024-07,15,HPS,0.373898684264409,2024-07-31,72,2
2024-07,16,ATH,0.37171750984602775,2024-07-31,72,2
2024-07,17,TGC,0.3038822061239026,2024-07-31,72,2
2024-07,18,BOA,0.27689822989473567,2024-07-31,72,2
2024-07,19,MNG,0.24503959913951875,2024-07-31,72,2
2024-07,20,IAM,0.21993077554967755,2024-07-31,72,2
2024-07,21,CRS,0.21887533996447833,2024-07-31,72,2
2024-07,22,S2M,0.19742889747128764,2024-07-31,72,2
2024-07,23,ALM,0.18894532451020107,2024-07-31,72,2
2024-07,24,ATL,0.17345941162078624,2024-07-31,72,2
2024-07,25,TQM,0.15039677921919647,2024-07-31,72,2
2024-08,1,RDS,1.1403337505517248,2024-08-30,72,2
2024-08,2,MDP,0.7117423065730356,2024-08-30,72,2
2024-08,3,JET,0.6663801684384033,2024-08-30,72,2
2024-08,4,ADH,0.5631880159798136,2024-08-30,72,2
2024-08,5,ADI,0.4820709090356769,2024-08-30,72,2
2024-08,6,ATH,0.4764852884417429,2024-08-30,72,2
2024-08,7,BCI,0.46824850501379217,2024-08-30,72,2
2024-08,8,IMO,0.4550137168239419,2024-08-30,72,2
2024-08,9,MUT,0.43173606640162815,2024-08-30,72,2
2024-08,10,SRM,0.40367304086806927,2024-08-30,72,2
2024-08,11,ARD,0.39199318557518176,2024-08-30,72,2
2024-08,12,AKT,0.36715269865766054,2024-08-30,72,2
2024-08,13,CIH,0.3668057649163318,2024-08-30,72,2
2024-08,14,DHO,0.34725845365505437,2024-08-30,72,2
2024-08,15,BOA,0.334870111969341,2024-08-30,72,2
2024-08,16,SID,0.32547200463806714,2024-08-30,72,2
2024-08,17,ATL,0.2823701211460403,2024-08-30,72,2
2024-08,18,SMI,0.2711566239438171,2024-08-30,72,2
2024-08,19,CRS,0.2658833257393217,2024-08-30,72,2
2024-08,20,MNG,0.26320864697250645,2024-08-30,72,2
2024-08,21,TGC,0.25527199258378086,2024-08-30,72,2
2024-08,22,INV,0.22374469958262372,2024-08-30,72,2
2024-08,23,SNP,0.1731199255729191,2024-08-30,72,2
2024-08,24,AFI,0.17150730156466817,2024-08-30,72,2
2024-08,25,CFG,0.1639523253189637,2024-08-30,72,2
2024-09,1,SRM,1.148293570740635,2024-09-30,72,2
2024-09,2,ADI,1.037459302794327,2024-09-30,72,2
2024-09,3,ATH,0.9271542464213328,2024-09-30,72,2
2024-09,4,DYT,0.7840194379560821,2024-09-30,72,2
2024-09,5,RDS,0.707667722278393,2024-09-30,72,2
2024-09,6,JET,0.6199530088438272,2024-09-30,72,2
2024-09,7,ALM,0.6193628750999884,2024-09-30,72,2
2024-09,8,MUT,0.5184782970281825,2024-09-30,72,2
2024-09,9,IMO,0.47115413000848205,2024-09-30,72,2
2024-09,10,ARD,0.4549879378527497,2024-09-30,72,2
2024-09,11,REB,0.4113396361493438,2024-09-30,72,2
2024-09,12,NKL,0.3847179075278441,2024-09-30,72,2
2024-09,13,SNP,0.3762631412158109,2024-09-30,72,2
2024-09,14,SID,0.3593812683125509,2024-09-30,72,2
2024-09,15,MDP,0.31569142865710553,2024-09-30,72,2
2024-09,16,ADH,0.28637265491962527,2024-09-30,72,2
2024-09,17,BCI,0.274930069106995,2024-09-30,72,2
2024-09,18,DHO,0.2515441892611312,2024-09-30,72,2
2024-09,19,BOA,0.22522279146222615,2024-09-30,72,2
2024-09,20,TMA,0.21608129109410645,2024-09-30,72,2
2024-09,21,CSR,0.1943489650548254,2024-09-30,72,2
2024-09,22,CIH,0.19187740574100712,2024-09-30,72,2
2024-09,23,FBR,0.18590977859206592,2024-09-30,72,2
2024-09,24,DRI,0.17866601143980426,2024-09-30,72,2
2024-09,25,ATL,0.1702672802928433,2024-09-30,72,2
2024-10,1,JET,1.215252640857838,2024-10-31,72,2
2024-10,2,SRM,1.0216574890502956,2024-10-31,72,2
2024-10,3,ADI,0.9952683266256722,2024-10-31,72,2
2024-10,4,ATH,0.7747991819171811,2024-10-31,72,2
2024-10,5,ALM,0.7222102869659768,2024-10-31,72,2
2024-10,6,RDS,0.6676571336785915,2024-10-31,72,2
2024-10,7,MUT,0.5757608617928887,2024-10-31,72,2
2024-10,8,ARD,0.5010118706180945,2024-10-31,72,2
2024-10,9,BOA,0.35893717991927043,2024-10-31,72,2
2024-10,10,SID,0.3300459650649037,2024-10-31,72,2
2024-10,11,CIH,0.3202711186317686,2024-10-31,72,2
2024-10,12,DYT,0.3000009900216819,2024-10-31,72,2
2024-10,13,BCI,0.29352440329920115,2024-10-31,72,2
2024-10,14,SNP,0.2367591758904563,2024-10-31,72,2
2024-10,15,MNG,0.1993647620784838,2024-10-31,72,2
2024-10,16,AFI,0.19317062105778532,2024-10-31,72,2
2024-10,17,HPS,0.18784230821748965,2024-10-31,72,2
2024-10,18,CSR,0.17580370127112743,2024-10-31,72,2
2024-10,19,INV,0.1536527834268258,2024-10-31,72,2
2024-10,20,ADH,0.14899876062837736,2024-10-31,72,2
2024-10,21,SMI,0.14488186570913575,2024-10-31,72,2
2024-10,22,CRS,0.1444125800473779,2024-10-31,72,2
2024-10,23,DHO,0.14196789765723078,2024-10-31,72,2
2024-10,24,GAZ,0.1407778701289228,2024-10-31,72,2
2024-10,25,IMO,0.14041890539618865,2024-10-31,72,2
2024-11,1,SRM,1.3469019213544717,2024-11-29,72,2
2024-11,2,ADI,1.0167156186331159,2024-11-29,72,2
2024-11,3,ALM,0.7322353025359918,2024-11-29,72,2
2024-11,4,JET,0.618037116305151,2024-11-29,72,2
2024-11,5,ATH,0.5819307994927916,2024-11-29,72,2
2024-11,6,ARD,0.547795304661069,2024-11-29,72,2
2024-11,7,S2M,0.5267099865600622,2024-11-29,72,2
2024-11,8,IMO,0.4490656292336018,2024-11-29,72,2
2024-11,9,SNP,0.4403215640535986,2024-11-29,72,2
2024-11,10,SID,0.37613538279638226,2024-11-29,72,2
2024-11,11,MUT,0.3543239729282801,2024-11-29,72,2
2024-11,12,AFI,0.3055872237525049,2024-11-29,72,2
2024-11,13,DWY,0.30242354098675384,2024-11-29,72,2
2024-11,14,DYT,0.2995043598369245,2024-11-29,72,2
2024-11,15,CIH,0.2965817332248887,2024-11-29,72,2
2024-11,16,BCI,0.2958131614627215,2024-11-29,72,2
2024-11,17,CDM,0.29249978573863344,2024-11-29,72,2
2024-11,18,ADH,0.2896770598652474,2024-11-29,72,2
2024-11,19,CFG,0.28679281163872716,2024-11-29,72,2
2024-11,20,BOA,0.2479506380366426,2024-11-29,72,2
2024-11,21,RIS,0.2383649067799827,2024-11-29,72,2
2024-11,22,SOT,0.1793424244441189,2024-11-29,72,2
2024-11,23,RDS,0.17047620521952556,2024-11-29,72,2
2024-11,24,GAZ,0.15477378002101128,2024-11-29,72,2
2024-11,25,CSR,0.13168345661850417,2024-11-29,72,2
2024-12,1,ADI,1.153234102437362,2024-12-31,72,2
2024-12,2,JET,0.8480353112418713,2024-12-31,72,2
2024-12,3,RDS,0.7708137299405027,2024-12-31,72,2
2024-12,4,ALM,0.715393339698263,2024-12-31,72,2
2024-12,5,SNP,0.6719517956334715,2024-12-31,72,2
2024-12,6,CTM,0.6566641512995912,2024-12-31,72,2
2024-12,7,SRM,0.5747759674111408,2024-12-31,72,2
2024-12,8,IMO,0.5607936135795492,2024-12-31,72,2
2024-12,9,ARD,0.5179642112418319,2024-12-31,72,2
2024-12,10,RIS,0.5168055930937261,2024-12-31,72,2
2024-12,11,BCI,0.43882416133403074,2024-12-31,72,2
2024-12,12,DYT,0.4371955076831368,2024-12-31,72,2
2024-12,13,HPS,0.41228613575935863,2024-12-31,72,2
2024-12,14,SID,0.3820922324355438,2024-12-31,72,2
2024-12,15,CMT,0.3729414070967714,2024-12-31,72,2
2024-12,16,MUT,0.37017576446842704,2024-12-31,72,2
2024-12,17,REB,0.342589704253626,2024-12-31,72,2
2024-12,18,AFI,0.30687573692339254,2024-12-31,72,2
2024-12,19,CIH,0.26722354549860516,2024-12-31,72,2
2024-12,20,ADH,0.25496116013208237,2024-12-31,72,2
2024-12,21,IBC,0.25164397950749906,2024-12-31,72,2
2024-12,22,CFG,0.23745985377820367,2024-12-31,72,2
2024-12,23,ATH,0.2274887344031782,2024-12-31,72,2
2024-12,24,LES,0.2200250756108253,2024-12-31,72,2
2024-12,25,CDM,0.20869979191945523,2024-12-31,72,2
2025-01,1,RDS,1.025775509651746,2025-01-31,78,2
2025-01,2,JET,1.0243492489215513,2025-01-31,78,2
2025-01,3,ADI,0.943725708668646,2025-01-31,78,2
2025-01,4,DYT,0.8663557600170013,2025-01-31,78,2
2025-01,5,S2M,0.8329035991343826,2025-01-31,78,2
2025-01,6,SRM,0.77734578457387,2025-01-31,78,2
2025-01,7,MOX,0.6547447273048516,2025-01-31,78,2
2025-01,8,DHO,0.5831170777664628,2025-01-31,78,2
2025-01,9,CMG,0.5654515545105889,2025-01-31,78,2
2025-01,10,ADH,0.5218244043736536,2025-01-31,78,2
2025-01,11,CTM,0.4910962817426257,2025-01-31,78,2
2025-01,12,SID,0.4746018409595054,2025-01-31,78,2
2025-01,13,RIS,0.3938013434291404,2025-01-31,78,2
2025-01,14,CMT,0.372106772263911,2025-01-31,78,2
2025-01,15,ATH,0.36242136849161866,2025-01-31,78,2
2025-01,16,MUT,0.32629864086290306,2025-01-31,78,2
2025-01,17,ATL,0.3104571318451826,2025-01-31,78,2
2025-01,18,CFG,0.2807345176161053,2025-01-31,78,2
2025-01,19,SNP,0.27223730175728394,2025-01-31,78,2
2025-01,20,CDM,0.26128113011739584,2025-01-31,78,2
2025-01,21,DWY,0.24732170381499743,2025-01-31,78,2
2025-01,22,CIH,0.2302270453136241,2025-01-31,78,2
2025-01,23,BCI,0.2124952589606661,2025-01-31,78,2
2025-01,24,SMI,0.20359937785751933,2025-01-31,78,2
2025-01,25,FBR,0.19495872298058292,2025-01-31,78,2
2025-02,1,FBR,1.4346540869943945,2025-02-28,78,2
2025-02,2,S2M,1.1583504297696903,2025-02-28,78,2
2025-02,3,JET,1.1248158168884084,2025-02-28,78,2
2025-02,4,ADI,0.947668661755238,2025-02-28,78,2
2025-02,5,SID,0.839262402997489,2025-02-28,78,2
2025-02,6,ATH,0.5932085760020102,2025-02-28,78,2
2025-02,7,RDS,0.5741980702385595,2025-02-28,78,2
2025-02,8,MOX,0.4770175390868199,2025-02-28,78,2
2025-02,9,TGC,0.43630695667328057,2025-02-28,78,2
2025-02,10,IBC,0.39038695043699734,2025-02-28,78,2
2025-02,11,MNG,0.38570873719375565,2025-02-28,78,2
2025-02,12,SLF,0.38111465226096464,2025-02-28,78,2
2025-02,13,RIS,0.3215081353651934,2025-02-28,78,2
2025-02,14,ADH,0.2846346438176142,2025-02-28,78,2
2025-02,15,CMG,0.2746059375898912,2025-02-28,78,2
2025-02,16,ALM,0.22879581263008295,2025-02-28,78,2
2025-02,17,DHO,0.20612469789510837,2025-02-28,78,2
2025-02,18,CMT,0.19419102398009375,2025-02-28,78,2
2025-02,19,MUT,0.18952418993138387,2025-02-28,78,2
2025-02,20,ARD,0.18240763023103948,2025-02-28,78,2
2025-02,21,GAZ,0.17421742177583163,2025-02-28,78,2
2025-02,22,ATL,0.16132913831999665,2025-02-28,78,2
2025-02,23,IMO,0.15595262858181905,2025-02-28,78,2
2025-02,24,MSA,0.1558375321288579,2025-02-28,78,2
2025-02,25,SOT,0.15400180211632913,2025-02-28,78,2
2025-03,1,FBR,2.03177479260925,2025-03-28,78,2
2025-03,2,SID,0.974630710684214,2025-03-28,78,2
2025-03,3,JET,0.7919493554843369,2025-03-28,78,2
2025-03,4,ALM,0.696793228797672,2025-03-28,78,2
2025-03,5,DYT,0.6691820681773762,2025-03-28,78,2
2025-03,6,ADI,0.6540333773138571,2025-03-28,78,2
2025-03,7,DHO,0.5800861110320696,2025-03-28,78,2
2025-03,8,MNG,0.5649816822361504,2025-03-28,78,2
2025-03,9,ADH,0.4622438561409063,2025-03-28,78,2
2025-03,10,SLF,0.45561087711556275,2025-03-28,78,2
2025-03,11,TQM,0.414116859472827,2025-03-28,78,2
2025-03,12,ATH,0.36140675768977626,2025-03-28,78,2
2025-03,13,DWY,0.3386636291092519,2025-03-28,78,2
2025-03,14,AFI,0.32927151189216747,2025-03-28,78,2
2025-03,15,CMG,0.314627526964694,2025-03-28,78,2
2025-03,16,RIS,0.31055203846994683,2025-03-28,78,2
2025-03,17,MIC,0.30200159930682696,2025-03-28,78,2
2025-03,18,CDM,0.2829661701818318,2025-03-28,78,2
2025-03,19,CMT,0.27071678571650215,2025-03-28,78,2
2025-03,20,SMI,0.26851714159297807,2025-03-28,78,2
2025-03,21,EQD,0.23248014582686818,2025-03-28,78,2
2025-03,22,MOX,0.2191943919670519,2025-03-28,78,2
2025-03,23,CSR,0.194652572079768,2025-03-28,78,2
2025-03,24,ARD,0.18653548670087247,2025-03-28,78,2
2025-03,25,TMA,0.18135348234405202,2025-03-28,78,2
2025-04,1,S2M,1.7082075262887466,2025-04-30,78,2
2025-04,2,FBR,1.109017566097077,2025-04-30,78,2
2025-04,3,SRM,0.9978878613323234,2025-04-30,78,2
2025-04,4,SID,0.7748874229980204,2025-04-30,78,2
2025-04,5,DYT,0.6788115818238865,2025-04-30,78,2
2025-04,6,ADI,0.5978590472968155,2025-04-30,78,2
2025-04,7,JET,0.5341856368104372,2025-04-30,78,2
2025-04,8,ATH,0.3563781942274799,2025-04-30,78,2
2025-04,9,TQM,0.3329915432863126,2025-04-30,78,2
2025-04,10,DHO,0.31576473522573845,2025-04-30,78,2
2025-04,11,MNG,0.29159033704439835,2025-04-30,78,2
2025-04,12,AKT,0.2420710158398602,2025-04-30,78,2
2025-04,13,RDS,0.22778820469529606,2025-04-30,78,2
2025-04,14,MUT,0.22176566745153029,2025-04-30,78,2
2025-04,15,ALM,0.21894451241210985,2025-04-30,78,2
2025-04,16,SNP,0.2051755159172605,2025-04-30,78,2
2025-04,17,RIS,0.1885968196394057,2025-04-30,78,2
2025-04,18,TGC,0.17688917472572535,2025-04-30,78,2
2025-04,19,CMT,0.1665156674180338,2025-04-30,78,2
2025-04,20,SMI,0.15326987188228433,2025-04-30,78,2
2025-04,21,ARD,0.14797520583923124,2025-04-30,78,2
2025-04,22,SOT,0.14731740829396406,2025-04-30,78,2
2025-04,23,CSR,0.14445315774629935,2025-04-30,78,2
2025-04,24,BOA,0.13280500090210884,2025-04-30,78,2
2025-04,25,IMO,0.11918454200690035,2025-04-30,78,2
2025-05,1,FBR,1.1152252661984479,2025-05-30,78,2
2025-05,2,SID,0.9120313034418875,2025-05-30,78,2
2025-05,3,JET,0.72566769509396,2025-05-30,78,2
2025-05,4,S2M,0.7041069456003055,2025-05-30,78,2
2025-05,5,TQM,0.6734957917460586,2025-05-30,78,2
2025-05,6,DHO,0.6252226084074692,2025-05-30,78,2
2025-05,7,ADI,0.5574123352994326,2025-05-30,78,2
2025-05,8,CMG,0.5290783765005264,2025-05-30,78,2
2025-05,9,SOT,0.4608887701626248,2025-05-30,78,2
2025-05,10,ATH,0.3934731559896937,2025-05-30,78,2
2025-05,11,RIS,0.3902072492177567,2025-05-30,78,2
2025-05,12,SNP,0.35084003554858706,2025-05-30,78,2
2025-05,13,TGC,0.33892461572909893,2025-05-30,78,2
2025-05,14,MIC,0.32501779353604854,2025-05-30,78,2
2025-05,15,MNG,0.2926529429514499,2025-05-30,78,2
2025-05,16,LBV,0.24419468916812828,2025-05-30,78,2
2025-05,17,DWY,0.23840148144519144,2025-05-30,78,2
2025-05,18,MUT,0.21717118341319622,2025-05-30,78,2
2025-05,19,CFG,0.19904502080495753,2025-05-30,78,2
2025-05,20,ADH,0.1980022758011767,2025-05-30,78,2
2025-05,21,CMT,0.1960793284940011,2025-05-30,78,2
2025-05,22,EQD,0.17433195222377684,2025-05-30,78,2
2025-05,23,BOA,0.1649519865522062,2025-05-30,78,2
2025-05,24,AKT,0.14754033532512878,2025-05-30,78,2
2025-05,25,CDM,0.14395639460662576,2025-05-30,78,2
2025-06,1,FBR,1.2677782740212784,2025-06-30,78,2
2025-06,2,INV,0.9718188619591673,2025-06-30,78,2
2025-06,3,S2M,0.8430939888363822,2025-06-30,78,2
2025-06,4,SRM,0.6953628096938901,2025-06-30,78,2
2025-06,5,AFI,0.6469222921124355,2025-06-30,78,2
2025-06,6,SID,0.5850367236017937,2025-06-30,78,2
2025-06,7,ADI,0.5218945456070186,2025-06-30,78,2
2025-06,8,JET,0.5032694880993965,2025-06-30,78,2
2025-06,9,ATH,0.37164611911439316,2025-06-30,78,2
2025-06,10,CMT,0.3689567321197241,2025-06-30,78,2
2025-06,11,MDP,0.3155237663064746,2025-06-30,78,2
2025-06,12,IBC,0.29907012377499725,2025-06-30,78,2
2025-06,13,DHO,0.2584073316211837,2025-06-30,78,2
2025-06,14,CTM,0.21300855685061146,2025-06-30,78,2
2025-06,15,MUT,0.2010870385991095,2025-06-30,78,2
2025-06,16,TQM,0.19333983793104523,2025-06-30,78,2
2025-06,17,RIS,0.18752413024925627,2025-06-30,78,2
2025-06,18,SNP,0.1664852981122436,2025-06-30,78,2
2025-06,19,BCI,0.1659114605025392,2025-06-30,78,2
2025-06,20,EQD,0.14713906629686138,2025-06-30,78,2
2025-06,21,AKT,0.13741704559810214,2025-06-30,78,2
2025-06,22,MNG,0.13016782225420945,2025-06-30,78,2
2025-06,23,SOT,0.11358143941603072,2025-06-30,78,2
2025-06,24,ARD,0.11334215523811964,2025-06-30,78,2
2025-06,25,ATL,0.11148636357755903,2025-06-30,78,2
