mois,rang,titre,score,date_cours,fold_id
2018-07,1,DRI,0.5344130800239278,2018-07-31,0
2018-07,2,SID,0.4941968366767914,2018-07-31,0
2018-07,3,JET,0.4226805805505286,2018-07-31,0
2018-07,4,INV,0.3968004313929653,2018-07-31,0
2018-07,5,MDP,0.39455555700466843,2018-07-31,0
2018-07,6,LBV,0.38198238092774695,2018-07-31,0
2018-07,7,EQD,0.34315534876602766,2018-07-31,0
2018-07,8,DWY,0.33109393813068755,2018-07-31,0
2018-07,9,S2M,0.3201997836485408,2018-07-31,0
2018-07,10,CTM,0.30064011403967306,2018-07-31,0
2018-07,11,MIC,0.2993763514434709,2018-07-31,0
2018-07,12,M2M,0.29813864591184736,2018-07-31,0
2018-07,13,COL,0.2904619159066489,2018-07-31,0
2018-07,14,RIS,0.27902063109226016,2018-07-31,0
2018-07,15,TQM,0.2739198860728538,2018-07-31,0
2018-07,16,MOX,0.27308725331303063,2018-07-31,0
2018-07,17,SRM,0.27233296930212225,2018-07-31,0
2018-07,18,ALM,0.26460202295304636,2018-07-31,0
2018-07,19,HPS,0.2619742011949834,2018-07-31,0
2018-07,20,SOT,0.23825409634222156,2018-07-31,0
2018-07,21,CIH,0.23692363585431853,2018-07-31,0
2018-07,22,RDS,0.23087882874767393,2018-07-31,0
2018-07,23,FBR,0.2303739401178585,2018-07-31,0
2018-07,24,ATL,0.21899580560928833,2018-07-31,0
2018-07,25,IMO,0.20525444636113568,2018-07-31,0
2018-08,1,GAZ,0.555751331224286,2018-08-31,0
2018-08,2,EQD,0.546491447236722,2018-08-31,0
2018-08,3,MIC,0.4672281630238948,2018-08-31,0
2018-08,4,SID,0.41355845155725957,2018-08-31,0
2018-08,5,MOX,0.3338446895164663,2018-08-31,0
2018-08,6,DRI,0.3154392320321699,2018-08-31,0
2018-08,7,JET,0.3152613247589211,2018-08-31,0
2018-08,8,HPS,0.30728308670345805,2018-08-31,0
2018-08,9,LBV,0.30697853693787747,2018-08-31,0
2018-08,10,SRM,0.2727629173955308,2018-08-31,0
2018-08,11,INV,0.2671566554653606,2018-08-31,0
2018-08,12,MDP,0.2613226284622398,2018-08-31,0
2018-08,13,DWY,0.2544196077635965,2018-08-31,0
2018-08,14,IBC,0.24830385582514167,2018-08-31,0
2018-08,15,CTM,0.2469717901695102,2018-08-31,0
2018-08,16,IMO,0.23951378603657256,2018-08-31,0
2018-08,17,CIH,0.23604227782507972,2018-08-31,0
2018-08,18,ATL,0.23549971045833532,2018-08-31,0
2018-08,19,M2M,0.2296276588754699,2018-08-31,0
2018-08,20,SLF,0.22110441339425374,2018-08-31,0
2018-08,21,SBM,0.2119716473066728,2018-08-31,0
2018-08,22,COL,0.21129509991793508,2018-08-31,0
2018-08,23,S2M,0.21028165733914228,2018-08-31,0
2018-08,24,BCI,0.19457257301676356,2018-08-31,0
2018-08,25,FBR,0.1945706663080502,2018-08-31,0
2018-09,1,CIH,0.3846842059404175,2018-09-28,0
2018-09,2,ALM,0.3693368225179329,2018-09-28,0
2018-09,3,DWY,0.36206104753848534,2018-09-28,0
2018-09,4,REB,0.351334159371512,2018-09-28,0
2018-09,5,CTM,0.34225495419458674,2018-09-28,0
2018-09,6,MDP,0.34055997847372477,2018-09-28,0
2018-09,7,M2M,0.3277288385365861,2018-09-28,0
2018-09,8,MOX,0.3275241753689313,2018-09-28,0
2018-09,9,SID,0.31539395233102363,2018-09-28,0
2018-09,10,S2M,0.2982459818291,2018-09-28,0
2018-09,11,EQD,0.29694563696850473,2018-09-28,0
2018-09,12,MIC,0.29573262901225195,2018-09-28,0
2018-09,13,RIS,0.2851242644383455,2018-09-28,0
2018-09,14,LBV,0.2773309978648324,2018-09-28,0
2018-09,15,GAZ,0.27512099916168875,2018-09-28,0
2018-09,16,UMR,0.24571524615527318,2018-09-28,0
2018-09,17,SLF,0.23164548349138978,2018-09-28,0
2018-09,18,SOT,0.22858093829129972,2018-09-28,0
2018-09,19,IMO,0.22748640898191227,2018-09-28,0
2018-09,20,ATW,0.2201365280209709,2018-09-28,0
2018-09,21,MSA,0.1868437064195213,2018-09-28,0
2018-09,22,PRO,0.18395785724667527,2018-09-28,0
2018-09,23,IAM,0.18054477895602386,2018-09-28,0
2018-09,24,SBM,0.1620922717272779,2018-09-28,0
2018-09,25,BCP,0.15179104623229275,2018-09-28,0
2018-10,1,IMO,0.7188736637676055,2018-10-31,0
2018-10,2,SRM,0.6875885187030151,2018-10-31,0
2018-10,3,RIS,0.6544838890658249,2018-10-31,0
2018-10,4,OUL,0.43989296513659026,2018-10-31,0
2018-10,5,MIC,0.3946362879349813,2018-10-31,0
2018-10,6,INV,0.31614939438644074,2018-10-31,0
2018-10,7,AFM,0.3139244775991985,2018-10-31,0
2018-10,8,GAZ,0.26485884091023226,2018-10-31,0
2018-10,9,M2M,0.24412152569038897,2018-10-31,0
2018-10,10,S2M,0.2370118583534388,2018-10-31,0
2018-10,11,MSA,0.23191952515454653,2018-10-31,0
2018-10,12,TMA,0.21707722731349463,2018-10-31,0
2018-10,13,HPS,0.2132473468565567,2018-10-31,0
2018-10,14,IAM,0.19816657771395413,2018-10-31,0
2018-10,15,FBR,0.19285643885661638,2018-10-31,0
2018-10,16,ATW,0.1728160429520594,2018-10-31,0
2018-10,17,ATL,0.17272116344727942,2018-10-31,0
2018-10,18,CMT,0.16848843050733542,2018-10-31,0
2018-10,19,SID,0.1566245729421113,2018-10-31,0
2018-10,20,MDP,0.1534021944273496,2018-10-31,0
2018-10,21,DHO,0.15142783029537532,2018-10-31,0
2018-10,22,JET,0.13727391944936432,2018-10-31,0
2018-10,23,DWY,0.12925343040161127,2018-10-31,0
2018-10,24,CTM,0.12351312728074343,2018-10-31,0
2018-10,25,CSR,0.12226118115984916,2018-10-31,0
2018-11,1,SRM,0.7051405843763552,2018-11-30,0
2018-11,2,IMO,0.6545730119920811,2018-11-30,0
2018-11,3,RIS,0.6516352031360892,2018-11-30,0
2018-11,4,HPS,0.37913113559966394,2018-11-30,0
2018-11,5,MIC,0.369209389600177,2018-11-30,0
2018-11,6,SOT,0.3585100284415673,2018-11-30,0
2018-11,7,AFM,0.3274650883836853,2018-11-30,0
2018-11,8,JET,0.32273680966888085,2018-11-30,0
2018-11,9,INV,0.3122820907695626,2018-11-30,0
2018-11,10,TMA,0.2871027821397566,2018-11-30,0
2018-11,11,M2M,0.2780085682348752,2018-11-30,0
2018-11,12,GAZ,0.26349579044948535,2018-11-30,0
2018-11,13,CMT,0.2577849574767642,2018-11-30,0
2018-11,14,S2M,0.25136102971035434,2018-11-30,0
2018-11,15,SBM,0.2204774994983176,2018-11-30,0
2018-11,16,DHO,0.2121239005973694,2018-11-30,0
2018-11,17,DRI,0.19814874927200435,2018-11-30,0
2018-11,18,ALM,0.19543340729785585,2018-11-30,0
2018-11,19,MDP,0.19462859404259247,2018-11-30,0
2018-11,20,IAM,0.19171351825914945,2018-11-30,0
2018-11,21,SNP,0.19008701392963617,2018-11-30,0
2018-11,22,DWY,0.1896278741337081,2018-11-30,0
2018-11,23,MSA,0.1547913330771173,2018-11-30,0
2018-11,24,CSR,0.14766993701225606,2018-11-30,0
2018-11,25,CTM,0.13070643376435967,2018-11-30,0
2018-12,1,OUL,0.6996908306345664,2018-12-31,0
2018-12,2,IMO,0.6441848216728276,2018-12-31,0
2018-12,3,RIS,0.6212602934416257,2018-12-31,0
2018-12,4,TMA,0.3824208373351795,2018-12-31,0
2018-12,5,UMR,0.3760068967804032,2018-12-31,0
2018-12,6,INV,0.35564562782163645,2018-12-31,0
2018-12,7,SOT,0.3414914522046797,2018-12-31,0
2018-12,8,HPS,0.3310364485393148,2018-12-31,0
2018-12,9,AFM,0.3125833355750811,2018-12-31,0
2018-12,10,CMT,0.2942069279159556,2018-12-31,0
2018-12,11,JET,0.2792446178310255,2018-12-31,0
2018-12,12,CTM,0.24946667065007838,2018-12-31,0
2018-12,13,IAM,0.2259751135859383,2018-12-31,0
2018-12,14,CIH,0.22447584341667579,2018-12-31,0
2018-12,15,CSR,0.22000314430118365,2018-12-31,0
2018-12,16,ATL,0.20431422939058155,2018-12-31,0
2018-12,17,NEJ,0.18505589912763537,2018-12-31,0
2018-12,18,M2M,0.17476874418707988,2018-12-31,0
2018-12,19,MDP,0.17333218984439772,2018-12-31,0
2018-12,20,LBV,0.16624924366443514,2018-12-31,0
2018-12,21,MSA,0.1660326860229796,2018-12-31,0
2018-12,22,S2M,0.13572843572886079,2018-12-31,0
2018-12,23,ATW,0.11564189706063109,2018-12-31,0
2018-12,24,BCP,0.10282988043124763,2018-12-31,0
2018-12,25,DHO,0.10116622498424946,2018-12-31,0
2019-01,1,SRM,0.935409364342567,2019-01-31,6
2019-01,2,RIS,0.670566991180864,2019-01-31,6
2019-01,3,IMO,0.5725915931963177,2019-01-31,6
2019-01,4,OUL,0.5654106355881863,2019-01-31,6
2019-01,5,SOT,0.44910990955445707,2019-01-31,6
2019-01,6,MUT,0.38266825800697435,2019-01-31,6
2019-01,7,MOX,0.3558462058053883,2019-01-31,6
2019-01,8,LHM,0.347187968881288,2019-01-31,6
2019-01,9,MIC,0.34681565302146156,2019-01-31,6
2019-01,10,NKL,0.333356753580281,2019-01-31,6
2019-01,11,JET,0.32400270160935346,2019-01-31,6
2019-01,12,TMA,0.3072577957833846,2019-01-31,6
2019-01,13,ATL,0.2979317696759795,2019-01-31,6
2019-01,14,HPS,0.28236700535247383,2019-01-31,6
2019-01,15,AGM,0.27605277172851683,2019-01-31,6
2019-01,16,INV,0.27059411591115484,2019-01-31,6
2019-01,17,IAM,0.2676764164989822,2019-01-31,6
2019-01,18,MAB,0.24931704339685107,2019-01-31,6
2019-01,19,DHO,0.23929081668210914,2019-01-31,6
2019-01,20,CSR,0.23481072258753186,2019-01-31,6
2019-01,21,MSA,0.22334798736007683,2019-01-31,6
2019-01,22,SBM,0.21445489685205893,2019-01-31,6
2019-01,23,BCP,0.20456736112575957,2019-01-31,6
2019-01,24,ATW,0.193907296006597,2019-01-31,6
2019-01,25,GAZ,0.17892233971048,2019-01-31,6
2019-02,1,SRM,0.8279784532381512,2019-02-28,6
2019-02,2,IMO,0.6024190465562771,2019-02-28,6
2019-02,3,MOX,0.5963131752361656,2019-02-28,6
2019-02,4,DWY,0.37437959460243275,2019-02-28,6
2019-02,5,HPS,0.3526850836411977,2019-02-28,6
2019-02,6,AFM,0.3483716235131621,2019-02-28,6
2019-02,7,GAZ,0.3478849630623353,2019-02-28,6
2019-02,8,S2M,0.346842948227854,2019-02-28,6
2019-02,9,RIS,0.34561566485707973,2019-02-28,6
2019-02,10,INV,0.32014948854180814,2019-02-28,6
2019-02,11,IAM,0.3174070642629678,2019-02-28,6
2019-02,12,MUT,0.2892446959349969,2019-02-28,6
2019-02,13,MSA,0.287716374416062,2019-02-28,6
2019-02,14,TQM,0.279159867411926,2019-02-28,6
2019-02,15,MIC,0.24829034039591463,2019-02-28,6
2019-02,16,M2M,0.23829164154236304,2019-02-28,6
2019-02,17,CSR,0.23120483810248663,2019-02-28,6
2019-02,18,JET,0.22658350386900367,2019-02-28,6
2019-02,19,EQD,0.21304909471863734,2019-02-28,6
2019-02,20,TMA,0.2048766248555837,2019-02-28,6
2019-02,21,SMI,0.19796989696932055,2019-02-28,6
2019-02,22,ATL,0.19103327501141304,2019-02-28,6
2019-02,23,SOT,0.1817950099125599,2019-02-28,6
2019-02,24,ATW,0.17017109403485436,2019-02-28,6
2019-02,25,DHO,0.15517362244758842,2019-02-28,6
2019-03,1,SRM,0.8132116385417586,2019-03-29,6
2019-03,2,RIS,0.7255766663692669,2019-03-29,6
2019-03,3,IMO,0.5600488529387123,2019-03-29,6
2019-03,4,AFM,0.5001896489145269,2019-03-29,6
2019-03,5,MIC,0.44103675394259056,2019-03-29,6
2019-03,6,INV,0.4335114818121686,2019-03-29,6
2019-03,7,SOT,0.32077927940077666,2019-03-29,6
2019-03,8,MDP,0.3023150393208602,2019-03-29,6
2019-03,9,MUT,0.28659656670143946,2019-03-29,6
2019-03,10,EQD,0.27607039545406714,2019-03-29,6
2019-03,11,LES,0.2528678065358375,2019-03-29,6
2019-03,12,AGM,0.23710744863145689,2019-03-29,6
2019-03,13,IAM,0.23359421179652745,2019-03-29,6
2019-03,14,MSA,0.2226049720770964,2019-03-29,6
2019-03,15,COL,0.22195357693284007,2019-03-29,6
2019-03,16,CSR,0.22169605811630289,2019-03-29,6
2019-03,17,LBV,0.22143077496984798,2019-03-29,6
2019-03,18,UMR,0.22033938282437415,2019-03-29,6
2019-03,19,CTM,0.2166752672576487,2019-03-29,6
2019-03,20,DHO,0.21528152519389188,2019-03-29,6
2019-03,21,CMT,0.21181162150868488,2019-03-29,6
2019-03,22,JET,0.2089611488375051,2019-03-29,6
2019-03,23,PRO,0.19395454810018045,2019-03-29,6
2019-03,24,DWY,0.17937157725764458,2019-03-29,6
2019-03,25,SLF,0.16888129983384498,2019-03-29,6
2019-04,1,SRM,0.7297958457093447,2019-04-30,6
2019-04,2,MIC,0.519018612940163,2019-04-30,6
2019-04,3,RIS,0.5158431411315438,2019-04-30,6
2019-04,4,UMR,0.4779494849477847,2019-04-30,6
2019-04,5,OUL,0.4535356068457539,2019-04-30,6
2019-04,6,IMO,0.45275444228357814,2019-04-30,6
2019-04,7,AFM,0.3877013857498895,2019-04-30,6
2019-04,8,HPS,0.34956771881548354,2019-04-30,6
2019-04,9,DWY,0.3401989732968235,2019-04-30,6
2019-04,10,MOX,0.29930140323108667,2019-04-30,6
2019-04,11,MUT,0.28499322506995006,2019-04-30,6
2019-04,12,IBC,0.28323894904627983,2019-04-30,6
2019-04,13,EQD,0.2741584967280009,2019-04-30,6
2019-04,14,LES,0.2724156063898896,2019-04-30,6
2019-04,15,MDP,0.27029918409767545,2019-04-30,6
2019-04,16,IAM,0.26733359213341684,2019-04-30,6
2019-04,17,CMT,0.25967993811592194,2019-04-30,6
2019-04,18,TMA,0.24169210653446804,2019-04-30,6
2019-04,19,MSA,0.23160208563779477,2019-04-30,6
2019-04,20,ATL,0.22076489591412465,2019-04-30,6
2019-04,21,LBV,0.21768398610873124,2019-04-30,6
2019-04,22,COL,0.2140972042259825,2019-04-30,6
2019-04,23,AGM,0.2019834052541832,2019-04-30,6
2019-04,24,SBM,0.20195750923558717,2019-04-30,6
2019-04,25,S2M,0.19909015120887408,2019-04-30,6
2019-05,1,RIS,0.8580646237365736,2019-05-31,6
2019-05,2,SRM,0.7884963805831025,2019-05-31,6
2019-05,3,MIC,0.5915098916047077,2019-05-31,6
2019-05,4,IMO,0.5187131931859927,2019-05-31,6
2019-05,5,MOX,0.40357399516552095,2019-05-31,6
2019-05,6,HPS,0.38983341370543584,2019-05-31,6
2019-05,7,CMT,0.31982121760036586,2019-05-31,6
2019-05,8,DWY,0.28759130604125516,2019-05-31,6
2019-05,9,INV,0.28582304251010227,2019-05-31,6
2019-05,10,DHO,0.27252790367830154,2019-05-31,6
2019-05,11,ADH,0.26342115642543845,2019-05-31,6
2019-05,12,MDP,0.2611959727159456,2019-05-31,6
2019-05,13,GAZ,0.25684221389758016,2019-05-31,6
2019-05,14,S2M,0.22340216028680876,2019-05-31,6
2019-05,15,CSR,0.21882306247606453,2019-05-31,6
2019-05,16,MSA,0.2068219921712243,2019-05-31,6
2019-05,17,ALM,0.19742772584198706,2019-05-31,6
2019-05,18,ATW,0.1732578934986301,2019-05-31,6
2019-05,19,IAM,0.17322498922008506,2019-05-31,6
2019-05,20,BCP,0.1540298685880762,2019-05-31,6
2019-05,21,MUT,0.15244261897121225,2019-05-31,6
2019-05,22,SID,0.13750963976615743,2019-05-31,6
2019-05,23,CTM,0.12740933735356608,2019-05-31,6
2019-05,24,EQD,0.1226628879105535,2019-05-31,6
2019-05,25,M2M,0.09983236236778897,2019-05-31,6
2019-06,1,SRM,0.8004748789289958,2019-06-28,6
2019-06,2,RIS,0.7466049529084611,2019-06-28,6
2019-06,3,HPS,0.5584197939573531,2019-06-28,6
2019-06,4,OUL,0.47488031887002413,2019-06-28,6
2019-06,5,IMO,0.4729003098331902,2019-06-28,6
2019-06,6,MIC,0.47243277851950766,2019-06-28,6
2019-06,7,DHO,0.36815817976443255,2019-06-28,6
2019-06,8,AFM,0.3351909813900228,2019-06-28,6
2019-06,9,MAB,0.3224862993075325,2019-06-28,6
2019-06,10,MDP,0.3123131218759884,2019-06-28,6
2019-06,11,SOT,0.27502909112302415,2019-06-28,6
2019-06,12,SBM,0.25856251062698277,2019-06-28,6
2019-06,13,LES,0.25484964624365025,2019-06-28,6
2019-06,14,CDM,0.2155897777953739,2019-06-28,6
2019-06,15,EQD,0.21055371106717347,2019-06-28,6
2019-06,16,LHM,0.19890244746103208,2019-06-28,6
2019-06,17,MSA,0.19724819959977535,2019-06-28,6
2019-06,18,CMT,0.19524485579855688,2019-06-28,6
2019-06,19,CSR,0.18772433127377428,2019-06-28,6
2019-06,20,TMA,0.1607605316676345,2019-06-28,6
2019-06,21,IAM,0.15726336835212212,2019-06-28,6
2019-06,22,ATW,0.15585355667731415,2019-06-28,6
2019-06,23,GAZ,0.15423092474356054,2019-06-28,6
2019-06,24,ADH,0.15295455820006182,2019-06-28,6
2019-06,25,S2M,0.1523520265040494,2019-06-28,6
2019-07,1,EQD,0.5793209149891947,2019-07-31,12
2019-07,2,HPS,0.5191819831455652,2019-07-31,12
2019-07,3,RIS,0.44656446266937366,2019-07-31,12
2019-07,4,MOX,0.42334052117976073,2019-07-31,12
2019-07,5,CDM,0.36311537772076763,2019-07-31,12
2019-07,6,MIC,0.3453670548582135,2019-07-31,12
2019-07,7,LBV,0.3405615452088544,2019-07-31,12
2019-07,8,SOT,0.32341954420484975,2019-07-31,12
2019-07,9,LES,0.30805472359972563,2019-07-31,12
2019-07,10,CSR,0.3068114266484761,2019-07-31,12
2019-07,11,DWY,0.3018033682675957,2019-07-31,12
2019-07,12,ATL,0.28473682122339167,2019-07-31,12
2019-07,13,MUT,0.27839102337219285,2019-07-31,12
2019-07,14,IMO,0.2510483670357628,2019-07-31,12
2019-07,15,AFM,0.23526378519617308,2019-07-31,12
2019-07,16,INV,0.22965576923740866,2019-07-31,12
2019-07,17,DRI,0.21751923083177438,2019-07-31,12
2019-07,18,DHO,0.21009125272904125,2019-07-31,12
2019-07,19,SBM,0.20648250814266722,2019-07-31,12
2019-07,20,ATW,0.17624846357077933,2019-07-31,12
2019-07,21,MLE,0.16700390832338663,2019-07-31,12
2019-07,22,PRO,0.16566470017289903,2019-07-31,12
2019-07,23,ADH,0.15526177736881777,2019-07-31,12
2019-07,24,ALM,0.1466989517424794,2019-07-31,12
2019-07,25,BCP,0.14311335583717139,2019-07-31,12
2019-08,1,EQD,0.765019251721428,2019-08-30,12
2019-08,2,HPS,0.5890250049214286,2019-08-30,12
2019-08,3,MOX,0.5257057422429443,2019-08-30,12
2019-08,4,MDP,0.5059619113124612,2019-08-30,12
2019-08,5,OUL,0.495133927142406,2019-08-30,12
2019-08,6,CSR,0.454907385760715,2019-08-30,12
2019-08,7,MIC,0.4375779422049242,2019-08-30,12
2019-08,8,ALM,0.38975379700452184,2019-08-30,12
2019-08,9,IMO,0.38905636929104903,2019-08-30,12
2019-08,10,LES,0.35712922066059727,2019-08-30,12
2019-08,11,ATL,0.3303540650293929,2019-08-30,12
2019-08,12,RIS,0.2683948918581898,2019-08-30,12
2019-08,13,AFM,0.26724867872798624,2019-08-30,12
2019-08,14,DHO,0.23052818164209143,2019-08-30,12
2019-08,15,LHM,0.2260048956234177,2019-08-30,12
2019-08,16,MUT,0.21734059952792623,2019-08-30,12
2019-08,17,DWY,0.20788765423524003,2019-08-30,12
2019-08,18,MSA,0.17313620893473083,2019-08-30,12
2019-08,19,PRO,0.15856254892064625,2019-08-30,12
2019-08,20,COL,0.15426877552461554,2019-08-30,12
2019-08,21,SBM,0.14970215659985453,2019-08-30,12
2019-08,22,ATW,0.14595481902178573,2019-08-30,12
2019-08,23,IAM,0.12705470984768213,2019-08-30,12
2019-08,24,BCP,0.11001815562040615,2019-08-30,12
2019-08,25,CTM,0.10959859544759151,2019-08-30,12
2019-09,1,CDM,0.7541346302564921,2019-09-30,12
2019-09,2,OUL,0.512136418416708,2019-09-30,12
2019-09,3,MOX,0.45988729323267197,2019-09-30,12
2019-09,4,MIC,0.37106083393472666,2019-09-30,12
2019-09,5,SOT,0.3493488829096943,2019-09-30,12
2019-09,6,M2M,0.3474259940927771,2019-09-30,12
2019-09,7,INV,0.3467018150058516,2019-09-30,12
2019-09,8,UMR,0.3441177270199942,2019-09-30,12
2019-09,9,BCP,0.3292416333070709,2019-09-30,12
2019-09,10,SID,0.323508494030455,2019-09-30,12
2019-09,11,DHO,0.3125954408344872,2019-09-30,12
2019-09,12,ATW,0.3112877915599606,2019-09-30,12
2019-09,13,EQD,0.3090539782477675,2019-09-30,12
2019-09,14,IAM,0.3087881669742121,2019-09-30,12
2019-09,15,MUT,0.30063853597288176,2019-09-30,12
2019-09,16,JET,0.29901045702587514,2019-09-30,12
2019-09,17,MAB,0.29790608954716136,2019-09-30,12
2019-09,18,AFM,0.2577688990493183,2019-09-30,12
2019-09,19,ATL,0.25066302072523766,2019-09-30,12
2019-09,20,LES,0.2449418571613871,2019-09-30,12
2019-09,21,HPS,0.2432186026258027,2019-09-30,12
2019-09,22,CIH,0.23694196800111805,2019-09-30,12
2019-09,23,MSA,0.23631699146268842,2019-09-30,12
2019-09,24,TQM,0.2281717985016267,2019-09-30,12
2019-09,25,DWY,0.21635295218535977,2019-09-30,12
2019-10,1,MIC,0.534031983848663,2019-10-31,12
2019-10,2,DHO,0.45049333619651766,2019-10-31,12
2019-10,3,AGM,0.4314211203931403,2019-10-31,12
2019-10,4,SRM,0.4002888432713819,2019-10-31,12
2019-10,5,IAM,0.3571778039800703,2019-10-31,12
2019-10,6,SMI,0.3438835276429339,2019-10-31,12
2019-10,7,MDP,0.31372924592128587,2019-10-31,12
2019-10,8,CTM,0.31342812103215334,2019-10-31,12
2019-10,9,JET,0.30558945947311944,2019-10-31,12
2019-10,10,BCP,0.3007483621190855,2019-10-31,12
2019-10,11,ATL,0.29696029463044044,2019-10-31,12
2019-10,12,DWY,0.2968419785598121,2019-10-31,12
2019-10,13,EQD,0.2898720091399299,2019-10-31,12
2019-10,14,ATW,0.2823282743962891,2019-10-31,12
2019-10,15,TQM,0.27448604378633945,2019-10-31,12
2019-10,16,AFM,0.26416411809977314,2019-10-31,12
2019-10,17,MAB,0.23491144510486964,2019-10-31,12
2019-10,18,M2M,0.22701298313988233,2019-10-31,12
2019-10,19,NEJ,0.22665138989259104,2019-10-31,12
2019-10,20,SNP,0.22104688805815734,2019-10-31,12
2019-10,21,CSR,0.20827756091218322,2019-10-31,12
2019-10,22,MSA,0.2076404562293236,2019-10-31,12
2019-10,23,LES,0.2018755587328653,2019-10-31,12
2019-10,24,LHM,0.18671429504109258,2019-10-31,12
2019-10,25,MUT,0.18353482937816062,2019-10-31,12
2019-11,1,MIC,0.7599912337163152,2019-11-29,12
2019-11,2,HPS,0.4068135594581974,2019-11-29,12
2019-11,3,IAM,0.37275342225121755,2019-11-29,12
2019-11,4,AFM,0.3339737122934712,2019-11-29,12
2019-11,5,SRM,0.3116132358285062,2019-11-29,12
2019-11,6,DWY,0.3091823698336649,2019-11-29,12
2019-11,7,JET,0.3085848574537867,2019-11-29,12
2019-11,8,SID,0.30348698187124307,2019-11-29,12
2019-11,9,PRO,0.2960861291973779,2019-11-29,12
2019-11,10,NKL,0.29476056263903694,2019-11-29,12
2019-11,11,CTM,0.28301515273445954,2019-11-29,12
2019-11,12,BCP,0.26613744953286944,2019-11-29,12
2019-11,13,CSR,0.2632517299932753,2019-11-29,12
2019-11,14,LBV,0.26232620045081284,2019-11-29,12
2019-11,15,ATW,0.25393073923445636,2019-11-29,12
2019-11,16,MUT,0.25245613143508105,2019-11-29,12
2019-11,17,UMR,0.2491260584479733,2019-11-29,12
2019-11,18,SMI,0.2450915481708082,2019-11-29,12
2019-11,19,TQM,0.230559601729394,2019-11-29,12
2019-11,20,MSA,0.2247468622056283,2019-11-29,12
2019-11,21,CIH,0.19469164628357466,2019-11-29,12
2019-11,22,EQD,0.18174975696665024,2019-11-29,12
2019-11,23,M2M,0.17268724916697978,2019-11-29,12
2019-11,24,ATL,0.1714271263976539,2019-11-29,12
2019-11,25,BCI,0.1686475200496563,2019-11-29,12
2019-12,1,MOX,0.6881764135688413,2019-12-31,12
2019-12,2,DWY,0.6050825987364815,2019-12-31,12
2019-12,3,MIC,0.5251052908042801,2019-12-31,12
2019-12,4,SMI,0.39077953627644224,2019-12-31,12
2019-12,5,AFM,0.3708191532181622,2019-12-31,12
2019-12,6,SID,0.36275037418419187,2019-12-31,12
2019-12,7,BCP,0.35477543407756695,2019-12-31,12
2019-12,8,LHM,0.3257768886526444,2019-12-31,12
2019-12,9,ATW,0.3212630454876325,2019-12-31,12
2019-12,10,IAM,0.31732024372794193,2019-12-31,12
2019-12,11,SOT,0.31476914890227603,2019-12-31,12
2019-12,12,CTM,0.2746398645087589,2019-12-31,12
2019-12,13,MUT,0.2701514933848714,2019-12-31,12
2019-12,14,BCI,0.2661690134335799,2019-12-31,12
2019-12,15,COL,0.24886178016688,2019-12-31,12
2019-12,16,CIH,0.24324314049879095,2019-12-31,12
2019-12,17,JET,0.22905324440025837,2019-12-31,12
2019-12,18,ATL,0.2232532881970295,2019-12-31,12
2019-12,19,DHO,0.21660090515564764,2019-12-31,12
2019-12,20,LES,0.21309764784957994,2019-12-31,12
2019-12,21,RIS,0.19661984077670697,2019-12-31,12
2019-12,22,SRM,0.17225253525584955,2019-12-31,12
2019-12,23,TMA,0.17216268602900164,2019-12-31,12
2019-12,24,CSR,0.1718733217269684,2019-12-31,12
2019-12,25,MSA,0.16662053419237788,2019-12-31,12
2020-01,1,MIC,0.6809272084724113,2020-01-31,18
2020-01,2,SMI,0.46006066474858,2020-01-31,18
2020-01,3,OUL,0.44125021544850285,2020-01-31,18
2020-01,4,AFM,0.4149414452291781,2020-01-31,18
2020-01,5,CMT,0.40774239056264394,2020-01-31,18
2020-01,6,DWY,0.3768190729258192,2020-01-31,18
2020-01,7,EQD,0.3592503065585064,2020-01-31,18
2020-01,8,IAM,0.35877172286903225,2020-01-31,18
2020-01,9,LBV,0.3517842356657035,2020-01-31,18
2020-01,10,ATW,0.33019002703605604,2020-01-31,18
2020-01,11,BCI,0.3264668395692306,2020-01-31,18
2020-01,12,BCP,0.2911321761623463,2020-01-31,18
2020-01,13,RIS,0.28082337101457666,2020-01-31,18
2020-01,14,MUT,0.27377609575585915,2020-01-31,18
2020-01,15,MSA,0.26966603586829185,2020-01-31,18
2020-01,16,HPS,0.2672946175152804,2020-01-31,18
2020-01,17,JET,0.24154976372416415,2020-01-31,18
2020-01,18,CSR,0.23343854577323564,2020-01-31,18
2020-01,19,SNP,0.21899698121037675,2020-01-31,18
2020-01,20,AGM,0.21740603023231986,2020-01-31,18
2020-01,21,CIH,0.205799464507716,2020-01-31,18
2020-01,22,LES,0.20158714006263845,2020-01-31,18
2020-01,23,LHM,0.1962686467938879,2020-01-31,18
2020-01,24,PRO,0.19603017814978468,2020-01-31,18
2020-01,25,ATL,0.19425735488454626,2020-01-31,18
2020-02,1,MIC,0.5291569854275019,2020-02-28,18
2020-02,2,DWY,0.4456755272108792,2020-02-28,18
2020-02,3,AFM,0.4368900487420867,2020-02-28,18
2020-02,4,CMT,0.39054806022186606,2020-02-28,18
2020-02,5,EQD,0.3390406711656263,2020-02-28,18
2020-02,6,LBV,0.3230968632705562,2020-02-28,18
2020-02,7,MSA,0.3144662162268481,2020-02-28,18
2020-02,8,MUT,0.2980242243794524,2020-02-28,18
2020-02,9,M2M,0.2904474118903846,2020-02-28,18
2020-02,10,BCI,0.28987834356549547,2020-02-28,18
2020-02,11,JET,0.2480885492877159,2020-02-28,18
2020-02,12,SID,0.2449424472174891,2020-02-28,18
2020-02,13,INV,0.24485843396597012,2020-02-28,18
2020-02,14,OUL,0.23594965636267334,2020-02-28,18
2020-02,15,RDS,0.22184184412636151,2020-02-28,18
2020-02,16,DHO,0.2207492947429363,2020-02-28,18
2020-02,17,ATW,0.203168910899825,2020-02-28,18
2020-02,18,AGM,0.20057508202040517,2020-02-28,18
2020-02,19,HPS,0.19606754057940115,2020-02-28,18
2020-02,20,RIS,0.1868777578570774,2020-02-28,18
2020-02,21,BCP,0.18327702129942916,2020-02-28,18
2020-02,22,CSR,0.1662410548172229,2020-02-28,18
2020-02,23,ATL,0.1573312411728204,2020-02-28,18
2020-02,24,CIH,0.15082466094492536,2020-02-28,18
2020-02,25,COL,0.15000852822529964,2020-02-28,18
2020-03,1,RDS,0.5537084158735744,2020-03-31,18
2020-03,2,AFM,0.4377293845685314,2020-03-31,18
2020-03,3,EQD,0.4057423047375128,2020-03-31,18
2020-03,4,INV,0.39529868799659884,2020-03-31,18
2020-03,5,SOT,0.30440509555311956,2020-03-31,18
2020-03,6,OUL,0.3029296297787478,2020-03-31,18
2020-03,7,DWY,0.30096169907838655,2020-03-31,18
2020-03,8,MUT,0.30016869619372577,2020-03-31,18
2020-03,9,SMI,0.2994035741426677,2020-03-31,18
2020-03,10,CMT,0.27404512756960575,2020-03-31,18
2020-03,11,CDM,0.255669899712632,2020-03-31,18
2020-03,12,SNP,0.2536299903940309,2020-03-31,18
2020-03,13,LBV,0.23319040540072988,2020-03-31,18
2020-03,14,ATL,0.2331898258030962,2020-03-31,18
2020-03,15,DHO,0.22890071989213065,2020-03-31,18
2020-03,16,NKL,0.22808737694974862,2020-03-31,18
2020-03,17,BCI,0.2214534944442183,2020-03-31,18
2020-03,18,MIC,0.1972791844709215,2020-03-31,18
2020-03,19,SID,0.1966872569876424,2020-03-31,18
2020-03,20,JET,0.19283122834619493,2020-03-31,18
2020-03,21,TQM,0.18411532116236248,2020-03-31,18
2020-03,22,RIS,0.16951818202084792,2020-03-31,18
2020-03,23,AGM,0.1584349275254686,2020-03-31,18
2020-03,24,IAM,0.15638584954091464,2020-03-31,18
2020-03,25,ATW,0.15261648900770283,2020-03-31,18
2020-04,1,MOX,0.542101181181452,2020-04-30,18
2020-04,2,RDS,0.45086720936663927,2020-04-30,18
2020-04,3,AFM,0.4219113085604349,2020-04-30,18
2020-04,4,CDM,0.3721464624363831,2020-04-30,18
2020-04,5,AGM,0.35176372587237925,2020-04-30,18
2020-04,6,DWY,0.3121420005856188,2020-04-30,18
2020-04,7,M2M,0.29350495921009834,2020-04-30,18
2020-04,8,EQD,0.26477904249660056,2020-04-30,18
2020-04,9,INV,0.25719051839617446,2020-04-30,18
2020-04,10,IAM,0.22647324469943758,2020-04-30,18
2020-04,11,SNP,0.21927852120719157,2020-04-30,18
2020-04,12,LBV,0.18956939583984628,2020-04-30,18
2020-04,13,SMI,0.17961768543765522,2020-04-30,18
2020-04,14,MUT,0.1745048038221874,2020-04-30,18
2020-04,15,DHO,0.16559260391476766,2020-04-30,18
2020-04,16,CMT,0.15407573920875112,2020-04-30,18
2020-04,17,TQM,0.1490630175947011,2020-04-30,18
2020-04,18,IBC,0.14470884167030873,2020-04-30,18
2020-04,19,TMA,0.1437425858318341,2020-04-30,18
2020-04,20,MIC,0.14014440457051194,2020-04-30,18
2020-04,21,NKL,0.10739624607294657,2020-04-30,18
2020-04,22,BCI,0.10435659973825089,2020-04-30,18
2020-04,23,COL,0.10190924677703309,2020-04-30,18
2020-04,24,CIH,0.10062392067651377,2020-04-30,18
2020-04,25,CSR,0.08636206995436006,2020-04-30,18
2020-05,1,AGM,0.6411915649158207,2020-05-29,18
2020-05,2,AFM,0.5738005137833144,2020-05-29,18
2020-05,3,OUL,0.4538222043785535,2020-05-29,18
2020-05,4,TMA,0.33530421319946113,2020-05-29,18
2020-05,5,IAM,0.29291508901966723,2020-05-29,18
2020-05,6,MUT,0.2558827371269542,2020-05-29,18
2020-05,7,PRO,0.25345015882815636,2020-05-29,18
2020-05,8,TQM,0.23389847745376352,2020-05-29,18
2020-05,9,DWY,0.19491176947096014,2020-05-29,18
2020-05,10,IBC,0.16583050624819712,2020-05-29,18
2020-05,11,INV,0.158128260864533,2020-05-29,18
2020-05,12,ATL,0.1577887132885294,2020-05-29,18
2020-05,13,GAZ,0.15610087551541343,2020-05-29,18
2020-05,14,COL,0.15478951373912314,2020-05-29,18
2020-05,15,SID,0.1412586456268351,2020-05-29,18
2020-05,16,BCI,0.14115850664904345,2020-05-29,18
2020-05,17,LBV,0.13431444878604099,2020-05-29,18
2020-05,18,SMI,0.13074982684135594,2020-05-29,18
2020-05,19,RDS,0.12405354892950823,2020-05-29,18
2020-05,20,MDP,0.11498278891446424,2020-05-29,18
2020-05,21,M2M,0.1101303186726102,2020-05-29,18
2020-05,22,SNP,0.10096763130180506,2020-05-29,18
2020-05,23,EQD,0.09348999500900543,2020-05-29,18
2020-05,24,BOA,0.02943153881507922,2020-05-29,18
2020-05,25,CSR,0.023233735662376992,2020-05-29,18
2020-06,1,AFM,0.5247431395263867,2020-06-30,18
2020-06,2,MOX,0.5003000823605833,2020-06-30,18
2020-06,3,OUL,0.4540902241070299,2020-06-30,18
2020-06,4,LBV,0.42516748870905907,2020-06-30,18
2020-06,5,NEJ,0.39032497730671073,2020-06-30,18
2020-06,6,IAM,0.3593277770323665,2020-06-30,18
2020-06,7,DWY,0.3363537315360324,2020-06-30,18
2020-06,8,CDM,0.33057789906585516,2020-06-30,18
2020-06,9,PRO,0.29595245088875555,2020-06-30,18
2020-06,10,MUT,0.2668653693042589,2020-06-30,18
2020-06,11,MIC,0.254916474243537,2020-06-30,18
2020-06,12,RDS,0.21722940272796867,2020-06-30,18
2020-06,13,NKL,0.2141203619240675,2020-06-30,18
2020-06,14,SNP,0.1877581536487527,2020-06-30,18
2020-06,15,HPS,0.1877172099090751,2020-06-30,18
2020-06,16,MSA,0.18598245821922013,2020-06-30,18
2020-06,17,BOA,0.17679284522747066,2020-06-30,18
2020-06,18,MDP,0.16004891129832902,2020-06-30,18
2020-06,19,EQD,0.15943736071015535,2020-06-30,18
2020-06,20,SRM,0.14962067378659258,2020-06-30,18
2020-06,21,BCI,0.14854828598982348,2020-06-30,18
2020-06,22,SID,0.14398166396007778,2020-06-30,18
2020-06,23,INV,0.13370362593605062,2020-06-30,18
2020-06,24,ATL,0.1275167735835873,2020-06-30,18
2020-06,25,ALM,0.1260297947099604,2020-06-30,18
2020-07,1,AFM,0.6714484210607472,2020-07-29,24
2020-07,2,MOX,0.42721923785140536,2020-07-29,24
2020-07,3,SOT,0.41735231904710035,2020-07-29,24
2020-07,4,MIC,0.37839588369104193,2020-07-29,24
2020-07,5,CDM,0.3658350104172282,2020-07-29,24
2020-07,6,NEJ,0.3572138953782591,2020-07-29,24
2020-07,7,DWY,0.34844304171035095,2020-07-29,24
2020-07,8,UMR,0.3257181080181499,2020-07-29,24
2020-07,9,AGM,0.32566498345455325,2020-07-29,24
2020-07,10,OUL,0.29765781670254765,2020-07-29,24
2020-07,11,IAM,0.2749284528778846,2020-07-29,24
2020-07,12,MAB,0.2713438585002736,2020-07-29,24
2020-07,13,HPS,0.26272820606136793,2020-07-29,24
2020-07,14,TMA,0.25914632538198323,2020-07-29,24
2020-07,15,PRO,0.25914344576686765,2020-07-29,24
2020-07,16,ATL,0.24151555668945332,2020-07-29,24
2020-07,17,DRI,0.22707787880567545,2020-07-29,24
2020-07,18,GAZ,0.21363820031320824,2020-07-29,24
2020-07,19,LBV,0.20029955474472866,2020-07-29,24
2020-07,20,M2M,0.20011648726800657,2020-07-29,24
2020-07,21,NKL,0.16689813850933682,2020-07-29,24
2020-07,22,MDP,0.1338809775766156,2020-07-29,24
2020-07,23,DHO,0.1256643624780606,2020-07-29,24
2020-07,24,BOA,0.09157384698812338,2020-07-29,24
2020-07,25,TQM,0.08806632963630026,2020-07-29,24
2020-08,1,AFM,0.6079192768193279,2020-08-31,24
2020-08,2,MIC,0.4385398819327805,2020-08-31,24
2020-08,3,MOX,0.4046436206220877,2020-08-31,24
2020-08,4,AGM,0.3802536115805941,2020-08-31,24
2020-08,5,DWY,0.36889826946810045,2020-08-31,24
2020-08,6,NEJ,0.3433217296485518,2020-08-31,24
2020-08,7,MAB,0.3028323540535104,2020-08-31,24
2020-08,8,OUL,0.28490403289801325,2020-08-31,24
2020-08,9,LBV,0.25813197756255857,2020-08-31,24
2020-08,10,BAL,0.25542488719710443,2020-08-31,24
2020-08,11,TMA,0.2501061613663066,2020-08-31,24
2020-08,12,CDM,0.24521805318362203,2020-08-31,24
2020-08,13,GAZ,0.2235259820527684,2020-08-31,24
2020-08,14,PRO,0.22030428014715975,2020-08-31,24
2020-08,15,M2M,0.19704392933311674,2020-08-31,24
2020-08,16,HPS,0.18844380376896186,2020-08-31,24
2020-08,17,ATL,0.16466978539029523,2020-08-31,24
2020-08,18,MSA,0.15061137016178608,2020-08-31,24
2020-08,19,MUT,0.13807007040784658,2020-08-31,24
2020-08,20,NKL,0.1349105025525478,2020-08-31,24
2020-08,21,IAM,0.12801136099654398,2020-08-31,24
2020-08,22,INV,0.12002352729444124,2020-08-31,24
2020-08,23,TQM,0.08471514534761096,2020-08-31,24
2020-08,24,S2M,0.07529527666493929,2020-08-31,24
2020-08,25,CSR,0.07156941564819098,2020-08-31,24
2020-09,1,REB,2.2571888996043663,2020-09-30,24
2020-09,2,AFM,0.5419360351509354,2020-09-30,24
2020-09,3,SID,0.4581687956116023,2020-09-30,24
2020-09,4,DRI,0.2849666215491764,2020-09-30,24
2020-09,5,MIC,0.2786709169213399,2020-09-30,24
2020-09,6,UMR,0.26860181901646457,2020-09-30,24
2020-09,7,SBM,0.23254606260951,2020-09-30,24
2020-09,8,NKL,0.2162134019742833,2020-09-30,24
2020-09,9,ADH,0.21309984041032343,2020-09-30,24
2020-09,10,M2M,0.19277884472094897,2020-09-30,24
2020-09,11,LBV,0.15567246755012992,2020-09-30,24
2020-09,12,PRO,0.1549089383316728,2020-09-30,24
2020-09,13,IAM,0.15017389962301259,2020-09-30,24
2020-09,14,NEJ,0.14597595358373036,2020-09-30,24
2020-09,15,MOX,0.13793938733091532,2020-09-30,24
2020-09,16,MSA,0.1375880537044894,2020-09-30,24
2020-09,17,HPS,0.12293811624646704,2020-09-30,24
2020-09,18,CSR,0.10235779417753807,2020-09-30,24
2020-09,19,MDP,0.08314905777819959,2020-09-30,24
2020-09,20,RDS,0.08297076283092636,2020-09-30,24
2020-09,21,TQM,0.07079136255213145,2020-09-30,24
2020-09,22,MUT,0.06299289609939762,2020-09-30,24
2020-09,23,DHO,0.057483250971275685,2020-09-30,24
2020-09,24,FBR,0.05339189082976899,2020-09-30,24
2020-09,25,MNG,0.05000801144662603,2020-09-30,24
2020-10,1,REB,2.2723812482982777,2020-10-28,24
2020-10,2,AFM,0.5499961087971985,2020-10-28,24
2020-10,3,SRM,0.2998852570052584,2020-10-28,24
2020-10,4,SID,0.2937431128085136,2020-10-28,24
2020-10,5,MIC,0.2192784449258254,2020-10-28,24
2020-10,6,M2M,0.197851560468909,2020-10-28,24
2020-10,7,SBM,0.19210112233395324,2020-10-28,24
2020-10,8,IAM,0.18648551288337595,2020-10-28,24
2020-10,9,MOX,0.1627242641885967,2020-10-28,24
2020-10,10,GAZ,0.15904018063167683,2020-10-28,24
2020-10,11,HPS,0.15817026563862085,2020-10-28,24
2020-10,12,DHO,0.15238852585597323,2020-10-28,24
2020-10,13,DWY,0.15102374076896344,2020-10-28,24
2020-10,14,MSA,0.14090962766425558,2020-10-28,24
2020-10,15,ADH,0.13763718519408763,2020-10-28,24
2020-10,16,PRO,0.12108152860987884,2020-10-28,24
2020-10,17,CDM,0.10405380037343726,2020-10-28,24
2020-10,18,INV,0.10162288557838692,2020-10-28,24
2020-10,19,NKL,0.09454111557341338,2020-10-28,24
2020-10,20,LBV,0.09010598938736908,2020-10-28,24
2020-10,21,TMA,0.08840166992416071,2020-10-28,24
2020-10,22,IBC,0.08441966841152022,2020-10-28,24
2020-10,23,CSR,0.07859786794665856,2020-10-28,24
2020-10,24,SMI,0.07037603418418442,2020-10-28,24
2020-10,25,MNG,0.07034519986258378,2020-10-28,24
2020-11,1,AFM,0.5406777331203781,2020-11-30,24
2020-11,2,SRM,0.3658273568651107,2020-11-30,24
2020-11,3,M2M,0.30173458182923907,2020-11-30,24
2020-11,4,MIC,0.29132849242334247,2020-11-30,24
2020-11,5,IAM,0.21047538739051047,2020-11-30,24
2020-11,6,MOX,0.2073103331096598,2020-11-30,24
2020-11,7,SMI,0.17704960633293507,2020-11-30,24
2020-11,8,TMA,0.15816484890178112,2020-11-30,24
2020-11,9,SID,0.15049922076704184,2020-11-30,24
2020-11,10,PRO,0.14943836180180886,2020-11-30,24
2020-11,11,CDM,0.1445793657972213,2020-11-30,24
2020-11,12,ATL,0.12810075743414764,2020-11-30,24
2020-11,13,INV,0.12479621918414047,2020-11-30,24
2020-11,14,CMT,0.11142051296829174,2020-11-30,24
2020-11,15,MNG,0.10063683621764072,2020-11-30,24
2020-11,16,CSR,0.10038922828355314,2020-11-30,24
2020-11,17,BCP,0.09685480568144295,2020-11-30,24
2020-11,18,NKL,0.08718417705376495,2020-11-30,24
2020-11,19,LES,0.08489237655774913,2020-11-30,24
2020-11,20,JET,0.07873572019874753,2020-11-30,24
2020-11,21,LBV,0.07862914728365467,2020-11-30,24
2020-11,22,MSA,0.05193092317385942,2020-11-30,24
2020-11,23,GAZ,0.051340659412497984,2020-11-30,24
2020-11,24,HPS,0.046245209242578245,2020-11-30,24
2020-11,25,MUT,0.0454917500167544,2020-11-30,24
2020-12,1,REB,2.278869721763965,2020-12-31,24
2020-12,2,OUL,0.4573725289480567,2020-12-31,24
2020-12,3,M2M,0.4504955831182972,2020-12-31,24
2020-12,4,DRI,0.44027298193454234,2020-12-31,24
2020-12,5,AFM,0.4318991515360058,2020-12-31,24
2020-12,6,MNG,0.37486892821073303,2020-12-31,24
2020-12,7,MOX,0.3443713037175353,2020-12-31,24
2020-12,8,DWY,0.3201038249308601,2020-12-31,24
2020-12,9,MIC,0.26125675256919423,2020-12-31,24
2020-12,10,IAM,0.24427761675691276,2020-12-31,24
2020-12,11,SRM,0.2217537364843707,2020-12-31,24
2020-12,12,SMI,0.21399728165097384,2020-12-31,24
2020-12,13,MUT,0.1885137203522999,2020-12-31,24
2020-12,14,ATL,0.180273665293224,2020-12-31,24
2020-12,15,RDS,0.16410582692347508,2020-12-31,24
2020-12,16,PRO,0.16027686516850193,2020-12-31,24
2020-12,17,SID,0.15939519057486068,2020-12-31,24
2020-12,18,CDM,0.1470431200688117,2020-12-31,24
2020-12,19,HPS,0.13314750421380442,2020-12-31,24
2020-12,20,TQM,0.10321880599605701,2020-12-31,24
2020-12,21,CMT,0.08227401662546746,2020-12-31,24
2020-12,22,MDP,0.07531160221825293,2020-12-31,24
2020-12,23,MLE,0.06090187279925052,2020-12-31,24
2020-12,24,BCP,0.04826131278452922,2020-12-31,24
2020-12,25,LES,0.035410687323168405,2020-12-31,24
2021-01,1,AFM,0.5783458915786709,2021-01-29,30
2021-01,2,SID,0.37259722701849257,2021-01-29,30
2021-01,3,HPS,0.34602724961503933,2021-01-29,30
2021-01,4,IAM,0.25038510377785966,2021-01-29,30
2021-01,5,MIC,0.23064812512744243,2021-01-29,30
2021-01,6,CMT,0.22644321925681138,2021-01-29,30
2021-01,7,MSA,0.1999506701934194,2021-01-29,30
2021-01,8,ATW,0.16629011212119948,2021-01-29,30
2021-01,9,LHM,0.15239041338522785,2021-01-29,30
2021-01,10,BCI,0.13840741711542928,2021-01-29,30
2021-01,11,RIS,0.13357032020979848,2021-01-29,30
2021-01,12,OUL,0.1285537837542106,2021-01-29,30
2021-01,13,TQM,0.121740158232638,2021-01-29,30
2021-01,14,BOA,0.10968172679796362,2021-01-29,30
2021-01,15,MNG,0.09650521696611858,2021-01-29,30
2021-01,16,CTM,0.09534283930954898,2021-01-29,30
2021-01,17,BCP,0.0878374526940355,2021-01-29,30
2021-01,18,DWY,0.08065261993432069,2021-01-29,30
2021-01,19,ATL,0.08022513835023715,2021-01-29,30
2021-01,20,CSR,0.0791028349317886,2021-01-29,30
2021-01,21,LBV,0.07777342112484746,2021-01-29,30
2021-01,22,GAZ,0.0724837067971789,2021-01-29,30
2021-01,23,EQD,0.06959747666381638,2021-01-29,30
2021-01,24,MOX,0.06220865163914979,2021-01-29,30
2021-01,25,MUT,0.029053193412752344,2021-01-29,30
2021-02,1,SID,0.6223386567147198,2021-02-26,30
2021-02,2,AFM,0.5114169913182057,2021-02-26,30
2021-02,3,HPS,0.4271573960758452,2021-02-26,30
2021-02,4,MIC,0.30271551149213494,2021-02-26,30
2021-02,5,LHM,0.1985566149678744,2021-02-26,30
2021-02,6,IAM,0.1943319782298205,2021-02-26,30
2021-02,7,JET,0.1873963704169191,2021-02-26,30
2021-02,8,SNP,0.1812152946070253,2021-02-26,30
2021-02,9,OUL,0.17470665923559647,2021-02-26,30
2021-02,10,LBV,0.1703205531095366,2021-02-26,30
2021-02,11,MSA,0.1519574880719216,2021-02-26,30
2021-02,12,CTM,0.13568275163416016,2021-02-26,30
2021-02,13,MDP,0.1330332522701583,2021-02-26,30
2021-02,14,ATW,0.13126558706813368,2021-02-26,30
2021-02,15,RIS,0.1250367731092028,2021-02-26,30
2021-02,16,ADH,0.12419790097425314,2021-02-26,30
2021-02,17,M2M,0.12118517617713524,2021-02-26,30
2021-02,18,CSR,0.1110024994088701,2021-02-26,30
2021-02,19,ARD,0.11073273284801013,2021-02-26,30
2021-02,20,CMT,0.1003169902502426,2021-02-26,30
2021-02,21,SBM,0.09389784119869111,2021-02-26,30
2021-02,22,MNG,0.08730401919271574,2021-02-26,30
2021-02,23,DWY,0.08532578946434424,2021-02-26,30
2021-02,24,TQM,0.06691703398235788,2021-02-26,30
2021-02,25,BCI,0.06249284650507991,2021-02-26,30
2021-03,1,SID,0.6067728784805786,2021-03-31,30
2021-03,2,AFM,0.44283928948555407,2021-03-31,30
2021-03,3,MIC,0.36379778478993424,2021-03-31,30
2021-03,4,MNG,0.3228820087312576,2021-03-31,30
2021-03,5,M2M,0.29232325667889575,2021-03-31,30
2021-03,6,SNP,0.24362110302834328,2021-03-31,30
2021-03,7,IAM,0.2266714996407384,2021-03-31,30
2021-03,8,DWY,0.2143004385606319,2021-03-31,30
2021-03,9,LHM,0.18698340479159276,2021-03-31,30
2021-03,10,MSA,0.1822909792689087,2021-03-31,30
2021-03,11,CMT,0.17273523174256605,2021-03-31,30
2021-03,12,ADH,0.14124334509032213,2021-03-31,30
2021-03,13,CSR,0.13781366724894523,2021-03-31,30
2021-03,14,HPS,0.13370342879763963,2021-03-31,30
2021-03,15,JET,0.13316947093475795,2021-03-31,30
2021-03,16,ATW,0.11044922957922863,2021-03-31,30
2021-03,17,CTM,0.1040634832472971,2021-03-31,30
2021-03,18,BCP,0.09759035499244176,2021-03-31,30
2021-03,19,FBR,0.0934622101957813,2021-03-31,30
2021-03,20,ARD,0.07924405577765553,2021-03-31,30
2021-03,21,BOA,0.0740048537541782,2021-03-31,30
2021-03,22,BCI,0.05607712542290097,2021-03-31,30
2021-03,23,IBC,0.05259994925143319,2021-03-31,30
2021-03,24,AGM,0.04878553020752077,2021-03-31,30
2021-03,25,RIS,0.04796862578805568,2021-03-31,30
2021-04,1,SID,0.625113244526194,2021-04-30,30
2021-04,2,MIC,0.40475268182183477,2021-04-30,30
2021-04,3,AFM,0.37354209907958086,2021-04-30,30
2021-04,4,M2M,0.35139019155571954,2021-04-30,30
2021-04,5,MSA,0.2870086988572751,2021-04-30,30
2021-04,6,HPS,0.2666654085096831,2021-04-30,30
2021-04,7,SOT,0.2462713237338539,2021-04-30,30
2021-04,8,MNG,0.2431503831198723,2021-04-30,30
2021-04,9,LHM,0.2386516725672812,2021-04-30,30
2021-04,10,CMT,0.2245663601998235,2021-04-30,30
2021-04,11,CSR,0.2215745650187097,2021-04-30,30
2021-04,12,DWY,0.19757678316182925,2021-04-30,30
2021-04,13,JET,0.1889944229807467,2021-04-30,30
2021-04,14,SNP,0.1646508387989355,2021-04-30,30
2021-04,15,CTM,0.16025562682032368,2021-04-30,30
2021-04,16,OUL,0.15300013438971405,2021-04-30,30
2021-04,17,IAM,0.14093103400666845,2021-04-30,30
2021-04,18,BCP,0.11418674847000751,2021-04-30,30
2021-04,19,ADH,0.10559601253467067,2021-04-30,30
2021-04,20,LBV,0.10541496603174914,2021-04-30,30
2021-04,21,ATW,0.07936005248166822,2021-04-30,30
2021-04,22,BOA,0.06429637618067452,2021-04-30,30
2021-04,23,IBC,0.06405041059901123,2021-04-30,30
2021-04,24,GAZ,0.05513540525079856,2021-04-30,30
2021-04,25,TQM,0.03980470306402677,2021-04-30,30
2021-05,1,SOT,0.5152056453409726,2021-05-31,30
2021-05,2,AFM,0.5116837623644833,2021-05-31,30
2021-05,3,SID,0.4571265407643244,2021-05-31,30
2021-05,4,M2M,0.31240585215379535,2021-05-31,30
2021-05,5,MIC,0.30655964906175087,2021-05-31,30
2021-05,6,OUL,0.254201386435253,2021-05-31,30
2021-05,7,MNG,0.2502717884632846,2021-05-31,30
2021-05,8,CSR,0.18446347713180505,2021-05-31,30
2021-05,9,IAM,0.17631896141069564,2021-05-31,30
2021-05,10,CMT,0.17260251042268931,2021-05-31,30
2021-05,11,MSA,0.16052368318548998,2021-05-31,30
2021-05,12,SMI,0.11444750053004756,2021-05-31,30
2021-05,13,BCI,0.11386945169659665,2021-05-31,30
2021-05,14,DWY,0.11304288980075146,2021-05-31,30
2021-05,15,LHM,0.10830388448978735,2021-05-31,30
2021-05,16,HPS,0.10701758413691101,2021-05-31,30
2021-05,17,CTM,0.09331839697403681,2021-05-31,30
2021-05,18,BOA,0.09135375685726864,2021-05-31,30
2021-05,19,ARD,0.0904378286705949,2021-05-31,30
2021-05,20,ATW,0.08911502156505749,2021-05-31,30
2021-05,21,TMA,0.08112803797732304,2021-05-31,30
2021-05,22,SNP,0.07843120696494996,2021-05-31,30
2021-05,23,FBR,0.0613921354975349,2021-05-31,30
2021-05,24,ATL,0.0611287828060052,2021-05-31,30
2021-05,25,LBV,0.06102812376411674,2021-05-31,30
2021-06,1,AFM,0.5423631819976775,2021-06-30,30
2021-06,2,SOT,0.5307391290075434,2021-06-30,30
2021-06,3,SID,0.4342756233603073,2021-06-30,30
2021-06,4,CSR,0.2760766697042005,2021-06-30,30
2021-06,5,MIC,0.26081653845407515,2021-06-30,30
2021-06,6,M2M,0.24139484068120243,2021-06-30,30
2021-06,7,MNG,0.1978072473993066,2021-06-30,30
2021-06,8,OUL,0.18958838018412116,2021-06-30,30
2021-06,9,LHM,0.1844729243655811,2021-06-30,30
2021-06,10,BCI,0.16056316477073598,2021-06-30,30
2021-06,11,GAZ,0.13457403991073424,2021-06-30,30
2021-06,12,MSA,0.13018794929437677,2021-06-30,30
2021-06,13,IAM,0.11891050456281173,2021-06-30,30
2021-06,14,DWY,0.11789633033450726,2021-06-30,30
2021-06,15,LBV,0.11682301791261247,2021-06-30,30
2021-06,16,CTM,0.11554971670109326,2021-06-30,30
2021-06,17,NKL,0.10337988524043128,2021-06-30,30
2021-06,18,SBM,0.10142874505497158,2021-06-30,30
2021-06,19,ATL,0.09719451369780663,2021-06-30,30
2021-06,20,BCP,0.09663572669017298,2021-06-30,30
2021-06,21,SNP,0.0870378680674765,2021-06-30,30
2021-06,22,HPS,0.08392775890717377,2021-06-30,30
2021-06,23,COL,0.08249090187524828,2021-06-30,30
2021-06,24,SMI,0.07298942180871204,2021-06-30,30
2021-06,25,BOA,0.07245242624690373,2021-06-30,30
2021-07,1,SID,0.5533798071457117,2021-07-29,36
2021-07,2,SOT,0.5350639242682479,2021-07-29,36
2021-07,3,ADH,0.3863615766453293,2021-07-29,36
2021-07,4,FBR,0.3526592403846231,2021-07-29,36
2021-07,5,NKL,0.3032695216190618,2021-07-29,36
2021-07,6,MSA,0.2840506789991819,2021-07-29,36
2021-07,7,CSR,0.2628622950116456,2021-07-29,36
2021-07,8,JET,0.2595810721038227,2021-07-29,36
2021-07,9,RDS,0.2578667453476783,2021-07-29,36
2021-07,10,COL,0.20339246156754504,2021-07-29,36
2021-07,11,RIS,0.19353242750045213,2021-07-29,36
2021-07,12,M2M,0.15035766262168038,2021-07-29,36
2021-07,13,MUT,0.1443658776967871,2021-07-29,36
2021-07,14,MDP,0.13552453202686715,2021-07-29,36
2021-07,15,MNG,0.10832691984753419,2021-07-29,36
2021-07,16,TQM,0.10491186758519437,2021-07-29,36
2021-07,17,S2M,0.07121396325462398,2021-07-29,36
2021-07,18,DWY,0.06988974635331378,2021-07-29,36
2021-07,19,LBV,0.06187059530440703,2021-07-29,36
2021-07,20,ATL,0.060573097494795225,2021-07-29,36
2021-07,21,SMI,0.05577500549341152,2021-07-29,36
2021-07,22,BCI,0.039912660912522824,2021-07-29,36
2021-07,23,SRM,0.030836561619400557,2021-07-29,36
2021-07,24,SBM,0.009606506433555012,2021-07-29,36
2021-07,25,SNP,0.006654675781815021,2021-07-29,36
2021-08,1,SOT,0.692079096333923,2021-08-31,36
2021-08,2,SID,0.6486123061492906,2021-08-31,36
2021-08,3,ADH,0.5807167755223734,2021-08-31,36
2021-08,4,RDS,0.4756030560579834,2021-08-31,36
2021-08,5,FBR,0.3712757105546029,2021-08-31,36
2021-08,6,MDP,0.34025782923480613,2021-08-31,36
2021-08,7,JET,0.2534224359556265,2021-08-31,36
2021-08,8,M2M,0.2502697798890936,2021-08-31,36
2021-08,9,TQM,0.21797466621647976,2021-08-31,36
2021-08,10,MSA,0.2066151138339532,2021-08-31,36
2021-08,11,LBV,0.1941444814386739,2021-08-31,36
2021-08,12,SNP,0.1934160209942723,2021-08-31,36
2021-08,13,RIS,0.1701318104612346,2021-08-31,36
2021-08,14,MUT,0.16056709165304894,2021-08-31,36
2021-08,15,EQD,0.14523744046749226,2021-08-31,36
2021-08,16,DWY,0.1424227814483709,2021-08-31,36
2021-08,17,CSR,0.14084110374177822,2021-08-31,36
2021-08,18,NKL,0.128261161115913,2021-08-31,36
2021-08,19,LHM,0.10677629613002966,2021-08-31,36
2021-08,20,S2M,0.1062652306347686,2021-08-31,36
2021-08,21,AFM,0.09058701521704556,2021-08-31,36
2021-08,22,ATL,0.05962313840901311,2021-08-31,36
2021-08,23,SBM,0.0255305856246711,2021-08-31,36
2021-08,24,HPS,0.0136911223003515,2021-08-31,36
2021-08,25,MNG,0.009119462820331686,2021-08-31,36
2021-09,1,FBR,0.7791104350950546,2021-09-30,36
2021-09,2,SOT,0.7038517854986207,2021-09-30,36
2021-09,3,SID,0.5033566275699677,2021-09-30,36
2021-09,4,RDS,0.4338923029354106,2021-09-30,36
2021-09,5,MDP,0.3959463832682472,2021-09-30,36
2021-09,6,ADH,0.3743893821549606,2021-09-30,36
2021-09,7,LBV,0.2801915683443087,2021-09-30,36
2021-09,8,SNP,0.27971786835512186,2021-09-30,36
2021-09,9,JET,0.22314929337376815,2021-09-30,36
2021-09,10,AFM,0.21814113411534813,2021-09-30,36
2021-09,11,ATW,0.16989635299215433,2021-09-30,36
2021-09,12,LHM,0.15381140411594268,2021-09-30,36
2021-09,13,S2M,0.15276019471103186,2021-09-30,36
2021-09,14,NKL,0.1416529750136245,2021-09-30,36
2021-09,15,MSA,0.1008970627196951,2021-09-30,36
2021-09,16,SLF,0.07151388490197085,2021-09-30,36
2021-09,17,MUT,0.06965096029728375,2021-09-30,36
2021-09,18,HPS,0.06739683492660005,2021-09-30,36
2021-09,19,RIS,0.05466620049497588,2021-09-30,36
2021-09,20,TQM,0.047886242062879364,2021-09-30,36
2021-09,21,IAM,0.045994120456071014,2021-09-30,36
2021-09,22,SBM,0.0237166449006306,2021-09-30,36
2021-09,23,CMT,0.018307009984412488,2021-09-30,36
2021-09,24,IBC,0.017396630150592743,2021-09-30,36
2021-09,25,INV,0.006478731189803584,2021-09-30,36
2021-10,1,FBR,1.004509086279175,2021-10-29,36
2021-10,2,SOT,0.5369212297059718,2021-10-29,36
2021-10,3,MDP,0.48889989276954743,2021-10-29,36
2021-10,4,SID,0.35597037389104036,2021-10-29,36
2021-10,5,ADH,0.3394029650502813,2021-10-29,36
2021-10,6,LBV,0.2543535057368558,2021-10-29,36
2021-10,7,JET,0.2269115978745055,2021-10-29,36
2021-10,8,RDS,0.21447672707560744,2021-10-29,36
2021-10,9,AFM,0.20366629405233794,2021-10-29,36
2021-10,10,S2M,0.19757914916579078,2021-10-29,36
2021-10,11,M2M,0.162248312850172,2021-10-29,36
2021-10,12,INV,0.1334101965475702,2021-10-29,36
2021-10,13,MSA,0.12905876324830784,2021-10-29,36
2021-10,14,HPS,0.12293326237688802,2021-10-29,36
2021-10,15,SBM,0.10116083488973378,2021-10-29,36
2021-10,16,NKL,0.08145048800858219,2021-10-29,36
2021-10,17,IAM,0.07759404345196888,2021-10-29,36
2021-10,18,LHM,0.07414227945017979,2021-10-29,36
2021-10,19,TQM,0.07387125208645028,2021-10-29,36
2021-10,20,MIC,0.07120028863693371,2021-10-29,36
2021-10,21,SNP,0.0628936175185499,2021-10-29,36
2021-10,22,CMT,0.0600067250008567,2021-10-29,36
2021-10,23,SLF,0.049465935020039986,2021-10-29,36
2021-10,24,ATW,0.020786197861096804,2021-10-29,36
2021-10,25,ATH,0.000652275958312333,2021-10-29,36
2021-11,1,MDP,0.8557914965426008,2021-11-30,36
2021-11,2,FBR,0.7389900534809053,2021-11-30,36
2021-11,3,ADH,0.42923715971851945,2021-11-30,36
2021-11,4,IBC,0.36486790725758517,2021-11-30,36
2021-11,5,REB,0.36418174851594604,2021-11-30,36
2021-11,6,TQM,0.2795461343873357,2021-11-30,36
2021-11,7,SLF,0.24450131405425685,2021-11-30,36
2021-11,8,RDS,0.2259333598048533,2021-11-30,36
2021-11,9,PRO,0.2190857817945236,2021-11-30,36
2021-11,10,SID,0.2074253926788474,2021-11-30,36
2021-11,11,SOT,0.18228050640467242,2021-11-30,36
2021-11,12,INV,0.1374625476379056,2021-11-30,36
2021-11,13,MIC,0.11931016300433094,2021-11-30,36
2021-11,14,BAL,0.11678788133744188,2021-11-30,36
2021-11,15,LHM,0.10979977315741617,2021-11-30,36
2021-11,16,AFM,0.09594759921512709,2021-11-30,36
2021-11,17,LBV,0.09133331862542449,2021-11-30,36
2021-11,18,CTM,0.080527836969826,2021-11-30,36
2021-11,19,HPS,0.08010305409207129,2021-11-30,36
2021-11,20,NKL,0.05238078205694725,2021-11-30,36
2021-11,21,COL,0.04546070844233156,2021-11-30,36
2021-11,22,RIS,0.03511661844852697,2021-11-30,36
2021-11,23,DHO,0.025355487372104718,2021-11-30,36
2021-11,24,CSR,0.021240551627549675,2021-11-30,36
2021-11,25,DWY,0.019531208229063277,2021-11-30,36
2021-12,1,MDP,1.1218825022707546,2021-12-31,36
2021-12,2,MOX,0.8852130253436503,2021-12-31,36
2021-12,3,FBR,0.7615319883094853,2021-12-31,36
2021-12,4,IBC,0.5866347281045348,2021-12-31,36
2021-12,5,TQM,0.4106958725480954,2021-12-31,36
2021-12,6,INV,0.3949952475395106,2021-12-31,36
2021-12,7,LHM,0.3574895041539925,2021-12-31,36
2021-12,8,AFM,0.24255814789306768,2021-12-31,36
2021-12,9,DWY,0.2017288029624832,2021-12-31,36
2021-12,10,COL,0.16579320780143236,2021-12-31,36
2021-12,11,ATL,0.16243880308100966,2021-12-31,36
2021-12,12,GAZ,0.14728791459739826,2021-12-31,36
2021-12,13,NKL,0.13802069249231946,2021-12-31,36
2021-12,14,MIC,0.1277192866350605,2021-12-31,36
2021-12,15,BAL,0.12695271515635265,2021-12-31,36
2021-12,16,PRO,0.1194861099220144,2021-12-31,36
2021-12,17,S2M,0.06824769863984505,2021-12-31,36
2021-12,18,ATW,0.06375080582235203,2021-12-31,36
2021-12,19,MSA,0.057204396694320106,2021-12-31,36
2021-12,20,HPS,0.04640773601732247,2021-12-31,36
2021-12,21,CIH,0.018486741316100605,2021-12-31,36
2021-12,22,BCI,0.0031091161495410274,2021-12-31,36
2021-12,23,SOT,-0.0032478472422682036,2021-12-31,36
2021-12,24,RDS,-0.023600053842559712,2021-12-31,36
2021-12,25,SBM,-0.034724645631713305,2021-12-31,36
2022-01,1,MDP,1.5610297524242744,2022-01-31,42
2022-01,2,MOX,1.1602100710984835,2022-01-31,42
2022-01,3,IBC,0.48472993884242355,2022-01-31,42
2022-01,4,INV,0.40174996448614825,2022-01-31,42
2022-01,5,AFM,0.38374395610102785,2022-01-31,42
2022-01,6,GAZ,0.27347863391797994,2022-01-31,42
2022-01,7,TQM,0.21224646254173055,2022-01-31,42
2022-01,8,BCI,0.18181696118226465,2022-01-31,42
2022-01,9,JET,0.17688921989015471,2022-01-31,42
2022-01,10,DWY,0.15900549132372674,2022-01-31,42
2022-01,11,NKL,0.14942831909574736,2022-01-31,42
2022-01,12,EQD,0.14290298970469095,2022-01-31,42
2022-01,13,SLF,0.1287714580882195,2022-01-31,42
2022-01,14,CIH,0.10678375548123985,2022-01-31,42
2022-01,15,PRO,0.07371866553490337,2022-01-31,42
2022-01,16,TGC,0.07042383757650952,2022-01-31,42
2022-01,17,MSA,0.06820538899951134,2022-01-31,42
2022-01,18,LHM,0.05727988216248692,2022-01-31,42
2022-01,19,HPS,0.052674655260347175,2022-01-31,42
2022-01,20,ATL,0.05182277734949389,2022-01-31,42
2022-01,21,RIS,0.04317682021212357,2022-01-31,42
2022-01,22,SOT,0.03295764212346136,2022-01-31,42
2022-01,23,SBM,0.02641829863818201,2022-01-31,42
2022-01,24,AGM,0.025455729099961095,2022-01-31,42
2022-01,25,S2M,0.02538151007795005,2022-01-31,42
2022-02,1,MOX,1.100924331379322,2022-02-28,42
2022-02,2,MDP,0.8487364057636835,2022-02-28,42
2022-02,3,BAL,0.5831512706725555,2022-02-28,42
2022-02,4,TQM,0.43833750904571533,2022-02-28,42
2022-02,5,GAZ,0.4131078953177668,2022-02-28,42
2022-02,6,INV,0.41066434368583005,2022-02-28,42
2022-02,7,SLF,0.3277009664028202,2022-02-28,42
2022-02,8,IBC,0.31766318267297833,2022-02-28,42
2022-02,9,ATL,0.26503100049786016,2022-02-28,42
2022-02,10,CIH,0.24216800377564104,2022-02-28,42
2022-02,11,NKL,0.22289897576249046,2022-02-28,42
2022-02,12,PRO,0.1804499210004084,2022-02-28,42
2022-02,13,AGM,0.12790426758245285,2022-02-28,42
2022-02,14,TMA,0.12180865312154603,2022-02-28,42
2022-02,15,HPS,0.10886206933192659,2022-02-28,42
2022-02,16,ARD,0.10327543955890052,2022-02-28,42
2022-02,17,DWY,0.06764574110648404,2022-02-28,42
2022-02,18,BOA,0.03882750729167779,2022-02-28,42
2022-02,19,LHM,0.025890321642638676,2022-02-28,42
2022-02,20,MSA,0.006652264346408313,2022-02-28,42
2022-02,21,EQD,0.0016601114455284845,2022-02-28,42
2022-02,22,JET,-0.010077592113885547,2022-02-28,42
2022-02,23,SNP,-0.010845888779431077,2022-02-28,42
2022-02,24,LBV,-0.016185482187576972,2022-02-28,42
2022-02,25,TGC,-0.019932762080683033,2022-02-28,42
2022-03,1,TQM,0.49118652021619713,2022-03-31,42
2022-03,2,GAZ,0.4020042531502248,2022-03-31,42
2022-03,3,ATL,0.39314681779420246,2022-03-31,42
2022-03,4,INV,0.38596882171113733,2022-03-31,42
2022-03,5,MOX,0.3790915982223377,2022-03-31,42
2022-03,6,BAL,0.24231455945555452,2022-03-31,42
2022-03,7,SID,0.22589053039669435,2022-03-31,42
2022-03,8,IBC,0.2075794352146781,2022-03-31,42
2022-03,9,TMA,0.19572823454420873,2022-03-31,42
2022-03,10,BOA,0.18377920217821705,2022-03-31,42
2022-03,11,LHM,0.15670647091549286,2022-03-31,42
2022-03,12,TGC,0.15312578335398713,2022-03-31,42
2022-03,13,MDP,0.140313069010426,2022-03-31,42
2022-03,14,JET,0.13233355876860697,2022-03-31,42
2022-03,15,LBV,0.12241919295571223,2022-03-31,42
2022-03,16,ARD,0.11900372537355144,2022-03-31,42
2022-03,17,NKL,0.11201249489516935,2022-03-31,42
2022-03,18,SNP,0.10392644048042249,2022-03-31,42
2022-03,19,MAB,0.10291754541387983,2022-03-31,42
2022-03,20,AGM,0.0921106565094005,2022-03-31,42
2022-03,21,SLF,0.09076887117717619,2022-03-31,42
2022-03,22,RIS,0.08771842978816054,2022-03-31,42
2022-03,23,MSA,0.08473133184057441,2022-03-31,42
2022-03,24,AFM,0.07875431731604059,2022-03-31,42
2022-03,25,MIC,0.06167374318426956,2022-03-31,42
2022-04,1,CDM,0.37877595486796767,2022-04-29,42
2022-04,2,ATL,0.35553304164186833,2022-04-29,42
2022-04,3,GAZ,0.2979130999069378,2022-04-29,42
2022-04,4,IBC,0.29438469648762555,2022-04-29,42
2022-04,5,MNG,0.26923835159794485,2022-04-29,42
2022-04,6,TQM,0.26234603255842776,2022-04-29,42
2022-04,7,RIS,0.22321470616778005,2022-04-29,42
2022-04,8,TMA,0.17805855563544265,2022-04-29,42
2022-04,9,TGC,0.17600083965875576,2022-04-29,42
2022-04,10,ARD,0.16358634759847487,2022-04-29,42
2022-04,11,SOT,0.15979872752130653,2022-04-29,42
2022-04,12,JET,0.15381169921294838,2022-04-29,42
2022-04,13,AFM,0.15327387498565676,2022-04-29,42
2022-04,14,BAL,0.1503628677665885,2022-04-29,42
2022-04,15,MAB,0.1397359464892649,2022-04-29,42
2022-04,16,SID,0.13116228391457524,2022-04-29,42
2022-04,17,LBV,0.10560183679671796,2022-04-29,42
2022-04,18,MIC,0.10345067527017299,2022-04-29,42
2022-04,19,CTM,0.09655758391189424,2022-04-29,42
2022-04,20,BOA,0.09310015055812135,2022-04-29,42
2022-04,21,NKL,0.09171502994080609,2022-04-29,42
2022-04,22,LHM,0.08696018219647049,2022-04-29,42
2022-04,23,DWY,0.06752458612871177,2022-04-29,42
2022-04,24,CMT,0.0606810406096992,2022-04-29,42
2022-04,25,MSA,0.054834786546125946,2022-04-29,42
2022-05,1,ATL,0.29182469300051866,2022-05-31,42
2022-05,2,BCI,0.23151181988042124,2022-05-31,42
2022-05,3,ARD,0.22805018556444726,2022-05-31,42
2022-05,4,JET,0.2277760061944576,2022-05-31,42
2022-05,5,EQD,0.19997573326374746,2022-05-31,42
2022-05,6,SID,0.1915082636783948,2022-05-31,42
2022-05,7,MNG,0.18859906544260466,2022-05-31,42
2022-05,8,INV,0.1833360830068433,2022-05-31,42
2022-05,9,SNP,0.17060341523855685,2022-05-31,42
2022-05,10,IBC,0.15036423788339393,2022-05-31,42
2022-05,11,TGC,0.14499579925387823,2022-05-31,42
2022-05,12,TQM,0.13483564632443584,2022-05-31,42
2022-05,13,MOX,0.13251000357341253,2022-05-31,42
2022-05,14,DHO,0.12954305617815864,2022-05-31,42
2022-05,15,RIS,0.12580160559275166,2022-05-31,42
2022-05,16,NKL,0.12354651238937957,2022-05-31,42
2022-05,17,SOT,0.10479665558113148,2022-05-31,42
2022-05,18,SRM,0.10457790457373257,2022-05-31,42
2022-05,19,IMO,0.09987707105343728,2022-05-31,42
2022-05,20,M2M,0.09927973178733183,2022-05-31,42
2022-05,21,MSA,0.08921663765861597,2022-05-31,42
2022-05,22,CIH,0.0890901992709112,2022-05-31,42
2022-05,23,MIC,0.08125120116496841,2022-05-31,42
2022-05,24,GAZ,0.0784546339901916,2022-05-31,42
2022-05,25,OUL,0.06965168813496979,2022-05-31,42
2022-06,1,COL,0.40614016331979264,2022-06-30,42
2022-06,2,BCI,0.34559482445226586,2022-06-30,42
2022-06,3,NKL,0.34395483134488675,2022-06-30,42
2022-06,4,MNG,0.32466354754583016,2022-06-30,42
2022-06,5,ATL,0.2865380371630598,2022-06-30,42
2022-06,6,AFM,0.2622926488095115,2022-06-30,42
2022-06,7,RIS,0.25091110994587235,2022-06-30,42
2022-06,8,DWY,0.24782804631442992,2022-06-30,42
2022-06,9,SID,0.24210464690856906,2022-06-30,42
2022-06,10,SNP,0.23121372459081985,2022-06-30,42
2022-06,11,MDP,0.21805429725019768,2022-06-30,42
2022-06,12,ARD,0.21489698597146928,2022-06-30,42
2022-06,13,GAZ,0.18411934637094296,2022-06-30,42
2022-06,14,EQD,0.15833013157650827,2022-06-30,42
2022-06,15,SLF,0.1547787684805187,2022-06-30,42
2022-06,16,TQM,0.1540424124388717,2022-06-30,42
2022-06,17,MUT,0.1360444121820247,2022-06-30,42
2022-06,18,CMT,0.1234337951886446,2022-06-30,42
2022-06,19,JET,0.11594027562751281,2022-06-30,42
2022-06,20,CIH,0.09286944906402908,2022-06-30,42
2022-06,21,HPS,0.08147230970821506,2022-06-30,42
2022-06,22,SMI,0.07242311300817335,2022-06-30,42
2022-06,23,CSR,0.0635125130980952,2022-06-30,42
2022-06,24,SRM,0.05359370567557371,2022-06-30,42
2022-06,25,SOT,0.044836598009456996,2022-06-30,42
2022-07,1,AFM,0.451450940913346,2022-07-29,48
2022-07,2,COL,0.4274469593758023,2022-07-29,48
2022-07,3,SMI,0.31574349898699605,2022-07-29,48
2022-07,4,DWY,0.27409575095198097,2022-07-29,48
2022-07,5,HPS,0.26534174163139507,2022-07-29,48
2022-07,6,GAZ,0.2546844375679201,2022-07-29,48
2022-07,7,RIS,0.2280843889981457,2022-07-29,48
2022-07,8,CMT,0.2028061790538354,2022-07-29,48
2022-07,9,SLF,0.18918949583168482,2022-07-29,48
2022-07,10,MNG,0.1876377154648594,2022-07-29,48
2022-07,11,NKL,0.18348221168672268,2022-07-29,48
2022-07,12,IAM,0.1747843569826783,2022-07-29,48
2022-07,13,SNP,0.165826621041399,2022-07-29,48
2022-07,14,ATL,0.15387813195322148,2022-07-29,48
2022-07,15,TMA,0.1454757305940725,2022-07-29,48
2022-07,16,CDM,0.14051661290938672,2022-07-29,48
2022-07,17,CIH,0.13578116193408624,2022-07-29,48
2022-07,18,LBV,0.1319551048577666,2022-07-29,48
2022-07,19,MIC,0.13089790589872471,2022-07-29,48
2022-07,20,IBC,0.12232853970583274,2022-07-29,48
2022-07,21,SID,0.11455507119026152,2022-07-29,48
2022-07,22,JET,0.11045824976747351,2022-07-29,48
2022-07,23,CTM,0.10655389700276777,2022-07-29,48
2022-07,24,SBM,0.1058754734951335,2022-07-29,48
2022-07,25,IMO,0.10242853643915108,2022-07-29,48
2022-08,1,AFM,0.5461633709749859,2022-08-31,48
2022-08,2,BCI,0.4334828702788738,2022-08-31,48
2022-08,3,IBC,0.3998334617938597,2022-08-31,48
2022-08,4,TQM,0.35586623986904636,2022-08-31,48
2022-08,5,RIS,0.3446005052397225,2022-08-31,48
2022-08,6,DYT,0.3210968377833191,2022-08-31,48
2022-08,7,TMA,0.31349567382398497,2022-08-31,48
2022-08,8,DWY,0.2995016682697409,2022-08-31,48
2022-08,9,SBM,0.28690892587659655,2022-08-31,48
2022-08,10,NKL,0.282339756556925,2022-08-31,48
2022-08,11,GAZ,0.2529852475184737,2022-08-31,48
2022-08,12,COL,0.2481202882601516,2022-08-31,48
2022-08,13,CMT,0.18998244743584064,2022-08-31,48
2022-08,14,IAM,0.18786155052916337,2022-08-31,48
2022-08,15,IMO,0.1829760825119665,2022-08-31,48
2022-08,16,ALM,0.1709553657672967,2022-08-31,48
2022-08,17,JET,0.15858925282116215,2022-08-31,48
2022-08,18,CSR,0.1438263518102833,2022-08-31,48
2022-08,19,LBV,0.14245929870956867,2022-08-31,48
2022-08,20,PRO,0.13891076366807498,2022-08-31,48
2022-08,21,DHO,0.1363786412914151,2022-08-31,48
2022-08,22,DRI,0.13127655583529974,2022-08-31,48
2022-08,23,MIC,0.1302772885219608,2022-08-31,48
2022-08,24,ATL,0.1289578628732246,2022-08-31,48
2022-08,25,SNP,0.127689523315686,2022-08-31,48
2022-09,1,CSR,1.0753667759103576,2022-09-30,48
2022-09,2,AFM,0.5383307046164387,2022-09-30,48
2022-09,3,CDM,0.3338925704083767,2022-09-30,48
2022-09,4,BAL,0.27416868574554487,2022-09-30,48
2022-09,5,CMT,0.23749410359162731,2022-09-30,48
2022-09,6,SNP,0.23351282257181105,2022-09-30,48
2022-09,7,SID,0.22548421811603972,2022-09-30,48
2022-09,8,AGM,0.22271413150983677,2022-09-30,48
2022-09,9,MIC,0.2208261105213949,2022-09-30,48
2022-09,10,MOX,0.20716348675918714,2022-09-30,48
2022-09,11,MDP,0.1981000140148061,2022-09-30,48
2022-09,12,SMI,0.19641853398138037,2022-09-30,48
2022-09,13,TMA,0.19191382799457288,2022-09-30,48
2022-09,14,FBR,0.18729737042756808,2022-09-30,48
2022-09,15,IMO,0.1776500360001107,2022-09-30,48
2022-09,16,ATL,0.16905939893395833,2022-09-30,48
2022-09,17,INV,0.1687836251171282,2022-09-30,48
2022-09,18,DHO,0.1629029932602863,2022-09-30,48
2022-09,19,TGC,0.1534844792408645,2022-09-30,48
2022-09,20,JET,0.138439898457567,2022-09-30,48
2022-09,21,LBV,0.1343623884691007,2022-09-30,48
2022-09,22,HPS,0.1126646866890905,2022-09-30,48
2022-09,23,CTM,0.10055537531513148,2022-09-30,48
2022-09,24,LES,0.09783828177081115,2022-09-30,48
2022-09,25,GAZ,0.09431852283881258,2022-09-30,48
2022-10,1,CSR,1.0361991593966455,2022-10-31,48
2022-10,2,AFM,0.6616800423756847,2022-10-31,48
2022-10,3,INV,0.3758549263304237,2022-10-31,48
2022-10,4,MIC,0.348285783935073,2022-10-31,48
2022-10,5,LES,0.32463607253244187,2022-10-31,48
2022-10,6,TQM,0.32105595495696765,2022-10-31,48
2022-10,7,FBR,0.31921885445216586,2022-10-31,48
2022-10,8,EQD,0.2965924165725523,2022-10-31,48
2022-10,9,MDP,0.27390188189358844,2022-10-31,48
2022-10,10,NKL,0.2585434649882217,2022-10-31,48
2022-10,11,DHO,0.22153094904993653,2022-10-31,48
2022-10,12,MOX,0.20260162043022578,2022-10-31,48
2022-10,13,DYT,0.162499644282464,2022-10-31,48
2022-10,14,SMI,0.16125502479633458,2022-10-31,48
2022-10,15,SNP,0.16077181723240164,2022-10-31,48
2022-10,16,SOT,0.14131428945590382,2022-10-31,48
2022-10,17,ATL,0.13761034115309284,2022-10-31,48
2022-10,18,MSA,0.12851806735709054,2022-10-31,48
2022-10,19,SBM,0.11001090600839189,2022-10-31,48
2022-10,20,GAZ,0.1089668622978667,2022-10-31,48
2022-10,21,CMT,0.10405609447268117,2022-10-31,48
2022-10,22,JET,0.1016532243964538,2022-10-31,48
2022-10,23,MLE,0.0959973940192369,2022-10-31,48
2022-10,24,SLF,0.08806976618416702,2022-10-31,48
2022-10,25,DWY,0.08733309196365419,2022-10-31,48
2022-11,1,CSR,1.070616883996212,2022-11-30,48
2022-11,2,AFM,0.5360187249520891,2022-11-30,48
2022-11,3,FBR,0.36576436435790194,2022-11-30,48
2022-11,4,CTM,0.35942281104755464,2022-11-30,48
2022-11,5,LES,0.33002770094225414,2022-11-30,48
2022-11,6,MOX,0.30571354175099974,2022-11-30,48
2022-11,7,CRS,0.28570543801759984,2022-11-30,48
2022-11,8,SNP,0.2621738938462639,2022-11-30,48
2022-11,9,NKL,0.2461375735485316,2022-11-30,48
2022-11,10,MDP,0.22759755113737917,2022-11-30,48
2022-11,11,IBC,0.22604680231774446,2022-11-30,48
2022-11,12,RDS,0.22412776696111222,2022-11-30,48
2022-11,13,MIC,0.2076096639777566,2022-11-30,48
2022-11,14,EQD,0.20337800515773563,2022-11-30,48
2022-11,15,PRO,0.19670237055365536,2022-11-30,48
2022-11,16,DHO,0.1767159860572532,2022-11-30,48
2022-11,17,ATL,0.16692147367742485,2022-11-30,48
2022-11,18,MSA,0.1634260340946858,2022-11-30,48
2022-11,19,DYT,0.14785683470483574,2022-11-30,48
2022-11,20,JET,0.14260469514044946,2022-11-30,48
2022-11,21,SOT,0.13674638264266564,2022-11-30,48
2022-11,22,BOA,0.1322186457550812,2022-11-30,48
2022-11,23,TQM,0.13190997542825672,2022-11-30,48
2022-11,24,LBV,0.12933750304655034,2022-11-30,48
2022-11,25,ADI,0.12469964047616117,2022-11-30,48
2022-12,1,CSR,1.1223946117729795,2022-12-30,48
2022-12,2,AFM,0.5404365748055009,2022-12-30,48
2022-12,3,REB,0.5333574228898605,2022-12-30,48
2022-12,4,FBR,0.4313989491419765,2022-12-30,48
2022-12,5,DYT,0.39202202029214145,2022-12-30,48
2022-12,6,MNG,0.35126271765265565,2022-12-30,48
2022-12,7,LES,0.3154157613895489,2022-12-30,48
2022-12,8,MDP,0.29148086031542303,2022-12-30,48
2022-12,9,MIC,0.2570656874050825,2022-12-30,48
2022-12,10,HPS,0.2551050213939597,2022-12-30,48
2022-12,11,NKL,0.2502608779012958,2022-12-30,48
2022-12,12,TQM,0.2192808917444775,2022-12-30,48
2022-12,13,GAZ,0.2053334201783138,2022-12-30,48
2022-12,14,ATL,0.20020355754243832,2022-12-30,48
2022-12,15,INV,0.19615989148378904,2022-12-30,48
2022-12,16,ATH,0.16123161564374533,2022-12-30,48
2022-12,17,CIH,0.15543379782225364,2022-12-30,48
2022-12,18,COL,0.14583877383980987,2022-12-30,48
2022-12,19,JET,0.13874781545565779,2022-12-30,48
2022-12,20,BCI,0.1299060900090797,2022-12-30,48
2022-12,21,AGM,0.1266447378280414,2022-12-30,48
2022-12,22,TGC,0.11638718225978315,2022-12-30,48
2022-12,23,MOX,0.11609325783068906,2022-12-30,48
2022-12,24,AFI,0.11104184176237697,2022-12-30,48
2022-12,25,SOT,0.10814983460054227,2022-12-30,48
2023-01,1,CSR,0.8647683893090082,2023-01-31,54
2023-01,2,TQM,0.5169882408441534,2023-01-31,54
2023-01,3,IAM,0.43277034582085794,2023-01-31,54
2023-01,4,ATW,0.3984766275224063,2023-01-31,54
2023-01,5,AFI,0.3824780109494257,2023-01-31,54
2023-01,6,M2M,0.34597465753636863,2023-01-31,54
2023-01,7,AKT,0.3279348696351728,2023-01-31,54
2023-01,8,AFM,0.272817853084736,2023-01-31,54
2023-01,9,MDP,0.27263043085853056,2023-01-31,54
2023-01,10,DWY,0.2693803336321283,2023-01-31,54
2023-01,11,BCI,0.24814874816356763,2023-01-31,54
2023-01,12,MSA,0.23139863802201768,2023-01-31,54
2023-01,13,FBR,0.22862152207892758,2023-01-31,54
2023-01,14,CIH,0.22325483022522735,2023-01-31,54
2023-01,15,LES,0.22221888743892526,2023-01-31,54
2023-01,16,BOA,0.2123534373015419,2023-01-31,54
2023-01,17,COL,0.20234430404255005,2023-01-31,54
2023-01,18,TGC,0.19113078942517264,2023-01-31,54
2023-01,19,CMA,0.19108295778065082,2023-01-31,54
2023-01,20,INV,0.19033714578692448,2023-01-31,54
2023-01,21,MIC,0.1890112592373126,2023-01-31,54
2023-01,22,SAH,0.18864752332492168,2023-01-31,54
2023-01,23,HPS,0.18727992238679642,2023-01-31,54
2023-01,24,BCP,0.18491777946279825,2023-01-31,54
2023-01,25,S2M,0.18244036361037233,2023-01-31,54
2023-02,1,CSR,0.6653368176720945,2023-02-28,54
2023-02,2,TQM,0.5017236212396823,2023-02-28,54
2023-02,3,AFM,0.3804023082008835,2023-02-28,54
2023-02,4,HPS,0.3712066573569597,2023-02-28,54
2023-02,5,MIC,0.35775116072301505,2023-02-28,54
2023-02,6,DHO,0.3458607500605514,2023-02-28,54
2023-02,7,TGC,0.3168778119400533,2023-02-28,54
2023-02,8,SBM,0.3138980775751304,2023-02-28,54
2023-02,9,CMA,0.31301178374396704,2023-02-28,54
2023-02,10,IBC,0.3065098627161318,2023-02-28,54
2023-02,11,IAM,0.3054080588547984,2023-02-28,54
2023-02,12,ARD,0.2873679606351309,2023-02-28,54
2023-02,13,COL,0.26976606808976666,2023-02-28,54
2023-02,14,SLF,0.26834311042162906,2023-02-28,54
2023-02,15,CMT,0.2554616160212115,2023-02-28,54
2023-02,16,BOA,0.25232934450408684,2023-02-28,54
2023-02,17,SMI,0.23991334739582487,2023-02-28,54
2023-02,18,JET,0.23367615338039419,2023-02-28,54
2023-02,19,LES,0.23102240453171197,2023-02-28,54
2023-02,20,INV,0.22785442854841775,2023-02-28,54
2023-02,21,AFI,0.2237907922705579,2023-02-28,54
2023-02,22,BCP,0.18863216336565805,2023-02-28,54
2023-02,23,MAB,0.18357980761271864,2023-02-28,54
2023-02,24,CTM,0.16988371005255612,2023-02-28,54
2023-02,25,CIH,0.16652481642225148,2023-02-28,54
2023-03,1,CSR,0.7597770460927851,2023-03-31,54
2023-03,2,CDM,0.39524559468296316,2023-03-31,54
2023-03,3,AFM,0.3910748016398843,2023-03-31,54
2023-03,4,AFI,0.3279830949097802,2023-03-31,54
2023-03,5,CMT,0.31302053820031084,2023-03-31,54
2023-03,6,TQM,0.3011894843570172,2023-03-31,54
2023-03,7,CIH,0.2992747379471605,2023-03-31,54
2023-03,8,LES,0.27832057023941703,2023-03-31,54
2023-03,9,DYT,0.2678942556318987,2023-03-31,54
2023-03,10,CTM,0.24758823355286547,2023-03-31,54
2023-03,11,AKT,0.24031452859443814,2023-03-31,54
2023-03,12,SMI,0.23703959876396824,2023-03-31,54
2023-03,13,DWY,0.23205660935766415,2023-03-31,54
2023-03,14,M2M,0.230973716038092,2023-03-31,54
2023-03,15,INV,0.22678595117044442,2023-03-31,54
2023-03,16,ATL,0.2207820392037121,2023-03-31,54
2023-03,17,CMA,0.2123715434250913,2023-03-31,54
2023-03,18,CRS,0.21004647549455646,2023-03-31,54
2023-03,19,ADI,0.20899138364288153,2023-03-31,54
2023-03,20,COL,0.20724217937232237,2023-03-31,54
2023-03,21,MIC,0.20247085903835138,2023-03-31,54
2023-03,22,MAB,0.20129694556567052,2023-03-31,54
2023-03,23,IMO,0.19802397426374413,2023-03-31,54
2023-03,24,MNG,0.18148393598134377,2023-03-31,54
2023-03,25,HPS,0.17743283268694282,2023-03-31,54
2023-04,1,CSR,0.8120539646405889,2023-04-28,54
2023-04,2,CRS,0.72475676208255,2023-04-28,54
2023-04,3,ADI,0.3862550344879762,2023-04-28,54
2023-04,4,CDM,0.3804140654806599,2023-04-28,54
2023-04,5,CIH,0.3278302058279764,2023-04-28,54
2023-04,6,DYT,0.3126461961744683,2023-04-28,54
2023-04,7,MIC,0.30733698880396587,2023-04-28,54
2023-04,8,CTM,0.306745410836365,2023-04-28,54
2023-04,9,ATW,0.28227021772958016,2023-04-28,54
2023-04,10,INV,0.2814533977423084,2023-04-28,54
2023-04,11,MAB,0.27064578085127533,2023-04-28,54
2023-04,12,BOA,0.24535234128511568,2023-04-28,54
2023-04,13,SID,0.24433467575887974,2023-04-28,54
2023-04,14,BCP,0.2417090242367982,2023-04-28,54
2023-04,15,DHO,0.2373661403721949,2023-04-28,54
2023-04,16,SNP,0.235385857777536,2023-04-28,54
2023-04,17,FBR,0.2234560035900112,2023-04-28,54
2023-04,18,AKT,0.20173573904787262,2023-04-28,54
2023-04,19,EQD,0.20149952253326522,2023-04-28,54
2023-04,20,AFI,0.20015256170490064,2023-04-28,54
2023-04,21,MSA,0.18480605003323847,2023-04-28,54
2023-04,22,IAM,0.18465316148375732,2023-04-28,54
2023-04,23,COL,0.1785346472121526,2023-04-28,54
2023-04,24,IMO,0.1777684700814418,2023-04-28,54
2023-04,25,TGC,0.15650684898710798,2023-04-28,54
2023-05,1,REB,0.7878701294687069,2023-05-31,54
2023-05,2,CSR,0.6614989295529783,2023-05-31,54
2023-05,3,CMA,0.5244991357874209,2023-05-31,54
2023-05,4,SBM,0.43375025668787726,2023-05-31,54
2023-05,5,ADI,0.40876635235753306,2023-05-31,54
2023-05,6,AFI,0.3954062280676934,2023-05-31,54
2023-05,7,AFM,0.37766755659704027,2023-05-31,54
2023-05,8,SAH,0.3534671421959041,2023-05-31,54
2023-05,9,INV,0.3181610921905998,2023-05-31,54
2023-05,10,DWY,0.3014948644522411,2023-05-31,54
2023-05,11,ATL,0.29994051012990347,2023-05-31,54
2023-05,12,SID,0.2996524230948176,2023-05-31,54
2023-05,13,DYT,0.297711630084183,2023-05-31,54
2023-05,14,CDM,0.29714502534424847,2023-05-31,54
2023-05,15,MIC,0.2806095443571257,2023-05-31,54
2023-05,16,TGC,0.2609547719021176,2023-05-31,54
2023-05,17,SLF,0.26058781271467146,2023-05-31,54
2023-05,18,CMT,0.25786766070337874,2023-05-31,54
2023-05,19,BCP,0.24972322756951237,2023-05-31,54
2023-05,20,LHM,0.23071614083449224,2023-05-31,54
2023-05,21,MSA,0.229970679498197,2023-05-31,54
2023-05,22,S2M,0.20338180897500857,2023-05-31,54
2023-05,23,DHO,0.19866349827394716,2023-05-31,54
2023-05,24,NKL,0.19826347107722386,2023-05-31,54
2023-05,25,BOA,0.19287048444585755,2023-05-31,54
2023-06,1,REB,0.9760209733719193,2023-06-28,54
2023-06,2,CSR,0.8001655271836472,2023-06-28,54
2023-06,3,ADI,0.5826927831183135,2023-06-28,54
2023-06,4,AKT,0.46853030139790736,2023-06-28,54
2023-06,5,EQD,0.38669726242475566,2023-06-28,54
2023-06,6,SNP,0.3620884894593432,2023-06-28,54
2023-06,7,MOX,0.34233082178923985,2023-06-28,54
2023-06,8,BCI,0.3390901220119575,2023-06-28,54
2023-06,9,IAM,0.3265982328168121,2023-06-28,54
2023-06,10,CMA,0.31749040850915383,2023-06-28,54
2023-06,11,AFM,0.31376981380082264,2023-06-28,54
2023-06,12,MSA,0.3135828518189117,2023-06-28,54
2023-06,13,LES,0.31208034103487275,2023-06-28,54
2023-06,14,SOT,0.2897210330415145,2023-06-28,54
2023-06,15,CMT,0.283906564643079,2023-06-28,54
2023-06,16,MIC,0.2654464562621041,2023-06-28,54
2023-06,17,NKL,0.25945005534813836,2023-06-28,54
2023-06,18,ATL,0.25719198147248135,2023-06-28,54
2023-06,19,ATH,0.2481751405078082,2023-06-28,54
2023-06,20,FBR,0.2345952562585086,2023-06-28,54
2023-06,21,SLF,0.2343245767930464,2023-06-28,54
2023-06,22,SAH,0.22655164598990374,2023-06-28,54
2023-06,23,SID,0.22578699727090612,2023-06-28,54
2023-06,24,SMI,0.21925780930667718,2023-06-28,54
2023-06,25,DWY,0.20078012901811018,2023-06-28,54
2023-07,1,ADI,1.2430949332337462,2023-07-31,60
2023-07,2,CSR,0.9878061438323912,2023-07-31,60
2023-07,3,AKT,0.773267888220872,2023-07-31,60
2023-07,4,RDS,0.6852688137715113,2023-07-31,60
2023-07,5,ADH,0.5438018625897748,2023-07-31,60
2023-07,6,SNP,0.40344572823425523,2023-07-31,60
2023-07,7,BCI,0.35671448746087403,2023-07-31,60
2023-07,8,ATH,0.3522520860787299,2023-07-31,60
2023-07,9,MUT,0.310733832350173,2023-07-31,60
2023-07,10,CIH,0.2876729971636845,2023-07-31,60
2023-07,11,TMA,0.2823933298413242,2023-07-31,60
2023-07,12,MIC,0.26989123376694946,2023-07-31,60
2023-07,13,ARD,0.268718907600093,2023-07-31,60
2023-07,14,SOT,0.2559308623140895,2023-07-31,60
2023-07,15,SID,0.25076311058276807,2023-07-31,60
2023-07,16,EQD,0.22718663039664286,2023-07-31,60
2023-07,17,CMA,0.2156261395684724,2023-07-31,60
2023-07,18,ATW,0.20875878021141467,2023-07-31,60
2023-07,19,LHM,0.19677053598885086,2023-07-31,60
2023-07,20,MNG,0.18182109634212165,2023-07-31,60
2023-07,21,TGC,0.16238884019317287,2023-07-31,60
2023-07,22,FBR,0.1563062219943375,2023-07-31,60
2023-07,23,LBV,0.15368826923833862,2023-07-31,60
2023-07,24,ATL,0.12989849906528064,2023-07-31,60
2023-07,25,BOA,0.11634735195541371,2023-07-31,60
2023-08,1,ADI,0.9474175969650296,2023-08-31,60
2023-08,2,CSR,0.9425296248596045,2023-08-31,60
2023-08,3,AKT,0.8539653728754693,2023-08-31,60
2023-08,4,ADH,0.6915555333035891,2023-08-31,60
2023-08,5,TQM,0.5096710505331951,2023-08-31,60
2023-08,6,RDS,0.47982129920882477,2023-08-31,60
2023-08,7,JET,0.4399633859883011,2023-08-31,60
2023-08,8,SAH,0.3675844384612584,2023-08-31,60
2023-08,9,IBC,0.3455575461234196,2023-08-31,60
2023-08,10,RIS,0.3300835165932268,2023-08-31,60
2023-08,11,LHM,0.28029441611647177,2023-08-31,60
2023-08,12,GAZ,0.274115867810213,2023-08-31,60
2023-08,13,SNP,0.2215798507219933,2023-08-31,60
2023-08,14,DWY,0.2186604794802032,2023-08-31,60
2023-08,15,AFI,0.17482432034999543,2023-08-31,60
2023-08,16,TGC,0.17258438966320525,2023-08-31,60
2023-08,17,CMT,0.16103078240916813,2023-08-31,60
2023-08,18,TMA,0.15886116876385747,2023-08-31,60
2023-08,19,LES,0.14795780473096243,2023-08-31,60
2023-08,20,BCP,0.12991347119595287,2023-08-31,60
2023-08,21,BOA,0.11563182998408009,2023-08-31,60
2023-08,22,MDP,0.11321525165303264,2023-08-31,60
2023-08,23,MNG,0.11073278287085414,2023-08-31,60
2023-08,24,MUT,0.10352634457858156,2023-08-31,60
2023-08,25,SID,0.09355377648585411,2023-08-31,60
2023-09,1,CSR,0.9139446357331027,2023-09-27,60
2023-09,2,ADI,0.6985333938192863,2023-09-27,60
2023-09,3,RIS,0.5480219618462077,2023-09-27,60
2023-09,4,JET,0.46232741798752036,2023-09-27,60
2023-09,5,RDS,0.4598641844006742,2023-09-27,60
2023-09,6,AKT,0.4082063177312502,2023-09-27,60
2023-09,7,SNP,0.4029815772688654,2023-09-27,60
2023-09,8,ADH,0.3768001782787842,2023-09-27,60
2023-09,9,EQD,0.3138014944284478,2023-09-27,60
2023-09,10,TGC,0.24304595870625997,2023-09-27,60
2023-09,11,TQM,0.22898219416632035,2023-09-27,60
2023-09,12,BOA,0.22065303681789186,2023-09-27,60
2023-09,13,DHO,0.21700720871222276,2023-09-27,60
2023-09,14,SID,0.214101302020613,2023-09-27,60
2023-09,15,CIH,0.20399364869228118,2023-09-27,60
2023-09,16,ATH,0.19899561406332714,2023-09-27,60
2023-09,17,SBM,0.1958826287548893,2023-09-27,60
2023-09,18,FBR,0.1893532649398462,2023-09-27,60
2023-09,19,IBC,0.16310257473534986,2023-09-27,60
2023-09,20,ATL,0.1628586809053489,2023-09-27,60
2023-09,21,MNG,0.14955909571472814,2023-09-27,60
2023-09,22,CMT,0.1340200913657943,2023-09-27,60
2023-09,23,CMA,0.12552602319746836,2023-09-27,60
2023-09,24,LES,0.11772724092281334,2023-09-27,60
2023-09,25,MIC,0.10631381817415222,2023-09-27,60
2023-10,1,RDS,0.7526045249756494,2023-10-31,60
2023-10,2,ADH,0.7227430492824466,2023-10-31,60
2023-10,3,ADI,0.594092770724552,2023-10-31,60
2023-10,4,JET,0.4552100984731302,2023-10-31,60
2023-10,5,SID,0.4070302614633069,2023-10-31,60
2023-10,6,RIS,0.4019951091138247,2023-10-31,60
2023-10,7,AKT,0.3768902885752437,2023-10-31,60
2023-10,8,MUT,0.3261896616594355,2023-10-31,60
2023-10,9,TQM,0.2847073599448009,2023-10-31,60
2023-10,10,SOT,0.25967830097864714,2023-10-31,60
2023-10,11,CIH,0.24260519396049446,2023-10-31,60
2023-10,12,DWY,0.2405243815853427,2023-10-31,60
2023-10,13,CMA,0.23976134288221887,2023-10-31,60
2023-10,14,CSR,0.23575293507280357,2023-10-31,60
2023-10,15,GAZ,0.22672425538949129,2023-10-31,60
2023-10,16,BCI,0.20548348414757164,2023-10-31,60
2023-10,17,CMT,0.192878575133101,2023-10-31,60
2023-10,18,HPS,0.18266133094628337,2023-10-31,60
2023-10,19,IAM,0.18000083434542505,2023-10-31,60
2023-10,20,MNG,0.17604617559935135,2023-10-31,60
2023-10,21,MDP,0.17573045891394923,2023-10-31,60
2023-10,22,SMI,0.15588941988370156,2023-10-31,60
2023-10,23,ATL,0.14722955853488467,2023-10-31,60
2023-10,24,LHM,0.1348382694275175,2023-10-31,60
2023-10,25,TGC,0.13162207529171288,2023-10-31,60
2023-11,1,ADH,0.8305282266223976,2023-11-30,60
2023-11,2,ADI,0.6339269373642573,2023-11-30,60
2023-11,3,RDS,0.49812513699467137,2023-11-30,60
2023-11,4,MIC,0.4172151221761879,2023-11-30,60
2023-11,5,AKT,0.40843373509247993,2023-11-30,60
2023-11,6,EQD,0.4021313844172273,2023-11-30,60
2023-11,7,CMT,0.3968632334386053,2023-11-30,60
2023-11,8,HPS,0.3703463761772579,2023-11-30,60
2023-11,9,TGC,0.35322976640855264,2023-11-30,60
2023-11,10,TQM,0.3148138864182559,2023-11-30,60
2023-11,11,SID,0.3000213121508832,2023-11-30,60
2023-11,12,MNG,0.2895635798062295,2023-11-30,60
2023-11,13,SMI,0.2861443872885814,2023-11-30,60
2023-11,14,MOX,0.26733746675020587,2023-11-30,60
2023-11,15,LES,0.24960312196350806,2023-11-30,60
2023-11,16,RIS,0.2495214940156776,2023-11-30,60
2023-11,17,MUT,0.21403608073790906,2023-11-30,60
2023-11,18,LBV,0.21141649343133193,2023-11-30,60
2023-11,19,IAM,0.1969889722751164,2023-11-30,60
2023-11,20,IBC,0.1931651504079465,2023-11-30,60
2023-11,21,BCP,0.19223321104436086,2023-11-30,60
2023-11,22,BOA,0.1919189439760092,2023-11-30,60
2023-11,23,CIH,0.1609082060857241,2023-11-30,60
2023-11,24,CMA,0.1408945887009745,2023-11-30,60
2023-11,25,LHM,0.08672994136751067,2023-11-30,60
2023-12,1,SAH,0.5826317871668821,2023-12-29,60
2023-12,2,MIC,0.4834264695893665,2023-12-29,60
2023-12,3,MNG,0.4669706539203321,2023-12-29,60
2023-12,4,HPS,0.45968650361571606,2023-12-29,60
2023-12,5,JET,0.4552147080585996,2023-12-29,60
2023-12,6,SID,0.427137395559111,2023-12-29,60
2023-12,7,EQD,0.3975197055769116,2023-12-29,60
2023-12,8,NEJ,0.3475597799256061,2023-12-29,60
2023-12,9,RIS,0.330170605023854,2023-12-29,60
2023-12,10,CMT,0.3076461356806577,2023-12-29,60
2023-12,11,M2M,0.30248250085496664,2023-12-29,60
2023-12,12,TGC,0.2643816520820412,2023-12-29,60
2023-12,13,ADI,0.2643349748502215,2023-12-29,60
2023-12,14,TQM,0.25772684579426125,2023-12-29,60
2023-12,15,DHO,0.2244418203817414,2023-12-29,60
2023-12,16,S2M,0.21056177380702754,2023-12-29,60
2023-12,17,AKT,0.19404182430338943,2023-12-29,60
2023-12,18,BCI,0.1916139223676646,2023-12-29,60
2023-12,19,TMA,0.1844527360938794,2023-12-29,60
2023-12,20,ATL,0.1775597892830055,2023-12-29,60
2023-12,21,BOA,0.14229139300617324,2023-12-29,60
2023-12,22,CDM,0.1386843656170819,2023-12-29,60
2023-12,23,MUT,0.12814516877406865,2023-12-29,60
2023-12,24,IMO,0.1252700398997814,2023-12-29,60
2023-12,25,MOX,0.12447707180779316,2023-12-29,60
2024-01,1,ADI,1.0969767406117463,2024-01-31,66
2024-01,2,ADH,0.7377376275069415,2024-01-31,66
2024-01,3,JET,0.6203564692286458,2024-01-31,66
2024-01,4,DYT,0.5539215434920237,2024-01-31,66
2024-01,5,RDS,0.5534751491215174,2024-01-31,66
2024-01,6,AKT,0.4650974630397497,2024-01-31,66
2024-01,7,EQD,0.4643272376358124,2024-01-31,66
2024-01,8,BCI,0.45916790390282525,2024-01-31,66
2024-01,9,TGC,0.4429691724148411,2024-01-31,66
2024-01,10,SMI,0.4345149406314958,2024-01-31,66
2024-01,11,CFG,0.32669173811958113,2024-01-31,66
2024-01,12,DWY,0.32460623756522106,2024-01-31,66
2024-01,13,MUT,0.30577036085572984,2024-01-31,66
2024-01,14,TMA,0.2939534100428302,2024-01-31,66
2024-01,15,SID,0.28657039971638487,2024-01-31,66
2024-01,16,RIS,0.2656513337763206,2024-01-31,66
2024-01,17,BOA,0.26411987178985624,2024-01-31,66
2024-01,18,CIH,0.21677120763005167,2024-01-31,66
2024-01,19,ARD,0.2023495025753628,2024-01-31,66
2024-01,20,ATL,0.12122965930890636,2024-01-31,66
2024-01,21,TQM,0.11825353424828361,2024-01-31,66
2024-01,22,MIC,0.11687706609918128,2024-01-31,66
2024-01,23,BCP,0.11637283410676011,2024-01-31,66
2024-01,24,LHM,0.07072222088727323,2024-01-31,66
2024-01,25,MNG,0.06512719962888865,2024-01-31,66
2024-02,1,RDS,1.1391274592765175,2024-02-29,66
2024-02,2,JET,0.9090380494300662,2024-02-29,66
2024-02,3,ADI,0.7731088508265624,2024-02-29,66
2024-02,4,AKT,0.5880819853077063,2024-02-29,66
2024-02,5,ADH,0.46948540569000347,2024-02-29,66
2024-02,6,TGC,0.44967766672009807,2024-02-29,66
2024-02,7,SID,0.4389067520169784,2024-02-29,66
2024-02,8,BCI,0.4030500515209527,2024-02-29,66
2024-02,9,IMO,0.36268165472501207,2024-02-29,66
2024-02,10,CFG,0.3584323042836965,2024-02-29,66
2024-02,11,SMI,0.31124898823371844,2024-02-29,66
2024-02,12,MUT,0.2974267625353615,2024-02-29,66
2024-02,13,CIH,0.27855884768322664,2024-02-29,66
2024-02,14,MNG,0.2748173026050036,2024-02-29,66
2024-02,15,BOA,0.2609395671338096,2024-02-29,66
2024-02,16,DYT,0.20792154268300267,2024-02-29,66
2024-02,17,ARD,0.196699859625596,2024-02-29,66
2024-02,18,ATH,0.19569006949990492,2024-02-29,66
2024-02,19,IAM,0.18992354725211047,2024-02-29,66
2024-02,20,CMT,0.18230688466936817,2024-02-29,66
2024-02,21,TQM,0.16519284233319084,2024-02-29,66
2024-02,22,BCP,0.15672617712166312,2024-02-29,66
2024-02,23,SNP,0.14421590821119482,2024-02-29,66
2024-02,24,TMA,0.14257848288532693,2024-02-29,66
2024-02,25,RIS,0.1184764545817795,2024-02-29,66
2024-03,1,RDS,1.0046803050257536,2024-03-29,66
2024-03,2,JET,0.9581416238913613,2024-03-29,66
2024-03,3,ADI,0.7043740471302076,2024-03-29,66
2024-03,4,DYT,0.6745874326996848,2024-03-29,66
2024-03,5,CDM,0.5922955484658023,2024-03-29,66
2024-03,6,TGC,0.5176167289734244,2024-03-29,66
2024-03,7,SMI,0.4961438121506904,2024-03-29,66
2024-03,8,SNP,0.45190141342810514,2024-03-29,66
2024-03,9,SID,0.419991519922909,2024-03-29,66
2024-03,10,ADH,0.41645398094842573,2024-03-29,66
2024-03,11,AKT,0.39169363663931356,2024-03-29,66
2024-03,12,RIS,0.34949276609470376,2024-03-29,66
2024-03,13,EQD,0.3140665630254824,2024-03-29,66
2024-03,14,ARD,0.2616904396060984,2024-03-29,66
2024-03,15,BOA,0.2093207266543659,2024-03-29,66
2024-03,16,ATH,0.20717505575797734,2024-03-29,66
2024-03,17,CIH,0.20137517935208823,2024-03-29,66
2024-03,18,MUT,0.1879220683760605,2024-03-29,66
2024-03,19,CMT,0.18682580250657235,2024-03-29,66
2024-03,20,TMA,0.15636517837776617,2024-03-29,66
2024-03,21,ALM,0.1320633770880944,2024-03-29,66
2024-03,22,CFG,0.10661096910348955,2024-03-29,66
2024-03,23,S2M,0.07794984276320374,2024-03-29,66
2024-03,24,GAZ,0.07130959155565667,2024-03-29,66
2024-03,25,MNG,0.07095122631493067,2024-03-29,66
2024-04,1,JET,1.044679170057889,2024-04-30,66
2024-04,2,ADI,0.8848033277956047,2024-04-30,66
2024-04,3,ADH,0.7150278565722568,2024-04-30,66
2024-04,4,DYT,0.6700216285358811,2024-04-30,66
2024-04,5,TGC,0.4593256895561704,2024-04-30,66
2024-04,6,AKT,0.41333023583106016,2024-04-30,66
2024-04,7,FBR,0.3436755135805061,2024-04-30,66
2024-04,8,RIS,0.33754010382221195,2024-04-30,66
2024-04,9,SMI,0.33732764991759073,2024-04-30,66
2024-04,10,ATH,0.32172031939593443,2024-04-30,66
2024-04,11,CMT,0.28228811946391086,2024-04-30,66
2024-04,12,IMO,0.2691753395518992,2024-04-30,66
2024-04,13,BOA,0.262193527426174,2024-04-30,66
2024-04,14,BCI,0.24578931033052162,2024-04-30,66
2024-04,15,DHO,0.2378558882672816,2024-04-30,66
2024-04,16,CIH,0.2272071636400841,2024-04-30,66
2024-04,17,TMA,0.20317375102651605,2024-04-30,66
2024-04,18,MNG,0.20299206460108166,2024-04-30,66
2024-04,19,SNP,0.20286898564861428,2024-04-30,66
2024-04,20,ARD,0.18412689433600987,2024-04-30,66
2024-04,21,IAM,0.17382260115558168,2024-04-30,66
2024-04,22,MUT,0.1697353890997823,2024-04-30,66
2024-04,23,BCP,0.13338038676287944,2024-04-30,66
2024-04,24,SID,0.13033441809984553,2024-04-30,66
2024-04,25,TQM,0.10887209297903629,2024-04-30,66
2024-05,1,RDS,1.4554867387915504,2024-05-31,66
2024-05,2,SMI,0.602919186744021,2024-05-31,66
2024-05,3,ADI,0.5538988459203872,2024-05-31,66
2024-05,4,JET,0.5044039619761006,2024-05-31,66
2024-05,5,BCI,0.3896093695577803,2024-05-31,66
2024-05,6,MUT,0.36950968817903057,2024-05-31,66
2024-05,7,ADH,0.3538982929983797,2024-05-31,66
2024-05,8,CMT,0.3152589269125347,2024-05-31,66
2024-05,9,EQD,0.30182362243900296,2024-05-31,66
2024-05,10,BOA,0.296426435161262,2024-05-31,66
2024-05,11,SID,0.2938728129666063,2024-05-31,66
2024-05,12,CFG,0.2685910913926358,2024-05-31,66
2024-05,13,CIH,0.2664655638557955,2024-05-31,66
2024-05,14,CRS,0.2507099490282591,2024-05-31,66
2024-05,15,ATH,0.2489711255879464,2024-05-31,66
2024-05,16,SLF,0.24043909556853674,2024-05-31,66
2024-05,17,MNG,0.23952804468476357,2024-05-31,66
2024-05,18,DHO,0.2108781524040273,2024-05-31,66
2024-05,19,COL,0.21064553219857574,2024-05-31,66
2024-05,20,AKT,0.17250444821173033,2024-05-31,66
2024-05,21,TQM,0.16331526653420508,2024-05-31,66
2024-05,22,DYT,0.16212618923636857,2024-05-31,66
2024-05,23,LBV,0.15786043967187896,2024-05-31,66
2024-05,24,BCP,0.14881240589472217,2024-05-31,66
2024-05,25,ATW,0.12685515114441015,2024-05-31,66
2024-06,1,RDS,1.443527301077674,2024-06-28,66
2024-06,2,JET,0.725870179745793,2024-06-28,66
2024-06,3,ADH,0.4713528986030423,2024-06-28,66
2024-06,4,ADI,0.4189990677159196,2024-06-28,66
2024-06,5,AKT,0.3890517304391232,2024-06-28,66
2024-06,6,CFG,0.34399535323482333,2024-06-28,66
2024-06,7,DHO,0.3363297438459514,2024-06-28,66
2024-06,8,CIH,0.3222734879667212,2024-06-28,66
2024-06,9,SID,0.305436234132477,2024-06-28,66
2024-06,10,MUT,0.29945853352392293,2024-06-28,66
2024-06,11,CMT,0.2965725699638773,2024-06-28,66
2024-06,12,MNG,0.28211743055263444,2024-06-28,66
2024-06,13,ARD,0.28079330341572367,2024-06-28,66
2024-06,14,DYT,0.2712272725381415,2024-06-28,66
2024-06,15,EQD,0.2699548461361688,2024-06-28,66
2024-06,16,SLF,0.24383574171273842,2024-06-28,66
2024-06,17,BCI,0.23942128901419224,2024-06-28,66
2024-06,18,BOA,0.22243029127438244,2024-06-28,66
2024-06,19,LES,0.18237446260454268,2024-06-28,66
2024-06,20,LBV,0.16687245899627257,2024-06-28,66
2024-06,21,BCP,0.16473930973503564,2024-06-28,66
2024-06,22,IAM,0.14989031184477788,2024-06-28,66
2024-06,23,IBC,0.14455753726646078,2024-06-28,66
2024-06,24,TQM,0.13846175652520565,2024-06-28,66
2024-06,25,FBR,0.11608197149387824,2024-06-28,66
2024-07,1,RDS,1.5785035213870684,2024-07-31,72
2024-07,2,JET,0.7383539066464195,2024-07-31,72
2024-07,3,ADH,0.7050351459873836,2024-07-31,72
2024-07,4,ADI,0.6090399828781564,2024-07-31,72
2024-07,5,CMT,0.598165395668654,2024-07-31,72
2024-07,6,AKT,0.5900020053569054,2024-07-31,72
2024-07,7,IMO,0.574144638578834,2024-07-31,72
2024-07,8,CFG,0.552761306386355,2024-07-31,72
2024-07,9,MUT,0.472287170696001,2024-07-31,72
2024-07,10,ARD,0.4422630015584814,2024-07-31,72
2024-07,11,SID,0.4228162145208876,2024-07-31,72
2024-07,12,DHO,0.41568167400560907,2024-07-31,72
2024-07,13,CIH,0.40799153207474526,2024-07-31,72
2024-07,14,BCI,0.38103208615532635,2024-07-31,72
2024-07,15,HPS,0.37403567741094557,2024-07-31,72
2024-07,16,ATH,0.3722910949257827,2024-07-31,72
2024-07,17,TGC,0.30534894392871237,2024-07-31,72
2024-07,18,BOA,0.27741012880616206,2024-07-31,72
2024-07,19,MNG,0.246380778736676,2024-07-31,72
2024-07,20,IAM,0.2202920317175376,2024-07-31,72
2024-07,21,CRS,0.21922201364275584,2024-07-31,72
2024-07,22,S2M,0.1962646934610421,2024-07-31,72
2024-07,23,ALM,0.1892125141222454,2024-07-31,72
2024-07,24,ATL,0.1740478599412087,2024-07-31,72
2024-07,25,TQM,0.15057115619555383,2024-07-31,72
2024-08,1,RDS,1.1422184392838293,2024-08-30,72
2024-08,2,MDP,0.711264551480062,2024-08-30,72
2024-08,3,JET,0.6670737476748804,2024-08-30,72
2024-08,4,ADH,0.5648241996527043,2024-08-30,72
2024-08,5,ADI,0.4822532547907813,2024-08-30,72
2024-08,6,ATH,0.476672905995449,2024-08-30,72
2024-08,7,BCI,0.4687232097121603,2024-08-30,72
2024-08,8,IMO,0.4553201644932582,2024-08-30,72
2024-08,9,MUT,0.43217930497552437,2024-08-30,72
2024-08,10,SRM,0.41226642377792433,2024-08-30,72
2024-08,11,ARD,0.39225602545853033,2024-08-30,72
2024-08,12,AKT,0.3687719489986764,2024-08-30,72
2024-08,13,CIH,0.3672683304025184,2024-08-30,72
2024-08,14,DHO,0.3482632078911585,2024-08-30,72
2024-08,15,BOA,0.3351189285600711,2024-08-30,72
2024-08,16,SID,0.326256495258495,2024-08-30,72
2024-08,17,ATL,0.28291471252787803,2024-08-30,72
2024-08,18,SMI,0.2714648204577069,2024-08-30,72
2024-08,19,CRS,0.26494227604812803,2024-08-30,72
2024-08,20,MNG,0.2639992173895962,2024-08-30,72
2024-08,21,TGC,0.25616904282582886,2024-08-30,72
2024-08,22,INV,0.223279351583747,2024-08-30,72
2024-08,23,SNP,0.17493395943371293,2024-08-30,72
2024-08,24,AFI,0.17241303870329897,2024-08-30,72
2024-08,25,CFG,0.16541141018722627,2024-08-30,72
2024-09,1,SRM,1.151135951670078,2024-09-30,72
2024-09,2,ADI,1.0379118732231913,2024-09-30,72
2024-09,3,ATH,0.9262651938608824,2024-09-30,72
2024-09,4,DYT,0.7856984070747057,2024-09-30,72
2024-09,5,RDS,0.7108225523067001,2024-09-30,72
2024-09,6,JET,0.6229542987793139,2024-09-30,72
2024-09,7,ALM,0.6200541363047254,2024-09-30,72
2024-09,8,MUT,0.519946126581465,2024-09-30,72
2024-09,9,IMO,0.472763094584853,2024-09-30,72
2024-09,10,ARD,0.4561066097810006,2024-09-30,72
2024-09,11,REB,0.3912759395651054,2024-09-30,72
2024-09,12,NKL,0.3844892524580117,2024-09-30,72
2024-09,13,SNP,0.3780122357714274,2024-09-30,72
2024-09,14,SID,0.35955978110512765,2024-09-30,72
2024-09,15,MDP,0.31635182823427105,2024-09-30,72
2024-09,16,ADH,0.28679709130891756,2024-09-30,72
2024-09,17,BCI,0.27620737060901357,2024-09-30,72
2024-09,18,DHO,0.2520186926690836,2024-09-30,72
2024-09,19,BOA,0.22681606160215045,2024-09-30,72
2024-09,20,TMA,0.21765902450491262,2024-09-30,72
2024-09,21,CSR,0.19504488447029628,2024-09-30,72
2024-09,22,CIH,0.19290591662932352,2024-09-30,72
2024-09,23,FBR,0.18648074100228182,2024-09-30,72
2024-09,24,DRI,0.17838734267667095,2024-09-30,72
2024-09,25,ATL,0.1715151903890447,2024-09-30,72
2024-10,1,JET,1.2201556702906449,2024-10-31,72
2024-10,2,SRM,1.0233980172780281,2024-10-31,72
2024-10,3,ADI,0.9951614184204812,2024-10-31,72
2024-10,4,ATH,0.7743593159165115,2024-10-31,72
2024-10,5,ALM,0.7232689853155674,2024-10-31,72
2024-10,6,RDS,0.6710648071314862,2024-10-31,72
2024-10,7,MUT,0.5773555897841003,2024-10-31,72
2024-10,8,ARD,0.5023936926584529,2024-10-31,72
2024-10,9,BOA,0.36058242965275245,2024-10-31,72
2024-10,10,SID,0.3295411349643564,2024-10-31,72
2024-10,11,CIH,0.32184869870990035,2024-10-31,72
2024-10,12,DYT,0.3011683634311413,2024-10-31,72
2024-10,13,BCI,0.29384939653701836,2024-10-31,72
2024-10,14,SNP,0.23790814331887192,2024-10-31,72
2024-10,15,MNG,0.20070090015898068,2024-10-31,72
2024-10,16,AFI,0.1945468291386112,2024-10-31,72
2024-10,17,HPS,0.18891329412645028,2024-10-31,72
2024-10,18,CSR,0.17710805938803764,2024-10-31,72
2024-10,19,INV,0.1546080820458521,2024-10-31,72
2024-10,20,ADH,0.14827331975644556,2024-10-31,72
2024-10,21,SMI,0.1453588336870941,2024-10-31,72
2024-10,22,CRS,0.14535081169462064,2024-10-31,72
2024-10,23,DHO,0.1428431668398961,2024-10-31,72
2024-10,24,GAZ,0.14226116173995987,2024-10-31,72
2024-10,25,IMO,0.14196817512678633,2024-10-31,72
2024-11,1,SRM,1.3471065803926903,2024-11-29,72
2024-11,2,ADI,1.0190600557587175,2024-11-29,72
2024-11,3,ALM,0.7337706062828452,2024-11-29,72
2024-11,4,JET,0.6216614144470342,2024-11-29,72
2024-11,5,ATH,0.581161634678532,2024-11-29,72
2024-11,6,ARD,0.5485073855505888,2024-11-29,72
2024-11,7,S2M,0.528162657356478,2024-11-29,72
2024-11,8,IMO,0.4504241570618561,2024-11-29,72
2024-11,9,SNP,0.44164054820841003,2024-11-29,72
2024-11,10,SID,0.3753944392850994,2024-11-29,72
2024-11,11,MUT,0.355730023128337,2024-11-29,72
2024-11,12,AFI,0.3068288993080239,2024-11-29,72
2024-11,13,DWY,0.30277613053552377,2024-11-29,72
2024-11,14,DYT,0.30044040056011606,2024-11-29,72
2024-11,15,CIH,0.298310639737316,2024-11-29,72
2024-11,16,BCI,0.29628935678989343,2024-11-29,72
2024-11,17,CDM,0.29292796831105383,2024-11-29,72
2024-11,18,ADH,0.29050027979144033,2024-11-29,72
2024-11,19,CFG,0.2880226935493623,2024-11-29,72
2024-11,20,BOA,0.2494804343406816,2024-11-29,72
2024-11,21,RIS,0.23892799725347003,2024-11-29,72
2024-11,22,SOT,0.18047095923025328,2024-11-29,72
2024-11,23,RDS,0.17442298133264275,2024-11-29,72
2024-11,24,GAZ,0.1563430663214408,2024-11-29,72
2024-11,25,CSR,0.13290218957839675,2024-11-29,72
2024-12,1,ADI,1.1546437576053667,2024-12-31,72
2024-12,2,JET,0.8518087017952777,2024-12-31,72
2024-12,3,RDS,0.7739857351683,2024-12-31,72
2024-12,4,ALM,0.717009528792345,2024-12-31,72
2024-12,5,SNP,0.6733233329405104,2024-12-31,72
2024-12,6,CTM,0.6574729635635025,2024-12-31,72
2024-12,7,SRM,0.575130383843185,2024-12-31,72
2024-12,8,IMO,0.5621065516041979,2024-12-31,72
2024-12,9,ARD,0.5186720980765682,2024-12-31,72
2024-12,10,RIS,0.5161035774534558,2024-12-31,72
2024-12,11,BCI,0.4393775924968565,2024-12-31,72
2024-12,12,DYT,0.43827568162309416,2024-12-31,72
2024-12,13,HPS,0.4132083095808087,2024-12-31,72
2024-12,14,SID,0.3826702618616459,2024-12-31,72
2024-12,15,CMT,0.37386027548134837,2024-12-31,72
2024-12,16,MUT,0.3714356429898279,2024-12-31,72
2024-12,17,REB,0.3228501486636467,2024-12-31,72
2024-12,18,AFI,0.3081241025668007,2024-12-31,72
2024-12,19,CIH,0.2686486516594787,2024-12-31,72
2024-12,20,ADH,0.25436552978978333,2024-12-31,72
2024-12,21,IBC,0.2521425603000354,2024-12-31,72
2024-12,22,CFG,0.23892598028556017,2024-12-31,72
2024-12,23,ATH,0.22685420070860476,2024-12-31,72
2024-12,24,LES,0.22060160842387283,2024-12-31,72
2024-12,25,CDM,0.2096918534980915,2024-12-31,72
2025-01,1,JET,0.9911631697040927,2025-01-31,78
2025-01,2,RDS,0.9910071960800899,2025-01-31,78
2025-01,3,ADI,0.9099906848519547,2025-01-31,78
2025-01,4,DYT,0.8326787533471618,2025-01-31,78
2025-01,5,S2M,0.7977244993466125,2025-01-31,78
2025-01,6,SRM,0.7454588908009967,2025-01-31,78
2025-01,7,MOX,0.6204227018708156,2025-01-31,78
2025-01,8,DHO,0.5496798225784544,2025-01-31,78
2025-01,9,CMG,0.5323574633065523,2025-01-31,78
2025-01,10,ADH,0.48893266333026136,2025-01-31,78
2025-01,11,CTM,0.4572566411978019,2025-01-31,78
2025-01,12,SID,0.44175852514326375,2025-01-31,78
2025-01,13,RIS,0.36032317911197653,2025-01-31,78
2025-01,14,CMT,0.33938648093372004,2025-01-31,78
2025-01,15,ATH,0.3295858163073107,2025-01-31,78
2025-01,16,MUT,0.29292867519712557,2025-01-31,78
2025-01,17,ATL,0.2769523845805287,2025-01-31,78
2025-01,18,CFG,0.2479365329225381,2025-01-31,78
2025-01,19,SNP,0.23890470692586735,2025-01-31,78
2025-01,20,CDM,0.22795234915270862,2025-01-31,78
2025-01,21,DWY,0.21404189701282827,2025-01-31,78
2025-01,22,CIH,0.19714188040172387,2025-01-31,78
2025-01,23,BCI,0.17914930381321253,2025-01-31,78
2025-01,24,SMI,0.17048483800861075,2025-01-31,78
2025-01,25,FBR,0.16221792895368947,2025-01-31,78
2025-02,1,FBR,1.3997781156222084,2025-02-28,78
2025-02,2,S2M,1.1229507624792479,2025-02-28,78
2025-02,3,JET,1.0927370192306955,2025-02-28,78
2025-02,4,ADI,0.9140815432542667,2025-02-28,78
2025-02,5,SID,0.8062235885654037,2025-02-28,78
2025-02,6,ATH,0.5603472443525501,2025-02-28,78
2025-02,7,RDS,0.5403425259283342,2025-02-28,78
2025-02,8,MOX,0.442837749059407,2025-02-28,78
2025-02,9,TGC,0.402506551766637,2025-02-28,78
2025-02,10,IBC,0.3567370839724954,2025-02-28,78
2025-02,11,MNG,0.3520041452893382,2025-02-28,78
2025-02,12,SLF,0.3471919139852852,2025-02-28,78
2025-02,13,RIS,0.2879277875685371,2025-02-28,78
2025-02,14,ADH,0.2517321718635543,2025-02-28,78
2025-02,15,CMG,0.24168730233959557,2025-02-28,78
2025-02,16,ALM,0.19483333226524158,2025-02-28,78
2025-02,17,DHO,0.17272652827736124,2025-02-28,78
2025-02,18,CMT,0.16134625640014438,2025-02-28,78
2025-02,19,MUT,0.15655802563210341,2025-02-28,78
2025-02,20,ARD,0.1491448272904609,2025-02-28,78
2025-02,21,GAZ,0.14033805806020744,2025-02-28,78
2025-02,22,ATL,0.1281082205537124,2025-02-28,78
2025-02,23,IMO,0.12264928645492523,2025-02-28,78
2025-02,24,MSA,0.12144755889409455,2025-02-28,78
2025-02,25,SOT,0.11990939006978148,2025-02-28,78
2025-03,1,FBR,1.9963858577991604,2025-03-28,78
2025-03,2,SID,0.941896672968521,2025-03-28,78
2025-03,3,JET,0.7599755103652004,2025-03-28,78
2025-03,4,ALM,0.6622256759191363,2025-03-28,78
2025-03,5,DYT,0.6354104220942237,2025-03-28,78
2025-03,6,ADI,0.6201534396023693,2025-03-28,78
2025-03,7,DHO,0.5464781078065503,2025-03-28,78
2025-03,8,MNG,0.5319238078541136,2025-03-28,78
2025-03,9,ADH,0.4293726218431842,2025-03-28,78
2025-03,10,SLF,0.4218968498105893,2025-03-28,78
2025-03,11,TQM,0.37924205521217147,2025-03-28,78
2025-03,12,ATH,0.32814548909969043,2025-03-28,78
2025-03,13,DWY,0.3048278003352952,2025-03-28,78
2025-03,14,AFI,0.2956683075868421,2025-03-28,78
2025-03,15,CMG,0.2813858342490459,2025-03-28,78
2025-03,16,RIS,0.2773329931390735,2025-03-28,78
2025-03,17,MIC,0.2683330126454117,2025-03-28,78
2025-03,18,CDM,0.2503775741326341,2025-03-28,78
2025-03,19,CMT,0.2377997459460468,2025-03-28,78
2025-03,20,SMI,0.2366539051677134,2025-03-28,78
2025-03,21,EQD,0.1990648839124588,2025-03-28,78
2025-03,22,MOX,0.18649563153352494,2025-03-28,78
2025-03,23,CSR,0.161404241654785,2025-03-28,78
2025-03,24,ARD,0.15299481005369658,2025-03-28,78
2025-03,25,TMA,0.147987006100264,2025-03-28,78
2025-04,1,S2M,1.7176415674636958,2025-04-30,78
2025-04,2,FBR,1.1217092819642387,2025-04-30,78
2025-04,3,SRM,1.0118813730081266,2025-04-30,78
2025-04,4,SID,0.7869345935179823,2025-04-30,78
2025-04,5,DYT,0.6902100791697572,2025-04-30,78
2025-04,6,ADI,0.6108568675989904,2025-04-30,78
2025-04,7,JET,0.5471924888575083,2025-04-30,78
2025-04,8,ATH,0.3687221027946434,2025-04-30,78
2025-04,9,TQM,0.34508057792166763,2025-04-30,78
2025-04,10,DHO,0.32715759973661396,2025-04-30,78
2025-04,11,MNG,0.30431589328573205,2025-04-30,78
2025-04,12,AKT,0.25327981333651106,2025-04-30,78
2025-04,13,RDS,0.24006184104259143,2025-04-30,78
2025-04,14,MUT,0.23470991974467603,2025-04-30,78
2025-04,15,ALM,0.2309808233530587,2025-04-30,78
2025-04,16,SNP,0.2162950625131252,2025-04-30,78
2025-04,17,RIS,0.20087129733215575,2025-04-30,78
2025-04,18,TGC,0.189063866961649,2025-04-30,78
2025-04,19,CMT,0.1797039382251352,2025-04-30,78
2025-04,20,SMI,0.16622270031100844,2025-04-30,78
2025-04,21,ARD,0.16064133459394325,2025-04-30,78
2025-04,22,SOT,0.15968240456681834,2025-04-30,78
2025-04,23,CSR,0.15627137195721122,2025-04-30,78
2025-04,24,BOA,0.14526483585549926,2025-04-30,78
2025-04,25,IMO,0.13179549401290896,2025-04-30,78
2025-05,1,FBR,1.1285382596219198,2025-05-30,78
2025-05,2,SID,0.9240230713324296,2025-05-30,78
2025-05,3,JET,0.7382314130886051,2025-05-30,78
2025-05,4,S2M,0.7158255930819301,2025-05-30,78
2025-05,5,TQM,0.6849672542307534,2025-05-30,78
2025-05,6,DHO,0.6377347862333114,2025-05-30,78
2025-05,7,ADI,0.5695430607487979,2025-05-30,78
2025-05,8,CMG,0.5417100233115552,2025-05-30,78
2025-05,9,SOT,0.4719007980249235,2025-05-30,78
2025-05,10,ATH,0.4057183932136812,2025-05-30,78
2025-05,11,RIS,0.40225321014498516,2025-05-30,78
2025-05,12,SNP,0.362953174352996,2025-05-30,78
2025-05,13,TGC,0.34986399726158063,2025-05-30,78
2025-05,14,MIC,0.33709713121557305,2025-05-30,78
2025-05,15,MNG,0.3053719561350626,2025-05-30,78
2025-05,16,LBV,0.2563561734560473,2025-05-30,78
2025-05,17,DWY,0.2504951847796412,2025-05-30,78
2025-05,18,MUT,0.23007116493530805,2025-05-30,78
2025-05,19,CFG,0.2118363481971433,2025-05-30,78
2025-05,20,ADH,0.21082122586185564,2025-05-30,78
2025-05,21,CMT,0.20915237941631032,2025-05-30,78
2025-05,22,EQD,0.18671074789859254,2025-05-30,78
2025-05,23,BOA,0.17703495158504623,2025-05-30,78
2025-05,24,AKT,0.1586106258570874,2025-05-30,78
2025-05,25,CDM,0.15661645309898914,2025-05-30,78
2025-06,1,FBR,1.2798396365396225,2025-06-30,78
2025-06,2,INV,0.9826569693391829,2025-06-30,78
2025-06,3,S2M,0.8564027012343077,2025-06-30,78
2025-06,4,SRM,0.7103678800585003,2025-06-30,78
2025-06,5,AFI,0.6585200890578388,2025-06-30,78
2025-06,6,SID,0.5981480265724447,2025-06-30,78
2025-06,7,ADI,0.5346832015336291,2025-06-30,78
2025-06,8,JET,0.5170624300275967,2025-06-30,78
2025-06,9,ATH,0.38414583394979557,2025-06-30,78
2025-06,10,CMT,0.38203798238255376,2025-06-30,78
2025-06,11,MDP,0.32830552273517555,2025-06-30,78
2025-06,12,IBC,0.3099448940274389,2025-06-30,78
2025-06,13,DHO,0.2712419758542901,2025-06-30,78
2025-06,14,CTM,0.22657728204399863,2025-06-30,78
2025-06,15,MUT,0.21395188373467533,2025-06-30,78
2025-06,16,TQM,0.2061100691678544,2025-06-30,78
2025-06,17,RIS,0.19944849012456117,2025-06-30,78
2025-06,18,BCI,0.178898350769077,2025-06-30,78
2025-06,19,SNP,0.17868609554693443,2025-06-30,78
2025-06,20,EQD,0.15813059686601996,2025-06-30,78
2025-06,21,AKT,0.1492383336506074,2025-06-30,78
2025-06,22,MNG,0.1428730607655641,2025-06-30,78
2025-06,23,SOT,0.12616836287359928,2025-06-30,78
2025-06,24,ARD,0.1254280631445383,2025-06-30,78
2025-06,25,ATL,0.12410496156894872,2025-06-30,78
