date,ret,wealth100
2010-01-05,-0.0019975951281951954,99.80024048718047
2010-01-06,0.01565323850055389,101.36243745393895
2010-01-07,0.025600551043251096,103.95737170784687
2010-01-08,0.005755328576092511,104.55568053993251
2010-01-12,0.005713119771475039,105.15301966564523
2010-01-13,-0.006012652391228057,104.52077111050775
2010-01-14,0.005195479932458724,105.0638066793375
2010-01-15,-0.0021874365458808276,104.83398626895777
2010-01-18,0.00724269024780555,105.59326635894652
2010-01-19,0.009155860852955167,106.56006361273806
2010-01-20,0.0017381175549873173,106.74527752996393
2010-01-21,-0.003134084302325535,106.41072883130988
2010-01-22,-0.0048662687383240755,105.8929056281758
2010-01-25,-0.0015659197260098345,105.72708583840813
2010-01-26,0.0002476382646978692,105.75326791047672
2010-01-27,0.003218500417212944,106.09363484736822
2010-01-28,0.004268426440479756,106.54648772351733
2010-01-29,-0.005378839590443718,105.97339125712735
2010-02-01,-0.007503385674023644,105.17823203134091
2010-02-02,0.00585447706151343,105.79399557813893
2010-02-03,0.0019981851346027035,106.0053915674334
2010-02-04,-0.00271686928839987,105.71738877467905
2010-02-05,0.002293157218858921,105.95981536790661
2010-02-08,0.0020408163265306367,106.17605988906563
2010-02-09,0.005415871334240707,106.75109576820144
2010-02-10,0.0009810511781698228,106.85582405647574
2010-02-11,-0.0019601793201081685,106.64636747992711
2010-02-12,0.009047263998254174,107.61122532097282
2010-02-15,-0.005406720553648214,107.02940149722666
2010-02-16,0.0002718056046315809,107.05849268841396
2010-02-17,-0.0031249150838292827,106.7239439897599
2010-02-18,-0.002662232640971096,106.43982002249719
2010-02-19,0.007024096934359791,107.18746363601102
2010-02-22,0.0020807700658609374,107.4104961017804
2010-02-23,-0.0008847480273731501,107.31546487723517
2010-02-24,-0.0027921350345175844,107.01582560800591
2010-02-25,0.003977926585054137,107.44152670571351
2010-02-26,0.0015343237242548824,107.60637678910825
2010-03-01,-0.005443010597649733,107.02067413987044
2010-03-02,-0.003289116016092164,106.66867072650402
2010-03-03,0.000990900082726398,106.77436872115122
2010-03-04,0.001988920170738373,106.98673441681859
2010-03-05,-0.004323432642369562,106.52418447694039
2010-03-08,0.0006099115173141545,106.58915480392537
2010-03-09,0.003720921769666763,106.98576471044568
2010-03-10,-0.0018943513885867347,106.78309607850743
2010-03-11,0.0007900543956993467,106.86746053295064
2010-03-12,0.00011796090956939231,106.88006671579848
2010-03-15,-0.005017283771400538,106.3438190915791
2010-03-16,-0.002553207010376979,106.07230130716422
2010-03-17,0.0008959098970617863,106.16733253170945
2010-03-18,0.005936940557524473,106.79764167410113
2010-03-19,-0.0025786768845225128,106.5222450641946
2010-03-22,0.002102867546654563,106.74624723633687
2010-03-23,1.8168439603449826e-05,106.74818664908268
2010-03-24,0.0029523177965715686,107.0633412202785
2010-03-25,-0.0007245851749873022,106.98576471044568
2010-03-26,0.01773801754767601,108.8834800822311
2010-03-29,0.019236763592643813,110.97804584771731
2010-03-30,0.012337804185416745,112.34727124626664
2010-03-31,-0.014405689772737151,110.72883130987938
2010-04-01,-0.007084807510421398,109.94433885419497
2010-04-02,0.001384736150433552,110.09658275474187
2010-04-05,-0.00013211668545654032,110.08203715914824
2010-04-06,-0.0018058332819478329,109.88324735270163
2010-04-07,0.005912668996434833,110.53295062255152
2010-04-08,0.0005614724615303768,110.59501183041777
2010-04-09,-0.000955721174923263,110.48931383577056
2010-04-12,0.004168824216041589,110.94992436290295
2010-04-13,0.007193049923087669,111.74799270780811
2010-04-14,0.003019811001484074,112.0854505255809
2010-04-15,0.006505921946239557,112.81466971800941
2010-04-16,0.028588865298825095,116.03991311430903
2010-04-19,-0.0007604562737643095,115.9516698343742
2010-04-20,0.015103617843343908,117.70295954385017
2010-04-21,-0.008197396605701068,116.73810170280446
2010-04-22,0.0049175561739420726,117.31216787556735
2010-04-23,0.0031245608669416836,117.67871688452745
2010-04-26,0.0016645379259199178,117.87459757185535
2010-04-27,0.003109652261901852,118.24114658081544
2010-04-28,0.001640218149013828,118.4350878553975
2010-04-29,0.0055021083227577705,119.08673053799322
2010-04-30,0.0005130000732855855,119.14782203948656
2010-05-03,0.00034996337592563265,119.18951941352167
2010-05-04,0.0015132654804617118,119.36988479888298
2010-05-05,-0.005069090731849912,118.76478802218698
2010-05-06,-0.010802204531537019,117.48186649082668
2010-05-07,0.004680071315372292,118.03169000426679
2010-05-10,0.0013309343652183614,118.18878243667828
2010-05-11,3.281889712103414e-05,118.19266126216992
2010-05-12,9.024900520993029e-05,118.20332803227194
2010-05-13,0.003289689571438048,118.59218028780899
2010-05-14,0.0053149300473438466,119.22248943020068
2010-05-17,0.005758578899851097,119.90904154222115
2010-05-18,0.004674295418705121,120.46953182576328
2010-05-19,0.0027609411348032964,120.80214111167152
2010-05-20,-0.0016616362702286391,120.60141189247908
2010-05-21,-0.005346991613665808,119.95655715449374
2010-05-24,-0.025100239280864023,116.9456188666073
2010-05-25,-0.0109868241030191,115.66075792250116
2010-05-26,0.004820832704529154,116.21833908692459
2010-05-27,0.007225759080175864,117.0581048058649
2010-05-28,-0.006734871391293473,116.26973352468883
2010-05-31,0.006530333105369435,117.0290136146776
2010-06-01,0.0006877408128598272,117.10949924362912
2010-06-02,0.006036367249602659,117.81641518948074
2010-06-03,-0.0014815180621743362,117.6418680423569
2010-06-04,0.0025470461683028134,117.94150731158616
2010-06-07,0.0012661766398631702,118.09084209301434
2010-06-08,0.007595664312695094,118.98782048795637
2010-06-09,0.004539342325088791,119.52794693766742
2010-06-10,0.0002677224124223443,119.55994724797345
2010-06-11,-0.003187477188855925,119.17885264341972
2010-06-14,-0.005239947275064827,118.55436173926547
2010-06-15,0.0046540921657478584,119.10612466545143
2010-06-16,-0.010347887679419077,117.87362786548246
2010-06-17,-0.005668169403402534,117.20550017454727
2010-06-18,-0.002482067065452065,116.9145882626742
2010-06-21,-0.0019325354367282221,116.6886466777861
2010-06-22,-0.005085844399753903,116.09518637756501
2010-06-23,0.0069494328527754945,116.90198207982635
2010-06-24,0.0005557675398577544,116.96695240681136
2010-06-25,-0.0039047926977889835,116.51022070517061
2010-06-28,-0.006233874323761879,115.78391063186082
2010-06-29,-0.008073634224168957,114.84911368837531
2010-06-30,-0.005893428573841009,114.17225864008394
2010-07-01,-0.005894393531455155,113.49928241728419
2010-07-02,0.0069631338374129825,114.28959311120607
2010-07-05,-0.001255727133887552,114.14607656801536
2010-07-06,-0.002217276063612883,113.89298320468578
2010-07-07,-0.00606210249380601,113.20255226717364
2010-07-08,0.007966489348032901,114.10437919398022
2010-07-09,-0.002311568892401472,113.84061906054863
2010-07-12,0.007759993866964132,114.72402156626988
2010-07-13,0.011563038847753448,116.05057988441116
2010-07-14,-0.004319997326113878,115.54924168961654
2010-07-15,-0.0018714490722478994,115.33299716845755
2010-07-16,-0.003985336651644578,114.87335634769809
2010-07-19,-0.0028110280089819195,114.55044412551894
2010-07-20,-0.0007110870319735341,114.46898879019447
2010-07-21,0.00039815324664327356,114.51456498972125
2010-07-22,0.001524235341936686,114.6891121368451
2010-07-23,0.002528070887445777,114.97905434234525
2010-07-26,-0.005363874809186098,114.3623210891743
2010-07-27,-0.0006698605163860671,114.28571428571439
2010-07-28,0.0001781835460223924,114.30607811954552
2010-07-29,-0.00044113779617738214,114.25565338815417
2010-08-02,0.0002885635476341797,114.28862340483312
2010-08-03,-0.003606003784182743,113.87649819634626
2010-08-04,0.0008856038285334211,113.97734765912892
2010-08-05,-0.003777501744116729,113.54679802955675
2010-08-06,0.004415256119015609,114.0481362243514
2010-08-09,0.0012328778770693827,114.1887436484234
2010-08-10,0.0011464383980435144,114.31965400876629
2010-08-11,-0.007600240900492827,113.45079709863867
2010-08-12,-0.006273772383435183,112.73903262092253
2010-08-13,0.00018922940624954698,112.76036616112654
2010-08-16,0.0020295314018385913,112.98921686513337
2010-08-17,-0.00296089049854531,112.65466816647931
2010-08-18,-0.00665381238487095,111.90508514021967
2010-08-19,-0.0035095016507655785,111.512354059191
2010-08-23,0.008374204320150236,112.44618129630359
2010-08-24,0.0007243939668331034,112.52763663162806
2010-08-25,0.01064260661995986,113.72522400217227
2010-08-26,0.0020634731151623065,113.95989294441655
2010-08-27,0.0011061946902655162,114.0859547728949
2010-08-30,-0.0015639609009774347,113.90752880027941
2010-08-31,-0.0008853625729998704,113.80667933749673
2010-09-01,-0.0029992672244849583,113.46534269423229
2010-09-02,-0.001820357234424308,113.25879523680243
2010-09-03,0.0018322388417510993,113.46631240060523
2010-09-06,0.0019741733683158458,113.69031457274752
2010-09-07,-0.0005117619965541165,113.63213219037291
2010-09-08,0.0002645457493470893,113.66219308793313
2010-09-09,-0.002294967281786131,113.40134207362027
2010-09-13,0.00416438637296479,113.87358907722758
2010-09-14,-0.004053444150181829,113.41200884372229
2010-09-15,0.0020862724979693326,113.6486171987124
2010-09-16,-0.004129728069352079,113.17927931422382
2010-09-17,0.0010538491196503408,113.2985531980918
2010-09-20,0.0018658313220014655,113.50994918738624
2010-09-21,-0.0006150902132313618,113.44013032853668
2010-09-22,0.005120358339602005,114.02098444590993
2010-09-23,-0.0030021346623235745,113.6786780962726
2010-09-24,-0.00040945150558724386,113.63213219037291
2010-09-27,-4.2668669249512625e-05,113.62728365850836
2010-09-28,0.0089949392798927,114.6493541755558
2010-09-29,0.0020891306002654986,114.88887164966464
2010-09-30,0.004102027380610718,115.36014894689903
2010-10-01,-0.005959786153794444,114.67262712850564
2010-10-04,-0.0044141896748552956,114.16644040184644
2010-10-05,-0.011568549174827747,112.84570032194266
2010-10-06,0.009718916224832785,113.94243822970421
2010-10-07,0.009940256336062214,115.0750552732634
2010-10-08,-0.0003960562905537257,115.02947907373662
2010-10-11,-0.0022002478440098505,114.77638571040704
2010-10-12,0.005516973352934107,115.40960397191743
2010-10-13,0.00822585388396413,116.3589465109966
2010-10-14,0.006917012517292598,117.16380280051214
2010-10-15,0.0025739919221348107,117.46538148248726
2010-10-18,-0.0058694844594874285,116.77592025134804
2010-10-19,0.0021092141101441975,117.02222567006726
2010-10-20,0.00933061535656865,118.11411504596423
2010-10-21,0.01295523956520328,119.64431170241667
2010-10-22,-0.0009887990144430425,119.5260075249216
2010-10-25,0.0025799123803342816,119.83437415150706
2010-10-26,-0.008423829484212275,118.82490981730747
2010-10-27,-0.0011588336584053005,118.6872115123542
2010-10-28,-0.0007271538870051719,118.60090764516518
2010-10-29,-0.002771736464278085,118.2721771847486
2010-11-01,-0.0033451671353728063,117.87653698460119
2010-11-02,-0.0006498901767865162,117.79993018114128
2010-11-03,-0.0013500164636154333,117.64089833598399
2010-11-04,0.006239902403639919,118.37496606027706
2010-11-05,0.0018022003227577965,118.58830146231733
2010-11-08,0.0027883852714383206,118.91897133547975
2010-11-09,-0.0011823800903500992,118.77836391140777
2010-11-10,0.0010368277967818251,118.90151662076738
2010-11-11,-0.0018839303190448797,118.67751444862509
2010-11-12,-0.0002532990154022752,118.64745355106486
2010-11-15,-0.0012913349788318262,118.49423994414504
2010-11-16,0.0008429081148317863,118.59411970055478
2010-11-19,0.007890497878151104,119.5298863504132
2010-11-22,-0.0019551531671858635,119.29618711454182
2010-11-23,-0.0016419693878380048,119.10030642721394
2010-11-24,-0.0014818312829240066,118.92381986734426
2010-11-25,-0.006498748359004769,118.15096388813477
2010-11-26,-0.005597413043121446,117.48962414180997
2010-11-29,0.007667547045229428,118.39048136224362
2010-11-30,0.0012531841525444953,118.53884643729889
2010-12-01,0.0064135076324012275,119.29909623366053
2010-12-02,0.004714450603937381,119.8615259299485
2010-12-03,0.003268449751630209,120.25328730460426
2010-12-06,0.009862107894524685,121.43923819867352
2010-12-08,0.018054346697755408,123.63174430782368
2010-12-09,0.014353616640783162,125.40630697024953
2010-12-10,-0.009163032383780245,124.25720491835084
2010-12-13,-0.00691436643020471,123.39804507195234
2010-12-14,-0.008039103203853704,122.40603545246512
2010-12-15,-0.002590509387625839,122.08894146852344
2010-12-16,0.00010325409243638894,122.10154765137129
2010-12-17,0.009768417039931476,123.29428649005094
2010-12-20,0.00030673399084513164,123.33210503859445
2010-12-21,0.003954868891771879,123.81986734416832
2010-12-22,-0.0002741056324792046,123.78592762111647
2010-12-23,-0.0025694656608148403,123.4678639308019
2010-12-24,-0.006848615747103937,122.62227997362412
2010-12-27,-0.005915241235874169,121.89693960668721
2010-12-28,-0.006189093512588895,121.14250804856303
2010-12-29,-0.0027295940829444865,120.81183817540062
2010-12-30,0.014375612027033524,122.54858228928293
2010-12-31,0.0013847456420077453,122.71828090454224
2011-01-03,-0.005555028762880165,122.03657732438631
2011-01-04,0.01489086127025252,123.85380706722017
2011-01-05,0.010366183068045709,125.1376983049534
2011-01-06,0.006145047928274083,125.90667545867124
2011-01-07,0.003350277264325241,126.32849773088721
2011-01-10,0.009725580502782716,127.55711570536457
2011-01-12,0.01849599367502397,129.9164113106553
2011-01-13,-0.003508117186042159,129.46064931538749
2011-01-14,-0.004359387288865646,128.89628020635368
2011-01-17,-0.01527199957870351,126.9277762693458
2011-01-18,-0.003392083610277097,126.49722663977363
2011-01-19,-0.004369523721914348,125.94449400721477
2011-01-20,0.004242410243380457,126.47880221868834
2011-01-21,0.008287970558920499,127.52705480780438
2011-01-24,8.36431933450843e-05,127.5377215779064
2011-01-25,0.0001520658140843345,127.55711570536461
2011-01-26,0.0022578339997869623,127.84511849811895
2011-01-27,0.0015776818695532047,128.0468174236843
2011-01-28,-0.026089195513718577,124.70617896900838
2011-01-31,-0.02106499121320049,122.07924440479441
2011-02-01,-0.009873463973374186,120.87389938326693
2011-02-02,0.012137986361812958,122.34106512548017
2011-02-03,-0.011405879695314813,120.94565765486227
2011-02-04,0.007023507905455251,121.7951204375317
2011-02-07,0.015597133757961679,123.69477522206292
2011-02-08,0.017881921307003168,125.90667545867129
2011-02-09,-0.005760936537276606,125.18133509173441
2011-02-10,-0.013587209122176591,123.48047011364976
2011-02-11,0.0032904553236270395,123.88677708389919
2011-02-14,0.00024264815235164328,123.91683798145941
2011-02-15,8.608007011612351e-05,123.92750475156143
2011-02-18,-0.011799779340996297,122.46518754121274
2011-02-21,-0.02988336461030472,118.80551568984934
2011-02-22,0.004195336157431173,119.30394476552522
2011-02-23,0.004421649828092011,119.8314650323884
2011-02-24,0.012745296378717352,121.35875256972209
2011-02-25,0.015565321614062988,123.24774058415132
2011-02-28,0.007553226644007038,124.1786587021452
2011-03-01,0.0026550469318589176,124.50835886893468
2011-03-02,-0.0018224582937428346,124.28144757767367
2011-03-03,-0.006148372397865143,123.51731895582039
2011-03-04,-0.0006987187539253537,123.43101508863137
2011-03-07,-0.008288356234336547,122.40797486521102
2011-03-08,0.0032083782242220416,122.80070594623969
2011-03-09,6.317269044586737e-05,122.80846359722297
2011-03-10,0.010675510284654077,124.1195066133977
2011-03-11,-0.0023047415173793606,123.83344323338916
2011-03-14,-0.0014330237584376793,123.65598696714657
2011-03-15,-0.0065088339776817605,122.85113067763103
2011-03-16,-0.0020443763862687536,122.59997672704725
2011-03-17,-0.0014158032112631114,122.42639928629633
2011-03-18,0.002891066209376625,122.78034211240858
2011-03-21,-0.0021877171921400596,122.51173344711243
2011-03-22,-0.00011081297144976965,122.4981575578917
2011-03-23,-0.002746883039778436,122.16166944649183
2011-03-24,-0.0012780009207955523,122.0055467204533
2011-03-25,-0.013146077239164944,120.40165237965968
2011-03-28,0.0025772573149811517,120.71195841899096
2011-03-29,-0.0038077488492404,120.2523175982315
2011-03-30,-0.0010644388713721975,120.12431635700733
2011-03-31,-0.0172671278768457,118.05011442535222
2011-04-01,-0.01782516551939406,115.9458515961369
2011-04-04,-0.014970560685133139,114.21007718862751
2011-04-05,0.00031415035065984753,114.24595632442521
2011-04-06,0.018877053006832734,116.40258329777768
2011-04-07,0.01418705587350777,118.05399325084389
2011-04-08,-0.011113666606430095,116.74198052829627
2011-04-11,-0.001544991652061234,116.56161514293497
2011-04-12,-0.0062727219786526955,115.83045653776063
2011-04-13,-0.008664785808169206,114.82681044179847
2011-04-14,0.0008529396861858274,114.92475078546242
2011-04-15,0.00723115217483028,115.75578914704656
2011-04-18,-0.0021948195556747985,115.50172607734406
2011-04-19,0.002661405423558083,115.80912299755661
2011-04-20,0.0014988235491135704,115.98270043830755
2011-04-21,-0.003762353059211021,115.54633257049791
2011-04-22,0.00349122159186277,115.9497304216286
2011-04-25,0.0050178971665606475,116.53155424537476
2011-04-26,0.0012149252737740923,116.67313137581965
2011-04-27,0.002717797835735336,116.99022535976131
2011-04-28,-0.016088524182518937,115.10802528994246
2011-04-29,-0.02686514355034364,112.01563166673157
2011-05-02,0.024680777388218056,114.7802645358988
2011-05-03,0.011785478938208582,116.13300492610865
2011-05-04,-0.002212740374579414,115.87603273728742
2011-05-05,0.010385284863091648,117.07943834606908
2011-05-06,-0.013144272261195855,115.54051433226047
2011-05-09,0.002559798573227079,115.83627477599812
2011-05-10,0.000560880666359731,115.9012451029831
2011-05-11,-0.0006525995214271552,115.82560800589607
2011-05-12,0.00534978734804592,116.44525037818573
2011-05-13,0.004671768693320422,116.9892556533884
2011-05-16,-0.00818938364112587,116.03118575695306
2011-05-17,0.006727619174968336,116.81179938714585
2011-05-18,0.0008882542897701295,116.91555796904724
2011-05-19,-0.003964567712825939,116.45203832279614
2011-05-20,-0.010691981014239293,115.20693533997934
2011-05-23,0.003627762907597365,115.62487878670369
2011-05-24,0.0018031315782851554,115.83336565687938
2011-05-25,0.004378327696480611,116.34052208991146
2011-05-26,0.008510106272139994,117.33059229665285
2011-05-27,0.004537340077357843,117.8629610953806
2011-05-30,0.001949895100580079,118.09278150576033
2011-05-31,0.0015191079141416708,118.27217718474874
2011-06-01,0.0004919363434372492,118.33035956712337
2011-06-02,-0.00025404213821533794,118.30029866956315
2011-06-03,-0.0002541066920227486,118.27023777200291
2011-06-06,-0.004911245029311617,117.68938365462967
2011-06-07,-0.006904734439629023,116.87676971413083
2011-06-08,-0.0022401433691756623,116.61494899344504
2011-06-09,-0.002344958339569825,116.34149179628434
2011-06-10,0.00324231512969253,116.71870757534644
2011-06-13,-0.003389689693847786,116.32306737519905
2011-06-14,-0.0005001792308910735,116.26488499282442
2011-06-15,-0.005638172764956595,115.60936348473705
2011-06-16,-0.008815561016934925,114.59020208680835
2011-06-17,-0.00638910044850638,113.85807377526109
2011-06-20,-0.0046672060639610935,113.32667468290627
2011-06-21,-0.005835693566190736,112.66533493658144
2011-06-22,0.00340835736110523,113.04933866025392
2011-06-23,-0.004829260342594566,112.50339397230542
2011-06-24,-2.5858056508454297e-05,112.50048485318669
2011-06-27,0.0022410895142870313,112.75260851014338
2011-06-28,-0.0005504192646742512,112.69054730227712
2011-06-29,-0.009319255492165168,111.64035530041528
2011-06-30,-0.00016503370161902176,111.62193087933
2011-07-01,0.000642868932924312,111.69368915092535
2011-07-04,0.007761562036064484,112.56060664830716
2011-07-05,-0.007236575721288441,111.74605329506252
2011-07-06,0.002759530359172757,112.05441992164799
2011-07-07,0.003989442256933984,112.50145455955965
2011-07-08,-0.0020342021790098475,112.2726038555528
2011-07-11,-0.0065987217135947684,111.53174818664935
2011-07-12,-0.002469221673506272,111.25635157674283
2011-07-13,0.0029285639577449896,111.58217291804068
2011-07-14,-0.007925748253206688,110.69780070594652
2011-07-15,0.003740495462349669,111.1118653271792
2011-07-18,-0.0032989186877634413,110.74531631821911
2011-07-19,-0.008546035637669092,109.79888289825868
2011-07-20,0.0045129781239787725,110.29440285481581
2011-07-21,-0.0016616845436960848,110.11112835033579
2011-07-22,-0.006455249183186518,109.40033357899253
2011-07-25,0.005256253434735791,109.97536945812834
2011-07-26,-0.00875576443202164,109.01245102982841
2011-07-27,-0.002508495080858819,108.73899383266772
2011-07-28,0.0013644146393663181,108.88735890772297
2011-07-29,-0.0023065482816659877,108.63620495713921
2011-08-01,0.0008390609658126547,108.72735735619277
2011-08-02,-0.0011861867218435629,108.59838640859572
2011-08-03,-0.005429007688117937,108.00880493386624
2011-08-04,-0.007765996606304393,107.17000892129884
2011-08-05,-0.0028321178450568807,106.86649082657793
2011-08-08,-0.00594346898961029,106.2313331523217
2011-08-09,-0.015545413053400181,104.57992319925549
2011-08-10,0.021168878132910462,106.79376284860966
2011-08-11,0.0020339598656133884,107.01097707614157
2011-08-12,0.03001250521050447,110.22264458322044
2011-08-15,0.003554273045589751,110.61440595787619
2011-08-16,-0.005899886034890778,109.96179356890758
2011-08-17,0.0017108036367805557,110.14991660525217
2011-08-18,0.0044985958394592185,110.64543656180933
2011-08-19,-0.0048465408143592015,110.10918893758995
2011-08-22,0.0014707306977606027,110.27112990186598
2011-08-23,0.00011431988462473619,110.28373608471381
2011-08-24,-0.00597912581663429,109.62433575113482
2011-08-25,-0.003246379888366846,109.26845351227676
2011-08-26,0.005582080545251111,109.87839882083732
2011-08-29,0.008675238944144903,110.83162018540813
2011-08-30,0.007673193693457314,111.68205267445046
2011-09-02,0.008378845369059862,112.61781932430888
2011-09-05,0.007198456981470036,113.42849385206189
2011-09-06,0.0027442464863385307,113.73976959776608
2011-09-07,0.0058827039976809825,114.40886699507418
2011-09-08,-0.009450514057109949,113.3276443892792
2011-09-09,-0.013006126570147547,111.85369070245557
2011-09-12,0.0035891389534279394,112.25514914084043
2011-09-13,0.004837511445897613,112.79818470967018
2011-09-14,-0.0010832000825296006,112.67600170668348
2011-09-15,-0.012745705532032137,111.23986656840334
2011-09-16,-0.0033561434860306383,110.86652961483287
2011-09-19,0.009542552260998871,111.924479267678
2011-09-20,-0.005423623084187534,111.31744307823614
2011-09-21,0.002160372838538205,111.5579302587179
2011-09-22,-0.00670184191997758,110.81028664520409
2011-09-23,-0.0029228507420892003,110.48640471665203
2011-09-26,-0.009619266618687283,109.42360653194237
2011-09-27,0.0077098952517680175,110.26725107637432
2011-09-28,-0.0031834810749965525,109.9162173693808
2011-09-29,0.0029466254962504657,110.24009929793282
2011-09-30,0.008725942085078042,111.20204801985982
2011-10-03,-0.002459102166102789,110.92859082269912
2011-10-04,-0.003050859310802956,110.59016329855345
2011-10-05,-0.005041869437502733,110.03258213413002
2011-10-06,0.009940953556005994,111.12641092277282
2011-10-07,-0.007469589347108951,110.29634226756161
2011-10-10,0.00391236306729259,110.7278616035067
2011-10-11,0.00099836233546724,110.83840813001846
2011-10-12,0.0023184399086622065,111.09538031883967
2011-10-13,0.0024614632613515486,111.36883751600037
2011-10-14,0.005389732516021262,111.96908576083185
2011-10-17,-0.00814085409684151,111.05756177029618
2011-10-18,-0.006190679927004283,110.37003995190275
2011-10-19,-0.001739619392363223,110.17803809006652
2011-10-20,0.0026491814821334447,110.46991970831253
2011-10-21,-0.0009216913475127431,110.36810053915696
2011-10-24,0.00030751388205518815,110.40204026220881
2011-10-25,-0.002599889329035321,110.11500717582736
2011-10-26,0.002034256527673861,110.33900934796965
2011-10-27,-0.0035593130965144715,109.946278266941
2011-10-28,-0.005203693740573834,109.37415150692391
2011-10-31,0.0064810135560462445,110.08300686552136
2011-11-01,-0.010068532971582722,108.97463248128487
2011-11-02,0.0021178334030380608,109.20542259803754
2011-11-03,-0.0020245611230987892,108.98432954501398
2011-11-04,0.0014948082107679728,109.1472402156629
2011-11-09,0.002514281652851391,109.42166711919651
2011-11-10,-0.0035005317263381297,109.03863310189696
2011-11-11,-0.0017252879185378767,108.85051006555237
2011-11-14,-0.0009354036935083077,108.74869089639681
2011-11-15,-0.0009451964403546231,108.6459020208683
2011-11-16,-0.003454123527311781,108.270625654552
2011-11-17,-0.005320054096172977,107.6946200690433
2011-11-21,-0.0028453344618626364,107.38819285520364
2011-11-22,-0.011838220022935886,106.11690780031829
2011-11-23,-0.005071642663937448,105.57872076335306
2011-11-24,0.0019655207252220475,105.78623792715587
2011-11-25,-0.006682494431254571,105.07932198130428
2011-11-28,0.0027315848729259073,105.36635506768573
2011-11-29,0.0007638646026983942,105.44684069663728
2011-11-30,0.007228184401467663,106.20902990574477
2011-12-01,-0.005916349393300435,105.58066017609889
2011-12-02,0.004142212915254628,106.01799775028142
2011-12-05,-0.0021677490167383295,105.7881773399017
2011-12-06,-0.0033091032421876942,105.4381133392811
2011-12-07,0.0006989662656806672,105.51181102362229
2011-12-08,0.009714359238291337,106.53679065978845
2011-12-09,-0.010667637555181408,105.40029479073758
2011-12-12,0.007691387669859218,106.21096931849058
2011-12-13,0.004994111148645564,106.74139870447252
2011-12-14,-0.0021258039899705317,106.51448741321153
2011-12-15,-0.005835654849693284,105.89290562817601
2011-12-16,0.004926694810486909,106.41460765680173
2011-12-19,0.011846289833149504,107.6752259415851
2011-12-20,0.012545141797026371,109.02602691904913
2011-12-21,0.008716379678383346,109.9763391645012
2011-12-22,-0.0036151377279299846,109.57875955160799
2011-12-23,-0.015769632395886912,107.85074279508184
2011-12-26,0.0057453695378528735,108.4703851673715
2011-12-27,-0.018201485799086425,106.49606299212616
2011-12-28,0.006018775666299492,107.13703890461986
2011-12-29,-0.003919119510517266,106.71715604514971
2011-12-30,0.0020535933339997925,106.93630968542745
2012-01-02,-0.005350163678736308,106.36418292541036
2012-01-03,0.0012672422438393394,106.49897211124491
2012-01-04,0.013266439640886363,107.91183429657518
2012-01-05,-0.005652255960029828,107.30188898801461
2012-01-06,-0.0035425741500532126,106.92176408983379
2012-01-09,0.003364713137798958,107.28152515418347
2012-01-10,0.002558007104570992,107.55595205771709
2012-01-12,-0.004084171805690873,107.11667507078873
2012-01-13,-0.0050967292215492455,106.57073038284024
2012-01-16,-0.0004822565969062609,106.519335945076
2012-01-17,0.0017205749815651927,106.70261044955602
2012-01-18,0.0032534806790505133,107.0497653310579
2012-01-19,-0.0005525662626592043,106.99061324231036
2012-01-20,0.011356529778035584,108.20565532756694
2012-01-23,0.004498772247414351,108.69244792676788
2012-01-24,-0.003265291556633909,108.33753539428275
2012-01-25,-0.0005101949481749468,108.28226213102685
2012-01-26,-0.0011194196928312472,108.16104883441307
2012-01-27,0.0013627398242783695,108.30844420309545
2012-01-30,2.685957812542661e-05,108.31135332221416
2012-01-31,0.003778145843591929,108.7205694115823
2012-02-01,0.0006332670335451596,108.78941856405892
2012-02-02,0.004225050807573183,109.24905938481841
2012-02-03,0.008405673607782438,110.16737131996443
2012-02-07,0.009699935744527322,111.23598774291156
2012-02-08,0.00431519209142972,111.71599239750216
2012-02-09,-0.003602242938735789,111.31356425274438
2012-02-10,-0.010932912859022093,110.09658275474199
2012-02-13,-0.00034350338218713805,110.05876420619849
2012-02-14,-0.003947240896235216,109.62433575113468
2012-02-15,0.0030517740095004076,109.95888444978874
2012-02-16,-0.0009347937280632657,109.85609557426024
2012-02-17,0.006011228020620152,110.51646561421215
2012-02-20,0.001632022743026651,110.69683099957348
2012-02-21,-0.0008059217730279622,110.60761801326574
2012-02-22,0.006601614897030705,111.33780691206718
2012-02-23,-0.007342182274247544,110.5203444397038
2012-02-24,0.002079439867337163,110.75016485008355
2012-02-27,-0.006987128972944512,109.97633916450116
2012-02-28,0.0028215709096039987,110.28664520383246
2012-02-29,0.002259698237962793,110.5358597416704
2012-03-01,0.0035354288571705084,110.92665140995325
2012-03-02,-0.0022204349954543234,110.68034599123405
2012-03-05,-0.0004643501725980492,110.62895155346979
2012-03-06,-0.0005259236534163048,110.57076917109518
2012-03-07,-0.0014821311115983393,110.40688879407334
2012-03-08,-0.0015897273749297947,110.23137194057657
2012-03-09,-0.0010732351000660723,110.11306776308152
2012-03-12,-0.0048435532306499995,109.57972925798086
2012-03-13,-0.002955673743174958,109.25584732942882
2012-03-14,-0.003612351223495236,108.86117683565435
2012-03-15,-0.004997238602554743,108.31717156045168
2012-03-16,-0.007314169076373611,107.52492145378399
2012-03-19,0.0003336820461024015,107.56080058958169
2012-03-20,-0.004381496740923807,107.08952329234727
2012-03-21,-0.00486258885317159,106.56879097009444
2012-03-22,0.0031392746000837857,106.9033396687485
2012-03-23,-0.002131654617526735,106.67545867111458
2012-03-26,-0.0002999781834047699,106.64345836080855
2012-03-27,-0.004373721300295563,106.17702959543871
2012-03-28,-0.0036257694485541947,105.79205616539333
2012-03-29,0.0014482524725702994,105.94526977231315
2012-03-30,0.0021051668115876776,106.16830223808253
2012-04-02,-0.004612503995981232,105.67860051976284
2012-04-03,-0.014617360983666616,104.13385826771678
2012-04-04,-0.008297093689180302,103.26984988945371
2012-04-05,-0.0037372295673078204,102.8839067530354
2012-04-06,-0.009217892891477675,101.93553392032915
2012-04-09,0.00471841704718412,102.41650828129265
2012-04-10,0.001855779427359483,102.60657073038305
2012-04-11,-0.008193777643367595,101.76583530506984
2012-04-12,-0.009547858402020215,100.79418951941372
2012-04-13,-0.015537361823307005,99.22811372716362
2012-04-16,0.005941677742162588,99.81769520189307
2012-04-17,0.009394186679101413,100.75540126449731
2012-04-18,0.006361702741980446,101.39637717699101
2012-04-19,-0.005757239585325591,100.81261394049903
2012-04-20,-0.0017314018583712842,100.63806679337519
2012-04-23,-0.0011851766202232161,100.51879290950723
2012-04-24,3.8588062782674015e-05,100.52267173499885
2012-04-25,-0.002710706809565422,100.25018424421108
2012-04-26,-0.0007254647811031356,100.17745626624281
2012-04-27,-0.010889871935106044,99.08653659671874
2012-04-30,0.007408349807206616,99.82060432101181
2012-05-02,-0.004458951417829926,99.375509095846
2012-05-03,-0.0009953161592506365,99.27659904580915
2012-05-04,0.00628064623258906,99.90012024359048
2012-05-07,0.004251560361479667,100.32485163492517
2012-05-08,0.001962129925864531,100.52170202862598
2012-05-09,-0.001977580984352967,100.32291222217937
2012-05-10,-0.0012468948452015738,100.19782010007393
2012-05-11,-0.00856495819139047,99.33962996004833
2012-05-14,-0.00022451509619980659,99.31732671347139
2012-05-15,-0.007293497363796253,98.59295605290738
2012-05-16,-0.018470980496296918,96.77184748458187
2012-05-17,-0.016022846836013738,95.22128699429834
2012-05-18,-0.007393376512281558,94.51728016756547
2012-05-21,0.006822612085769952,95.16213490555081
2012-05-22,-0.006592958679370375,94.53473488227785
2012-05-23,0.01545831281798793,95.99608238625366
2012-05-24,0.004161826354866394,96.3956014118927
2012-05-25,0.011206454273843924,97.47585431131476
2012-05-28,0.009311487151938413,98.38349947635878
2012-05-29,0.0019219965108370207,98.57259221907628
2012-05-30,0.006158265454688339,99.17962840851811
2012-05-31,0.0057881460333601975,99.75369458128101
2012-06-01,-0.005511811023622082,99.20387106784086
2012-06-04,-0.008582348513728744,98.35246887242565
2012-06-05,-0.008548188316490068,97.51173344711242
2012-06-06,-0.004833031683207589,97.04045614987804
2012-06-07,0.0028979135022784153,97.32167099802203
2012-06-08,0.011398736573603463,98.43101508863138
2012-06-11,-0.0006108013319410244,98.37089329351095
2012-06-12,0.006269468869524175,98.9876265466819
2012-06-13,-0.005623040752351094,98.4310150886314
2012-06-14,0.0013102673733571546,98.55998603622845
2012-06-15,-0.0109701984474464,97.47876343043347
2012-06-18,0.0029644661971270914,97.76773592956076
2012-06-19,0.004721191803376046,98.22931616306603
2012-06-20,0.0038006673379533673,98.60265311663649
2012-06-21,-0.008742857704827744,97.74058415111925
2012-06-22,-0.004434787784987071,97.30712540242837
2012-06-25,-0.007782993014240569,96.54978472518543
2012-06-26,-0.0034549946768976936,96.21620573290429
2012-06-27,0.010612565761625392,97.23730654357881
2012-06-28,0.006651707803540408,97.88410069430999
2012-06-29,-0.00399239167046439,97.49330902602713
2012-07-02,0.004078019475029615,97.89088863892034
2012-07-03,-0.005478013650457081,97.35464101470097
2012-07-04,-0.009492410056177625,96.43051084131746
2012-07-05,0.008778898464447016,97.27706450486815
2012-07-06,-0.007296941664340806,96.56723943989782
2012-07-09,-0.011899501928020584,95.41813738799912
2012-07-10,-0.0020528663909185063,95.22225670067127
2012-07-11,-0.0019654368259723887,95.03510337069957
2012-07-12,-0.00243867597240921,94.80334354757402
2012-07-13,-0.011016212345931642,93.75896978394962
2012-07-16,0.01244208174747663,94.92552655056072
2012-07-17,0.011543451389811166,96.02129475194936
2012-07-18,0.006069419618060845,96.60408828206843
2012-07-19,-0.0075686093433179336,95.87292967689406
2012-07-20,-0.0024982805356635884,95.63341220278522
2012-07-23,-0.0015716733758530665,95.48310771498413
2012-07-24,-0.006804379176568509,94.83340444513424
2012-07-25,0.0024336373675815093,95.06419456188688
2012-07-26,0.0036517942754554777,95.41134944338877
2012-07-27,-0.006707862427839606,94.77134323726798
2012-07-31,0.007837760406008032,95.51413831891725
2012-08-01,0.009330138683019129,96.40529847562182
2012-08-02,0.002031845660198872,96.60117916294969
2012-08-03,-0.0039349923207419035,96.22105426476887
2012-08-06,-0.005492456690215364,95.69256429153276
2012-08-07,0.00019253764617666036,95.71098871261808
2012-08-08,-0.0018034265103697988,95.53838097824003
2012-08-09,0.0026491276148716825,95.79147434156961
2012-08-10,0.0046060090702948475,96.2326907412438
2012-08-13,-0.001975029978133591,96.04262829215338
2012-08-15,-0.003806427511282906,95.67704898956622
2012-08-16,-0.004388543165832259,95.25716613009607
2012-08-17,0.002799466574369136,95.5238353826464
2012-08-22,-0.0009542372193120929,95.43268298359283
2012-08-23,-0.0016765907289613136,95.27268143206264
2012-08-24,0.004335921994117031,95.68577634692242
2012-08-27,0.0009323536863441451,95.77498933323018
2012-08-28,0.0013871029797400958,95.90783910631887
2012-08-29,0.00034376769392530093,95.9408091229978
2012-08-30,0.003416280903191904,96.26856987704149
2012-08-31,0.001672106047786004,96.4295411349446
2012-09-03,0.0010156674242269847,96.52748147860851
2012-09-04,0.0010146368905901149,96.62542182227246
2012-09-05,-0.00492754204969692,96.14929599317351
2012-09-06,-0.002400330801891948,95.91850587642087
2012-09-07,-0.007258757519082004,95.22225670067128
2012-09-10,0.001364603806633502,95.35219735464125
2012-09-11,-0.0037017827541669934,94.99922423490192
2012-09-12,0.0024600120448721174,95.23292347077327
2012-09-13,-2.0364939719685893e-05,95.23098405802747
2012-09-14,0.0008858929189661247,95.31534851247065
2012-09-17,-0.006053330349058417,94.73837322058904
2012-09-18,-0.004206841491125601,94.33982390132292
2012-09-19,0.0002672505062339958,94.36503626701858
2012-09-20,-0.010676887980023197,93.35751134556479
2012-09-21,-0.012246297027234676,92.21422753190357
2012-09-24,0.006446185393553794,92.80865753849757
2012-09-25,-0.009100597651188869,91.96404328769273
2012-09-26,0.010238619947910532,92.9056281757886
2012-09-27,-0.00037575150300583893,92.87071874636385
2012-09-28,-0.011005304264294469,91.84864822931641
2012-10-01,0.00539496188686428,92.34416818587357
2012-10-02,-0.004966974346049979,91.88549707148702
2012-10-03,0.003957533032209026,92.24913696132838
2012-10-04,0.0011247647980152653,92.35289554322978
2012-10-05,-0.0063945063945063385,91.76234436212741
2012-10-08,-0.0006129199294084842,91.70610139249862
2012-10-09,-0.0022839982658532376,91.49664481594999
2012-10-10,-0.0015579460547930912,91.35409797913218
2012-10-11,-0.0070057744565217295,90.71409177301139
2012-10-12,-0.007856929063154716,90.00135758892233
2012-10-15,-0.003178434055574164,89.71529420891379
2012-10-16,-0.004139734970492137,89.34389666808914
2012-10-17,-0.009789982091496285,88.46922151972406
2012-10-18,0.0013262744840134566,88.58655599084621
2012-10-19,-0.0044333034130963345,88.19382490981754
2012-10-22,0.026575333428624948,90.53760521314172
2012-10-23,0.0052160315318208195,91.00985221674901
2012-10-24,0.01448009120646132,92.3276831775341
2012-10-25,0.004012099315212181,92.69811101198582
2012-10-29,-0.009603113166098187,91.80792056165419
2012-10-30,-0.0037496303181376867,91.46367479927103
2012-10-31,0.007686517318518771,92.166711919631
2012-11-01,-0.002682911432359103,91.91943679453887
2012-11-02,0.006319165321602149,92.50029091191212
2012-11-05,0.010871160499004162,93.5058764206201
2012-11-07,0.017640287471351268,95.15534696094048
2012-11-08,-0.0006420185879666418,95.09425545944714
2012-11-09,-0.011645337276296464,93.98685078158358
2012-11-12,-0.0023214304138337027,93.76866684767877
2012-11-13,-0.0016442946079546772,93.61448353438604
2012-11-14,0.0010980018438144779,93.71727240991453
2012-11-15,0.001986652180661297,93.90345603351332
2012-11-19,0.0008777636647150366,93.98588107521071
2012-11-20,-0.0020428798415221827,93.79387921337447
2012-11-21,-0.0013543691327901897,93.66684767852323
2012-11-22,0.0004451668340357262,93.70854505255838
2012-11-23,-0.00021731031913574395,93.68818121872727
2012-11-26,-0.0012420431609998506,93.57181645397803
2012-11-27,0.003108969376651727,93.86272836585113
2012-11-28,-6.198667286538839e-05,93.85691012761366
2012-11-29,-0.0008265402060151361,93.77933361778084
2012-11-30,0.006483367628659309,94.3873395135956
2012-12-03,-0.007921015862579095,93.63969590008178
2012-12-04,0.006927975974732048,94.28842946355876
2012-12-05,0.00528621675545593,94.78685853923464
2012-12-06,0.0003273724270573819,94.81788914316778
2012-12-07,-0.002914706483943541,94.54152282688835
2012-12-10,-0.0010564644340734786,94.44164307047859
2012-12-11,0.0022589124363396884,94.65497847251886
2012-12-12,-0.006105806663115221,94.07703347426433
2012-12-13,-0.004597179846623223,93.64454443194634
2012-12-14,-0.002795899347623476,93.38272371126057
2012-12-17,0.00615784008307374,93.95775959039636
2012-12-18,-0.003054916247819617,93.67072650401494
2012-12-19,0.0013872066420281826,93.8006671579849
2012-12-20,0.001002780907878531,93.8947286761572
2012-12-21,-0.012888833808402445,92.68453512276518
2012-12-24,-0.00047080979284364055,92.64089833598422
2012-12-25,-0.005013869262573856,92.1764089833602
2012-12-26,-0.009815266790102806,91.27167293743489
2012-12-27,-0.00030810747638720937,91.2435514526205
2012-12-28,-0.002189300061640531,91.04379193980098
2012-12-31,-0.0031526925698702746,90.75675885341956
2013-01-02,0.0009829899991451452,90.8459718397273
2013-01-03,-0.00027752871354769226,90.82075947403162
2013-01-04,-0.01005787012321413,89.90729607075014
2013-01-07,-0.0007442081194184436,89.84038633101933
2013-01-08,0.002460953943462796,90.06147938404287
2013-01-09,0.0011090174966352784,90.16135914045263
2013-01-10,-0.007560928391662447,89.4796555602967
2013-01-14,-0.0076510430777567695,88.79504286102204
2013-01-15,-0.013858401860891711,87.5644854737989
2013-01-16,-0.015193798449612439,86.23404833016598
2013-01-17,0.004115689096797492,86.58896086265115
2013-01-18,-0.000235178175465367,86.56859702882004
2013-01-21,0.004615057184143012,86.96811605445907
2013-01-22,0.0012599654345764044,87.07769287459793
2013-01-23,-0.008931156595915146,86.29998836352388
2013-01-28,0.005494628972088522,86.774174779877
2013-01-29,0.007677264345979928,87.44036305806638
2013-01-30,-0.007463514172914132,86.78775066909775
2013-01-31,0.005195588777528348,87.23866413250104
2013-02-01,-0.007013916677782284,86.62677941119465
2013-02-04,0.005720170597651508,87.1222993677518
2013-02-05,0.00680067672855178,87.71478996159999
2013-02-06,-0.0005306505997456634,87.66824405570031
2013-02-07,-0.0013273308482750767,87.55187929095106
2013-02-08,-0.010211879894115539,86.65781001512777
2013-02-11,0.004834107312706504,87.07672316822503
2013-02-12,-0.0065703754022963246,86.50459640820795
2013-02-13,-0.001603013216451732,86.36592839688177
2013-02-14,0.0005277104104914887,86.41150459640856
2013-02-15,-0.007193275802089616,85.78992281137306
2013-02-18,0.0025658415282017177,86.0100461580237
2013-02-19,-0.0018940888643360632,85.84713548737476
2013-02-20,0.0037162963548666994,86.16616888406223
2013-02-21,0.0013054536451417853,86.27865482331984
2013-02-22,-0.007226830309978061,85.65513362553853
2013-02-25,0.005343537376458984,86.11283503355219
2013-02-26,-0.004875961397700412,85.69295217408204
2013-02-27,0.006744370261400956,86.27089717233657
2013-02-28,0.004068970168378705,86.62193087933008
2013-03-01,-0.011631291420383216,85.6144059578763
2013-03-04,0.002118044150460463,85.79574104961051
2013-03-05,0.002396130023961218,86.00131880066749
2013-03-06,-0.00023678513440361648,85.98095496683639
2013-03-07,-0.007702978560231055,85.31864551413865
2013-03-08,-0.004455355519185189,84.93852061595784
2013-03-11,-0.0007534934697233098,84.87451999534575
2013-03-12,0.007643443091195801,85.52325355882274
2013-03-13,0.007664833607347488,86.1787750669101
2013-03-14,-0.00471469883314013,85.7724680966607
2013-03-15,-0.0011870845204178249,85.67064892750513
2013-03-18,0.002467542757535579,85.88204491679956
2013-03-19,0.00042906339976278574,85.91889375897014
2013-03-20,-0.0008351861675112149,85.84713548737479
2013-03-21,0.002270442453885302,86.04204646832976
2013-03-22,0.004598219317029084,86.43768666847714
2013-03-25,0.00010096703987083622,86.44641402583333
2013-03-26,0.0015255701257472776,86.57829409254913
2013-03-27,0.004603339941534168,86.97684341181527
2013-03-28,0.00754788503132886,87.63333462627554
2013-03-29,0.00043155437031794364,87.67115317481904
2013-04-01,0.0035947350956753166,87.98630774601489
2013-04-02,0.0020168622912877243,88.16376401225746
2013-04-03,-0.004410567764358886,87.77491175672046
2013-04-04,0.00039771534628840755,87.80982118614521
2013-04-05,0.001258931233642402,87.920367712657
2013-04-08,0.007158061918890013,88.54970714867576
2013-04-09,0.008103727714748876,89.26728986462939
2013-04-10,0.00023898496567298366,89.28862340483342
2013-04-11,0.005701687699559033,89.79771925061131
2013-04-12,0.00022677451054509135,89.81808308444243
2013-04-15,0.0010580411124547773,89.91311430898764
2013-04-16,-0.0011108474795626933,89.81323455257788
2013-04-17,0.0012092551204396784,89.92184166634384
2013-04-18,-0.004216497180015377,89.54268647453591
2013-04-19,0.0028698288932207383,89.79965866335714
2013-04-22,0.00011878408293286569,89.81032543345916
2013-04-23,-0.008940139932625102,89.00740855668943
2013-04-24,0.005338388460365273,89.48256467941547
2013-04-25,0.0001625522876524954,89.49711027500913
2013-04-26,0.0010293305017714527,89.5892323804356
2013-04-29,-0.001212278650906895,89.48062526666966
2013-04-30,-0.008897221379340237,88.68449633451033
2013-05-02,-0.00022962112514357536,88.6641325006792
2013-05-03,0.006234004855961706,89.21686513323806
2013-05-06,0.0005651928177037302,89.26728986462942
2013-05-07,0.005833405753019827,89.78802218688223
2013-05-08,0.00199799120883859,89.96741786587063
2013-05-09,0.00022634676324129188,89.98778169970174
2013-05-10,-0.006681106477440468,89.38656374849737
2013-05-13,0.0027989021360614874,89.63674799270822
2013-05-14,-0.008578815842141263,88.86777083899035
2013-05-15,0.00026188293832651866,88.89104379194019
2013-05-16,-0.0007854431208271784,88.82122493309068
2013-05-17,-0.01440019214812871,87.542182227222
2013-05-20,0.0013957043322216922,87.66436523020867
2013-05-21,-0.0013384511575941227,87.54703075908655
2013-05-22,-0.007277198112580652,86.90993367208448
2013-05-23,-0.014951185495118535,85.61052713238469
2013-05-24,-0.0019369088746673535,85.44470734261704
2013-05-27,-0.001804480559275401,85.2905240293243
2013-05-28,-0.0009664032744016726,85.20809898762693
2013-05-29,0.007875270285649272,85.87913579768085
2013-05-30,-0.004561775930986389,85.48737442302506
2013-05-31,0.010311032464439096,86.36883751600054
2013-06-03,-0.003446843387562293,86.07113765951708
2013-06-04,0.0034136998648037764,86.36495869050887
2013-06-05,-0.0016168330283057308,86.22532097280981
2013-06-06,-0.007062607541695187,85.61634537062216
2013-06-07,-0.0002944807511524594,85.59113300492648
2013-06-10,-0.007386846428369176,84.95888444978897
2013-06-11,-0.0052960177142661324,84.5089406927586
2013-06-12,0.008296136501853235,85.21003840037274
2013-06-13,-0.0027426256372906632,84.97633916450134
2013-06-14,-0.007086533304424325,84.37415150692405
2013-06-17,-0.0003447879554073774,84.34506031573676
2013-06-18,0.011703839963209894,85.33222140335943
2013-06-19,0.006909247937453289,85.9218028780889
2013-06-20,0.008994876193485712,86.69465885729839
2013-06-21,-0.008881133742715486,85.92471199720762
2013-06-24,-0.0016476881580878011,85.78313486676272
2013-06-25,0.007619004555577069,86.43671696210427
2013-06-26,0.001234055442745463,86.5433846631244
2013-06-27,-0.005759297231279659,86.0449555874485
2013-06-28,-0.009139778887223282,85.25852371901827
2013-07-01,-0.0010236345852004947,85.17125014545636
2013-07-02,0.000557883231623979,85.21876575772896
2013-07-03,0.0016840955382846357,85.36228230091967
2013-07-04,-0.007963284826591255,84.68251813350956
2013-07-05,-0.007912696958592758,84.01245102982855
2013-07-08,-0.0013273774484342526,83.90093479694389
2013-07-09,0.0003929636393056324,83.93390481362285
2013-07-10,0.0016290031886871947,84.0706334122032
2013-07-11,0.0027913307265532428,84.30530235444748
2013-07-12,0.0024845006268763292,84.51475893099611
2013-07-15,3.442143307896828e-05,84.51766805011484
2013-07-16,-0.0020078478166088987,84.34796943485554
2013-07-17,0.008484416495177394,85.06361273806334
2013-07-18,-0.0012425758940276532,84.95791474341613
2013-07-19,0.002613797196731049,85.17997750281258
2013-07-22,-0.008151091176102354,84.4856677398088
2013-07-23,-0.015230989956958485,83.19886738295685
2013-07-24,0.0007575934170960252,83.26189829719601
2013-07-25,0.004390715442041504,83.62747759978319
2013-07-26,0.004000463821892453,83.96202629843725
2013-07-29,-0.009077784835710645,83.19983708932976
2013-07-31,-0.00026806839240545166,83.17753384275284
2013-08-01,-0.0018653236336504397,83.02238082308719
2013-08-02,0.0009811250233600077,83.10383615841165
2013-08-05,-0.003267211201867015,82.83231837399676
2013-08-06,0.004226176539452231,83.18238237461738
2013-08-07,-0.0042433639150860625,82.82940925487804
2013-08-08,-0.0013697507521922558,82.71595360924752
2013-08-12,-0.004865181711606104,82.31352546448976
2013-08-13,0.007162631795959218,82.90310693921921
2013-08-15,-0.006678909384393861,82.34940460028744
2013-08-16,0.001683898165375286,82.48807261161362
2013-08-19,-0.004808087932757221,82.09146270509332
2013-08-22,-0.0015474390474390365,81.96443117024207
2013-08-23,0.002448979591836764,82.1651603894345
2013-08-26,-0.002277769909833527,81.9780070594628
2013-08-27,-0.00412827215841205,81.63957953531711
2013-08-28,-0.0016510274379379908,81.50479034948258
2013-08-29,-0.005794101200461754,81.03254334587527
2013-08-30,0.0068570197692787715,81.58818509755287
2013-09-02,0.002519700013073889,81.79376284860984
2013-09-03,-0.0017309037451540554,81.65218571816494
2013-09-04,0.004061613006662634,81.98382529770028
2013-09-05,0.0011591460169140255,82.07885652224547
2013-09-06,0.0010514750186076949,82.1651603894345
2013-09-09,-0.0011801916631261067,82.06818975214348
2013-09-10,-0.0014887985631912848,81.94600674915678
2013-09-11,-0.00033133741982827036,81.91885497071529
2013-09-12,-0.002912000757593569,81.68030720297938
2013-09-13,0.004784404976730938,82.07109887126222
2013-09-16,0.0010633898505345574,82.15837244482414
2013-09-17,-0.005535556211271664,81.70358015592922
2013-09-18,-0.0014835738701101109,81.58236685931544
2013-09-19,-0.0025317659364563205,81.37581940188554
2013-09-20,0.003467670821516222,81.65800395640244
2013-09-23,-0.0014131506133547855,81.54260889802612
2013-09-24,0.0077417053157331495,82.17388774679071
2013-09-25,0.008024450974144726,82.8332880803697
2013-09-26,0.008639561700284348,83.54893138357748
2013-09-27,0.007520978655741306,84.17730111322336
2013-09-30,-0.0008294261983481377,84.10748225437382
2013-10-01,-0.006940681385830483,83.52371901788183
2013-10-02,0.001671833095329589,83.66335673558093
2013-10-03,0.0009272459635825125,83.74093324541376
2013-10-04,0.009148071378116462,84.5070012800129
2013-10-07,0.0022375985403972898,84.6960940227304
2013-10-08,0.023642691946600625,86.69853768279015
2013-10-09,-0.007012873712349266,86.09053178697539
2013-10-10,-0.0014868213561614052,85.96253054575122
2013-10-11,-0.003361609962999612,85.67355804662397
2013-10-14,0.00015846066779845458,85.68713393584471
2013-10-15,0.005115205287221203,86.12544121640016
2013-10-21,0.001880291839308157,86.28738218067618
2013-10-22,0.00422552622411021,86.65199177689044
2013-10-23,0.00783357020557518,87.33078623792764
2013-10-24,0.011570192873560758,88.34122027850016
2013-10-25,0.012316000922053316,89.42923082890549
2013-10-28,0.02127451937152336,91.33179473255547
2013-10-29,-0.0017837235228538306,91.16888406190655
2013-10-30,-0.0008615463160918102,91.09033784570082
2013-10-31,-0.0008622892181910924,91.0117916294951
2013-11-01,-0.006755100953598547,90.39699778906997
2013-11-04,-0.0012014460261100535,90.28839067530402
2013-11-07,-0.0006336659184396076,90.23117799930232
2013-11-08,-0.0010102095647500642,90.14002560024875
2013-11-11,-0.003862042256551401,89.79190101237397
2013-11-12,-0.00483816970312223,89.35747255731015
2013-11-13,0.005588774701841492,89.85687133935893
2013-11-14,0.001532418199085006,89.99456964431221
2013-11-15,-0.0033834019352196876,89.69008184321837
2013-11-19,6.487047528414003e-05,89.69590008145582
2013-11-20,-0.0005946074509719512,89.64256623094575
2013-11-21,-0.004857047045206175,89.20716806950902
2013-11-22,-0.004304628562732393,88.82316434583655
2013-11-25,0.012620362890019443,89.94414491292085
2013-11-26,-0.002695301550337481,89.70171831969327
2013-11-27,0.004518723514658873,90.10705558356977
2013-11-28,-5.380857062908806e-05,90.10220705170524
2013-11-29,-0.0031425896229969608,89.81905279081542
2013-12-02,0.0037678812415653518,90.15748031496109
2013-12-03,0.002549099748316852,90.38730072534084
2013-12-04,0.0009762796236496563,90.47554400527568
2013-12-05,-0.00031081863196946724,90.44742252046126
2013-12-06,-0.009316736890632837,89.60474768240223
2013-12-09,-0.002056188043807583,89.42050347154928
2013-12-10,0.002168868067755403,89.61444474613134
2013-12-11,0.0011794749713247565,89.72014274077857
2013-12-12,0.007392756395707245,90.38342189984922
2013-12-13,-0.0005471692040297516,90.3339668748308
2013-12-16,0.004175791146034502,90.71118265389289
2013-12-17,-0.0005024319846064218,90.6656064543661
2013-12-18,-0.001026759930693566,90.57251464256673
2013-12-19,0.002933556026637474,90.83821418874413
2013-12-20,-0.009404756821384419,89.98390287421016
2013-12-23,0.0014871490920846941,90.11772235367178
2013-12-24,-8.608352253769436e-05,90.1099647026885
2013-12-25,-0.003551251008878098,89.78996159962811
2013-12-26,-0.005281062692369942,89.31577518327498
2013-12-27,-8.685644800565662e-05,89.3080175322917
2013-12-30,-0.0016178418641012993,89.16353128272806
2013-12-31,-0.00878748001609575,88.38000853341656
2014-01-02,0.0033793792036513892,88.67867809627292
2014-01-03,0.0010169602729390714,88.76886078895357
2014-01-06,0.008313124030499441,89.50680733873828
2014-01-07,0.004409390810699687,89.90147783251278
2014-01-08,-0.005964836587207367,89.36523020829338
2014-01-09,0.002625953535813741,89.59989915053767
2014-01-10,-0.017402785744434435,88.04061130289791
2014-01-13,0.004273551343194626,88.4168573755871
2014-01-16,0.0070410949889778696,89.03940886699552
2014-01-17,0.0008712603870575375,89.11698537682835
2014-01-20,-0.0010772461670710554,89.02098444591023
2014-01-21,0.0015903792945686224,89.16256157635513
2014-01-22,-0.009766389698525169,88.29176525348169
2014-01-23,0.0039758374519496265,88.64279896047523
2014-01-24,-0.002297291384063316,88.43916062216408
2014-01-27,0.004056928576127605,88.79795198014088
2014-01-28,-0.0026427292185384754,88.56328303789658
2014-01-29,0.0002956312274171591,88.58946510996516
2014-01-30,0.00048162702365450727,88.63213219037321
2014-01-31,-0.0020568702749423906,88.44982739226607
2014-02-03,0.005251444421299656,88.9143167448901
2014-02-04,-0.002475679448588841,88.69419339823945
2014-02-05,-0.004537254687585368,88.29176525348169
2014-02-06,-0.0020977484898407894,88.10655133625582
2014-02-07,0.006933820535114821,88.7174663511893
2014-02-10,0.0006558165462513532,88.77564873356391
2014-02-11,-0.0010049263236080463,88.68643574725617
2014-02-12,0.0025695135418830617,88.91431674489007
2014-02-13,-0.003380883828469239,88.61370776928788
2014-02-14,0.007397518110787482,89.26922927737522
2014-02-17,-0.0029763844532794126,89.0035297311978
2014-02-18,0.005502048287283179,89.4932314495175
2014-02-19,0.0013327698859020298,89.61250533338547
2014-02-20,0.00022724321516665036,89.63286916721657
2014-02-21,0.0016660716410807908,89.78220394864476
2014-02-24,-0.002332940909630987,89.57274737209615
2014-02-25,-0.002143529895746621,89.3807455102599
2014-02-26,0.0016273746107862141,89.52620146619643
2014-02-27,0.004830865548129948,89.95869050851442
2014-02-28,0.017840011210641382,91.56355455568094
2014-03-03,-6.354316699153095e-05,91.55773631744347
2014-03-04,0.004681310767014946,91.98634653426984
2014-03-05,0.0011490617752476506,92.09204452891704
2014-03-06,0.002758794975202594,92.34610759861957
2014-03-07,0.0022051642847391584,92.54974593693072
2014-03-10,0.0013935310820296642,92.67871688452777
2014-03-11,0.00042898696298165895,92.71847484581711
2014-03-12,-0.0011922815457825475,92.60792831930534
2014-03-13,0.004073255777426343,92.98514409836743
2014-03-14,-0.0018145792053394505,92.81641518948103
2014-03-17,0.0022775711479794403,93.02781117877548
2014-03-18,-0.0016156941230429656,92.87750669097437
2014-03-19,0.0025057684878730946,93.11023622047284
2014-03-20,-0.0012185088367926422,92.99678057484235
2014-03-21,-0.0014493962586809017,92.8619913890078
2014-03-24,-0.001514154736171558,92.7213839649358
2014-03-25,0.001798824489112949,92.88817346107638
2014-03-26,0.0037373421025157505,93.23532834257824
2014-03-27,0.003276199192910889,93.54078585004497
2014-03-28,-0.006147434767734716,92.96574997090917
2014-03-31,-0.007072076770626823,92.30828905007601
2014-04-01,0.005084460879065444,92.77762693456458
2014-04-02,-0.004358459801831249,92.37325937706099
2014-04-03,0.0007033456156373408,92.43822970404598
2014-04-04,-0.0010909930134485046,92.33738024126332
2014-04-07,0.004368738316775422,92.740778092394
2014-04-08,-1.0456094857502762e-05,92.73980838602111
2014-04-09,0.003345985340401647,93.05011442535239
2014-04-10,-0.0029700803484894456,92.77374810907297
2014-04-11,0.003449285057278928,93.09375121213334
2014-04-14,-0.0025832795150102505,92.85326403165158
2014-04-15,-0.0006683793888505596,92.79120282378533
2014-04-16,-0.00031351238373911183,92.76211163259802
2014-04-17,-0.003878319046623502,92.40235056824831
2014-04-18,0.0027495303760141088,92.6564136379508
2014-04-21,0.001611704744063358,92.80574841937899
2014-04-22,-0.006122982080351114,92.23750048485356
2014-04-23,0.0006202756547062371,92.29471316085525
2014-04-24,0.0008405303746663595,92.37228967068808
2014-04-25,-0.0010812740137310373,92.27240991427833
2014-04-28,-0.0011665177867690169,92.16477250688528
2014-04-29,-0.004755692100500752,91.72646522632985
2014-04-30,0.0013108930987821843,91.84670881657073
2014-05-02,0.0013197347860973707,91.96792211318451
2014-05-05,0.0019190012758194541,92.14440867305417
2014-05-06,-0.0035149384885764245,91.82052674450215
2014-05-07,-0.0011300151020708915,91.71676816260074
2014-05-08,-0.0029709669916052617,91.44428067181295
2014-05-09,0.002651085354343996,91.68670726504051
2014-05-12,0.0002749838711384456,91.71191963073619
2014-05-13,0.0030451378242066784,91.99119506613435
2014-05-14,-0.001539029146682136,91.84961793568945
2014-05-15,-0.00120356000380073,91.73907140917767
2014-05-16,-0.0011838697743249416,91.63046429541171
2014-05-19,0.0014075116675309474,91.75943524300878
2014-05-20,-0.0006657789613849774,91.69834374151542
2014-05-21,0.0006556475577128573,91.75846553663585
2014-05-22,-0.0030964332892997604,91.47434156937315
2014-05-23,0.005554848831785586,91.98246770877813
2014-05-26,-0.011311883275702206,90.94197277064539
2014-05-27,0.000469168186131963,90.98463985105346
2014-05-28,0.0029842156308952372,91.25615763546836
2014-05-29,0.005196212821575452,91.73034405182148
2014-05-30,0.0037210875724131842,92.0716806950859
2014-06-02,-0.0026646164216201917,91.8263449827396
2014-06-03,-0.0033687100691693894,91.51700864978123
2014-06-04,-0.0013880647622277476,91.38997711492998
2014-06-05,-0.006695315401347601,90.77809239362358
2014-06-06,-0.00245689747260025,90.5550599278542
2014-06-09,0.0012850167052171901,90.67142469260344
2014-06-10,-0.002342145790554362,90.4590589969361
2014-06-11,0.0022404459452216585,90.66172762887435
2014-06-12,0.007027188910518456,91.29882471587642
2014-06-13,-0.0017206402481121374,91.14173228346493
2014-06-16,-0.007149772845758462,90.49008960086923
2014-06-17,-0.0013073716471811991,90.37178542337416
2014-06-18,0.0004077471967378621,90.40863426554473
2014-06-19,-0.001608872394967431,90.2631783096082
2014-06-20,-0.003910488488768071,89.91020518986885
2014-06-23,-0.005910331215824072,89.37880609751402
2014-06-24,-0.001453819531088918,89.24886544354405
2014-06-25,0.0039114703869096434,89.59795973779175
2014-06-26,0.0011472233946987487,89.70074861332023
2014-06-27,-0.0003026928856361133,89.67359683487874
2014-06-30,-0.0022600702892673352,89.47092820294048
2014-07-01,0.0035657772093729,89.78996159962797
2014-07-02,-0.004957071116150957,89.34486637446216
2014-07-03,0.0005101154814619591,89.39044257398892
2014-07-04,-0.0014319343045896549,89.26244133276478
2014-07-07,0.011645718134512206,90.30196656452458
2014-07-08,-0.009449867379702104,89.44862495636353
2014-07-09,-0.001929685721409724,89.2760172219855
2014-07-10,-0.00018465214793905727,89.25953221364603
2014-07-11,0.0027268381713889678,89.50292851324652
2014-07-14,0.0028277662813249727,89.75602187657611
2014-07-15,-0.0020743301642178746,89.56983825297733
2014-07-16,0.002663260003464396,89.80838602071326
2014-07-17,-0.0021810957306669376,89.6125053333854
2014-07-18,0.0009306150716354988,89.69590008145566
2014-07-21,0.0005729853618456904,89.7472945192199
2014-07-22,0.0005078281163897191,89.79287071874667
2014-07-23,0.0035745912438713834,90.11384352817998
2014-07-24,0.004411970429037293,90.51142314107321
2014-07-25,-0.0036212087123280723,90.18366238702954
2014-07-31,0.003333297491424858,90.48427136263173
2014-08-01,-0.0006430110062050076,90.42608898025712
2014-08-04,0.0007613859368800213,90.49493813273374
2014-08-05,0.0050470414264587316,90.95166983437446
2014-08-06,0.003198532939558296,91.24258174624754
2014-08-07,0.0025294123898698118,91.47337186300021
2014-08-08,-0.0007208658871421525,91.4074318296423
2014-08-11,0.0007850376075448917,91.47919010123768
2014-08-12,-0.0034238951842862075,91.16597494278764
2014-08-13,0.001297679069074853,91.28427912028269
2014-08-15,4.249171411574437e-05,91.28815794577434
2014-08-18,-0.002188230295304905,91.08839843295482
2014-08-19,0.0026827346860562873,91.33276443892822
2014-08-22,0.0011466672329221161,91.43749272720254
2014-08-25,-0.00142108723778811,91.30755207323257
2014-08-26,0.0012850467289720058,91.4248865443547
2014-08-27,0.006480627061656197,92.0173771382029
2014-08-28,0.0073346541331196224,92.69229277374845
2014-08-29,-0.001475080554044328,92.55556417516812
2014-09-01,0.0023573291984033684,92.77374810907294
2014-09-02,0.0028221423195919915,93.03556882975872
2014-09-03,0.0015947134727229972,93.18393390481398
2014-09-04,-6.243821218587797e-05,93.17811566657652
2014-09-05,0.00278908095619701,93.4379969745165
2014-09-08,0.006081550899259991,94.00624490904191
2014-09-09,0.01142939665576681,95.08067957022651
2014-09-10,0.011565409837737572,96.18032659710678
2014-09-11,-0.006170287845944533,95.58686629688567
2014-09-12,-0.0026782181733334687,95.33086381443736
2014-09-15,-0.0005798044939933078,95.2755905511815
2014-09-16,0.001445263200748892,95.41328885613473
2014-09-17,0.006392666219484866,96.0232341646953
2014-09-18,0.00041404522181709424,96.06299212598461
2014-09-19,0.006086974077364138,96.64772506884951
2014-09-22,0.0019163815505631732,96.83293898607536
2014-09-23,-0.0024634981673975487,96.59439121833944
2014-09-24,-0.006324539212143154,95.98347620340594
2014-09-25,0.0037784647713725583,96.3461463868744
2014-09-26,0.0056262329401344235,96.88821224933125
2014-09-29,0.00247210128609332,97.1277297234401
2014-09-30,0.0064495517262033175,97.75416004034011
2014-10-01,0.0014681374494089905,97.89767658353085
2014-10-02,-0.004853599587939295,97.42252046080482
2014-10-03,0.0025182648856327816,97.66785617315111
2014-10-07,-0.0017375073223523385,97.4981575578918
2014-10-08,-0.0011736155315085206,97.38373220588838
2014-10-09,-0.0009858004899129247,97.28773127497027
2014-10-10,-0.004146441137480528,96.88433342383959
2014-10-13,0.002151915204531951,97.0928202940153
2014-10-14,-0.00013982382198429733,97.07924440479455
2014-10-15,0.003196420009589307,97.38955044412585
2014-10-16,-0.00495857893898366,96.90663667041652
2014-10-17,0.010596994016050632,97.93355571932852
2014-10-20,-0.006693533215173186,97.27803421124118
2014-10-21,0.0006678828114874413,97.34300453822615
2014-10-22,0.005060567421103057,97.83561537566459
2014-10-23,0.005104468144154106,98.33501415771339
2014-10-24,0.007958030510714087,99.11756720065196
2014-10-27,-0.0041481597432836415,98.706411698538
2014-10-28,0.00014736221632771773,98.72095729413167
2014-10-29,0.007838514807720465,99.49478297971405
2014-10-30,0.01016539477403211,100.5061867266595
2014-10-31,-0.0012060282114119136,100.3849734300457
2014-11-03,0.0018160566455114324,100.56727822815283
2014-11-04,-0.0030855567019255625,100.25697218882155
2014-11-05,-0.00681890723384504,99.5733291959198
2014-11-07,-0.000925168478049132,99.48120709049331
2014-11-10,-0.003616372125666567,99.12144602614359
2014-11-11,-0.0002641413449684382,99.09526395407504
2014-11-12,-0.003092248828174715,98.78883674023538
2014-11-13,-0.005742331288343561,98.22155851208286
2014-11-14,-0.0001875802152235817,98.20313409099757
2014-11-17,0.005045867030048168,98.69865404755474
2014-11-19,-0.00940244837004589,97.77064504867958
2014-11-20,0.0008529630547979838,97.85403979674987
2014-11-21,0.0040332570284704605,98.24871029052434
2014-11-24,-0.007984760851970973,97.46421783483993
2014-11-25,9.949357768990197e-06,97.46518754121284
2014-11-26,-0.0009153318077803618,97.37597455490508
2014-11-27,-0.0036049313868030675,97.02494084791158
2014-11-28,-0.0029883265371392076,96.73499864241141
2014-12-01,0.0004109987269063087,96.77475660370072
2014-12-02,-0.003777630814244648,96.40917730111356
2014-12-03,0.00130757083513533,96.53523912959189
2014-12-04,-0.004480115719580957,96.10275008727389
2014-12-05,-0.0049644316633873364,95.62565455180203
2014-12-08,-0.0006084390496181591,95.56747216942742
2014-12-09,-0.0047385670654367384,95.11461929327832
2014-12-10,-0.003619272882980251,94.77037353089517
2014-12-11,-0.009188486764690973,93.89957720802173
2014-12-12,0.0066609523612817245,94.52503781854885
2014-12-15,-0.006144976302345118,93.94418370117559
2014-12-16,0.010869228625398852,94.96528451185013
2014-12-17,-0.0019503328840420053,94.78007059462426
2014-12-18,-5.115560511970152e-05,94.77522206275971
2014-12-19,-0.015971596955062672,93.26151041464675
2014-12-22,0.00020795425006503443,93.28090454210496
2014-12-23,-0.003919122615520632,92.91532523951777
2014-12-24,0.0010540816965498578,93.01326558318172
2014-12-25,0.0031484898716627185,93.30611690780066
2014-12-26,0.0029203604202825417,93.57860439858845
2014-12-29,-0.0024973575677188498,93.34490516271707
2014-12-30,0.0010907844298313485,93.44672433187263
2014-12-31,-0.0017122221530415649,93.28672278034243
2015-01-02,0.002401222440515216,93.51072495248471
2015-01-06,0.0008918201426910688,93.59411970055498
2015-01-07,0.01020535029735381,94.5492804778716
2015-01-08,0.005497266750766672,95.06904309375153
2015-01-09,0.01930864247901365,96.90469725767072
2015-01-12,0.0033622863547211335,97.23051859896856
2015-01-13,0.0194578529540832,99.12241573251654
2015-01-14,0.003991430164646648,99.51805593266396
2015-01-15,0.0004189930525104746,99.55975330669908
2015-01-16,0.006593941755137944,100.21624452115935
2015-01-19,0.0017900858273582898,100.39564020014775
2015-01-20,0.00048294247189284434,100.44412551879327
2015-01-21,-0.0036685910679461475,100.07563709708735
2015-01-22,-0.00837193077653553,99.23781079089284
2015-01-23,-0.005384119290976819,98.7035025794193
2015-01-26,-0.004617485533516041,98.24774058415146
2015-01-27,-0.003760474550174253,97.87828245607263
2015-01-28,0.005904731711183331,98.45622745432716
2015-01-29,-0.002225899223890049,98.23707381404944
2015-01-30,0.009081396955757715,99.12920367712688
2015-02-02,-0.000988006964960042,99.03126333346293
2015-02-03,-0.0037992656058750685,98.65501726077376
2015-02-04,0.0076668272113389335,99.41138823164377
2015-02-05,0.0007315859808616487,99.48411620961204
2015-02-06,0.009162507797878972,100.39564020014771
2015-02-09,-0.0056697446200209,99.82642255924937
2015-02-10,0.002020496381562875,100.02812148481468
2015-02-11,0.0006882979651585686,100.0969706372913
2015-02-12,-0.0052022785398743165,99.5762383150385
2015-02-13,-0.0010614780838861249,99.47054032039125
2015-02-16,0.0003509524459435198,99.50544974981602
2015-02-17,-0.00167618453622298,99.33866025367547
2015-02-18,-0.0023427890904121895,99.105930724177
2015-02-19,0.015665055478366163,100.65843062720634
2015-02-20,0.0023120719054363637,100.89116015670483
2015-02-23,-0.0002691194986687018,100.86400837826335
2015-02-24,0.00038455991924246646,100.90279663317976
2015-02-25,0.007351881216664191,101.64462200845612
2015-02-26,-0.001908032818164429,101.45068073387407
2015-02-27,-0.00013381762569297795,101.43710484465332
2015-03-02,0.0008412519358353965,101.52243900546942
2015-03-03,-0.00122261065581597,101.39831658973691
2015-03-04,0.0018552875695732052,101.5864396260815
2015-03-05,0.0005154639175257714,101.63880377021866
2015-03-06,-0.002375636842406492,101.397346883364
2015-03-09,0.006770908047625701,102.08389899538446
2015-03-10,-0.0012823800974608446,101.95298863504156
2015-03-11,-0.0023112480739598817,101.71734998642437
2015-03-12,-0.0008484675151341214,101.63104611923535
2015-03-13,-0.00035303322328883446,101.59516698343765
2015-03-16,-0.0050396586776622065,101.08316201854102
2015-03-17,0.00022064254947662398,101.10546526511794
2015-03-18,-0.008257883833346136,100.27054807804218
2015-03-19,-0.0031237004729068873,99.95733291959218
2015-03-20,0.010031043849437316,100.9600093091814
2015-03-23,-0.0002401214053825429,100.93576664985866
2015-03-24,0.00013450028341122078,100.9493425390794
2015-03-25,-0.0015945746039978115,100.7883712811763
2015-03-26,-0.009467273444490498,99.83418021023257
2015-03-27,-0.0002816819325323072,99.80605872541818
2015-03-30,0.002885624344176385,100.09406151817255
2015-03-31,-0.005066798422801666,99.58690508514046
2015-04-01,-0.00853960155017619,98.73647259609814
2015-04-02,-0.010862199349839452,97.66397734765937
2015-04-03,-0.01119992056793917,96.57014855901657
2015-04-06,0.009248195045537866,97.46324812846693
2015-04-07,-0.006666136028972813,96.81354485861704
2015-04-08,-0.004076604098639636,96.41887436484257
2015-04-09,0.003882089086904461,96.79318102478594
2015-04-10,-0.009276976867667819,95.89523292347101
2015-04-13,0.0020932137403806284,96.09596214266341
2015-04-14,0.0005045510504753103,96.14444746130893
2015-04-15,0.002239076935490525,96.35972227609503
2015-04-16,-0.0024856596558318067,96.12020480198618
2015-04-17,-0.0013518557751479587,95.99026414801621
2015-04-20,0.0016769540049905718,96.15123540591932
2015-04-21,-0.0015531238969289651,96.00190062449114
2015-04-22,0.0005353481277965422,96.05329506225537
2015-04-23,0.0009590728289619044,96.14541716768184
2015-04-24,-0.0038628730496524932,95.77401962685721
2015-04-27,0.006581212158029981,96.40432876924888
2015-04-28,-0.0021223947855476544,96.19972072456481
2015-04-29,0.005251751423819506,96.70493774485108
2015-04-30,-0.0035296712993603263,96.36360110158665
2015-05-04,0.0020729768349869726,96.56336061440618
2015-05-05,-0.0012753564972887155,96.44020790504656
2015-05-06,-0.003660020311101686,96.08723478530722
2015-05-07,-0.005056060713096389,95.60141189247916
2015-05-08,0.002180792794254982,95.80989876265488
2015-05-11,0.0004959363582079934,95.8574143749275
2015-05-12,0.00031360012948633553,95.8874752724877
2015-05-13,-0.004257556910692295,95.47922888949249
2015-05-14,-5.07810119639851e-05,95.47438035762794
2015-05-15,0.0006094030896737213,95.53256274000258
2015-05-18,0.002730493214369023,95.79341375431542
2015-05-19,0.004281983276982482,96.20359955005647
2015-05-20,-0.004535878801318449,95.76723168224684
2015-05-21,-0.008910580301542126,94.9138900740858
2015-05-22,-0.012311118830392598,93.7453938947289
2015-05-25,0.0005896104433458227,93.80066715798479
2015-05-26,-0.004414303584166501,93.3866025367521
2015-05-27,-0.004392340920418625,92.97641674101105
2015-05-28,0.002138066978859321,93.17520654745766
2015-05-29,0.01069874903732071,94.17206469880945
2015-06-01,-0.002450728010379488,93.9412745820568
2015-06-02,-0.0013625665799579245,93.81327334083264
2015-06-03,0.002832216985032554,94.07897288701005
2015-06-04,0.0032674349089860666,94.38636980722262
2015-06-05,0.0003184876971285,94.41643070478284
2015-06-08,-0.0013248978082698315,94.29133858267741
2015-06-09,-0.013143145099087872,93.05205383809806
2015-06-10,-0.0003022124032138196,93.02393235328367
2015-06-11,0.0010424267695194889,93.1209029905747
2015-06-12,0.004665208788920072,93.55533144563852
2015-06-15,-0.003441199029830533,93.2333889298323
2015-06-16,-0.007384602583570765,92.54489740506601
2015-06-17,-0.004390376797015816,92.13859043481659
2015-06-18,0.0032625740656935243,92.43919941041878
2015-06-19,0.0051087309996118435,92.91144641402609
2015-06-22,-0.0034024255328032327,92.59532213645733
2015-06-23,0.004555546246648889,93.01714440867332
2015-06-24,-0.0010112277555954785,92.92308289050104
2015-06-25,0.0006678771940809014,92.98514409836729
2015-06-26,-0.0014287204088018202,92.85229432527858
2015-06-29,-0.0038327780852818183,92.4964120864205
2015-06-30,0.004162036357536536,92.88138551646587
2015-07-01,-0.0033408851257530348,92.57107947713457
2015-07-02,0.0004923373453589175,92.61665567666137
2015-07-03,0.007350015705161805,93.2973895504444
2015-07-06,-0.005664574065605166,92.76889957720827
2015-07-07,0.0008675927958439189,92.84938520615982
2015-07-08,0.00327937336814621,93.15387300725367
2015-07-09,-0.0008952365089940351,93.07047825918337
2015-07-10,0.005042822313446882,93.53981614367196
2015-07-13,0.002156289523335575,93.74151506923731
2015-07-14,-0.0012413365056377357,93.62515030448807
2015-07-15,0.0019782496116003134,93.81036422171395
2015-07-16,0.00029976948760079836,93.83848570652835
2015-07-20,0.006148599772656915,94.41546099840997
2015-07-21,-0.0037282391002926296,94.06345758504354
2015-07-22,-0.005948330962248227,93.5039370078743
2015-07-23,0.004044594244231314,93.88212249330931
2015-07-24,0.0010948716624490373,93.98491136883781
2015-07-27,-0.00048493102629987295,93.93933516931101
2015-07-28,0.00369552201829193,94.28649005081292
2015-07-29,-1.0284679940797403e-05,94.28552034444
2015-07-31,0.0017381287860867012,94.44940072146183
2015-08-03,0.006817248459958902,95.09328575307426
2015-08-04,0.008423070647740394,95.89426321709816
2015-08-05,-0.008666194761856705,95.06322485551404
2015-08-06,-0.002784776554833557,94.79849501570953
2015-08-07,-0.0061170212765956355,94.2186106047092
2015-08-10,-0.002645067001502688,93.96939606687124
2015-08-11,-0.0016407822093802427,93.81521275357852
2015-08-12,0.0021499596882557093,94.01691167914385
2015-08-13,-0.0043628937434246895,93.6067258834028
2015-08-17,-0.01609845541846655,92.09980217990021
2015-08-18,1.052886488284166e-05,92.10077188627311
2015-08-19,0.0020215207732316998,92.28695550987189
2015-08-24,-0.009131028685510079,91.44428067181285
2015-08-25,-0.012099553557226361,90.3378457003222
2015-08-26,-0.006794761700300467,89.72402156627001
2015-08-27,0.00787878132869313,90.43093751212159
2015-08-28,-0.0019516170541306055,90.25445095225191
2015-08-31,0.004115005264628158,90.62584849307656
2015-09-01,-0.012037621579978008,89.53492882355249
2015-09-02,9.747433175921749e-05,89.54365618090867
2015-09-03,0.007342350635145767,90.20111710174183
2015-09-04,0.0006020275427600641,90.25542065862481
2015-09-07,-0.0023529411764705577,90.04305496295746
2015-09-08,0.001184629964676498,90.1497226639776
2015-09-09,0.001021878966503964,90.24184476940408
2015-09-10,0.0021813649111872557,90.43869516310487
2015-09-11,-0.0026376737004631945,90.20014739536893
2015-09-14,0.003440194370981864,90.51045343470022
2015-09-15,-0.007242495018106032,89.85493192661289
2015-09-16,0.00363687379939992,90.18172297428364
2015-09-17,-0.010720545382208346,89.2149257204921
2015-09-18,-0.01489098063085581,87.88642798960501
2015-09-21,0.0026480713213876683,88.11915751910348
2015-09-22,0.0032463245003961916,88.40522089911202
2015-09-23,0.01123213443460891,89.39820022497214
2015-09-28,-0.006866179995878241,88.78437609091992
2015-09-29,-0.002413770506127122,88.57007098250676
2015-09-30,-0.0021240023210749026,88.38194794616216
2015-10-01,-0.0019200596864268338,88.21224933090285
2015-10-02,0.002275525459502381,88.41297855009529
2015-10-05,-0.0019193857965451588,88.24327993483598
2015-10-06,-0.005670329670329766,87.74291144641427
2015-10-07,-0.006012112638698497,87.21539117955108
2015-10-08,-0.0031243050922837856,86.94290368876327
2015-10-09,0.0060674332749639515,87.47042395562646
2015-10-12,0.003625156591244183,87.78751793956813
2015-10-13,-0.007069479730476114,87.16690586090554
2015-10-14,0.0037490265880522067,87.49369690857633
2015-10-16,-0.0016957230097421894,87.34533183352104
2015-10-19,0.002597863978506476,87.57224312478205
2015-10-20,-0.00018824467378297793,87.55575811644258
2015-10-21,-0.00488420772834508,87.12811760598913
2015-10-22,-0.004552031163049475,86.73150769946882
2015-10-23,0.006909582853501073,87.33078623792737
2015-10-26,0.0014212904873474042,87.4549086536599
2015-10-27,-0.00433543637109568,87.07575346185197
2015-10-28,0.0015256804311993832,87.20860323494067
2015-10-29,0.00439215860696307,87.59163725224025
2015-10-30,0.0054246745195287716,88.0667933749663
2015-11-02,0.0002752758263779853,88.09103603428903
2015-11-03,0.0022126085664277984,88.285947015244
2015-11-04,0.0009665656166251146,88.37128117606012
2015-11-05,0.00653996400825152,88.94922617431463
2015-11-09,0.0064865689865689635,89.52620146619626
2015-11-10,-0.0021446443464790965,89.33419960436004
2015-11-11,0.00605698778833097,89.87529576044396
2015-11-12,-0.003269207945362118,89.58147472945215
2015-11-13,0.002500541242693277,89.80547690159443
2015-11-16,-0.005398926693373385,89.32062371513928
2015-11-17,-0.0034523563960874304,89.01225708855381
2015-11-19,0.0014815944570936157,89.1441371552696
2015-11-20,1.087796016485676e-05,89.1451068616425
2015-11-23,-0.009159142826063338,88.32861409565204
2015-11-24,1.0978394519689516e-05,88.32958380202497
2015-11-25,0.0015150018114153951,88.4634032814866
2015-11-26,-0.0015127100529449544,88.32958380202498
2015-11-27,-0.0025908726629999546,88.10073309801815
2015-11-30,0.0008695365040232161,88.17733990147808
2015-12-01,-0.0012866757577091326,88.06388425584757
2015-12-02,-0.0033584760226834653,87.76812381210993
2015-12-03,0.0001988730527013871,87.78557852682232
2015-12-04,0.001855779427359705,87.94848919747126
2015-12-07,-0.00576651671518047,87.44133276443917
2015-12-08,-0.0009869916715645743,87.35502889725016
2015-12-09,-0.010912037653745266,86.40180753267937
2015-12-10,-0.003950572945309316,86.06047088941494
2015-12-11,-0.0020957982625157134,85.88010550405362
2015-12-14,0.0010500999288642898,85.97028819673427
2015-12-15,-0.007771611622450769,85.3021605057991
2015-12-16,0.0077415394409265925,85.962530545751
2015-12-17,-0.0020643443732514255,85.78507427950842
2015-12-18,0.0016277623919063178,85.9247119972075
2015-12-21,0.0003837082011983739,85.95768201388643
2015-12-22,-0.00010153085974073939,85.94895465653025
2015-12-23,0.003350858586998351,86.23695744928462
2015-12-28,-0.004160528949410214,85.8781660913078
2015-12-29,0.0020212057226092206,86.05174353205875
2015-12-30,-0.0005747126436782546,86.00228850704032
2015-12-31,0.006404401898769896,86.55308172685336
2016-01-04,-0.0042237583606888895,86.18750242426619
2016-01-05,-0.005648064806480724,85.70070982506522
2016-01-06,0.0004865464255812135,85.74240719910037
2016-01-07,0.0015833342757942681,85.87816609130782
2016-01-08,-0.002167997199670313,85.69198246770904
2016-01-12,-0.0009052948432142216,85.61440595787622
2016-01-13,0.0018009038498567609,85.76858927116896
2016-01-14,0.0008479558610710036,85.84131724913723
2016-01-15,0.00014685448979379068,85.8539234319851
2016-01-18,0.0017055209180447672,86.00034909429456
2016-01-19,0.0021649170678903484,86.18653271789333
2016-01-20,-0.001113873918473396,86.0905317869752
2016-01-21,-0.0017571525118270648,85.9392575928012
2016-01-22,0.0006770175121864064,85.99743997517582
2016-01-25,-0.0003157277524693525,85.97028819673434
2016-01-26,0.00011279552427367889,85.97998526046345
2016-01-27,0.00040601809036155956,86.01489468988822
2016-01-28,0.004960429302608649,86.44156549396874
2016-01-29,-0.001705144600749442,86.29417012528637
2016-02-01,0.00042701427126634606,86.33101896745696
2016-02-02,0.00398750954755811,86.67526472984011
2016-02-03,0.0013872884105481376,86.79550832008101
2016-02-04,0.00433485649167098,87.1717543927702
2016-02-05,0.004560876578230122,87.5693340056634
2016-02-08,-0.0026355129837770663,87.33854388891078
2016-02-09,-0.003564013456649029,87.02726814320657
2016-02-10,0.004590733848862216,87.42678716884559
2016-02-11,0.006266776104172589,87.97467126953991
2016-02-12,-0.001609294225279001,87.83309413909501
2016-02-15,0.001887896485862628,87.99891392886265
2016-02-16,0.009631066249394138,88.84643729878626
2016-02-17,-0.004616795092881709,88.4362515030452
2016-02-18,0.0037171460213378804,88.76498196346179
2016-02-19,0.0071773471126745925,89.40207905046385
2016-02-22,-0.002559791745756268,89.17322834645704
2016-02-23,-0.0027077284441978655,88.93177145960239
2016-02-24,-0.0026496565260057947,88.69613281098519
2016-02-25,-0.007598368810609268,88.02218688181254
2016-02-26,-0.00803111091526032,87.31527093596094
2016-02-29,-0.010650466999100439,86.38532252433998
2016-03-01,0.0022113959858112153,86.57635467980332
2016-03-02,0.017428120204746822,88.08521779605172
2016-03-03,0.0027081475610157835,88.32376556378763
2016-03-04,-0.0009990887432340667,88.2355222838528
2016-03-07,0.0033959029365218107,88.53516155308208
2016-03-08,0.0012376644286480332,88.64473837322093
2016-03-09,0.0,88.64473837322093
2016-03-10,0.005950948432406289,89.17225864008411
2016-03-11,-0.0004023575980337535,89.13637950428644
2016-03-14,0.0022519337256992067,89.33710872347888
2016-03-15,0.0024856721083710287,89.55917148287533
2016-03-16,0.0011477202594278868,89.6619603584038
2016-03-17,-0.002303624152363515,89.45541290097393
2016-03-18,0.007815718157181628,90.15457119584224
2016-03-21,0.012132815609168457,91.24839998448505
2016-03-22,0.014739795321948135,92.5933827237116
2016-03-23,0.005822843139308365,93.13253946704972
2016-03-24,-0.001832531600758025,92.9618711454175
2016-03-25,-0.004860951745144337,92.50998797564131
2016-03-28,-0.002935010482180256,92.23847019122643
2016-03-29,-0.007506307821698921,91.54609984096848
2016-03-30,-0.007510115882465085,90.8585780225751
2016-03-31,-0.0044505160250595255,90.45421046507151
2016-04-01,-0.00222984562607198,90.25251153950617
2016-04-04,0.014096613374591671,91.52476630076447
2016-04-05,0.0023520935751824013,91.74004111555057
2016-04-06,0.011532038137116007,92.79799076839569
2016-04-07,-0.0036678265776356467,92.4576238315042
2016-04-08,-0.01582656849789188,90.99433691478256
2016-04-11,0.0025576265225870642,91.22706644428105
2016-04-12,0.0023703987159453543,91.44331096544003
2016-04-13,0.004793213149522968,91.88161824599548
2016-04-14,0.0017941573792636945,92.04646832939022
2016-04-15,0.0051515981542740175,92.52065474574336
2016-04-18,0.0004821247026025599,92.56526123889725
2016-04-19,-0.001351393821301894,92.44016911679181
2016-04-20,-0.0015525344075192349,92.2966525736011
2016-04-21,-0.001828115150241616,92.1279236647147
2016-04-22,0.001968296739153219,92.30925875644893
2016-04-25,0.0007458531614719099,92.37810790892554
2016-04-26,0.006466241182398358,92.97544703463828
2016-04-27,0.006122236128494052,93.54466467553662
2016-04-28,0.009402178983486387,94.42418835576623
2016-04-29,0.02447265183724623,96.73499864241147
2016-05-02,-0.006746393736780432,96.08238625344283
2016-05-03,0.0018973800008075248,96.26469105154997
2016-05-04,0.00869328713030848,97.10154765137153
2016-05-05,0.013581664752583933,98.42034831852952
2016-05-06,0.0007685107640769129,98.4959854156165
2016-05-09,0.005365599125751963,99.02447538885262
2016-05-10,0.0015080593039427104,99.17381017028082
2016-05-11,-0.0004595588235294379,99.12823397075402
2016-05-12,-0.0013499633162141755,98.99441449129242
2016-05-13,-0.010589007415243934,97.94616190217639
2016-05-16,-0.005316515850543602,97.42542957992356
2016-05-17,-0.015636664045626025,95.90202086808151
2016-05-18,0.00485348540920949,96.36747992707845
2016-05-19,0.0035822817927508854,96.7126953958345
2016-05-20,-0.0033188280827000094,96.3917225864012
2016-05-23,-0.004335885234851955,95.97377913967688
2016-05-24,-0.012154952915976347,94.8072223730658
2016-05-25,-0.005103867278994367,94.32333889298356
2016-05-26,0.0019224838079572315,94.50467398471778
2016-05-27,0.0005438295863815501,94.55606842248201
2016-05-30,0.000820428673982132,94.63364493231484
2016-05-31,-0.00011271646685118153,94.62297816221282
2016-06-01,0.002592770985560433,94.86831387455912
2016-06-02,0.003884209665549143,95.23680229626504
2016-06-03,0.0011607542866451936,95.3473488227768
2016-06-06,-0.0032849907450726024,95.03413366432677
2016-06-07,-5.101884636182774e-05,95.02928513246222
2016-06-08,-0.004418457519541175,94.60940227299206
2016-06-09,-0.0011684518013631573,94.49885574648029
2016-06-10,0.0008517100901990204,94.57934137543184
2016-06-13,-0.007433305308917948,93.87630425507187
2016-06-14,-0.0006714251774111446,93.81327334083271
2016-06-15,0.0005478375919953926,93.86466777859697
2016-06-16,-0.0043493083463330695,93.45642139560172
2016-06-17,0.0012451232672034962,93.57278616035097
2016-06-20,-0.004995025700547218,93.1053876886082
2016-06-21,0.003270356406357422,93.40987548970205
2016-06-22,-0.009592226559255845,92.51386680113293
2016-06-23,0.003113077019831545,92.8018695938873
2016-06-24,0.003458689041911933,93.12284240332062
2016-06-27,-0.01167319226924357,92.03580155928819
2016-06-28,0.00568954072762895,92.55944300065974
2016-06-29,-0.004536358969523757,92.13956014118956
2016-06-30,0.00044202151171357507,92.1802878088518
2016-07-01,0.0007048180096782541,92.2452581358368
2016-07-04,0.006401967895550031,92.83580931693916
2016-07-05,0.004888443218851846,93.28963189946117
2016-07-11,-0.0037628373040621277,92.93859819246765
2016-07-12,0.0025980259176561216,93.18005507932232
2016-07-13,0.007159879697370197,93.84721306388458
2016-07-14,0.011913741617499696,94.96528451185014
2016-07-15,0.00015316750398230994,94.9798301074438
2016-07-18,-0.0010720083310361561,94.87801093828821
2016-07-19,0.0046912368921321335,95.32310616345403
2016-07-20,-0.006998911506495453,94.65594817889175
2016-07-21,0.001331789823076912,94.78201000737009
2016-07-22,0.004133288317322181,95.17377138202586
2016-07-25,0.0007539710841899527,95.24552965362122
2016-07-26,0.010822532859571687,96.27632752802484
2016-07-27,-0.0004834615849481638,96.22978162212516
2016-07-28,-0.0014813172638962202,96.08723478530734
2016-07-29,-0.00269454732614105,95.82832318374031
2016-08-01,-0.0022464633381231724,95.61304836895421
2016-08-02,0.00594320486815425,96.18129630347964
2016-08-03,0.0002923799729799281,96.20941778829403
2016-08-04,-0.0031245275411984075,95.90880881269183
2016-08-05,0.002800667307011784,96.17741747798799
2016-08-08,0.007934907543707403,96.94057639346838
2016-08-09,-0.008082505576728738,96.15705364415687
2016-08-10,-0.0007563457407649965,96.0843256661886
2016-08-11,0.0069535554972448566,96.7524533571238
2016-08-12,-0.002926584815835742,96.46929909623398
2016-08-15,0.0021209653910718718,96.67390714091806
2016-08-16,-0.002487612093004521,96.43341996043631
2016-08-17,0.0010960722402106882,96.53911795508353
2016-08-18,-0.000662950128069939,96.47511733447145
2016-08-19,0.0002713867864789776,96.50129940654003
2016-08-22,-0.006159813497327193,95.90686939994602
2016-08-23,-0.0011020899264936324,95.80117140529879
2016-08-24,0.0039172419377695444,96.17644777161507
2016-08-25,0.0005747068490939977,96.23172103487094
2016-08-26,0.003133880166871661,96.53329971684606
2016-08-29,-0.002832775818943367,96.25984251968535
2016-08-30,-0.002528534155358808,96.01644622008487
2016-08-31,-0.004120546174355755,95.62080601993746
2016-09-01,0.0020687976634756744,95.81862612001117
2016-09-02,0.005292879407359452,96.32578255304325
2016-09-05,-0.0024059998993305465,96.09402272991771
2016-09-06,0.0027649955598612053,96.35972227609513
2016-09-07,0.0029787662272315885,96.64675536247658
2016-09-08,0.0026488471494792165,96.90275784492489
2016-09-09,0.0002201541078756808,96.92409138512893
2016-09-14,-0.0016908115895631903,96.76021100810706
2016-09-15,0.001533327320285105,96.90857608316234
2016-09-16,-0.00013008325328223158,96.8959699003145
2016-09-19,-0.0026420343664621537,96.63996741786617
2016-09-20,0.0011740033514284764,96.7534230634967
2016-09-21,-0.0013530307889673132,96.6225127031538
2016-09-22,0.0021778183679408425,96.83293898607532
2016-09-23,0.0014320334875523866,96.97160699740151
2016-09-26,0.001519984800151919,97.11900236608386
2016-09-27,0.00044931255179569973,97.16263915286481
2016-09-28,-0.0012375496516896511,97.04239556262394
2016-09-29,0.0018186541958951086,97.21888212249362
2016-09-30,0.0013465528247686986,97.34979248283652
2016-10-04,-0.00039844209142259057,97.3110042279201
2016-10-05,0.007443872009247343,98.03537488848406
2016-10-06,0.001315555203861729,98.16434583608114
2016-10-07,0.0084855429660875,98.99732361041109
2016-10-10,0.0051914976981095595,99.51126798805355
2016-10-11,0.005992983823815967,100.10763740739337
2016-10-12,-0.0007652443454254643,100.03103060393346
2016-10-13,-0.00393578657567184,99.63732981653187
2016-10-14,0.0006909975669100454,99.7061789690085
2016-10-17,0.002236897131908888,99.92921143477787
2016-10-18,0.004667591774946356,100.39564020014772
2016-10-19,-0.001661322103311158,100.22885070400716
2016-10-20,0.001770510835913175,100.40630697024973
2016-10-21,0.0023661667133461073,100.64388503161274
2016-10-24,-0.003073573052761347,100.33454869865437
2016-10-25,-9.66473049901495e-06,100.33357899228146
2016-10-26,-0.0013530753469671586,100.19782010007403
2016-10-27,0.002613038092288633,100.4596408207598
2016-10-28,0.01182455259754045,101.6475311275749
2016-10-31,0.007851330337807605,102.44559947248007
2016-11-01,-0.0009465573708422603,102.34862883518903
2016-11-02,0.004974134500596916,102.85772468096692
2016-11-03,-0.0025171818876036367,102.59881307939986
2016-11-04,-0.005481834335185787,102.0363833831119
2016-11-07,-3.801414126047842e-05,102.03250455762026
2016-11-08,0.0030032313248431475,102.3389317714599
2016-11-09,0.0025299423893268003,102.59784337302693
2016-11-10,-0.0014838898707975057,102.44559947248003
2016-11-11,-0.0012494557295118502,102.31759823125586
2016-11-14,0.0025209924749323154,102.57554012645001
2016-11-15,0.002344488561164537,102.81602730693173
2016-11-16,0.004159278681103107,103.24366781738516
2016-11-17,0.004761949487644301,103.7353089484507
2016-11-21,-0.0054965599760694595,103.16512160117944
2016-11-22,-0.0008177614016617873,103.08075714673623
2016-11-23,-0.001317014891675572,102.94499825452878
2016-11-24,0.0008195099895440539,103.02936270897196
2016-11-25,0.0016659137113170797,103.2010007369771
2016-11-28,0.007855297157622676,104.01167526473007
2016-11-29,-0.0031978072179078554,103.67906597882184
2016-11-30,-0.0018051216820366145,103.49191264885016
2016-12-01,-0.005125322089482354,102.96148326286823
2016-12-02,0.0003955621691875688,103.00221093053045
2016-12-05,0.002118245151572218,103.22039486443528
2016-12-06,0.0021607402884118443,103.44342733020464
2016-12-07,0.0050339817201781045,103.96415965245747
2016-12-08,0.0029847405141214534,104.27446569178875
2016-12-09,0.01897109697578392,106.25266669252574
2016-12-14,0.0023272368853357595,106.49994181761787
2016-12-15,0.007074763036411635,107.25340366936913
2016-12-16,0.022096850023507253,109.62336604476187
2016-12-19,0.02386596843818567,112.23963383887383
2016-12-20,-0.011525236293262853,110.94604553741152
2016-12-21,-0.011406146208439716,109.6805787207636
2016-12-22,0.020317044922064875,111.90896396571142
2016-12-23,0.033508080239157856,115.6588185097555
2016-12-26,-0.012953585082835839,114.16062216360912
2016-12-27,-0.010439406423335518,112.96885303130236
2016-12-28,-0.001510755549451348,112.79818470967015
2016-12-29,-0.006163924279156241,112.10290524029347
2016-12-30,0.007240171272868912,112.91454947441939
2017-01-02,-0.006827433400319438,112.14363290795572
2017-01-03,0.006874367687877747,112.91454947441939
2017-01-04,0.015673038937840333,114.68426360498067
2017-01-05,0.030388865871291193,118.16938830922024
2017-01-06,0.03174108205250237,121.9202125596372
2017-01-09,0.010936219965163252,123.25355882238887
2017-01-10,0.013839060926485347,124.95927233233806
2017-01-12,-0.0009700224269184599,124.83805903572427
2017-01-13,-0.011744783979866003,123.37186299988392
2017-01-16,-0.011444201656894082,121.95997052092653
2017-01-17,-0.018597439771010582,119.69182731468936
2017-01-18,0.002916609279678628,120.04092160893708
2017-01-19,0.0037159405772633214,120.48698654047583
2017-01-20,0.013472728589709604,122.11027500872764
2017-01-23,-0.007337701012507414,121.21426632015854
2017-01-24,-0.0012719898240813876,121.06008300686581
2017-01-25,0.0029797664247608324,121.42081377758845
2017-01-26,-0.007243598958582842,120.54129009735884
2017-01-27,0.006218475226656528,121.29087312361848
2017-01-30,-0.009817716661336684,120.10007369768465
2017-01-31,-0.01261990117236711,118.58442263682588
2017-02-01,-0.005339809794830175,117.95120437531548
2017-02-02,-0.0020306488210727336,117.71168690120663
2017-02-03,0.0074224188353146925,118.58539234319882
2017-02-06,0.0015291520157003635,118.76672743493305
2017-02-07,-0.0025719114609273896,118.4612699274663
2017-02-08,0.006638725626626929,119.24770179589655
2017-02-09,-0.0008294503671536502,119.14879174585971
2017-02-10,-0.004329744203270147,118.63290795547144
2017-02-13,0.010944997098226938,119.9313447887983
2017-02-14,-0.00729313216578531,119.05666964043323
2017-02-15,0.00015475337199455375,119.07509406151853
2017-02-16,0.0001465857730362785,119.0925487762309
2017-02-17,-0.009461539087881499,117.96574997090916
2017-02-20,0.002268785295640896,118.23338892983242
2017-02-21,0.001140026409244932,118.36817811566695
2017-02-22,-0.020685530778431382,115.91966952406847
2017-02-23,-0.019064588718514908,113.70970870020594
2017-02-24,0.004366290870017497,114.206198363136
2017-02-27,0.0038038955966512855,114.64062681819979
2017-02-28,0.008822385004483069,115.65203056514521
2017-03-01,-0.004175575399320786,115.16911679143588
2017-03-02,0.007619961773893458,116.0467010589197
2017-03-03,-0.001654522361120514,115.85469919708345
2017-03-06,0.002569596732343582,116.15239905356691
2017-03-07,-0.002671542231238666,115.84209301423563
2017-03-08,-0.0026703275545993943,115.53275668127725
2017-03-09,0.0011834617515231738,115.66948527985757
2017-03-10,0.0005616894276636586,115.73445560684257
2017-03-13,0.00023460410557185618,115.76160738528405
2017-03-14,0.004892023655950206,116.32791590706368
2017-03-15,-6.668778446516921e-05,116.32015825608039
2017-03-16,-0.004159927972389399,115.83627477599816
2017-03-17,-0.001322673810221331,115.68306116907834
2017-03-20,0.0010310401770370348,115.80233505294628
2017-03-21,-0.0029392061631218214,115.46196811605476
2017-03-22,-0.0014193450856225809,115.29808773903292
2017-03-23,-0.01676198486122782,113.36546293782273
2017-03-24,-0.01608115852771863,111.54241495675139
2017-03-27,0.0012779608265884868,111.68496179356919
2017-03-28,0.0037421640300763226,112.10290524029354
2017-03-29,0.006245404610527361,112.80303324153478
2017-03-30,-0.016720107971494147,110.91695434622429
2017-03-31,-0.005114441083387211,110.34967611807176
2017-04-03,-0.005562536797982465,109.73585198401953
2017-04-04,0.00045951009154854283,109.78627671541088
2017-04-05,0.000794940644431863,109.87355028897281
2017-04-06,-0.003300796074347301,109.51088010550436
2017-04-07,0.0023288350511811995,109.76591288157975
2017-04-10,-0.0010689518088254912,109.6485784104576
2017-04-11,-0.00030953181102644223,109.61463868740576
2017-04-12,0.002441635187855562,109.88227764632899
2017-04-13,-0.0035741075762255603,109.48954656530032
2017-04-14,-0.0060579222389512966,108.82626740622969
2017-04-17,0.0032790975353305107,109.18311935146068
2017-04-18,0.0031795655185891114,109.53027423296258
2017-04-19,0.0023903959203910308,109.79209495364837
2017-04-20,-9.715426330569876e-05,109.78142818354635
2017-04-21,0.0007949757532395019,109.86870175710828
2017-04-24,0.004351241383571125,110.34676699895304
2017-04-25,-0.000773327240451982,110.26143283813694
2017-04-26,0.00119606705011166,110.39331290485275
2017-04-27,0.008748967867746371,111.35914045227138
2017-04-28,0.013418903150525185,112.85345797292614
2017-05-02,0.01613693192070742,114.67456654125168
2017-05-03,-0.0023085314188590056,114.40983670144715
2017-05-04,-0.0007543395714673107,114.32353283425813
2017-05-05,-0.0038678485092668025,113.88134672821104
2017-05-08,0.0017455870707345778,114.08013653465765
2017-05-09,-0.003842099894597162,113.64182925410222
2017-05-10,0.0006911734589389873,113.72037547030793
2017-05-11,0.0008697654191502924,113.81928552034479
2017-05-12,0.0008860489882853706,113.92013498312745
2017-05-15,0.0007746065254214951,114.00837826306227
2017-05-16,-0.010249213234668653,112.83988208370539
2017-05-17,0.0003867142181928074,112.88351887048636
2017-05-18,0.006803539214844223,113.65152631783131
2017-05-19,-0.0031228136038634613,113.29661378534614
2017-05-22,-0.0032267451812798553,112.93103448275896
2017-05-23,-0.0008414978662018013,112.83600325821376
2017-05-24,-0.003987590343843661,112.38605950118341
2017-05-25,-0.0020017774403134903,112.1610876226682
2017-05-26,0.0022305796913499876,112.41127186687908
2017-05-29,-0.004986068338466043,111.85078158333692
2017-05-30,0.0001387142919069273,111.8662968853035
2017-05-31,0.003632076698364184,112.27260385555289
2017-06-01,-0.001520124373812437,112.10193553392067
2017-06-02,0.00474897062385371,112.63430433264841
2017-06-05,0.0008437147555380164,112.72933555719362
2017-06-06,-0.0017548236144204754,112.53151545711992
2017-06-07,0.009970098322231502,113.65346573057712
2017-06-08,0.003097163919320245,114.00546914394359
2017-06-09,-0.0053586465589834376,113.39455412901009
2017-06-12,-0.000743990353780255,113.3101896745669
2017-06-13,0.002995293110825914,113.64958690508551
2017-06-14,0.002986348122866911,113.98898413560413
2017-06-15,-0.009808592088472956,112.87091268763857
2017-06-16,0.009544919542599839,113.94825646794189
2017-06-19,0.00807604588623767,114.86850781583378
2017-06-20,-2.5325645592988444e-05,114.86559869671504
2017-06-21,0.0002785891569723198,114.89759900702109
2017-06-22,0.006245410888958247,115.6151817229747
2017-06-23,0.002860090415761407,115.94585159613709
2017-06-28,0.00710892546500741,116.77010201311084
2017-06-29,0.000847049444435255,116.86901206314771
2017-06-30,-0.003003650846332584,116.51797835615419
2017-07-03,0.003370562093243823,116.91070943718285
2017-07-04,-0.00020736046714164846,116.8864667778601
2017-07-05,0.004405249796744615,117.40138086187545
2017-07-06,0.0015528335081649303,117.5836856599826
2017-07-07,0.01885251985452374,119.80043442845552
2017-07-10,-0.002290700403907886,119.52600752492191
2017-07-11,0.0055735842933637425,120.19219580311129
2017-07-12,-5.647575173262087e-05,120.18540785850091
2017-07-13,-0.0018234629659512613,119.9662542182232
2017-07-14,-0.005148972630421689,119.34855125867936
2017-07-17,-0.0015274990453131299,119.16624646057221
2017-07-18,-0.0005045203394933306,119.10612466545179
2017-07-19,-0.004941910166331609,118.51751289709523
2017-07-20,-0.0020945835378824995,118.26926806563019
2017-07-21,-0.006198550391918967,117.53617004771
2017-07-24,0.006484720480496309,118.29835925681749
2017-07-25,0.004123153597717977,118.78612156239137
2017-07-26,0.005404213980750416,119.42806718125796
2017-07-27,-0.0027768981560420958,119.09642760172265
2017-07-28,0.003444148611348563,119.50661339746371
2017-07-31,-0.009956183057448942,118.31678367790279
2017-08-01,0.0006720595346398905,118.39629960048146
2017-08-02,-0.0035955608337769895,117.97059850277385
2017-08-03,-0.0032797395936081664,117.58368565998265
2017-08-04,0.00399152213892795,118.05302354447123
2017-08-07,0.0011499823395568765,118.18878243667865
2017-08-08,0.0050541101566281554,118.78612156239139
2017-08-09,-0.001436769880078681,118.61545324075917
2017-08-10,0.0014388371579696635,118.78612156239139
2017-08-11,0.006245050899205795,119.52794693766778
2017-08-15,-0.007796401161753064,118.59605911330098
2017-08-16,0.00011447167234934774,118.60963500252173
2017-08-17,-0.0010383027429179403,118.48648229316213
2017-08-18,0.002283366615379645,118.75703037120411
2017-08-22,-0.004719638759829281,118.19654008766196
2017-08-23,0.00027073813059441676,118.22854039796802
2017-08-24,-0.0014599498039731262,118.05593266358999
2017-08-25,0.002324549875147852,118.3303595671236
2017-08-28,0.00401550476533874,118.80551568984963
2017-08-29,0.003362798632026376,119.20503471548865
2017-08-30,0.006686786681743273,120.00213335402093
2017-08-31,0.001777763412012856,120.2154687560612
2017-09-04,-0.0014277532648765412,120.04383072805607
2017-09-05,0.004919462978819622,120.63438190915844
2017-09-06,-0.0010047989196402263,120.51316861254465
2017-09-07,0.006203833341379861,121.26081222605846
2017-09-08,0.007780949867651987,122.20433652690019
2017-09-11,0.007720874133087863,123.1478608277419
2017-09-12,-0.0017481003189102617,122.9325860129558
2017-09-13,0.0074463805384428206,123.84798882898313
2017-09-14,-0.0026543060046823053,123.51925836856654
2017-09-15,-0.0017114415362149416,123.30786237927211
2017-09-18,-0.004097200377477184,122.80264535898586
2017-09-19,-0.007501638515781117,121.8814243047211
2017-09-20,-0.010605542251111766,120.58880570963169
2017-09-21,0.0005387757727812748,120.65377603661666
2017-09-25,-0.0003134468707554072,120.61595748807316
2017-09-26,-0.0017526369951118559,120.40456149877873
2017-09-27,-0.01264436319121176,118.88212249330958
2017-09-28,-0.007324871937094302,118.01132617043612
2017-09-29,-0.0024075991388518014,117.72720220317343
2017-10-02,0.0038219183723899874,118.17714596020382
2017-10-03,0.006227998916869648,118.91315309724271
2017-10-04,0.01964477933261577,121.2491757495836
2017-10-05,-0.00381487079824383,120.78662580970538
2017-10-06,-0.005073859987154816,120.17377138202608
2017-10-09,0.0024046220386031436,120.46274388115334
2017-10-10,0.00020124611594996011,120.4869865404761
2017-10-11,-9.657869956791743e-05,120.47535006400116
2017-10-12,0.0003300090953726187,120.51510802529049
2017-10-13,0.0045703250724171696,121.06590124510352
2017-10-16,-0.009042996283480709,119.97110275008782
2017-10-17,-0.0017378090673219049,119.7626158799121
2017-10-18,0.0037893509521960134,120.21643846243413
2017-10-19,-0.002331171554867395,119.93619332066304
2017-10-20,-0.004964303905953038,119.34079360769611
2017-10-23,0.0011375732312768339,119.47655249990356
2017-10-24,0.00283258528191932,119.81498002404925
2017-10-25,-0.0018048204082292685,119.59873550289026
2017-10-26,0.0023918595694651934,119.88479888289878
2017-10-27,0.0032031060422228474,120.26880260657127
2017-10-30,-0.0055069098414849416,119.60649315387353
2017-10-31,0.003137591918471294,119.98176952018981
2017-11-01,0.0041542067404833904,120.48019859586572
2017-11-02,-0.005988216734812091,119.75873705442046
2017-11-03,0.0082267206477733,120.7439587292973
2017-11-07,-0.003630055575187141,120.30565144874186
2017-11-08,-0.0013944415785400732,120.13789224622838
2017-11-09,0.003325503870337476,120.53741127186738
2017-11-10,0.014689910943420648,122.30809510880158
2017-11-13,0.010409977086950795,123.58131957643282
2017-11-14,-0.0016948886552313747,123.37186299988419
2017-11-15,-0.0027274299278450265,123.03537488848431
2017-11-16,-0.005501304392373729,122.35851984019294
2017-11-17,0.0002694541967491748,122.39148985687191
2017-11-20,-0.0019173632294101628,122.15682091462763
2017-11-21,-0.0013574337358004396,121.99100112485999
2017-11-22,-0.0013990238628956986,121.82033280322777
2017-11-23,2.3880406922138775e-05,121.8232419223465
2017-11-24,0.0007482348820733176,121.91439432140005
2017-11-27,0.0005647335809677578,121.9832434738767
2017-11-28,0.0018283860915464523,122.20627593964606
2017-11-29,0.004308703104170641,122.73282650013635
2017-11-30,-0.006976542068627745,121.87657577285655
2017-12-04,-0.009038541103083997,120.77498933323045
2017-12-05,-0.003235700292256727,120.3841976649476
2017-12-06,-0.010487736115026847,119.1216399674184
2017-12-07,0.006121634932393372,119.85085915984695
2017-12-08,0.0022169181601197074,120.11655870602436
2017-12-11,-0.0044240286108711,119.58515961366953
2017-12-12,0.010355089563010234,120.82347465187596
2017-12-13,-0.0036035891426828837,120.38807649043923
2017-12-14,0.002158696405126115,120.6479577983792
2017-12-15,-0.004637629905881124,120.08843722120997
2017-12-18,-0.004013242894056912,119.60649315387354
2017-12-19,-0.0014188077150709688,119.43679453861424
2017-12-20,-0.005317939724603815,118.801636864358
2017-12-21,-0.004342396317125408,118.28575307396976
2017-12-22,-0.001893737549290453,118.0617509018275
2017-12-25,0.007548254620123096,118.95291105853202
2017-12-26,0.0021928930699688376,119.21376207284491
2017-12-27,0.0014722868437748726,119.38927892634166
2017-12-28,0.0021036558126690252,119.64043287692543
2017-12-29,0.004133638087827629,120.13498312710966
2018-01-02,0.002526475526281935,120.43850122183059
2018-01-03,0.007206061142824849,121.3063884255853
2018-01-04,-0.0037171452324614718,120.855474962182
2018-01-05,0.0059856696969453616,121.57887591637308
2018-01-08,-0.004649975673369222,121.01353710096639
2018-01-09,0.0020113146465374765,121.25693340056687
2018-01-10,0.0027190211523850927,121.58663356735634
2018-01-12,0.010200582206802977,122.8268880183086
2018-01-15,0.015529274300511542,124.73430045382312
2018-01-16,0.005955018619151042,125.47709553547242
2018-01-17,-0.0008810096060960504,125.36654900896063
2018-01-18,-0.006095155588901835,124.60242038710732
2018-01-19,0.007875792832406026,125.58376323649254
2018-01-22,0.0010192499247143605,125.71176447771668
2018-01-23,-0.0006633806184866975,125.6283697296464
2018-01-24,0.003450325349470873,126.06182847833729
2018-01-25,0.0013230769230769823,126.22861797447786
2018-01-26,-0.0005070214792736172,126.16461735386576
2018-01-29,-0.0021674634528769943,125.89116015670506
2018-01-30,0.002172171555336444,126.16461735386575
2018-01-31,0.0049882403578620504,126.79395678988452
2018-02-01,0.01550992313869437,128.76052131414656
2018-02-02,0.00018827711378710532,128.78476397346932
2018-02-05,-0.00374224444310578,128.3028199061329
2018-02-06,-0.009560807491440615,127.07614134440139
2018-02-07,-0.008180333623307945,126.03661611264157
2018-02-08,0.005193346361580087,126.69116791435601
2018-02-09,0.0024033861721100003,126.99565571544984
2018-02-12,-0.0032375556454876664,126.58450021333587
2018-02-13,0.004197979147994246,127.11589930569073
2018-02-14,-0.004333000221227179,126.5651060858777
2018-02-15,0.004060711467295919,127.07905046352015
2018-02-16,0.004311364451464739,127.62693456421445
2018-02-19,0.005029860045284051,128.26888018308108
2018-02-20,-0.0032583386252986735,127.85093673635674
2018-02-21,-0.0018354886419660321,127.61626779411243
2018-02-22,0.002636718007948291,127.95275590551232
2018-02-23,0.0015384615384614886,128.1496062992131
2018-02-26,-0.0051077160563891555,127.49505449749867
2018-02-27,-0.0014451086873850105,127.3108102866457
2018-02-28,0.0010587410882945125,127.44559947248024
2018-03-01,0.0013163200864356739,127.6133586749937
2018-03-02,0.0005395136778116871,127.68220782747035
2018-03-05,-0.0012986914354717882,127.51638803770268
2018-03-06,0.002220532319391788,127.79954229859251
2018-03-07,-0.00154789365060104,127.6017221985188
2018-03-08,0.008085843693953931,128.63348977929533
2018-03-09,0.0014850888037871712,128.82452193475865
2018-03-12,-0.002672206791168974,128.48027617237548
2018-03-13,-0.002400108684166735,128.17190954579002
2018-03-14,-0.002118387604406191,127.90039176137513
2018-03-15,5.307211742566764e-05,127.90717970598548
2018-03-16,0.0013873831527715375,128.0846359722281
2018-03-19,-0.003323592205078496,127.6589348745205
2018-03-20,-0.0016939239025576258,127.44269035336148
2018-03-21,-0.00929814950085217,126.25770916566512
2018-03-22,-0.0009216448288045243,126.14134440091588
2018-03-23,0.004381851447548435,126.69407703347476
2018-03-26,0.0024722162691730443,127.00729219192478
2018-03-27,-0.00508493987402181,126.36146774756651
2018-03-28,-0.0003683552172144555,126.31492184166682
2018-03-29,-0.0011745649119845325,126.16655676661152
2018-03-30,0.003965935991637748,126.66692525503325
2018-04-02,-0.006162726604605595,125.88631162484047
2018-04-03,-0.010206518306257184,124.60145068073433
2018-04-04,0.0035643687643003297,125.04557619952725
2018-04-05,-0.0030554004590857,124.66351188860058
2018-04-06,0.003064764542074494,125.04557619952725
2018-04-09,0.001302810348036365,125.20848687017616
2018-04-10,0.0018277571251548164,125.43733757418298
2018-04-11,-0.0007730603914777312,125.34036693689197
2018-04-12,0.0003945658228632354,125.3898219619104
2018-04-13,0.004872126025659895,126.00073697684388
2018-04-16,-0.007680645235768169,125.03297001667941
2018-04-17,0.0006437152451934658,125.11345564563096
2018-04-18,-0.0011393405775759202,124.97090880881316
2018-04-19,0.004221144519883646,125.49842907567637
2018-04-20,0.0024957695547023206,125.8116442341264
2018-04-23,-0.0011176026267515349,125.67103681005443
2018-04-24,0.00029321666396597834,125.70788565222502
2018-04-25,-0.0014039418366953438,125.53139909235533
2018-04-26,-0.0004634886792890258,125.4732167099807
2018-04-27,0.009088590572905897,126.61359140452322
2018-04-30,-0.0022133890892938046,126.33334626275214
2018-05-02,-0.0020571077678844807,126.0734649548122
2018-05-03,-0.0008999169307448707,125.9600093091817
2018-05-04,0.003787674660302498,126.43710484465356
2018-05-07,-0.0012577941052406283,126.27807299949627
2018-05-08,-0.006665489199296548,125.43636786781013
2018-05-09,0.00016234393722713847,125.45673170164126
2018-05-10,-0.004297551323274806,124.91757495830313
2018-05-11,-0.0004657661853749717,124.85939257592851
2018-05-14,-0.004807393600496979,124.25914433109703
2018-05-15,-0.004097049344081949,123.75004848531914
2018-05-16,-0.005673269809428283,123.0479810713321
2018-05-17,0.000386155155565282,123.0954966836047
2018-05-18,-0.004899914133337568,122.49233931965449
2018-05-21,-0.0033724142844703264,122.0792444047947
2018-05-22,-0.0030660958115223957,121.70493774485134
2018-05-23,-0.004087421418725756,121.20747837554835
2018-05-24,-0.002984143238875414,120.84577789845281
2018-05-25,0.0031936832476067156,121.2317210348711
2018-05-28,-0.0055431574400690575,120.55971451844427
2018-05-29,-0.00328169489889496,120.16407431829685
2018-05-30,-7.262867380042337e-05,120.15534696094066
2018-05-31,-0.0044790935283151034,119.61715992397546
2018-06-01,-0.007133939718209414,118.76381831581439
2018-06-04,0.0007838398353936515,118.85691012761379
2018-06-05,-0.00026923390715505313,118.82490981730776
2018-06-06,0.0017464112880190008,119.03242698111055
2018-06-07,0.01301007731097914,120.58104805864826
2018-06-08,0.0004101392865185627,120.6305030836667
2018-06-11,-0.0029341071873567603,120.27656025755445
2018-06-12,-0.00035474144186264933,120.23389317714638
2018-06-13,-0.0013226873134929429,120.0748613319891
2018-06-14,-0.004683992053365227,119.51243163570113
2018-06-18,-0.0008762961881116915,119.4077033474268
2018-06-19,-0.005830856437492815,118.71145417167723
2018-06-20,0.0027691553667701374,119.04018463209383
2018-06-21,-0.0071196409224577595,118.19266126217025
2018-06-22,0.003700209213602923,118.6299988363528
2018-06-25,-0.008329518702589578,117.64186804235722
2018-06-26,-0.009569969583817617,116.51603894340836
2018-06-27,7.490262658538249e-05,116.52476630076454
2018-06-28,-0.0010652020138974816,116.40064388503204
2018-06-29,-0.01041345585111253,115.1885109188942
2018-07-02,0.001759451791862654,115.39117955083242
2018-07-03,-0.018009008706175056,113.31309879368567
2018-07-04,0.0025930014633772647,113.60691982467752
2018-07-05,-7.68206493905188e-05,113.59819246732133
2018-07-06,-0.0009987451663295843,113.4847368216908
2018-07-09,0.0015893360676750845,113.66510220705213
2018-07-10,0.001620939120939191,113.8493464179051
2018-07-11,-0.012026642590668324,112.48012101935576
2018-07-12,-0.00024139179612736594,112.45296924091429
2018-07-13,-0.009511408516289399,111.38338311159421
2018-07-16,-1.7412047395470864e-05,111.38144369884841
2018-07-17,-0.007408955171903431,110.55622357550176
2018-07-18,-0.006201210420138659,109.8706411698542
2018-07-19,-0.00073254900576325,109.79015554090263
2018-07-20,0.009362303479950596,110.81804429618754
2018-07-23,0.009310465523276079,111.84981187696408
2018-07-24,0.000589540851713144,111.91575191032197
2018-07-25,0.0054153814161439495,112.5218183933909
2018-07-26,0.004171083361341532,112.99115627787948
2018-07-27,0.007260493816565239,113.81152786936157
2018-07-31,0.0008009065580614205,113.90268026841512
2018-08-01,-0.0031499816960522953,113.54388891043831
2018-08-02,0.004389748144605354,114.0423179861142
2018-08-03,-0.0023808511542876554,113.77080020169932
2018-08-06,0.001576816535265202,113.95019588068772
2018-08-07,0.0019062207471705062,114.16741010821963
2018-08-08,0.0010022593303549154,114.28183546022304
2018-08-09,-0.0008909479686386446,114.18001629106745
2018-08-10,-0.006114805472750895,113.48182770257205
2018-08-13,-0.007212010903466792,112.66339552383575
2018-08-15,-0.0006455333396452323,112.59066754586749
2018-08-16,-0.0006114996382676763,112.52181839339086
2018-08-17,0.010048519006868428,113.65249602420424
2018-08-24,-0.0014931358412327844,113.48279740894493
2018-08-27,-0.0028369279146870374,113.16085489313872
2018-08-28,0.002305134708987522,113.4217059074516
2018-08-29,-0.004864703116316815,112.86994298126565
2018-08-30,-0.0024914945530774,112.58872813312166
2018-08-31,-0.005520817184297089,111.96714634808617
2018-09-03,-0.007136361668037883,111.1681082968081
2018-09-04,0.00041869837143782007,111.21465420270779
2018-09-05,-0.006722527879744367,110.46701058919398
2018-09-06,-0.008067206236064495,109.57585043248943
2018-09-07,-0.01743378259984607,107.66552887785616
2018-09-10,0.004818560916517223,108.18432178736317
2018-09-12,-0.0004840271055178702,108.13195764322603
2018-09-13,0.005371715541206967,108.71281176059928
2018-09-14,-0.004326146874916392,108.2425041697378
2018-09-17,-0.002176951193291754,108.0068655211206
2018-09-18,0.004120990115010548,108.4519607462864
2018-09-19,-0.003379828326180223,108.08541173732631
2018-09-20,0.004737040426333605,108.59741670222294
2018-09-21,-0.00023216358603450615,108.57220433652725
2018-09-24,-0.0049658818906077595,108.03304759318912
2018-09-25,0.008805471779405494,108.98432954501412
2018-09-26,0.008087980140405238,109.86579263798957
2018-09-27,0.004183657257851081,110.32543345874906
2018-09-28,-0.00365643567837437,109.92203560761837
2018-10-01,-0.006051730830304525,109.25681703580193
2018-10-02,0.0032040472175378643,109.60688103642254
2018-10-03,0.0007520060868257961,109.68930607811991
2018-10-04,0.0015294034442518978,109.85706528063339
2018-10-05,-0.010389358190115439,108.71572087971799
2018-10-08,-0.0018463679177965764,108.51499166052557
2018-10-09,0.003038291407890581,108.84469182731506
2018-10-10,-0.0035992694552096083,108.45293045265932
2018-10-11,-0.002092255970529533,108.22601916139831
2018-10-12,-0.0008243210551309721,108.13680617509056
2018-10-15,-0.0009057077523203505,108.0388658314266
2018-10-16,0.002450320426517383,108.30359567123114
2018-10-17,-0.0014057141833875297,108.15135177068423
2018-10-18,0.00043934367434772525,108.19886738295683
2018-10-19,-0.0034773568503032593,107.82262131026765
2018-10-22,0.005791835670153178,108.44711221442186
2018-10-23,0.00017883489068726277,108.46650634188009
2018-10-24,-0.004085646596039605,108.02335052946009
2018-10-25,-0.0035817519165514122,107.63643768666888
2018-10-26,-0.002603627059703184,107.35619254489781
2018-10-29,-0.0038749887092403013,106.94018851091931
2018-10-30,-0.01016494228380227,105.85314766688687
2018-10-31,0.0003389519970686816,105.88902680268457
2018-11-01,-0.001538503805049718,105.72611613203561
2018-11-02,-0.0015959056764713875,105.55738722314922
2018-11-05,0.0010931973726515665,105.67278228152553
2018-11-07,0.0013397691192393868,105.81435941197041
2018-11-08,0.009943181818181879,106.86649082657809
2018-11-09,0.005063291139240533,107.40758698266204
2018-11-12,-0.007791410489062178,106.57073038284047
2018-11-13,0.005914467697907266,107.20103952523216
2018-11-14,0.005011307100859286,107.73825685582446
2018-11-15,0.003861247119815614,108.15426088980296
2018-11-16,-0.0008696977576142517,108.06019937163067
2018-11-19,0.0059944721633942155,108.70796322873476
2018-11-22,-0.0035235138799686316,108.32492921143518
2018-11-23,-0.003285321684018183,107.96904697257712
2018-11-26,0.002191446174848677,108.20565532756723
2018-11-27,0.00200742028569878,108.42286955509913
2018-11-28,0.004292997048564562,108.88832861409605
2018-11-29,-0.002359960815744966,108.63135642527482
2018-11-30,0.00239232314215565,108.89123773321477
2018-12-03,0.0005254112010544265,108.94845040921648
2018-12-04,0.005874394759327828,109.58845661533726
2018-12-05,0.0016635401550277873,109.77076141344439
2018-12-06,-0.003383392226148363,109.39936387261977
2018-12-07,-0.006887259898774145,108.64590202086848
2018-12-10,0.0031417350946092437,108.98723866413292
2018-12-11,0.0037102284860131007,109.39160622163648
2018-12-12,-0.005894919731581738,108.74675148365114
2018-12-13,0.002059851619346631,108.97075365579343
2018-12-14,-0.008347052280311407,108.06116907800359
2018-12-17,0.0055636817215107826,108.66238702920796
2018-12-18,-0.000999491330305191,108.553779915442
2018-12-19,0.0008575639823127368,108.64687172724139
2018-12-20,0.0001160289536865644,108.65947791008924
2018-12-21,-0.002623734984917969,108.37438423645361
2018-12-24,0.0006979241231208633,108.4500213335406
2018-12-25,0.003809080992149383,108.86311624840039
2018-12-26,0.002565381600513117,109.14239168379855
2018-12-27,-0.0001243869500321404,109.1288157945778
2018-12-28,-0.005820256268993629,108.49365812032157
2018-12-31,0.015730718697210433,110.20034133664367
2019-01-02,-0.005112501429916372,109.63694193398281
2019-01-03,-0.010489819744918694,108.48687017571122
2019-01-04,-0.00596195788194076,107.84007602498005
2019-01-07,-0.0035428787238442894,107.4580117140534
2019-01-08,0.00021657717817991085,107.48128466700327
2019-01-09,-0.0001353314266638872,107.4667390714096
2019-01-10,0.000640655453692407,107.53558822388625
2019-01-14,-0.003020875603047979,107.2107365889613
2019-01-15,0.011695007235889898,108.46456692913429
2019-01-16,-0.005417825181264546,107.87692486715068
2019-01-17,0.006292304511582358,108.55571932818788
2019-01-18,0.0007146238845168185,108.6332958380207
2019-01-21,-0.000928347630482107,108.53244637523802
2019-01-22,0.004771137299750761,109.05026957837211
2019-01-23,0.003476884498074595,109.42942477018
2019-01-24,0.0035268679994329144,109.81536790659831
2019-01-25,-0.0020044858096534,109.59524455994767
2019-01-28,0.003008343729815399,109.92494472673717
2019-01-29,0.004322550481214549,110.40010084946321
2019-01-30,0.0037944997321013307,110.81901400256046
2019-01-31,-0.006772779377149263,110.06846126992791
2019-02-01,0.000704802346991773,110.14603777976073
2019-02-04,0.0020953102027521098,110.37682789651338
2019-02-05,-9.663957830008396e-05,110.36616112641136
2019-02-06,0.0019505508988351128,110.58143594119744
2019-02-07,-0.004954575748009393,110.03355184050314
2019-02-08,0.0024675908381877054,110.30506962491802
2019-02-11,0.0008703220191470518,110.40107055583613
2019-02-12,0.010232762406675366,111.5307784802766
2019-02-13,-0.0014432900056514653,111.36980722237348
2019-02-14,-0.002760145930743696,111.06241030216093
2019-02-15,-0.005989592428316981,110.39719173034447
2019-02-18,0.0032939233701667625,110.76083162018584
2019-02-19,0.005410563731713003,111.3601101586444
2019-02-20,-0.005869086286017788,110.70652806330288
2019-02-21,-0.0029518679104805212,110.3797370156321
2019-02-22,-0.007564043996204695,109.54481982855637
2019-02-25,-0.004160507050731677,109.08905783328852
2019-02-26,0.00578682098189276,109.72033668205312
2019-02-27,-0.0056563085516314615,109.09972460339054
2019-02-28,-0.010150389305649266,107.992319925527
2019-03-01,0.0024334177397051793,108.2551103525857
2019-03-04,0.0026245778729274694,108.53923431984842
2019-03-05,-0.0008576789064593804,108.44614250804902
2019-03-06,-0.0010640771142943484,108.3307474496727
2019-03-07,-0.002228886004565167,108.08929056281804
2019-03-08,-0.003561624172393474,107.70431713277264
2019-03-11,-0.00033312625485049097,107.66843799697496
2019-03-12,0.0013149362345989957,107.81001512741986
2019-03-13,-0.00027883214304980086,107.77995422985964
2019-03-14,-0.010256687090069883,106.67448896474193
2019-03-15,-0.0019907824047561418,106.46212326907457
2019-03-18,0.0007560024775021823,106.54260889802612
2019-03-19,0.01140428320484932,107.75765098328269
2019-03-20,0.0038155573953420063,108.16880648539664
2019-03-21,-0.0008068275540574765,108.08153291183471
2019-03-22,-0.016203412944786222,106.33024320235876
2019-03-25,0.005745449239412004,106.94115821729224
2019-03-26,0.004316207540668415,107.40273845079753
2019-03-27,0.0008035536936386034,107.48904231798657
2019-03-28,0.000739758405730262,107.5685582405652
2019-03-29,-0.016289698816359888,105.81629882471633
2019-04-01,0.007202947160059203,106.57848803382379
2019-04-02,0.005304436437748139,107.14382684923052
2019-04-03,-0.004389497787150032,106.67351925836903
2019-04-04,0.00047270148900957487,106.72394398976036
2019-04-05,-0.0070689999818277505,105.96951243163615
2019-04-08,0.008043557833089299,106.8218843334243
2019-04-09,-0.00388529307637131,106.40685000581871
2019-04-10,0.002323864723733582,106.65412513091084
2019-04-11,0.0021911879693778946,106.88782436678221
2019-04-12,-0.0006985584294230129,106.8131569760681
2019-04-15,0.002024512029051184,107.02940149722708
2019-04-16,0.0024281300680422113,107.28928280516705
2019-04-17,0.0028289693694019125,107.59280089988796
2019-04-18,-0.00034248427276162285,107.55595205771738
2019-04-19,0.0020105304915429834,107.77219657887636
2019-04-22,0.0031222163237027978,108.10868469027623
2019-04-23,0.0005023052221804214,108.16298824715922
2019-04-24,-0.004321242222660615,107.69558977541645
2019-04-25,0.0018638573743923192,107.89631899460888
2019-04-26,0.0010605121015214714,108.01074434661228
2019-04-29,0.0005027606948870833,108.06504790349527
2019-04-30,0.004307211887904838,108.5305069624922
2019-05-02,-0.0017869747411120018,108.33656568791015
2019-05-03,-0.0009666938176351447,108.23183739963582
2019-05-06,2.6878589411749587e-05,108.23474651875458
2019-05-07,0.003117832568807266,108.57220433652735
2019-05-08,0.0018130827766069668,108.76905473022815
2019-05-09,0.0024071250902670815,109.03087545091392
2019-05-10,-0.0005514199062587322,108.97075365579347
2019-05-13,-0.0013348164627363657,108.82529769985693
2019-05-14,0.0022276676319892275,109.06772429308451
2019-05-15,0.008455212269393275,109.9899150537222
2019-05-16,0.006841464919859597,110.74240719910058
2019-05-17,-0.006015656468363106,110.07621892091122
2019-05-20,0.003488525745496185,110.46022264458368
2019-05-21,-0.00587300611881203,109.8114890811067
2019-05-22,0.00010596775048110629,109.8231255575816
2019-05-23,-0.005995373231850509,109.16469493037553
2019-05-24,-0.015118809682433954,107.51425468368221
2019-05-27,-0.0031928422609651674,107.17097862767197
2019-05-28,0.007464779811616085,107.97098638532296
2019-05-29,-0.005505460554677377,107.37655637872896
2019-05-30,-0.00246543425057133,107.11182653892443
2019-05-31,-0.004155425591627515,106.66673131375863
2019-06-03,0.0010272820662007298,106.77630813389752
2019-06-04,0.002106945655332648,107.00128001241269
2019-06-10,-0.002446893351700119,106.73945929172692
2019-06-11,0.0018623834874720302,106.93824909817353
2019-06-12,-0.005903209133198528,106.30697024940893
2019-06-13,0.0005108184040574226,106.36127380629192
2019-06-14,0.009509135334232921,107.37267755323737
2019-06-17,0.019742248954635944,109.49245568441923
2019-06-18,0.016233737479298238,111.26992746596378
2019-06-19,-0.0005838983493978711,111.20495713897878
2019-06-20,0.003392077014972239,111.5821729180409
2019-06-21,-0.005996454270518314,110.91307552073279
2019-06-24,-0.007956075469058743,110.03064272138442
2019-06-25,-0.0037896146931293284,109.61366898103302
2019-06-26,-0.001061589907818572,109.49730421628378
2019-06-27,0.003338705963619626,109.86288351887097
2019-06-28,-0.003751268811509778,109.45075831038409
2019-07-01,-0.00151501727651282,109.28493852061642
2019-07-02,-0.0021739323330286497,109.04736045925341
2019-07-03,0.003565902502356444,109.43621271479043
2019-07-04,-0.0014266093660006973,109.28008998875187
2019-07-05,-0.002520098674286042,109.00469337884535
2019-07-08,-0.007961925095632094,108.13680617509065
2019-07-09,0.005622561987176589,108.74481207090541
2019-07-10,0.007089226159690432,109.5157286373691
2019-07-11,-0.0019391342075671947,109.30336294170174
2019-07-12,0.00347770542415593,109.68348783988257
2019-07-15,-0.0018654407214216961,109.47887979519851
2019-07-16,0.007156839298842366,110.26240254451002
2019-07-17,0.012303552112007177,111.61902176021152
2019-07-18,-0.007827567633311938,110.74531631821935
2019-07-19,0.005393809377873149,111.34265544393209
2019-07-22,-0.004946830283659054,110.79186222411903
2019-07-23,0.004069915013172443,111.2427756875223
2019-07-24,0.0004097003085827833,111.28835188704909
2019-07-25,0.003589944669542211,111.68787091268813
2019-07-26,0.004019899806384952,112.1368449633456
2019-07-29,0.0008820477343480793,112.23575501338246
2019-07-31,0.0036546802370789333,112.64594080912349
2019-08-01,-0.0023070632290276283,112.38605950118354
2019-08-02,0.0018809805258117596,112.597455490478
2019-08-05,-0.0017913275631915582,112.39575656491267
2019-08-06,-7.764845954094657e-05,112.38702920755648
2019-08-07,-0.0035979913372101713,111.9826616500529
2019-08-08,0.00038101505875420827,112.02532873046096
2019-08-09,0.0010993291495347002,112.14848143982057
2019-08-15,0.003830456887905065,112.57806136301983
2019-08-16,0.0007321590077091766,112.6604864047172
2019-08-19,-0.005655018075400253,112.02338931771514
2019-08-22,0.0008742847744604987,112.1213296613791
2019-08-23,0.004125441084895876,112.58387960125728
2019-08-26,0.001782930379583103,112.78460882044969
2019-08-27,0.014212263988719664,114.38753345487041
2019-08-28,-0.0031027203906376366,114.03262092238523
2019-08-29,0.0016922488201027708,114.22559249059438
2019-08-30,-0.0058152367692752005,113.56134362515084
2019-09-02,0.0015199514981769635,113.73395135952889
2019-09-03,-0.0018075319515377108,113.5283736084719
2019-09-04,-0.0035959854793935486,113.12012722547666
2019-09-05,-0.00023145370068744509,113.0939451534081
2019-09-06,-0.006002040693835919,112.41515069237089
2019-09-09,0.0031485331286067453,112.76909351848315
2019-09-10,-0.001805799195129465,112.56545518017198
2019-09-11,-0.0021881084061268208,112.31914976145276
2019-09-12,-0.0009928514694201862,112.20763352856808
2019-09-13,0.002627189684823783,112.50242426593282
2019-09-16,0.0024306782626684065,112.77588146309353
2019-09-17,-0.0023731932346796603,112.50824250417027
2019-09-18,-0.004206062591037951,112.03502579419005
2019-09-19,-0.0014887263599775435,111.86823629804947
2019-09-20,-0.008174197966418939,110.95380318839507
2019-09-23,0.0029540290159062454,111.28156394243874
2019-09-24,-0.000801687028355258,111.19235095613101
2019-09-25,-0.00040116512305310437,111.14774446297713
2019-09-26,0.0008462746466586513,111.24180598114944
2019-09-27,0.005099505740212784,111.80908420930193
2019-09-30,0.0027319560805536547,112.11454171676867
2019-10-01,-0.0013925287803696618,111.95841899073011
2019-10-02,-0.004270024944567741,111.48035374888532
2019-10-03,-0.0021311204474483425,111.2427756875223
2019-10-04,-0.0022054080440732093,110.99743997517602
2019-10-07,-0.0010745642772899133,110.87816609130805
2019-10-08,-0.0036906823389480925,110.4689500019399
2019-10-09,-0.0022559691011236893,110.21973546410196
2019-10-10,-0.004460554446037768,109.72809433303645
2019-10-11,0.0041889073491463424,110.18773515379594
2019-10-14,0.0011616650532431105,110.31573639502011
2019-10-15,-0.00020217647369080716,110.29343314844316
2019-10-16,4.39602950614848e-05,110.29828168030771
2019-10-17,0.006417920945280597,111.00616733253221
2019-10-18,0.005267571675664495,111.59090027539713
2019-10-21,-0.003249997827541651,111.22823009192868
2019-10-22,0.004149847867972012,111.68981032543397
2019-10-23,0.0017277455091639915,111.88278189364311
2019-10-24,0.002028116278666836,112.10969318490413
2019-10-25,0.0011590492336435165,112.2396338388741
2019-10-28,-0.004950495049505066,111.68399208719649
2019-10-29,-0.0026308249329268785,111.39017105620468
2019-10-30,0.004108992774440656,111.84787246421833
2019-10-31,-0.004326264500355559,111.36398898413609
2019-11-01,0.007949983891051282,112.24933090260319
2019-11-04,-0.0019523825978783327,112.03017726232545
2019-11-05,-0.0032632216740241526,111.66459795973826
2019-11-07,0.005227827325384515,112.24836119623025
2019-11-08,0.00027644594186004845,112.2793918001634
2019-11-12,-0.0014336669919766676,112.11842054226028
2019-11-13,0.0012800442826128577,112.261937085451
2019-11-14,-0.0008465133153088278,112.16690586090581
2019-11-15,0.00514389950808769,112.74388115278744
2019-11-19,0.0016169817487485805,112.92618595089459
2019-11-20,-0.0021897058065846187,112.67891082580246
2019-11-21,0.010705771994595548,113.88522555370287
2019-11-22,0.005517570225556323,114.51359528334875
2019-11-25,-0.002345648694650815,114.24498661805258
2019-11-26,0.0022493082316192847,114.50195880687379
2019-11-27,0.002650767706366075,114.8054769015947
2019-11-28,-0.000413879316170096,114.7579612893221
2019-11-29,-0.0010140016731027268,114.64159652457286
2019-12-02,-0.005937930859477358,113.96086265078984
2019-12-03,-0.002825027016448156,113.63892013498362
2019-12-04,0.0010325201170757747,113.75625460610577
2019-12-05,-0.0030943653567470086,113.40425119273934
2019-12-06,0.0059343121242956265,114.07722741553907
2019-12-09,-0.000875545090572305,113.97734765912931
2019-12-10,0.005019653218533593,114.54947441914638
2019-12-11,0.006027360151700023,115.23990535665854
2019-12-12,0.0013968360821272618,115.40087661456164
2019-12-13,0.006134144496916072,116.10876226678614
2019-12-16,-0.0009604463152268483,115.99724603390146
2019-12-17,0.005759858218874481,116.66537372483666
2019-12-18,-0.0005319591056437423,116.6033125169704
2019-12-19,0.004698700996290883,117.15119661766471
2019-12-20,0.007002673597602982,117.97156820914682
2019-12-23,0.0028605012453044587,118.30902602691961
2019-12-24,0.007909511905249689,119.24479267677803
2019-12-25,-0.0017646580466781359,119.03436639385649
2019-12-26,-0.0067208133406108095,118.2343586362055
2019-12-27,-0.00028705465520639795,118.20041891315365
2019-12-30,0.00038558407783884086,118.24599511268043
2019-12-31,-0.0018123667377398789,118.03169000426725
2020-01-02,-0.004995111691683207,117.4421085295378
2020-01-03,0.0036165170793733825,117.86683992087251
2020-01-06,-0.001316341557725642,117.71168690120686
2020-01-07,-8.2379787296194e-06,117.71071719483395
2020-01-08,0.006244439318548789,118.44575462549996
2020-01-09,0.014556350596826695,120.16989255653444
2020-01-10,-0.006544333623833998,119.3834606881042
2020-01-13,-0.0038013857188111677,118.92963810558217
2020-01-14,0.005071547963634959,119.53279546953237
2020-01-15,0.0008761469006302036,119.63752375780668
2020-01-16,0.0043606889564336004,120.15922578643242
2020-01-17,0.007707020248077345,121.08529537256175
2020-01-20,4.004228465248616e-05,121.09014390442627
2020-01-21,0.0027147581943256505,121.41887436484289
2020-01-22,0.008976775388940261,122.50882432799403
2020-01-23,-0.004416793313069989,121.96772817191008
2020-01-24,0.0018047671293868195,122.18785151856073
2020-01-27,-0.0002698305622792496,122.15488150188179
2020-01-28,-0.0015559136626683845,121.96481905279137
2020-01-29,-0.003522162591929945,121.53523912959213
2020-01-30,-0.005186225385376386,120.90492998720043
2020-01-31,0.005108997289103412,121.52263294674428
2020-02-03,-0.019446372856470218,119.15945851596193
2020-02-04,0.0021890919744145254,119.4203095302748
2020-02-05,-0.0001705223668504452,119.3999456964437
2020-02-06,-0.010720376837488832,118.11993328420212
2020-02-07,-0.0012971020441671088,117.9667196772823
2020-02-10,0.001742675829415008,118.17229742833928
2020-02-11,-0.01248112650167399,116.69737403514273
2020-02-12,-0.0005816707245124286,116.62949458903901
2020-02-13,0.014724834335220649,118.34684457546314
2020-02-14,0.011127134476090594,119.66370582987531
2020-02-17,-0.00013776113839325532,119.64722082153583
2020-02-18,-0.006102848806580963,118.9170319227344
2020-02-19,0.0009540739774283047,119.03048756836489
2020-02-20,0.00035030835281757433,119.07218494240004
2020-02-21,0.018551697178969206,121.28117605988966
2020-02-24,-0.00799552250739588,120.31146968697936
2020-02-25,0.002837108084146056,120.65280633024378
2020-02-26,-0.002563855266753623,120.34346999728538
2020-02-27,-0.0024173468812196397,120.05255808541229
2020-02-28,-0.0096443543371324,118.8947286761574
2020-03-02,-0.005839701816343079,118.20041891315363
2020-03-03,-0.018672114067255552,115.99336720840982
2020-03-04,-0.00667965255774694,115.2185718164545
2020-03-05,-0.003896715985793331,114.76959776579704
2020-03-06,-0.030543703265599298,111.26410922772637
2020-03-09,-0.058183719714136384,104.79034948217728
2020-03-10,0.05448623038199596,110.49998060587305
2020-03-11,-0.004888023027239563,109.95985415616201
2020-03-12,-0.0669958992900922,102.59299484116255
2020-03-13,-0.00526474980623437,102.05286839145154
2020-03-16,-0.08818806358738518,93.05302354447116
2020-03-17,-0.031002501042100894,90.16814708506305
2020-03-18,-0.033403237081249704,87.1562390908037
2020-03-19,0.033789873051547126,90.10123734533224
2020-03-20,0.034192173576133245,93.18199449206823
2020-03-23,0.03580905997315109,96.51875412125253
2020-03-24,0.0215504249804086,98.59877429114509
2020-03-25,-0.027154082947314584,95.92141499553979
2020-03-26,-0.009330960997998239,95.02637601334361
2020-03-27,-0.005683963467523978,94.48624956363257
2020-03-30,-0.00183706562121555,94.31267212288162
2020-03-31,-0.0021591832118363907,94.10903378457047
2020-04-01,-0.008119609681707107,93.34490516271717
2020-04-02,-0.006877136119508465,92.70295954385055
2020-04-03,-0.01716545152145943,91.11167138590478
2020-04-06,-0.016581877008876256,89.60086885691055
2020-04-07,-0.019913419913419883,87.81660913075562
2020-04-08,0.01411219081272086,89.05589387533497
2020-04-09,0.005869030248916829,89.57856561033365
2020-04-10,0.006776578585578452,90.18560179977547
2020-04-13,0.0028386181090933604,90.44160428222379
2020-04-14,-0.003613282297061149,90.11481323455303
2020-04-15,-0.01042720327127944,89.17516775920295
2020-04-16,-0.005241352312393421,88.70776928746018
2020-04-17,-0.006886826484767017,88.0968542725267
2020-04-20,0.00041827648075387636,88.1337031146973
2020-04-21,-0.009352272602242362,87.30945269772356
2020-04-22,-0.00016659817630526597,87.2949071021299
2020-04-23,0.0008442380751370049,87.36860478647107
2020-04-24,0.003773668671890551,87.69830495326056
2020-04-27,0.004456091465976808,88.08909662154342
2020-04-28,0.010050527845355983,88.9744385400105
2020-04-29,0.013623384266626015,90.18657150614835
2020-04-30,0.010784482387854455,91.15918699817739
2020-05-04,0.003967789632686847,91.52088747527291
2020-05-05,0.012608603517694439,92.67483805903616
2020-05-06,0.006204876007115168,93.24987393817196
2020-05-07,0.0068425485893743865,93.88794073154693
2020-05-08,-0.017041757469970387,92.28792521624496
2020-05-11,-0.0011978438810141823,92.17737868973317
2020-05-12,-0.018862366790452167,90.43869516310502
2020-05-13,-0.008170355120946882,89.69977890694739
2020-05-14,0.007859289528874935,90.40475544005317
2020-05-15,0.009739458752105135,91.28524882665572
2020-05-18,0.014850696325567903,92.64089833598429
2020-05-19,-0.0068037891872089196,92.0105891935926
2020-05-20,0.001812720661853895,92.17737868973317
2020-05-21,0.009131363287290695,93.01908382141929
2020-05-22,0.010362262183997828,93.98297195609211
2020-05-26,0.016085597251312977,95.49474419145925
2020-05-27,0.00888523325006596,96.34323726775574
2020-05-28,-0.009098869686874012,95.46662270664486
2020-05-29,0.000802445936474605,95.54322951010475
2020-06-01,0.008708184475479053,96.37523757806179
2020-06-02,0.00804942346004478,97.15100267639002
2020-06-03,0.010600283472740557,98.18083084442073
2020-06-04,0.0053630689001265,98.70738140491102
2020-06-05,-0.0053835800807537915,98.17598231255617
2020-06-08,0.003022431180427221,98.4727124626667
2020-06-09,-0.002698204807531357,98.20701291648929
2020-06-10,-0.008304122438903994,97.39148985687174
2020-06-11,-0.0046896469323137735,96.934758155231
2020-06-12,-0.00692256134769853,96.26372134517709
2020-06-15,0.009388441740286524,97.16748768472947
2020-06-16,0.006416973543706295,97.79100888251078
2020-06-17,0.03509311227019407,101.22279973624026
2020-06-18,-0.004981558653063156,100.71855242232692
2020-06-19,-0.002907620468877936,100.42570109770801
2020-06-22,0.003128530459720391,100.73988596253096
2020-06-23,-0.004514520584866344,100.28509367363603
2020-06-24,-0.004805739813185217,99.80314960629963
2020-06-25,-0.005577093110249565,99.24653814824912
2020-06-26,-0.01179321328421945,98.0761025561464
2020-06-29,-0.0024322720980819446,97.83755478841046
2020-06-30,0.007909290939005498,98.61138047399288
2020-07-01,0.00414978562718793,99.02059656336102
2020-07-02,-0.0007442662122726373,98.94689887901983
2020-07-03,0.0021462592367551547,99.1592645746872
2020-07-06,-0.0032662800590670393,98.83538264613514
2020-07-07,-0.0006279250022075411,98.7733214382689
2020-07-08,-0.0010308367449121114,98.6715022691133
2020-07-09,0.004304499086031033,99.09623366044802
2020-07-10,-0.006879207765774331,98.41453008029207
2020-07-13,0.002768772970469735,98.68701757107988
2020-07-14,-0.001690085486882209,98.5202280749393
2020-07-15,0.010000196854268895,99.50544974981615
2020-07-16,0.0019100707505799175,99.69551219890658
2020-07-17,-3.8906721136044986e-05,99.69163337341493
2020-07-20,-0.0009435246970022071,99.59757185524263
2020-07-21,-0.0032811146053411955,99.27078080757187
2020-07-22,-0.0018657445395225958,99.085566890346
2020-07-23,0.0009786555230424376,99.18253752763702
2020-07-24,-0.0005572882549056413,99.12726426438113
2020-07-27,-0.0015456252934731296,98.9740506574613
2020-07-28,0.003017655242685935,99.27272022031765
2020-07-29,-0.0008888975716491165,99.18447694038281
2020-08-03,-0.010324296315125547,98.16046701058957
2020-08-04,0.0036452725063471636,98.51828866219347
2020-08-05,0.0020079530690184644,98.71610876226717
2020-08-06,0.004823182711198415,99.19223459136612
2020-08-07,0.0027079606221465102,99.46084325666226
2020-08-10,0.001257702207316358,99.58593537876772
2020-08-11,-0.0015774560113733793,99.42884294635623
2020-08-12,0.0019017896328084039,99.61793568907375
2020-08-13,0.003514065998247773,99.96799968969435
2020-08-17,-0.001338623158180785,99.83418021023272
2020-08-18,-0.0002039765718335751,99.81381637640162
2020-08-19,-0.002661951579683852,99.54811683022419
2020-08-24,-0.0010130725320968148,99.44726736744153
2020-08-25,-0.0013553835052751984,99.312478181607
2020-08-26,-0.0028413806571303546,99.0302936270901
2020-08-27,-0.00615917903724883,98.42034831852953
2020-08-28,-0.007497906300803048,97.68240176874481
2020-08-31,0.006095260785832002,98.27780148171172
2020-09-01,0.014948494296878057,99.7469066366708
2020-09-02,1.9443337254454462e-05,99.74884604941663
2020-09-03,-0.0006513391338162089,99.68387572243164
2020-09-04,-0.008677211618903002,98.81889763779567
2020-09-07,0.004023315604576805,99.21647725068888
2020-09-08,-0.004271081746745398,98.79271556572708
2020-09-09,0.0021299777186662983,99.00314184864862
2020-09-10,0.0035946560100297287,99.3590240875067
2020-09-11,-0.001366346876433444,99.22326519529926
2020-09-14,-0.006645622196378098,98.56386486172026
2020-09-15,-0.003492616313961583,98.21961909933712
2020-09-16,-0.0027347760840374935,97.95101043404098
2020-09-17,-0.0036431675758087367,97.59415848880998
2020-09-18,0.001977286050694138,97.78713005701914
2020-09-21,0.0038079371690367125,98.15949730421669
2020-09-22,-0.0003062454310157614,98.12943640665645
2020-09-23,-0.001660161075151878,97.96652573600754
2020-09-24,-0.010630821463569307,96.92506109150187
2020-09-25,-0.004272007843686421,96.51099647026919
2020-09-28,0.003878383537970098,96.88530313021258
2020-09-29,-0.00041036111778369744,96.84554516892325
2020-09-30,7.009041663730287e-05,96.8523331135336
2020-10-01,0.002513065940447312,97.09572941313408
2020-10-02,0.00731056936551866,97.80555447810443
2020-10-05,0.0020126709035206414,98.00240487180521
2020-10-06,0.0066096730784455104,98.6501687289093
2020-10-07,0.003322455078048181,98.97792948295297
2020-10-08,-0.0029195650044087085,98.68895698382572
2020-10-09,0.0028102031993080256,98.96629300647804
2020-10-12,-0.00017637029924155723,98.94883829176565
2020-10-13,0.002783222265777985,99.22423490167216
2020-10-14,0.014981822446346937,100.71079477134364
2020-10-15,-0.0011458062528285629,100.59539971296729
2020-10-16,-0.004810194914110499,100.11151623288505
2020-10-19,-0.0034676817869215837,99.76436135138317
2020-10-20,0.0018759537718333608,99.95151468135487
2020-10-21,0.0023769330772067665,100.18909274271788
2020-10-22,0.00415218885200197,100.60509677669639
2020-10-23,0.0076242433589082115,101.37213451766843
2020-10-26,-0.0008896201417651906,101.28195182498779
2020-10-27,0.00043084464699472136,101.32558861176875
2020-10-28,0.0011101434573312918,101.43807455102633
2020-11-02,-0.008957335551158185,100.5294596796094
2020-11-03,-0.0006366354779588912,100.46545905899733
2020-11-04,-0.0008011273695995857,100.38497343004578
2020-11-05,0.0008597289438856404,100.47127729723478
2020-11-09,0.01881092558633335,102.36123501803691
2020-11-10,0.0039314506579259945,102.76366316279469
2020-11-11,-0.0021703436692018796,102.54063069702532
2020-11-12,0.002619533968830412,102.80923936232146
2020-11-13,0.005225379877571434,103.34645669291378
2020-11-16,0.004785362420830497,103.84100694309804
2020-11-17,0.0012606807676145415,103.97191730344093
2020-11-19,0.0036000746129454253,104.3462239633843
2020-11-20,0.012991840603683746,105.70187347271289
2020-11-23,0.002128362261935468,105.9268453512281
2020-11-24,0.00872423010729051,106.85097552461158
2020-11-25,0.007859223697465278,107.69074124355188
2020-11-26,-0.00658232407365722,106.98188588495448
2020-11-27,-0.012998078387295608,105.59132694620112
2020-11-30,0.009358067774818624,106.5794577401967
2020-12-01,-0.002756826101593113,106.28563670920488
2020-12-02,2.7370764374090584e-05,106.28854582832359
2020-12-03,0.001113047286263047,106.40685000581864
2020-12-04,0.00041920696977149063,106.45145649897252
2020-12-07,0.003051641054137022,106.77630813389747
2020-12-08,0.0022976605637894387,107.02164384624375
2020-12-09,0.004566665156525929,107.51037585819051
2020-12-10,0.0007215723060549628,107.58795236802334
2020-12-11,0.0245157685062507,110.22555370233933
2020-12-14,-0.00225215318160632,109.9773088708743
2020-12-15,0.0018163702573779084,110.17706838369381
2020-12-16,0.005395224390286835,110.77149839028782
2020-12-17,0.011205266475243336,112.01272254761298
2020-12-18,-0.0026837038576078553,111.71211357201081
2020-12-21,-0.030867519661117004,108.26383770994184
2020-12-22,0.015602887698618728,109.95306621155154
2020-12-23,0.0048858785762162515,110.49028354214386
2020-12-24,-0.00429165715890556,110.01609712579071
2020-12-25,-0.008637938177042503,109.06578488033863
2020-12-28,-9.780125007763374e-05,109.05511811023662
2020-12-29,-0.0030854866532695757,108.71862999883675
2020-12-30,-3.5677652410415206e-05,108.7147511733451
2020-12-31,0.006805755010659054,109.45463713587564
2021-01-04,0.004739798359232328,109.97343004538263
2021-01-05,-0.00768898411942609,109.12784608820488
2021-01-06,-0.003376667229444519,108.75935766649896
2021-01-07,0.004948420517667307,109.29754470346418
2021-01-08,-0.0019607495209028603,109.083239595051
2021-01-12,0.004258118427251878,109.54772894767501
2021-01-13,-0.003089315747543564,109.20930142352934
2021-01-14,0.005744932117455859,109.8367014468023
2021-01-15,0.007892785252675116,110.70361894418409
2021-01-18,0.004300905730453053,111.179744773283
2021-01-19,0.0014827348608410507,111.34459485667776
2021-01-20,0.002934952056643736,111.67138590434853
2021-01-21,-8.68357068426473e-05,111.66168884061942
2021-01-22,0.004229266174555102,112.13393584422676
2021-01-25,0.006373392599254402,112.84860944106161
2021-01-26,0.006814236857030087,113.61758659477947
2021-01-27,-0.001766709056304272,113.41685737558704
2021-01-28,-0.0032831737346100676,113.04449012838951
2021-01-29,-0.0023675542135602745,112.77685116946627
2021-02-01,0.0006448839208943458,112.84957914743457
2021-02-02,0.006169709989258809,113.54582832318414
2021-02-03,0.00356981202975426,113.95116558706064
2021-02-04,-0.000757375905234392,113.86486171987163
2021-02-05,-0.0024441757081297144,113.58655599084638
2021-02-08,-0.0007427327442695031,113.50219153640317
2021-02-09,-0.004579317886678869,112.98242892052328
2021-02-10,-0.0074584592145016115,112.13975408246424
2021-02-11,0.0024298919951921683,112.41224157325203
2021-02-12,-0.003088230219799093,112.06508669175015
2021-02-15,-0.0024574701901942664,111.78969008184363
2021-02-16,0.004536701306361746,112.29684651487571
2021-02-17,-0.005137947411597121,111.71987122299407
2021-02-18,0.0040795069872408,112.17563321826192
2021-02-19,-0.008730982019363731,111.19622978162253
2021-02-22,-0.0011685706810847796,111.06628912765257
2021-02-23,-0.006260040511280374,110.37100965827588
2021-02-24,-0.008399300644004959,109.44397036577365
2021-02-25,0.0059541213683846905,110.09561304836937
2021-02-26,0.00041396926058046013,110.14118924789615
2021-03-01,-0.0005458611399694613,110.0810674527757
2021-03-02,0.0016032417195208648,110.25755401264539
2021-03-03,-0.0027440150569032484,109.95500562429737
2021-03-04,0.0010053796631095402,110.06555215080913
2021-03-05,-2.6430786580156074e-05,110.0626430316904
2021-03-08,-0.0015946996061708685,109.88712617819363
2021-03-09,0.0029297564419343836,110.20906869399984
2021-03-10,-0.000994263189385225,110.09949187386097
2021-03-11,-0.00025541884286450767,110.07137038904658
2021-03-12,0.005647079552462353,110.69295217408207
2021-03-15,0.0002452891345672281,110.72010395252354
2021-03-16,0.006078175496369687,111.39308017532328
2021-03-17,0.006398370374239404,112.10581435941234
2021-03-18,-0.005509999308006219,111.4881113998685
2021-03-19,-0.0027746127284271616,111.17877506691012
2021-03-22,-0.0019537382688484817,110.96156083937821
2021-03-23,-0.005269689236899966,110.3768278965133
2021-03-24,0.004524489347682792,110.87622667856209
2021-03-25,0.00513381143956626,111.44544431946044
2021-03-26,0.0005829787604303416,111.5104146464454
2021-03-29,-0.0014261613649407812,111.35138280128811
2021-03-30,0.003039275450666068,111.6898103254338
2021-03-31,-0.0029779734152926007,111.35720103952558
2021-04-01,0.00602598488278927,112.0282378495795
2021-04-02,0.0017484938716156861,112.2241185369074
2021-04-05,-0.003447679944698856,111.8372056941162
2021-04-06,0.000433534782495526,111.8856910127617
2021-04-07,-0.0010140317729956383,111.77223536713117
2021-04-08,0.002602720710716211,112.06314727900424
2021-04-09,0.0020248520300438777,112.29005857026524
2021-04-12,0.0032297621720582814,112.65272875373368
2021-04-13,-0.0008521846916642595,112.55672782281556
2021-04-14,0.0010338321573493126,112.6730925875648
2021-04-15,0.0013167746766156174,112.82145766262006
2021-04-16,0.0029824832826224057,113.15794577401992
2021-04-19,-0.000497030670220111,113.10170280439114
2021-04-20,0.003249453423072035,113.46922151972414
2021-04-21,-0.001598099372724593,113.28788642798993
2021-04-22,0.002704854186104111,113.59431364182957
2021-04-23,0.0021426803138044903,113.83770994143005
2021-04-26,-0.0008688689370836,113.73879989139321
2021-04-27,0.0014578999420249428,113.90461968116085
2021-04-28,0.003081821509752114,114.2556533881544
2021-04-29,0.0014428177381711205,114.42050347154915
2021-04-30,0.000991567439298402,114.53395911717968
2021-05-03,0.003750677323218543,114.96353904037892
2021-05-04,0.004647631900805527,115.4978472518525
2021-05-05,0.003669000722045901,115.9216089368143
2021-05-06,0.0046594112578737246,116.4617353865253
2021-05-07,0.00019983347210650315,116.48500833947514
2021-05-10,0.0036712064200326022,116.91264884992859
2021-05-11,-0.002322398706092188,116.6411310655137
2021-05-12,0.001122334455667895,116.7720414258566
2021-05-17,0.011169240989868712,118.07629649742093
2021-05-18,-0.000763766271095867,117.98611380474028
2021-05-19,0.0029669932276941147,118.3361778053609
2021-05-20,-0.012594953823965582,116.8457391101978
2021-05-21,0.007734696587438528,117.74950544975017
2021-05-24,-0.004274137760648222,117.24622784220975
2021-05-25,0.00019022570693660867,117.26853108878667
2021-05-26,0.0019432408295572134,117.4964120864206
2021-05-27,-0.0016341082968135412,117.30441022458437
2021-05-28,0.005422876935413212,117.94053760521352
2021-05-31,-0.003946557040082177,117.4750785462166
2021-06-01,0.00417681291014893,117.96574997090919
2021-06-02,0.008614807934172353,118.98200224971916
2021-06-03,0.00951922998557464,120.11461929327838
2021-06-04,-0.0008719029281407664,120.00989100500405
2021-06-07,0.00029088793542286773,120.04480043442882
2021-06-08,-0.0010420453168544785,119.9197083123234
2021-06-09,-0.00042857373894211737,119.86831387455914
2021-06-10,0.0010031307386764166,119.98855746480001
2021-06-11,0.00720075644310092,120.85256584306305
2021-06-14,0.008256571556953585,121.85039370078773
2021-06-15,-0.0051011881550570015,121.22881191575226
2021-06-16,-0.003927497280348136,120.7526860866533
2021-06-17,-0.0008432041758682507,120.65086691749774
2021-06-18,0.003673042919144942,121.09402272991774
2021-06-21,0.004660586016640211,121.6583918389515
2021-06-22,-0.0022477462756755884,121.38493464179084
2021-06-23,-0.0002556380165685823,121.3539040378577
2021-06-24,-0.003036477685884331,120.98541561615181
2021-06-25,-0.004720875245461387,120.41425856250767
2021-06-28,0.004147339260404559,120.91365734455646
2021-06-29,-0.0045793200792358935,120.35995500562468
2021-06-30,-0.00022558814050910314,120.3328032271832
2021-07-01,0.0007736195725751571,120.42589503898257
2021-07-02,0.0005797661609818761,120.49571389783213
2021-07-05,-0.011652985675197125,119.09157906985806
2021-07-06,-0.008061101521024017,118.13156976067687
2021-07-07,0.004949844855608898,118.71630270354177
2021-07-08,0.001927710843373509,118.94515340754859
2021-07-09,-0.002543595763934814,118.64260501920056
2021-07-12,-0.0002860669069628674,118.6086652961487
2021-07-13,-0.0017005412299491152,118.40696637058336
2021-07-14,-0.003365927964227855,118.00841705131724
2021-07-15,-0.002399441226015875,117.72526279042744
2021-07-16,0.0021251534146604634,117.97544703463831
2021-07-19,-0.000879493017483024,117.87168845273692
2021-07-20,-0.0006663705019991362,117.7931422365312
2021-07-23,0.005754365167568221,118.4709669911955
2021-07-26,-0.0027665913629965067,118.14320623715182
2021-07-27,0.001978101351018724,118.37690547302321
2021-07-28,0.0024083555191480865,118.66199914665884
2021-07-29,0.005491586921524405,119.31364182925456
2021-08-02,0.010549329085426828,120.57232070129211
2021-08-03,0.000981188524919796,120.69062487878716
2021-08-04,-0.0016149637235760572,120.4957138978322
2021-08-05,0.0033639143730885834,120.90105116170868
2021-08-06,0.004876562023773401,121.49063263643815
2021-08-09,-0.002498283926376521,121.18711454171722
2021-08-11,0.005569202947836693,121.86203017726278
2021-08-12,-0.003254581479919416,121.46542027074247
2021-08-13,0.007751876097716881,122.40700515883837
2021-08-16,-0.002020105996149879,122.15973003374626
2021-08-17,0.0021353273639423964,122.42058104805913
2021-08-18,-0.0005861618281911563,122.34882277646378
2021-08-19,-0.0007767236528204435,122.25379155191855
2021-08-23,0.00841575912368242,123.28265001357639
2021-08-24,-0.0005506001541680794,123.21477056747267
2021-08-25,-0.004037335515960416,122.71731119816971
2021-08-26,0.002362683819171707,123.00725340366989
2021-08-27,0.007859676783602776,123.97405065746145
2021-08-30,-0.0007196101590182247,123.8848376711537
2021-08-31,-0.006363743102031139,123.09646638997765
2021-09-01,0.000898047927399892,123.20701291648942
2021-09-02,0.0006847374386096394,123.2913773709326
2021-09-03,0.004184264961500039,123.80726116132085
2021-09-06,-0.005960446446054424,123.06931461153614
2021-09-07,0.001835888869628377,123.29525619642425
2021-09-08,0.0020684719261956364,123.55028897249964
2021-09-09,0.018059806922533506,125.78158333656621
2021-09-10,-0.006714927801034665,124.93696908576135
2021-09-13,0.00028717789506371716,124.97284822155905
2021-09-14,0.0010707884261738077,125.10666770102068
2021-09-15,-0.0004805642754719397,125.04654590590023
2021-09-16,0.0005505881988010497,125.11539505837686
2021-09-17,0.009052579365079527,126.24801210193608
2021-09-20,-0.005345950596042814,125.57309646639052
2021-09-21,-0.0006795576697350425,125.4877623055744
2021-09-22,0.0025191641938675513,125.80388658314318
2021-09-23,0.008062651271062427,126.81819944920736
2021-09-24,0.004121425294387526,127.34087118420601
2021-09-27,-0.0007538893838667793,127.24487025328787
2021-09-28,0.0036122542295382587,127.70451107404736
2021-09-29,0.0021185475420291144,127.97505915208932
2021-09-30,-0.0007956172853538224,127.87323998293374
2021-10-01,-0.0061500894834226605,127.08680811450353
2021-10-04,-0.0018312642590628814,126.85407858500506
2021-10-05,-0.0017581812761338078,126.6310461192357
2021-10-06,0.0014626264482680007,126.81626003646154
2021-10-07,0.001498723026808868,127.00632248555198
2021-10-08,0.0072686181990320176,127.9294829525626
2021-10-11,-0.0035626032775950556,127.47372095729474
2021-10-12,0.0011410662122688375,127.6191769132313
2021-10-13,0.0020591766332842543,127.88196734029
2021-10-14,0.007241596335979761,128.80803692641933
2021-10-15,0.0013325102384966758,128.97967495442444
2021-10-18,-0.0007743836883218336,128.87979519801468
2021-10-21,0.00036868162460690357,128.9273108102873
2021-10-22,0.00039110977398371105,128.97773554167864
2021-10-25,0.0024885908260465772,129.2987083511119
2021-10-26,0.016304429344973004,131.4068500058189
2021-10-27,-0.0009445657949112007,131.28272759008638
2021-10-28,0.002998877267623934,131.67642837748795
2021-10-29,-0.0017306134472346857,131.44854737985406
2021-11-01,-0.0035409981188447848,130.9830883208571
2021-11-02,0.004079215250786694,131.51739653233068
2021-11-03,0.0004940055741524674,131.58236685931567
2021-11-04,-0.004591246416543182,130.97823978899254
2021-11-05,-0.006900125860664907,130.07447344944015
2021-11-08,0.0010809763079813184,130.21508087351214
2021-11-09,-0.0035745403364536577,129.74962181451517
2021-11-10,-0.002690522634021697,129.40052752026747
2021-11-11,-0.0008842726857158922,129.28610216826405
2021-11-12,-0.0027601725107818664,128.92925022303308
2021-11-15,6.016982934320403e-05,128.93700787401633
2021-11-16,-0.0025119392321287792,128.6131259454643
2021-11-17,0.0019904848791005847,128.8691284279126
2021-11-19,0.003830091425561566,129.36270897172395
2021-11-22,0.0008320590087254054,129.470346379117
2021-11-23,-0.0033479384338839235,129.03688763042607
2021-11-24,0.0025550846183906017,129.36658779721557
2021-11-25,-0.001221815783161384,129.2085256584312
2021-11-26,-0.007760141093474449,128.20584926884194
2021-11-29,-0.009197419276762209,127.02668631938303
2021-11-30,-0.0010763769609527518,126.88995772080267
2021-12-01,0.006480504990294511,127.71226872503058
2021-12-02,0.004646854261894262,128.30572902525168
2021-12-03,-0.0004081200779962879,128.25336488111452
2021-12-06,-0.003591410857402111,127.79275435398212
2021-12-07,0.003786470387373342,128.27663783406436
2021-12-08,0.0002267847963473013,128.30572902525168
2021-12-09,0.0034992517798571043,128.75470307590916
2021-12-10,0.0046770148444383874,129.35689073348644
2021-12-13,-0.004182971258939405,128.8157945774025
2021-12-14,-0.00015808491418245474,128.79543074357142
2021-12-15,-0.0008206657180072074,128.6897327489242
2021-12-16,-0.00011302840780647028,128.67518715333054
2021-12-17,0.0025773390105128247,129.00682673286587
2021-12-20,-0.003735802821771439,128.52488266552945
2021-12-21,-0.0008299381318846999,128.41821496450933
2021-12-22,-0.0024541267084497997,128.10306039331348
2021-12-23,0.002990045796903873,128.48609441061305
2021-12-24,-0.0005735849056603959,128.41239672627188
2021-12-27,-0.00045309007430671677,128.35421434389727
2021-12-28,0.003429935632044856,128.79446103719852
2021-12-29,0.008086253369272267,129.83592568170417
2021-12-30,0.0011501807426881339,129.98526046313233
2021-12-31,-0.0034540381660027597,129.53628641247488
2022-01-03,-0.004641309148619266,128.9350684612705
2022-01-04,-0.0013387182900506112,128.76246072689247
2022-01-05,0.0009112475053658642,128.8797951980146
2022-01-06,0.005883857764134026,129.63810558163044
2022-01-07,0.008115911674944742,130.69023699623813
2022-01-10,0.0006677895424158642,130.77751056980006
2022-01-12,0.003336719485700357,131.21387843760968
2022-01-13,0.004205065293061416,131.76564136379565
2022-01-14,0.0144316392163788,133.66723556107272
2022-01-17,-0.0009793750861487593,133.53632520072983
2022-01-18,-0.00020332878264150978,133.50917342228834
2022-01-19,-0.0022007553747820374,133.21535239129653
2022-01-20,0.002904416314230218,133.60226523408772
2022-01-21,0.0004500058065264323,133.66238702920816
2022-01-24,-0.0021982327079614894,133.36856599821635
2022-01-25,-0.0034100410804521752,132.91377370932145
2022-01-26,0.0011454335867391308,133.06601760986837
2022-01-27,0.000845339338157558,133.17850354912594
2022-01-28,0.0043177830040994625,133.75353942826175
2022-01-31,0.006546704173070683,134.62918428299972
2022-02-01,-0.0014693701156047734,134.43136418292602
2022-02-02,0.003058478983777091,134.84251968504
2022-02-03,0.0005681205278487145,134.9191264884999
2022-02-04,0.0025802463811863685,135.2672510763747
2022-02-07,0.00014337637014039117,135.28664520383288
2022-02-08,0.0024585522496112233,135.61925448974114
2022-02-09,-0.0025025740761926984,135.27985725922252
2022-02-10,0.0029317735437901504,135.67646716574282
2022-02-11,-0.0029589393560375266,135.27500872735797
2022-02-14,-0.00599278858216068,134.46433419960496
2022-02-15,-0.007125085638048478,133.5062643031696
2022-02-16,-0.0005374899220640383,133.43450603157422
2022-02-17,0.0004578388552576307,133.49559753306755
2022-02-18,-0.0036247148896604298,133.01171405298533
2022-02-21,-0.004877266397894653,132.36298048950835
2022-02-22,-0.00940673123415725,131.1178775066915
2022-02-23,-0.0008652950138298143,131.00442186106105
2022-02-24,-0.041081593225608226,125.62255149140896
2022-02-25,0.017028568781986442,127.76172375004904
2022-02-28,-0.007916328280949902,126.75032000310362
2022-03-01,-0.0008645092188814818,126.64074318296477
2022-03-02,-0.006654057903320965,125.79806834490572
2022-03-03,-0.008340527873704873,124.74884604941681
2022-03-04,-0.006140882732459607,123.98277801481767
2022-03-07,-0.02894662745588794,120.3938947286767
2022-03-08,0.020619387056501903,122.87634304332701
2022-03-09,0.015357297873179965,124.76339164501044
2022-03-10,-0.023208276012156026,121.86784841550032
2022-03-11,0.004487766063258292,122.41476280982171
2022-03-14,0.002796283240519948,122.75706915945904
2022-03-15,0.003594223963599541,123.19828555913321
2022-03-16,0.004510141915983867,123.75392731081081
2022-03-17,0.013595047798150794,125.43636786781016
2022-03-18,-0.004460592941904151,124.87684729064092
2022-03-21,-0.000768764851139192,124.7808463597228
2022-03-22,-0.00371466983734714,124.31732671347169
2022-03-23,-0.018892208329108207,121.96869787828297
2022-03-24,-0.0015264869334308262,121.7825142546842
2022-03-25,0.0035194725568727936,122.21112447151054
2022-03-28,0.0029596362741910465,122.57282494860611
2022-03-29,0.006423948988148798,123.36022652340925
2022-03-30,0.0023582310123100303,123.65113843528235
2022-03-31,0.005230798186865782,124.29793258601352
2022-04-01,0.0019815729320258324,124.54423800473273
2022-04-04,-0.0014949196091408323,124.35805438113397
2022-04-05,0.004218553839195893,124.88266552887843
2022-04-06,0.0011958007205863375,125.03200031030661
2022-04-07,0.0025283469574524098,125.34812458787536
2022-04-08,0.0015549572966950809,125.54303556883033
2022-04-11,-0.00026261924072135123,125.51006555215139
2022-04-12,0.0023101111789292084,125.80000775765154
2022-04-13,-8.479149001772157e-05,125.78934098754952
2022-04-14,0.0,125.78934098754952
2022-04-15,0.002112258034674852,126.05504053372694
2022-04-18,0.003046317878655058,126.43904425739943
2022-04-19,0.0010123553367231697,126.56704549862359
2022-04-20,0.0008887458723116914,126.67953143788118
2022-04-21,0.0025413933265459043,127.00147395368737
2022-04-22,0.00555856729455062,127.70742019316606
2022-04-25,-0.000174643310022371,127.6851169465891
2022-04-26,-0.00459468080258818,127.09844459097839
2022-04-27,-0.001770060044709143,126.87347271246321
2022-04-28,0.003890336831324337,127.36705325627453
2022-04-29,0.0001598830569640164,127.38741709010564
2022-05-04,0.0005480828518575898,127.45723594895514
2022-05-05,-0.0016889964165885951,127.24196113416907
2022-05-06,-0.005388021369182372,126.55637872852151
2022-05-09,-0.00511838173320045,125.90861487141744
2022-05-10,-0.024445094807535428,122.83076684380019
2022-05-11,-0.0013341964821422803,122.66688646677835
2022-05-12,-0.0061265306445110745,121.91536402777288
2022-05-13,0.008733416054214072,122.98010162522839
2022-05-16,4.731040355765437e-05,122.98591986346582
2022-05-17,0.0026650266502665776,123.31368061750952
2022-05-18,-0.002878127801456354,122.95876808502435
2022-05-19,7.886435331228014e-06,122.95973779139726
2022-05-20,-0.004219209627684295,122.44094488189026
2022-05-23,-0.0049102687976176895,121.83972693068587
2022-05-24,-0.011381182051159566,120.45304681742417
2022-05-25,-0.0021897340117216224,120.18928668399256
2022-05-26,0.0013796553282128254,120.35510647376022
2022-05-27,-0.006171695604882621,119.61231139211093
2022-05-30,-0.0011106697257374787,119.47946161902223
2022-05-31,0.0014933610362626304,119.65788759163772
2022-06-01,0.00431132289539371,120.17377138202599
2022-06-02,0.011474404492931356,121.5526938443044
2022-06-03,0.005975269246110804,122.27900391761419
2022-06-06,0.004385443183530402,122.81525154183359
2022-06-07,0.004082051605975412,123.3165897366282
2022-06-08,-0.0035071440366756246,122.88410069431022
2022-06-09,-0.004774192530164201,122.2974283386995
2022-06-10,-0.003726668675367528,121.84166634343165
2022-06-13,-0.00589742773462365,121.12311392110513
2022-06-14,-0.01810146749181396,118.93060781195497
2022-06-15,0.007696948942484738,119.84601062798225
2022-06-16,-0.00816409094586934,118.8675768977158
2022-06-17,-0.014235485107806256,117.17543927698735
2022-06-20,0.00418749379324046,117.66611070167995
2022-06-21,0.00224159812760627,117.92987083511154
2022-06-22,-0.011174700281217587,116.61203987432647
2022-06-23,-0.006527795102074796,115.8508203715919
2022-06-24,0.005683435172009643,116.50925099879797
2022-06-27,-0.0030129256173583308,116.15821729180445
2022-06-28,0.0036982310267390517,116.58779721500369
2022-06-29,0.0029110870830908464,116.9271944455223
2022-06-30,-0.004030519157405932,116.45591714828791
2022-07-01,-0.022082701883524458,113.88425584732984
2022-07-04,-0.0025885117760257037,113.5894651099651
2022-07-05,-0.014299373388652725,111.96520693534038
2022-07-06,0.007396308774239468,112.79333617780578
2022-07-07,0.008064169467919546,113.70292075559563
2022-07-08,-0.001202507355763105,113.56619215701527
2022-07-12,0.002527451884488663,113.85322524339672
2022-07-13,0.004437441444510748,114.35844226368299
2022-07-14,-0.004350001271930304,113.86098289438
2022-07-15,0.007630857279122383,114.72983980450762
2022-07-18,0.003118819412749163,115.0876614561115
2022-07-19,0.007473690419015355,115.94779100888293
2022-07-20,-0.0010705026344399737,115.82366859315043
2022-07-21,-0.00010046717235145941,115.8120321166755
2022-07-22,-0.0015908900611236731,115.62778790582256
2022-07-25,-0.007413619590741383,114.77056747216984
2022-07-26,-0.002162965967082431,114.52232264070481
2022-07-27,-0.0029974597798475555,114.17904658469458
2022-07-28,0.005104207361608992,114.76184011481368
2022-07-29,-0.0013688559912798937,114.6047476824022
2022-08-01,0.003029149215213467,114.95190256390408
2022-08-02,-0.002201732704588122,114.69880920057452
2022-08-03,0.0004227185877816453,114.74729451922
2022-08-04,0.0024507318392319455,115.028509367364
2022-08-05,0.007174048658764587,115.85372949071062
2022-08-08,-0.00012555137980962972,115.83918389511697
2022-08-09,0.003314972626362378,116.22318761878945
2022-08-10,0.00028367847547849934,116.2561576354684
2022-08-11,0.007890697984785922,117.17349986424155
2022-08-12,0.006570998228975222,117.9434467243323
2022-08-15,0.0010688328345447307,118.06950855281065
2022-08-16,0.0008870053713103676,118.17423684108496
2022-08-17,-0.0010257167708794812,118.05302354447119
2022-08-18,-2.4642478704928195e-05,118.05011442535243
2022-08-19,0.0009446516289079998,118.1616306582371
2022-08-22,-0.0038817263423961412,117.70295954385055
2022-08-23,0.00156533201515896,117.88720375470349
2022-08-24,0.002484165501357216,118.18005507932239
2022-08-25,0.0011815675462780728,118.31969279702147
2022-08-26,-0.0019997377393128346,118.08308444203138
2022-08-29,-0.0006651775449200148,118.00453822582564
2022-08-30,-0.004256682909993481,117.5022303246581
2022-08-31,0.0009408036443763201,117.61277685116988
2022-09-01,-0.00012367360063325616,117.59823125557622
2022-09-02,0.0007503793126193425,117.68647453551104
2022-09-05,0.00036254871748409023,117.72914161591912
2022-09-06,-0.0025533947795431944,117.42853264031694
2022-09-07,0.0037325449845990732,117.8668399208724
2022-09-08,0.00020567836839457954,117.89108258019513
2022-09-09,-0.0023853784526296495,117.60986773205116
2022-09-12,0.00037102997922233705,117.65350451883212
2022-09-13,0.0012280658375161124,117.79799076839575
2022-09-14,-0.00013994303495279414,117.78150576005628
2022-09-15,-0.0006668807271470456,117.70295954385055
2022-09-16,0.005000823858955394,118.29157131220708
2022-09-19,-0.0019674227581627513,118.05884178270863
2022-09-20,0.003063730523134023,118.42054225980417
2022-09-21,0.0015640353750410174,118.60575617703005
2022-09-22,0.001602472385966891,118.79581862612045
2022-09-23,0.0006775123054192367,118.876304255072
2022-09-26,-0.005481686923892726,118.2246615724763
2022-09-27,-0.012081891107137532,116.79628408517944
2022-09-28,-0.019477769936485534,114.5213529343319
2022-09-29,-0.010660547506752827,113.30049261083785
2022-09-30,-0.006068127353646036,112.61297079244446
2022-10-03,-0.0023249606048342253,112.35115007175867
2022-10-04,0.002744668179974319,112.65951669834413
2022-10-05,0.0038733333907161605,113.09588456615379
2022-10-06,0.0064992411835822494,113.8309219968198
2022-10-07,-0.0012181928152181776,113.69225398549361
2022-10-11,0.004921360581351841,114.25177456266286
2022-10-12,-0.010252841174323901,113.08036926418723
2022-10-13,-0.008995566532033261,112.06314727900435
2022-10-14,-0.009881970163718723,110.9557426011408
2022-10-17,-0.007210151893866534,110.15573484348981
2022-10-18,-0.003151491676716911,109.80857996198792
2022-10-19,-0.0011568452564929554,109.68154842713666
2022-10-20,-0.0216165081161368,107.31061634537102
2022-10-21,-0.010102744368036265,106.22648462045731
2022-10-24,-0.010141950796476396,105.14914084015399
2022-10-25,0.005588653005514921,105.73678290213762
2022-10-26,-0.014921129860601678,104.15907063341257
2022-10-27,0.009598465735060069,105.15883790388307
2022-10-28,0.0005717236546052273,105.21895969900352
2022-10-31,-0.0025805024606934124,104.94744191458865
2022-11-01,0.00829745162899842,105.81823823746205
2022-11-02,-0.004673582346688132,105.32368798727782
2022-11-03,-0.004640285782679943,104.83495597533104
2022-11-04,-0.006484136527610818,104.15519180792091
2022-11-07,0.002541686450856284,104.41992164772545
2022-11-08,-0.007596441373674434,103.62670183468484
2022-11-09,-0.002826021859559713,103.33385051006594
2022-11-10,-0.02207165781423026,101.05310112098094
2022-11-11,-0.006304577295844993,100.41600403397888
2022-11-14,0.010757776211215653,101.49625693340094
2022-11-15,0.010929901497128913,102.60560102401031
2022-11-16,0.003799226923476562,102.99542298592021
2022-11-17,0.01888657697268692,104.94065396997824
2022-11-21,-0.003514170339773859,104.57187463636049
2022-11-22,0.002485193163493271,104.83175594430045
2022-11-23,0.003836024964225082,105.23389317714633
2022-11-24,-0.004254460410573424,104.78617974477365
2022-11-25,0.0027077624683393697,105.06991582948721
2022-11-28,0.003224666204593829,105.40873123618209
2022-11-29,0.004458071952876397,105.8786509444944
2022-11-30,-0.0007070484117511766,105.80378961250574
2022-12-01,0.010198049475250048,106.88278189364301
2022-12-02,0.0005416351393281449,106.94067336410575
2022-12-05,0.015062363134342727,108.55145262014705
2022-12-06,0.004852486899535879,109.07819712191191
2022-12-07,0.0037755876741774053,109.4900314184869
2022-12-08,-0.0013382280655916956,109.34350878554015
2022-12-09,-0.0016459825078886103,109.163531282728
2022-12-12,0.0025139064329355865,109.43795818626161
2022-12-13,0.0027796286976060625,109.74215507544356
2022-12-14,-0.00399309007205928,109.3039447655254
2022-12-15,-0.0038494090593744756,108.88318917031962
2022-12-16,-0.015926479743010424,107.14906326364415
2022-12-19,0.0014045706466454533,107.29956169271982
2022-12-20,-0.015005657396729877,105.68946123113957
2022-12-21,0.004725152122373233,106.18886001318839
2022-12-22,0.0015907775084880171,106.35778286334936
2022-12-23,-0.0011825266866277717,106.23201194678289
2022-12-26,0.004221789545844956,106.6805011442539
2022-12-27,-0.003509578850538042,106.30609751367321
2022-12-28,-0.00039771187963544286,106.26381831581435
2022-12-29,-0.009992380239725818,105.2019898374776
2022-12-30,-0.011853790954801657,103.95494744191495
2023-01-02,-0.0010363564282549476,103.84721306388462
2023-01-03,-0.007242411622221723,103.09510880105542
2023-01-04,-0.018057522964601613,101.23346650634227
2023-01-05,-0.038190160542549534,97.36734416818624
2023-01-06,-0.032160431674021606,94.23596834878434
2023-01-09,0.009089328142959596,95.09250998797599
2023-01-10,0.017970043808482883,96.80132655831851
2023-01-12,0.018044505706964253,98.5480586478418
2023-01-13,0.015935772784120728,100.11849811877
2023-01-16,0.005628294310105142,100.68199449206816
2023-01-17,0.0032159172009675885,101.00577944998292
2023-01-18,-0.003923725917136189,100.60946045537449
2023-01-19,-0.01125852389099058,99.476746441178
2023-01-20,-0.0044451203106905535,99.03456033513089
2023-01-23,0.007701090000430844,99.79723439742484
2023-01-24,-0.005641554332754484,99.23422287731313
2023-01-25,0.00541069807483896,99.77114929599354
2023-01-26,-0.017629849933908703,98.01219890617158
2023-01-27,-0.003689372450509043,97.65059539971334
2023-01-30,0.00493539302411472,98.13253946704972
2023-01-31,0.015378732032783393,99.64169349521002
2023-02-01,-0.006171992467483234,99.02670571351032
2023-02-02,0.012900471306880101,100.30419688918232
2023-02-03,-0.0008178836149683733,100.2221597300341
2023-02-06,-0.0009665892943704346,100.12528606338036
2023-02-07,0.013367140195170713,101.46367479927115
2023-02-08,0.01755653548484526,103.24502540630735
2023-02-09,0.006779349002163926,103.944959466274
2023-02-10,0.0008480094633751545,104.03310577557154
2023-02-13,-0.0059944203700302845,103.40948760715294
2023-02-14,-0.013297074268567077,102.03444397036617
2023-02-15,0.0031238714337304962,102.35318645514175
2023-02-16,0.0017337639636687552,102.53064272138434
2023-02-17,0.010519824805147238,103.60924711997245
2023-02-20,0.0006308144432172202,103.6746053295066
2023-02-21,-0.011782433259067582,102.45306621155153
2023-02-22,0.005677037339913316,103.03469609402312
2023-02-23,0.0035641178878811353,103.40192389744422
2023-02-24,0.017004244496503063,105.16019549280517
2023-02-27,-0.000894459331608366,105.06613397463286
2023-02-28,0.006707067201730643,105.77081959582677
2023-03-01,-0.005949112125498757,105.1415771304453
2023-03-02,-0.006905157609507717,104.41555796904736
2023-03-03,-0.0050948433981101715,103.88357705286877
2023-03-06,-0.006438972116767694,103.21467359683525
2023-03-07,-0.003799355687900463,102.82252433963033
2023-03-08,-0.0010289084610980437,102.71672937434582
2023-03-09,-0.0033127025006230992,102.37645940809159
2023-03-10,2.2732719107798616e-05,102.37878670338657
2023-03-13,0.0008482521304336021,102.46562972731891
2023-03-14,-0.0006611641045970451,102.39788313098828
2023-03-15,-0.005884070740670988,101.79536674295058
2023-03-16,0.001558411931230852,101.95400585702681
2023-03-17,-0.009359424584485243,100.9997750281218
2023-03-20,0.0029832842987254082,101.30108607113799
2023-03-21,-0.012451987604892412,100.03968620301804
2023-03-22,0.013357058967889968,101.37592219076097
2023-03-23,0.001943756948941111,101.57297234397458
2023-03-24,-0.006691895160748196,100.89325666188311
2023-03-27,0.008438643211493124,101.74465885729835
2023-03-28,0.00243065492059813,101.99196501299443
2023-03-29,0.0010303371438380449,102.09705112292036
2023-03-30,-0.005158198582282503,101.57041425856288
2023-03-31,-0.007919891982960281,100.76598754897053
2023-04-03,0.007663651058404497,101.53822291610138
2023-04-04,9.685773250311946e-05,101.54805767813542
2023-04-05,0.0010820716826964727,101.65793995578176
2023-04-06,-0.003138073857027801,101.33892983204721
2023-04-07,0.001046315996444891,101.44496237539309
2023-04-10,0.0025768323033845686,101.70636903145764
2023-04-11,0.0004226301145280331,101.74935320584963
2023-04-12,8.9632888562452e-05,101.75847329428684
2023-04-13,-0.0029931842799090225,101.45389143167485
2023-04-14,0.000779367420325805,101.53296128932196
2023-04-17,0.0006546115041030642,101.5994259338276
2023-04-18,3.745225696216714e-05,101.60323106163489
2023-04-19,-0.0010474022831429286,101.49681160544624
2023-04-20,0.0014740764216829572,101.64642566230981
2023-04-21,0.0011933102503618453,101.76772138396528
2023-04-25,0.00043526755352440993,101.81201757107982
2023-04-26,-0.004229706610345385,101.38138260734684
2023-04-27,0.0014263040333122312,101.52598328226247
2023-04-28,0.0052962886322525105,102.06369419339858
2023-05-02,-0.00893354553736303,101.15190353361037
2023-05-03,-0.001967407569428592,100.95289651293622
2023-05-04,-0.000216383840554224,100.93105193747367
2023-05-05,-0.0017056297281339283,100.7589009347973
2023-05-08,0.002894965035380892,101.05059443000695
2023-05-09,-0.0011105447726537099,100.93837322058916
2023-05-10,0.007044087900659468,101.64939199410456
2023-05-11,0.009203737138113066,102.58494627826731
2023-05-12,0.014619202058423486,104.08465633606181
2023-05-15,0.0009504802855020422,104.18358674993249
2023-05-16,0.005656568484592839,104.772908343354
2023-05-17,-0.002496732549522762,104.51131841278499
2023-05-18,-0.0028997297104004227,104.20826383771032
2023-05-19,0.001730444308977619,104.38859043481672
2023-05-22,-0.00039095328560634357,104.34777937240641
2023-05-23,0.001402493823763784,104.49412648849967
2023-05-24,0.012701009274227015,105.82130735813236
2023-05-25,-0.009135168131601312,104.85461192350995
2023-05-26,0.01208065049684981,106.1213238431407
2023-05-29,0.005681364930405275,106.7242378107913
2023-05-30,0.0021696772845933854,106.95579496528491
2023-05-31,0.0017561931414078469,107.14362999883677
2023-06-01,-0.00297196697748503,106.82520266863236
2023-06-02,0.01221255828961354,108.12981168302281
2023-06-05,-0.008866600500286204,107.17106784065827
2023-06-06,-0.0031199405800401703,106.83670047709595
2023-06-07,0.0007080418470448713,106.91234533183393
2023-06-08,-0.0019628617771891843,106.70249117567244
2023-06-09,0.0051646428010019285,107.25357142857183
2023-06-12,-0.0017315440711264118,107.06785714285756
2023-06-13,0.001399359495533048,107.21768356541679
2023-06-14,0.012569427936127475,108.56534851247082
2023-06-15,0.01694099686370487,110.40455374112761
2023-06-16,0.005929878786784304,111.05923936232152
2023-06-19,-0.0042246430218862985,110.5900537217335
2023-06-20,0.026339383369286873,113.50292754354025
2023-06-21,-0.018198544078540713,111.43733951359573
2023-06-22,-0.0015203451499192777,111.26791629494632
2023-06-23,0.00547653389513636,111.8772788099768
2023-06-26,-0.002875065575734914,111.55562429696333
2023-06-27,0.0033733997022373785,111.9319460067496
2023-06-28,0.003196189509194758,112.28970171832013
2023-07-03,-0.0030361760765539314,111.94877041231959
2023-07-04,0.004963435301597707,112.50442089135456
2023-07-05,0.006554017991130312,113.24177688995817
2023-07-06,-0.004814682720290286,112.69655366355113
2023-07-07,-0.003950060952254586,112.2513954074711
2023-07-10,-0.002524790289241907,111.96798417439244
2023-07-11,-0.0011774648826080591,111.83614580505068
2023-07-12,0.0006540194296695834,111.90928881734654
2023-07-13,-0.004525198076848036,111.40287711880885
2023-07-14,0.005105180698331324,111.97160893681438
2023-07-17,-0.0008484397478046857,111.87660777316673
2023-07-18,0.0127936301291669,113.30791571312251
2023-07-20,0.004345093617839302,113.80024921453827
2023-07-21,0.004938947446026187,114.36230266475356
2023-07-24,-0.0031936580377285306,113.99706857763512
2023-07-25,0.0015499708880706287,114.17376071525584
2023-07-26,0.00499736076481172,114.74432818742525
2023-07-27,0.013579695604645003,116.30252123656999
2023-07-28,0.005426160786738077,116.93359741670264
2023-07-31,0.0020464877014572114,117.17290058570306
2023-08-01,0.00396051150831811,117.63696520693576
2023-08-02,0.005991067128559013,118.34173616229047
2023-08-03,-0.005070349305169697,117.74170222256741
2023-08-04,-0.0029602053955662955,117.393162600365
2023-08-07,-0.0018602017461926135,117.17478763430474
2023-08-08,-0.0007840670569455588,117.08291474341608
2023-08-09,-0.0033142625572005757,116.69487122299407
2023-08-10,0.001795489842859821,116.90439567898878
2023-08-11,-0.0032167658764514773,116.52834160816144
2023-08-15,0.00042288054624406435,116.5776191769136
2023-08-16,-0.0008619400060075888,116.47713626313991
2023-08-17,-0.001912511452898391,116.25437240603584
2023-08-18,-0.0013868990497893918,116.09313932741205
2023-08-22,-0.00671456519643121,115.31362437453978
2023-08-23,-0.002353568470361389,115.04222586400876
2023-08-24,0.0011071499331001267,115.16959485667779
2023-08-25,0.0018415560897626637,115.38168612544159
2023-08-28,-0.002938214436782216,115.04266998952755
2023-08-29,0.0030559455583873962,115.39423412590708
2023-08-30,0.00029780884989505374,115.42859955005665
2023-08-31,0.004269943755591976,115.92147317792214
2023-09-01,-0.005635593794560467,115.26818684302434
2023-09-04,-0.0013089938000321322,115.11730150110586
2023-09-05,-0.0016105151790317684,114.93190333966916
2023-09-06,-0.009041035424399602,113.89279993018152
2023-09-07,0.0006212558208731345,113.96355649509368
2023-09-08,-0.0034045195517796722,113.57556533881579
2023-09-11,0.001149690789221225,113.7061421201664
2023-09-12,0.000942142085232911,113.8132694620073
2023-09-13,-0.00017908507811559282,113.79288720375509
2023-09-14,0.0034726350206020218,114.18804836895427
2023-09-15,-0.0005280187726268704,114.12775493580583
2023-09-18,0.003246366868761008,114.4982554982355
2023-09-19,-0.000698114534331995,114.41832260191651
2023-09-20,-0.002290937347498523,114.15619739342964
2023-09-21,-0.00023156163510273942,114.1297631977041
2023-09-22,0.0007321625422254119,114.2133247352705
2023-09-25,0.003250022208524772,114.58452057716958
2023-09-26,0.0031676784245400214,114.94748749078816
2023-09-27,0.0009676860369194351,115.05872056941197
2023-10-02,-0.006424144389586606,114.31956673519296
2023-10-03,-0.0062465630301777875,113.60546235599898
2023-10-04,-0.004715021737492386,113.06981013149257
2023-10-05,0.05077845460276431,118.81132035219775
2023-10-06,0.003433192527645401,119.21922248943059
2023-10-09,-0.005280883561995964,118.58963965711223
2023-10-10,-0.0003338092887015254,118.55005333385091
2023-10-11,0.004351750681577338,119.06595360924752
2023-10-12,-0.0007599508391759047,118.9754693378849
2023-10-13,-0.0026175244644399687,118.66404813622475
2023-10-16,-0.0036054669209392154,118.23620883596486
2023-10-17,-0.004634195246009609,117.68827915907103
2023-10-18,0.009348760346703733,118.78851867654517
2023-10-19,0.0010405595870648376,118.91212520848727
2023-10-20,-0.0021585224258224844,118.65545071952252
2023-10-23,0.0005968834488629948,118.72627419417438
2023-10-24,-0.002585994757736687,118.41924867150264
2023-10-25,-0.005751438522919927,117.73816764283814
2023-10-26,-0.0087625873124062,116.70647666886505
2023-10-27,-0.003944516696623546,116.2461260230406
2023-10-30,-0.0052445053250332885,115.63647259609829
2023-10-31,0.00811260771121547,116.57458593537915
2023-11-01,0.0006736769373250073,116.65311954540203
2023-11-02,-0.0018706062575952753,116.43490749001239
2023-11-03,-0.0024906070369214994,116.14491389007446
2023-11-07,0.000957600885960419,116.25613436251541
2023-11-08,-0.002306820160180134,115.98795236802334
2023-11-09,-0.001189184149446132,115.85002133354058
2023-11-10,0.0001411242679032476,115.86637058298786
2023-11-13,0.0019340502684346284,116.09046196811643
2023-11-14,0.00016965826310166854,116.11015767425661
2023-11-15,-0.006535057092710961,115.35137116481167
2023-11-16,0.006255435461163028,116.07294422248981
2023-11-17,-0.0018667898845624586,115.85626042434389
2023-11-20,0.002670603648727843,116.16566657616112
2023-11-21,-0.00026953617189784396,116.13435572708622
2023-11-22,0.0019594548348746965,116.3619157519107
2023-11-23,-0.0019611146812912317,116.13371669058645
2023-11-24,-0.001544700413238731,115.95432489042355
2023-11-27,-0.009524227028170018,114.84994957526897
2023-11-28,-0.005793704719188497,114.18454288041617
2023-11-29,0.0007781036273728503,114.27339028742134
2023-11-30,-0.0002353125049775473,114.24650032970054
2023-12-01,-0.0028318160790321567,113.92297525309374
2023-12-04,-0.0017134720353458865,113.72777142081416
2023-12-05,0.0026812271390737052,114.03270140801402
2023-12-06,-0.00016209011051937505,114.01421783483998
2023-12-07,0.005904384143903263,114.68740157480354
2023-12-08,0.004929465093821195,115.2527491175676
2023-12-11,0.0056408724894301265,115.90287517939608
2023-12-12,0.0035908114309164407,116.31906054846635
2023-12-13,0.009981562091537555,117.48010647376017
2023-12-14,0.0015823913104218157,117.66600597339168
2023-12-15,-0.0006466769118781412,117.58991408401576
2023-12-18,0.0037317600708004495,118.02873143012333
2023-12-19,0.0032755608716488194,118.41534172452619
2023-12-20,0.0028288746417843846,118.75032388192895
2023-12-21,-0.0051601058839712,118.13755963694233
2023-12-22,-5.8754880654543484e-05,118.13061847872504
2023-12-25,-0.0028659339978103215,117.79206392304448
2023-12-26,-0.005094396820439551,117.19198440712191
2023-12-27,0.0015435852175593734,117.37288022186918
2023-12-28,-0.004738399311914443,116.81672064698847
2023-12-29,0.0038410564966111505,117.26542027074241
2024-01-02,0.0040374504030438185,117.73887358907761
2024-01-03,0.0073118322539185154,118.59976048252628
2024-01-04,0.004051197754541436,119.08023156588223
2024-01-05,0.007240145296715905,119.9423897443858
2024-01-08,0.0010575684785898432,120.0692370350262
2024-01-09,0.00447162094714737,120.60614115046005
2024-01-10,0.0034428853576704554,121.02137426787209
2024-01-12,0.0017196107353401047,121.22948392226873
2024-01-15,-0.003894327935870079,120.75737655637913
2024-01-16,0.007659361185865743,121.68230091928203
2024-01-17,0.0037112163834307488,122.13389026802722
2024-01-18,0.004107944881622361,122.63560955742638
2024-01-19,0.0030325125942594067,123.00750358791397
2024-01-22,0.002811748321394969,123.35336972964627
2024-01-23,0.0020915763165698653,123.61137271634189
2024-01-24,-0.003169110520289675,123.21963461463908
2024-01-25,-0.0017424940160077895,123.00492513866841
2024-01-26,-0.004255579169456736,122.48146794150772
2024-01-29,-0.013668254457371631,120.80736007137078
2024-01-30,-0.0010167008742927308,120.68453512276523
2024-01-31,0.001591494480884359,120.8766038943412
2024-02-01,0.0014956424280248015,121.05739207168114
2024-02-02,0.0007595449266846188,121.14934059966684
2024-02-05,-0.004068626737662839,120.65642915325282
2024-02-06,0.006965150682331389,121.49681936309726
2024-02-07,0.0016439227988167548,121.69655075443198
2024-02-08,0.006060358514192732,122.43407548194449
2024-02-09,0.002686186534343271,122.76295624684886
2024-02-12,0.002244149517886429,123.03845467592454
2024-02-13,0.0007933344396615638,123.13606531942169
2024-02-14,0.004380229781606015,123.67542957992362
2024-02-15,-0.0020592516566495522,123.42075074667432
2024-02-16,0.011285743709861684,124.81364570808
2024-02-19,0.003793654624499654,125.28714557232112
2024-02-20,-0.0026459059378404204,124.95564756991624
2024-02-21,0.005860013384214602,125.68788933710916
2024-02-22,0.0019544590805005146,125.933541173733
2024-02-23,0.007422892396535374,126.86833229898029
2024-02-26,0.0025915737744870437,127.19712094177925
2024-02-27,-0.0013934050652248953,127.01988382917695
2024-02-28,0.002690155131403804,127.36158702145033
2024-02-29,-0.007832679737606707,126.36400449943798
2024-03-01,-0.001576229397692419,126.16482584073583
2024-03-04,-0.0006858703867451688,126.0782931228428
2024-03-05,5.701563024329559e-05,126.0854815561852
2024-03-06,-0.005111125610954725,125.44104282223383
2024-03-07,-0.004676591195963309,124.8544063457589
2024-03-08,0.0024835567757761634,125.16448935262443
2024-03-11,-0.004289456484042664,124.62760172219893
2024-03-12,-0.0004341003718552061,124.57350083394792
2024-03-13,0.0031311131109093004,124.96355455568096
2024-03-14,0.006365076801105429,125.758957177767
2024-03-15,0.007318922623536839,126.67937725456775
2024-03-18,0.0016800237844085686,126.89220162134949
2024-03-19,-0.0039015083368465486,126.39713063884297
2024-03-20,-0.005578086354113387,125.69207652922736
2024-03-21,0.001210134059594914,125.84418079205659
2024-03-22,0.00011974520347446393,125.85925002909161
2024-03-25,-0.001223181008268348,125.70530138474115
2024-03-26,-0.001907757042253433,125.4654862107758
2024-03-27,0.0033606129451082545,125.88712714790003
2024-03-28,0.00038146711333597594,125.9351489468993
2024-03-29,0.0017166943369084642,126.15134110391418
2024-04-01,-0.00016245387726954164,126.1308473294291
2024-04-02,0.0035401771376326607,126.57737287149497
2024-04-03,0.0032375596263434225,126.98717466351235
2024-04-04,0.0008405148869772283,127.09390927427219
2024-04-05,0.0009395234124849328,127.21331697761961
2024-04-08,0.007714449172852023,128.1946976455534
2024-04-09,0.00917827223249712,129.37130347930693
2024-04-15,0.0023557623525403137,129.67607152554254
2024-04-16,-0.0007763793548822839,129.57539370078788
2024-04-17,0.001683276428474656,129.79350490671473
2024-04-18,0.005291656624822227,130.48032756681326
2024-04-19,-0.00017097646236174935,130.45801850199808
2024-04-22,-0.011229602268585381,128.9930268414729
2024-04-23,-0.00418134432309103,128.45366258097098
2024-04-24,0.002610749558633829,128.78902292385914
2024-04-25,0.004937430838531931,129.42490981730782
2024-04-26,0.0006107225106839476,129.50395252317648
2024-04-29,0.0014177273507915977,129.6875538187042
2024-04-30,-0.004077995413050539,129.15868856910177
2024-05-02,0.0002616567044517737,129.1924838059041
2024-05-03,0.00605188274454016,129.97434156937334
2024-05-06,-0.0030585428822408334,129.57680947209238
2024-05-07,0.0009719079893177884,129.70274620844862
2024-05-08,0.003230332311412454,130.1217291804047
2024-05-09,0.004438538677579595,130.69927950816546
2024-05-10,0.003619324714869032,131.17232264070495
2024-05-13,0.0010583340392047447,131.31114677475716
2024-05-14,-0.0029445924395008483,130.924488964742
2024-05-15,-0.0059293304418922554,130.14819440673418
2024-05-16,-0.0007463452552470828,130.05105891935972
2024-05-17,0.0010992600361781069,130.19401885109244
2024-05-20,0.001356169105493299,130.3705839571783
2024-05-21,-0.0013003319665595425,130.20105891935972
2024-05-22,-0.0025930273763310474,129.86344400915456
2024-05-23,-0.0012325906069351467,129.70337554788463
2024-05-24,-0.0003608679188950026,129.656569760677
2024-05-27,-0.0032989586539425853,129.2288380978245
2024-05-28,0.0035757371686258033,129.69092645746923
2024-05-29,-0.001990601773762757,129.43276346922207
2024-05-30,-0.002546243379055735,129.10319615220567
2024-05-31,-0.0002429238349428431,129.07183390869298
2024-06-03,0.00027715162180141917,129.10760637678968
2024-06-04,-0.005661279452701451,128.3766921376213
2024-06-05,-0.014007436369594117,126.57846379116458
2024-06-06,0.014603428142855313,128.42694329157186
2024-06-07,-0.003538210017153598,127.97254179434519
2024-06-10,-0.0028770390064123408,127.60435979985311
2024-06-11,0.002058579814746775,127.86704355921077
2024-06-12,-0.0017647896154157072,127.64138512858356
2024-06-13,0.001967706150127979,127.89254586711193
2024-06-14,-0.0020142028334074746,127.63494433885472
2024-06-19,0.0020311533930506,127.8941904891204
2024-06-20,-0.0038541551474052804,127.40126643652354
2024-06-21,0.00021164354295155619,127.42823009192867
2024-06-24,-0.001174804591901557,127.27852682207879
2024-06-25,0.02167156548776905,130.03685175129021
2024-06-26,-0.0040155048497938495,129.514688142431
2024-06-27,-0.0028360956735433707,129.14737209572993
2024-06-28,-0.001263189326216163,128.98423451378974
2024-07-01,0.00015090926497185464,129.00369942981317
2024-07-02,-0.0043872167049308075,128.4377322446768
2024-07-03,-0.0027474114841731234,128.08486094410662
2024-07-04,0.006586151991980538,128.92844730615622
2024-07-05,0.005423697066127886,129.627716147551
2024-07-08,-0.0007431329807220388,129.53138551646612
2024-07-09,-0.0006843719546338889,129.44273786897375
2024-07-10,0.0008554645989784504,129.5534715488155
2024-07-11,0.005531541962774611,130.27010201311091
2024-07-12,0.0061718743835592615,131.07411271866928
2024-07-15,-0.006136435203407897,130.269784919127
2024-07-16,0.001667626759691121,130.48702629843734
2024-07-17,0.009590115936467525,131.73841200884425
2024-07-18,0.0007781961683548388,131.84093033629466
2024-07-19,0.0019890167259268843,132.10316415189533
2024-07-22,-0.0010031045495999535,131.970650866918
2024-07-23,-0.00047219037359147453,131.90833559598204
2024-07-24,0.0028128970472447445,132.27938016368694
2024-07-25,0.0014274059658245797,132.46819654008817
2024-07-26,0.008236291650039584,133.5592432411471
2024-07-29,0.009577371310355742,134.83838970559768
2024-07-31,0.005699566894073582,135.60691012761387
2024-08-01,-0.00045473049936539667,135.54524552965415
2024-08-02,0.001654217563341387,135.76946685543672
2024-08-05,-0.028474096356994494,131.90355397385724
2024-08-06,0.014911932485906387,133.87049086536652
2024-08-07,-0.0017544471544017615,133.6356221636094
2024-08-08,0.0012381068572335785,133.80107734378083
2024-08-09,-0.0003723338099906881,133.75125867887257
2024-08-12,-0.0007587998774563065,133.6497682401774
2024-08-13,0.002725877275069122,134.01408110624155
2024-08-15,0.0038413848336971146,134.52888076490493
2024-08-16,0.0016048114443862893,134.7447742523569
2024-08-19,0.0013610743585938945,134.9281719095463
2024-08-22,0.0009909709792192967,135.06188181218778
2024-08-23,0.001862792480665787,135.3134740700521
2024-08-26,-0.0016678937044209974,135.08778557852733
2024-08-27,-0.003761200152226696,134.57969337884538
2024-08-28,0.0021717350728771567,134.8719648190533
2024-08-29,0.001908324430827113,135.12934428455114
2024-08-30,-0.00011618162036175494,135.11364473837375
2024-09-02,0.0024942621033920975,135.45065358209587
2024-09-03,-0.005193012088332116,134.74725670067156
2024-09-04,-0.0034469499472574716,134.2827896512941
2024-09-05,0.004234830909772613,134.8514545595599
2024-09-06,0.0003541385564513888,134.899210659013
2024-09-09,0.005056117430245477,135.58127690935237
2024-09-10,-0.002261980810379649,135.27459466273666
2024-09-11,-0.0017106237979396255,135.04319072184992
2024-09-12,-0.0029846058442097867,134.64014002560077
2024-09-13,0.00823120973668301,135.74839125712785
2024-09-18,0.0063665138784199105,136.61263527403952
2024-09-19,0.006835052316072732,137.54638978317416
2024-09-20,0.004408130860484194,138.15271226872554
2024-09-23,0.001592512281460401,138.37272215973056
2024-09-24,-0.005343434619929033,137.63333656568844
2024-09-25,0.006299260830120446,138.50032485163547
2024-09-26,0.006156388765925502,139.3529866956291
2024-09-27,0.0054561462945270645,140.11331697761972
2024-09-30,-0.0052742791172707415,139.37432023583312
2024-10-01,-0.011929690375541258,137.71162774911812
2024-10-02,-0.012448739202620462,135.997291610101
2024-10-03,0.009296603271254256,137.2616044761652
2024-10-04,0.0008522238948271976,137.3785820953421
2024-10-07,-0.0007169957844865849,137.28008223110098
2024-10-08,-0.009694670387338067,135.94919708312378
2024-10-09,0.009227728987045047,137.20369942981324
2024-10-10,-0.0032696811532393344,136.75508707963286
2024-10-11,-7.93108761992789e-05,136.74424091385185
2024-10-14,-0.0037549746702383313,136.2307697529194
2024-10-15,-0.0077548097303131724,135.1743260540714
2024-10-16,-0.007530906007189309,134.15634090997304
2024-10-17,0.020999059722017765,136.97349792482893
2024-10-18,-0.003163638461748053,136.54016329855378
2024-10-21,-3.112800607385502e-05,136.5359130755213
2024-10-22,0.000364819087778967,136.5857239827786
2024-10-23,0.002349568657779466,136.90664151894865
2024-10-24,0.0014173387908602564,137.10068461269984
2024-10-25,0.0030526076872647856,137.51919921647783
2024-10-28,0.002125800263623079,137.81153756642544
2024-10-29,0.0025371812207666267,138.16119041154397
2024-10-30,-0.004591529940486172,137.52681916915617
2024-10-31,-0.0010023398365048841,137.38897055971512
2024-11-01,0.007189580717392063,138.3767396532336
2024-11-04,0.0021132360477265077,138.6691623676357
2024-11-05,-0.00022320094447891847,138.63821127962512
2024-11-07,0.013341328617970216,140.4878292153142
2024-11-08,0.012117271967372334,142.19015845002193
2024-11-11,0.0019125815486926712,142.4621087234791
2024-11-12,-0.002807008587587423,142.0622163608865
2024-11-13,0.0019166862798314366,142.33450506186784
2024-11-14,0.004968264462776206,143.04166052519355
2024-11-15,0.007553595484279363,144.12213936620049
2024-11-19,0.007693239570874422,145.2309055118116
2024-11-20,0.0006525162441497478,145.32567103681063
2024-11-21,-0.007902011164733658,144.17730596175537
2024-11-22,0.0012449976511856864,144.356806369032
2024-11-25,-0.011283457683998965,142.72796245296982
2024-11-26,0.006322782349806655,143.63040029479131
2024-11-27,0.006031957862834281,144.49677281719153
2024-11-28,-0.0008575952575587964,144.37285307009097
2024-11-29,-0.0034310753457708065,143.87749893332358
2024-12-02,-0.007973951621891184,142.73022671735055
2024-12-03,0.0006256033097120639,142.81951921958088
2024-12-04,0.0014579864812482857,143.02774814786142
2024-12-05,0.008944334635391682,144.3070361894424
2024-12-06,-0.008002160370889078,143.15226814320678
2024-12-09,0.002437477368655072,143.50119855707752
2024-12-10,-0.006992288148430115,142.49779682712133
2024-12-11,0.0002508005679340286,142.53353535549493
2024-12-12,-0.0014087913223848059,142.3327353477373
2024-12-13,0.00183188068664486,142.59347193669817
2024-12-16,-8.830444396379367e-05,142.5808802994459
2024-12-17,0.004889138483097133,143.27797796827178
2024-12-18,-0.0003689714433550151,143.22511248593986
2024-12-19,-0.003110749250175071,142.77957507466797
2024-12-20,-0.0001733767891850535,142.75482041038032
2024-12-23,-6.849190332025579e-05,142.74504286102228
2024-12-24,-0.005832590681156158,141.91246945424984
2024-12-25,-0.0015957682151689356,141.68601004615863
2024-12-26,0.002987620185054718,142.10931402971238
2024-12-27,-0.000433166263398288,142.04775706916004
2024-12-30,0.004825548092942444,142.73321535239188
2024-12-31,0.003666817917886922,143.25659206392362
2025-01-02,0.021258972535713294,146.30208002017048
2025-01-03,0.028437517632845744,150.4625480004661
2025-01-06,0.0027566494944883946,150.87732050735102
2025-01-07,-0.0019224603152445674,150.5872648462052
2025-01-08,0.012526523406341639,152.47359974399814
2025-01-09,0.007755534444448875,153.65611399868183
2025-01-10,0.001901558606705267,153.94830010472893
2025-01-13,0.002323636131034812,154.30601993716365
2025-01-15,0.010496859920412938,155.9257486133205
2025-01-16,7.753260419507413e-05,155.93783794267156
2025-01-17,-0.003679456769848266,155.3640714091779
2025-01-20,-0.0032918596450471904,154.85263469221582
2025-01-21,-0.012530716421845556,152.912220239712
2025-01-22,0.00042566010133415766,152.97730887087448
2025-01-23,0.0033215911730193337,153.48543694969223
2025-01-24,0.003412256136299696,154.00916857375645
2025-01-27,0.00026622522047947683,154.05016969861586
2025-01-28,0.00166585362704752,154.3067947325556
2025-01-29,0.012183431283294466,156.18678096272512
2025-01-30,0.01477224350734696,158.49401012373514
2025-01-31,-0.005894318335601834,157.55979597377973
2025-02-03,-0.002420576353939219,157.1784104573141
2025-02-04,0.0023114324639013084,157.54171773786956
2025-02-05,-0.0017654446445791727,157.26358655599145
2025-02-06,0.006688182278639765,158.31539408867056
2025-02-07,-2.1021532940590504e-05,158.31206605639872
2025-02-10,0.0014057526891451122,158.5346136689816
2025-02-11,-0.004635328256667792,157.79975369458185
2025-02-12,0.0073855730252778695,158.96519529886405
2025-02-13,0.0002689480813387046,159.00794868313932
2025-02-14,0.0033356597601430504,159.53834509910456
2025-02-17,0.011693519547496312,161.40390985609616
2025-02-18,0.0037296262657124934,162.00588611768413
2025-02-19,0.00975133023018615,163.5856590124516
2025-02-20,0.004922864980705599,164.39096912454966
2025-02-21,-0.006466509495212103,163.32793336177863
2025-02-24,0.004165598519572766,164.00829195919533
2025-02-25,0.00144708942595706,164.24562662425876
2025-02-26,0.008796005305571564,165.6903320274627
2025-02-27,-0.009327018570954748,164.14493522361488
2025-02-28,-0.01202171715420608,162.17163124006112
2025-03-03,0.004085635554573308,162.83420542259864
2025-03-04,-0.00505067420156835,162.01178290213784
2025-03-05,-0.004989021836803831,161.20350257941956
2025-03-06,-0.0031923038748311594,160.68889201349893
2025-03-07,0.0023473585559989907,161.0660864590208
2025-03-10,-0.0015968845726551661,160.80888251037646
2025-03-11,-0.006441383112767873,159.77305089019106
2025-03-12,-0.011064340546314999,158.00526744501826
2025-03-13,0.012020527484023713,159.90457410496163
2025-03-14,0.007501601288727899,161.10411446414088
2025-03-17,0.003767757775966052,161.71111574415326
2025-03-18,0.009764074064139816,163.29007505527386
2025-03-19,0.021015687293076013,166.72172821069842
2025-03-20,0.010069347071628432,168.40050715643363
2025-03-21,0.014699351131917782,170.8758853419191
2025-03-24,0.013477546353171554,173.17887300725403
2025-03-25,-0.010138878613121016,171.42303343547638
2025-03-26,-0.006215706726293679,170.35751813350984
2025-03-27,0.0013190953819213203,170.58223594895532
2025-03-28,0.009373944158481029,172.18126430316966
2025-04-02,-0.004542982989426236,171.39904774834247
2025-04-03,-0.02359135024804082,167.35551278073063
2025-04-04,-0.0014996143986923949,167.1045440440641
2025-04-07,-0.05641588977657275,157.67719250610975
2025-04-08,0.01345319350387486,159.79845428804217
2025-04-09,-0.027389044947587315,155.421727240992
2025-04-10,0.021825856322258863,158.81393952911117
2025-04-11,-0.018747688105104743,155.83654532407644
2025-04-14,0.03169462577424298,160.7757263100739
2025-04-15,0.02877660551045258,165.40230596175542
2025-04-16,0.003938752839209636,166.05378476397408
2025-04-17,0.002998628163923378,166.5517183196934
2025-04-18,0.003971644599334967,167.21320255226777
2025-04-21,0.001462117082416503,167.457687832125
2025-04-22,-0.003675878355842155,166.84213374190352
2025-04-23,0.0010723941180377228,167.02105426476922
2025-04-24,0.004383565346882001,167.75320197044394
2025-04-25,0.001173810771913475,167.95011248593983
2025-04-28,0.007135319312980171,169.14849016717795
2025-04-29,-0.004096904107234178,168.45550502307958
2025-04-30,0.0010693649546100747,168.63564543656238
2025-05-02,0.006810298816720017,169.78410457313583
2025-05-05,-0.004088968665842185,169.0898626895782
2025-05-06,0.007419461229577484,170.34441837011812
2025-05-07,0.0025758715782744357,170.78320371591542
2025-05-08,-0.0009088484534934826,170.62798766533555
2025-05-09,0.009630872650664868,172.27128408517962
2025-05-12,0.01507302669896915,174.86793374966123
2025-05-13,0.0018673625640273084,175.19447558279415
2025-05-14,-0.003129881358717279,174.6461376595173
2025-05-15,-0.0007481146123111682,174.51548233195052
2025-05-16,-0.012478952709565339,172.33771188084313
2025-05-19,0.005604751054883339,173.30362185330347
2025-05-20,0.010432395680813222,175.11159380939515
2025-05-21,-0.0018072280483201197,174.79512722547676
2025-05-22,0.005882021157641137,175.82327586206958
2025-05-23,-0.001059514909316217,175.6369884798889
2025-05-26,-0.002522433705707594,175.19395582017827
2025-05-27,-0.0009134594934221418,175.03392323804414
2025-05-28,-0.002970333018446625,174.51401419650193
2025-05-29,-0.00420500931532386,173.78018114115108
2025-05-30,0.0030803406751602758,174.31548330165688
2025-06-02,0.012076467111496791,176.42059850277403
2025-06-03,0.007282073303243042,177.70530623327323
2025-06-04,0.017614886038074706,180.8355649509335
2025-06-05,0.0022455977500543955,181.24164888871715
2025-06-06,-0.0068427346502478725,180.00146037779825
2025-06-10,0.004355934171822895,180.78553489003593
2025-06-11,0.0006745684213291803,180.90748710290586
2025-06-12,-0.00654230435376868,179.72393526240316
2025-06-13,-0.006276590837616003,178.59588165703485
2025-06-16,-0.012972049328439206,176.2791270703237
2025-06-17,-0.005500624478483873,175.30948178891492
2025-06-18,-0.01180080996248889,173.24068790970153
2025-06-19,-0.013369272555240785,170.92458593537933
2025-06-20,0.018772970835212233,174.1333482021649
2025-06-23,-0.01130872069526323,172.1641228036156
2025-06-24,0.02646900998876167,176.72113668981092
2025-06-25,0.009957589062735028,178.48085314766746
2025-06-26,0.0037659286264639658,179.15299930181197
2025-06-30,-0.009654833666639218,177.42330689267345
2025-07-01,0.0062637316829299294,178.5346388813473
2025-07-02,0.00577040414533192,179.56485590163356
2025-07-03,0.003942239076142329,180.27274349327084
2025-07-04,0.0031287575751812735,180.8367732050741
2025-07-07,0.008573721472902696,182.38721733059288
2025-07-08,0.0018595316540774842,182.72637213451824
2025-07-09,-0.0008643841180372425,182.5684263604986
2025-07-10,0.0007483380522541605,182.7050492610843
2025-07-11,0.0083557559571803,184.23168806485452
2025-07-14,-0.0041302754651439955,183.47076044373821
2025-07-15,-0.0050718176192989795,182.54023020829345
2025-07-16,-0.00033109369550499146,182.47979228889545
2025-07-17,0.0055519685436418165,183.49291435553369
2025-07-18,0.013016334877494762,185.8813195764328
2025-07-21,0.0003764341280549921,185.95129164888925
2025-07-22,0.00086122573475933,186.11143768666903
2025-07-23,-0.005590063176525661,185.0710629921265
2025-07-24,0.00948683545622453,186.8268017144414
2025-07-25,0.007187052274224115,188.16953570458918
2025-07-28,-0.004707408610012065,187.28374481207143
2025-07-29,0.006871729678483263,188.57070807959403
2025-07-31,0.009703948989799871,190.40058861176888
2025-08-01,-0.0032715927845979875,189.7776754198834
2025-08-04,-0.0011927207464367262,189.5513236491996
2025-08-05,0.0014566213004647555,189.82742814475827
2025-08-06,0.005578234477769062,190.8863300492616
2025-08-07,0.004777565762014602,191.7983020441416
2025-08-08,0.0020095699338935624,192.18373414530132
2025-08-11,0.0012452497395474271,192.423050890191
2025-08-12,0.002027743715154129,192.81323552228437
2025-08-13,-0.001259314671559042,192.5704229859204
2025-08-15,-0.0006821366041407373,192.43906365152682
2025-08-18,-0.005038698244996254,191.46942127923717
2025-08-19,-0.006357422704616811,190.2521692331567
2025-08-22,0.018486806692505464,193.76932430859992
2025-08-25,0.0007547691859077776,193.91557542376222
2025-08-26,0.0034009956659357687,194.5750814553359
2025-08-27,0.008379495515373314,196.2055224777943
2025-08-28,-0.004708760620006025,195.28163764012314
2025-08-29,-0.004138393815430796,194.47348531864606
2025-09-01,0.0008454698742530464,194.63790679182395
2025-09-02,0.002326104690105746,195.09065493968478
2025-09-03,0.0013720635545282356,195.35833171715657
2025-09-04,-0.002878344005340261,194.79602323416523
2025-09-08,-0.002373987232897945,194.33357996198802
2025-09-09,-0.02590523875352313,189.29932217524586
2025-09-10,0.016444317014428167,192.41222023971196
2025-09-11,0.0015832273384916995,192.71685252705535
2025-09-12,-0.002251580046661261,192.28293510725007
2025-09-15,-0.01105525046178113,190.15719910011302
2025-09-16,0.001863657663314866,190.51158702145042
2025-09-17,-0.0030464285140386904,189.9312070904935
2025-09-18,0.010855199818641914,191.9929482952567
2025-09-19,0.0073258400965765524,193.399457934138
2025-09-22,0.0006269615518919025,193.52071195841947
2025-09-23,-0.009344388352864996,191.71237927155707
2025-09-24,-0.007719709768071903,190.23241534463412
2025-09-25,-0.009556933158080594,188.41437686668522
2025-09-26,-0.004480952235816349,187.5701010434045
2025-09-29,-0.018754117353102062,184.05238935650328
2025-09-30,0.0023497358455080164,184.48486385322565
2025-10-01,-0.03435603068163007,178.1466962103879
2025-10-02,0.004838747631285667,179.00870311469725
2025-10-03,0.01950633673659352,182.50050715643346
2025-10-06,0.01403114995331367,185.06119913890115
2025-10-07,-0.005276858886016256,184.08465730576822
2025-10-08,-0.006354418649135329,182.91490632636476
2025-10-09,-0.013965199698065756,180.36046313176408
2025-10-10,-0.0026948101013767323,179.8744259338276
2025-10-13,0.006297884947609411,181.00725437337616
2025-10-14,-0.019799673014187058,177.42336992358753
2025-10-15,-0.0053182700382119474,176.47978453124432
2025-10-16,0.013130179893224847,178.79699584965712
2025-10-17,0.0010627954325455047,178.987020480199
2025-10-20,0.025465637059989277,183.54503898219662
2025-10-21,0.021742846826112938,187.53583065047943
2025-10-22,0.005863601566642673,188.63546604088322
2025-10-23,-0.0035119800838578907,187.9729820410384
2025-10-24,0.0030329862389515405,188.54310150886354
2025-10-27,-0.0035481288307632752,187.8741262945584
2025-10-28,0.0018506445079182754,188.22181451456538
2025-10-29,0.004714854258174528,189.10925293821072
2025-10-30,0.002316479792897619,189.54732070129202
2025-10-31,0.0045858832524861,190.4165625848497
2025-11-03,0.0037426137106917334,191.12921822272253
2025-11-04,-0.00751739871053847,189.6924236841088
2025-11-05,-0.007956024998975741,188.18322601916176
2025-11-07,-0.007101377409815313,186.8468659090031
2025-11-10,-0.010605418213270879,184.86527675419916
2025-11-11,-0.023038240757990547,180.60630600054338
2025-11-12,0.002368551293209009,181.03408130018266
2025-11-13,0.004578375357262798,181.86292327683213
2025-11-14,-0.005806894040795929,180.80686455141418
2025-11-17,-0.008013299876086566,179.35800492610872
2025-11-19,-0.015331799708424021,176.6081239184791
2025-11-20,-0.003999085247011758,175.90185297561428
2025-11-21,0.00539700616554617,176.85119636065465
2025-11-24,0.0056417113439213296,177.84893976134862
2025-11-25,0.0016508071806329294,178.1425340681746
2025-11-26,0.0065659361622592005,179.31220657464934
2025-11-27,0.007529204143572832,180.66228478338437
2025-11-28,-0.002499185033452478,180.2107763051444
2025-12-01,-0.009075247077505066,178.5753189841462
2025-12-02,-0.0042135836161422136,177.82287694582723
2025-12-03,0.0025942407664016898,178.28419230239894
2025-12-04,0.0007539986004454491,178.41861833387648
2025-12-05,0.004192169925939959,179.16657949988354
2025-12-08,0.0019306677145767281,179.5124906304551
2025-12-09,-0.00303398718152581,178.9678520349585
2025-12-10,0.005394952640528583,179.9333751208642
2025-12-11,-0.002407699233221927,179.50014967155468
2025-12-12,0.005437977079752798,180.47626737128078
2025-12-15,-0.002099610286806164,180.09733754378368
2025-12-16,0.0011889050507722931,180.3114561780201
2025-12-17,0.009882183478638895,182.09332707127186
2025-12-18,0.0047117542714325555,182.9513060828993
2025-12-19,0.006236634234035421,184.09230646157738
2025-12-22,0.003001749903280837,184.64490552469317
2025-12-23,0.0009205705717985069,184.81488419095172
2025-12-24,0.0030394348272675398,185.37661698655913
2025-12-25,-0.001427324322174961,185.1120244323717
2025-12-26,-0.022698424151463836,180.91027318626956
2025-12-29,-0.003888204704548426,180.2068570109656
2025-12-30,0.013878289994555093,182.7078200315711
2025-12-31,0.012210623096778006,184.93879635881055
2026-01-02,0.0165967819039321,188.00818522755344
2026-01-05,0.012377216298761429,190.33520320205247
2026-01-06,0.007304556466862566,191.7255174414736
2026-01-07,-0.00527447577139295,190.71426584497078
2026-01-08,-0.00197767333978649,190.33709532589222
2026-01-09,0.00449961716900904,191.1935393879199
2026-01-12,0.007132408839142457,192.55720987823724
2026-01-13,-0.004838854199713416,191.62545361453286
2026-01-15,-0.004508272698174998,190.76155381372706
2026-01-16,-0.0055636195475674555,189.70022910400465
2026-01-19,-0.008101072093958384,188.16345387179268
2026-01-20,-0.00612107553187391,187.01169115830518
2026-01-21,-0.012798623552329191,184.6181989232856
2026-01-22,0.004970226053200522,185.53579310546905
2026-01-23,-0.006987265728712777,184.23940521685367
2026-01-26,-0.010752290203992043,182.25840966495116
2026-01-27,0.01031801661661591,184.13895496439213
2026-01-28,0.020564981230815294,187.9257691170968
2026-01-29,0.004613878466567023,188.79283577653922
2026-01-30,-0.018805491882136205,185.24249363593805
2026-02-02,-0.011841967558602784,183.04885803582658
2026-02-03,-0.0023677487342695924,182.61544433390276
2026-02-04,0.001044968171112215,182.8062716607852
2026-02-05,-0.019896780703301697,179.16901536236236
2026-02-06,0.008677480448963992,180.7237509902294
2026-02-13,-0.00027451314514148617,180.6741399449433
2026-03-24,-0.09777777777777763,163.00822403921552
2026-03-25,0.01979693954857642,166.2352879964407
2026-03-26,-0.007412020114651807,165.00314869804612
2026-03-27,-0.011419495965889204,163.11889590712977
2026-03-30,0.006564247259059464,164.18964867248894
2026-03-31,-0.008002542384504818,162.8757140498904
2026-04-01,0.025565009707563036,167.03963326070212
2026-04-02,-0.0015225833810730283,166.78530149111884
2026-04-03,0.001497295520328068,167.03502837589807
2026-04-06,0.009480805695395444,168.61865502425485
2026-04-07,-0.013134227158243639,166.40397930604877
2026-04-08,0.038070281226081804,172.73902559536913
2026-04-09,-0.0023127592797228536,172.33952181095316
2026-04-10,0.02734632352548738,177.05237413062326
2026-04-13,0.012832858525532842,179.32446219945126
2026-04-14,0.022899322072538197,183.4308708148412
2026-04-15,-0.004944715347940609,182.52385737263694
2026-04-16,-0.0010468471731742701,182.33278278850952
2026-04-17,0.020992858497994593,186.1604690971343
2026-04-20,-0.008771956690397764,184.52747752475008
2026-04-21,0.007169685721964747,185.85048154566945
2026-04-22,0.0007057785934945215,185.98165083713502
2026-04-23,0.00032444536045961314,186.04199172087976
2026-04-24,-0.0176215748865427,182.7636388317287
2026-04-27,0.00015126904376461248,182.79128531260974
2026-04-28,-0.006569602664399321,181.59041919759105
2026-04-29,-5.832370628777728e-05,181.57982817131708
2026-04-30,-0.002599563995434706,181.10779978770572
2026-05-04,0.005711357884560675,182.14217124797864
2026-05-05,-0.006458971548492398,180.96572014610732
2026-05-06,0.009901352774902117,182.75752558143813
2026-05-07,-0.0006842984304533672,182.63246489352923
2026-05-08,0.003649572497546716,183.29899531456383
2026-05-11,0.0012386451702144363,183.52603772981536
2026-05-12,0.000492617407349849,183.616445850703
2026-05-13,0.01624862872341115,186.5999613068434
2026-05-14,-0.005938336657574594,185.49186791631297
2026-05-15,-0.024301842748684077,180.98407371105108
2026-05-18,0.009367968821655692,182.67952687079244
